0	0	967940.25
0	1000000	142056.1
1000000	1000000	728637.1
0	2000000	35090.64
1000000	2000000	200442.47
2000000	2000000	681045.3
0	3000000	20608.213
1000000	3000000	43593.297
2000000	3000000	141453.44
3000000	3000000	660874.9
0	4000000	7094.014
1000000	4000000	12379.962
2000000	4000000	21877.342
3000000	4000000	146628.34
4000000	4000000	604519.44
0	5000000	5078.721
1000000	5000000	8421.004
2000000	5000000	13341.335
3000000	5000000	23381.277
4000000	5000000	142583.45
5000000	5000000	660643.3
0	6000000	6653.3203
1000000	6000000	8389.957
2000000	6000000	11548.443
3000000	6000000	21218.992
4000000	6000000	49491.664
5000000	6000000	119681.01
6000000	6000000	643308.06
0	7000000	4440.8096
1000000	7000000	6617.852
2000000	7000000	9072.365
3000000	7000000	12582.545
4000000	7000000	30341.113
5000000	7000000	42914.86
6000000	7000000	125109.484
7000000	7000000	657760.4
0	8000000	5688.183
1000000	8000000	7843.2964
2000000	8000000	10011.937
3000000	8000000	15675.075
4000000	8000000	19476.42
5000000	8000000	20590.377
6000000	8000000	39927.957
7000000	8000000	93923.266
8000000	8000000	644136.44
0	9000000	6936.3696
1000000	9000000	6407.186
2000000	9000000	7390.0176
3000000	9000000	14698.66
4000000	9000000	11686.766
5000000	9000000	11385.563
6000000	9000000	19364.365
7000000	9000000	24420.756
8000000	9000000	130727.11
9000000	9000000	706598.2
0	10000000	4565.9585
1000000	10000000	6580.9277
2000000	10000000	8177.5713
3000000	10000000	10567.612
4000000	10000000	12032.9
5000000	10000000	12506.497
6000000	10000000	16218.706
7000000	10000000	21870.592
8000000	10000000	42828.273
9000000	10000000	135959.81
10000000	10000000	610926.1
0	11000000	3983.1208
1000000	11000000	5992.9185
2000000	11000000	8130.9214
3000000	11000000	9589.976
4000000	11000000	11571.042
5000000	11000000	10859.025
6000000	11000000	13004.013
7000000	11000000	16260.994
8000000	11000000	26370.086
9000000	11000000	29469.783
10000000	11000000	138008.17
11000000	11000000	603353.0
0	12000000	2858.36
1000000	12000000	5307.028
2000000	12000000	7556.767
3000000	12000000	7414.3413
4000000	12000000	12140.611
5000000	12000000	11966.565
6000000	12000000	11853.695
7000000	12000000	16370.271
8000000	12000000	18725.807
9000000	12000000	16750.494
10000000	12000000	48438.934
11000000	12000000	139672.48
12000000	12000000	574794.6
0	13000000	2992.3054
1000000	13000000	4477.74
2000000	13000000	5832.063
3000000	13000000	7347.853
4000000	13000000	11471.356
5000000	13000000	11856.196
6000000	13000000	12354.182
7000000	13000000	14540.722
8000000	13000000	15151.977
9000000	13000000	14028.148
10000000	13000000	24563.016
11000000	13000000	39184.535
12000000	13000000	128916.59
13000000	13000000	564125.75
0	14000000	3013.432
1000000	14000000	3940.1577
2000000	14000000	5081.613
3000000	14000000	7475.837
4000000	14000000	10770.828
5000000	14000000	11266.107
6000000	14000000	11816.636
7000000	14000000	13054.839
8000000	14000000	12079.258
9000000	14000000	11638.628
10000000	14000000	16366.618
11000000	14000000	20688.07
12000000	14000000	36271.254
13000000	14000000	142113.12
14000000	14000000	600869.4
0	15000000	1795.6206
1000000	15000000	3414.8142
2000000	15000000	4722.0786
3000000	15000000	4457.0303
4000000	15000000	10801.709
5000000	15000000	11751.21
6000000	15000000	10225.212
7000000	15000000	13138.519
8000000	15000000	9750.837
9000000	15000000	6389.4966
10000000	15000000	11584.118
11000000	15000000	15732.982
12000000	15000000	27554.387
13000000	15000000	40826.75
14000000	15000000	108698.836
15000000	15000000	553804.5
0	16000000	2322.4028
1000000	16000000	3293.3135
2000000	16000000	4379.0396
3000000	16000000	5212.945
4000000	16000000	9975.007
5000000	16000000	10794.928
6000000	16000000	10113.663
7000000	16000000	11549.671
8000000	16000000	9712.397
9000000	16000000	7378.96
10000000	16000000	10422.215
11000000	16000000	13191.282
12000000	16000000	18356.104
13000000	16000000	23492.105
14000000	16000000	35026.742
15000000	16000000	146337.06
16000000	16000000	548899.06
0	17000000	3482.2837
1000000	17000000	5625.876
2000000	17000000	7478.609
3000000	17000000	8818.293
4000000	17000000	8893.588
5000000	17000000	7370.2607
6000000	17000000	9037.196
7000000	17000000	8911.549
8000000	17000000	12122.534
9000000	17000000	9885.607
10000000	17000000	12781.719
11000000	17000000	16865.87
12000000	17000000	17362.12
13000000	17000000	17242.994
14000000	17000000	21196.553
15000000	17000000	32020.945
16000000	17000000	129891.19
17000000	17000000	571247.06
0	18000000	4906.2656
1000000	18000000	5389.5
2000000	18000000	6391.0166
3000000	18000000	10037.103
4000000	18000000	7896.7954
5000000	18000000	6281.3687
6000000	18000000	8296.498
7000000	18000000	7698.2334
8000000	18000000	10818.546
9000000	18000000	11352.911
10000000	18000000	11483.21
11000000	18000000	12767.333
12000000	18000000	11257.588
13000000	18000000	12781.754
14000000	18000000	15214.709
15000000	18000000	15422.678
16000000	18000000	27864.635
17000000	18000000	121756.67
18000000	18000000	663058.06
0	19000000	3187.154
1000000	19000000	4515.9653
2000000	19000000	5842.342
3000000	19000000	7334.1313
4000000	19000000	7528.407
5000000	19000000	6406.196
6000000	19000000	7560.4434
7000000	19000000	7597.0933
8000000	19000000	9764.802
9000000	19000000	7991.167
10000000	19000000	9652.308
11000000	19000000	12092.469
12000000	19000000	11875.778
13000000	19000000	12094.546
14000000	19000000	13154.722
15000000	19000000	15658.339
16000000	19000000	20343.396
17000000	19000000	42633.438
18000000	19000000	92072.6
19000000	19000000	631134.2
0	20000000	2022.2384
1000000	20000000	3015.2092
2000000	20000000	4027.2349
3000000	20000000	4954.33
4000000	20000000	7975.3506
5000000	20000000	7954.741
6000000	20000000	7723.1987
7000000	20000000	8551.357
8000000	20000000	8263.141
9000000	20000000	5886.427
10000000	20000000	7871.5894
11000000	20000000	9850.807
12000000	20000000	11806.539
13000000	20000000	12599.396
14000000	20000000	13816.245
15000000	20000000	20336.303
16000000	20000000	21940.727
17000000	20000000	26301.59
18000000	20000000	31666.787
19000000	20000000	134751.95
20000000	20000000	519498.06
0	21000000	1301.004
1000000	21000000	2097.656
2000000	21000000	2622.6392
3000000	21000000	2767.564
4000000	21000000	7217.303
5000000	21000000	8323.892
6000000	21000000	6579.5474
7000000	21000000	8189.4497
8000000	21000000	5282.479
9000000	21000000	3688.3416
10000000	21000000	5510.09
11000000	21000000	5945.8306
12000000	21000000	8876.267
13000000	21000000	10613.032
14000000	21000000	11581.157
15000000	21000000	19102.92
16000000	21000000	18204.629
17000000	21000000	12294.118
18000000	21000000	12396.25
19000000	21000000	24097.936
20000000	21000000	124822.55
21000000	21000000	600839.25
0	22000000	1844.564
1000000	22000000	2041.5486
2000000	22000000	2367.327
3000000	22000000	3888.3538
4000000	22000000	6801.51
5000000	22000000	7877.507
6000000	22000000	7543.2134
7000000	22000000	7965.0913
8000000	22000000	6349.8887
9000000	22000000	5571.55
10000000	22000000	6222.0166
11000000	22000000	6305.009
12000000	22000000	7474.3193
13000000	22000000	9934.583
14000000	22000000	11600.194
15000000	22000000	13122.228
16000000	22000000	14986.541
17000000	22000000	11508.071
18000000	22000000	12903.276
19000000	22000000	19686.537
20000000	22000000	53072.21
21000000	22000000	114734.43
22000000	22000000	576528.94
0	23000000	1111.956
1000000	23000000	1638.2628
2000000	23000000	2053.0415
3000000	23000000	2247.1125
4000000	23000000	6332.1426
5000000	23000000	7525.683
6000000	23000000	6201.5767
7000000	23000000	7687.978
8000000	23000000	4846.6353
9000000	23000000	3537.2593
10000000	23000000	5000.4375
11000000	23000000	5179.3247
12000000	23000000	7100.255
13000000	23000000	8399.35
14000000	23000000	9247.335
15000000	23000000	13097.716
16000000	23000000	12852.823
17000000	23000000	7877.402
18000000	23000000	7362.3486
19000000	23000000	10495.286
20000000	23000000	22765.393
21000000	23000000	39200.625
22000000	23000000	112458.625
23000000	23000000	564006.5
0	24000000	1055.6003
1000000	24000000	1464.137
2000000	24000000	2030.8866
3000000	24000000	2102.7927
4000000	24000000	5912.7915
5000000	24000000	7351.955
6000000	24000000	5878.193
7000000	24000000	7612.215
8000000	24000000	4555.615
9000000	24000000	3070.7227
10000000	24000000	4663.276
11000000	24000000	4903.603
12000000	24000000	7116.222
13000000	24000000	7929.9956
14000000	24000000	8284.019
15000000	24000000	12345.65
16000000	24000000	11473.134
17000000	24000000	6804.3105
18000000	24000000	6294.64
19000000	24000000	8602.877
20000000	24000000	17447.193
21000000	24000000	28951.213
22000000	24000000	47755.652
23000000	24000000	156674.66
24000000	24000000	556200.44
0	25000000	867.6045
1000000	25000000	1473.903
2000000	25000000	1950.6256
3000000	25000000	1942.1267
4000000	25000000	6012.6606
5000000	25000000	7070.1084
6000000	25000000	5867.999
7000000	25000000	7409.8657
8000000	25000000	4450.185
9000000	25000000	3032.1206
10000000	25000000	4412.269
11000000	25000000	4611.8457
12000000	25000000	6586.0137
13000000	25000000	7468.1475
14000000	25000000	7911.0537
15000000	25000000	11399.388
16000000	25000000	10689.254
17000000	25000000	6162.126
18000000	25000000	5430.5254
19000000	25000000	7217.9277
20000000	25000000	14470.445
21000000	25000000	23779.086
22000000	25000000	32596.732
23000000	25000000	69606.07
24000000	25000000	141359.92
25000000	25000000	571337.94
0	26000000	1336.3462
1000000	26000000	1658.7291
2000000	26000000	2162.4004
3000000	26000000	3064.0222
4000000	26000000	6225.8633
5000000	26000000	7126.8374
6000000	26000000	6621.0815
7000000	26000000	7462.2275
8000000	26000000	5605.5176
9000000	26000000	4187.7544
10000000	26000000	5201.296
11000000	26000000	5357.1123
12000000	26000000	6182.1216
13000000	26000000	7971.8213
14000000	26000000	8553.467
15000000	26000000	9623.356
16000000	26000000	10289.849
17000000	26000000	6996.9116
18000000	26000000	6694.8105
19000000	26000000	8644.789
20000000	26000000	14373.896
21000000	26000000	17741.72
22000000	26000000	32272.738
23000000	26000000	45059.617
24000000	26000000	54025.57
25000000	26000000	121196.13
26000000	26000000	556634.2
0	27000000	1449.1576
1000000	27000000	1866.5011
2000000	27000000	2366.1958
3000000	27000000	3170.421
4000000	27000000	6059.5386
5000000	27000000	6671.7964
6000000	27000000	6414.524
7000000	27000000	7031.6675
8000000	27000000	5839.3286
9000000	27000000	4123.3643
10000000	27000000	5095.623
11000000	27000000	5385.5283
12000000	27000000	6558.9146
13000000	27000000	7778.379
14000000	27000000	7931.521
15000000	27000000	9693.929
16000000	27000000	9422.757
17000000	27000000	7199.126
18000000	27000000	6588.07
19000000	27000000	8581.17
20000000	27000000	12709.281
21000000	27000000	14343.182
22000000	27000000	17972.453
23000000	27000000	21196.709
24000000	27000000	24805.473
25000000	27000000	39024.43
26000000	27000000	128221.984
27000000	27000000	479119.06
0	28000000	1280.219
1000000	28000000	1803.0686
2000000	28000000	2181.0103
3000000	28000000	3255.6877
4000000	28000000	5904.772
5000000	28000000	6301.0903
6000000	28000000	5814.872
7000000	28000000	6377.116
8000000	28000000	5395.137
9000000	28000000	3948.2498
10000000	28000000	4712.8457
11000000	28000000	4952.272
12000000	28000000	5578.728
13000000	28000000	7107.2676
14000000	28000000	7130.947
15000000	28000000	8653.854
16000000	28000000	8669.485
17000000	28000000	6476.724
18000000	28000000	6300.934
19000000	28000000	7374.145
20000000	28000000	10748.776
21000000	28000000	12188.753
22000000	28000000	13569.61
23000000	28000000	14866.379
24000000	28000000	17194.12
25000000	28000000	22147.865
26000000	28000000	34746.535
27000000	28000000	184114.12
28000000	28000000	545464.9
0	29000000	834.4324
1000000	29000000	1515.4591
2000000	29000000	1987.8489
3000000	29000000	1929.2153
4000000	29000000	5442.6445
5000000	29000000	6444.8535
6000000	29000000	5171.8735
7000000	29000000	6398.5713
8000000	29000000	3938.4631
9000000	29000000	2621.3882
10000000	29000000	3949.3555
11000000	29000000	4180.219
12000000	29000000	5740.6377
13000000	29000000	6410.262
14000000	29000000	6535.5996
15000000	29000000	10004.027
16000000	29000000	8834.957
17000000	29000000	4837.04
18000000	29000000	4153.22
19000000	29000000	5499.2397
20000000	29000000	9503.637
21000000	29000000	13651.848
22000000	29000000	11601.932
23000000	29000000	15830.155
24000000	29000000	19031.201
25000000	29000000	23985.488
26000000	29000000	28890.926
27000000	29000000	72933.86
28000000	29000000	128303.4
29000000	29000000	544683.6
0	30000000	1155.1609
1000000	30000000	1776.2944
2000000	30000000	2446.5386
3000000	30000000	2674.835
4000000	30000000	6317.42
5000000	30000000	6819.485
6000000	30000000	6217.3145
7000000	30000000	7336.303
8000000	30000000	5088.332
9000000	30000000	3448.9832
10000000	30000000	4747.0356
11000000	30000000	5183.8193
12000000	30000000	6609.064
13000000	30000000	7352.861
14000000	30000000	7658.913
15000000	30000000	10420.358
16000000	30000000	9652.952
17000000	30000000	6521.7944
18000000	30000000	5269.811
19000000	30000000	7001.5986
20000000	30000000	10610.489
21000000	30000000	11782.2295
22000000	30000000	11381.081
23000000	30000000	12853.285
24000000	30000000	13873.648
25000000	30000000	16193.849
26000000	30000000	19948.64
27000000	30000000	34583.176
28000000	30000000	41656.664
29000000	30000000	141605.58
30000000	30000000	577158.8
0	31000000	1307.8127
1000000	31000000	1858.9962
2000000	31000000	2303.85
3000000	31000000	3381.873
4000000	31000000	5961.8105
5000000	31000000	5887.6353
6000000	31000000	5790.412
7000000	31000000	6253.9604
8000000	31000000	5636.6367
9000000	31000000	4233.2505
10000000	31000000	4904.304
11000000	31000000	5487.743
12000000	31000000	6110.496
13000000	31000000	6748.4424
14000000	31000000	6913.479
15000000	31000000	8002.258
16000000	31000000	8852.667
17000000	31000000	7020.2417
18000000	31000000	6577.0996
19000000	31000000	7622.5674
20000000	31000000	9914.361
21000000	31000000	9698.493
22000000	31000000	10834.824
23000000	31000000	10617.699
24000000	31000000	11044.78
25000000	31000000	12336.233
26000000	31000000	15628.482
27000000	31000000	21089.582
28000000	31000000	25219.877
29000000	31000000	37467.047
30000000	31000000	90655.72
31000000	31000000	577378.94
0	32000000	2169.4673
1000000	32000000	2516.5022
2000000	32000000	3147.6624
3000000	32000000	4692.4565
4000000	32000000	5608.603
5000000	32000000	5364.127
6000000	32000000	6093.12
7000000	32000000	5851.522
8000000	32000000	6949.9097
9000000	32000000	5883.114
10000000	32000000	6179.796
11000000	32000000	6622.5
12000000	32000000	6327.39
13000000	32000000	6829.2173
14000000	32000000	6971.34
15000000	32000000	6587.8506
16000000	32000000	7104.332
17000000	32000000	8527.101
18000000	32000000	8661.228
19000000	32000000	9480.108
20000000	32000000	9220.796
21000000	32000000	7011.1943
22000000	32000000	9512.175
23000000	32000000	7538.328
24000000	32000000	7203.684
25000000	32000000	8075.482
26000000	32000000	12004.137
27000000	32000000	16023.528
28000000	32000000	17657.932
29000000	32000000	18870.344
30000000	32000000	37874.83
31000000	32000000	160378.95
32000000	32000000	543097.56
0	33000000	3707.0942
1000000	33000000	3483.8447
2000000	33000000	3869.039
3000000	33000000	6535.704
4000000	33000000	4406.3545
5000000	33000000	3683.2192
6000000	33000000	5128.517
7000000	33000000	4376.2046
8000000	33000000	6771.5576
9000000	33000000	7511.6396
10000000	33000000	6339.835
11000000	33000000	6276.381
12000000	33000000	4629.511
13000000	33000000	5180.96
14000000	33000000	5541.429
15000000	33000000	3737.8604
16000000	33000000	5016.8105
17000000	33000000	8186.418
18000000	33000000	10016.729
19000000	33000000	8501.134
20000000	33000000	6406.349
21000000	33000000	3713.1023
22000000	33000000	6221.12
23000000	33000000	4194.8525
24000000	33000000	4024.0405
25000000	33000000	4128.0117
26000000	33000000	6750.694
27000000	33000000	8389.272
28000000	33000000	9342.039
29000000	33000000	7068.7417
30000000	33000000	12050.3955
31000000	33000000	24664.184
32000000	33000000	121810.125
33000000	33000000	649670.25
0	34000000	2985.0132
1000000	34000000	3397.0137
2000000	34000000	3918.1519
3000000	34000000	5878.619
4000000	34000000	4378.4355
5000000	34000000	3754.699
6000000	34000000	4688.841
7000000	34000000	4394.891
8000000	34000000	6062.097
9000000	34000000	6321.5513
10000000	34000000	6077.665
11000000	34000000	6244.8726
12000000	34000000	5384.828
13000000	34000000	5161.179
14000000	34000000	5281.7783
15000000	34000000	4354.0107
16000000	34000000	5076.1484
17000000	34000000	8125.879
18000000	34000000	9047.532
19000000	34000000	8647.648
20000000	34000000	6609.8394
21000000	34000000	4238.4014
22000000	34000000	5495.5425
23000000	34000000	4131.035
24000000	34000000	3919.8872
25000000	34000000	4215.327
26000000	34000000	6148.4575
27000000	34000000	7563.547
28000000	34000000	7928.8223
29000000	34000000	6712.485
30000000	34000000	10671.423
31000000	34000000	16209.485
32000000	34000000	33231.074
33000000	34000000	150400.72
34000000	34000000	601468.8
0	35000000	2538.029
1000000	35000000	2767.1172
2000000	35000000	3344.9412
3000000	35000000	5208.8228
4000000	35000000	4787.6924
5000000	35000000	4243.4976
6000000	35000000	4846.5947
7000000	35000000	4653.4165
8000000	35000000	6023.0073
9000000	35000000	6012.5513
10000000	35000000	5815.9834
11000000	35000000	6378.6655
12000000	35000000	5778.001
13000000	35000000	6018.1157
14000000	35000000	6146.905
15000000	35000000	5342.9697
16000000	35000000	5796.4487
17000000	35000000	8056.1816
18000000	35000000	8545.237
19000000	35000000	9004.745
20000000	35000000	7568.942
21000000	35000000	5142.9263
22000000	35000000	7251.964
23000000	35000000	4882.3667
24000000	35000000	4582.958
25000000	35000000	4753.635
26000000	35000000	7734.5854
27000000	35000000	9000.606
28000000	35000000	9102.445
29000000	35000000	7555.488
30000000	35000000	11527.866
31000000	35000000	16538.445
32000000	35000000	26277.443
33000000	35000000	43514.957
34000000	35000000	165185.2
35000000	35000000	562452.1
0	36000000	1451.296
1000000	36000000	2364.7246
2000000	36000000	3067.3599
3000000	36000000	3820.5881
4000000	36000000	5660.2773
5000000	36000000	5463.9824
6000000	36000000	5546.251
7000000	36000000	6142.859
8000000	36000000	5851.703
9000000	36000000	4249.5483
10000000	36000000	5510.9497
11000000	36000000	6745.6084
12000000	36000000	7565.8047
13000000	36000000	7577.5312
14000000	36000000	7370.088
15000000	36000000	8729.924
16000000	36000000	8138.19
17000000	36000000	8437.033
18000000	36000000	6954.899
19000000	36000000	8993.038
20000000	36000000	10415.914
21000000	36000000	8247.15
22000000	36000000	8855.497
23000000	36000000	7771.1904
24000000	36000000	7615.7935
25000000	36000000	8049.731
26000000	36000000	10138.695
27000000	36000000	12479.419
28000000	36000000	12039.824
29000000	36000000	12949.824
30000000	36000000	17622.348
31000000	36000000	20484.9
32000000	36000000	23808.305
33000000	36000000	22805.854
34000000	36000000	44554.28
35000000	36000000	153723.23
36000000	36000000	518262.97
0	37000000	718.6746
1000000	37000000	1280.032
2000000	37000000	1692.9874
3000000	37000000	1622.7466
4000000	37000000	4622.835
5000000	37000000	5650.296
6000000	37000000	4491.285
7000000	37000000	5755.8535
8000000	37000000	3461.493
9000000	37000000	2217.915
10000000	37000000	3720.7634
11000000	37000000	3771.2896
12000000	37000000	5519.4346
13000000	37000000	6163.6113
14000000	37000000	6221.3423
15000000	37000000	9108.806
16000000	37000000	7955.7
17000000	37000000	4403.52
18000000	37000000	3558.8542
19000000	37000000	4634.4575
20000000	37000000	8001.824
21000000	37000000	11081.41
22000000	37000000	8404.448
23000000	37000000	10471.656
24000000	37000000	11581.8955
25000000	37000000	12584.527
26000000	37000000	10833.357
27000000	37000000	11831.168
28000000	37000000	12701.2295
29000000	37000000	18443.797
30000000	37000000	17532.277
31000000	37000000	15939.277
32000000	37000000	12083.043
33000000	37000000	7347.9937
34000000	37000000	10564.105
35000000	37000000	15924.334
36000000	37000000	70134.195
37000000	37000000	566490.06
0	38000000	596.3807
1000000	38000000	1167.4172
2000000	38000000	1478.8545
3000000	38000000	1419.1735
4000000	38000000	4113.2324
5000000	38000000	5246.0146
6000000	38000000	4034.8286
7000000	38000000	5082.006
8000000	38000000	3014.4526
9000000	38000000	1919.591
10000000	38000000	3340.3862
11000000	38000000	3446.868
12000000	38000000	5042.449
13000000	38000000	5713.5015
14000000	38000000	5603.039
15000000	38000000	8502.865
16000000	38000000	6951.5327
17000000	38000000	3815.6506
18000000	38000000	3222.789
19000000	38000000	4175.3105
20000000	38000000	7000.5054
21000000	38000000	10757.403
22000000	38000000	7434.8516
23000000	38000000	10016.821
24000000	38000000	11805.651
25000000	38000000	12660.587
26000000	38000000	9792.861
27000000	38000000	10461.804
28000000	38000000	11612.808
29000000	38000000	16743.537
30000000	38000000	14230.893
31000000	38000000	13117.648
32000000	38000000	9483.728
33000000	38000000	5577.1724
34000000	38000000	7594.537
35000000	38000000	10927.643
36000000	38000000	35001.47
37000000	38000000	153653.05
38000000	38000000	550943.4
0	39000000	562.2569
1000000	39000000	1118.4495
2000000	39000000	1480.9559
3000000	39000000	1394.8976
4000000	39000000	3976.654
5000000	39000000	4651.0425
6000000	39000000	3707.4521
7000000	39000000	4808.7114
8000000	39000000	2932.98
9000000	39000000	1821.6205
10000000	39000000	3001.208
11000000	39000000	3277.4434
12000000	39000000	5089.484
13000000	39000000	5710.961
14000000	39000000	5454.2563
15000000	39000000	8003.763
16000000	39000000	6503.1284
17000000	39000000	3578.715
18000000	39000000	3042.913
19000000	39000000	3946.4734
20000000	39000000	6738.4106
21000000	39000000	10202.223
22000000	39000000	7094.996
23000000	39000000	9316.514
24000000	39000000	10644.995
25000000	39000000	11376.831
26000000	39000000	8859.262
27000000	39000000	9469.464
28000000	39000000	10410.935
29000000	39000000	14465.88
30000000	39000000	11943.913
31000000	39000000	11059.647
32000000	39000000	7992.718
33000000	39000000	4763.399
34000000	39000000	6421.306
35000000	39000000	8803.965
36000000	39000000	22068.162
37000000	39000000	59138.953
38000000	39000000	120517.836
39000000	39000000	546610.1
0	40000000	758.46295
1000000	40000000	1228.7874
2000000	40000000	1682.8936
3000000	40000000	1689.6039
4000000	40000000	4280.955
5000000	40000000	4979.5713
6000000	40000000	4222.5166
7000000	40000000	5199.057
8000000	40000000	3504.1716
9000000	40000000	2277.785
10000000	40000000	3478.6104
11000000	40000000	3897.6338
12000000	40000000	5383.0537
13000000	40000000	6010.797
14000000	40000000	5949.2373
15000000	40000000	8096.8623
16000000	40000000	7013.2095
17000000	40000000	4528.549
18000000	40000000	3762.6548
19000000	40000000	4880.163
20000000	40000000	7437.491
21000000	40000000	9865.337
22000000	40000000	7391.2544
23000000	40000000	8678.053
24000000	40000000	9557.077
25000000	40000000	10186.215
26000000	40000000	8645.935
27000000	40000000	9396.122
28000000	40000000	9676.434
29000000	40000000	12741.031
30000000	40000000	11219.761
31000000	40000000	11115.803
32000000	40000000	8713.516
33000000	40000000	5416.722
34000000	40000000	6853.679
35000000	40000000	9594.493
36000000	40000000	21388.945
37000000	40000000	42213.754
38000000	40000000	59907.254
39000000	40000000	146267.4
40000000	40000000	506944.2
0	41000000	731.6588
1000000	41000000	1303.701
2000000	41000000	1736.3988
3000000	41000000	1558.5992
4000000	41000000	4248.0576
5000000	41000000	4949.095
6000000	41000000	4070.0679
7000000	41000000	5181.9663
8000000	41000000	3377.4634
9000000	41000000	2084.7815
10000000	41000000	3449.4353
11000000	41000000	3696.6182
12000000	41000000	5296.651
13000000	41000000	5864.028
14000000	41000000	5813.6875
15000000	41000000	8312.932
16000000	41000000	7136.2466
17000000	41000000	4391.434
18000000	41000000	3674.6843
19000000	41000000	4772.3677
20000000	41000000	7632.5938
21000000	41000000	9722.351
22000000	41000000	7340.918
23000000	41000000	8472.818
24000000	41000000	9591.465
25000000	41000000	10148.988
26000000	41000000	8510.201
27000000	41000000	8920.282
28000000	41000000	9190.184
29000000	41000000	11687.554
30000000	41000000	10826.0205
31000000	41000000	10070.697
32000000	41000000	7886.5557
33000000	41000000	4661.293
34000000	41000000	6094.02
35000000	41000000	8040.504
36000000	41000000	16953.273
37000000	41000000	28377.402
38000000	41000000	34580.68
39000000	41000000	54192.465
40000000	41000000	129951.63
41000000	41000000	517901.53
0	42000000	734.32477
1000000	42000000	1325.5608
2000000	42000000	1806.099
3000000	42000000	1610.412
4000000	42000000	4269.9253
5000000	42000000	4735.1494
6000000	42000000	4042.8264
7000000	42000000	4952.172
8000000	42000000	3244.0862
9000000	42000000	2158.1338
10000000	42000000	3295.1167
11000000	42000000	3625.6047
12000000	42000000	5393.1274
13000000	42000000	5918.147
14000000	42000000	5829.618
15000000	42000000	8676.761
16000000	42000000	6981.8076
17000000	42000000	4258.5024
18000000	42000000	3497.032
19000000	42000000	4627.117
20000000	42000000	7501.825
21000000	42000000	10063.537
22000000	42000000	7162.563
23000000	42000000	8656.439
24000000	42000000	9496.569
25000000	42000000	10035.704
26000000	42000000	8334.977
27000000	42000000	8978.564
28000000	42000000	9092.764
29000000	42000000	11758.928
30000000	42000000	10517.568
31000000	42000000	9103.454
32000000	42000000	7226.7065
33000000	42000000	4331.6357
34000000	42000000	5321.254
35000000	42000000	7020.58
36000000	42000000	14470.056
37000000	42000000	24604.615
38000000	42000000	28638.592
39000000	42000000	40870.484
40000000	42000000	61485.7
41000000	42000000	158413.73
42000000	42000000	528800.2
0	43000000	1802.8427
1000000	43000000	2393.7354
2000000	43000000	3009.8037
3000000	43000000	4665.47
4000000	43000000	5623.333
5000000	43000000	5304.066
6000000	43000000	5961.9404
7000000	43000000	5566.856
8000000	43000000	6701.891
9000000	43000000	4907.931
10000000	43000000	5947.4814
11000000	43000000	6619.3726
12000000	43000000	6870.852
13000000	43000000	7955.0083
14000000	43000000	7772.1445
15000000	43000000	7646.244
16000000	43000000	8043.782
17000000	43000000	9383.659
18000000	43000000	8582.772
19000000	43000000	9399.235
20000000	43000000	9943.128
21000000	43000000	7216.5015
22000000	43000000	7980.9175
23000000	43000000	6224.248
24000000	43000000	5960.373
25000000	43000000	6212.9556
26000000	43000000	8027.045
27000000	43000000	8975.471
28000000	43000000	8918.605
29000000	43000000	7326.885
30000000	43000000	9428.099
31000000	43000000	11286.814
32000000	43000000	12330.495
33000000	43000000	10401.659
34000000	43000000	10755.916
35000000	43000000	13703.473
36000000	43000000	19170.885
37000000	43000000	14506.375
38000000	43000000	14090.485
39000000	43000000	18598.072
40000000	43000000	30015.744
41000000	43000000	51008.918
42000000	43000000	118066.92
43000000	43000000	518825.6
0	44000000	2649.9683
1000000	44000000	4961.8574
2000000	44000000	6709.485
3000000	44000000	6414.715
4000000	44000000	5130.6733
5000000	44000000	4326.691
6000000	44000000	4969.8853
7000000	44000000	4990.8325
8000000	44000000	6962.614
9000000	44000000	5358.798
10000000	44000000	6767.478
11000000	44000000	8316.401
12000000	44000000	7978.778
13000000	44000000	6729.604
14000000	44000000	6206.3496
15000000	44000000	6352.1973
16000000	44000000	6452.471
17000000	44000000	11574.682
18000000	44000000	9722.431
19000000	44000000	10482.343
20000000	44000000	8300.554
21000000	44000000	4554.7915
22000000	44000000	5061.3438
23000000	44000000	3708.9998
24000000	44000000	3610.8171
25000000	44000000	3642.7175
26000000	44000000	4914.45
27000000	44000000	5661.0405
28000000	44000000	5259.3965
29000000	44000000	4359.6606
30000000	44000000	6584.8594
31000000	44000000	7156.7007
32000000	44000000	9479.549
33000000	44000000	10079.589
34000000	44000000	11610.613
35000000	44000000	12736.985
36000000	44000000	14153.613
37000000	44000000	7503.7153
38000000	44000000	6901.367
39000000	44000000	8187.643
40000000	44000000	11457.748
41000000	44000000	14071.679
42000000	44000000	17812.867
43000000	44000000	86418.766
44000000	44000000	574208.4
0	45000000	3466.5178
1000000	45000000	7021.7764
2000000	45000000	8924.632
3000000	45000000	7143.0767
4000000	45000000	5163.77
5000000	45000000	4309.424
6000000	45000000	4925.908
7000000	45000000	4976.5864
8000000	45000000	6707.578
9000000	45000000	5268.974
10000000	45000000	7073.267
11000000	45000000	8455.314
12000000	45000000	8480.531
13000000	45000000	6383.4478
14000000	45000000	5689.589
15000000	45000000	5915.137
16000000	45000000	5854.265
17000000	45000000	11527.56
18000000	45000000	9769.857
19000000	45000000	10028.312
20000000	45000000	7523.569
21000000	45000000	4150.493
22000000	45000000	4042.7356
23000000	45000000	3297.2424
24000000	45000000	3103.8677
25000000	45000000	3197.3228
26000000	45000000	3889.1885
27000000	45000000	4607.045
28000000	45000000	4393.184
29000000	45000000	3868.8467
30000000	45000000	5403.2876
31000000	45000000	6059.248
32000000	45000000	7946.0513
33000000	45000000	9222.615
34000000	45000000	11233.728
35000000	45000000	10984.737
36000000	45000000	11516.806
37000000	45000000	6054.536
38000000	45000000	5598.698
39000000	45000000	6585.866
40000000	45000000	8476.621
41000000	45000000	9867.022
42000000	45000000	12078.313
43000000	45000000	29961.988
44000000	45000000	160672.61
45000000	45000000	566661.06
0	46000000	6318.0796
1000000	46000000	5013.667
2000000	46000000	4948.806
3000000	46000000	8447.731
4000000	46000000	3750.8806
5000000	46000000	2731.5083
6000000	46000000	4460.9155
7000000	46000000	3359.981
8000000	46000000	6382.2773
9000000	46000000	8188.3843
10000000	46000000	5964.0986
11000000	46000000	5536.494
12000000	46000000	3673.1067
13000000	46000000	4039.5935
14000000	46000000	4434.214
15000000	46000000	2489.3235
16000000	46000000	3674.9656
17000000	46000000	7419.7207
18000000	46000000	10563.245
19000000	46000000	6846.3813
20000000	46000000	4414.2734
21000000	46000000	2145.8203
22000000	46000000	3300.8677
23000000	46000000	1904.1454
24000000	46000000	1816.4467
25000000	46000000	1730.6204
26000000	46000000	2909.569
27000000	46000000	3136.68
28000000	46000000	3286.9517
29000000	46000000	2121.698
30000000	46000000	2789.6902
31000000	46000000	4372.317
32000000	46000000	7002.101
33000000	46000000	11455.493
34000000	46000000	10078.381
35000000	46000000	8837.557
36000000	46000000	5972.289
37000000	46000000	2786.7595
38000000	46000000	2731.9058
39000000	46000000	2835.7712
40000000	46000000	4002.8083
41000000	46000000	4384.2383
42000000	46000000	5015.429
43000000	46000000	16186.44
44000000	46000000	29524.494
45000000	46000000	94083.27
46000000	46000000	673308.0
0	47000000	5676.3438
1000000	47000000	3514.3918
2000000	47000000	3569.5479
3000000	47000000	7692.6133
4000000	47000000	3776.5483
5000000	47000000	2816.7585
6000000	47000000	4806.053
7000000	47000000	3442.5918
8000000	47000000	5712.6694
9000000	47000000	7523.3467
10000000	47000000	4829.1377
11000000	47000000	4702.39
12000000	47000000	3344.5066
13000000	47000000	4235.0874
14000000	47000000	5253.6167
15000000	47000000	2775.4587
16000000	47000000	3912.2288
17000000	47000000	6277.352
18000000	47000000	8957.301
19000000	47000000	6066.2295
20000000	47000000	4528.4653
21000000	47000000	2427.1367
22000000	47000000	4025.963
23000000	47000000	2228.689
24000000	47000000	1964.3231
25000000	47000000	1982.8584
26000000	47000000	3410.9548
27000000	47000000	3718.8374
28000000	47000000	4109.103
29000000	47000000	2315.99
30000000	47000000	3477.9482
31000000	47000000	5038.9326
32000000	47000000	7030.6313
33000000	47000000	9852.007
34000000	47000000	8471.741
35000000	47000000	8111.312
36000000	47000000	6151.715
37000000	47000000	3319.041
38000000	47000000	3045.9973
39000000	47000000	3383.4502
40000000	47000000	4559.553
41000000	47000000	4961.546
42000000	47000000	5259.877
43000000	47000000	15180.371
44000000	47000000	17517.254
45000000	47000000	24352.078
46000000	47000000	171596.8
47000000	47000000	652994.8
0	48000000	1376.3828
1000000	48000000	1985.2313
2000000	48000000	2334.7363
3000000	48000000	2786.9744
4000000	48000000	4137.403
5000000	48000000	4204.9106
6000000	48000000	4079.6216
7000000	48000000	4631.0264
8000000	48000000	3670.6245
9000000	48000000	2818.4814
10000000	48000000	3710.4336
11000000	48000000	4032.8186
12000000	48000000	5258.496
13000000	48000000	6033.6914
14000000	48000000	5929.094
15000000	48000000	6849.8105
16000000	48000000	5765.9883
17000000	48000000	4804.932
18000000	48000000	4483.086
19000000	48000000	5140.3413
20000000	48000000	6548.206
21000000	48000000	6846.3877
22000000	48000000	5810.508
23000000	48000000	5524.08
24000000	48000000	5649.2583
25000000	48000000	6001.659
26000000	48000000	6131.1016
27000000	48000000	7029.6797
28000000	48000000	6928.1157
29000000	48000000	7093.157
30000000	48000000	7154.7993
31000000	48000000	6968.579
32000000	48000000	6413.44
33000000	48000000	4641.845
34000000	48000000	5009.193
35000000	48000000	6523.6523
36000000	48000000	9059.651
37000000	48000000	10138.4375
38000000	48000000	10582.661
39000000	48000000	12495.747
40000000	48000000	12341.4795
41000000	48000000	14072.607
42000000	48000000	16428.576
43000000	48000000	17195.469
44000000	48000000	15230.39
45000000	48000000	17249.281
46000000	48000000	17897.81
47000000	48000000	123193.266
48000000	48000000	555438.1
0	49000000	641.80566
1000000	49000000	1300.1376
2000000	49000000	1833.7036
3000000	49000000	1452.8275
4000000	49000000	3692.0374
5000000	49000000	4329.546
6000000	49000000	3178.4583
7000000	49000000	4234.681
8000000	49000000	2418.413
9000000	49000000	1459.8862
10000000	49000000	2483.1353
11000000	49000000	2667.9053
12000000	49000000	4483.974
13000000	49000000	5100.014
14000000	49000000	5076.9316
15000000	49000000	7371.9507
16000000	49000000	5633.459
17000000	49000000	3051.9634
18000000	49000000	2470.5117
19000000	49000000	3440.0928
20000000	49000000	6009.324
21000000	49000000	8677.656
22000000	49000000	5354.292
23000000	49000000	7172.098
24000000	49000000	8300.077
25000000	49000000	8354.513
26000000	49000000	6500.112
27000000	49000000	6786.1406
28000000	49000000	7359.191
29000000	49000000	9700.654
30000000	49000000	7631.8643
31000000	49000000	6720.215
32000000	49000000	4657.0317
33000000	49000000	2435.851
34000000	49000000	3118.3206
35000000	49000000	3944.3418
36000000	49000000	7720.05
37000000	49000000	13999.657
38000000	49000000	16183.774
39000000	49000000	18946.451
40000000	49000000	16449.875
41000000	49000000	18211.678
42000000	49000000	21320.184
43000000	49000000	12981.433
44000000	49000000	9585.087
45000000	49000000	10506.406
46000000	49000000	6517.9478
47000000	49000000	15896.838
48000000	49000000	133033.9
49000000	49000000	582745.44
0	50000000	477.9329
1000000	50000000	1366.9823
2000000	50000000	1373.9838
3000000	50000000	1100.2777
4000000	50000000	2234.0503
5000000	50000000	2519.6653
6000000	50000000	1869.8037
7000000	50000000	2337.0513
8000000	50000000	1531.4222
9000000	50000000	1003.9601
10000000	50000000	1468.9758
11000000	50000000	1812.7415
12000000	50000000	3223.616
13000000	50000000	3452.7039
14000000	50000000	2942.7144
15000000	50000000	4561.236
16000000	50000000	3160.5415
17000000	50000000	1916.6709
18000000	50000000	1669.7192
19000000	50000000	2177.02
20000000	50000000	3536.532
21000000	50000000	5492.7734
22000000	50000000	2927.4104
23000000	50000000	4376.6865
24000000	50000000	5331.858
25000000	50000000	5674.1597
26000000	50000000	3978.2146
27000000	50000000	4387.724
28000000	50000000	4929.031
29000000	50000000	6623.71
30000000	50000000	4503.344
31000000	50000000	3896.0256
32000000	50000000	2851.9058
33000000	50000000	1782.6855
34000000	50000000	2443.187
35000000	50000000	3050.8855
36000000	50000000	5061.977
37000000	50000000	10112.291
38000000	50000000	12020.013
39000000	50000000	15646.349
40000000	50000000	11779.394
41000000	50000000	12979.529
42000000	50000000	15409.256
43000000	50000000	8317.605
44000000	50000000	6328.454
45000000	50000000	6979.0586
46000000	50000000	3826.2595
47000000	50000000	7683.5654
48000000	50000000	66382.195
49000000	50000000	147908.16
50000000	50000000	754746.75
0	51000000	341.0207
1000000	51000000	833.6569
2000000	51000000	862.635
3000000	51000000	738.4209
4000000	51000000	1286.1008
5000000	51000000	1425.1166
6000000	51000000	855.8699
7000000	51000000	1251.1952
8000000	51000000	883.1133
9000000	51000000	538.81616
10000000	51000000	948.91254
11000000	51000000	1033.9358
12000000	51000000	1616.237
13000000	51000000	1920.6237
14000000	51000000	1677.7402
15000000	51000000	2419.869
16000000	51000000	1629.8982
17000000	51000000	1191.7898
18000000	51000000	903.91724
19000000	51000000	1314.5814
20000000	51000000	1934.2036
21000000	51000000	3108.2764
22000000	51000000	1602.8254
23000000	51000000	2469.1543
24000000	51000000	2872.2227
25000000	51000000	3126.4211
26000000	51000000	2246.9233
27000000	51000000	2334.627
28000000	51000000	2630.4988
29000000	51000000	3472.052
30000000	51000000	2391.152
31000000	51000000	2093.3909
32000000	51000000	1632.8484
33000000	51000000	1025.4312
34000000	51000000	1313.7356
35000000	51000000	1758.3145
36000000	51000000	2640.1858
37000000	51000000	5315.4062
38000000	51000000	6656.187
39000000	51000000	8392.553
40000000	51000000	5918.91
41000000	51000000	6073.189
42000000	51000000	7398.4736
43000000	51000000	3946.0923
44000000	51000000	2856.244
45000000	51000000	3219.4224
46000000	51000000	1468.6812
47000000	51000000	2570.0676
48000000	51000000	16016.907
49000000	51000000	24949.91
50000000	51000000	53226.176
51000000	51000000	796150.4
0	54000000	269.25162
1000000	54000000	537.1722
2000000	54000000	592.13586
3000000	54000000	485.74408
4000000	54000000	917.1681
5000000	54000000	1029.5044
6000000	54000000	644.65265
7000000	54000000	782.5114
8000000	54000000	604.29095
9000000	54000000	331.9108
10000000	54000000	624.254
11000000	54000000	843.2545
12000000	54000000	1222.3923
13000000	54000000	1235.2902
14000000	54000000	1089.809
15000000	54000000	1378.9089
16000000	54000000	1184.6182
17000000	54000000	634.8481
18000000	54000000	654.6904
19000000	54000000	811.27966
20000000	54000000	1356.933
21000000	54000000	2266.0193
22000000	54000000	1141.8992
23000000	54000000	1544.0168
24000000	54000000	2125.0066
25000000	54000000	2273.0793
26000000	54000000	1683.7812
27000000	54000000	1553.3519
28000000	54000000	1719.672
29000000	54000000	2388.5198
30000000	54000000	1895.0518
31000000	54000000	1439.179
32000000	54000000	1054.5742
33000000	54000000	622.0219
34000000	54000000	801.2751
35000000	54000000	978.3489
36000000	54000000	1885.8557
37000000	54000000	3642.9768
38000000	54000000	4399.1855
39000000	54000000	5827.1475
40000000	54000000	4336.7046
41000000	54000000	4487.293
42000000	54000000	4643.9453
43000000	54000000	2654.3772
44000000	54000000	1892.5485
45000000	54000000	1967.0033
46000000	54000000	1032.0795
47000000	54000000	1443.2404
48000000	54000000	11460.124
49000000	54000000	17187.14
50000000	54000000	38139.2
51000000	54000000	158241.94
54000000	54000000	891195.75
0	55000000	531.7926
1000000	55000000	1032.0947
2000000	55000000	1067.7338
3000000	55000000	1038.9597
4000000	55000000	2123.441
5000000	55000000	2581.1877
6000000	55000000	1861.066
7000000	55000000	2300.3687
8000000	55000000	1381.9023
9000000	55000000	900.0236
10000000	55000000	1470.0553
11000000	55000000	1588.4077
12000000	55000000	2558.1296
13000000	55000000	3014.1992
14000000	55000000	2783.325
15000000	55000000	4175.737
16000000	55000000	3068.8271
17000000	55000000	1726.2133
18000000	55000000	1376.0757
19000000	55000000	1930.665
20000000	55000000	3184.8035
21000000	55000000	5122.444
22000000	55000000	3069.5662
23000000	55000000	4159.733
24000000	55000000	4860.623
25000000	55000000	5203.419
26000000	55000000	3741.1284
27000000	55000000	3958.2175
28000000	55000000	4449.1357
29000000	55000000	5714.5166
30000000	55000000	4504.557
31000000	55000000	3826.6602
32000000	55000000	2864.7034
33000000	55000000	1613.1382
34000000	55000000	1928.7743
35000000	55000000	2571.2053
36000000	55000000	4444.504
37000000	55000000	8590.804
38000000	55000000	9910.363
39000000	55000000	11529.889
40000000	55000000	8502.856
41000000	55000000	9502.915
42000000	55000000	10664.217
43000000	55000000	6143.25
44000000	55000000	4140.6567
45000000	55000000	4014.1636
46000000	55000000	2006.4265
47000000	55000000	3335.157
48000000	55000000	18171.717
49000000	55000000	29307.396
50000000	55000000	37830.055
51000000	55000000	121747.78
54000000	55000000	135865.4
55000000	55000000	549516.4
0	56000000	647.2703
1000000	56000000	1394.5255
2000000	56000000	1760.9879
3000000	56000000	1417.927
4000000	56000000	3177.6904
5000000	56000000	3679.7605
6000000	56000000	3026.8315
7000000	56000000	3513.4026
8000000	56000000	2227.034
9000000	56000000	1416.537
10000000	56000000	2245.3203
11000000	56000000	2556.5972
12000000	56000000	3742.1624
13000000	56000000	3910.2078
14000000	56000000	3832.448
15000000	56000000	5447.74
16000000	56000000	4188.812
17000000	56000000	2845.2998
18000000	56000000	2358.7588
19000000	56000000	2932.893
20000000	56000000	4590.2593
21000000	56000000	5735.941
22000000	56000000	4161.425
23000000	56000000	5042.923
24000000	56000000	5102.695
25000000	56000000	5577.5215
26000000	56000000	4808.5835
27000000	56000000	5086.2715
28000000	56000000	5176.5225
29000000	56000000	6529.6953
30000000	56000000	6146.689
31000000	56000000	5232.5146
32000000	56000000	3935.4065
33000000	56000000	2253.7131
34000000	56000000	2791.2947
35000000	56000000	3539.988
36000000	56000000	6581.1753
37000000	56000000	8981.356
38000000	56000000	8887.955
39000000	56000000	8950.07
40000000	56000000	8576.831
41000000	56000000	9308.904
42000000	56000000	10576.396
43000000	56000000	8043.666
44000000	56000000	6505.951
45000000	56000000	6415.9893
46000000	56000000	3073.3362
47000000	56000000	4913.445
48000000	56000000	16319.374
49000000	56000000	20613.104
50000000	56000000	16548.82
51000000	56000000	37022.516
54000000	56000000	28516.248
55000000	56000000	139731.9
56000000	56000000	557009.1
0	57000000	2410.8425
1000000	57000000	2402.2769
2000000	57000000	2603.9297
3000000	57000000	3425.717
4000000	57000000	3500.3328
5000000	57000000	3242.6155
6000000	57000000	4109.7466
7000000	57000000	3353.2986
8000000	57000000	3407.2783
9000000	57000000	3187.3608
10000000	57000000	3202.9626
11000000	57000000	3091.2942
12000000	57000000	3132.7522
13000000	57000000	3799.776
14000000	57000000	4112.029
15000000	57000000	3360.86
16000000	57000000	3594.8362
17000000	57000000	3827.7205
18000000	57000000	4346.6343
19000000	57000000	4210.045
20000000	57000000	4006.1912
21000000	57000000	3263.5466
22000000	57000000	3893.4922
23000000	57000000	3038.7424
24000000	57000000	2684.1816
25000000	57000000	2848.9072
26000000	57000000	3642.3408
27000000	57000000	4080.7144
28000000	57000000	3869.204
29000000	57000000	3079.3894
30000000	57000000	4326.1694
31000000	57000000	4494.9937
32000000	57000000	5047.822
33000000	57000000	4649.9473
34000000	57000000	4573.6367
35000000	57000000	5105.2173
36000000	57000000	5668.393
37000000	57000000	4264.147
38000000	57000000	3888.0632
39000000	57000000	4071.2144
40000000	57000000	4568.54
41000000	57000000	4885.7363
42000000	57000000	4949.1284
43000000	57000000	8232.829
44000000	57000000	7638.712
45000000	57000000	7795.5913
46000000	57000000	8130.7476
47000000	57000000	11530.039
48000000	57000000	10345.796
49000000	57000000	7456.5903
50000000	57000000	5596.275
51000000	57000000	9920.308
54000000	57000000	7732.691
55000000	57000000	24829.062
56000000	57000000	94709.87
57000000	57000000	586589.3
0	58000000	1724.6808
1000000	58000000	2020.3208
2000000	58000000	2194.1248
3000000	58000000	2868.0283
4000000	58000000	3063.115
5000000	58000000	3166.6292
6000000	58000000	3165.14
7000000	58000000	3046.7207
8000000	58000000	2751.054
9000000	58000000	2794.5986
10000000	58000000	2852.549
11000000	58000000	2553.6514
12000000	58000000	2561.679
13000000	58000000	3236.3245
14000000	58000000	3561.9902
15000000	58000000	2843.3052
16000000	58000000	3068.1033
17000000	58000000	2869.5012
18000000	58000000	3293.871
19000000	58000000	3127.762
20000000	58000000	3082.1365
21000000	58000000	2885.5686
22000000	58000000	3558.307
23000000	58000000	2774.6094
24000000	58000000	2774.1384
25000000	58000000	2894.8523
26000000	58000000	3565.1746
27000000	58000000	3422.4229
28000000	58000000	3474.1719
29000000	58000000	3102.137
30000000	58000000	3841.4048
31000000	58000000	3720.11
32000000	58000000	4265.9
33000000	58000000	3848.2517
34000000	58000000	3780.4358
35000000	58000000	4406.741
36000000	58000000	4590.8066
37000000	58000000	4278.077
38000000	58000000	3892.7505
39000000	58000000	3942.5208
40000000	58000000	4454.479
41000000	58000000	4458.354
42000000	58000000	4734.099
43000000	58000000	6255.678
44000000	58000000	5554.9824
45000000	58000000	5754.0347
46000000	58000000	5385.0566
47000000	58000000	7154.3853
48000000	58000000	7973.8394
49000000	58000000	6674.0635
50000000	58000000	5011.1074
51000000	58000000	7617.845
54000000	58000000	5958.879
55000000	58000000	16326.753
56000000	58000000	34071.824
57000000	58000000	157625.0
58000000	58000000	595640.06
0	59000000	2272.085
1000000	59000000	2692.3547
2000000	59000000	2948.4712
3000000	59000000	3838.4402
4000000	59000000	3231.9893
5000000	59000000	3071.4585
6000000	59000000	3144.4275
7000000	59000000	3053.8403
8000000	59000000	3341.0515
9000000	59000000	3350.7007
10000000	59000000	3303.525
11000000	59000000	2909.7869
12000000	59000000	2710.386
13000000	59000000	3196.685
14000000	59000000	3377.9604
15000000	59000000	2549.0046
16000000	59000000	2782.047
17000000	59000000	3240.0828
18000000	59000000	3684.3064
19000000	59000000	3293.0603
20000000	59000000	2886.0369
21000000	59000000	2444.0361
22000000	59000000	2971.117
23000000	59000000	2452.2568
24000000	59000000	2208.404
25000000	59000000	2226.3684
26000000	59000000	2789.768
27000000	59000000	3061.1392
28000000	59000000	3004.9565
29000000	59000000	2467.7224
30000000	59000000	3105.4485
31000000	59000000	3386.3518
32000000	59000000	4260.9736
33000000	59000000	4430.5967
34000000	59000000	4352.642
35000000	59000000	4507.0083
36000000	59000000	4282.3228
37000000	59000000	3358.7158
38000000	59000000	3128.9482
39000000	59000000	3265.435
40000000	59000000	3490.3782
41000000	59000000	3789.5745
42000000	59000000	3892.483
43000000	59000000	6037.8335
44000000	59000000	5848.556
45000000	59000000	6383.6445
46000000	59000000	6726.207
47000000	59000000	7518.176
48000000	59000000	6506.232
49000000	59000000	5345.6436
50000000	59000000	4182.7026
51000000	59000000	5923.899
54000000	59000000	4574.247
55000000	59000000	10871.608
56000000	59000000	17749.568
57000000	59000000	38916.176
58000000	59000000	148006.42
59000000	59000000	612887.5
0	60000000	3993.8054
1000000	60000000	3657.063
2000000	60000000	3303.286
3000000	60000000	4469.7046
4000000	60000000	2495.251
5000000	60000000	2134.0632
6000000	60000000	2796.0503
7000000	60000000	2298.0786
8000000	60000000	3239.7876
9000000	60000000	3901.7163
10000000	60000000	2870.6543
11000000	60000000	2608.6758
12000000	60000000	1955.1167
13000000	60000000	2252.3484
14000000	60000000	2371.075
15000000	60000000	1417.8544
16000000	60000000	1851.4918
17000000	60000000	2927.6223
18000000	60000000	3863.7937
19000000	60000000	3033.3655
20000000	60000000	2066.9558
21000000	60000000	1308.136
22000000	60000000	2053.575
23000000	60000000	1178.164
24000000	60000000	1174.7809
25000000	60000000	1021.4948
26000000	60000000	1799.574
27000000	60000000	1889.07
28000000	60000000	1923.4531
29000000	60000000	1258.2422
30000000	60000000	1716.7805
31000000	60000000	2254.3464
32000000	60000000	3452.4248
33000000	60000000	4900.419
34000000	60000000	4272.694
35000000	60000000	4458.545
36000000	60000000	2925.8457
37000000	60000000	1509.5917
38000000	60000000	1437.4352
39000000	60000000	1542.2045
40000000	60000000	1910.9426
41000000	60000000	1896.2385
42000000	60000000	1966.2461
43000000	60000000	4278.2666
44000000	60000000	5098.95
45000000	60000000	5379.867
46000000	60000000	8232.525
47000000	60000000	7792.1123
48000000	60000000	3829.4226
49000000	60000000	2326.8835
50000000	60000000	2192.2573
51000000	60000000	3170.1301
54000000	60000000	2337.6917
55000000	60000000	4912.262
56000000	60000000	7010.9126
57000000	60000000	17298.441
58000000	60000000	27547.135
59000000	60000000	125674.18
60000000	60000000	739479.0
0	61000000	6726.063
1000000	61000000	7426.177
2000000	61000000	6785.783
3000000	61000000	5856.289
4000000	61000000	2178.755
5000000	61000000	1747.8259
6000000	61000000	2457.8608
7000000	61000000	1955.2222
8000000	61000000	3156.061
9000000	61000000	3657.1414
10000000	61000000	2922.6077
11000000	61000000	2675.2363
12000000	61000000	1914.2131
13000000	61000000	1863.7365
14000000	61000000	1710.4371
15000000	61000000	1118.3295
16000000	61000000	1480.364
17000000	61000000	3032.435
18000000	61000000	3784.6086
19000000	61000000	2627.9604
20000000	61000000	1456.0453
21000000	61000000	815.1931
22000000	61000000	1047.8081
23000000	61000000	695.7468
24000000	61000000	624.135
25000000	61000000	679.9557
26000000	61000000	924.17035
27000000	61000000	950.8763
28000000	61000000	1104.0732
29000000	61000000	802.44135
30000000	61000000	1034.3958
31000000	61000000	1448.297
32000000	61000000	2315.8774
33000000	61000000	3933.931
34000000	61000000	3636.4165
35000000	61000000	2731.8733
36000000	61000000	1959.8899
37000000	61000000	930.6846
38000000	61000000	907.1088
39000000	61000000	967.8706
40000000	61000000	1125.7585
41000000	61000000	1175.69
42000000	61000000	1224.7666
43000000	61000000	2910.258
44000000	61000000	5191.3403
45000000	61000000	6839.8955
46000000	61000000	9156.9
47000000	61000000	6962.104
48000000	61000000	2232.992
49000000	61000000	1546.5546
50000000	61000000	1198.169
51000000	61000000	2001.7345
54000000	61000000	1534.78
55000000	61000000	3109.0679
56000000	61000000	4977.925
57000000	61000000	11251.479
58000000	61000000	12113.793
59000000	61000000	23844.576
60000000	61000000	104665.67
61000000	61000000	704930.4
0	62000000	7659.4766
1000000	62000000	6285.421
2000000	62000000	5320.676
3000000	62000000	4033.1982
4000000	62000000	1984.7007
5000000	62000000	1727.4268
6000000	62000000	2179.1128
7000000	62000000	1817.6248
8000000	62000000	2236.996
9000000	62000000	2688.0786
10000000	62000000	2354.906
11000000	62000000	1975.2572
12000000	62000000	1483.9901
13000000	62000000	1606.2876
14000000	62000000	1451.859
15000000	62000000	1075.792
16000000	62000000	1185.9103
17000000	62000000	1943.622
18000000	62000000	2706.7544
19000000	62000000	1845.2411
20000000	62000000	1206.148
21000000	62000000	775.60236
22000000	62000000	1031.031
23000000	62000000	677.33307
24000000	62000000	691.3303
25000000	62000000	727.67786
26000000	62000000	923.2386
27000000	62000000	998.51556
28000000	62000000	954.3384
29000000	62000000	809.58527
30000000	62000000	1033.1251
31000000	62000000	1233.2124
32000000	62000000	1829.5424
33000000	62000000	2701.3032
34000000	62000000	2560.1213
35000000	62000000	2205.9475
36000000	62000000	1613.0298
37000000	62000000	1025.9215
38000000	62000000	1010.3432
39000000	62000000	995.15454
40000000	62000000	1202.5087
41000000	62000000	1264.003
42000000	62000000	1218.1638
43000000	62000000	2275.8884
44000000	62000000	3603.5005
45000000	62000000	4577.332
46000000	62000000	5594.7266
47000000	62000000	4737.1665
48000000	62000000	2019.5671
49000000	62000000	1540.9536
50000000	62000000	1268.9279
51000000	62000000	2105.7786
54000000	62000000	1340.8142
55000000	62000000	3083.982
56000000	62000000	4465.6416
57000000	62000000	9027.669
58000000	62000000	9612.441
59000000	62000000	14035.212
60000000	62000000	21994.25
61000000	62000000	126462.27
62000000	62000000	740197.25
0	63000000	7248.5386
1000000	63000000	6935.3115
2000000	63000000	5554.7207
3000000	63000000	3944.6697
4000000	63000000	2001.4005
5000000	63000000	1711.3069
6000000	63000000	2109.3523
7000000	63000000	1757.1006
8000000	63000000	2246.6023
9000000	63000000	2628.2727
10000000	63000000	2180.522
11000000	63000000	1992.172
12000000	63000000	1467.7295
13000000	63000000	1481.6117
14000000	63000000	1428.5247
15000000	63000000	1040.0577
16000000	63000000	1148.138
17000000	63000000	1955.0786
18000000	63000000	2408.9807
19000000	63000000	1801.4053
20000000	63000000	1133.6409
21000000	63000000	759.43896
22000000	63000000	973.66174
23000000	63000000	713.04034
24000000	63000000	639.70874
25000000	63000000	688.90204
26000000	63000000	918.3588
27000000	63000000	995.14545
28000000	63000000	991.92395
29000000	63000000	798.5197
30000000	63000000	1006.9364
31000000	63000000	1237.6603
32000000	63000000	1693.3046
33000000	63000000	2651.8333
34000000	63000000	2532.083
35000000	63000000	1989.0316
36000000	63000000	1577.777
37000000	63000000	1025.3601
38000000	63000000	908.4749
39000000	63000000	1089.44
40000000	63000000	1143.4293
41000000	63000000	1155.053
42000000	63000000	1243.3306
43000000	63000000	2244.5525
44000000	63000000	3362.4814
45000000	63000000	4264.0186
46000000	63000000	5350.4175
47000000	63000000	4293.739
48000000	63000000	1843.3809
49000000	63000000	1527.0497
50000000	63000000	1191.5316
51000000	63000000	1896.159
54000000	63000000	1422.401
55000000	63000000	2942.0146
56000000	63000000	4191.192
57000000	63000000	7686.0474
58000000	63000000	7976.463
59000000	63000000	11036.181
60000000	63000000	15082.972
61000000	63000000	42991.72
62000000	63000000	137221.36
63000000	63000000	730988.0
0	64000000	9403.291
1000000	64000000	5917.8184
2000000	64000000	4119.169
3000000	64000000	3151.1448
4000000	64000000	1207.5344
5000000	64000000	1003.7342
6000000	64000000	1478.861
7000000	64000000	1123.4615
8000000	64000000	1613.5269
9000000	64000000	2131.3455
10000000	64000000	1525.4556
11000000	64000000	1228.9775
12000000	64000000	907.9239
13000000	64000000	924.4446
14000000	64000000	953.74896
15000000	64000000	552.6864
16000000	64000000	720.229
17000000	64000000	1353.8473
18000000	64000000	1909.8951
19000000	64000000	1245.0989
20000000	64000000	757.358
21000000	64000000	403.724
22000000	64000000	600.59393
23000000	64000000	360.68073
24000000	64000000	352.4994
25000000	64000000	323.87714
26000000	64000000	534.0405
27000000	64000000	547.3509
28000000	64000000	573.3621
29000000	64000000	446.93762
30000000	64000000	557.78864
31000000	64000000	692.40857
32000000	64000000	1195.8138
33000000	64000000	2076.0881
34000000	64000000	1888.3826
35000000	64000000	1502.382
36000000	64000000	964.7423
37000000	64000000	518.02844
38000000	64000000	483.07263
39000000	64000000	498.16132
40000000	64000000	631.7219
41000000	64000000	615.3549
42000000	64000000	671.1002
43000000	64000000	1282.1881
44000000	64000000	2178.4275
45000000	64000000	2831.1519
46000000	64000000	4520.485
47000000	64000000	3692.1997
48000000	64000000	1013.0099
49000000	64000000	754.78326
50000000	64000000	604.84625
51000000	64000000	1083.6896
54000000	64000000	734.76385
55000000	64000000	1518.2095
56000000	64000000	2211.1714
57000000	64000000	4567.956
58000000	64000000	4420.8
59000000	64000000	5759.107
60000000	64000000	9865.926
61000000	64000000	24469.506
62000000	64000000	42755.82
63000000	64000000	127795.69
64000000	64000000	778331.75
0	65000000	9134.621
1000000	65000000	2931.732
2000000	65000000	1902.2502
3000000	65000000	2069.5518
4000000	65000000	814.5205
5000000	65000000	673.89307
6000000	65000000	1180.5674
7000000	65000000	781.7852
8000000	65000000	1222.383
9000000	65000000	2028.7982
10000000	65000000	1158.1982
11000000	65000000	937.43085
12000000	65000000	591.0405
13000000	65000000	718.5384
14000000	65000000	689.44763
15000000	65000000	397.19177
16000000	65000000	572.5851
17000000	65000000	901.12494
18000000	65000000	1634.8037
19000000	65000000	882.83466
20000000	65000000	591.4801
21000000	65000000	339.00662
22000000	65000000	504.01587
23000000	65000000	302.46875
24000000	65000000	299.4831
25000000	65000000	261.64642
26000000	65000000	478.14813
27000000	65000000	427.71527
28000000	65000000	472.2158
29000000	65000000	348.6178
30000000	65000000	409.0837
31000000	65000000	636.23987
32000000	65000000	975.659
33000000	65000000	1703.7911
34000000	65000000	1467.5323
35000000	65000000	1283.482
36000000	65000000	637.6187
37000000	65000000	405.71646
38000000	65000000	359.80765
39000000	65000000	413.16718
40000000	65000000	400.79306
41000000	65000000	419.96646
42000000	65000000	419.22324
43000000	65000000	912.89374
44000000	65000000	1254.3489
45000000	65000000	1500.0181
46000000	65000000	3570.534
47000000	65000000	3181.9658
48000000	65000000	734.23425
49000000	65000000	483.17065
50000000	65000000	395.08893
51000000	65000000	746.6167
54000000	65000000	517.1121
55000000	65000000	1086.7472
56000000	65000000	1311.5374
57000000	65000000	3123.3926
58000000	65000000	2973.2803
59000000	65000000	3663.0227
60000000	65000000	6799.3696
61000000	65000000	10591.083
62000000	65000000	16475.014
63000000	65000000	22410.455
64000000	65000000	152457.06
65000000	65000000	881963.75
0	66000000	7409.874
1000000	66000000	3760.8123
2000000	66000000	2769.631
3000000	66000000	2650.38
4000000	66000000	1037.8362
5000000	66000000	852.9769
6000000	66000000	1277.3716
7000000	66000000	932.7576
8000000	66000000	1612.7429
9000000	66000000	2236.4343
10000000	66000000	1463.5114
11000000	66000000	1170.6783
12000000	66000000	782.574
13000000	66000000	807.2823
14000000	66000000	780.55457
15000000	66000000	492.0516
16000000	66000000	684.8775
17000000	66000000	1221.9708
18000000	66000000	1878.1714
19000000	66000000	1159.2344
20000000	66000000	704.3568
21000000	66000000	384.54178
22000000	66000000	516.6358
23000000	66000000	342.63956
24000000	66000000	333.9389
25000000	66000000	364.3276
26000000	66000000	473.36884
27000000	66000000	465.62207
28000000	66000000	505.25278
29000000	66000000	409.40076
30000000	66000000	463.08795
31000000	66000000	734.1689
32000000	66000000	1129.7295
33000000	66000000	2122.7754
34000000	66000000	1770.3512
35000000	66000000	1425.8623
36000000	66000000	848.15314
37000000	66000000	401.32806
38000000	66000000	374.76144
39000000	66000000	431.0182
40000000	66000000	510.71625
41000000	66000000	535.2735
42000000	66000000	549.6387
43000000	66000000	1069.8176
44000000	66000000	1631.4471
45000000	66000000	2099.4414
46000000	66000000	4444.628
47000000	66000000	3478.6045
48000000	66000000	863.971
49000000	66000000	469.3197
50000000	66000000	450.3957
51000000	66000000	698.99896
54000000	66000000	559.0932
55000000	66000000	1151.956
56000000	66000000	1566.5527
57000000	66000000	3355.5413
58000000	66000000	3122.3184
59000000	66000000	4179.94
60000000	66000000	6817.972
61000000	66000000	11944.102
62000000	66000000	13708.324
63000000	66000000	18904.469
64000000	66000000	36458.293
65000000	66000000	128667.58
66000000	66000000	815558.25
0	67000000	8320.043
1000000	67000000	4482.422
2000000	67000000	2922.7058
3000000	67000000	2767.9807
4000000	67000000	943.50824
5000000	67000000	857.6221
6000000	67000000	1243.8693
7000000	67000000	950.91516
8000000	67000000	1414.414
9000000	67000000	2208.9016
10000000	67000000	1434.2836
11000000	67000000	1075.798
12000000	67000000	721.24133
13000000	67000000	731.70026
14000000	67000000	807.96466
15000000	67000000	438.71472
16000000	67000000	606.79395
17000000	67000000	1123.555
18000000	67000000	1808.0209
19000000	67000000	1031.088
20000000	67000000	585.3123
21000000	67000000	340.36075
22000000	67000000	542.1677
23000000	67000000	310.13416
24000000	67000000	287.33524
25000000	67000000	297.40262
26000000	67000000	447.84857
27000000	67000000	489.93942
28000000	67000000	437.71323
29000000	67000000	345.97174
30000000	67000000	483.4512
31000000	67000000	626.1407
32000000	67000000	1130.85
33000000	67000000	1917.0906
34000000	67000000	1683.1808
35000000	67000000	1367.3468
36000000	67000000	753.26074
37000000	67000000	397.3574
38000000	67000000	381.95175
39000000	67000000	376.73624
40000000	67000000	470.61868
41000000	67000000	417.8066
42000000	67000000	457.8944
43000000	67000000	1029.0864
44000000	67000000	1537.9227
45000000	67000000	2095.217
46000000	67000000	4250.7354
47000000	67000000	3354.9646
48000000	67000000	826.5319
49000000	67000000	463.78107
50000000	67000000	431.51468
51000000	67000000	713.6047
54000000	67000000	421.38132
55000000	67000000	939.7378
56000000	67000000	1304.3207
57000000	67000000	3115.884
58000000	67000000	3131.0312
59000000	67000000	4004.5576
60000000	67000000	7006.823
61000000	67000000	11820.068
62000000	67000000	13587.523
63000000	67000000	16852.492
64000000	67000000	26664.557
65000000	67000000	37851.42
66000000	67000000	155841.97
67000000	67000000	800747.9
0	68000000	5656.498
1000000	68000000	5909.458
2000000	68000000	4752.471
3000000	68000000	3620.8506
4000000	68000000	1574.1312
5000000	68000000	1242.1453
6000000	68000000	1554.4022
7000000	68000000	1323.2627
8000000	68000000	1940.5887
9000000	68000000	2238.8557
10000000	68000000	1787.9496
11000000	68000000	1623.2333
12000000	68000000	1254.3851
13000000	68000000	1115.6798
14000000	68000000	1071.9893
15000000	68000000	717.8765
16000000	68000000	885.69934
17000000	68000000	1771.5787
18000000	68000000	2177.9812
19000000	68000000	1441.3179
20000000	68000000	855.1067
21000000	68000000	504.03247
22000000	68000000	618.20807
23000000	68000000	425.13358
24000000	68000000	436.5257
25000000	68000000	380.59344
26000000	68000000	582.8867
27000000	68000000	631.60864
28000000	68000000	671.6558
29000000	68000000	518.3223
30000000	68000000	675.37317
31000000	68000000	856.1827
32000000	68000000	1358.6134
33000000	68000000	2208.332
34000000	68000000	2016.2115
35000000	68000000	1660.7277
36000000	68000000	1092.616
37000000	68000000	574.9262
38000000	68000000	573.6008
39000000	68000000	563.0462
40000000	68000000	650.53394
41000000	68000000	700.1279
42000000	68000000	716.9034
43000000	68000000	1528.3463
44000000	68000000	2706.6592
45000000	68000000	3589.6934
46000000	68000000	4502.7983
47000000	68000000	3246.2966
48000000	68000000	1133.1448
49000000	68000000	739.9257
50000000	68000000	653.70215
51000000	68000000	738.99164
54000000	68000000	639.08997
55000000	68000000	1285.817
56000000	68000000	2139.058
57000000	68000000	3840.4473
58000000	68000000	3795.6091
59000000	68000000	5415.9004
60000000	68000000	7346.0464
61000000	68000000	13196.761
62000000	68000000	12170.381
63000000	68000000	15054.027
64000000	68000000	15126.581
65000000	68000000	13159.006
66000000	68000000	28395.389
67000000	68000000	119413.14
68000000	68000000	642054.4
0	69000000	3391.12
1000000	69000000	7230.871
2000000	69000000	6854.7554
3000000	69000000	3592.9365
4000000	69000000	1817.6823
5000000	69000000	1476.7772
6000000	69000000	1465.9031
7000000	69000000	1459.3124
8000000	69000000	1901.6755
9000000	69000000	1557.593
10000000	69000000	1781.2251
11000000	69000000	1836.1637
12000000	69000000	1692.913
13000000	69000000	1329.3859
14000000	69000000	1100.7677
15000000	69000000	1103.307
16000000	69000000	1063.3511
17000000	69000000	1919.9563
18000000	69000000	1769.2797
19000000	69000000	1599.3792
20000000	69000000	1055.1461
21000000	69000000	646.0402
22000000	69000000	562.10846
23000000	69000000	514.4926
24000000	69000000	528.2133
25000000	69000000	504.7967
26000000	69000000	593.2424
27000000	69000000	711.36206
28000000	69000000	707.6805
29000000	69000000	638.5678
30000000	69000000	825.5629
31000000	69000000	923.7111
32000000	69000000	1267.9436
33000000	69000000	1793.8666
34000000	69000000	1791.1882
35000000	69000000	1580.335
36000000	69000000	1348.4362
37000000	69000000	809.18604
38000000	69000000	703.5949
39000000	69000000	710.1487
40000000	69000000	834.30853
41000000	69000000	929.66876
42000000	69000000	959.41644
43000000	69000000	1621.8793
44000000	69000000	3645.4038
45000000	69000000	5006.8784
46000000	69000000	2802.0728
47000000	69000000	1970.757
48000000	69000000	1440.1283
49000000	69000000	1215.4413
50000000	69000000	964.7427
51000000	69000000	1094.6068
54000000	69000000	940.38135
55000000	69000000	1930.1836
56000000	69000000	2959.8977
57000000	69000000	3839.995
58000000	69000000	3891.8574
59000000	69000000	5278.459
60000000	69000000	5638.6577
61000000	69000000	10925.032
62000000	69000000	10228.31
63000000	69000000	12181.822
64000000	69000000	9931.159
65000000	69000000	6157.41
66000000	69000000	12645.966
67000000	69000000	23148.045
68000000	69000000	216313.84
69000000	69000000	628710.44
0	70000000	3356.1108
1000000	70000000	8407.888
2000000	70000000	8538.13
3000000	70000000	4295.4385
4000000	70000000	2303.3796
5000000	70000000	1921.1953
6000000	70000000	1828.6
7000000	70000000	1894.4717
8000000	70000000	2072.9946
9000000	70000000	1684.7233
10000000	70000000	2158.596
11000000	70000000	2342.511
12000000	70000000	2198.622
13000000	70000000	1718.7706
14000000	70000000	1433.1488
15000000	70000000	1532.7219
16000000	70000000	1332.646
17000000	70000000	2380.0005
18000000	70000000	2022.5298
19000000	70000000	1902.2286
20000000	70000000	1372.2712
21000000	70000000	925.7245
22000000	70000000	749.23975
23000000	70000000	651.61334
24000000	70000000	665.2763
25000000	70000000	653.4776
26000000	70000000	768.2935
27000000	70000000	949.371
28000000	70000000	935.7453
29000000	70000000	878.65314
30000000	70000000	1100.0554
31000000	70000000	1199.3496
32000000	70000000	1582.0797
33000000	70000000	1947.1157
34000000	70000000	1998.82
35000000	70000000	1836.2065
36000000	70000000	1818.5845
37000000	70000000	1048.9468
38000000	70000000	992.72656
39000000	70000000	1069.4733
40000000	70000000	1157.19
41000000	70000000	1196.2134
42000000	70000000	1304.3065
43000000	70000000	2020.9625
44000000	70000000	4230.427
45000000	70000000	6142.4165
46000000	70000000	2999.435
47000000	70000000	2201.1257
48000000	70000000	1958.7244
49000000	70000000	1868.6583
50000000	70000000	1432.7416
51000000	70000000	1910.7312
54000000	70000000	1126.9757
55000000	70000000	2535.379
56000000	70000000	3932.084
57000000	70000000	4497.593
58000000	70000000	4631.0503
59000000	70000000	6114.5884
60000000	70000000	5892.666
61000000	70000000	11584.793
62000000	70000000	11390.941
63000000	70000000	13164.565
64000000	70000000	9257.922
65000000	70000000	5156.232
66000000	70000000	10499.149
67000000	70000000	15746.038
68000000	70000000	58255.875
69000000	70000000	169898.02
70000000	70000000	618186.44
0	71000000	5373.848
1000000	71000000	6739.701
2000000	71000000	5383.5522
3000000	71000000	3982.3535
4000000	71000000	1750.8105
5000000	71000000	1590.6263
6000000	71000000	1954.4545
7000000	71000000	1503.5233
8000000	71000000	2139.0024
9000000	71000000	2293.6184
10000000	71000000	2040.523
11000000	71000000	1916.5414
12000000	71000000	1438.6984
13000000	71000000	1321.6255
14000000	71000000	1257.7932
15000000	71000000	870.7756
16000000	71000000	1052.3214
17000000	71000000	1963.1187
18000000	71000000	2328.4194
19000000	71000000	1693.8652
20000000	71000000	982.3519
21000000	71000000	646.59814
22000000	71000000	735.25995
23000000	71000000	483.5613
24000000	71000000	468.5715
25000000	71000000	469.39566
26000000	71000000	682.783
27000000	71000000	721.40155
28000000	71000000	783.59644
29000000	71000000	608.1676
30000000	71000000	758.50745
31000000	71000000	969.3813
32000000	71000000	1463.247
33000000	71000000	2322.3555
34000000	71000000	2135.0369
35000000	71000000	1868.6812
36000000	71000000	1281.2161
37000000	71000000	643.32684
38000000	71000000	658.40906
39000000	71000000	670.7436
40000000	71000000	711.8858
41000000	71000000	701.6941
42000000	71000000	806.07367
43000000	71000000	1728.4875
44000000	71000000	3053.7102
45000000	71000000	4065.086
46000000	71000000	4547.7046
47000000	71000000	3331.623
48000000	71000000	1380.0396
49000000	71000000	1018.6685
50000000	71000000	791.29755
51000000	71000000	921.74896
54000000	71000000	649.66425
55000000	71000000	1474.8761
56000000	71000000	2266.7307
57000000	71000000	4284.626
58000000	71000000	4048.5488
59000000	71000000	5587.41
60000000	71000000	7106.6665
61000000	71000000	11958.945
62000000	71000000	11126.054
63000000	71000000	12092.878
64000000	71000000	11044.728
65000000	71000000	8357.386
66000000	71000000	12933.8
67000000	71000000	18712.49
68000000	71000000	35128.605
69000000	71000000	47627.402
70000000	71000000	146041.39
71000000	71000000	654980.94
0	72000000	4475.954
1000000	72000000	3960.1763
2000000	72000000	3235.2495
3000000	72000000	3127.677
4000000	72000000	1473.3488
5000000	72000000	1300.2297
6000000	72000000	1737.6221
7000000	72000000	1308.8656
8000000	72000000	2175.1821
9000000	72000000	2764.579
10000000	72000000	2074.07
11000000	72000000	1916.4255
12000000	72000000	1244.1453
13000000	72000000	1199.8334
14000000	72000000	1156.9388
15000000	72000000	717.64026
16000000	72000000	1035.0778
17000000	72000000	2018.7928
18000000	72000000	2621.1614
19000000	72000000	1922.0424
20000000	72000000	1048.0061
21000000	72000000	566.59143
22000000	72000000	842.9263
23000000	72000000	467.1343
24000000	72000000	438.90543
25000000	72000000	424.20782
26000000	72000000	748.824
27000000	72000000	732.8049
28000000	72000000	817.90125
29000000	72000000	471.01477
30000000	72000000	667.7505
31000000	72000000	1024.3896
32000000	72000000	1669.3724
33000000	72000000	2794.8435
34000000	72000000	2387.8972
35000000	72000000	2118.8896
36000000	72000000	1178.6847
37000000	72000000	506.11795
38000000	72000000	456.01248
39000000	72000000	441.67654
40000000	72000000	616.1603
41000000	72000000	535.5886
42000000	72000000	566.2814
43000000	72000000	1410.4882
44000000	72000000	2332.915
45000000	72000000	2942.7012
46000000	72000000	4786.9995
47000000	72000000	3491.3174
48000000	72000000	918.7615
49000000	72000000	520.10486
50000000	72000000	380.21573
51000000	72000000	595.922
54000000	72000000	374.41318
55000000	72000000	902.4666
56000000	72000000	1347.2167
57000000	72000000	3206.4053
58000000	72000000	3190.7903
59000000	72000000	4480.2446
60000000	72000000	7147.3203
61000000	72000000	9781.517
62000000	72000000	8042.4443
63000000	72000000	8952.8125
64000000	72000000	9422.641
65000000	72000000	7487.854
66000000	72000000	10501.329
67000000	72000000	14377.881
68000000	72000000	18472.457
69000000	72000000	17436.97
70000000	72000000	24545.34
71000000	72000000	143295.69
72000000	72000000	732231.5
0	73000000	4243.6855
1000000	73000000	3079.772
2000000	73000000	2774.229
3000000	73000000	3374.3936
4000000	73000000	1566.2534
5000000	73000000	1264.1107
6000000	73000000	1793.3253
7000000	73000000	1389.0175
8000000	73000000	2453.522
9000000	73000000	3081.1865
10000000	73000000	2177.3142
11000000	73000000	1891.2806
12000000	73000000	1158.7135
13000000	73000000	1317.5583
14000000	73000000	1221.8717
15000000	73000000	656.58966
16000000	73000000	1077.2513
17000000	73000000	2053.263
18000000	73000000	3044.9634
19000000	73000000	1878.2448
20000000	73000000	1038.9413
21000000	73000000	546.7374
22000000	73000000	847.7944
23000000	73000000	500.49652
24000000	73000000	462.0008
25000000	73000000	436.85596
26000000	73000000	701.3659
27000000	73000000	776.6231
28000000	73000000	834.86096
29000000	73000000	498.77747
30000000	73000000	677.00464
31000000	73000000	1114.3932
32000000	73000000	1793.9598
33000000	73000000	3101.8872
34000000	73000000	2579.1772
35000000	73000000	2056.0042
36000000	73000000	1138.9877
37000000	73000000	514.92535
38000000	73000000	504.43744
39000000	73000000	481.96326
40000000	73000000	591.69196
41000000	73000000	576.9742
42000000	73000000	562.2045
43000000	73000000	1680.955
44000000	73000000	2362.2092
45000000	73000000	2934.833
46000000	73000000	6159.724
47000000	73000000	4374.4004
48000000	73000000	1075.382
49000000	73000000	540.37585
50000000	73000000	439.3902
51000000	73000000	533.7866
54000000	73000000	466.73444
55000000	73000000	900.8356
56000000	73000000	1367.7992
57000000	73000000	3525.9346
58000000	73000000	3123.9387
59000000	73000000	4684.8745
60000000	73000000	6822.776
61000000	73000000	9093.153
62000000	73000000	7206.0723
63000000	73000000	7872.243
64000000	73000000	7645.213
65000000	73000000	6933.2036
66000000	73000000	9523.92
67000000	73000000	10938.022
68000000	73000000	13301.024
69000000	73000000	10230.457
70000000	73000000	13364.603
71000000	73000000	34553.31
72000000	73000000	146266.94
73000000	73000000	740780.44
0	74000000	2788.6018
1000000	74000000	3548.5012
2000000	74000000	3647.0576
3000000	74000000	3781.2322
4000000	74000000	1956.8937
5000000	74000000	1649.8398
6000000	74000000	1918.8049
7000000	74000000	1820.5847
8000000	74000000	2760.8577
9000000	74000000	2840.0452
10000000	74000000	2620.598
11000000	74000000	2329.664
12000000	74000000	1749.5815
13000000	74000000	1753.6084
14000000	74000000	1500.1002
15000000	74000000	1069.8848
16000000	74000000	1308.9525
17000000	74000000	2569.551
18000000	74000000	3047.6326
19000000	74000000	2323.548
20000000	74000000	1372.194
21000000	74000000	825.3241
22000000	74000000	970.40576
23000000	74000000	740.0679
24000000	74000000	667.30383
25000000	74000000	722.3207
26000000	74000000	944.7561
27000000	74000000	934.8379
28000000	74000000	1024.7736
29000000	74000000	720.2675
30000000	74000000	975.00104
31000000	74000000	1359.0427
32000000	74000000	2157.9197
33000000	74000000	3187.0261
34000000	74000000	2765.1414
35000000	74000000	2399.0872
36000000	74000000	1599.5724
37000000	74000000	787.9363
38000000	74000000	735.33295
39000000	74000000	759.79553
40000000	74000000	872.1586
41000000	74000000	899.3274
42000000	74000000	915.73083
43000000	74000000	2160.3662
44000000	74000000	3293.9136
45000000	74000000	4194.1533
46000000	74000000	4829.44
47000000	74000000	3383.8137
48000000	74000000	1395.949
49000000	74000000	969.2685
50000000	74000000	760.78015
51000000	74000000	933.25806
54000000	74000000	750.0666
55000000	74000000	1488.1892
56000000	74000000	2148.834
57000000	74000000	3931.151
58000000	74000000	4192.5083
59000000	74000000	6076.6353
60000000	74000000	6848.403
61000000	74000000	9383.697
62000000	74000000	7067.057
63000000	74000000	7507.9536
64000000	74000000	5842.6626
65000000	74000000	4181.252
66000000	74000000	6625.0015
67000000	74000000	7467.2153
68000000	74000000	11919.149
69000000	74000000	12351.204
70000000	74000000	16408.238
71000000	74000000	21229.69
72000000	74000000	27953.13
73000000	74000000	117221.945
74000000	74000000	692817.7
0	75000000	2845.3613
1000000	75000000	2776.5396
2000000	75000000	2835.2546
3000000	75000000	3401.4712
4000000	75000000	1721.6648
5000000	75000000	1385.6681
6000000	75000000	1883.613
7000000	75000000	1551.9913
8000000	75000000	2679.1853
9000000	75000000	3192.5938
10000000	75000000	2450.2417
11000000	75000000	2235.4033
12000000	75000000	1505.3174
13000000	75000000	1564.5635
14000000	75000000	1448.7264
15000000	75000000	897.4872
16000000	75000000	1284.861
17000000	75000000	2651.6062
18000000	75000000	3393.2246
19000000	75000000	2474.1697
20000000	75000000	1436.8129
21000000	75000000	729.11584
22000000	75000000	1112.4183
23000000	75000000	612.5274
24000000	75000000	546.9185
25000000	75000000	536.24445
26000000	75000000	990.4243
27000000	75000000	1008.0892
28000000	75000000	1053.3721
29000000	75000000	632.5668
30000000	75000000	915.1449
31000000	75000000	1412.3782
32000000	75000000	2373.126
33000000	75000000	3744.2092
34000000	75000000	2975.5503
35000000	75000000	2649.723
36000000	75000000	1612.7698
37000000	75000000	612.448
38000000	75000000	544.67035
39000000	75000000	557.5921
40000000	75000000	786.1301
41000000	75000000	703.4959
42000000	75000000	659.0381
43000000	75000000	2050.3196
44000000	75000000	3277.9163
45000000	75000000	3730.4893
46000000	75000000	5665.002
47000000	75000000	4099.641
48000000	75000000	1199.5659
49000000	75000000	588.9442
50000000	75000000	457.86493
51000000	75000000	570.4927
54000000	75000000	354.16904
55000000	75000000	1043.5531
56000000	75000000	1610.3622
57000000	75000000	3863.152
58000000	75000000	3564.213
59000000	75000000	4798.008
60000000	75000000	6738.1743
61000000	75000000	8151.589
62000000	75000000	5687.4688
63000000	75000000	6080.794
64000000	75000000	5295.099
65000000	75000000	4343.0776
66000000	75000000	6143.154
67000000	75000000	6748.642
68000000	75000000	9164.077
69000000	75000000	8107.7266
70000000	75000000	9707.07
71000000	75000000	13368.743
72000000	75000000	16664.648
73000000	75000000	32784.055
74000000	75000000	128378.2
75000000	75000000	695976.3
0	76000000	2180.4014
1000000	76000000	2933.5425
2000000	76000000	3362.5498
3000000	76000000	3475.144
4000000	76000000	1955.1338
5000000	76000000	1469.0085
6000000	76000000	1885.5925
7000000	76000000	1758.9807
8000000	76000000	2903.4636
9000000	76000000	2903.528
10000000	76000000	2839.5022
11000000	76000000	2763.0005
12000000	76000000	1944.4259
13000000	76000000	1764.081
14000000	76000000	1616.6526
15000000	76000000	1143.6912
16000000	76000000	1570.9012
17000000	76000000	3298.9207
18000000	76000000	3500.2222
19000000	76000000	2918.4597
20000000	76000000	1697.9374
21000000	76000000	830.1691
22000000	76000000	1089.03
23000000	76000000	729.6671
24000000	76000000	677.1184
25000000	76000000	721.7817
26000000	76000000	962.5772
27000000	76000000	1116.9972
28000000	76000000	1187.2091
29000000	76000000	792.4136
30000000	76000000	1084.237
31000000	76000000	1523.4814
32000000	76000000	2500.1726
33000000	76000000	3631.4927
34000000	76000000	3327.636
35000000	76000000	2891.2166
36000000	76000000	1986.1523
37000000	76000000	908.8989
38000000	76000000	773.937
39000000	76000000	714.295
40000000	76000000	880.7628
41000000	76000000	977.7957
42000000	76000000	980.23645
43000000	76000000	2573.4028
44000000	76000000	4384.692
45000000	76000000	5277.708
46000000	76000000	5490.153
47000000	76000000	3850.3071
48000000	76000000	1503.9868
49000000	76000000	943.7099
50000000	76000000	740.1985
51000000	76000000	783.4292
54000000	76000000	458.83273
55000000	76000000	1354.4235
56000000	76000000	2189.1868
57000000	76000000	4143.1504
58000000	76000000	4062.228
59000000	76000000	5705.468
60000000	76000000	6265.8223
61000000	76000000	8032.506
62000000	76000000	5358.0215
63000000	76000000	5596.8896
64000000	76000000	4384.953
65000000	76000000	3065.9841
66000000	76000000	4991.3296
67000000	76000000	5322.56
68000000	76000000	8363.653
69000000	76000000	8707.83
70000000	76000000	10661.821
71000000	76000000	11329.872
72000000	76000000	12375.639
73000000	76000000	20211.64
74000000	76000000	41841.97
75000000	76000000	155159.92
76000000	76000000	623457.1
0	77000000	2370.0984
1000000	77000000	2262.9143
2000000	77000000	2479.0444
3000000	77000000	3769.399
4000000	77000000	2089.8137
5000000	77000000	1529.0352
6000000	77000000	2184.6523
7000000	77000000	1846.5668
8000000	77000000	3211.4915
9000000	77000000	3576.5598
10000000	77000000	2815.5774
11000000	77000000	2818.006
12000000	77000000	1919.5791
13000000	77000000	2061.7866
14000000	77000000	2005.4089
15000000	77000000	1171.9829
16000000	77000000	1761.9336
17000000	77000000	3415.1365
18000000	77000000	4223.1494
19000000	77000000	3123.8787
20000000	77000000	1963.3752
21000000	77000000	992.741
22000000	77000000	1484.4783
23000000	77000000	909.9987
24000000	77000000	796.09094
25000000	77000000	782.42755
26000000	77000000	1282.995
27000000	77000000	1332.8994
28000000	77000000	1547.012
29000000	77000000	811.44434
30000000	77000000	1239.9945
31000000	77000000	2067.8782
32000000	77000000	3294.9246
33000000	77000000	4642.8574
34000000	77000000	3746.503
35000000	77000000	3626.951
36000000	77000000	2292.7551
37000000	77000000	932.5755
38000000	77000000	800.4808
39000000	77000000	823.2435
40000000	77000000	1071.9799
41000000	77000000	1094.3887
42000000	77000000	1020.6527
43000000	77000000	3558.3054
44000000	77000000	4453.565
45000000	77000000	4766.9917
46000000	77000000	7256.044
47000000	77000000	5870.2725
48000000	77000000	1975.4675
49000000	77000000	1032.5659
50000000	77000000	746.44385
51000000	77000000	799.8957
54000000	77000000	518.17596
55000000	77000000	1385.1674
56000000	77000000	2383.6985
57000000	77000000	5493.3164
58000000	77000000	4796.35
59000000	77000000	6144.714
60000000	77000000	7096.877
61000000	77000000	6962.488
62000000	77000000	4731.149
63000000	77000000	4876.3076
64000000	77000000	3875.784
65000000	77000000	3328.6926
66000000	77000000	4615.4854
67000000	77000000	4951.033
68000000	77000000	6855.232
69000000	77000000	5682.309
70000000	77000000	7042.1016
71000000	77000000	9222.385
72000000	77000000	10064.574
73000000	77000000	16724.848
74000000	77000000	21912.945
75000000	77000000	33022.883
76000000	77000000	144999.92
77000000	77000000	623798.94
0	78000000	1148.2646
1000000	78000000	1770.0056
2000000	78000000	2393.5627
3000000	78000000	2326.0225
4000000	78000000	2526.1147
5000000	78000000	2106.8118
6000000	78000000	2122.2126
7000000	78000000	2280.8994
8000000	78000000	2626.2002
9000000	78000000	2072.755
10000000	78000000	2604.2822
11000000	78000000	3458.0598
12000000	78000000	3433.3062
13000000	78000000	2789.3674
14000000	78000000	2452.5042
15000000	78000000	2783.8716
16000000	78000000	2657.2537
17000000	78000000	3919.5227
18000000	78000000	3178.56
19000000	78000000	3648.2227
20000000	78000000	3284.9307
21000000	78000000	2024.4087
22000000	78000000	1897.9978
23000000	78000000	1508.7421
24000000	78000000	1513.0856
25000000	78000000	1565.9548
26000000	78000000	1739.0548
27000000	78000000	2062.0972
28000000	78000000	2139.8083
29000000	78000000	1856.0106
30000000	78000000	2484.5283
31000000	78000000	2793.808
32000000	78000000	3414.74
33000000	78000000	3094.1692
34000000	78000000	3260.1387
35000000	78000000	3579.8389
36000000	78000000	4003.9846
37000000	78000000	2112.0618
38000000	78000000	1861.0652
39000000	78000000	1852.4618
40000000	78000000	2108.483
41000000	78000000	2238.7578
42000000	78000000	2461.072
43000000	78000000	4407.795
44000000	78000000	6103.7104
45000000	78000000	6612.1206
46000000	78000000	3697.321
47000000	78000000	3351.8855
48000000	78000000	3400.986
49000000	78000000	2643.0825
50000000	78000000	2008.1301
51000000	78000000	2268.016
54000000	78000000	1268.3949
55000000	78000000	3400.5732
56000000	78000000	5756.149
57000000	78000000	5938.6777
58000000	78000000	5326.1387
59000000	78000000	5568.156
60000000	78000000	4314.179
61000000	78000000	4136.536
62000000	78000000	3294.2231
63000000	78000000	3421.029
64000000	78000000	2183.5603
65000000	78000000	1745.1498
66000000	78000000	2457.4666
67000000	78000000	2506.6677
68000000	78000000	4647.556
69000000	78000000	6622.802
70000000	78000000	8987.316
71000000	78000000	6250.451
72000000	78000000	5593.8696
73000000	78000000	6911.746
74000000	78000000	11287.838
75000000	78000000	12568.4
76000000	78000000	26886.566
77000000	78000000	128726.76
78000000	78000000	522306.8
0	79000000	538.6489
1000000	79000000	1046.2981
2000000	79000000	1498.891
3000000	79000000	1239.8312
4000000	79000000	2266.4988
5000000	79000000	2099.1758
6000000	79000000	1794.0118
7000000	79000000	2215.772
8000000	79000000	1818.6425
9000000	79000000	1102.9838
10000000	79000000	1759.3151
11000000	79000000	2509.475
12000000	79000000	3033.6404
13000000	79000000	2556.5269
14000000	79000000	2397.9905
15000000	79000000	3532.845
16000000	79000000	2871.7227
17000000	79000000	2656.437
18000000	79000000	1938.5444
19000000	79000000	2579.8157
20000000	79000000	3293.6973
21000000	79000000	3086.2659
22000000	79000000	2273.723
23000000	79000000	2344.0178
24000000	79000000	2418.746
25000000	79000000	2499.9124
26000000	79000000	2163.6462
27000000	79000000	2483.1606
28000000	79000000	2383.019
29000000	79000000	2872.6907
30000000	79000000	3192.1638
31000000	79000000	3007.1392
32000000	79000000	2621.872
33000000	79000000	1659.089
34000000	79000000	2138.9783
35000000	79000000	2586.5544
36000000	79000000	3941.9407
37000000	79000000	3365.5598
38000000	79000000	3190.9578
39000000	79000000	3041.1863
40000000	79000000	3286.718
41000000	79000000	3583.4001
42000000	79000000	3705.316
43000000	79000000	3939.2031
44000000	79000000	4365.8096
45000000	79000000	4368.4194
46000000	79000000	1687.3079
47000000	79000000	1851.894
48000000	79000000	3902.2542
49000000	79000000	4229.1304
50000000	79000000	3291.052
51000000	79000000	3125.0764
54000000	79000000	2461.8525
55000000	79000000	5622.867
56000000	79000000	8047.136
57000000	79000000	5494.6904
58000000	79000000	4974.5737
59000000	79000000	4588.846
60000000	79000000	2755.085
61000000	79000000	2429.3872
62000000	79000000	2213.1763
63000000	79000000	2255.2717
64000000	79000000	1421.9172
65000000	79000000	1095.5728
66000000	79000000	1644.3956
67000000	79000000	1663.8613
68000000	79000000	2963.7126
69000000	79000000	4602.648
70000000	79000000	6481.22
71000000	79000000	3863.5024
72000000	79000000	3192.3938
73000000	79000000	3484.3982
74000000	79000000	6374.2803
75000000	79000000	6104.958
76000000	79000000	11375.503
77000000	79000000	17394.008
78000000	79000000	116518.66
79000000	79000000	518126.7
0	80000000	451.8678
1000000	80000000	749.06915
2000000	80000000	882.42426
3000000	80000000	949.62427
4000000	80000000	2011.0989
5000000	80000000	2163.7583
6000000	80000000	1858.5353
7000000	80000000	2124.517
8000000	80000000	1547.4603
9000000	80000000	1051.3048
10000000	80000000	1579.4058
11000000	80000000	1907.4169
12000000	80000000	2308.5684
13000000	80000000	2194.254
14000000	80000000	2248.6846
15000000	80000000	3085.0466
16000000	80000000	2956.035
17000000	80000000	2073.5627
18000000	80000000	1607.1763
19000000	80000000	2067.0776
20000000	80000000	2875.6233
21000000	80000000	3096.7583
22000000	80000000	2557.7234
23000000	80000000	2633.7827
24000000	80000000	2824.8723
25000000	80000000	2836.3499
26000000	80000000	2435.9346
27000000	80000000	2383.6584
28000000	80000000	2526.8801
29000000	80000000	3082.586
30000000	80000000	3306.7683
31000000	80000000	3026.8623
32000000	80000000	2376.7886
33000000	80000000	1597.5259
34000000	80000000	1786.7738
35000000	80000000	2205.1904
36000000	80000000	3413.26
37000000	80000000	3658.735
38000000	80000000	3358.9219
39000000	80000000	3181.1672
40000000	80000000	3398.4382
41000000	80000000	3541.623
42000000	80000000	3600.635
43000000	80000000	3493.0154
44000000	80000000	3028.2163
45000000	80000000	2842.1877
46000000	80000000	1444.5054
47000000	80000000	1667.6144
48000000	80000000	3631.8628
49000000	80000000	4213.147
50000000	80000000	3005.4893
51000000	80000000	2966.137
54000000	80000000	1972.9448
55000000	80000000	5653.251
56000000	80000000	7795.5054
57000000	80000000	5300.6562
58000000	80000000	5207.8857
59000000	80000000	4510.9995
60000000	80000000	2544.8967
61000000	80000000	1979.7384
62000000	80000000	1993.0369
63000000	80000000	1967.5903
64000000	80000000	1243.5427
65000000	80000000	968.9699
66000000	80000000	1455.8207
67000000	80000000	1514.831
68000000	80000000	2337.5496
69000000	80000000	3376.989
70000000	80000000	4535.5645
71000000	80000000	3048.8909
72000000	80000000	2731.818
73000000	80000000	2986.2346
74000000	80000000	4777.076
75000000	80000000	4575.921
76000000	80000000	7601.134
77000000	80000000	10958.193
78000000	80000000	40483.07
79000000	80000000	142086.94
80000000	80000000	570531.25
0	81000000	413.019
1000000	81000000	563.03723
2000000	81000000	791.4228
3000000	81000000	754.5461
4000000	81000000	1925.7974
5000000	81000000	2222.2837
6000000	81000000	1682.5332
7000000	81000000	2097.3125
8000000	81000000	1360.655
9000000	81000000	1027.1031
10000000	81000000	1423.4491
11000000	81000000	1669.2446
12000000	81000000	1946.9884
13000000	81000000	2004.5929
14000000	81000000	2112.186
15000000	81000000	2917.734
16000000	81000000	2863.5212
17000000	81000000	1704.769
18000000	81000000	1404.702
19000000	81000000	1683.4203
20000000	81000000	2633.1646
21000000	81000000	3069.382
22000000	81000000	2728.8586
23000000	81000000	2919.7603
24000000	81000000	2939.6187
25000000	81000000	3013.4355
26000000	81000000	2544.648
27000000	81000000	2458.1616
28000000	81000000	2346.3538
29000000	81000000	3072.4553
30000000	81000000	3335.1455
31000000	81000000	2956.288
32000000	81000000	2211.344
33000000	81000000	1270.5398
34000000	81000000	1471.3228
35000000	81000000	1780.5078
36000000	81000000	3019.6514
37000000	81000000	3713.313
38000000	81000000	3556.0845
39000000	81000000	3298.1658
40000000	81000000	3194.174
41000000	81000000	3381.3223
42000000	81000000	3564.0134
43000000	81000000	2969.285
44000000	81000000	2497.4287
45000000	81000000	2342.2173
46000000	81000000	1216.411
47000000	81000000	1413.1074
48000000	81000000	3414.28
49000000	81000000	4211.888
50000000	81000000	2650.4282
51000000	81000000	2737.992
54000000	81000000	2092.7585
55000000	81000000	5970.4346
56000000	81000000	8169.0034
57000000	81000000	5326.114
58000000	81000000	5240.9766
59000000	81000000	4385.8467
60000000	81000000	2180.0752
61000000	81000000	1634.5945
62000000	81000000	1673.9657
63000000	81000000	1781.0826
64000000	81000000	1151.9567
65000000	81000000	897.45245
66000000	81000000	1280.4135
67000000	81000000	1171.0367
68000000	81000000	2013.3925
69000000	81000000	2780.9712
70000000	81000000	3692.6528
71000000	81000000	2457.0842
72000000	81000000	2144.7356
73000000	81000000	2422.2827
74000000	81000000	3886.571
75000000	81000000	3625.5427
76000000	81000000	5539.0273
77000000	81000000	7384.98
78000000	81000000	22856.002
79000000	81000000	51245.28
80000000	81000000	95712.28
81000000	81000000	573645.0
0	82000000	933.6123
1000000	82000000	790.7482
2000000	82000000	957.0048
3000000	82000000	1592.074
4000000	82000000	1879.3214
5000000	82000000	1803.215
6000000	82000000	2077.0696
7000000	82000000	1885.1439
8000000	82000000	1746.116
9000000	82000000	1842.8821
10000000	82000000	1697.4869
11000000	82000000	1829.6156
12000000	82000000	1611.9586
13000000	82000000	1844.6676
14000000	82000000	2293.4385
15000000	82000000	1970.7864
16000000	82000000	2177.2917
17000000	82000000	2121.8826
18000000	82000000	2258.6199
19000000	82000000	2096.8943
20000000	82000000	2309.0151
21000000	82000000	1924.1254
22000000	82000000	2395.5376
23000000	82000000	1943.9757
24000000	82000000	1707.817
25000000	82000000	1800.7258
26000000	82000000	2152.1826
27000000	82000000	2071.581
28000000	82000000	2104.4473
29000000	82000000	1848.516
30000000	82000000	2353.4524
31000000	82000000	2596.0002
32000000	82000000	2682.629
33000000	82000000	2573.9226
34000000	82000000	2338.5183
35000000	82000000	2818.7012
36000000	82000000	2742.196
37000000	82000000	2134.6965
38000000	82000000	2006.582
39000000	82000000	1759.6733
40000000	82000000	2172.8127
41000000	82000000	2092.0557
42000000	82000000	2052.4775
43000000	82000000	3421.1963
44000000	82000000	2840.216
45000000	82000000	2505.3457
46000000	82000000	2714.635
47000000	82000000	3391.7007
48000000	82000000	3014.141
49000000	82000000	2445.634
50000000	82000000	1508.963
51000000	82000000	1612.7341
54000000	82000000	1134.6997
55000000	82000000	3397.9539
56000000	82000000	5130.8506
57000000	82000000	6473.2954
58000000	82000000	5566.6436
59000000	82000000	4882.8813
60000000	82000000	4151.215
61000000	82000000	2593.2993
62000000	82000000	2382.0159
63000000	82000000	2287.9631
64000000	82000000	1602.4949
65000000	82000000	1553.4966
66000000	82000000	1810.975
67000000	82000000	1921.2024
68000000	82000000	2531.6567
69000000	82000000	2443.94
70000000	82000000	2966.5796
71000000	82000000	2906.135
72000000	82000000	3294.9817
73000000	82000000	3738.795
74000000	82000000	4436.591
75000000	82000000	5356.1963
76000000	82000000	6165.206
77000000	82000000	10730.83
78000000	82000000	15771.877
79000000	82000000	19403.832
80000000	82000000	25339.81
81000000	82000000	85388.39
82000000	82000000	575209.06
0	83000000	446.71368
1000000	83000000	609.0698
2000000	83000000	874.7088
3000000	83000000	932.78217
4000000	83000000	1751.7625
5000000	83000000	1815.5127
6000000	83000000	1668.0118
7000000	83000000	1854.916
8000000	83000000	1409.5798
9000000	83000000	1085.8002
10000000	83000000	1339.3344
11000000	83000000	1510.7059
12000000	83000000	1637.1167
13000000	83000000	1761.0226
14000000	83000000	1903.8102
15000000	83000000	2214.553
16000000	83000000	2309.3516
17000000	83000000	1784.7598
18000000	83000000	1429.0723
19000000	83000000	1725.1564
20000000	83000000	2295.997
21000000	83000000	2348.0051
22000000	83000000	2189.306
23000000	83000000	2252.3308
24000000	83000000	2232.2302
25000000	83000000	2135.6777
26000000	83000000	2006.7799
27000000	83000000	2022.2037
28000000	83000000	2091.9856
29000000	83000000	2238.816
30000000	83000000	2676.5374
31000000	83000000	2592.8052
32000000	83000000	2264.9028
33000000	83000000	1502.407
34000000	83000000	1708.4501
35000000	83000000	1988.5795
36000000	83000000	2796.356
37000000	83000000	2824.15
38000000	83000000	2715.1755
39000000	83000000	2493.165
40000000	83000000	2669.5684
41000000	83000000	2629.9092
42000000	83000000	2598.243
43000000	83000000	2871.8064
44000000	83000000	2543.136
45000000	83000000	2302.1667
46000000	83000000	1489.0999
47000000	83000000	1766.4501
48000000	83000000	3197.6672
49000000	83000000	3334.7244
50000000	83000000	2010.7816
51000000	83000000	2175.8845
54000000	83000000	1434.6334
55000000	83000000	4305.9497
56000000	83000000	6578.387
57000000	83000000	5147.3877
58000000	83000000	4830.0464
59000000	83000000	4204.3813
60000000	83000000	2503.038
61000000	83000000	1768.4476
62000000	83000000	1750.9836
63000000	83000000	1718.3401
64000000	83000000	1089.902
65000000	83000000	874.2744
66000000	83000000	1232.8473
67000000	83000000	1263.7214
68000000	83000000	1921.9851
69000000	83000000	2416.9983
70000000	83000000	3122.2188
71000000	83000000	2339.8547
72000000	83000000	2138.7888
73000000	83000000	2293.219
74000000	83000000	3416.0198
75000000	83000000	3364.9653
76000000	83000000	4660.842
77000000	83000000	6034.52
78000000	83000000	13137.308
79000000	83000000	18655.348
80000000	83000000	22608.611
81000000	83000000	46006.99
82000000	83000000	157607.81
83000000	83000000	546789.0
0	84000000	369.5806
1000000	84000000	515.6683
2000000	84000000	660.3201
3000000	84000000	722.38763
4000000	84000000	1623.9442
5000000	84000000	1836.1771
6000000	84000000	1419.0912
7000000	84000000	1835.6146
8000000	84000000	1179.199
9000000	84000000	806.9474
10000000	84000000	1183.9332
11000000	84000000	1324.8757
12000000	84000000	1483.6595
13000000	84000000	1718.7593
14000000	84000000	1791.6091
15000000	84000000	2348.3557
16000000	84000000	2311.8884
17000000	84000000	1450.686
18000000	84000000	1246.3083
19000000	84000000	1456.7755
20000000	84000000	2047.296
21000000	84000000	2449.5266
22000000	84000000	2114.3345
23000000	84000000	2440.4875
24000000	84000000	2552.1724
25000000	84000000	2412.8076
26000000	84000000	2234.1958
27000000	84000000	1983.5675
28000000	84000000	2051.1821
29000000	84000000	2523.598
30000000	84000000	2603.648
31000000	84000000	2403.2246
32000000	84000000	1886.3306
33000000	84000000	1274.6282
34000000	84000000	1332.7931
35000000	84000000	1576.3705
36000000	84000000	2457.004
37000000	84000000	3066.6829
38000000	84000000	2934.6064
39000000	84000000	2635.7131
40000000	84000000	2765.8345
41000000	84000000	2864.756
42000000	84000000	2956.6838
43000000	84000000	2584.031
44000000	84000000	2127.9155
45000000	84000000	1958.9365
46000000	84000000	1201.3545
47000000	84000000	1361.0012
48000000	84000000	2958.0415
49000000	84000000	3867.3533
50000000	84000000	2353.6433
51000000	84000000	2441.152
54000000	84000000	1809.5498
55000000	84000000	5034.8203
56000000	84000000	6916.6104
57000000	84000000	4651.05
58000000	84000000	4413.2134
59000000	84000000	3648.2075
60000000	84000000	2035.5819
61000000	84000000	1501.8783
62000000	84000000	1537.0342
63000000	84000000	1575.3135
64000000	84000000	927.4545
65000000	84000000	748.94543
66000000	84000000	1024.9738
67000000	84000000	1051.3508
68000000	84000000	1741.4269
69000000	84000000	2154.606
70000000	84000000	2841.59
71000000	84000000	2028.2051
72000000	84000000	1835.3036
73000000	84000000	1919.8138
74000000	84000000	2855.121
75000000	84000000	2625.1262
76000000	84000000	3809.5918
77000000	84000000	4359.43
78000000	84000000	10309.83
79000000	84000000	16367.814
80000000	84000000	19559.402
81000000	84000000	33401.77
82000000	84000000	43981.324
83000000	84000000	120887.664
84000000	84000000	546082.94
0	85000000	1036.6328
1000000	85000000	846.32684
2000000	85000000	975.6959
3000000	85000000	1743.4977
4000000	85000000	1719.3912
5000000	85000000	1633.3541
6000000	85000000	1788.3303
7000000	85000000	1699.351
8000000	85000000	1803.832
9000000	85000000	1919.6105
10000000	85000000	1609.9388
11000000	85000000	1633.2484
12000000	85000000	1419.9103
13000000	85000000	1734.689
14000000	85000000	1957.5538
15000000	85000000	1611.2303
16000000	85000000	1910.0092
17000000	85000000	1894.9958
18000000	85000000	2260.36
19000000	85000000	2005.6246
20000000	85000000	1936.3364
21000000	85000000	1661.3005
22000000	85000000	2156.8625
23000000	85000000	1582.5035
24000000	85000000	1519.6097
25000000	85000000	1419.6742
26000000	85000000	1859.8013
27000000	85000000	1870.9418
28000000	85000000	1934.8717
29000000	85000000	1482.9692
30000000	85000000	1883.6235
31000000	85000000	2198.5652
32000000	85000000	2547.3247
33000000	85000000	2565.557
34000000	85000000	2263.42
35000000	85000000	2604.2324
36000000	85000000	2458.1953
37000000	85000000	1921.2444
38000000	85000000	1740.7325
39000000	85000000	1695.7426
40000000	85000000	1846.3558
41000000	85000000	1876.8093
42000000	85000000	1881.9767
43000000	85000000	3146.4026
44000000	85000000	2606.2297
45000000	85000000	2276.445
46000000	85000000	3000.581
47000000	85000000	3681.3755
48000000	85000000	2868.6013
49000000	85000000	2150.0486
50000000	85000000	1553.3595
51000000	85000000	1863.7614
54000000	85000000	1123.842
55000000	85000000	2953.7305
56000000	85000000	4313.3706
57000000	85000000	5878.8066
58000000	85000000	5036.497
59000000	85000000	4669.012
60000000	85000000	4115.7217
61000000	85000000	2614.87
62000000	85000000	2336.4814
63000000	85000000	2231.8523
64000000	85000000	1595.2976
65000000	85000000	1601.0857
66000000	85000000	1774.5688
67000000	85000000	1826.3817
68000000	85000000	2242.728
69000000	85000000	2092.4678
70000000	85000000	2431.7485
71000000	85000000	2610.9724
72000000	85000000	3042.3706
73000000	85000000	3423.9463
74000000	85000000	4088.0007
75000000	85000000	4678.9595
76000000	85000000	5010.58
77000000	85000000	8090.4253
78000000	85000000	9416.47
79000000	85000000	9501.378
80000000	85000000	10892.504
81000000	85000000	14974.224
82000000	85000000	29313.889
83000000	85000000	33167.03
84000000	85000000	123053.945
85000000	85000000	578398.94
0	86000000	711.15906
1000000	86000000	783.38824
2000000	86000000	911.3659
3000000	86000000	1305.8689
4000000	86000000	1711.1588
5000000	86000000	1594.3682
6000000	86000000	1747.4729
7000000	86000000	1623.8666
8000000	86000000	1792.4426
9000000	86000000	1400.2548
10000000	86000000	1523.8046
11000000	86000000	1727.0054
12000000	86000000	1554.1133
13000000	86000000	1777.5157
14000000	86000000	1881.4795
15000000	86000000	1881.0928
16000000	86000000	2087.6577
17000000	86000000	2057.7397
18000000	86000000	1924.8209
19000000	86000000	2092.9753
20000000	86000000	2195.63
21000000	86000000	1803.4388
22000000	86000000	2144.1746
23000000	86000000	1723.0511
24000000	86000000	1643.899
25000000	86000000	1642.828
26000000	86000000	1863.8877
27000000	86000000	1972.8151
28000000	86000000	2075.0378
29000000	86000000	1620.0825
30000000	86000000	2062.3281
31000000	86000000	2438.666
32000000	86000000	2635.9575
33000000	86000000	2091.1326
34000000	86000000	2050.7395
35000000	86000000	2580.812
36000000	86000000	2771.378
37000000	86000000	2246.8152
38000000	86000000	2058.8074
39000000	86000000	1998.5824
40000000	86000000	2213.0955
41000000	86000000	2316.851
42000000	86000000	2306.9944
43000000	86000000	3640.3196
44000000	86000000	3088.7856
45000000	86000000	2681.011
46000000	86000000	2225.0254
47000000	86000000	2779.6926
48000000	86000000	3315.8079
49000000	86000000	2575.2715
50000000	86000000	1933.0359
51000000	86000000	2091.4722
54000000	86000000	1373.7587
55000000	86000000	3514.1252
56000000	86000000	5373.9976
57000000	86000000	5569.8535
58000000	86000000	4719.4863
59000000	86000000	4514.723
60000000	86000000	3348.462
61000000	86000000	2194.8796
62000000	86000000	1916.0238
63000000	86000000	1983.5695
64000000	86000000	1205.1257
65000000	86000000	1048.1665
66000000	86000000	1307.2397
67000000	86000000	1257.4838
68000000	86000000	1939.2006
69000000	86000000	2178.9446
70000000	86000000	2812.4797
71000000	86000000	2344.3647
72000000	86000000	2383.9268
73000000	86000000	2665.8452
74000000	86000000	3783.6504
75000000	86000000	3820.7732
76000000	86000000	5035.214
77000000	86000000	7124.951
78000000	86000000	11133.245
79000000	86000000	11494.183
80000000	86000000	11787.517
81000000	86000000	14519.51
82000000	86000000	21629.584
83000000	86000000	25946.854
84000000	86000000	48531.996
85000000	86000000	163948.03
86000000	86000000	536704.25
0	87000000	440.1115
1000000	87000000	495.77454
2000000	87000000	660.3441
3000000	87000000	847.56305
4000000	87000000	1514.3335
5000000	87000000	1596.4844
6000000	87000000	1379.6484
7000000	87000000	1586.2285
8000000	87000000	1278.2194
9000000	87000000	965.57416
10000000	87000000	1083.7686
11000000	87000000	1300.2389
12000000	87000000	1433.8145
13000000	87000000	1573.0538
14000000	87000000	1632.0364
15000000	87000000	2062.7598
16000000	87000000	1972.8604
17000000	87000000	1539.7489
18000000	87000000	1326.8174
19000000	87000000	1571.3065
20000000	87000000	2062.5789
21000000	87000000	2283.5413
22000000	87000000	2076.5842
23000000	87000000	2065.1921
24000000	87000000	1980.5887
25000000	87000000	2088.4358
26000000	87000000	2072.7122
27000000	87000000	1969.171
28000000	87000000	2060.4968
29000000	87000000	2054.2166
30000000	87000000	2406.1597
31000000	87000000	2288.2634
32000000	87000000	1991.356
33000000	87000000	1383.1055
34000000	87000000	1457.4802
35000000	87000000	1845.7721
36000000	87000000	2529.8586
37000000	87000000	2684.5693
38000000	87000000	2587.112
39000000	87000000	2364.6233
40000000	87000000	2621.7634
41000000	87000000	2476.8608
42000000	87000000	2626.6663
43000000	87000000	2783.2146
44000000	87000000	2157.115
45000000	87000000	2006.6025
46000000	87000000	1349.7505
47000000	87000000	1706.6576
48000000	87000000	3216.4421
49000000	87000000	3339.484
50000000	87000000	2294.704
51000000	87000000	2353.3042
54000000	87000000	1533.0704
55000000	87000000	4558.074
56000000	87000000	6369.056
57000000	87000000	4350.2026
58000000	87000000	4269.9043
59000000	87000000	3725.1343
60000000	87000000	2195.5503
61000000	87000000	1358.1935
62000000	87000000	1383.233
63000000	87000000	1434.4922
64000000	87000000	855.90314
65000000	87000000	729.08514
66000000	87000000	931.4675
67000000	87000000	1016.76855
68000000	87000000	1401.172
69000000	87000000	1818.0382
70000000	87000000	2232.0962
71000000	87000000	1708.2399
72000000	87000000	1655.4362
73000000	87000000	1721.6666
74000000	87000000	2584.7812
75000000	87000000	2590.535
76000000	87000000	3375.2395
77000000	87000000	4243.8774
78000000	87000000	8563.695
79000000	87000000	11809.072
80000000	87000000	13116.459
81000000	87000000	16392.213
82000000	87000000	15150.855
83000000	87000000	20410.393
84000000	87000000	32569.37
85000000	87000000	33313.344
86000000	87000000	106578.766
87000000	87000000	499809.03
0	88000000	512.6561
1000000	88000000	483.5692
2000000	88000000	586.5536
3000000	88000000	907.48975
4000000	88000000	1479.2974
5000000	88000000	1651.9368
6000000	88000000	1546.583
7000000	88000000	1670.3234
8000000	88000000	1293.1505
9000000	88000000	1222.0691
10000000	88000000	1232.2078
11000000	88000000	1348.7284
12000000	88000000	1397.7307
13000000	88000000	1580.2576
14000000	88000000	1813.8398
15000000	88000000	1851.7114
16000000	88000000	2044.4012
17000000	88000000	1459.9364
18000000	88000000	1353.3861
19000000	88000000	1562.8744
20000000	88000000	2015.0256
21000000	88000000	2124.7717
22000000	88000000	2308.4636
23000000	88000000	1984.9121
24000000	88000000	1950.4529
25000000	88000000	1864.2557
26000000	88000000	2126.1438
27000000	88000000	2001.079
28000000	88000000	1990.837
29000000	88000000	1937.2775
30000000	88000000	2252.1182
31000000	88000000	2509.9233
32000000	88000000	2157.1172
33000000	88000000	1633.363
34000000	88000000	1583.6245
35000000	88000000	2100.739
36000000	88000000	2530.3477
37000000	88000000	2452.9092
38000000	88000000	2270.3098
39000000	88000000	2103.3408
40000000	88000000	2205.2175
41000000	88000000	2238.7449
42000000	88000000	2269.0742
43000000	88000000	2752.6077
44000000	88000000	2085.1814
45000000	88000000	1866.2573
46000000	88000000	1509.9884
47000000	88000000	2059.5889
48000000	88000000	2788.1042
49000000	88000000	3127.835
50000000	88000000	1670.8152
51000000	88000000	1717.4933
54000000	88000000	1301.6454
55000000	88000000	3862.9758
56000000	88000000	5308.196
57000000	88000000	4820.9976
58000000	88000000	4601.139
59000000	88000000	4001.168
60000000	88000000	2743.8118
61000000	88000000	1452.3656
62000000	88000000	1447.1058
63000000	88000000	1477.9092
64000000	88000000	925.90906
65000000	88000000	823.81964
66000000	88000000	977.548
67000000	88000000	934.35126
68000000	88000000	1341.769
69000000	88000000	1554.0377
70000000	88000000	1890.8264
71000000	88000000	1634.4728
72000000	88000000	1756.9541
73000000	88000000	1841.8654
74000000	88000000	2541.8872
75000000	88000000	2785.2607
76000000	88000000	3359.1292
77000000	88000000	4523.4766
78000000	88000000	7515.893
79000000	88000000	10058.918
80000000	88000000	11601.134
81000000	88000000	14594.964
82000000	88000000	14655.176
83000000	88000000	16368.494
84000000	88000000	21899.338
85000000	88000000	23492.277
86000000	88000000	42329.58
87000000	88000000	214408.95
88000000	88000000	526642.56
0	89000000	318.44586
1000000	89000000	420.12268
2000000	89000000	510.8242
3000000	89000000	536.27405
4000000	89000000	1370.0071
5000000	89000000	1673.1802
6000000	89000000	1392.3923
7000000	89000000	1470.1882
8000000	89000000	990.9697
9000000	89000000	784.0071
10000000	89000000	972.2318
11000000	89000000	1155.5592
12000000	89000000	1357.922
13000000	89000000	1477.3322
14000000	89000000	1566.9286
15000000	89000000	1938.622
16000000	89000000	2007.3962
17000000	89000000	1309.7318
18000000	89000000	948.8616
19000000	89000000	1341.0309
20000000	89000000	1924.4554
21000000	89000000	2298.1135
22000000	89000000	2098.261
23000000	89000000	2146.8027
24000000	89000000	2174.8208
25000000	89000000	2130.6006
26000000	89000000	1844.8218
27000000	89000000	1800.9429
28000000	89000000	1863.6356
29000000	89000000	2061.1282
30000000	89000000	2265.3997
31000000	89000000	2112.575
32000000	89000000	1747.9581
33000000	89000000	1004.1405
34000000	89000000	1208.8942
35000000	89000000	1348.9902
36000000	89000000	2183.5918
37000000	89000000	2624.1199
38000000	89000000	2335.745
39000000	89000000	2083.124
40000000	89000000	2396.0312
41000000	89000000	2221.3132
42000000	89000000	2462.5732
43000000	89000000	2363.549
44000000	89000000	1740.4758
45000000	89000000	1582.221
46000000	89000000	1071.0011
47000000	89000000	1326.2883
48000000	89000000	2319.3584
49000000	89000000	3524.5476
50000000	89000000	1751.5189
51000000	89000000	1999.8688
54000000	89000000	1220.6423
55000000	89000000	4118.8936
56000000	89000000	5634.9194
57000000	89000000	4242.5444
58000000	89000000	3864.8782
59000000	89000000	3403.3274
60000000	89000000	1586.177
61000000	89000000	1140.6688
62000000	89000000	1133.9738
63000000	89000000	1154.9729
64000000	89000000	616.888
65000000	89000000	538.1987
66000000	89000000	767.14343
67000000	89000000	737.2358
68000000	89000000	1108.287
69000000	89000000	1364.0654
70000000	89000000	1742.026
71000000	89000000	1326.6532
72000000	89000000	1267.0936
73000000	89000000	1459.1007
74000000	89000000	2071.9604
75000000	89000000	2025.9866
76000000	89000000	2646.3804
77000000	89000000	3104.3083
78000000	89000000	6546.2646
79000000	89000000	10238.582
80000000	89000000	11719.633
81000000	89000000	15263.635
82000000	89000000	11612.931
83000000	89000000	14526.304
84000000	89000000	18897.365
85000000	89000000	13436.832
86000000	89000000	19163.104
87000000	89000000	36662.3
88000000	89000000	79237.57
89000000	89000000	602681.4
0	90000000	349.72925
1000000	90000000	363.01456
2000000	90000000	518.5059
3000000	90000000	654.7833
4000000	90000000	1367.4763
5000000	90000000	1523.858
6000000	90000000	1205.6329
7000000	90000000	1565.9244
8000000	90000000	1037.4854
9000000	90000000	806.3612
10000000	90000000	956.60645
11000000	90000000	1152.869
12000000	90000000	1341.1932
13000000	90000000	1449.9329
14000000	90000000	1616.0223
15000000	90000000	2030.3943
16000000	90000000	2056.309
17000000	90000000	1256.3237
18000000	90000000	1031.7322
19000000	90000000	1217.736
20000000	90000000	1909.741
21000000	90000000	2381.4653
22000000	90000000	1934.6022
23000000	90000000	2113.425
24000000	90000000	2180.2893
25000000	90000000	2209.9111
26000000	90000000	1966.1547
27000000	90000000	1710.5703
28000000	90000000	1986.4478
29000000	90000000	2190.0366
30000000	90000000	2241.8213
31000000	90000000	2166.945
32000000	90000000	1704.4374
33000000	90000000	1133.9438
34000000	90000000	1157.2706
35000000	90000000	1435.8745
36000000	90000000	2006.7611
37000000	90000000	2925.2622
38000000	90000000	2739.7202
39000000	90000000	2525.4553
40000000	90000000	2510.2075
41000000	90000000	2544.546
42000000	90000000	2475.2275
43000000	90000000	2358.084
44000000	90000000	1620.5519
45000000	90000000	1479.2649
46000000	90000000	1100.3835
47000000	90000000	1287.2637
48000000	90000000	2620.7297
49000000	90000000	3218.1743
50000000	90000000	2148.0762
51000000	90000000	2114.3135
54000000	90000000	1646.0618
55000000	90000000	4489.904
56000000	90000000	5891.521
57000000	90000000	3999.6765
58000000	90000000	3844.0806
59000000	90000000	3236.258
60000000	90000000	1719.3271
61000000	90000000	1156.3768
62000000	90000000	1100.8113
63000000	90000000	1226.2615
64000000	90000000	671.3369
65000000	90000000	572.7063
66000000	90000000	767.1809
67000000	90000000	703.03253
68000000	90000000	1045.0386
69000000	90000000	1334.0793
70000000	90000000	1582.7104
71000000	90000000	1327.3163
72000000	90000000	1349.8278
73000000	90000000	1477.4373
74000000	90000000	2041.6245
75000000	90000000	1935.4034
76000000	90000000	2554.0066
77000000	90000000	2929.38
78000000	90000000	5810.054
79000000	90000000	9436.941
80000000	90000000	11044.695
81000000	90000000	13904.538
82000000	90000000	9618.411
83000000	90000000	11883.836
84000000	90000000	14704.738
85000000	90000000	10403.933
86000000	90000000	13479.425
87000000	90000000	20715.848
88000000	90000000	27326.611
89000000	90000000	114928.23
90000000	90000000	566335.3
0	91000000	271.84055
1000000	91000000	385.22806
2000000	91000000	494.05103
3000000	91000000	605.14905
4000000	91000000	1451.912
5000000	91000000	1506.8123
6000000	91000000	1172.7076
7000000	91000000	1471.3052
8000000	91000000	924.8877
9000000	91000000	706.8191
10000000	91000000	934.18524
11000000	91000000	1153.4558
12000000	91000000	1435.8252
13000000	91000000	1420.0802
14000000	91000000	1532.0792
15000000	91000000	2360.8386
16000000	91000000	2057.0535
17000000	91000000	1219.5675
18000000	91000000	907.5275
19000000	91000000	1232.7007
20000000	91000000	1846.6509
21000000	91000000	2540.1155
22000000	91000000	1698.6124
23000000	91000000	2186.5435
24000000	91000000	2352.0398
25000000	91000000	2545.8975
26000000	91000000	1909.2843
27000000	91000000	1786.9182
28000000	91000000	1924.2639
29000000	91000000	2511.9126
30000000	91000000	2414.5237
31000000	91000000	1996.6102
32000000	91000000	1536.7456
33000000	91000000	889.91425
34000000	91000000	1017.4058
35000000	91000000	1257.7543
36000000	91000000	2079.814
37000000	91000000	3186.9575
38000000	91000000	2883.2722
39000000	91000000	2844.915
40000000	91000000	2758.4158
41000000	91000000	2827.1892
42000000	91000000	3043.197
43000000	91000000	2162.1033
44000000	91000000	1684.8143
45000000	91000000	1587.3226
46000000	91000000	795.85187
47000000	91000000	1009.9635
48000000	91000000	2762.0376
49000000	91000000	4079.6602
50000000	91000000	2548.737
51000000	91000000	2674.2383
54000000	91000000	1942.5479
55000000	91000000	5337.791
56000000	91000000	6598.2515
57000000	91000000	3581.9058
58000000	91000000	3430.5078
59000000	91000000	2848.025
60000000	91000000	1375.9785
61000000	91000000	1044.9789
62000000	91000000	1031.2651
63000000	91000000	1048.6859
64000000	91000000	524.9688
65000000	91000000	497.63275
66000000	91000000	607.1673
67000000	91000000	605.054
68000000	91000000	963.6359
69000000	91000000	1383.8446
70000000	91000000	1818.6145
71000000	91000000	1233.7275
72000000	91000000	1095.2618
73000000	91000000	1245.2966
74000000	91000000	1915.747
75000000	91000000	1780.6448
76000000	91000000	2264.083
77000000	91000000	2525.129
78000000	91000000	6243.4395
79000000	91000000	10708.629
80000000	91000000	11733.841
81000000	91000000	13426.702
82000000	91000000	8090.6387
83000000	91000000	10908.598
84000000	91000000	13731.364
85000000	91000000	8496.437
86000000	91000000	10780.505
87000000	91000000	17097.39
88000000	91000000	19312.139
89000000	91000000	44108.02
90000000	91000000	119425.67
91000000	91000000	545104.8
0	92000000	378.42026
1000000	92000000	490.0531
2000000	92000000	745.69666
3000000	92000000	791.0916
4000000	92000000	1530.8772
5000000	92000000	1428.274
6000000	92000000	1345.0819
7000000	92000000	1444.8466
8000000	92000000	1124.2625
9000000	92000000	794.08594
10000000	92000000	1078.0708
11000000	92000000	1314.8251
12000000	92000000	1567.3141
13000000	92000000	1574.0045
14000000	92000000	1591.79
15000000	92000000	2224.5015
16000000	92000000	2008.5326
17000000	92000000	1484.0906
18000000	92000000	1185.6417
19000000	92000000	1509.2998
20000000	92000000	2109.688
21000000	92000000	2027.9241
22000000	92000000	1767.8925
23000000	92000000	1840.6333
24000000	92000000	1852.3917
25000000	92000000	1892.5084
26000000	92000000	1689.6827
27000000	92000000	1687.7745
28000000	92000000	1806.6272
29000000	92000000	1896.203
30000000	92000000	2265.057
31000000	92000000	2063.1792
32000000	92000000	1650.0475
33000000	92000000	1195.9456
34000000	92000000	1349.9396
35000000	92000000	1540.0599
36000000	92000000	2422.2722
37000000	92000000	2588.8562
38000000	92000000	2296.344
39000000	92000000	2285.6377
40000000	92000000	2386.6267
41000000	92000000	2476.2766
42000000	92000000	2562.5354
43000000	92000000	2721.1086
44000000	92000000	2279.4258
45000000	92000000	2094.5125
46000000	92000000	1208.3602
47000000	92000000	1414.9713
48000000	92000000	2954.8303
49000000	92000000	3367.3926
50000000	92000000	2301.3604
51000000	92000000	2404.8518
54000000	92000000	1510.9042
55000000	92000000	4276.23
56000000	92000000	6001.855
57000000	92000000	4154.1816
58000000	92000000	3670.823
59000000	92000000	3119.5664
60000000	92000000	1744.7498
61000000	92000000	1316.7108
62000000	92000000	1321.403
63000000	92000000	1192.8501
64000000	92000000	669.9193
65000000	92000000	553.9029
66000000	92000000	778.24725
67000000	92000000	778.2327
68000000	92000000	1136.148
69000000	92000000	1592.7677
70000000	92000000	2156.1113
71000000	92000000	1461.6343
72000000	92000000	1283.9133
73000000	92000000	1366.9385
74000000	92000000	2193.4575
75000000	92000000	1967.8784
76000000	92000000	2862.1675
77000000	92000000	3285.8826
78000000	92000000	7779.98
79000000	92000000	10757.248
80000000	92000000	10217.466
81000000	92000000	11238.222
82000000	92000000	8322.006
83000000	92000000	10072.825
84000000	92000000	11259.303
85000000	92000000	8165.997
86000000	92000000	11480.309
87000000	92000000	14661.9375
88000000	92000000	16535.527
89000000	92000000	32487.94
90000000	92000000	57827.35
91000000	92000000	137015.6
92000000	92000000	501451.0
0	93000000	773.24133
1000000	93000000	802.42523
2000000	93000000	987.37585
3000000	93000000	1533.3451
4000000	93000000	1737.9159
5000000	93000000	1581.6415
6000000	93000000	1656.2927
7000000	93000000	1648.4426
8000000	93000000	1629.715
9000000	93000000	1546.8474
10000000	93000000	1625.4008
11000000	93000000	1586.2821
12000000	93000000	1473.7802
13000000	93000000	1868.3135
14000000	93000000	2042.2805
15000000	93000000	1689.3802
16000000	93000000	1827.8287
17000000	93000000	1953.4768
18000000	93000000	2021.7845
19000000	93000000	1996.5137
20000000	93000000	1983.5935
21000000	93000000	1609.692
22000000	93000000	1883.3046
23000000	93000000	1608.7704
24000000	93000000	1480.4264
25000000	93000000	1431.8263
26000000	93000000	1718.0924
27000000	93000000	1768.4635
28000000	93000000	1788.7424
29000000	93000000	1498.611
30000000	93000000	1850.1223
31000000	93000000	2139.1682
32000000	93000000	2369.257
33000000	93000000	2072.8538
34000000	93000000	2014.3942
35000000	93000000	2346.3035
36000000	93000000	2501.6812
37000000	93000000	1935.4954
38000000	93000000	1819.0479
39000000	93000000	1727.92
40000000	93000000	1961.3007
41000000	93000000	2047.936
42000000	93000000	1938.7783
43000000	93000000	3387.5405
44000000	93000000	2783.044
45000000	93000000	2539.7937
46000000	93000000	2431.233
47000000	93000000	3097.016
48000000	93000000	3135.5063
49000000	93000000	2472.577
50000000	93000000	1930.5409
51000000	93000000	2000.7986
54000000	93000000	1396.1029
55000000	93000000	3360.4707
56000000	93000000	4788.9
57000000	93000000	5712.636
58000000	93000000	4852.675
59000000	93000000	4602.8784
60000000	93000000	3210.6882
61000000	93000000	2227.6292
62000000	93000000	1904.6427
63000000	93000000	1872.2795
64000000	93000000	1196.7734
65000000	93000000	981.29535
66000000	93000000	1184.588
67000000	93000000	1230.6682
68000000	93000000	1723.837
69000000	93000000	1797.7681
70000000	93000000	2243.096
71000000	93000000	2077.5903
72000000	93000000	2243.009
73000000	93000000	2472.6958
74000000	93000000	3366.9966
75000000	93000000	3531.9072
76000000	93000000	4165.821
77000000	93000000	5802.512
78000000	93000000	7555.568
79000000	93000000	7216.076
80000000	93000000	7347.5264
81000000	93000000	7447.0747
82000000	93000000	9182.702
83000000	93000000	8085.743
84000000	93000000	7966.8647
85000000	93000000	10091.041
86000000	93000000	11550.758
87000000	93000000	11094.95
88000000	93000000	12865.545
89000000	93000000	19632.5
90000000	93000000	26396.89
91000000	93000000	35675.633
92000000	93000000	132872.69
93000000	93000000	531313.75
0	94000000	836.26904
1000000	94000000	812.359
2000000	94000000	992.062
3000000	94000000	1515.7645
4000000	94000000	1514.7776
5000000	94000000	1435.3813
6000000	94000000	1550.2932
7000000	94000000	1383.608
8000000	94000000	1579.4663
9000000	94000000	1477.5027
10000000	94000000	1566.6414
11000000	94000000	1580.4225
12000000	94000000	1426.9054
13000000	94000000	1714.3595
14000000	94000000	1709.5281
15000000	94000000	1450.0242
16000000	94000000	1640.7228
17000000	94000000	1844.2902
18000000	94000000	1916.1924
19000000	94000000	1943.8009
20000000	94000000	1905.2415
21000000	94000000	1405.0425
22000000	94000000	1791.3812
23000000	94000000	1231.1083
24000000	94000000	1187.5153
25000000	94000000	1151.5154
26000000	94000000	1451.5695
27000000	94000000	1578.2623
28000000	94000000	1566.355
29000000	94000000	1140.9346
30000000	94000000	1546.9752
31000000	94000000	1886.9655
32000000	94000000	2253.2058
33000000	94000000	2100.5176
34000000	94000000	1979.4008
35000000	94000000	2223.4824
36000000	94000000	2209.5144
37000000	94000000	1591.4543
38000000	94000000	1340.8011
39000000	94000000	1412.1144
40000000	94000000	1560.0328
41000000	94000000	1653.0133
42000000	94000000	1612.479
43000000	94000000	2942.3823
44000000	94000000	2684.095
45000000	94000000	2542.5684
46000000	94000000	2460.3413
47000000	94000000	2746.266
48000000	94000000	2620.5286
49000000	94000000	1840.7438
50000000	94000000	1346.0414
51000000	94000000	1348.8607
54000000	94000000	823.7147
55000000	94000000	2450.198
56000000	94000000	3827.0876
57000000	94000000	5041.8228
58000000	94000000	4192.577
59000000	94000000	4065.4185
60000000	94000000	3235.485
61000000	94000000	2314.5728
62000000	94000000	1962.696
63000000	94000000	1822.0403
64000000	94000000	1184.1694
65000000	94000000	1070.7972
66000000	94000000	1243.4075
67000000	94000000	1282.1458
68000000	94000000	1724.1785
69000000	94000000	1817.4628
70000000	94000000	2220.1003
71000000	94000000	2156.9514
72000000	94000000	2434.032
73000000	94000000	2742.8022
74000000	94000000	3557.5676
75000000	94000000	3774.7058
76000000	94000000	4419.953
77000000	94000000	5915.192
78000000	94000000	7500.545
79000000	94000000	6817.7236
80000000	94000000	6392.3364
81000000	94000000	6394.009
82000000	94000000	8179.6714
83000000	94000000	6695.3765
84000000	94000000	6534.091
85000000	94000000	8604.535
86000000	94000000	9538.413
87000000	94000000	8767.795
88000000	94000000	10581.778
89000000	94000000	12843.987
90000000	94000000	15417.125
91000000	94000000	18571.648
92000000	94000000	34807.24
93000000	94000000	132194.19
94000000	94000000	521866.97
0	95000000	837.4798
1000000	95000000	740.27673
2000000	95000000	813.9704
3000000	95000000	1428.7695
4000000	95000000	1364.4639
5000000	95000000	1247.3109
6000000	95000000	1539.6364
7000000	95000000	1340.5782
8000000	95000000	1627.7678
9000000	95000000	1639.9768
10000000	95000000	1507.5669
11000000	95000000	1632.6849
12000000	95000000	1303.3176
13000000	95000000	1447.7463
14000000	95000000	1539.3823
15000000	95000000	1300.1874
16000000	95000000	1641.8029
17000000	95000000	1936.8906
18000000	95000000	2023.1454
19000000	95000000	2047.0444
20000000	95000000	1886.8678
21000000	95000000	1232.4847
22000000	95000000	1715.7821
23000000	95000000	1122.015
24000000	95000000	1105.8947
25000000	95000000	988.1311
26000000	95000000	1598.8607
27000000	95000000	1407.7363
28000000	95000000	1458.3038
29000000	95000000	1008.3086
30000000	95000000	1518.6799
31000000	95000000	1942.4629
32000000	95000000	2354.3462
33000000	95000000	2331.3792
34000000	95000000	2035.0825
35000000	95000000	2452.5818
36000000	95000000	2136.0532
37000000	95000000	1237.6586
38000000	95000000	1029.5626
39000000	95000000	969.2484
40000000	95000000	1333.3613
41000000	95000000	1284.2426
42000000	95000000	1187.1763
43000000	95000000	2653.0242
44000000	95000000	2597.9956
45000000	95000000	2205.1304
46000000	95000000	2624.3013
47000000	95000000	2916.4424
48000000	95000000	2006.806
49000000	95000000	1192.2633
50000000	95000000	751.47565
51000000	95000000	810.2155
54000000	95000000	459.6985
55000000	95000000	1498.8461
56000000	95000000	2629.6655
57000000	95000000	4203.1255
58000000	95000000	3493.4395
59000000	95000000	3490.1838
60000000	95000000	3392.5112
61000000	95000000	2176.9756
62000000	95000000	1663.8956
63000000	95000000	1634.1757
64000000	95000000	1195.714
65000000	95000000	1117.3431
66000000	95000000	1311.7831
67000000	95000000	1215.3551
68000000	95000000	1625.0474
69000000	95000000	1508.4819
70000000	95000000	1678.3975
71000000	95000000	1982.7128
72000000	95000000	2483.1926
73000000	95000000	2787.2285
74000000	95000000	3245.4568
75000000	95000000	4210.166
76000000	95000000	4369.159
77000000	95000000	6291.5825
78000000	95000000	6873.9785
79000000	95000000	5907.473
80000000	95000000	6089.383
81000000	95000000	5605.6953
82000000	95000000	8423.99
83000000	95000000	6293.9287
84000000	95000000	5609.0693
85000000	95000000	8329.088
86000000	95000000	8794.627
87000000	95000000	7892.9497
88000000	95000000	9842.797
89000000	95000000	10063.719
90000000	95000000	11134.81
91000000	95000000	11152.441
92000000	95000000	16234.841
93000000	95000000	30792.018
94000000	95000000	152547.66
95000000	95000000	531049.75
0	96000000	387.36984
1000000	96000000	404.63446
2000000	96000000	444.6514
3000000	96000000	746.986
4000000	96000000	1186.9802
5000000	96000000	1246.3119
6000000	96000000	1189.283
7000000	96000000	1253.3195
8000000	96000000	1010.08594
9000000	96000000	859.2639
10000000	96000000	947.777
11000000	96000000	1064.6838
12000000	96000000	1108.3567
13000000	96000000	1215.3958
14000000	96000000	1264.5282
15000000	96000000	1556.2272
16000000	96000000	1619.1357
17000000	96000000	1285.3475
18000000	96000000	1104.3472
19000000	96000000	1242.2942
20000000	96000000	1684.5476
21000000	96000000	1745.4142
22000000	96000000	1663.3518
23000000	96000000	1557.7812
24000000	96000000	1570.7279
25000000	96000000	1591.6837
26000000	96000000	1667.2192
27000000	96000000	1501.2979
28000000	96000000	1512.4707
29000000	96000000	1625.45
30000000	96000000	1875.4603
31000000	96000000	1750.8822
32000000	96000000	1518.598
33000000	96000000	1152.768
34000000	96000000	1195.1183
35000000	96000000	1363.312
36000000	96000000	1837.2373
37000000	96000000	1873.6537
38000000	96000000	1749.5771
39000000	96000000	1559.0773
40000000	96000000	1768.2057
41000000	96000000	1850.7019
42000000	96000000	1907.4545
43000000	96000000	1924.9939
44000000	96000000	1577.1487
45000000	96000000	1399.8818
46000000	96000000	1212.4504
47000000	96000000	1394.2494
48000000	96000000	1845.0696
49000000	96000000	1994.8822
50000000	96000000	1119.2228
51000000	96000000	1287.273
54000000	96000000	929.60724
55000000	96000000	2695.4517
56000000	96000000	3937.17
57000000	96000000	3221.6218
58000000	96000000	2897.1592
59000000	96000000	2627.115
60000000	96000000	1801.5887
61000000	96000000	1127.6786
62000000	96000000	1043.2418
63000000	96000000	974.8757
64000000	96000000	665.88873
65000000	96000000	596.138
66000000	96000000	721.7098
67000000	96000000	656.60034
68000000	96000000	900.92426
69000000	96000000	1032.6501
70000000	96000000	1343.064
71000000	96000000	1098.6343
72000000	96000000	1294.5552
73000000	96000000	1450.0865
74000000	96000000	1838.7911
75000000	96000000	2088.9285
76000000	96000000	2438.8347
77000000	96000000	3294.5374
78000000	96000000	5342.283
79000000	96000000	7069.2476
80000000	96000000	7753.5146
81000000	96000000	8889.559
82000000	96000000	7320.3184
83000000	96000000	7657.798
84000000	96000000	7928.4595
85000000	96000000	6269.19
86000000	96000000	7506.837
87000000	96000000	9610.472
88000000	96000000	10995.629
89000000	96000000	13809.932
90000000	96000000	15531.403
91000000	96000000	18270.46
92000000	96000000	20285.217
93000000	96000000	23313.021
94000000	96000000	52609.023
95000000	96000000	169207.95
96000000	96000000	490103.38
0	97000000	263.31314
1000000	97000000	332.11035
2000000	97000000	413.78983
3000000	97000000	443.7763
4000000	97000000	1264.3942
5000000	97000000	1304.984
6000000	97000000	1042.7444
7000000	97000000	1307.5685
8000000	97000000	800.5487
9000000	97000000	602.08044
10000000	97000000	820.9887
11000000	97000000	896.216
12000000	97000000	1170.6428
13000000	97000000	1199.4424
14000000	97000000	1284.5814
15000000	97000000	1829.218
16000000	97000000	1680.5319
17000000	97000000	973.06244
18000000	97000000	807.75836
19000000	97000000	991.8795
20000000	97000000	1656.4703
21000000	97000000	2205.0361
22000000	97000000	1576.8423
23000000	97000000	1955.602
24000000	97000000	2111.9326
25000000	97000000	2127.38
26000000	97000000	1577.7739
27000000	97000000	1553.2058
28000000	97000000	1586.4001
29000000	97000000	2103.2605
30000000	97000000	2042.6993
31000000	97000000	1785.8668
32000000	97000000	1176.4338
33000000	97000000	709.2078
34000000	97000000	826.08746
35000000	97000000	934.5891
36000000	97000000	1694.3801
37000000	97000000	2628.8818
38000000	97000000	2467.3184
39000000	97000000	2258.0752
40000000	97000000	2160.8955
41000000	97000000	2429.0142
42000000	97000000	2328.4077
43000000	97000000	1574.1459
44000000	97000000	1253.6804
45000000	97000000	1153.2411
46000000	97000000	656.2213
47000000	97000000	756.5382
48000000	97000000	2092.2048
49000000	97000000	2827.404
50000000	97000000	1905.7136
51000000	97000000	2005.0315
54000000	97000000	1511.3953
55000000	97000000	3907.8218
56000000	97000000	5034.052
57000000	97000000	2868.456
58000000	97000000	2853.81
59000000	97000000	2397.5183
60000000	97000000	1179.7599
61000000	97000000	790.5704
62000000	97000000	799.97186
63000000	97000000	779.29663
64000000	97000000	421.97888
65000000	97000000	396.81357
66000000	97000000	476.67957
67000000	97000000	477.46024
68000000	97000000	703.7591
69000000	97000000	926.7437
70000000	97000000	1257.2872
71000000	97000000	881.4465
72000000	97000000	833.8177
73000000	97000000	959.7632
74000000	97000000	1442.9534
75000000	97000000	1213.1244
76000000	97000000	1839.5839
77000000	97000000	1977.7405
78000000	97000000	4580.2817
79000000	97000000	8052.7744
80000000	97000000	9185.137
81000000	97000000	10945.179
82000000	97000000	6196.4478
83000000	97000000	8215.357
84000000	97000000	10025.555
85000000	97000000	5614.824
86000000	97000000	6729.1343
87000000	97000000	10390.744
88000000	97000000	10856.181
89000000	97000000	15755.8545
90000000	97000000	17944.746
91000000	97000000	22377.875
92000000	97000000	20642.873
93000000	97000000	17264.951
94000000	97000000	23571.15
95000000	97000000	30584.266
96000000	97000000	119573.53
97000000	97000000	526316.56
0	98000000	241.90546
1000000	98000000	313.1568
2000000	98000000	440.83963
3000000	98000000	461.69424
4000000	98000000	1162.1025
5000000	98000000	1321.5062
6000000	98000000	1001.2925
7000000	98000000	1315.4393
8000000	98000000	797.7556
9000000	98000000	590.8652
10000000	98000000	759.03973
11000000	98000000	813.1487
12000000	98000000	1079.5227
13000000	98000000	1189.617
14000000	98000000	1248.9291
15000000	98000000	1743.5441
16000000	98000000	1636.5786
17000000	98000000	981.12573
18000000	98000000	717.6698
19000000	98000000	885.6627
20000000	98000000	1477.2639
21000000	98000000	2146.6702
22000000	98000000	1665.4379
23000000	98000000	2000.8915
24000000	98000000	2224.3586
25000000	98000000	2001.7134
26000000	98000000	1585.3322
27000000	98000000	1457.5901
28000000	98000000	1599.9205
29000000	98000000	2019.8904
30000000	98000000	2012.2659
31000000	98000000	1780.2278
32000000	98000000	1182.3972
33000000	98000000	681.3326
34000000	98000000	803.6531
35000000	98000000	929.1086
36000000	98000000	1580.1433
37000000	98000000	2518.0635
38000000	98000000	2474.191
39000000	98000000	2244.2932
40000000	98000000	2178.9563
41000000	98000000	2328.2407
42000000	98000000	2390.724
43000000	98000000	1604.4733
44000000	98000000	1217.6348
45000000	98000000	1116.926
46000000	98000000	702.99927
47000000	98000000	803.7633
48000000	98000000	2049.7925
49000000	98000000	2990.269
50000000	98000000	1878.1013
51000000	98000000	2180.1335
54000000	98000000	1706.9205
55000000	98000000	4175.6577
56000000	98000000	4881.3135
57000000	98000000	2700.9028
58000000	98000000	2843.004
59000000	98000000	2272.6482
60000000	98000000	1091.5105
61000000	98000000	739.43463
62000000	98000000	759.5765
63000000	98000000	768.6635
64000000	98000000	422.2791
65000000	98000000	373.97873
66000000	98000000	496.3894
67000000	98000000	489.00476
68000000	98000000	673.46844
69000000	98000000	868.7436
70000000	98000000	1164.6752
71000000	98000000	804.37494
72000000	98000000	766.81287
73000000	98000000	986.8832
74000000	98000000	1377.3956
75000000	98000000	1203.3815
76000000	98000000	1720.1199
77000000	98000000	1801.1205
78000000	98000000	4224.0957
79000000	98000000	7499.2056
80000000	98000000	8678.952
81000000	98000000	10273.62
82000000	98000000	5922.2656
83000000	98000000	7776.259
84000000	98000000	9606.288
85000000	98000000	5252.275
86000000	98000000	6760.6616
87000000	98000000	9756.031
88000000	98000000	10275.741
89000000	98000000	14224.716
90000000	98000000	16876.992
91000000	98000000	19937.883
92000000	98000000	17477.924
93000000	98000000	14068.529
94000000	98000000	17919.557
95000000	98000000	21572.693
96000000	98000000	57323.387
97000000	98000000	141437.44
98000000	98000000	549065.5
0	99000000	218.2793
1000000	99000000	294.59607
2000000	99000000	376.22003
3000000	99000000	497.81982
4000000	99000000	1158.9061
5000000	99000000	1237.0643
6000000	99000000	1085.572
7000000	99000000	1279.8622
8000000	99000000	858.17957
9000000	99000000	597.7488
10000000	99000000	776.4089
11000000	99000000	896.18463
12000000	99000000	1146.2646
13000000	99000000	1106.0806
14000000	99000000	1281.4696
15000000	99000000	1761.7971
16000000	99000000	1777.1141
17000000	99000000	976.2232
18000000	99000000	766.8185
19000000	99000000	981.2123
20000000	99000000	1524.0708
21000000	99000000	1982.4146
22000000	99000000	1635.5466
23000000	99000000	1896.412
24000000	99000000	1981.8953
25000000	99000000	1991.4917
26000000	99000000	1492.9011
27000000	99000000	1498.4779
28000000	99000000	1480.695
29000000	99000000	1953.8198
30000000	99000000	1941.0375
31000000	99000000	1696.8274
32000000	99000000	1300.2805
33000000	99000000	742.5783
34000000	99000000	841.03064
35000000	99000000	989.2159
36000000	99000000	1636.9578
37000000	99000000	2332.8457
38000000	99000000	2314.2244
39000000	99000000	2029.926
40000000	99000000	1965.0128
41000000	99000000	2227.0574
42000000	99000000	2014.8904
43000000	99000000	1686.9502
44000000	99000000	1174.0006
45000000	99000000	1125.253
46000000	99000000	688.41797
47000000	99000000	837.4162
48000000	99000000	1836.4779
49000000	99000000	2747.1575
50000000	99000000	1648.1459
51000000	99000000	1747.078
54000000	99000000	1122.0917
55000000	99000000	3639.88
56000000	99000000	4742.8433
57000000	99000000	2841.8442
58000000	99000000	2839.3298
59000000	99000000	2365.1218
60000000	99000000	1238.1157
61000000	99000000	736.9208
62000000	99000000	751.5988
63000000	99000000	773.0605
64000000	99000000	408.16425
65000000	99000000	403.51727
66000000	99000000	450.7463
67000000	99000000	457.33923
68000000	99000000	701.8977
69000000	99000000	904.1171
70000000	99000000	1165.2643
71000000	99000000	817.28973
72000000	99000000	855.8916
73000000	99000000	945.0287
74000000	99000000	1435.1603
75000000	99000000	1330.9038
76000000	99000000	1730.4811
77000000	99000000	2023.8925
78000000	99000000	4402.2637
79000000	99000000	7561.633
80000000	99000000	8583.408
81000000	99000000	10116.327
82000000	99000000	6289.819
83000000	99000000	7778.131
84000000	99000000	9565.258
85000000	99000000	5569.825
86000000	99000000	6689.762
87000000	99000000	9882.044
88000000	99000000	10305.114
89000000	99000000	14192.267
90000000	99000000	16055.428
91000000	99000000	17714.25
92000000	99000000	15630.078
93000000	99000000	12850.458
94000000	99000000	15641.648
95000000	99000000	18846.191
96000000	99000000	41009.84
97000000	99000000	63488.12
98000000	99000000	117445.97
99000000	99000000	541980.1
0	100000000	352.0464
1000000	100000000	426.55112
2000000	100000000	530.88226
3000000	100000000	643.99066
4000000	100000000	1304.0626
5000000	100000000	1247.6836
6000000	100000000	1248.7705
7000000	100000000	1394.0447
8000000	100000000	1015.99695
9000000	100000000	792.5362
10000000	100000000	959.117
11000000	100000000	1140.6443
12000000	100000000	1219.5928
13000000	100000000	1249.4321
14000000	100000000	1444.1597
15000000	100000000	1788.103
16000000	100000000	1797.0853
17000000	100000000	1319.9518
18000000	100000000	1119.6208
19000000	100000000	1223.7604
20000000	100000000	1707.881
21000000	100000000	1838.9547
22000000	100000000	1623.738
23000000	100000000	1658.7789
24000000	100000000	1703.9833
25000000	100000000	1730.2078
26000000	100000000	1627.557
27000000	100000000	1600.3776
28000000	100000000	1600.119
29000000	100000000	1802.6533
30000000	100000000	2026.5619
31000000	100000000	1941.1855
32000000	100000000	1489.462
33000000	100000000	1034.7662
34000000	100000000	1109.2339
35000000	100000000	1362.3528
36000000	100000000	1964.7297
37000000	100000000	2143.1814
38000000	100000000	1917.5726
39000000	100000000	1740.2012
40000000	100000000	1922.2489
41000000	100000000	2079.2363
42000000	100000000	2006.8164
43000000	100000000	2255.6738
44000000	100000000	1699.51
45000000	100000000	1431.3373
46000000	100000000	1028.493
47000000	100000000	1246.2755
48000000	100000000	2210.5718
49000000	100000000	2522.1587
50000000	100000000	1444.7191
51000000	100000000	1552.7119
54000000	100000000	1087.5255
55000000	100000000	3258.8289
56000000	100000000	4611.6157
57000000	100000000	3482.3389
58000000	100000000	3204.0276
59000000	100000000	2565.8516
60000000	100000000	1556.0042
61000000	100000000	968.0992
62000000	100000000	1001.44183
63000000	100000000	957.32745
64000000	100000000	528.89667
65000000	100000000	463.349
66000000	100000000	639.518
67000000	100000000	584.8564
68000000	100000000	825.1183
69000000	100000000	989.91766
70000000	100000000	1295.7584
71000000	100000000	1094.0343
72000000	100000000	1088.0526
73000000	100000000	1170.5013
74000000	100000000	1572.7052
75000000	100000000	1709.7386
76000000	100000000	2143.4875
77000000	100000000	2649.285
78000000	100000000	5154.8193
79000000	100000000	7117.54
80000000	100000000	7868.3813
81000000	100000000	9395.525
82000000	100000000	6948.9873
83000000	100000000	7795.3726
84000000	100000000	8694.987
85000000	100000000	6333.1455
86000000	100000000	7507.6665
87000000	100000000	9475.988
88000000	100000000	9964.034
89000000	100000000	12199.48
90000000	100000000	12630.622
91000000	100000000	13832.517
92000000	100000000	13427.083
93000000	100000000	12129.312
94000000	100000000	13619.238
95000000	100000000	16742.78
96000000	100000000	24652.232
97000000	100000000	30512.682
98000000	100000000	38809.08
99000000	100000000	109252.016
100000000	100000000	569396.94
0	101000000	307.12155
1000000	101000000	418.62585
2000000	101000000	515.573
3000000	101000000	591.1728
4000000	101000000	1424.9243
5000000	101000000	1516.808
6000000	101000000	1168.4642
7000000	101000000	1458.5575
8000000	101000000	922.25104
9000000	101000000	634.58466
10000000	101000000	914.9893
11000000	101000000	973.9098
12000000	101000000	1229.7041
13000000	101000000	1339.1914
14000000	101000000	1416.4634
15000000	101000000	1870.3643
16000000	101000000	1776.4615
17000000	101000000	1042.0597
18000000	101000000	929.513
19000000	101000000	1084.3643
20000000	101000000	1649.5603
21000000	101000000	2026.4602
22000000	101000000	1610.5137
23000000	101000000	1818.2593
24000000	101000000	1833.9604
25000000	101000000	1885.0135
26000000	101000000	1595.1398
27000000	101000000	1595.7985
28000000	101000000	1632.2352
29000000	101000000	2056.7656
30000000	101000000	2015.472
31000000	101000000	1897.6449
32000000	101000000	1439.1232
33000000	101000000	847.1821
34000000	101000000	974.7701
35000000	101000000	1105.4755
36000000	101000000	1899.0209
37000000	101000000	2391.599
38000000	101000000	2207.4229
39000000	101000000	2087.8057
40000000	101000000	2135.2026
41000000	101000000	2227.9124
42000000	101000000	2283.7012
43000000	101000000	1955.7145
44000000	101000000	1514.9203
45000000	101000000	1488.7017
46000000	101000000	767.48206
47000000	101000000	980.2803
48000000	101000000	2325.7354
49000000	101000000	2775.0237
50000000	101000000	1828.5187
51000000	101000000	2048.8167
54000000	101000000	1410.2815
55000000	101000000	3733.2466
56000000	101000000	5223.258
57000000	101000000	3118.2117
58000000	101000000	3089.7344
59000000	101000000	2580.6677
60000000	101000000	1243.2291
61000000	101000000	893.25275
62000000	101000000	903.02075
63000000	101000000	861.99115
64000000	101000000	511.57043
65000000	101000000	431.45886
66000000	101000000	579.5091
67000000	101000000	481.40665
68000000	101000000	726.74915
69000000	101000000	1044.2401
70000000	101000000	1409.072
71000000	101000000	888.32477
72000000	101000000	874.8001
73000000	101000000	973.3394
74000000	101000000	1498.2463
75000000	101000000	1404.7631
76000000	101000000	1858.3829
77000000	101000000	2001.1423
78000000	101000000	5153.9517
79000000	101000000	7801.6895
80000000	101000000	8394.701
81000000	101000000	9543.083
82000000	101000000	6584.362
83000000	101000000	8377.434
84000000	101000000	9295.314
85000000	101000000	5842.9766
86000000	101000000	7301.4253
87000000	101000000	9724.1875
88000000	101000000	9874.823
89000000	101000000	11715.218
90000000	101000000	12432.923
91000000	101000000	13868.508
92000000	101000000	12961.334
93000000	101000000	9853.012
94000000	101000000	10323.449
95000000	101000000	10300.869
96000000	101000000	18125.936
97000000	101000000	23568.773
98000000	101000000	27276.451
99000000	101000000	43034.11
100000000	101000000	107091.43
101000000	101000000	562951.75
0	102000000	760.2081
1000000	102000000	608.95215
2000000	102000000	692.7545
3000000	102000000	1291.638
4000000	102000000	1463.93
5000000	102000000	1391.8608
6000000	102000000	1635.0209
7000000	102000000	1487.4578
8000000	102000000	1324.7944
9000000	102000000	1530.339
10000000	102000000	1279.0812
11000000	102000000	1324.9718
12000000	102000000	1191.3976
13000000	102000000	1453.748
14000000	102000000	1649.7092
15000000	102000000	1342.0339
16000000	102000000	1563.4076
17000000	102000000	1497.094
18000000	102000000	1662.5485
19000000	102000000	1583.3983
20000000	102000000	1654.2511
21000000	102000000	1278.9175
22000000	102000000	2023.3989
23000000	102000000	1288.6539
24000000	102000000	1178.2448
25000000	102000000	1217.139
26000000	102000000	1716.2909
27000000	102000000	1560.4077
28000000	102000000	1577.704
29000000	102000000	1205.6818
30000000	102000000	1594.1686
31000000	102000000	1842.1733
32000000	102000000	2130.6345
33000000	102000000	1842.4977
34000000	102000000	1738.2695
35000000	102000000	2310.9138
36000000	102000000	2100.0032
37000000	102000000	1390.1858
38000000	102000000	1190.4454
39000000	102000000	1150.7189
40000000	102000000	1449.1561
41000000	102000000	1496.553
42000000	102000000	1376.3561
43000000	102000000	2551.624
44000000	102000000	2157.8413
45000000	102000000	1783.3538
46000000	102000000	1921.4205
47000000	102000000	2449.1836
48000000	102000000	2076.2546
49000000	102000000	1423.3456
50000000	102000000	857.6179
51000000	102000000	1092.2771
54000000	102000000	632.8927
55000000	102000000	1823.1649
56000000	102000000	2912.275
57000000	102000000	4398.2656
58000000	102000000	4020.735
59000000	102000000	3595.148
60000000	102000000	2959.8818
61000000	102000000	1690.6495
62000000	102000000	1440.7441
63000000	102000000	1397.1748
64000000	102000000	1038.8903
65000000	102000000	978.65625
66000000	102000000	978.06793
67000000	102000000	1068.4204
68000000	102000000	1292.4401
69000000	102000000	1228.8391
70000000	102000000	1409.7439
71000000	102000000	1564.3973
72000000	102000000	2141.6135
73000000	102000000	2172.3552
74000000	102000000	2527.0593
75000000	102000000	3158.1372
76000000	102000000	3248.838
77000000	102000000	4567.101
78000000	102000000	5323.5024
79000000	102000000	5158.868
80000000	102000000	5718.4727
81000000	102000000	5914.499
82000000	102000000	8376.507
83000000	102000000	6437.636
84000000	102000000	6097.655
85000000	102000000	8090.389
86000000	102000000	8146.6084
87000000	102000000	7443.2554
88000000	102000000	9012.177
89000000	102000000	8187.6216
90000000	102000000	8407.339
91000000	102000000	7050.086
92000000	102000000	8471.88
93000000	102000000	11290.571
94000000	102000000	12666.985
95000000	102000000	15406.147
96000000	102000000	12824.266
97000000	102000000	11407.729
98000000	102000000	12813.429
99000000	102000000	18256.994
100000000	102000000	33553.25
101000000	102000000	100817.734
102000000	102000000	633690.44
0	103000000	371.12448
1000000	103000000	408.13583
2000000	103000000	477.77133
3000000	103000000	654.2454
4000000	103000000	1294.4062
5000000	103000000	1386.6324
6000000	103000000	1238.1698
7000000	103000000	1282.7091
8000000	103000000	901.3326
9000000	103000000	781.4783
10000000	103000000	905.9055
11000000	103000000	1005.42
12000000	103000000	1038.745
13000000	103000000	1163.2935
14000000	103000000	1348.5813
15000000	103000000	1472.986
16000000	103000000	1622.5542
17000000	103000000	1150.5033
18000000	103000000	924.61584
19000000	103000000	1106.4631
20000000	103000000	1473.8524
21000000	103000000	1770.1515
22000000	103000000	1650.8269
23000000	103000000	1699.311
24000000	103000000	1664.4613
25000000	103000000	1632.322
26000000	103000000	1537.4512
27000000	103000000	1483.9263
28000000	103000000	1459.6377
29000000	103000000	1509.1812
30000000	103000000	1699.0138
31000000	103000000	1824.7119
32000000	103000000	1404.279
33000000	103000000	1059.2837
34000000	103000000	1057.3756
35000000	103000000	1354.7559
36000000	103000000	1681.1377
37000000	103000000	1990.3641
38000000	103000000	1791.9185
39000000	103000000	1689.2374
40000000	103000000	1798.8674
41000000	103000000	1931.5033
42000000	103000000	1731.5044
43000000	103000000	1965.4526
44000000	103000000	1482.6812
45000000	103000000	1284.6461
46000000	103000000	968.4928
47000000	103000000	1163.6067
48000000	103000000	1958.1338
49000000	103000000	2140.1106
50000000	103000000	1275.6018
51000000	103000000	1304.3416
54000000	103000000	1050.2615
55000000	103000000	2670.9897
56000000	103000000	3875.493
57000000	103000000	3172.6687
58000000	103000000	2995.0334
59000000	103000000	2495.0156
60000000	103000000	1531.1597
61000000	103000000	978.55475
62000000	103000000	850.03424
63000000	103000000	856.9727
64000000	103000000	546.01294
65000000	103000000	474.48343
66000000	103000000	597.84155
67000000	103000000	520.72534
68000000	103000000	827.33453
69000000	103000000	918.14465
70000000	103000000	1229.2423
71000000	103000000	973.03345
72000000	103000000	1073.7307
73000000	103000000	1097.3527
74000000	103000000	1691.2097
75000000	103000000	1738.136
76000000	103000000	2046.7358
77000000	103000000	2437.3494
78000000	103000000	4511.555
79000000	103000000	6057.1616
80000000	103000000	6894.8457
81000000	103000000	7876.034
82000000	103000000	6171.145
83000000	103000000	6856.23
84000000	103000000	7542.598
85000000	103000000	5580.2686
86000000	103000000	6455.2383
87000000	103000000	7747.8965
88000000	103000000	8400.73
89000000	103000000	8987.92
90000000	103000000	9386.443
91000000	103000000	9513.054
92000000	103000000	8880.436
93000000	103000000	8106.2383
94000000	103000000	8081.8115
95000000	103000000	9206.066
96000000	103000000	12038.829
97000000	103000000	14245.077
98000000	103000000	15524.329
99000000	103000000	19827.695
100000000	103000000	24464.033
101000000	103000000	43321.17
102000000	103000000	80805.65
103000000	103000000	566958.6
0	104000000	336.1136
1000000	104000000	340.22147
2000000	104000000	431.3322
3000000	104000000	567.92035
4000000	104000000	1089.5919
5000000	104000000	1224.8633
6000000	104000000	1079.2596
7000000	104000000	1251.9465
8000000	104000000	881.68195
9000000	104000000	662.7118
10000000	104000000	817.8621
11000000	104000000	946.12006
12000000	104000000	972.924
13000000	104000000	1106.1636
14000000	104000000	1232.5535
15000000	104000000	1426.9471
16000000	104000000	1566.0128
17000000	104000000	1050.546
18000000	104000000	896.5801
19000000	104000000	1047.5592
20000000	104000000	1419.9111
21000000	104000000	1629.4282
22000000	104000000	1570.6042
23000000	104000000	1538.5833
24000000	104000000	1661.304
25000000	104000000	1653.6599
26000000	104000000	1437.2916
27000000	104000000	1354.1356
28000000	104000000	1432.8215
29000000	104000000	1571.6971
30000000	104000000	1743.3936
31000000	104000000	1604.473
32000000	104000000	1365.0962
33000000	104000000	937.87494
34000000	104000000	943.5338
35000000	104000000	1137.6963
36000000	104000000	1614.406
37000000	104000000	1881.123
38000000	104000000	1804.031
39000000	104000000	1698.9146
40000000	104000000	1749.1833
41000000	104000000	1833.4236
42000000	104000000	1820.4254
43000000	104000000	1796.46
44000000	104000000	1320.9862
45000000	104000000	1152.1172
46000000	104000000	875.8433
47000000	104000000	1066.9082
48000000	104000000	1791.9453
49000000	104000000	2121.168
50000000	104000000	1336.0842
51000000	104000000	1284.8217
54000000	104000000	857.9586
55000000	104000000	2676.1738
56000000	104000000	3601.47
57000000	104000000	2769.4314
58000000	104000000	2669.924
59000000	104000000	2318.0623
60000000	104000000	1333.6298
61000000	104000000	795.3458
62000000	104000000	777.20013
63000000	104000000	818.0763
64000000	104000000	483.98215
65000000	104000000	400.84802
66000000	104000000	550.2632
67000000	104000000	496.88196
68000000	104000000	716.63885
69000000	104000000	829.6618
70000000	104000000	1061.825
71000000	104000000	924.2744
72000000	104000000	1007.04193
73000000	104000000	1049.3735
74000000	104000000	1443.1254
75000000	104000000	1446.3849
76000000	104000000	1861.7299
77000000	104000000	2181.6946
78000000	104000000	4033.9966
79000000	104000000	5853.49
80000000	104000000	6621.983
81000000	104000000	7944.809
82000000	104000000	5689.1567
83000000	104000000	6411.996
84000000	104000000	7469.4517
85000000	104000000	5214.378
86000000	104000000	5773.2407
87000000	104000000	7222.2905
88000000	104000000	7831.97
89000000	104000000	9042.537
90000000	104000000	9066.537
91000000	104000000	9053.478
92000000	104000000	8189.4053
93000000	104000000	7037.8706
94000000	104000000	7105.379
95000000	104000000	7916.331
96000000	104000000	10582.802
97000000	104000000	13438.243
98000000	104000000	14314.925
99000000	104000000	17553.896
100000000	104000000	19319.555
101000000	104000000	27493.373
102000000	104000000	31857.006
103000000	104000000	162591.8
104000000	104000000	551656.1
0	105000000	331.2291
1000000	105000000	313.80222
2000000	105000000	443.15668
3000000	105000000	566.9043
4000000	105000000	1230.3282
5000000	105000000	1348.1826
6000000	105000000	1096.0936
7000000	105000000	1287.5383
8000000	105000000	861.947
9000000	105000000	662.6628
10000000	105000000	852.48285
11000000	105000000	861.6736
12000000	105000000	983.4627
13000000	105000000	1175.0735
14000000	105000000	1329.871
15000000	105000000	1565.1635
16000000	105000000	1634.8807
17000000	105000000	991.3735
18000000	105000000	894.976
19000000	105000000	984.2986
20000000	105000000	1471.6581
21000000	105000000	1879.4917
22000000	105000000	1708.234
23000000	105000000	1794.5139
24000000	105000000	1876.2147
25000000	105000000	1759.4617
26000000	105000000	1414.9503
27000000	105000000	1437.6321
28000000	105000000	1507.6073
29000000	105000000	1757.2152
30000000	105000000	1909.1793
31000000	105000000	1726.6852
32000000	105000000	1352.7795
33000000	105000000	890.3989
34000000	105000000	952.2991
35000000	105000000	1099.9233
36000000	105000000	1632.7808
37000000	105000000	1985.5793
38000000	105000000	2021.9547
39000000	105000000	1884.3055
40000000	105000000	1912.9891
41000000	105000000	1908.8427
42000000	105000000	1934.2579
43000000	105000000	1876.2991
44000000	105000000	1339.2997
45000000	105000000	1093.9083
46000000	105000000	840.9706
47000000	105000000	1019.81134
48000000	105000000	1847.4999
49000000	105000000	2317.8704
50000000	105000000	1224.2777
51000000	105000000	1190.9141
54000000	105000000	981.3187
55000000	105000000	2826.9304
56000000	105000000	3887.9004
57000000	105000000	2898.499
58000000	105000000	2811.0315
59000000	105000000	2382.5874
60000000	105000000	1233.809
61000000	105000000	802.1607
62000000	105000000	836.41974
63000000	105000000	832.7376
64000000	105000000	482.10977
65000000	105000000	429.1559
66000000	105000000	511.87646
67000000	105000000	466.30762
68000000	105000000	668.33325
69000000	105000000	827.04913
70000000	105000000	1109.3955
71000000	105000000	870.4672
72000000	105000000	890.9418
73000000	105000000	1029.0831
74000000	105000000	1479.5339
75000000	105000000	1404.015
76000000	105000000	1791.022
77000000	105000000	2216.6992
78000000	105000000	3960.3926
79000000	105000000	6078.574
80000000	105000000	7201.0986
81000000	105000000	8462.798
82000000	105000000	5752.489
83000000	105000000	6908.0547
84000000	105000000	7963.17
85000000	105000000	5245.3545
86000000	105000000	5791.715
87000000	105000000	7525.0225
88000000	105000000	8051.6465
89000000	105000000	9900.409
90000000	105000000	10093.746
91000000	105000000	10286.311
92000000	105000000	8562.194
93000000	105000000	7350.388
94000000	105000000	6797.5356
95000000	105000000	7365.9717
96000000	105000000	11049.679
97000000	105000000	14280.597
98000000	105000000	14708.493
99000000	105000000	17807.111
100000000	105000000	18414.186
101000000	105000000	24433.467
102000000	105000000	23832.86
103000000	105000000	57305.418
104000000	105000000	152408.9
105000000	105000000	535997.7
0	106000000	304.76645
1000000	106000000	378.06033
2000000	106000000	507.15674
3000000	106000000	580.0888
4000000	106000000	1246.0505
5000000	106000000	1424.9944
6000000	106000000	1104.364
7000000	106000000	1237.777
8000000	106000000	844.8762
9000000	106000000	661.0061
10000000	106000000	778.36414
11000000	106000000	900.7928
12000000	106000000	1130.2146
13000000	106000000	1188.9147
14000000	106000000	1386.1105
15000000	106000000	1662.3986
16000000	106000000	1618.6534
17000000	106000000	1040.9421
18000000	106000000	821.5385
19000000	106000000	981.83777
20000000	106000000	1553.915
21000000	106000000	1932.0739
22000000	106000000	1760.5376
23000000	106000000	1906.8743
24000000	106000000	1976.7433
25000000	106000000	1828.555
26000000	106000000	1732.5728
27000000	106000000	1588.547
28000000	106000000	1632.8989
29000000	106000000	1934.3132
30000000	106000000	2077.032
31000000	106000000	1807.8086
32000000	106000000	1358.1527
33000000	106000000	886.04803
34000000	106000000	784.12573
35000000	106000000	1113.0171
36000000	106000000	1687.8632
37000000	106000000	2382.695
38000000	106000000	2132.4512
39000000	106000000	2041.4486
40000000	106000000	2008.7175
41000000	106000000	2239.6301
42000000	106000000	2260.0935
43000000	106000000	1841.2704
44000000	106000000	1343.4514
45000000	106000000	1275.6108
46000000	106000000	806.6838
47000000	106000000	928.13605
48000000	106000000	1960.1083
49000000	106000000	2654.493
50000000	106000000	1737.4319
51000000	106000000	1703.9636
54000000	106000000	1085.6508
55000000	106000000	3164.4526
56000000	106000000	4168.8613
57000000	106000000	2842.446
58000000	106000000	2708.621
59000000	106000000	2334.8337
60000000	106000000	1216.5278
61000000	106000000	764.2048
62000000	106000000	831.0309
63000000	106000000	781.2529
64000000	106000000	470.8647
65000000	106000000	398.0965
66000000	106000000	491.4094
67000000	106000000	502.15573
68000000	106000000	718.5582
69000000	106000000	916.1458
70000000	106000000	1242.0624
71000000	106000000	886.8707
72000000	106000000	863.3782
73000000	106000000	930.5939
74000000	106000000	1342.3372
75000000	106000000	1215.6421
76000000	106000000	1737.3918
77000000	106000000	2118.8508
78000000	106000000	4481.2935
79000000	106000000	6579.102
80000000	106000000	7735.1987
81000000	106000000	8884.803
82000000	106000000	5673.5356
83000000	106000000	7131.131
84000000	106000000	8012.493
85000000	106000000	5081.4717
86000000	106000000	5993.2925
87000000	106000000	7999.8857
88000000	106000000	8173.802
89000000	106000000	9620.679
90000000	106000000	10302.734
91000000	106000000	10470.962
92000000	106000000	9010.253
93000000	106000000	7207.455
94000000	106000000	6671.8584
95000000	106000000	6374.9033
96000000	106000000	10563.341
97000000	106000000	13945.315
98000000	106000000	14572.246
99000000	106000000	16265.326
100000000	106000000	16763.283
101000000	106000000	21080.873
102000000	106000000	16951.588
103000000	106000000	30337.602
104000000	106000000	43504.363
105000000	106000000	132352.33
106000000	106000000	592095.3
0	107000000	875.77
1000000	107000000	745.7954
2000000	107000000	804.9481
3000000	107000000	1573.0234
4000000	107000000	1492.822
5000000	107000000	1366.7986
6000000	107000000	1492.8978
7000000	107000000	1418.3257
8000000	107000000	1713.0155
9000000	107000000	1629.2413
10000000	107000000	1396.6708
11000000	107000000	1395.788
12000000	107000000	1153.8156
13000000	107000000	1449.4922
14000000	107000000	1547.6954
15000000	107000000	1279.8972
16000000	107000000	1485.8535
17000000	107000000	1753.3427
18000000	107000000	2017.356
19000000	107000000	1751.4873
20000000	107000000	1717.5698
21000000	107000000	1298.2084
22000000	107000000	1774.399
23000000	107000000	1378.7683
24000000	107000000	1252.2246
25000000	107000000	1195.9062
26000000	107000000	1567.163
27000000	107000000	1559.6904
28000000	107000000	1661.2684
29000000	107000000	1121.9131
30000000	107000000	1496.2336
31000000	107000000	1975.5121
32000000	107000000	2156.8667
33000000	107000000	2167.426
34000000	107000000	1865.3564
35000000	107000000	2056.0388
36000000	107000000	1887.1357
37000000	107000000	1295.0245
38000000	107000000	1293.0648
39000000	107000000	1166.1533
40000000	107000000	1410.3544
41000000	107000000	1373.1844
42000000	107000000	1385.4275
43000000	107000000	2662.5305
44000000	107000000	2191.6523
45000000	107000000	2036.1586
46000000	107000000	2710.7063
47000000	107000000	2904.6394
48000000	107000000	1965.5034
49000000	107000000	1391.0145
50000000	107000000	919.75745
51000000	107000000	846.48
54000000	107000000	665.6402
55000000	107000000	1653.5132
56000000	107000000	2600.457
57000000	107000000	3697.5715
58000000	107000000	3269.8503
59000000	107000000	3248.9792
60000000	107000000	2804.8296
61000000	107000000	2007.3552
62000000	107000000	1574.3951
63000000	107000000	1492.6306
64000000	107000000	1098.0223
65000000	107000000	1013.6374
66000000	107000000	1227.9269
67000000	107000000	1220.1671
68000000	107000000	1511.1042
69000000	107000000	1249.525
70000000	107000000	1578.1571
71000000	107000000	1782.8267
72000000	107000000	2237.384
73000000	107000000	2827.2893
74000000	107000000	3121.1375
75000000	107000000	3789.072
76000000	107000000	3928.6316
77000000	107000000	6006.8706
78000000	107000000	5344.47
79000000	107000000	4557.8774
80000000	107000000	5009.4277
81000000	107000000	4949.3564
82000000	107000000	6710.3413
83000000	107000000	5208.2515
84000000	107000000	5086.2754
85000000	107000000	6771.906
86000000	107000000	7100.6885
87000000	107000000	6160.216
88000000	107000000	6619.449
89000000	107000000	6336.013
90000000	107000000	6521.9966
91000000	107000000	5599.083
92000000	107000000	6364.9707
93000000	107000000	8652.576
94000000	107000000	8886.499
95000000	107000000	10294.255
96000000	107000000	7897.329
97000000	107000000	7092.5464
98000000	107000000	7501.929
99000000	107000000	8449.768
100000000	107000000	11108.996
101000000	107000000	11388.852
102000000	107000000	17847.688
103000000	107000000	18044.824
104000000	107000000	20955.652
105000000	107000000	36883.777
106000000	107000000	98691.79
107000000	107000000	581605.9
0	108000000	1128.7356
1000000	108000000	877.4069
2000000	108000000	918.2569
3000000	108000000	1895.5629
4000000	108000000	1358.4124
5000000	108000000	1165.9332
6000000	108000000	1486.6173
7000000	108000000	1269.7467
8000000	108000000	1633.2975
9000000	108000000	1879.4764
10000000	108000000	1416.6927
11000000	108000000	1443.8264
12000000	108000000	1098.7563
13000000	108000000	1365.5377
14000000	108000000	1481.3752
15000000	108000000	1033.0519
16000000	108000000	1283.1036
17000000	108000000	1697.1093
18000000	108000000	2044.2168
19000000	108000000	1680.6786
20000000	108000000	1339.4967
21000000	108000000	983.71313
22000000	108000000	1578.501
23000000	108000000	979.7027
24000000	108000000	986.5632
25000000	108000000	880.49994
26000000	108000000	1315.4313
27000000	108000000	1303.286
28000000	108000000	1453.1389
29000000	108000000	822.7539
30000000	108000000	1173.8462
31000000	108000000	1582.0964
32000000	108000000	2020.0571
33000000	108000000	2277.2668
34000000	108000000	1952.2368
35000000	108000000	2070.9277
36000000	108000000	1646.3744
37000000	108000000	1016.3888
38000000	108000000	873.05
39000000	108000000	912.56384
40000000	108000000	1068.8416
41000000	108000000	1072.2784
42000000	108000000	1033.7369
43000000	108000000	2296.5803
44000000	108000000	2086.757
45000000	108000000	1856.8059
46000000	108000000	2965.8716
47000000	108000000	3222.9792
48000000	108000000	1565.6238
49000000	108000000	986.7749
50000000	108000000	693.13245
51000000	108000000	576.7037
54000000	108000000	423.57877
55000000	108000000	1203.6301
56000000	108000000	1846.3872
57000000	108000000	3300.3784
58000000	108000000	2872.4905
59000000	108000000	3294.8284
60000000	108000000	3159.2615
61000000	108000000	2219.5564
62000000	108000000	1712.5663
63000000	108000000	1723.0847
64000000	108000000	1314.5745
65000000	108000000	1248.4402
66000000	108000000	1482.7217
67000000	108000000	1448.633
68000000	108000000	1655.866
69000000	108000000	1318.0602
70000000	108000000	1565.1252
71000000	108000000	1963.4331
72000000	108000000	2531.2588
73000000	108000000	3359.0483
74000000	108000000	3459.5684
75000000	108000000	3947.411
76000000	108000000	4089.6409
77000000	108000000	6252.221
78000000	108000000	4725.7944
79000000	108000000	3640.7322
80000000	108000000	3833.5771
81000000	108000000	3736.6313
82000000	108000000	6102.51
83000000	108000000	3994.0981
84000000	108000000	3428.8374
85000000	108000000	6251.742
86000000	108000000	5846.327
87000000	108000000	4507.2935
88000000	108000000	5484.952
89000000	108000000	4484.805
90000000	108000000	4680.8535
91000000	108000000	3966.862
92000000	108000000	4628.0
93000000	108000000	7476.9883
94000000	108000000	7494.817
95000000	108000000	8909.153
96000000	108000000	5832.117
97000000	108000000	4718.917
98000000	108000000	5100.578
99000000	108000000	5885.1885
100000000	108000000	7853.0405
101000000	108000000	7094.686
102000000	108000000	13607.347
103000000	108000000	10792.015
104000000	108000000	11845.637
105000000	108000000	15397.527
106000000	108000000	20817.156
107000000	108000000	146780.84
108000000	108000000	641924.4
0	109000000	592.5223
1000000	109000000	652.553
2000000	109000000	894.107
3000000	109000000	1039.0664
4000000	109000000	1445.1757
5000000	109000000	1348.8699
6000000	109000000	1203.807
7000000	109000000	1319.6318
8000000	109000000	1111.355
9000000	109000000	1120.948
10000000	109000000	1221.1522
11000000	109000000	1276.4902
12000000	109000000	1362.3734
13000000	109000000	1388.8604
14000000	109000000	1390.506
15000000	109000000	1485.2902
16000000	109000000	1564.2672
17000000	109000000	1399.6965
18000000	109000000	1255.3843
19000000	109000000	1394.0905
20000000	109000000	1499.4003
21000000	109000000	1469.9946
22000000	109000000	1570.1195
23000000	109000000	1437.399
24000000	109000000	1323.7764
25000000	109000000	1475.3934
26000000	109000000	1447.7572
27000000	109000000	1471.7457
28000000	109000000	1432.2869
29000000	109000000	1334.2253
30000000	109000000	1552.1747
31000000	109000000	1573.9071
32000000	109000000	1554.088
33000000	109000000	1336.9089
34000000	109000000	1361.8168
35000000	109000000	1632.7952
36000000	109000000	1830.2466
37000000	109000000	1610.5508
38000000	109000000	1370.4464
39000000	109000000	1458.5426
40000000	109000000	1539.3169
41000000	109000000	1609.5616
42000000	109000000	1651.9335
43000000	109000000	1868.4119
44000000	109000000	1718.959
45000000	109000000	1833.8002
46000000	109000000	1384.1837
47000000	109000000	1459.0875
48000000	109000000	1650.1162
49000000	109000000	1742.8765
50000000	109000000	1119.36
51000000	109000000	1175.3754
54000000	109000000	855.56134
55000000	109000000	2132.1301
56000000	109000000	3070.992
57000000	109000000	2691.0635
58000000	109000000	2776.9338
59000000	109000000	2702.7283
60000000	109000000	2097.06
61000000	109000000	1461.2197
62000000	109000000	1342.115
63000000	109000000	1235.584
64000000	109000000	833.711
65000000	109000000	719.6534
66000000	109000000	890.6282
67000000	109000000	879.69165
68000000	109000000	1218.4952
69000000	109000000	1503.4268
70000000	109000000	1892.0258
71000000	109000000	1493.343
72000000	109000000	1463.3712
73000000	109000000	1623.4891
74000000	109000000	2445.1846
75000000	109000000	2244.8347
76000000	109000000	3007.6565
77000000	109000000	3253.0369
78000000	109000000	5415.9414
79000000	109000000	5988.301
80000000	109000000	6094.462
81000000	109000000	6326.163
82000000	109000000	5356.1177
83000000	109000000	5371.2256
84000000	109000000	5720.924
85000000	109000000	4845.1313
86000000	109000000	5332.965
87000000	109000000	6137.349
88000000	109000000	6618.3755
89000000	109000000	6426.6753
90000000	109000000	6796.7817
91000000	109000000	6636.374
92000000	109000000	6536.389
93000000	109000000	6426.3745
94000000	109000000	6613.8867
95000000	109000000	6342.8813
96000000	109000000	6990.8994
97000000	109000000	7906.9414
98000000	109000000	8163.8125
99000000	109000000	9187.325
100000000	109000000	10112.2705
101000000	109000000	11514.598
102000000	109000000	12102.047
103000000	109000000	13772.872
104000000	109000000	14220.919
105000000	109000000	17870.668
106000000	109000000	25988.53
107000000	109000000	37539.77
108000000	109000000	119464.68
109000000	109000000	562438.75
0	110000000	755.48456
1000000	110000000	834.77594
2000000	110000000	1019.97363
3000000	110000000	1276.2018
4000000	110000000	1379.6799
5000000	110000000	1344.7559
6000000	110000000	1280.3843
7000000	110000000	1352.2069
8000000	110000000	1278.7147
9000000	110000000	1296.409
10000000	110000000	1387.611
11000000	110000000	1411.7712
12000000	110000000	1369.3503
13000000	110000000	1366.6611
14000000	110000000	1335.8835
15000000	110000000	1286.5936
16000000	110000000	1453.1493
17000000	110000000	1591.5804
18000000	110000000	1572.846
19000000	110000000	1546.3042
20000000	110000000	1493.4653
21000000	110000000	1286.0807
22000000	110000000	1393.5071
23000000	110000000	1176.4891
24000000	110000000	1057.2549
25000000	110000000	1073.8821
26000000	110000000	1249.0477
27000000	110000000	1232.8116
28000000	110000000	1205.7477
29000000	110000000	1105.8336
30000000	110000000	1386.7859
31000000	110000000	1508.5029
32000000	110000000	1714.4473
33000000	110000000	1590.7788
34000000	110000000	1562.1112
35000000	110000000	1811.5931
36000000	110000000	1725.3259
37000000	110000000	1365.5549
38000000	110000000	1259.6833
39000000	110000000	1176.3811
40000000	110000000	1344.2455
41000000	110000000	1392.454
42000000	110000000	1383.9679
43000000	110000000	2042.1184
44000000	110000000	2200.0823
45000000	110000000	2287.8794
46000000	110000000	1738.6581
47000000	110000000	1729.9403
48000000	110000000	1631.9167
49000000	110000000	1296.3671
50000000	110000000	993.5008
51000000	110000000	1024.3655
54000000	110000000	581.42993
55000000	110000000	1634.8683
56000000	110000000	2489.3943
57000000	110000000	2706.956
58000000	110000000	2600.5242
59000000	110000000	2885.377
60000000	110000000	2306.187
61000000	110000000	1828.8177
62000000	110000000	1539.0605
63000000	110000000	1551.3876
64000000	110000000	964.44635
65000000	110000000	801.88226
66000000	110000000	964.29535
67000000	110000000	965.45013
68000000	110000000	1415.1549
69000000	110000000	1733.3778
70000000	110000000	2171.525
71000000	110000000	1753.5029
72000000	110000000	1797.1599
73000000	110000000	2046.9371
74000000	110000000	2873.1633
75000000	110000000	2732.0642
76000000	110000000	3511.937
77000000	110000000	3911.4238
78000000	110000000	5839.831
79000000	110000000	5751.9873
80000000	110000000	5273.0117
81000000	110000000	4913.2856
82000000	110000000	5042.18
83000000	110000000	4820.9243
84000000	110000000	4493.792
85000000	110000000	4705.706
86000000	110000000	5239.269
87000000	110000000	5146.19
88000000	110000000	5604.348
89000000	110000000	5553.3
90000000	110000000	5376.3394
91000000	110000000	5417.1157
92000000	110000000	5854.223
93000000	110000000	6320.194
94000000	110000000	6566.009
95000000	110000000	6645.2344
96000000	110000000	6284.884
97000000	110000000	6388.0044
98000000	110000000	6385.422
99000000	110000000	7306.0615
100000000	110000000	8226.525
101000000	110000000	8928.439
102000000	110000000	10459.737
103000000	110000000	10346.282
104000000	110000000	10496.686
105000000	110000000	12228.964
106000000	110000000	15169.677
107000000	110000000	22597.367
108000000	110000000	40669.035
109000000	110000000	152308.22
110000000	110000000	567120.06
0	111000000	1348.9373
1000000	111000000	1102.5398
2000000	111000000	1254.9084
3000000	111000000	2010.2758
4000000	111000000	1451.1332
5000000	111000000	1298.5312
6000000	111000000	1537.0895
7000000	111000000	1417.4766
8000000	111000000	1797.559
9000000	111000000	1972.2505
10000000	111000000	1658.5023
11000000	111000000	1703.9656
12000000	111000000	1306.1239
13000000	111000000	1433.8665
14000000	111000000	1450.4484
15000000	111000000	1048.5005
16000000	111000000	1405.7834
17000000	111000000	1980.3474
18000000	111000000	2332.9578
19000000	111000000	1961.4607
20000000	111000000	1460.2528
21000000	111000000	916.4895
22000000	111000000	1356.5442
23000000	111000000	932.8044
24000000	111000000	705.297
25000000	111000000	750.4119
26000000	111000000	1227.5522
27000000	111000000	1131.7257
28000000	111000000	1186.8016
29000000	111000000	755.0742
30000000	111000000	1163.5812
31000000	111000000	1563.7129
32000000	111000000	2057.3987
33000000	111000000	2451.4055
34000000	111000000	2197.1064
35000000	111000000	2211.9236
36000000	111000000	1752.0247
37000000	111000000	912.3435
38000000	111000000	789.3926
39000000	111000000	736.776
40000000	111000000	1001.6821
41000000	111000000	939.8463
42000000	111000000	910.4929
43000000	111000000	2469.8787
44000000	111000000	2695.6294
45000000	111000000	2636.2585
46000000	111000000	3395.371
47000000	111000000	3265.0088
48000000	111000000	1677.9883
49000000	111000000	757.1885
50000000	111000000	568.5523
51000000	111000000	566.12506
54000000	111000000	361.4117
55000000	111000000	1000.9767
56000000	111000000	1814.9331
57000000	111000000	3539.3445
58000000	111000000	2920.107
59000000	111000000	3320.7395
60000000	111000000	3392.5176
61000000	111000000	2875.616
62000000	111000000	2161.0933
63000000	111000000	2052.2961
64000000	111000000	1616.4915
65000000	111000000	1516.0975
66000000	111000000	1729.5057
67000000	111000000	1756.3638
68000000	111000000	2192.867
69000000	111000000	1774.9463
70000000	111000000	2244.0896
71000000	111000000	2645.751
72000000	111000000	3155.4011
73000000	111000000	3789.4546
74000000	111000000	4020.2483
75000000	111000000	4743.687
76000000	111000000	5047.626
77000000	111000000	6940.3716
78000000	111000000	6022.8228
79000000	111000000	4036.9673
80000000	111000000	3946.9739
81000000	111000000	3596.0913
82000000	111000000	5874.0312
83000000	111000000	3973.3567
84000000	111000000	3434.2004
85000000	111000000	5775.7905
86000000	111000000	5429.3154
87000000	111000000	4041.3936
88000000	111000000	5026.406
89000000	111000000	4371.0
90000000	111000000	4070.3003
91000000	111000000	3534.5857
92000000	111000000	4512.357
93000000	111000000	7093.303
94000000	111000000	7331.737
95000000	111000000	8661.399
96000000	111000000	5366.978
97000000	111000000	4104.968
98000000	111000000	4239.6655
99000000	111000000	4762.4746
100000000	111000000	6574.4834
101000000	111000000	5719.319
102000000	111000000	11011.871
103000000	111000000	7650.26
104000000	111000000	7714.711
105000000	111000000	8743.068
106000000	111000000	9170.178
107000000	111000000	20402.277
108000000	111000000	28527.633
109000000	111000000	43219.2
110000000	111000000	145865.66
111000000	111000000	611590.94
0	112000000	771.36835
1000000	112000000	1284.9146
2000000	112000000	1862.012
3000000	112000000	1521.1641
4000000	112000000	1660.9021
5000000	112000000	1429.3962
6000000	112000000	1374.2921
7000000	112000000	1505.3014
8000000	112000000	1559.5192
9000000	112000000	1169.8519
10000000	112000000	1698.4745
11000000	112000000	1918.3617
12000000	112000000	1994.6139
13000000	112000000	1659.5442
14000000	112000000	1490.5356
15000000	112000000	1647.7394
16000000	112000000	1636.3077
17000000	112000000	2211.031
18000000	112000000	1774.1825
19000000	112000000	1923.4207
20000000	112000000	1781.1196
21000000	112000000	1230.072
22000000	112000000	1216.9862
23000000	112000000	1070.3068
24000000	112000000	1030.7896
25000000	112000000	1079.6154
26000000	112000000	1140.218
27000000	112000000	1186.0466
28000000	112000000	1161.719
29000000	112000000	1101.0374
30000000	112000000	1380.6129
31000000	112000000	1472.1671
32000000	112000000	1667.264
33000000	112000000	1594.7441
34000000	112000000	1825.0201
35000000	112000000	1844.7006
36000000	112000000	1957.9874
37000000	112000000	1345.5637
38000000	112000000	1259.1593
39000000	112000000	1217.9097
40000000	112000000	1404.6038
41000000	112000000	1389.5382
42000000	112000000	1422.4835
43000000	112000000	2297.3215
44000000	112000000	3437.7249
45000000	112000000	3900.3667
46000000	112000000	1970.4763
47000000	112000000	1668.4338
48000000	112000000	1939.5132
49000000	112000000	1605.1205
50000000	112000000	1203.7925
51000000	112000000	1106.8326
54000000	112000000	736.92804
55000000	112000000	1896.4955
56000000	112000000	2972.8958
57000000	112000000	2806.1287
58000000	112000000	2497.9272
59000000	112000000	2813.4014
60000000	112000000	2058.7988
61000000	112000000	2282.093
62000000	112000000	1904.2738
63000000	112000000	1745.1483
64000000	112000000	1162.4835
65000000	112000000	754.4636
66000000	112000000	1050.551
67000000	112000000	1053.0327
68000000	112000000	1950.7544
69000000	112000000	2959.02
70000000	112000000	3932.9705
71000000	112000000	2547.7444
72000000	112000000	2423.8445
73000000	112000000	2322.6265
74000000	112000000	3714.1052
75000000	112000000	3380.7988
76000000	112000000	4792.62
77000000	112000000	4522.4478
78000000	112000000	8475.969
79000000	112000000	7194.467
80000000	112000000	5604.635
81000000	112000000	5136.163
82000000	112000000	4373.2183
83000000	112000000	4752.7236
84000000	112000000	4591.6387
85000000	112000000	4001.0325
86000000	112000000	5093.807
87000000	112000000	4723.266
88000000	112000000	4549.8745
89000000	112000000	4790.502
90000000	112000000	4764.3794
91000000	112000000	5351.6367
92000000	112000000	6204.6436
93000000	112000000	5883.66
94000000	112000000	6259.964
95000000	112000000	5893.822
96000000	112000000	5381.2075
97000000	112000000	5667.141
98000000	112000000	5576.113
99000000	112000000	6232.499
100000000	112000000	6834.2026
101000000	112000000	7302.5337
102000000	112000000	6990.8594
103000000	112000000	7596.599
104000000	112000000	7392.628
105000000	112000000	8148.7715
106000000	112000000	9821.135
107000000	112000000	10768.07
108000000	112000000	11689.001
109000000	112000000	19836.266
110000000	112000000	30861.738
111000000	112000000	87295.086
112000000	112000000	568653.6
0	113000000	860.0615
1000000	113000000	1383.0944
2000000	113000000	1984.1115
3000000	113000000	1689.7605
4000000	113000000	1700.0231
5000000	113000000	1551.5293
6000000	113000000	1429.5242
7000000	113000000	1599.5265
8000000	113000000	1682.6842
9000000	113000000	1210.1125
10000000	113000000	1613.7869
11000000	113000000	2119.106
12000000	113000000	2079.2283
13000000	113000000	1681.7332
14000000	113000000	1529.4475
15000000	113000000	1785.6023
16000000	113000000	1725.379
17000000	113000000	2416.2896
18000000	113000000	1901.2122
19000000	113000000	2047.34
20000000	113000000	2079.5435
21000000	113000000	1309.5574
22000000	113000000	1461.6752
23000000	113000000	1170.308
24000000	113000000	1103.183
25000000	113000000	1114.3143
26000000	113000000	1261.0426
27000000	113000000	1387.6421
28000000	113000000	1272.2322
29000000	113000000	1132.7866
30000000	113000000	1482.4749
31000000	113000000	1613.8838
32000000	113000000	1857.4951
33000000	113000000	1664.8215
34000000	113000000	1921.3096
35000000	113000000	1895.183
36000000	113000000	2133.4302
37000000	113000000	1304.3798
38000000	113000000	1196.5399
39000000	113000000	1227.5977
40000000	113000000	1417.0583
41000000	113000000	1408.623
42000000	113000000	1519.1149
43000000	113000000	2741.1
44000000	113000000	3843.703
45000000	113000000	4105.323
46000000	113000000	2129.3357
47000000	113000000	1797.7266
48000000	113000000	1943.9528
49000000	113000000	1524.6626
50000000	113000000	1053.49
51000000	113000000	1024.3446
54000000	113000000	542.9008
55000000	113000000	1762.3173
56000000	113000000	2930.8018
57000000	113000000	3116.5247
58000000	113000000	2571.758
59000000	113000000	2921.652
60000000	113000000	2179.1108
61000000	113000000	2370.7195
62000000	113000000	1923.7402
63000000	113000000	1891.7162
64000000	113000000	1213.3213
65000000	113000000	859.7826
66000000	113000000	1165.4762
67000000	113000000	1114.7042
68000000	113000000	2046.8749
69000000	113000000	2953.3325
70000000	113000000	4180.808
71000000	113000000	2728.9363
72000000	113000000	2542.356
73000000	113000000	2511.077
74000000	113000000	3720.9785
75000000	113000000	3509.7163
76000000	113000000	4986.6387
77000000	113000000	4934.7285
78000000	113000000	8995.75
79000000	113000000	7554.494
80000000	113000000	5871.067
81000000	113000000	5298.2744
82000000	113000000	4637.8643
83000000	113000000	4901.454
84000000	113000000	4666.3257
85000000	113000000	4254.208
86000000	113000000	5494.8467
87000000	113000000	5036.171
88000000	113000000	4914.0806
89000000	113000000	5189.063
90000000	113000000	5005.994
91000000	113000000	5378.216
92000000	113000000	6474.4634
93000000	113000000	6323.6655
94000000	113000000	6638.53
95000000	113000000	6726.879
96000000	113000000	5852.1797
97000000	113000000	5564.015
98000000	113000000	5612.3003
99000000	113000000	6062.477
100000000	113000000	6898.8833
101000000	113000000	7219.3296
102000000	113000000	7425.4634
103000000	113000000	7619.2163
104000000	113000000	7346.9497
105000000	113000000	8157.0283
106000000	113000000	9165.842
107000000	113000000	10487.678
108000000	113000000	10594.943
109000000	113000000	15857.539
110000000	113000000	21496.695
111000000	113000000	36431.562
112000000	113000000	163153.6
113000000	113000000	515126.84
0	114000000	542.28
1000000	114000000	1133.1176
2000000	114000000	1671.5344
3000000	114000000	1220.1418
4000000	114000000	1865.7782
5000000	114000000	1879.9954
6000000	114000000	1352.7697
7000000	114000000	1723.911
8000000	114000000	1339.9131
9000000	114000000	1036.516
10000000	114000000	1460.3218
11000000	114000000	1881.4637
12000000	114000000	2129.2336
13000000	114000000	1640.5161
14000000	114000000	1565.7823
15000000	114000000	2073.0776
16000000	114000000	2046.6514
17000000	114000000	2033.5597
18000000	114000000	1512.0895
19000000	114000000	1881.259
20000000	114000000	2310.6045
21000000	114000000	2228.2612
22000000	114000000	2604.7708
23000000	114000000	2308.9038
24000000	114000000	2087.75
25000000	114000000	2112.089
26000000	114000000	2393.1716
27000000	114000000	1909.6439
28000000	114000000	1743.3141
29000000	114000000	1825.2236
30000000	114000000	2011.7655
31000000	114000000	1927.2461
32000000	114000000	1936.5343
33000000	114000000	1388.1273
34000000	114000000	1627.9647
35000000	114000000	1765.3444
36000000	114000000	2217.9333
37000000	114000000	2160.5693
38000000	114000000	2037.7317
39000000	114000000	1982.2959
40000000	114000000	2002.4047
41000000	114000000	2072.4753
42000000	114000000	2204.61
43000000	114000000	2553.5413
44000000	114000000	3110.952
45000000	114000000	3306.8354
46000000	114000000	1450.3804
47000000	114000000	1188.9365
48000000	114000000	1899.2196
49000000	114000000	2222.221
50000000	114000000	1595.5029
51000000	114000000	1431.4084
54000000	114000000	959.6904
55000000	114000000	2758.366
56000000	114000000	3572.3047
57000000	114000000	2552.5547
58000000	114000000	2645.694
59000000	114000000	3094.654
60000000	114000000	1918.7585
61000000	114000000	1769.827
62000000	114000000	1556.6337
63000000	114000000	1477.3112
64000000	114000000	850.3673
65000000	114000000	603.88995
66000000	114000000	809.13525
67000000	114000000	772.76685
68000000	114000000	1515.9167
69000000	114000000	2759.0222
70000000	114000000	3669.506
71000000	114000000	2108.5415
72000000	114000000	1766.3481
73000000	114000000	1797.949
74000000	114000000	3171.5498
75000000	114000000	2558.914
76000000	114000000	3943.6113
77000000	114000000	3471.1277
78000000	114000000	8339.888
79000000	114000000	8863.561
80000000	114000000	7931.738
81000000	114000000	7532.7603
82000000	114000000	5048.0205
83000000	114000000	5888.2583
84000000	114000000	6043.36
85000000	114000000	4401.702
86000000	114000000	5469.574
87000000	114000000	6535.4917
88000000	114000000	6731.838
89000000	114000000	7107.7124
90000000	114000000	7256.267
91000000	114000000	7350.5757
92000000	114000000	7446.968
93000000	114000000	6242.5938
94000000	114000000	6876.74
95000000	114000000	6366.9087
96000000	114000000	6963.019
97000000	114000000	8271.561
98000000	114000000	8179.502
99000000	114000000	8935.489
100000000	114000000	8154.0337
101000000	114000000	9076.79
102000000	114000000	8052.572
103000000	114000000	9403.64
104000000	114000000	9796.942
105000000	114000000	10109.48
106000000	114000000	10781.421
107000000	114000000	8656.843
108000000	114000000	8198.949
109000000	114000000	13635.623
110000000	114000000	15263.081
111000000	114000000	15184.769
112000000	114000000	39316.504
113000000	114000000	111277.14
114000000	114000000	503329.22
0	115000000	1095.9584
1000000	115000000	1587.8427
2000000	115000000	1989.8473
3000000	115000000	1715.7559
4000000	115000000	1680.8292
5000000	115000000	1438.6133
6000000	115000000	1335.8644
7000000	115000000	1496.8752
8000000	115000000	1552.2294
9000000	115000000	1298.8904
10000000	115000000	1650.204
11000000	115000000	1890.5747
12000000	115000000	1819.9227
13000000	115000000	1471.5211
14000000	115000000	1385.5049
15000000	115000000	1397.8684
16000000	115000000	1480.5289
17000000	115000000	1944.0924
18000000	115000000	1760.0192
19000000	115000000	1946.6586
20000000	115000000	1620.9103
21000000	115000000	1178.992
22000000	115000000	1281.5409
23000000	115000000	923.09406
24000000	115000000	923.41833
25000000	115000000	885.8415
26000000	115000000	1279.6871
27000000	115000000	1171.2646
28000000	115000000	1052.0104
29000000	115000000	844.1761
30000000	115000000	1107.9646
31000000	115000000	1364.2675
32000000	115000000	1709.0859
33000000	115000000	1743.353
34000000	115000000	1891.5565
35000000	115000000	2003.769
36000000	115000000	1825.3107
37000000	115000000	1050.6915
38000000	115000000	879.9639
39000000	115000000	896.2491
40000000	115000000	1061.7106
41000000	115000000	1056.9156
42000000	115000000	1096.6842
43000000	115000000	2106.5286
44000000	115000000	3084.3057
45000000	115000000	3448.672
46000000	115000000	2047.231
47000000	115000000	1713.0792
48000000	115000000	1492.1812
49000000	115000000	1168.1761
50000000	115000000	918.31415
51000000	115000000	824.9707
54000000	115000000	608.43353
55000000	115000000	1392.3212
56000000	115000000	2096.2622
57000000	115000000	2515.8928
58000000	115000000	2553.6582
59000000	115000000	2913.5198
60000000	115000000	2791.2173
61000000	115000000	2442.3435
62000000	115000000	1961.3177
63000000	115000000	2050.7483
64000000	115000000	1391.878
65000000	115000000	1047.6923
66000000	115000000	1346.7821
67000000	115000000	1307.5509
68000000	115000000	2234.3599
69000000	115000000	3150.962
70000000	115000000	3907.007
71000000	115000000	2923.5938
72000000	115000000	2984.0388
73000000	115000000	2654.8457
74000000	115000000	4017.1292
75000000	115000000	3686.1309
76000000	115000000	4628.7964
77000000	115000000	4615.1694
78000000	115000000	6886.385
79000000	115000000	5347.244
80000000	115000000	4244.859
81000000	115000000	3675.6082
82000000	115000000	3850.5247
83000000	115000000	3619.1597
84000000	115000000	3215.6487
85000000	115000000	3794.3992
86000000	115000000	4450.453
87000000	115000000	3890.5579
88000000	115000000	3974.592
89000000	115000000	3458.0115
90000000	115000000	3533.706
91000000	115000000	3561.3652
92000000	115000000	4256.2646
93000000	115000000	4901.3086
94000000	115000000	5389.388
95000000	115000000	5601.9937
96000000	115000000	4159.6904
97000000	115000000	3569.7542
98000000	115000000	3626.3384
99000000	115000000	3965.1685
100000000	115000000	4518.0005
101000000	115000000	4435.9233
102000000	115000000	6246.736
103000000	115000000	5064.475
104000000	115000000	4672.8027
105000000	115000000	4708.0654
106000000	115000000	5092.163
107000000	115000000	6400.292
108000000	115000000	6789.456
109000000	115000000	8761.743
110000000	115000000	9992.973
111000000	115000000	11765.104
112000000	115000000	20505.96
113000000	115000000	29684.09
114000000	115000000	109245.83
115000000	115000000	601341.5
0	116000000	1818.584
1000000	116000000	2165.2263
2000000	116000000	2569.8223
3000000	116000000	2318.9414
4000000	116000000	1592.0176
5000000	116000000	1374.1564
6000000	116000000	1495.4663
7000000	116000000	1391.7908
8000000	116000000	1748.1978
9000000	116000000	1725.6705
10000000	116000000	1771.6348
11000000	116000000	1962.5769
12000000	116000000	1706.7512
13000000	116000000	1399.2911
14000000	116000000	1238.8682
15000000	116000000	1166.4364
16000000	116000000	1258.8005
17000000	116000000	2159.6436
18000000	116000000	2203.3218
19000000	116000000	1984.6516
20000000	116000000	1440.0288
21000000	116000000	843.9848
22000000	116000000	935.1036
23000000	116000000	627.59015
24000000	116000000	642.7293
25000000	116000000	621.4653
26000000	116000000	825.6007
27000000	116000000	836.36017
28000000	116000000	804.32886
29000000	116000000	656.27875
30000000	116000000	841.88086
31000000	116000000	1109.0192
32000000	116000000	1646.6001
33000000	116000000	1970.7955
34000000	116000000	2048.3853
35000000	116000000	1937.9543
36000000	116000000	1523.6748
37000000	116000000	705.42224
38000000	116000000	648.8441
39000000	116000000	648.4894
40000000	116000000	706.03424
41000000	116000000	792.6439
42000000	116000000	817.75867
43000000	116000000	1876.2277
44000000	116000000	3267.9841
45000000	116000000	4218.5737
46000000	116000000	3197.9758
47000000	116000000	2387.9907
48000000	116000000	1271.9989
49000000	116000000	832.08984
50000000	116000000	629.7803
51000000	116000000	627.9423
54000000	116000000	400.28983
55000000	116000000	912.0811
56000000	116000000	1649.5251
57000000	116000000	2597.9138
58000000	116000000	2323.4346
59000000	116000000	2970.6555
60000000	116000000	3099.8545
61000000	116000000	3842.531
62000000	116000000	2909.2527
63000000	116000000	2932.6777
64000000	116000000	2231.7827
65000000	116000000	1727.9135
66000000	116000000	2141.996
67000000	116000000	2189.3271
68000000	116000000	3244.3203
69000000	116000000	3914.1677
70000000	116000000	5011.8457
71000000	116000000	3950.9521
72000000	116000000	3787.3928
73000000	116000000	4115.214
74000000	116000000	4867.4375
75000000	116000000	4937.247
76000000	116000000	5723.836
77000000	116000000	5840.937
78000000	116000000	6966.2485
79000000	116000000	4482.6167
80000000	116000000	3217.3179
81000000	116000000	2866.84
82000000	116000000	3415.9995
83000000	116000000	2954.3381
84000000	116000000	2583.0042
85000000	116000000	3430.3518
86000000	116000000	3692.0073
87000000	116000000	2987.3555
88000000	116000000	2992.851
89000000	116000000	2621.2097
90000000	116000000	2629.5686
91000000	116000000	2649.6816
92000000	116000000	3344.839
93000000	116000000	4340.216
94000000	116000000	4754.94
95000000	116000000	4772.8784
96000000	116000000	3420.511
97000000	116000000	2803.2075
98000000	116000000	2655.5803
99000000	116000000	2863.4353
100000000	116000000	3358.501
101000000	116000000	3551.1016
102000000	116000000	4828.7837
103000000	116000000	3768.2063
104000000	116000000	3531.96
105000000	116000000	3528.5872
106000000	116000000	3858.7131
107000000	116000000	5957.0083
108000000	116000000	6465.212
109000000	116000000	7099.644
110000000	116000000	8690.397
111000000	116000000	11889.22
112000000	116000000	20066.22
113000000	116000000	28267.49
114000000	116000000	60398.418
115000000	116000000	172843.16
116000000	116000000	550737.8
0	117000000	2834.813
1000000	117000000	3627.4229
2000000	117000000	3435.3298
3000000	117000000	2888.3884
4000000	117000000	1354.2178
5000000	117000000	1058.5885
6000000	117000000	1368.8351
7000000	117000000	1269.4836
8000000	117000000	1904.607
9000000	117000000	2031.2631
10000000	117000000	1789.1324
11000000	117000000	1741.5778
12000000	117000000	1234.9122
13000000	117000000	1126.4146
14000000	117000000	965.1996
15000000	117000000	714.23474
16000000	117000000	864.68945
17000000	117000000	1927.5568
18000000	117000000	2143.4878
19000000	117000000	1607.4261
20000000	117000000	835.52356
21000000	117000000	431.4881
22000000	117000000	532.5873
23000000	117000000	397.61908
24000000	117000000	300.75244
25000000	117000000	279.0089
26000000	117000000	513.1141
27000000	117000000	507.00287
28000000	117000000	519.1988
29000000	117000000	377.679
30000000	117000000	521.8613
31000000	117000000	724.3371
32000000	117000000	1256.9899
33000000	117000000	2178.1191
34000000	117000000	2084.3635
35000000	117000000	1618.0785
36000000	117000000	971.0223
37000000	117000000	351.7799
38000000	117000000	365.40872
39000000	117000000	319.2406
40000000	117000000	391.86325
41000000	117000000	377.13455
42000000	117000000	427.68167
43000000	117000000	1211.614
44000000	117000000	2638.4983
45000000	117000000	3513.816
46000000	117000000	3999.9294
47000000	117000000	2679.2808
48000000	117000000	727.43097
49000000	117000000	381.03986
50000000	117000000	269.58942
51000000	117000000	317.05432
54000000	117000000	173.03851
55000000	117000000	457.2324
56000000	117000000	829.39
57000000	117000000	2151.1836
58000000	117000000	2029.1107
59000000	117000000	2896.5632
60000000	117000000	4002.0627
61000000	117000000	6247.6406
62000000	117000000	4047.7288
63000000	117000000	4312.4844
64000000	117000000	4049.6204
65000000	117000000	2919.4883
66000000	117000000	3763.4932
67000000	117000000	3820.2385
68000000	117000000	5278.5044
69000000	117000000	5390.3516
70000000	117000000	5693.348
71000000	117000000	5704.303
72000000	117000000	5889.2617
73000000	117000000	5933.9766
74000000	117000000	6644.398
75000000	117000000	6720.7607
76000000	117000000	7314.6514
77000000	117000000	6279.4873
78000000	117000000	4360.001
79000000	117000000	2232.171
80000000	117000000	1646.7094
81000000	117000000	1445.209
82000000	117000000	2373.5913
83000000	117000000	1673.0442
84000000	117000000	1411.2433
85000000	117000000	2621.1863
86000000	117000000	2332.3054
87000000	117000000	1633.5333
88000000	117000000	1634.5438
89000000	117000000	1425.2397
90000000	117000000	1435.731
91000000	117000000	1271.362
92000000	117000000	1722.1946
93000000	117000000	2872.251
94000000	117000000	3301.3545
95000000	117000000	3510.2957
96000000	117000000	1893.936
97000000	117000000	1331.8038
98000000	117000000	1255.6635
99000000	117000000	1423.8627
100000000	117000000	1829.1611
101000000	117000000	1817.5745
102000000	117000000	3346.1636
103000000	117000000	2010.0688
104000000	117000000	1850.257
105000000	117000000	1931.3297
106000000	117000000	2033.3715
107000000	117000000	4366.7456
108000000	117000000	5076.983
109000000	117000000	4284.8965
110000000	117000000	5482.735
111000000	117000000	9047.956
112000000	117000000	10254.99
113000000	117000000	12549.215
114000000	117000000	13617.91
115000000	117000000	26132.426
116000000	117000000	108935.984
117000000	117000000	700747.75
0	118000000	4338.4404
1000000	118000000	2687.6526
2000000	118000000	2211.0642
3000000	118000000	2897.3667
4000000	118000000	1087.1361
5000000	118000000	850.7489
6000000	118000000	1247.5968
7000000	118000000	972.5665
8000000	118000000	1651.2242
9000000	118000000	2526.4333
10000000	118000000	1509.6703
11000000	118000000	1234.3135
12000000	118000000	763.2729
13000000	118000000	833.30334
14000000	118000000	862.79724
15000000	118000000	409.09604
16000000	118000000	666.24774
17000000	118000000	1250.8629
18000000	118000000	2094.2263
19000000	118000000	1174.7634
20000000	118000000	630.18536
21000000	118000000	343.2311
22000000	118000000	524.5092
23000000	118000000	305.14722
24000000	118000000	235.98843
25000000	118000000	267.6324
26000000	118000000	458.55853
27000000	118000000	459.86932
28000000	118000000	445.85635
29000000	118000000	268.07245
30000000	118000000	361.40536
31000000	118000000	596.5959
32000000	118000000	1126.4122
33000000	118000000	2253.3042
34000000	118000000	1880.1453
35000000	118000000	1474.2506
36000000	118000000	711.1509
37000000	118000000	280.9388
38000000	118000000	245.67006
39000000	118000000	263.74524
40000000	118000000	286.28436
41000000	118000000	291.58658
42000000	118000000	287.33887
43000000	118000000	931.6296
44000000	118000000	1616.1117
45000000	118000000	2104.298
46000000	118000000	4817.669
47000000	118000000	3745.372
48000000	118000000	661.6028
49000000	118000000	287.01306
50000000	118000000	227.65416
51000000	118000000	199.87907
54000000	118000000	99.894295
55000000	118000000	301.25647
56000000	118000000	471.42407
57000000	118000000	2027.7623
58000000	118000000	1805.1393
59000000	118000000	2592.8115
60000000	118000000	4407.798
61000000	118000000	6036.925
62000000	118000000	4918.1553
63000000	118000000	4598.634
64000000	118000000	5490.727
65000000	118000000	5439.5566
66000000	118000000	5835.7217
67000000	118000000	5991.055
68000000	118000000	5121.937
69000000	118000000	2993.5356
70000000	118000000	3043.0164
71000000	118000000	5198.5728
72000000	118000000	6499.1353
73000000	118000000	7242.8174
74000000	118000000	5722.251
75000000	118000000	6736.25
76000000	118000000	5645.767
77000000	118000000	6108.9966
78000000	118000000	2508.151
79000000	118000000	1140.4503
80000000	118000000	891.7269
81000000	118000000	808.61774
82000000	118000000	2204.5117
83000000	118000000	1044.9518
84000000	118000000	922.88617
85000000	118000000	2720.497
86000000	118000000	1785.9747
87000000	118000000	1085.4552
88000000	118000000	1305.1868
89000000	118000000	944.4832
90000000	118000000	898.9264
91000000	118000000	776.4278
92000000	118000000	1056.7876
93000000	118000000	2360.2937
94000000	118000000	2597.7505
95000000	118000000	3115.056
96000000	118000000	1521.3956
97000000	118000000	867.1503
98000000	118000000	933.3175
99000000	118000000	977.0393
100000000	118000000	1306.0565
101000000	118000000	1141.828
102000000	118000000	3104.3281
103000000	118000000	1441.1603
104000000	118000000	1419.8289
105000000	118000000	1392.658
106000000	118000000	1380.9865
107000000	118000000	4106.8354
108000000	118000000	5234.813
109000000	118000000	3029.3503
110000000	118000000	3603.1628
111000000	118000000	7259.7046
112000000	118000000	4493.121
113000000	118000000	5286.2256
114000000	118000000	5181.2676
115000000	118000000	10170.713
116000000	118000000	24635.615
117000000	118000000	138358.55
118000000	118000000	795317.0
0	119000000	2731.062
1000000	119000000	3434.491
2000000	119000000	3538.7952
3000000	119000000	2841.888
4000000	119000000	1504.5924
5000000	119000000	1222.9486
6000000	119000000	1352.0142
7000000	119000000	1281.031
8000000	119000000	1776.9146
9000000	119000000	1876.9471
10000000	119000000	1906.7004
11000000	119000000	1796.108
12000000	119000000	1397.0112
13000000	119000000	1165.1656
14000000	119000000	1051.3654
15000000	119000000	804.54865
16000000	119000000	884.77167
17000000	119000000	1943.1161
18000000	119000000	2010.0822
19000000	119000000	1672.8376
20000000	119000000	936.1007
21000000	119000000	513.78015
22000000	119000000	539.94366
23000000	119000000	360.11118
24000000	119000000	373.773
25000000	119000000	379.17004
26000000	119000000	513.3014
27000000	119000000	552.98694
28000000	119000000	542.2391
29000000	119000000	432.00085
30000000	119000000	578.7343
31000000	119000000	761.60736
32000000	119000000	1237.0142
33000000	119000000	1924.6798
34000000	119000000	1896.4774
35000000	119000000	1535.5275
36000000	119000000	997.36475
37000000	119000000	442.53314
38000000	119000000	377.10114
39000000	119000000	342.0152
40000000	119000000	438.31128
41000000	119000000	473.77536
42000000	119000000	450.0938
43000000	119000000	1288.5178
44000000	119000000	2667.8003
45000000	119000000	3635.1035
46000000	119000000	3212.4092
47000000	119000000	2209.1946
48000000	119000000	725.8082
49000000	119000000	431.83676
50000000	119000000	383.90213
51000000	119000000	311.30713
54000000	119000000	167.92923
55000000	119000000	552.95264
56000000	119000000	969.53094
57000000	119000000	2120.3003
58000000	119000000	1967.0756
59000000	119000000	2801.442
60000000	119000000	3530.3396
61000000	119000000	5702.7676
62000000	119000000	4140.2056
63000000	119000000	4251.714
64000000	119000000	3675.539
65000000	119000000	2686.7358
66000000	119000000	3590.3337
67000000	119000000	3517.3477
68000000	119000000	4786.2456
69000000	119000000	5236.538
70000000	119000000	6086.0693
71000000	119000000	5315.696
72000000	119000000	4996.1616
73000000	119000000	5118.0566
74000000	119000000	6319.6597
75000000	119000000	5997.7437
76000000	119000000	6786.005
77000000	119000000	5577.9604
78000000	119000000	4517.8906
79000000	119000000	2610.2722
80000000	119000000	1927.3228
81000000	119000000	1712.2421
82000000	119000000	2301.0378
83000000	119000000	1888.4425
84000000	119000000	1545.5168
85000000	119000000	2574.0957
86000000	119000000	2452.1702
87000000	119000000	1771.5004
88000000	119000000	1717.8088
89000000	119000000	1468.3182
90000000	119000000	1554.4344
91000000	119000000	1605.1007
92000000	119000000	1990.9423
93000000	119000000	2910.5786
94000000	119000000	3447.5603
95000000	119000000	3356.1433
96000000	119000000	1906.0726
97000000	119000000	1472.7943
98000000	119000000	1497.5891
99000000	119000000	1600.7994
100000000	119000000	2023.6046
101000000	119000000	2099.9653
102000000	119000000	3325.205
103000000	119000000	2200.8667
104000000	119000000	2017.7417
105000000	119000000	2117.8843
106000000	119000000	2204.6887
107000000	119000000	4161.903
108000000	119000000	4449.182
109000000	119000000	4191.9023
110000000	119000000	5160.1655
111000000	119000000	7065.3013
112000000	119000000	8791.514
113000000	119000000	9863.081
114000000	119000000	10301.8955
115000000	119000000	14846.981
116000000	119000000	24575.45
117000000	119000000	45280.016
118000000	119000000	125131.28
119000000	119000000	664309.94
0	120000000	1834.5568
1000000	120000000	2121.4443
2000000	120000000	2123.0613
3000000	120000000	2375.2122
4000000	120000000	1387.0812
5000000	120000000	1147.6309
6000000	120000000	1344.8928
7000000	120000000	1228.681
8000000	120000000	1850.6168
9000000	120000000	1846.2643
10000000	120000000	1641.0192
11000000	120000000	1624.1957
12000000	120000000	1198.3752
13000000	120000000	1131.4553
14000000	120000000	1026.9924
15000000	120000000	771.51514
16000000	120000000	898.3643
17000000	120000000	1748.614
18000000	120000000	1937.0675
19000000	120000000	1617.6172
20000000	120000000	967.3309
21000000	120000000	528.7029
22000000	120000000	741.13574
23000000	120000000	461.85483
24000000	120000000	399.48547
25000000	120000000	360.60718
26000000	120000000	657.98596
27000000	120000000	687.851
28000000	120000000	675.4857
29000000	120000000	434.3288
30000000	120000000	691.1763
31000000	120000000	908.56146
32000000	120000000	1364.683
33000000	120000000	2058.7725
34000000	120000000	1856.898
35000000	120000000	1752.4065
36000000	120000000	1101.3335
37000000	120000000	351.8207
38000000	120000000	386.00574
39000000	120000000	365.4917
40000000	120000000	470.11688
41000000	120000000	469.27917
42000000	120000000	420.76352
43000000	120000000	1449.6648
44000000	120000000	2317.847
45000000	120000000	2674.2112
46000000	120000000	2962.7842
47000000	120000000	2144.0247
48000000	120000000	768.0664
49000000	120000000	424.2514
50000000	120000000	310.70654
51000000	120000000	246.16774
54000000	120000000	174.65604
55000000	120000000	511.0801
56000000	120000000	847.6551
57000000	120000000	2012.3328
58000000	120000000	1943.2743
59000000	120000000	2567.3948
60000000	120000000	3425.765
61000000	120000000	3840.4766
62000000	120000000	2850.0437
63000000	120000000	2790.871
64000000	120000000	2344.896
65000000	120000000	1925.9595
66000000	120000000	2440.1611
67000000	120000000	2496.6404
68000000	120000000	3349.4917
69000000	120000000	3250.8953
70000000	120000000	3612.3838
71000000	120000000	3714.702
72000000	120000000	4282.277
73000000	120000000	4468.7197
74000000	120000000	5194.2427
75000000	120000000	5540.593
76000000	120000000	5836.2007
77000000	120000000	5732.9155
78000000	120000000	4226.7847
79000000	120000000	2369.709
80000000	120000000	1906.6676
81000000	120000000	1666.1001
82000000	120000000	2865.4836
83000000	120000000	1928.7291
84000000	120000000	1571.4081
85000000	120000000	3061.429
86000000	120000000	2725.5315
87000000	120000000	1960.7618
88000000	120000000	2151.9001
89000000	120000000	1596.4098
90000000	120000000	1763.7438
91000000	120000000	1545.9049
92000000	120000000	2021.1205
93000000	120000000	3434.2847
94000000	120000000	4012.1882
95000000	120000000	4415.207
96000000	120000000	2340.6304
97000000	120000000	1615.1561
98000000	120000000	1580.6665
99000000	120000000	1824.2234
100000000	120000000	2599.258
101000000	120000000	2107.4514
102000000	120000000	4346.583
103000000	120000000	2717.4626
104000000	120000000	2287.4646
105000000	120000000	2330.2644
106000000	120000000	2242.3435
107000000	120000000	4996.8438
108000000	120000000	5611.2812
109000000	120000000	4209.6187
110000000	120000000	5164.9546
111000000	120000000	7668.49
112000000	120000000	7210.842
113000000	120000000	8144.8677
114000000	120000000	8293.688
115000000	120000000	12687.731
116000000	120000000	17426.643
117000000	120000000	25588.738
118000000	120000000	29702.525
119000000	120000000	128080.38
120000000	120000000	686526.2
0	121000000	1369.0469
1000000	121000000	1433.9902
2000000	121000000	1718.8044
3000000	121000000	1911.6832
4000000	121000000	1558.0094
5000000	121000000	1414.2704
6000000	121000000	1516.135
7000000	121000000	1402.311
8000000	121000000	1528.0848
9000000	121000000	1676.1234
10000000	121000000	1568.6533
11000000	121000000	1561.7588
12000000	121000000	1329.6603
13000000	121000000	1308.806
14000000	121000000	1175.6002
15000000	121000000	1041.6943
16000000	121000000	1141.1702
17000000	121000000	1476.4473
18000000	121000000	1706.2106
19000000	121000000	1406.4341
20000000	121000000	1114.3755
21000000	121000000	759.47046
22000000	121000000	1021.86926
23000000	121000000	754.42
24000000	121000000	701.7796
25000000	121000000	701.6325
26000000	121000000	918.5962
27000000	121000000	855.4542
28000000	121000000	910.7179
29000000	121000000	751.77313
30000000	121000000	871.19183
31000000	121000000	1089.5946
32000000	121000000	1326.1299
33000000	121000000	1658.7456
34000000	121000000	1642.557
35000000	121000000	1621.6819
36000000	121000000	1184.6188
37000000	121000000	764.3318
38000000	121000000	672.4482
39000000	121000000	700.40027
40000000	121000000	766.7836
41000000	121000000	776.5964
42000000	121000000	754.14374
43000000	121000000	1466.1753
44000000	121000000	1955.3271
45000000	121000000	2201.2146
46000000	121000000	2102.8188
47000000	121000000	1862.0183
48000000	121000000	1021.6883
49000000	121000000	718.7954
50000000	121000000	565.40326
51000000	121000000	528.97015
54000000	121000000	392.10904
55000000	121000000	914.2046
56000000	121000000	1411.7074
57000000	121000000	2314.9812
58000000	121000000	2343.907
59000000	121000000	2756.6072
60000000	121000000	2856.6438
61000000	121000000	2584.3389
62000000	121000000	2259.5583
63000000	121000000	2316.0632
64000000	121000000	1678.849
65000000	121000000	1370.6613
66000000	121000000	1698.7426
67000000	121000000	1685.3196
68000000	121000000	2382.7131
69000000	121000000	2442.4348
70000000	121000000	3101.9443
71000000	121000000	2768.9636
72000000	121000000	2717.273
73000000	121000000	2922.505
74000000	121000000	3672.2239
75000000	121000000	3640.6672
76000000	121000000	3963.3047
77000000	121000000	4249.886
78000000	121000000	4240.846
79000000	121000000	3202.4905
80000000	121000000	2715.723
81000000	121000000	2575.376
82000000	121000000	3411.8645
83000000	121000000	2641.0396
84000000	121000000	2439.4165
85000000	121000000	3511.964
86000000	121000000	3316.8743
87000000	121000000	2731.0166
88000000	121000000	3154.7725
89000000	121000000	2651.7551
90000000	121000000	2829.6357
91000000	121000000	2670.9565
92000000	121000000	3129.3018
93000000	121000000	4272.0303
94000000	121000000	4375.8936
95000000	121000000	4520.135
96000000	121000000	3288.4731
97000000	121000000	2759.8777
98000000	121000000	2886.221
99000000	121000000	3089.0571
100000000	121000000	3822.4922
101000000	121000000	3742.4807
102000000	121000000	5424.312
103000000	121000000	3935.6738
104000000	121000000	3640.652
105000000	121000000	3654.549
106000000	121000000	3871.5093
107000000	121000000	5234.4346
108000000	121000000	5556.3516
109000000	121000000	5594.2275
110000000	121000000	6332.854
111000000	121000000	7540.682
112000000	121000000	8022.3486
113000000	121000000	8770.35
114000000	121000000	10508.986
115000000	121000000	12782.365
116000000	121000000	14224.35
117000000	121000000	14750.855
118000000	121000000	15447.251
119000000	121000000	33374.855
120000000	121000000	135298.42
121000000	121000000	643111.4
0	122000000	952.02234
1000000	122000000	1408.3851
2000000	122000000	1819.5508
3000000	122000000	1641.6934
4000000	122000000	1623.3359
5000000	122000000	1507.6244
6000000	122000000	1506.0505
7000000	122000000	1654.6302
8000000	122000000	1468.798
9000000	122000000	1336.654
10000000	122000000	1590.5624
11000000	122000000	1665.9501
12000000	122000000	1632.1183
13000000	122000000	1455.4397
14000000	122000000	1252.4458
15000000	122000000	1344.1602
16000000	122000000	1367.6439
17000000	122000000	1571.3723
18000000	122000000	1471.2601
19000000	122000000	1444.0594
20000000	122000000	1276.1841
21000000	122000000	1031.3297
22000000	122000000	1091.5586
23000000	122000000	892.1715
24000000	122000000	895.06665
25000000	122000000	810.85065
26000000	122000000	940.5435
27000000	122000000	1019.1379
28000000	122000000	949.676
29000000	122000000	937.8179
30000000	122000000	1158.5076
31000000	122000000	1138.7406
32000000	122000000	1373.7443
33000000	122000000	1494.138
34000000	122000000	1448.7628
35000000	122000000	1426.9852
36000000	122000000	1463.218
37000000	122000000	1052.5302
38000000	122000000	854.4963
39000000	122000000	937.9772
40000000	122000000	1005.15424
41000000	122000000	1025.4198
42000000	122000000	1072.4675
43000000	122000000	1660.7983
44000000	122000000	2216.2695
45000000	122000000	2477.096
46000000	122000000	1585.7745
47000000	122000000	1353.845
48000000	122000000	1226.8627
49000000	122000000	1021.0184
50000000	122000000	830.15656
51000000	122000000	605.1019
54000000	122000000	473.4281
55000000	122000000	1306.1987
56000000	122000000	2016.0029
57000000	122000000	2383.058
58000000	122000000	2322.2747
59000000	122000000	2701.7039
60000000	122000000	2210.247
61000000	122000000	2256.3367
62000000	122000000	2071.4346
63000000	122000000	2009.095
64000000	122000000	1287.3308
65000000	122000000	904.0976
66000000	122000000	1217.2288
67000000	122000000	1220.5212
68000000	122000000	1917.5741
69000000	122000000	2707.506
70000000	122000000	3508.5059
71000000	122000000	2506.027
72000000	122000000	2173.654
73000000	122000000	2293.3933
74000000	122000000	3283.2776
75000000	122000000	2809.6726
76000000	122000000	3765.861
77000000	122000000	3428.3652
78000000	122000000	5065.183
79000000	122000000	4474.403
80000000	122000000	3834.55
81000000	122000000	3605.5903
82000000	122000000	3519.6836
83000000	122000000	3378.0698
84000000	122000000	3283.416
85000000	122000000	3295.4233
86000000	122000000	3604.6802
87000000	122000000	3465.741
88000000	122000000	3570.1335
89000000	122000000	3602.1895
90000000	122000000	3693.2234
91000000	122000000	3832.2798
92000000	122000000	4211.889
93000000	122000000	4665.1816
94000000	122000000	4708.9795
95000000	122000000	4561.004
96000000	122000000	3993.6384
97000000	122000000	4090.0251
98000000	122000000	4111.8364
99000000	122000000	4258.2437
100000000	122000000	4986.0933
101000000	122000000	5226.954
102000000	122000000	5527.9434
103000000	122000000	5075.3384
104000000	122000000	4661.8228
105000000	122000000	4939.954
106000000	122000000	5071.607
107000000	122000000	5384.923
108000000	122000000	4945.3696
109000000	122000000	6546.3125
110000000	122000000	7155.558
111000000	122000000	7140.2354
112000000	122000000	10254.112
113000000	122000000	10925.462
114000000	122000000	13974.234
115000000	122000000	13715.658
116000000	122000000	14453.054
117000000	122000000	11951.031
118000000	122000000	8435.443
119000000	122000000	23805.842
120000000	122000000	38676.01
121000000	122000000	137581.05
122000000	122000000	580615.06
0	123000000	1084.3042
1000000	123000000	1211.387
2000000	123000000	1494.6758
3000000	123000000	1648.026
4000000	123000000	1751.1453
5000000	123000000	1694.1741
6000000	123000000	1634.1194
7000000	123000000	1668.0156
8000000	123000000	1661.9503
9000000	123000000	1512.5394
10000000	123000000	1650.5079
11000000	123000000	1668.205
12000000	123000000	1567.413
13000000	123000000	1535.9827
14000000	123000000	1387.8243
15000000	123000000	1370.7305
16000000	123000000	1474.1625
17000000	123000000	1707.1816
18000000	123000000	1655.2244
19000000	123000000	1626.085
20000000	123000000	1422.0646
21000000	123000000	1107.6488
22000000	123000000	1284.6677
23000000	123000000	990.85394
24000000	123000000	1006.65265
25000000	123000000	902.6231
26000000	123000000	1186.385
27000000	123000000	1170.5869
28000000	123000000	1150.8698
29000000	123000000	992.9005
30000000	123000000	1212.45
31000000	123000000	1370.5037
32000000	123000000	1632.2103
33000000	123000000	1688.9913
34000000	123000000	1553.6122
35000000	123000000	1694.0065
36000000	123000000	1634.7937
37000000	123000000	1068.1227
38000000	123000000	972.0044
39000000	123000000	970.0259
40000000	123000000	1131.2539
41000000	123000000	1136.0677
42000000	123000000	1108.4664
43000000	123000000	1917.0726
44000000	123000000	2220.6199
45000000	123000000	2337.2031
46000000	123000000	1917.5281
47000000	123000000	1713.7079
48000000	123000000	1480.8629
49000000	123000000	1081.82
50000000	123000000	659.8
51000000	123000000	650.1156
54000000	123000000	499.23206
55000000	123000000	1263.2051
56000000	123000000	1973.1254
57000000	123000000	2696.3574
58000000	123000000	2543.6777
59000000	123000000	2735.6802
60000000	123000000	2485.589
61000000	123000000	2233.8943
62000000	123000000	1809.227
63000000	123000000	1854.1205
64000000	123000000	1209.8743
65000000	123000000	1042.6659
66000000	123000000	1297.0013
67000000	123000000	1298.9526
68000000	123000000	1985.7869
69000000	123000000	2208.2996
70000000	123000000	2653.6545
71000000	123000000	2328.351
72000000	123000000	2489.9153
73000000	123000000	2524.7273
74000000	123000000	3280.965
75000000	123000000	3385.5503
76000000	123000000	3805.563
77000000	123000000	4055.0642
78000000	123000000	4932.573
79000000	123000000	4467.7397
80000000	123000000	4129.403
81000000	123000000	3852.1716
82000000	123000000	4470.1626
83000000	123000000	3740.7185
84000000	123000000	3574.1204
85000000	123000000	4030.212
86000000	123000000	4173.214
87000000	123000000	3970.7073
88000000	123000000	4275.7036
89000000	123000000	4063.074
90000000	123000000	4119.387
91000000	123000000	4064.9182
92000000	123000000	4595.5083
93000000	123000000	5221.0083
94000000	123000000	5298.4683
95000000	123000000	5751.2983
96000000	123000000	4860.223
97000000	123000000	4544.8
98000000	123000000	4697.441
99000000	123000000	5078.874
100000000	123000000	5792.289
101000000	123000000	5673.881
102000000	123000000	7015.7666
103000000	123000000	6062.6514
104000000	123000000	5655.3994
105000000	123000000	5855.2344
106000000	123000000	5757.6753
107000000	123000000	6765.081
108000000	123000000	6241.784
109000000	123000000	6640.875
110000000	123000000	7237.0845
111000000	123000000	8264.142
112000000	123000000	9159.772
113000000	123000000	9969.803
114000000	123000000	11956.984
115000000	123000000	11873.352
116000000	123000000	12090.697
117000000	123000000	10112.707
118000000	123000000	8233.579
119000000	123000000	15441.169
120000000	123000000	22297.21
121000000	123000000	37921.0
122000000	123000000	132895.17
123000000	123000000	593971.3
0	124000000	1028.9491
1000000	124000000	1355.4218
2000000	124000000	1608.6663
3000000	124000000	1642.6527
4000000	124000000	1843.8683
5000000	124000000	1669.4078
6000000	124000000	1570.4243
7000000	124000000	1632.1838
8000000	124000000	1542.0319
9000000	124000000	1269.458
10000000	124000000	1436.6631
11000000	124000000	1507.1138
12000000	124000000	1470.8939
13000000	124000000	1463.4669
14000000	124000000	1453.2987
15000000	124000000	1379.7078
16000000	124000000	1473.4324
17000000	124000000	1672.15
18000000	124000000	1510.194
19000000	124000000	1498.3699
20000000	124000000	1447.5684
21000000	124000000	1131.8223
22000000	124000000	1235.9661
23000000	124000000	1012.98663
24000000	124000000	956.8961
25000000	124000000	984.3659
26000000	124000000	1090.2537
27000000	124000000	1099.1187
28000000	124000000	1139.4272
29000000	124000000	1023.5457
30000000	124000000	1225.1389
31000000	124000000	1293.073
32000000	124000000	1398.6862
33000000	124000000	1402.559
34000000	124000000	1421.3148
35000000	124000000	1471.838
36000000	124000000	1542.5298
37000000	124000000	1138.6863
38000000	124000000	993.1063
39000000	124000000	968.18756
40000000	124000000	1136.546
41000000	124000000	1126.5376
42000000	124000000	1153.9163
43000000	124000000	1961.0371
44000000	124000000	2198.1118
45000000	124000000	2309.2737
46000000	124000000	1810.4618
47000000	124000000	1629.7845
48000000	124000000	1420.4077
49000000	124000000	1165.6117
50000000	124000000	849.2751
51000000	124000000	658.46124
54000000	124000000	381.87613
55000000	124000000	1356.9867
56000000	124000000	2197.354
57000000	124000000	2784.043
58000000	124000000	2418.7002
59000000	124000000	2688.6687
60000000	124000000	2171.882
61000000	124000000	2185.5034
62000000	124000000	1798.5535
63000000	124000000	1817.0465
64000000	124000000	1256.4846
65000000	124000000	993.9576
66000000	124000000	1202.653
67000000	124000000	1184.0735
68000000	124000000	1857.1517
69000000	124000000	2111.0776
70000000	124000000	2701.7107
71000000	124000000	2183.1975
72000000	124000000	2296.169
73000000	124000000	2345.4578
74000000	124000000	3050.1868
75000000	124000000	2959.5173
76000000	124000000	3543.9358
77000000	124000000	3733.652
78000000	124000000	4830.1846
79000000	124000000	4382.103
80000000	124000000	4075.5303
81000000	124000000	3955.9973
82000000	124000000	3883.6382
83000000	124000000	3621.8933
84000000	124000000	3519.9497
85000000	124000000	3769.5903
86000000	124000000	4113.998
87000000	124000000	3760.8813
88000000	124000000	4079.2676
89000000	124000000	4447.4014
90000000	124000000	4272.262
91000000	124000000	4179.7275
92000000	124000000	4574.3535
93000000	124000000	5012.438
94000000	124000000	4948.8
95000000	124000000	5071.451
96000000	124000000	4640.4536
97000000	124000000	4797.2607
98000000	124000000	4963.389
99000000	124000000	5380.7915
100000000	124000000	5732.854
101000000	124000000	5729.004
102000000	124000000	6171.4053
103000000	124000000	5582.0283
104000000	124000000	5583.0063
105000000	124000000	5849.215
106000000	124000000	6058.8677
107000000	124000000	6567.032
108000000	124000000	5753.619
109000000	124000000	6340.668
110000000	124000000	6750.4126
111000000	124000000	7502.1294
112000000	124000000	8699.926
113000000	124000000	9622.322
114000000	124000000	11141.552
115000000	124000000	9997.394
116000000	124000000	10476.031
117000000	124000000	8296.406
118000000	124000000	6151.918
119000000	124000000	11960.592
120000000	124000000	13729.927
121000000	124000000	21297.174
122000000	124000000	34836.023
123000000	124000000	101556.37
124000000	124000000	584046.1
0	125000000	1450.5706
1000000	125000000	1684.4285
2000000	125000000	2017.998
3000000	125000000	2261.381
4000000	125000000	1794.3108
5000000	125000000	1302.648
6000000	125000000	1536.9199
7000000	125000000	1373.2799
8000000	125000000	1701.9125
9000000	125000000	1484.2152
10000000	125000000	1595.8795
11000000	125000000	1650.489
12000000	125000000	1488.0065
13000000	125000000	1380.6439
14000000	125000000	1389.4556
15000000	125000000	1121.5825
16000000	125000000	1210.3948
17000000	125000000	1880.5618
18000000	125000000	1776.4965
19000000	125000000	1641.016
20000000	125000000	1324.026
21000000	125000000	861.7236
22000000	125000000	1030.9349
23000000	125000000	769.45416
24000000	125000000	743.5963
25000000	125000000	722.95514
26000000	125000000	948.744
27000000	125000000	1012.1754
28000000	125000000	983.10065
29000000	125000000	688.5967
30000000	125000000	935.1137
31000000	125000000	1136.2195
32000000	125000000	1526.8401
33000000	125000000	1630.8053
34000000	125000000	1581.8865
35000000	125000000	1608.0852
36000000	125000000	1405.2697
37000000	125000000	852.1725
38000000	125000000	725.8665
39000000	125000000	746.5153
40000000	125000000	927.56134
41000000	125000000	939.59344
42000000	125000000	954.1944
43000000	125000000	2103.295
44000000	125000000	2482.7593
45000000	125000000	2814.921
46000000	125000000	2454.5203
47000000	125000000	2169.1865
48000000	125000000	1346.6185
49000000	125000000	843.347
50000000	125000000	725.74445
51000000	125000000	655.4613
54000000	125000000	402.13135
55000000	125000000	1084.4515
56000000	125000000	1745.5632
57000000	125000000	2798.403
58000000	125000000	2320.927
59000000	125000000	2802.3738
60000000	125000000	2523.8267
61000000	125000000	2886.678
62000000	125000000	2243.2349
63000000	125000000	2180.5684
64000000	125000000	1500.7837
65000000	125000000	1171.8765
66000000	125000000	1524.6311
67000000	125000000	1547.8574
68000000	125000000	2229.1804
69000000	125000000	2436.4446
70000000	125000000	3118.6094
71000000	125000000	2634.3235
72000000	125000000	2803.607
73000000	125000000	2847.1611
74000000	125000000	3646.3145
75000000	125000000	3530.2395
76000000	125000000	4151.67
77000000	125000000	4693.4424
78000000	125000000	5224.984
79000000	125000000	3750.2544
80000000	125000000	3021.718
81000000	125000000	2836.6206
82000000	125000000	3646.4614
83000000	125000000	2905.1072
84000000	125000000	2653.2292
85000000	125000000	3660.93
86000000	125000000	3723.56
87000000	125000000	2906.3115
88000000	125000000	3187.7444
89000000	125000000	3091.5193
90000000	125000000	3179.8965
91000000	125000000	3146.4841
92000000	125000000	3899.6567
93000000	125000000	5383.161
94000000	125000000	4971.8726
95000000	125000000	5086.679
96000000	125000000	3655.453
97000000	125000000	3233.4163
98000000	125000000	3408.004
99000000	125000000	3579.175
100000000	125000000	4455.4175
101000000	125000000	4226.456
102000000	125000000	5791.297
103000000	125000000	4294.682
104000000	125000000	4143.4834
105000000	125000000	4356.4087
106000000	125000000	4534.9536
107000000	125000000	6574.5166
108000000	125000000	6201.9707
109000000	125000000	5447.987
110000000	125000000	6173.2383
111000000	125000000	7904.7817
112000000	125000000	8547.735
113000000	125000000	9628.735
114000000	125000000	9791.185
115000000	125000000	9615.611
116000000	125000000	10984.193
117000000	125000000	9618.124
118000000	125000000	7506.0327
119000000	125000000	12942.088
120000000	125000000	13347.346
121000000	125000000	16668.977
122000000	125000000	22943.846
123000000	125000000	35276.867
124000000	125000000	155866.81
125000000	125000000	573935.0
0	126000000	1017.8403
1000000	126000000	1387.8906
2000000	126000000	1791.3035
3000000	126000000	1675.2538
4000000	126000000	1618.7444
5000000	126000000	1351.0952
6000000	126000000	1439.2968
7000000	126000000	1436.2734
8000000	126000000	1454.9799
9000000	126000000	1179.3497
10000000	126000000	1435.2185
11000000	126000000	1689.4352
12000000	126000000	1641.2174
13000000	126000000	1330.2383
14000000	126000000	1320.4475
15000000	126000000	1410.8828
16000000	126000000	1310.7834
17000000	126000000	1769.8939
18000000	126000000	1496.6316
19000000	126000000	1571.4937
20000000	126000000	1443.4409
21000000	126000000	945.0148
22000000	126000000	1002.07837
23000000	126000000	817.0852
24000000	126000000	721.8055
25000000	126000000	717.1184
26000000	126000000	840.18835
27000000	126000000	924.45856
28000000	126000000	961.61224
29000000	126000000	814.2452
30000000	126000000	1112.6796
31000000	126000000	1154.8466
32000000	126000000	1323.0071
33000000	126000000	1232.1099
34000000	126000000	1360.9569
35000000	126000000	1434.5151
36000000	126000000	1645.344
37000000	126000000	977.06104
38000000	126000000	853.5753
39000000	126000000	839.2494
40000000	126000000	1042.2788
41000000	126000000	1020.3703
42000000	126000000	1097.1904
43000000	126000000	1860.0978
44000000	126000000	2510.7893
45000000	126000000	2835.6318
46000000	126000000	1774.3368
47000000	126000000	1673.2312
48000000	126000000	1443.9384
49000000	126000000	1088.9017
50000000	126000000	705.35693
51000000	126000000	842.6108
54000000	126000000	585.1665
55000000	126000000	1136.0339
56000000	126000000	2032.6448
57000000	126000000	2657.6025
58000000	126000000	2053.3623
59000000	126000000	2156.2295
60000000	126000000	1917.1143
61000000	126000000	2136.8425
62000000	126000000	1750.1584
63000000	126000000	1706.3516
64000000	126000000	1143.0049
65000000	126000000	877.0664
66000000	126000000	1154.1017
67000000	126000000	1097.3334
68000000	126000000	1692.3658
69000000	126000000	2240.4792
70000000	126000000	3097.7842
71000000	126000000	2211.518
72000000	126000000	2090.015
73000000	126000000	2111.2388
74000000	126000000	2645.5093
75000000	126000000	2718.0977
76000000	126000000	3266.1577
77000000	126000000	3473.8835
78000000	126000000	5962.0913
79000000	126000000	5135.14
80000000	126000000	3918.363
81000000	126000000	3462.8079
82000000	126000000	3644.1853
83000000	126000000	3286.282
84000000	126000000	3005.9304
85000000	126000000	3307.7263
86000000	126000000	3794.6252
87000000	126000000	3247.2664
88000000	126000000	3350.0347
89000000	126000000	3647.6843
90000000	126000000	3443.2937
91000000	126000000	3782.5735
92000000	126000000	4792.6265
93000000	126000000	4956.5513
94000000	126000000	4838.808
95000000	126000000	5008.668
96000000	126000000	4257.988
97000000	126000000	4029.7505
98000000	126000000	3993.5332
99000000	126000000	4240.4014
100000000	126000000	5263.545
101000000	126000000	5154.1753
102000000	126000000	5701.398
103000000	126000000	4953.318
104000000	126000000	4487.1104
105000000	126000000	4821.0864
106000000	126000000	5069.7407
107000000	126000000	5923.2534
108000000	126000000	5285.441
109000000	126000000	6056.6885
110000000	126000000	6447.737
111000000	126000000	7249.209
112000000	126000000	9661.494
113000000	126000000	11005.066
114000000	126000000	10760.798
115000000	126000000	10007.418
116000000	126000000	11110.438
117000000	126000000	8108.0713
118000000	126000000	5224.9097
119000000	126000000	10205.429
120000000	126000000	10375.188
121000000	126000000	12713.244
122000000	126000000	18602.459
123000000	126000000	24090.916
124000000	126000000	41571.508
125000000	126000000	137299.02
126000000	126000000	567908.8
0	127000000	480.98676
1000000	127000000	844.0328
2000000	127000000	1207.932
3000000	127000000	896.6496
4000000	127000000	1766.8752
5000000	127000000	1716.0653
6000000	127000000	1243.6305
7000000	127000000	1590.254
8000000	127000000	1045.0856
9000000	127000000	762.71643
10000000	127000000	1070.1238
11000000	127000000	1373.965
12000000	127000000	1760.1548
13000000	127000000	1363.6432
14000000	127000000	1337.4766
15000000	127000000	1991.9329
16000000	127000000	1763.7667
17000000	127000000	1360.7957
18000000	127000000	992.6058
19000000	127000000	1092.0967
20000000	127000000	1465.4261
21000000	127000000	1632.879
22000000	127000000	1201.9734
23000000	127000000	1409.1995
24000000	127000000	1413.4397
25000000	127000000	1464.5281
26000000	127000000	1171.1427
27000000	127000000	1223.0527
28000000	127000000	1183.1809
29000000	127000000	1404.4525
30000000	127000000	1618.4441
31000000	127000000	1307.7877
32000000	127000000	1072.5067
33000000	127000000	758.80615
34000000	127000000	849.6249
35000000	127000000	997.83057
36000000	127000000	1489.5408
37000000	127000000	1671.9325
38000000	127000000	1672.133
39000000	127000000	1559.4028
40000000	127000000	1463.2278
41000000	127000000	1694.5422
42000000	127000000	1681.0546
43000000	127000000	1475.1283
44000000	127000000	1849.6184
45000000	127000000	2152.8362
46000000	127000000	823.9093
47000000	127000000	756.26166
48000000	127000000	1606.7179
49000000	127000000	1859.5068
50000000	127000000	1235.7966
51000000	127000000	1071.4044
54000000	127000000	788.3157
55000000	127000000	2164.2678
56000000	127000000	3197.2517
57000000	127000000	2003.1976
58000000	127000000	1826.9221
59000000	127000000	1934.9078
60000000	127000000	1066.1571
61000000	127000000	1092.8606
62000000	127000000	1142.1744
63000000	127000000	998.6937
64000000	127000000	586.4428
65000000	127000000	401.70605
66000000	127000000	555.763
67000000	127000000	532.82983
68000000	127000000	958.69147
69000000	127000000	1756.2344
70000000	127000000	2448.2883
71000000	127000000	1325.8792
72000000	127000000	1032.3047
73000000	127000000	1007.5063
74000000	127000000	1746.9604
75000000	127000000	1330.7639
76000000	127000000	2089.2004
77000000	127000000	1794.5576
78000000	127000000	5166.44
79000000	127000000	6891.6655
80000000	127000000	6331.233
81000000	127000000	6364.1665
82000000	127000000	3611.4778
83000000	127000000	4670.5073
84000000	127000000	5063.909
85000000	127000000	2830.9712
86000000	127000000	3767.949
87000000	127000000	4935.777
88000000	127000000	5018.642
89000000	127000000	6046.7065
90000000	127000000	6073.3086
91000000	127000000	7296.018
92000000	127000000	6635.3613
93000000	127000000	4256.8677
94000000	127000000	3952.2222
95000000	127000000	3517.769
96000000	127000000	6236.586
97000000	127000000	7873.6353
98000000	127000000	7998.4946
99000000	127000000	8267.94
100000000	127000000	8025.497
101000000	127000000	9652.236
102000000	127000000	5228.9336
103000000	127000000	7555.2456
104000000	127000000	7517.046
105000000	127000000	8498.407
106000000	127000000	9049.396
107000000	127000000	4955.187
108000000	127000000	3987.8162
109000000	127000000	7611.2812
110000000	127000000	7090.2607
111000000	127000000	4819.5776
112000000	127000000	10174.758
113000000	127000000	10452.596
114000000	127000000	14353.121
115000000	127000000	9335.225
116000000	127000000	8659.151
117000000	127000000	4587.0376
118000000	127000000	2420.2224
119000000	127000000	6424.01
120000000	127000000	5970.6187
121000000	127000000	10999.476
122000000	127000000	16838.803
123000000	127000000	20076.08
124000000	127000000	27721.818
125000000	127000000	32488.219
126000000	127000000	121226.95
127000000	127000000	545111.9
0	128000000	1044.6326
1000000	128000000	939.41516
2000000	128000000	1044.7438
3000000	128000000	1566.0193
4000000	128000000	1487.1533
5000000	128000000	1450.6334
6000000	128000000	1588.5502
7000000	128000000	1373.1285
8000000	128000000	1441.0098
9000000	128000000	1443.0168
10000000	128000000	1306.6742
11000000	128000000	1382.7004
12000000	128000000	1173.783
13000000	128000000	1329.9113
14000000	128000000	1395.9275
15000000	128000000	1139.6014
16000000	128000000	1361.0442
17000000	128000000	1463.8684
18000000	128000000	1533.2314
19000000	128000000	1538.5487
20000000	128000000	1253.9982
21000000	128000000	947.5734
22000000	128000000	1349.8082
23000000	128000000	927.99695
24000000	128000000	806.7904
25000000	128000000	717.65283
26000000	128000000	1143.6875
27000000	128000000	1094.0131
28000000	128000000	1031.9231
29000000	128000000	820.8702
30000000	128000000	1128.9528
31000000	128000000	1329.8407
32000000	128000000	1480.9712
33000000	128000000	1581.4435
34000000	128000000	1434.9136
35000000	128000000	1685.6532
36000000	128000000	1481.1823
37000000	128000000	903.6825
38000000	128000000	756.9288
39000000	128000000	786.2426
40000000	128000000	911.9637
41000000	128000000	970.9846
42000000	128000000	919.99774
43000000	128000000	1753.0876
44000000	128000000	1940.0753
45000000	128000000	1767.7683
46000000	128000000	1891.961
47000000	128000000	1785.1115
48000000	128000000	1319.5634
49000000	128000000	855.86847
50000000	128000000	427.83267
51000000	128000000	451.35846
54000000	128000000	345.8227
55000000	128000000	916.4637
56000000	128000000	1596.5378
57000000	128000000	2496.7927
58000000	128000000	2218.2744
59000000	128000000	2293.0522
60000000	128000000	2336.391
61000000	128000000	1705.0344
62000000	128000000	1466.1687
63000000	128000000	1407.222
64000000	128000000	1048.5641
65000000	128000000	1011.0527
66000000	128000000	1103.6885
67000000	128000000	1127.6257
68000000	128000000	1369.214
69000000	128000000	1368.3887
70000000	128000000	1589.0936
71000000	128000000	1670.1492
72000000	128000000	1989.5057
73000000	128000000	2128.5776
74000000	128000000	2409.4307
75000000	128000000	2776.6538
76000000	128000000	2914.6606
77000000	128000000	3750.9766
78000000	128000000	4154.5957
79000000	128000000	3595.6516
80000000	128000000	3563.9846
81000000	128000000	3534.5505
82000000	128000000	4582.7827
83000000	128000000	3452.0437
84000000	128000000	3001.28
85000000	128000000	4244.788
86000000	128000000	4049.8508
87000000	128000000	3621.9446
88000000	128000000	4277.335
89000000	128000000	4104.0024
90000000	128000000	3790.1365
91000000	128000000	3528.3567
92000000	128000000	3973.0938
93000000	128000000	5057.761
94000000	128000000	5072.289
95000000	128000000	6137.189
96000000	128000000	4678.139
97000000	128000000	4065.402
98000000	128000000	4161.7983
99000000	128000000	4861.717
100000000	128000000	6052.3076
101000000	128000000	5261.0254
102000000	128000000	8360.053
103000000	128000000	6003.977
104000000	128000000	5871.6997
105000000	128000000	5900.783
106000000	128000000	5322.033
107000000	128000000	7153.944
108000000	128000000	6756.8555
109000000	128000000	6075.429
110000000	128000000	6166.9697
111000000	128000000	7813.538
112000000	128000000	6516.3364
113000000	128000000	7158.954
114000000	128000000	7707.848
115000000	128000000	7949.1265
116000000	128000000	7049.017
117000000	128000000	5681.077
118000000	128000000	5003.459
119000000	128000000	6292.506
120000000	128000000	8066.6753
121000000	128000000	10542.958
122000000	128000000	11679.613
123000000	128000000	15642.313
124000000	128000000	17283.81
125000000	128000000	20539.193
126000000	128000000	36981.15
127000000	128000000	105582.42
128000000	128000000	699087.56
0	129000000	916.90967
1000000	129000000	1060.0122
2000000	129000000	1425.9188
3000000	129000000	1489.6499
4000000	129000000	1754.2804
5000000	129000000	1565.9352
6000000	129000000	1347.4496
7000000	129000000	1479.6273
8000000	129000000	1332.63
9000000	129000000	1146.0477
10000000	129000000	1323.0668
11000000	129000000	1594.8989
12000000	129000000	1579.7682
13000000	129000000	1475.532
14000000	129000000	1394.5991
15000000	129000000	1547.8892
16000000	129000000	1496.0356
17000000	129000000	1592.4727
18000000	129000000	1402.4141
19000000	129000000	1463.2137
20000000	129000000	1491.7439
21000000	129000000	1204.7123
22000000	129000000	1105.5746
23000000	129000000	1047.5168
24000000	129000000	1022.95105
25000000	129000000	997.5889
26000000	129000000	1106.5106
27000000	129000000	1191.4666
28000000	129000000	1168.6323
29000000	129000000	1082.3787
30000000	129000000	1304.2933
31000000	129000000	1304.1904
32000000	129000000	1413.7062
33000000	129000000	1235.7488
34000000	129000000	1300.8235
35000000	129000000	1418.6522
36000000	129000000	1573.6819
37000000	129000000	1257.7797
38000000	129000000	1173.1019
39000000	129000000	1197.4857
40000000	129000000	1247.2542
41000000	129000000	1299.9379
42000000	129000000	1335.6702
43000000	129000000	1945.9827
44000000	129000000	2236.2368
45000000	129000000	2342.8855
46000000	129000000	1506.0919
47000000	129000000	1470.1721
48000000	129000000	1663.472
49000000	129000000	1404.8971
50000000	129000000	1070.4017
51000000	129000000	995.08484
54000000	129000000	619.5835
55000000	129000000	1569.438
56000000	129000000	2369.0776
57000000	129000000	2482.1519
58000000	129000000	2017.3657
59000000	129000000	2239.677
60000000	129000000	1731.7805
61000000	129000000	1572.522
62000000	129000000	1396.5542
63000000	129000000	1448.345
64000000	129000000	925.1804
65000000	129000000	715.7065
66000000	129000000	901.97284
67000000	129000000	840.84894
68000000	129000000	1348.8512
69000000	129000000	1782.0615
70000000	129000000	2346.1384
71000000	129000000	1802.9569
72000000	129000000	1809.5454
73000000	129000000	1773.6232
74000000	129000000	2416.0671
75000000	129000000	2318.9565
76000000	129000000	2929.2742
77000000	129000000	3225.4768
78000000	129000000	5302.279
79000000	129000000	5322.9824
80000000	129000000	4518.888
81000000	129000000	4425.3994
82000000	129000000	3755.3445
83000000	129000000	3821.2405
84000000	129000000	3623.612
85000000	129000000	3341.7842
86000000	129000000	3933.0566
87000000	129000000	4033.215
88000000	129000000	4053.18
89000000	129000000	4386.0664
90000000	129000000	4565.218
91000000	129000000	4803.0425
92000000	129000000	5111.7837
93000000	129000000	4849.5273
94000000	129000000	4716.591
95000000	129000000	4809.9526
96000000	129000000	4980.076
97000000	129000000	5426.9053
98000000	129000000	5499.382
99000000	129000000	5737.2896
100000000	129000000	6151.338
101000000	129000000	6732.606
102000000	129000000	5879.262
103000000	129000000	5978.7
104000000	129000000	5567.154
105000000	129000000	6315.6465
106000000	129000000	6554.4326
107000000	129000000	6060.5103
108000000	129000000	5363.081
109000000	129000000	6562.084
110000000	129000000	6669.402
111000000	129000000	6398.375
112000000	129000000	8617.204
113000000	129000000	9495.576
114000000	129000000	10243.245
115000000	129000000	8163.1597
116000000	129000000	7957.6978
117000000	129000000	5354.669
118000000	129000000	3513.5176
119000000	129000000	6648.9185
120000000	129000000	6882.577
121000000	129000000	9427.742
122000000	129000000	13001.952
123000000	129000000	15039.611
124000000	129000000	17268.766
125000000	129000000	18653.217
126000000	129000000	30621.312
127000000	129000000	61983.008
128000000	129000000	98872.29
129000000	129000000	570051.6
0	130000000	1041.4878
1000000	130000000	1436.1503
2000000	130000000	1848.6481
3000000	130000000	1767.8644
4000000	130000000	1565.1956
5000000	130000000	1386.4691
6000000	130000000	1371.6986
7000000	130000000	1429.3365
8000000	130000000	1481.5583
9000000	130000000	1221.655
10000000	130000000	1421.9453
11000000	130000000	1656.3076
12000000	130000000	1784.959
13000000	130000000	1492.2107
14000000	130000000	1344.3733
15000000	130000000	1425.621
16000000	130000000	1380.0334
17000000	130000000	1832.4308
18000000	130000000	1576.3661
19000000	130000000	1618.6346
20000000	130000000	1494.2505
21000000	130000000	992.2094
22000000	130000000	1021.7088
23000000	130000000	862.383
24000000	130000000	808.84265
25000000	130000000	715.0629
26000000	130000000	934.8713
27000000	130000000	955.5152
28000000	130000000	990.8489
29000000	130000000	802.6983
30000000	130000000	1153.0586
31000000	130000000	1206.1057
32000000	130000000	1463.1445
33000000	130000000	1339.9427
34000000	130000000	1453.8275
35000000	130000000	1668.85
36000000	130000000	1699.1952
37000000	130000000	1033.7192
38000000	130000000	898.1832
39000000	130000000	901.7939
40000000	130000000	1048.5677
41000000	130000000	1072.5051
42000000	130000000	1051.307
43000000	130000000	2083.9849
44000000	130000000	2764.4863
45000000	130000000	2801.304
46000000	130000000	1864.1614
47000000	130000000	1548.0475
48000000	130000000	1564.8196
49000000	130000000	1204.904
50000000	130000000	982.1287
51000000	130000000	841.50824
54000000	130000000	516.696
55000000	130000000	1364.4641
56000000	130000000	1991.5221
57000000	130000000	2546.909
58000000	130000000	2002.4766
59000000	130000000	2210.148
60000000	130000000	1909.4532
61000000	130000000	1938.6953
62000000	130000000	1569.8057
63000000	130000000	1514.0519
64000000	130000000	993.9593
65000000	130000000	776.70526
66000000	130000000	1046.7108
67000000	130000000	931.30554
68000000	130000000	1604.1907
69000000	130000000	2182.1907
70000000	130000000	2781.1292
71000000	130000000	2086.602
72000000	130000000	2118.572
73000000	130000000	2015.9155
74000000	130000000	2866.3047
75000000	130000000	2663.3586
76000000	130000000	3373.0183
77000000	130000000	3709.816
78000000	130000000	5807.0933
79000000	130000000	4831.1045
80000000	130000000	3759.87
81000000	130000000	3266.2236
82000000	130000000	3477.3767
83000000	130000000	3156.2224
84000000	130000000	2821.4695
85000000	130000000	3171.7063
86000000	130000000	3798.4968
87000000	130000000	3236.0725
88000000	130000000	3309.7488
89000000	130000000	3403.5308
90000000	130000000	3235.5176
91000000	130000000	3506.0945
92000000	130000000	4332.685
93000000	130000000	4489.108
94000000	130000000	4749.376
95000000	130000000	4988.2515
96000000	130000000	4121.855
97000000	130000000	3890.7131
98000000	130000000	3778.306
99000000	130000000	4097.6055
100000000	130000000	4858.198
101000000	130000000	4711.4795
102000000	130000000	5600.5366
103000000	130000000	4695.253
104000000	130000000	4319.9854
105000000	130000000	4578.883
106000000	130000000	5050.0244
107000000	130000000	5803.5903
108000000	130000000	5256.2017
109000000	130000000	6006.6323
110000000	130000000	6352.176
111000000	130000000	6677.1826
112000000	130000000	9140.98
113000000	130000000	10007.344
114000000	130000000	9630.53
115000000	130000000	8868.334
116000000	130000000	9059.076
117000000	130000000	6258.8057
118000000	130000000	3984.0168
119000000	130000000	7543.771
120000000	130000000	7634.9385
121000000	130000000	9094.877
122000000	130000000	11899.546
123000000	130000000	13007.933
124000000	130000000	14432.217
125000000	130000000	16735.586
126000000	130000000	23860.068
127000000	130000000	28830.266
128000000	130000000	33112.473
129000000	130000000	138185.81
130000000	130000000	591842.4
0	131000000	766.64276
1000000	131000000	1357.761
2000000	131000000	2030.6938
3000000	131000000	1331.0859
4000000	131000000	1742.248
5000000	131000000	1547.3923
6000000	131000000	1246.0441
7000000	131000000	1463.3717
8000000	131000000	1282.0183
9000000	131000000	930.90686
10000000	131000000	1277.1536
11000000	131000000	1784.6189
12000000	131000000	2071.1208
13000000	131000000	1506.3159
14000000	131000000	1353.8004
15000000	131000000	1773.7273
16000000	131000000	1539.7136
17000000	131000000	1666.5804
18000000	131000000	1261.093
19000000	131000000	1513.1443
20000000	131000000	1559.4324
21000000	131000000	1197.5618
22000000	131000000	969.8722
23000000	131000000	943.3655
24000000	131000000	980.56964
25000000	131000000	926.12646
26000000	131000000	888.9007
27000000	131000000	1052.9772
28000000	131000000	1003.7232
29000000	131000000	1020.26
30000000	131000000	1291.0957
31000000	131000000	1251.5411
32000000	131000000	1362.2767
33000000	131000000	1074.9424
34000000	131000000	1333.3223
35000000	131000000	1414.0244
36000000	131000000	1753.1382
37000000	131000000	1299.9155
38000000	131000000	1235.5181
39000000	131000000	1171.7456
40000000	131000000	1341.4188
41000000	131000000	1390.3097
42000000	131000000	1456.9714
43000000	131000000	1973.2462
44000000	131000000	2773.6152
45000000	131000000	3056.323
46000000	131000000	1250.0537
47000000	131000000	1153.9194
48000000	131000000	1780.6624
49000000	131000000	1676.93
50000000	131000000	1334.3973
51000000	131000000	972.64355
54000000	131000000	738.0137
55000000	131000000	1738.3663
56000000	131000000	2775.2715
57000000	131000000	2176.6545
58000000	131000000	1847.6244
59000000	131000000	1868.8876
60000000	131000000	1395.5583
61000000	131000000	1390.0894
62000000	131000000	1236.5327
63000000	131000000	1287.191
64000000	131000000	748.61926
65000000	131000000	517.65106
66000000	131000000	665.44824
67000000	131000000	684.6416
68000000	131000000	1340.8451
69000000	131000000	2309.7754
70000000	131000000	3181.3987
71000000	131000000	1788.3705
72000000	131000000	1531.8451
73000000	131000000	1350.9252
74000000	131000000	2178.647
75000000	131000000	1980.466
76000000	131000000	2808.1238
77000000	131000000	2482.4573
78000000	131000000	6346.206
79000000	131000000	6261.2446
80000000	131000000	4661.2144
81000000	131000000	4055.8687
82000000	131000000	3106.6707
83000000	131000000	3422.7249
84000000	131000000	3368.3042
85000000	131000000	2549.6199
86000000	131000000	3476.27
87000000	131000000	3649.7698
88000000	131000000	3570.897
89000000	131000000	3617.4438
90000000	131000000	3880.355
91000000	131000000	4625.2656
92000000	131000000	5163.5894
93000000	131000000	4111.7026
94000000	131000000	4262.533
95000000	131000000	3989.7188
96000000	131000000	4294.3423
97000000	131000000	4752.6646
98000000	131000000	4850.782
99000000	131000000	4951.922
100000000	131000000	5418.4536
101000000	131000000	6033.585
102000000	131000000	4695.254
103000000	131000000	5098.9253
104000000	131000000	4664.5693
105000000	131000000	5171.2534
106000000	131000000	5806.2783
107000000	131000000	4625.465
108000000	131000000	4086.8813
109000000	131000000	6533.2056
110000000	131000000	6604.2134
111000000	131000000	5406.121
112000000	131000000	10157.3545
113000000	131000000	10927.657
114000000	131000000	11909.582
115000000	131000000	9346.012
116000000	131000000	8705.65
117000000	131000000	5246.6187
118000000	131000000	2618.8027
119000000	131000000	6894.4224
120000000	131000000	6147.0854
121000000	131000000	8736.554
122000000	131000000	12195.556
123000000	131000000	12138.896
124000000	131000000	13269.037
125000000	131000000	13492.62
126000000	131000000	21525.857
127000000	131000000	30057.363
128000000	131000000	20200.098
129000000	131000000	44879.016
130000000	131000000	127043.22
131000000	131000000	547728.25
0	132000000	821.5313
1000000	132000000	1418.6
2000000	132000000	2126.928
3000000	132000000	1434.4071
4000000	132000000	1809.5275
5000000	132000000	1702.7076
6000000	132000000	1259.4594
7000000	132000000	1528.7944
8000000	132000000	1225.6926
9000000	132000000	927.02966
10000000	132000000	1305.1038
11000000	132000000	1591.5071
12000000	132000000	2015.7793
13000000	132000000	1524.5568
14000000	132000000	1318.49
15000000	132000000	1859.8713
16000000	132000000	1585.0476
17000000	132000000	1600.0679
18000000	132000000	1244.8656
19000000	132000000	1485.2317
20000000	132000000	1612.5848
21000000	132000000	1452.8102
22000000	132000000	1053.7566
23000000	132000000	1126.8718
24000000	132000000	1160.869
25000000	132000000	1127.305
26000000	132000000	1015.1252
27000000	132000000	1052.4299
28000000	132000000	1118.1799
29000000	132000000	1257.2091
30000000	132000000	1408.3181
31000000	132000000	1224.7675
32000000	132000000	1221.2659
33000000	132000000	996.1174
34000000	132000000	1157.5955
35000000	132000000	1380.8643
36000000	132000000	1745.6528
37000000	132000000	1649.3029
38000000	132000000	1371.0659
39000000	132000000	1537.3846
40000000	132000000	1587.7706
41000000	132000000	1634.2161
42000000	132000000	1824.7983
43000000	132000000	1981.9135
44000000	132000000	2450.6038
45000000	132000000	2752.6648
46000000	132000000	1101.3927
47000000	132000000	1037.1171
48000000	132000000	1969.1011
49000000	132000000	2099.1267
50000000	132000000	1837.3645
51000000	132000000	1585.7296
54000000	132000000	1009.1204
55000000	132000000	2429.862
56000000	132000000	3251.6675
57000000	132000000	2154.398
58000000	132000000	1976.5715
59000000	132000000	1959.6475
60000000	132000000	1372.9728
61000000	132000000	1327.6976
62000000	132000000	1336.8748
63000000	132000000	1246.2074
64000000	132000000	711.15485
65000000	132000000	485.17383
66000000	132000000	646.4464
67000000	132000000	613.3848
68000000	132000000	1230.9596
69000000	132000000	2168.786
70000000	132000000	3172.3853
71000000	132000000	1812.7789
72000000	132000000	1474.9952
73000000	132000000	1284.57
74000000	132000000	2217.3293
75000000	132000000	1796.6603
76000000	132000000	2566.8596
77000000	132000000	2224.696
78000000	132000000	5828.493
79000000	132000000	6092.486
80000000	132000000	4729.426
81000000	132000000	4326.9775
82000000	132000000	2910.2542
83000000	132000000	3478.3452
84000000	132000000	3440.1177
85000000	132000000	2571.4607
86000000	132000000	3381.8093
87000000	132000000	3741.5586
88000000	132000000	3496.43
89000000	132000000	3818.789
90000000	132000000	4097.9653
91000000	132000000	5226.182
92000000	132000000	5221.7334
93000000	132000000	3919.8438
94000000	132000000	3818.6035
95000000	132000000	3578.032
96000000	132000000	4276.3438
97000000	132000000	5200.617
98000000	132000000	5210.735
99000000	132000000	5180.8125
100000000	132000000	5668.0903
101000000	132000000	6299.479
102000000	132000000	4452.092
103000000	132000000	5148.7085
104000000	132000000	4634.8257
105000000	132000000	5243.1646
106000000	132000000	6040.583
107000000	132000000	4229.4546
108000000	132000000	3690.6687
109000000	132000000	6496.3013
110000000	132000000	6395.0312
111000000	132000000	4769.7246
112000000	132000000	9422.032
113000000	132000000	9809.42
114000000	132000000	11675.414
115000000	132000000	8944.451
116000000	132000000	8189.1567
117000000	132000000	4870.478
118000000	132000000	2513.5742
119000000	132000000	6237.8823
120000000	132000000	5554.5303
121000000	132000000	8293.747
122000000	132000000	11311.88
123000000	132000000	11146.867
124000000	132000000	11905.349
125000000	132000000	11403.248
126000000	132000000	17590.225
127000000	132000000	25933.338
128000000	132000000	15159.343
129000000	132000000	29385.486
130000000	132000000	42403.035
131000000	132000000	157995.2
132000000	132000000	572923.44
0	133000000	1522.8208
1000000	133000000	2238.985
2000000	133000000	2572.503
3000000	133000000	1863.1771
4000000	133000000	1911.4885
5000000	133000000	1669.5583
6000000	133000000	1438.0085
7000000	133000000	1527.1548
8000000	133000000	1526.9398
9000000	133000000	1087.2267
10000000	133000000	1436.6323
11000000	133000000	1798.9999
12000000	133000000	1956.5408
13000000	133000000	1728.2189
14000000	133000000	1431.1129
15000000	133000000	1860.585
16000000	133000000	1544.8263
17000000	133000000	1734.4003
18000000	133000000	1460.3812
19000000	133000000	1675.1837
20000000	133000000	1686.2148
21000000	133000000	1335.9634
22000000	133000000	1083.7565
23000000	133000000	943.5884
24000000	133000000	1040.162
25000000	133000000	988.00793
26000000	133000000	1105.1453
27000000	133000000	1234.749
28000000	133000000	1151.1122
29000000	133000000	1143.3806
30000000	133000000	1407.1123
31000000	133000000	1367.7332
32000000	133000000	1389.9248
33000000	133000000	1290.6635
34000000	133000000	1433.5331
35000000	133000000	1558.5638
36000000	133000000	1882.0018
37000000	133000000	1498.0157
38000000	133000000	1356.8118
39000000	133000000	1327.8616
40000000	133000000	1461.3342
41000000	133000000	1531.4319
42000000	133000000	1657.1234
43000000	133000000	2246.2114
44000000	133000000	2794.4683
45000000	133000000	3094.5586
46000000	133000000	1584.2535
47000000	133000000	1559.9634
48000000	133000000	2090.1755
49000000	133000000	1868.5117
50000000	133000000	1660.8451
51000000	133000000	1487.4458
54000000	133000000	1145.83
55000000	133000000	2229.264
56000000	133000000	2901.8774
57000000	133000000	2443.0095
58000000	133000000	2124.2144
59000000	133000000	2344.6025
60000000	133000000	1794.786
61000000	133000000	1826.166
62000000	133000000	1552.566
63000000	133000000	1600.6445
64000000	133000000	978.7933
65000000	133000000	716.9861
66000000	133000000	935.2186
67000000	133000000	874.26227
68000000	133000000	1702.489
69000000	133000000	2637.3745
70000000	133000000	3636.728
71000000	133000000	2249.7197
72000000	133000000	1912.5197
73000000	133000000	1770.0636
74000000	133000000	2647.3257
75000000	133000000	2284.2798
76000000	133000000	3057.404
77000000	133000000	3003.2815
78000000	133000000	5708.2417
79000000	133000000	5662.6504
80000000	133000000	4422.4453
81000000	133000000	3739.9492
82000000	133000000	3166.8052
83000000	133000000	3374.0989
84000000	133000000	3231.7522
85000000	133000000	2823.3623
86000000	133000000	3577.239
87000000	133000000	3477.788
88000000	133000000	3297.6262
89000000	133000000	3521.5337
90000000	133000000	3657.1697
91000000	133000000	4495.224
92000000	133000000	4791.856
93000000	133000000	4226.07
94000000	133000000	4144.361
95000000	133000000	3931.5984
96000000	133000000	4012.5027
97000000	133000000	4512.1357
98000000	133000000	4344.617
99000000	133000000	4447.367
100000000	133000000	5044.4077
101000000	133000000	5474.4043
102000000	133000000	4722.495
103000000	133000000	4710.254
104000000	133000000	4474.575
105000000	133000000	4402.2266
106000000	133000000	5387.793
107000000	133000000	4615.2993
108000000	133000000	4225.0435
109000000	133000000	5881.7764
110000000	133000000	6047.0493
111000000	133000000	5501.7153
112000000	133000000	9291.133
113000000	133000000	9823.124
114000000	133000000	10643.974
115000000	133000000	9128.01
116000000	133000000	8435.585
117000000	133000000	5552.6143
118000000	133000000	3194.6902
119000000	133000000	7011.952
120000000	133000000	6335.908
121000000	133000000	8085.7114
122000000	133000000	10750.308
123000000	133000000	10557.21
124000000	133000000	11367.608
125000000	133000000	11828.265
126000000	133000000	16331.63
127000000	133000000	19205.375
128000000	133000000	13484.241
129000000	133000000	22618.898
130000000	133000000	30013.037
131000000	133000000	54325.195
132000000	133000000	135424.19
133000000	133000000	625581.06
0	134000000	3374.2688
1000000	134000000	4912.5293
2000000	134000000	5057.6914
3000000	134000000	2952.369
4000000	134000000	2321.6008
5000000	134000000	1979.4672
6000000	134000000	1743.8624
7000000	134000000	1713.4591
8000000	134000000	1723.6019
9000000	134000000	1281.5544
10000000	134000000	1826.3612
11000000	134000000	2322.0876
12000000	134000000	2534.2632
13000000	134000000	1926.6895
14000000	134000000	1759.8806
15000000	134000000	2098.927
16000000	134000000	1704.5026
17000000	134000000	2350.3804
18000000	134000000	1853.0114
19000000	134000000	2002.0162
20000000	134000000	1992.4283
21000000	134000000	1326.5463
22000000	134000000	1129.0391
23000000	134000000	1054.3085
24000000	134000000	1060.5382
25000000	134000000	977.7768
26000000	134000000	1081.3763
27000000	134000000	1170.6643
28000000	134000000	1188.9373
29000000	134000000	1180.2849
30000000	134000000	1439.0039
31000000	134000000	1375.1456
32000000	134000000	1517.697
33000000	134000000	1445.3593
34000000	134000000	1603.6455
35000000	134000000	1645.6915
36000000	134000000	2112.1401
37000000	134000000	1372.8485
38000000	134000000	1253.3763
39000000	134000000	1367.1125
40000000	134000000	1412.8365
41000000	134000000	1577.7662
42000000	134000000	1639.7991
43000000	134000000	2558.5205
44000000	134000000	3859.7617
45000000	134000000	4398.719
46000000	134000000	1892.0565
47000000	134000000	1682.5269
48000000	134000000	2275.059
49000000	134000000	2017.5096
50000000	134000000	1550.6194
51000000	134000000	1451.611
54000000	134000000	959.7455
55000000	134000000	2105.1248
56000000	134000000	3284.7593
57000000	134000000	3139.2056
58000000	134000000	2462.2275
59000000	134000000	2605.9321
60000000	134000000	1900.207
61000000	134000000	2657.8555
62000000	134000000	2275.8894
63000000	134000000	2296.7373
64000000	134000000	1422.137
65000000	134000000	803.4721
66000000	134000000	1302.643
67000000	134000000	1128.4487
68000000	134000000	2556.13
69000000	134000000	4164.375
70000000	134000000	5858.8477
71000000	134000000	3247.1772
72000000	134000000	2136.7104
73000000	134000000	2045.8954
74000000	134000000	3227.0159
75000000	134000000	2702.5266
76000000	134000000	3682.6226
77000000	134000000	3330.6313
78000000	134000000	7303.6978
79000000	134000000	6555.1553
80000000	134000000	4601.9023
81000000	134000000	4108.4277
82000000	134000000	3383.0798
83000000	134000000	3632.6863
84000000	134000000	3394.4001
85000000	134000000	2982.7773
86000000	134000000	3941.9136
87000000	134000000	3764.37
88000000	134000000	3364.0012
89000000	134000000	3741.6252
90000000	134000000	3588.2512
91000000	134000000	4389.48
92000000	134000000	5456.3477
93000000	134000000	4821.8823
94000000	134000000	4664.981
95000000	134000000	3994.0862
96000000	134000000	4022.5
97000000	134000000	4258.361
98000000	134000000	4213.804
99000000	134000000	4481.279
100000000	134000000	5014.4717
101000000	134000000	5401.536
102000000	134000000	4555.4873
103000000	134000000	4618.9517
104000000	134000000	4318.2065
105000000	134000000	4761.4043
106000000	134000000	5200.536
107000000	134000000	5046.0703
108000000	134000000	4329.0273
109000000	134000000	6153.77
110000000	134000000	6608.929
111000000	134000000	6220.6426
112000000	134000000	11003.665
113000000	134000000	12568.488
114000000	134000000	12369.17
115000000	134000000	10020.533
116000000	134000000	10868.96
117000000	134000000	7243.6714
118000000	134000000	3839.9624
119000000	134000000	9075.933
120000000	134000000	7176.003
121000000	134000000	8587.532
122000000	134000000	11848.831
123000000	134000000	11078.234
124000000	134000000	12393.467
125000000	134000000	13851.129
126000000	134000000	18843.594
127000000	134000000	18528.062
128000000	134000000	11895.757
129000000	134000000	21235.523
130000000	134000000	27690.568
131000000	134000000	41425.316
132000000	134000000	54943.297
133000000	134000000	127780.375
134000000	134000000	663930.6
