19000000	19000000	1041361.2
19000000	20000000	45691.78
20000000	20000000	657933.3
19000000	21000000	11027.984
20000000	21000000	168108.52
21000000	21000000	622428.94
19000000	22000000	5858.076
20000000	22000000	27032.701
21000000	22000000	91027.06
22000000	22000000	602506.75
19000000	23000000	2347.3586
20000000	23000000	15326.3
21000000	23000000	34767.68
22000000	23000000	161967.44
23000000	23000000	677538.3
19000000	24000000	3311.7297
20000000	24000000	20650.336
21000000	24000000	33097.97
22000000	24000000	39080.17
23000000	24000000	126358.42
24000000	24000000	686531.7
19000000	25000000	9043.644
20000000	25000000	25445.941
21000000	25000000	22486.834
22000000	25000000	27429.236
23000000	25000000	19664.043
24000000	25000000	77166.414
25000000	25000000	580692.1
19000000	26000000	16514.31
20000000	26000000	17460.588
21000000	26000000	8096.262
22000000	26000000	10867.645
23000000	26000000	5899.391
24000000	26000000	11489.928
25000000	26000000	83234.09
26000000	26000000	553346.8
19000000	27000000	14237.741
20000000	27000000	13687.011
21000000	27000000	6309.279
22000000	27000000	7976.325
23000000	27000000	4328.035
24000000	27000000	7624.3286
25000000	27000000	38776.434
26000000	27000000	151025.22
27000000	27000000	534203.75
19000000	28000000	14739.665
20000000	28000000	12255.667
21000000	28000000	5054.7812
22000000	28000000	6620.1094
23000000	28000000	3430.631
24000000	28000000	5789.783
25000000	28000000	28365.463
26000000	28000000	80733.29
27000000	28000000	153565.6
28000000	28000000	561844.94
19000000	29000000	8007.5264
20000000	29000000	11564.832
21000000	29000000	6771.5547
22000000	29000000	8256.015
23000000	29000000	4051.9753
24000000	29000000	7132.851
25000000	29000000	27516.762
26000000	29000000	42940.7
27000000	29000000	53152.246
28000000	29000000	90281.16
29000000	29000000	517269.25
19000000	30000000	6415.077
20000000	30000000	11915.24
21000000	30000000	7636.7896
22000000	30000000	9170.357
23000000	30000000	4522.367
24000000	30000000	7766.0107
25000000	30000000	22328.494
26000000	30000000	26099.19
27000000	30000000	29070.404
28000000	30000000	39361.387
29000000	30000000	162107.9
30000000	30000000	528859.3
19000000	31000000	1709.1703
20000000	31000000	9789.753
21000000	31000000	12776.096
22000000	31000000	8928.775
23000000	31000000	9185.571
24000000	31000000	12745.1455
25000000	31000000	13683.924
26000000	31000000	6564.5693
27000000	31000000	6863.299
28000000	31000000	8285.178
29000000	31000000	23871.36
30000000	31000000	61332.406
31000000	31000000	619451.44
19000000	32000000	3023.8665
20000000	32000000	8990.406
21000000	32000000	8568.119
22000000	32000000	8961.883
23000000	32000000	5791.3496
24000000	32000000	8368.599
25000000	32000000	13416.72
26000000	32000000	9416.728
27000000	32000000	9535.588
28000000	32000000	11175.23
29000000	32000000	20220.594
30000000	32000000	33371.57
31000000	32000000	119001.9
32000000	32000000	560884.94
19000000	33000000	3707.947
20000000	33000000	7638.2993
21000000	33000000	5694.8716
22000000	33000000	8121.919
23000000	33000000	3929.394
24000000	33000000	5441.631
25000000	33000000	11736.051
26000000	33000000	12305.113
27000000	33000000	12549.91
28000000	33000000	14243.119
29000000	33000000	21266.965
30000000	33000000	27219.146
31000000	33000000	28007.398
32000000	33000000	96584.945
33000000	33000000	541781.2
19000000	34000000	2737.9622
20000000	34000000	8057.0513
21000000	34000000	8032.396
22000000	34000000	8692.086
23000000	34000000	5705.5073
24000000	34000000	7627.095
25000000	34000000	11910.562
26000000	34000000	8083.9375
27000000	34000000	7983.085
28000000	34000000	9032.766
29000000	34000000	14012.882
30000000	34000000	19123.482
31000000	34000000	29776.184
32000000	34000000	61089.22
33000000	34000000	171215.34
34000000	34000000	534803.5
19000000	35000000	883.29236
20000000	35000000	6437.014
21000000	35000000	10350.372
22000000	35000000	7026.4126
23000000	35000000	9112.002
24000000	35000000	10727.291
25000000	35000000	6797.5786
26000000	35000000	2971.486
27000000	35000000	2852.378
28000000	35000000	3097.5671
29000000	35000000	5062.1606
30000000	35000000	6937.3076
31000000	35000000	31347.457
32000000	35000000	20962.48
33000000	35000000	17463.791
34000000	35000000	60242.9
35000000	35000000	680263.2
19000000	36000000	2216.9656
20000000	36000000	8482.42
21000000	36000000	9212.449
22000000	36000000	8945.707
23000000	36000000	5882.126
24000000	36000000	8097.5737
25000000	36000000	11540.244
26000000	36000000	6883.9043
27000000	36000000	6603.0654
28000000	36000000	7068.075
29000000	36000000	11055.297
30000000	36000000	14302.163
31000000	36000000	20847.012
32000000	36000000	23223.492
33000000	36000000	24313.67
34000000	36000000	38342.746
35000000	36000000	128684.25
36000000	36000000	519228.38
19000000	37000000	5803.5117
20000000	37000000	9225.556
21000000	37000000	5644.1685
22000000	37000000	6663.522
23000000	37000000	3130.545
24000000	37000000	4736.256
25000000	37000000	12898.897
26000000	37000000	16320.566
27000000	37000000	16247.787
28000000	37000000	17849.648
29000000	37000000	18879.37
30000000	37000000	19274.895
31000000	37000000	9131.149
32000000	37000000	15437.499
33000000	37000000	24617.305
34000000	37000000	21737.914
35000000	37000000	14132.066
36000000	37000000	103392.98
37000000	37000000	491443.7
19000000	38000000	7168.6094
20000000	38000000	8567.005
21000000	38000000	4221.081
22000000	38000000	5085.0938
23000000	38000000	2413.056
24000000	38000000	3612.882
25000000	38000000	10769.418
26000000	38000000	18021.82
27000000	38000000	18088.195
28000000	38000000	19874.393
29000000	38000000	17718.975
30000000	38000000	16288.136
31000000	38000000	6099.133
32000000	38000000	10446.607
33000000	38000000	16122.881
34000000	38000000	12598.089
35000000	38000000	6595.4395
36000000	38000000	22206.47
37000000	38000000	118540.67
38000000	38000000	515247.66
19000000	39000000	2329.3474
20000000	39000000	8665.24
21000000	39000000	8160.3267
22000000	39000000	6622.611
23000000	39000000	4852.9907
24000000	39000000	6903.477
25000000	39000000	9878.362
26000000	39000000	6822.6084
27000000	39000000	6397.2183
28000000	39000000	6733.2305
29000000	39000000	9099.418
30000000	39000000	10411.224
31000000	39000000	12564.314
32000000	39000000	11034.389
33000000	39000000	9542.299
34000000	39000000	11483.517
35000000	39000000	12719.493
36000000	39000000	21824.637
37000000	39000000	34877.297
38000000	39000000	94231.875
39000000	39000000	488016.47
19000000	40000000	2551.7063
20000000	40000000	6124.9907
21000000	40000000	4546.611
22000000	40000000	5009.541
23000000	40000000	2792.5593
24000000	40000000	4037.5066
25000000	40000000	8268.234
26000000	40000000	6755.127
27000000	40000000	6770.074
28000000	40000000	7048.201
29000000	40000000	8377.536
30000000	40000000	8939.558
31000000	40000000	6565.81
32000000	40000000	7637.2354
33000000	40000000	7813.655
34000000	40000000	8242.182
35000000	40000000	6044.5933
36000000	40000000	12101.818
37000000	40000000	18851.299
38000000	40000000	29747.844
39000000	40000000	104562.64
40000000	40000000	509147.9
19000000	41000000	3390.7366
20000000	41000000	5377.525
21000000	41000000	3147.2598
22000000	41000000	4428.7876
23000000	41000000	2032.7196
24000000	41000000	2869.9631
25000000	41000000	7126.746
26000000	41000000	9578.117
27000000	41000000	9824.59
28000000	41000000	10109.853
29000000	41000000	10303.299
30000000	41000000	9786.776
31000000	41000000	4435.9395
32000000	41000000	6499.0137
33000000	41000000	8822.637
34000000	41000000	6904.5156
35000000	41000000	3868.8696
36000000	41000000	9453.391
37000000	41000000	20480.422
38000000	41000000	32824.01
39000000	41000000	47556.64
40000000	41000000	142520.7
41000000	41000000	498783.47
19000000	42000000	2821.3394
20000000	42000000	5451.434
21000000	42000000	3508.7903
22000000	42000000	4050.7698
23000000	42000000	2147.495
24000000	42000000	3081.3818
25000000	42000000	6748.2573
26000000	42000000	8598.186
27000000	42000000	8873.87
28000000	42000000	9032.63
29000000	42000000	9001.658
30000000	42000000	8790.905
31000000	42000000	5165.334
32000000	42000000	6446.83
33000000	42000000	7233.883
34000000	42000000	6627.212
35000000	42000000	4369.6895
36000000	42000000	8504.473
37000000	42000000	15689.266
38000000	42000000	22680.447
39000000	42000000	35007.73
40000000	42000000	61655.785
41000000	42000000	101790.85
42000000	42000000	460184.25
19000000	43000000	4224.022
20000000	43000000	5379.713
21000000	43000000	2881.0
22000000	43000000	3536.1184
23000000	43000000	1712.7981
24000000	43000000	2473.5464
25000000	43000000	6390.1504
26000000	43000000	10220.133
27000000	43000000	11192.457
28000000	43000000	11698.794
29000000	43000000	9627.544
30000000	43000000	8925.37
31000000	43000000	3966.5127
32000000	43000000	5617.1196
33000000	43000000	7182.356
34000000	43000000	5596.857
35000000	43000000	3241.4792
36000000	43000000	6793.6934
37000000	43000000	15926.968
38000000	43000000	22876.002
39000000	43000000	22103.594
40000000	43000000	35660.78
41000000	43000000	53181.395
42000000	43000000	162316.08
43000000	43000000	490315.72
19000000	44000000	4869.0405
20000000	44000000	5594.1553
21000000	44000000	2827.2532
22000000	44000000	3591.6755
23000000	44000000	1597.157
24000000	44000000	2416.4346
25000000	44000000	7016.5376
26000000	44000000	12370.372
27000000	44000000	12830.714
28000000	44000000	13513.93
29000000	44000000	10659.312
30000000	44000000	9599.127
31000000	44000000	3535.1042
32000000	44000000	5683.3574
33000000	44000000	7801.919
34000000	44000000	5907.009
35000000	44000000	2850.4053
36000000	44000000	7209.244
37000000	44000000	18050.127
38000000	44000000	25847.314
39000000	44000000	21122.018
40000000	44000000	33301.895
41000000	44000000	48290.688
42000000	44000000	73662.16
43000000	44000000	132819.97
44000000	44000000	496157.78
19000000	45000000	2454.427
20000000	45000000	7648.8403
21000000	45000000	6721.4414
22000000	45000000	5474.598
23000000	45000000	3859.2139
24000000	45000000	5392.201
25000000	45000000	8367.753
26000000	45000000	6263.081
27000000	45000000	5998.247
28000000	45000000	5952.9727
29000000	45000000	7613.4062
30000000	45000000	8632.26
31000000	45000000	9946.633
32000000	45000000	8175.4536
33000000	45000000	7206.1343
34000000	45000000	8152.1274
35000000	45000000	8764.218
36000000	45000000	12234.202
37000000	45000000	13908.227
38000000	45000000	16329.162
39000000	45000000	39987.746
40000000	45000000	37875.605
41000000	45000000	33479.375
42000000	45000000	47950.63
43000000	45000000	47719.82
44000000	45000000	89916.555
45000000	45000000	450486.84
19000000	46000000	2752.085
20000000	46000000	5777.5527
21000000	46000000	4014.2742
22000000	46000000	5086.124
23000000	46000000	2490.9534
24000000	46000000	3361.743
25000000	46000000	6827.3545
26000000	46000000	7796.784
27000000	46000000	7767.21
28000000	46000000	7635.427
29000000	46000000	8270.315
30000000	46000000	8467.086
31000000	46000000	5544.198
32000000	46000000	7104.6074
33000000	46000000	8156.3906
34000000	46000000	6734.632
35000000	46000000	4145.083
36000000	46000000	8456.378
37000000	46000000	11866.97
38000000	46000000	13211.908
39000000	46000000	13507.1
40000000	46000000	13462.8955
41000000	46000000	15692.324
42000000	46000000	16753.61
43000000	46000000	18885.346
44000000	46000000	27245.918
45000000	46000000	78252.11
46000000	46000000	527813.8
19000000	47000000	2301.286
20000000	47000000	4730.091
21000000	47000000	3298.0586
22000000	47000000	4639.072
23000000	47000000	2203.133
24000000	47000000	2821.444
25000000	47000000	6242.6484
26000000	47000000	6759.0664
27000000	47000000	6785.02
28000000	47000000	6708.048
29000000	47000000	7631.743
30000000	47000000	7898.1963
31000000	47000000	4207.3477
32000000	47000000	5961.4453
33000000	47000000	7841.3467
34000000	47000000	5998.7075
35000000	47000000	3381.5015
36000000	47000000	7068.3784
37000000	47000000	10075.66
38000000	47000000	10358.571
39000000	47000000	8749.938
40000000	47000000	9495.036
41000000	47000000	11827.889
42000000	47000000	11030.627
43000000	47000000	12608.335
44000000	47000000	16664.809
45000000	47000000	26958.328
46000000	47000000	111012.36
47000000	47000000	526805.06
19000000	48000000	2884.507
20000000	48000000	4717.0117
21000000	48000000	3009.1658
22000000	48000000	4245.8145
23000000	48000000	1939.9991
24000000	48000000	2561.3657
25000000	48000000	5875.808
26000000	48000000	7567.2686
27000000	48000000	7316.0264
28000000	48000000	7453.4297
29000000	48000000	7697.291
30000000	48000000	7594.799
31000000	48000000	3884.829
32000000	48000000	5506.812
33000000	48000000	7292.55
34000000	48000000	5674.355
35000000	48000000	3150.7234
36000000	48000000	6383.902
37000000	48000000	10338.63
38000000	48000000	10660.538
39000000	48000000	7719.283
40000000	48000000	8508.481
41000000	48000000	11019.498
42000000	48000000	10471.472
43000000	48000000	12089.856
44000000	48000000	15388.375
45000000	48000000	19695.59
46000000	48000000	52132.87
47000000	48000000	128820.29
48000000	48000000	520943.6
19000000	49000000	2298.4856
20000000	49000000	5339.1353
21000000	49000000	4001.5168
22000000	49000000	5174.906
23000000	49000000	2446.8496
24000000	49000000	3274.7227
25000000	49000000	6773.972
26000000	49000000	6288.0156
27000000	49000000	5795.8613
28000000	49000000	6070.248
29000000	49000000	6923.636
30000000	49000000	7556.007
31000000	49000000	4728.052
32000000	49000000	6615.2563
33000000	49000000	7540.805
34000000	49000000	6615.2056
35000000	49000000	3597.7986
36000000	49000000	7891.729
37000000	49000000	10159.877
38000000	49000000	10020.246
39000000	49000000	9059.745
40000000	49000000	9161.761
41000000	49000000	10040.34
42000000	49000000	9246.82
43000000	49000000	10007.666
44000000	49000000	13018.531
45000000	49000000	20321.182
46000000	49000000	41825.19
47000000	49000000	67717.67
48000000	49000000	139132.69
49000000	49000000	493518.66
19000000	50000000	511.68506
20000000	50000000	3899.664
21000000	50000000	6437.1777
22000000	50000000	4198.956
23000000	50000000	6197.9688
24000000	50000000	6015.083
25000000	50000000	3687.753
26000000	50000000	1211.2737
27000000	50000000	1195.78
28000000	50000000	1118.8668
29000000	50000000	1911.0082
30000000	50000000	2672.166
31000000	50000000	9223.763
32000000	50000000	4726.904
33000000	50000000	2665.1301
34000000	50000000	4864.717
35000000	50000000	11417.955
36000000	50000000	6382.7407
37000000	50000000	2966.6675
38000000	50000000	2490.4456
39000000	50000000	8185.47
40000000	50000000	4469.1133
41000000	50000000	2785.244
42000000	50000000	4073.8953
43000000	50000000	2979.5525
44000000	50000000	3157.3845
45000000	50000000	13296.281
46000000	50000000	10803.164
47000000	50000000	11140.528
48000000	50000000	14453.662
49000000	50000000	52643.984
50000000	50000000	662304.0
19000000	51000000	641.51733
20000000	51000000	3204.888
21000000	51000000	4663.1187
22000000	51000000	5369.3555
23000000	51000000	4215.3765
24000000	51000000	4474.8877
25000000	51000000	4076.5645
26000000	51000000	2169.6252
27000000	51000000	2025.5519
28000000	51000000	1995.1583
29000000	51000000	2716.2566
30000000	51000000	3453.158
31000000	51000000	5667.9883
32000000	51000000	4716.4185
33000000	51000000	3827.0718
34000000	51000000	4915.3154
35000000	51000000	6258.194
36000000	51000000	6089.6724
37000000	51000000	3968.174
38000000	51000000	3466.0828
39000000	51000000	5968.41
40000000	51000000	4431.6035
41000000	51000000	3828.9045
42000000	51000000	4036.9478
43000000	51000000	3657.0017
44000000	51000000	4133.146
45000000	51000000	8876.616
46000000	51000000	9843.212
47000000	51000000	11481.718
48000000	51000000	13206.744
49000000	51000000	26837.307
50000000	51000000	118618.3
51000000	51000000	534380.7
19000000	52000000	1140.5851
20000000	52000000	3591.0225
21000000	52000000	4356.5273
22000000	52000000	5207.7993
23000000	52000000	3507.004
24000000	52000000	4083.3801
25000000	52000000	4435.3228
26000000	52000000	2453.9795
27000000	52000000	2372.7136
28000000	52000000	2154.159
29000000	52000000	3078.9153
30000000	52000000	3825.8423
31000000	52000000	4938.1816
32000000	52000000	4675.9277
33000000	52000000	3897.8694
34000000	52000000	4756.3066
35000000	52000000	4746.9634
36000000	52000000	5853.7646
37000000	52000000	4333.976
38000000	52000000	3960.2734
39000000	52000000	5852.6855
40000000	52000000	4731.416
41000000	52000000	4154.4766
42000000	52000000	4589.642
43000000	52000000	4101.3267
44000000	52000000	4599.6
45000000	52000000	8365.314
46000000	52000000	9389.513
47000000	52000000	10354.272
48000000	52000000	11932.84
49000000	52000000	19518.098
50000000	52000000	28451.072
51000000	52000000	159770.6
52000000	52000000	531402.0
19000000	53000000	820.7823
20000000	53000000	3687.2485
21000000	53000000	4596.298
22000000	53000000	4697.958
23000000	53000000	3723.9265
24000000	53000000	4181.4663
25000000	53000000	3884.8215
26000000	53000000	2379.1016
27000000	53000000	2180.591
28000000	53000000	2086.181
29000000	53000000	2902.554
30000000	53000000	3734.268
31000000	53000000	5557.7886
32000000	53000000	4552.8784
33000000	53000000	3493.8152
34000000	53000000	4617.8887
35000000	53000000	5593.1416
36000000	53000000	5568.95
37000000	53000000	4058.5232
38000000	53000000	3647.4353
39000000	53000000	6482.442
40000000	53000000	4749.9756
41000000	53000000	3768.4834
42000000	53000000	4567.2847
43000000	53000000	4039.3777
44000000	53000000	4108.4976
45000000	53000000	8586.011
46000000	53000000	8511.738
47000000	53000000	8819.597
48000000	53000000	9440.959
49000000	53000000	13596.623
50000000	53000000	20620.209
51000000	53000000	34581.676
52000000	53000000	114378.09
53000000	53000000	542185.4
19000000	54000000	1010.3555
20000000	54000000	3465.1594
21000000	54000000	4000.4875
22000000	54000000	4887.177
23000000	54000000	3205.4895
24000000	54000000	3768.5784
25000000	54000000	4372.814
26000000	54000000	2905.1829
27000000	54000000	2619.1223
28000000	54000000	2549.3528
29000000	54000000	3313.3062
30000000	54000000	4035.7495
31000000	54000000	4317.2534
32000000	54000000	4554.1177
33000000	54000000	4294.787
34000000	54000000	4567.575
35000000	54000000	4183.235
36000000	54000000	5307.568
37000000	54000000	4709.7646
38000000	54000000	4316.0664
39000000	54000000	5558.7993
40000000	54000000	4678.3057
41000000	54000000	4443.7827
42000000	54000000	4312.3667
43000000	54000000	4044.869
44000000	54000000	4805.9185
45000000	54000000	7551.9653
46000000	54000000	8751.6875
47000000	54000000	9469.42
48000000	54000000	9866.616
49000000	54000000	13871.024
50000000	54000000	12037.695
51000000	54000000	22745.664
52000000	54000000	39479.387
53000000	54000000	144528.0
54000000	54000000	552560.9
19000000	55000000	418.55014
20000000	55000000	3031.448
21000000	55000000	5299.429
22000000	55000000	4103.183
23000000	55000000	4925.918
24000000	55000000	4915.3193
25000000	55000000	3056.1091
26000000	55000000	1138.0206
27000000	55000000	1063.4895
28000000	55000000	1074.2815
29000000	55000000	1732.5643
30000000	55000000	2214.2363
31000000	55000000	6683.2266
32000000	55000000	3737.7695
33000000	55000000	2442.3984
34000000	55000000	3896.4312
35000000	55000000	8016.8906
36000000	55000000	5074.3438
37000000	55000000	2456.2334
38000000	55000000	2096.426
39000000	55000000	5209.0605
40000000	55000000	3147.015
41000000	55000000	2178.746
42000000	55000000	2927.0261
43000000	55000000	2165.9001
44000000	55000000	2292.8684
45000000	55000000	6652.5654
46000000	55000000	4724.0005
47000000	55000000	4721.137
48000000	55000000	4501.441
49000000	55000000	6461.798
50000000	55000000	18857.557
51000000	55000000	16733.084
52000000	55000000	18817.5
53000000	55000000	35398.31
54000000	55000000	85951.14
55000000	55000000	579302.4
19000000	56000000	1126.144
20000000	56000000	3254.7832
21000000	56000000	3762.905
22000000	56000000	4696.213
23000000	56000000	2815.9744
24000000	56000000	3423.2996
25000000	56000000	4213.176
26000000	56000000	2678.9556
27000000	56000000	2436.1953
28000000	56000000	2354.401
29000000	56000000	3119.743
30000000	56000000	3540.374
31000000	56000000	4112.363
32000000	56000000	4006.2854
33000000	56000000	3905.651
34000000	56000000	4323.774
35000000	56000000	3713.9883
36000000	56000000	5186.4307
37000000	56000000	4624.7144
38000000	56000000	4122.4326
39000000	56000000	5241.1562
40000000	56000000	4357.262
41000000	56000000	3972.977
42000000	56000000	4167.9624
43000000	56000000	3856.7214
44000000	56000000	4608.7573
45000000	56000000	6563.65
46000000	56000000	7171.965
47000000	56000000	7678.493
48000000	56000000	7780.643
49000000	56000000	10199.706
50000000	56000000	7517.9346
51000000	56000000	11318.875
52000000	56000000	13383.026
53000000	56000000	17541.598
54000000	56000000	27640.748
55000000	56000000	119560.26
56000000	56000000	545056.44
19000000	57000000	1071.4099
20000000	57000000	3682.397
21000000	57000000	3926.6543
22000000	57000000	4999.288
23000000	57000000	2691.2964
24000000	57000000	3386.7053
25000000	57000000	4486.9727
26000000	57000000	3092.4436
27000000	57000000	2875.3352
28000000	57000000	2809.0903
29000000	57000000	3595.598
30000000	57000000	4366.7383
31000000	57000000	4065.8547
32000000	57000000	4365.594
33000000	57000000	4556.912
34000000	57000000	4595.5845
35000000	57000000	3663.4119
36000000	57000000	5589.0117
37000000	57000000	5452.262
38000000	57000000	4846.11
39000000	57000000	5847.869
40000000	57000000	4897.596
41000000	57000000	4643.092
42000000	57000000	4537.4033
43000000	57000000	4481.5376
44000000	57000000	5110.085
45000000	57000000	7522.5884
46000000	57000000	8303.979
47000000	57000000	8937.196
48000000	57000000	8930.978
49000000	57000000	11264.72
50000000	57000000	6738.726
51000000	57000000	10181.873
52000000	57000000	12196.759
53000000	57000000	14772.291
54000000	57000000	21290.51
55000000	57000000	39428.797
56000000	57000000	130126.28
57000000	57000000	509312.9
19000000	58000000	1249.9036
20000000	58000000	3915.518
21000000	58000000	4680.6753
22000000	58000000	4416.173
23000000	58000000	3142.5356
24000000	58000000	3822.5737
25000000	58000000	4395.4814
26000000	58000000	2957.4822
27000000	58000000	2641.6362
28000000	58000000	2733.7634
29000000	58000000	3354.5847
30000000	58000000	3956.7566
31000000	58000000	5520.627
32000000	58000000	4316.2754
33000000	58000000	3999.0513
34000000	58000000	4720.3325
35000000	58000000	5528.4775
36000000	58000000	5651.333
37000000	58000000	4930.5625
38000000	58000000	4508.42
39000000	58000000	6475.9
40000000	58000000	4977.9697
41000000	58000000	4389.917
42000000	58000000	4515.515
43000000	58000000	4449.779
44000000	58000000	4897.2944
45000000	58000000	8271.073
46000000	58000000	7096.638
47000000	58000000	7442.615
48000000	58000000	7678.2544
49000000	58000000	9573.149
50000000	58000000	9381.256
51000000	58000000	9531.0205
52000000	58000000	10214.806
53000000	58000000	12567.298
54000000	58000000	15326.634
55000000	58000000	24951.795
56000000	58000000	43762.98
57000000	58000000	125459.19
58000000	58000000	496566.5
19000000	59000000	665.1413
20000000	59000000	2746.8723
21000000	59000000	3751.2102
22000000	59000000	3706.2278
23000000	59000000	3207.355
24000000	59000000	3459.7185
25000000	59000000	3598.742
26000000	59000000	1747.9844
27000000	59000000	1574.3955
28000000	59000000	1671.4443
29000000	59000000	2276.9275
30000000	59000000	2948.9294
31000000	59000000	5028.032
32000000	59000000	3866.9158
33000000	59000000	2781.1802
34000000	59000000	4052.4329
35000000	59000000	5179.701
36000000	59000000	5063.4077
37000000	59000000	3360.6804
38000000	59000000	2949.2673
39000000	59000000	5350.878
40000000	59000000	4460.3105
41000000	59000000	3075.1577
42000000	59000000	4006.6846
43000000	59000000	3158.5503
44000000	59000000	3147.2769
45000000	59000000	6260.0566
46000000	59000000	5120.024
47000000	59000000	5030.1626
48000000	59000000	4909.847
49000000	59000000	6061.7334
50000000	59000000	9095.841
51000000	59000000	8104.4795
52000000	59000000	8296.251
53000000	59000000	9516.775
54000000	59000000	9763.119
55000000	59000000	16445.781
56000000	59000000	16864.402
57000000	59000000	26087.338
58000000	59000000	110772.09
59000000	59000000	610985.7
19000000	60000000	1049.8033
20000000	60000000	3077.8513
21000000	60000000	3145.4785
22000000	60000000	4096.1973
23000000	60000000	2465.4707
24000000	60000000	2974.4397
25000000	60000000	3783.7246
26000000	60000000	2563.468
27000000	60000000	2407.6606
28000000	60000000	2316.153
29000000	60000000	3182.5234
30000000	60000000	3813.415
31000000	60000000	3992.4346
32000000	60000000	3997.6746
33000000	60000000	3676.6304
34000000	60000000	4078.3584
35000000	60000000	3626.4165
36000000	60000000	5168.6104
37000000	60000000	4570.7144
38000000	60000000	4202.9775
39000000	60000000	5495.188
40000000	60000000	4604.3535
41000000	60000000	4296.275
42000000	60000000	4598.95
43000000	60000000	4155.989
44000000	60000000	4511.619
45000000	60000000	6665.693
46000000	60000000	7386.0347
47000000	60000000	7491.903
48000000	60000000	6941.809
49000000	60000000	8300.283
50000000	60000000	6322.1465
51000000	60000000	7085.1294
52000000	60000000	7469.892
53000000	60000000	7906.3906
54000000	60000000	9682.402
55000000	60000000	9604.655
56000000	60000000	13898.085
57000000	60000000	20241.271
58000000	60000000	35749.73
59000000	60000000	89643.586
60000000	60000000	554556.9
19000000	61000000	747.5031
20000000	61000000	2617.4136
21000000	61000000	3096.4607
22000000	61000000	3358.2915
23000000	61000000	2491.5298
24000000	61000000	2996.7803
25000000	61000000	3295.6707
26000000	61000000	1686.265
27000000	61000000	1764.8259
28000000	61000000	1592.2804
29000000	61000000	2392.296
30000000	61000000	3034.1743
31000000	61000000	4467.262
32000000	61000000	3803.3982
33000000	61000000	2839.284
34000000	61000000	3707.9487
35000000	61000000	4338.971
36000000	61000000	4936.926
37000000	61000000	3463.7478
38000000	61000000	3013.8557
39000000	61000000	4962.6987
40000000	61000000	3857.776
41000000	61000000	3216.7544
42000000	61000000	3843.0947
43000000	61000000	3265.7317
44000000	61000000	3140.5234
45000000	61000000	5905.003
46000000	61000000	5734.4683
47000000	61000000	5508.231
48000000	61000000	5273.501
49000000	61000000	6015.252
50000000	61000000	6858.5737
51000000	61000000	6119.6655
52000000	61000000	6306.297
53000000	61000000	7007.2983
54000000	61000000	7367.2686
55000000	61000000	9604.505
56000000	61000000	9346.428
57000000	61000000	11890.707
58000000	61000000	18349.639
59000000	61000000	33085.527
60000000	61000000	127390.05
61000000	61000000	526169.56
19000000	62000000	1188.1251
20000000	62000000	2828.6577
21000000	62000000	2956.6904
22000000	62000000	3214.4907
23000000	62000000	2165.3281
24000000	62000000	2714.3564
25000000	62000000	3621.9624
26000000	62000000	2667.3457
27000000	62000000	2411.9434
28000000	62000000	2489.348
29000000	62000000	3394.4812
30000000	62000000	3771.929
31000000	62000000	3792.6064
32000000	62000000	3929.863
33000000	62000000	3822.7385
34000000	62000000	3982.2808
35000000	62000000	3583.362
36000000	62000000	4983.1133
37000000	62000000	4649.666
38000000	62000000	4382.784
39000000	62000000	5101.8237
40000000	62000000	4292.656
41000000	62000000	4214.7544
42000000	62000000	4260.7866
43000000	62000000	3948.7285
44000000	62000000	4445.979
45000000	62000000	6062.18
46000000	62000000	6947.6484
47000000	62000000	6771.752
48000000	62000000	6448.4443
49000000	62000000	7389.21
50000000	62000000	5530.629
51000000	62000000	5505.029
52000000	62000000	5951.875
53000000	62000000	6271.253
54000000	62000000	7611.5127
55000000	62000000	7626.496
56000000	62000000	9576.325
57000000	62000000	12158.463
58000000	62000000	15531.199
59000000	62000000	19691.027
60000000	62000000	42848.36
61000000	62000000	169622.16
62000000	62000000	495811.1
19000000	63000000	1675.2595
20000000	63000000	3167.049
21000000	63000000	2606.812
22000000	63000000	3404.3896
23000000	63000000	1804.4843
24000000	63000000	2258.0447
25000000	63000000	4138.4937
26000000	63000000	3864.7922
27000000	63000000	3551.9268
28000000	63000000	3526.5684
29000000	63000000	4222.7344
30000000	63000000	4553.091
31000000	63000000	3436.7446
32000000	63000000	4264.597
33000000	63000000	4919.752
34000000	63000000	4524.905
35000000	63000000	3017.4287
36000000	63000000	5151.9243
37000000	63000000	6351.0083
38000000	63000000	6006.0923
39000000	63000000	5267.5996
40000000	63000000	4888.235
41000000	63000000	5382.9644
42000000	63000000	4869.2354
43000000	63000000	5026.9634
44000000	63000000	6011.5244
45000000	63000000	6506.1
46000000	63000000	7885.4893
47000000	63000000	8181.124
48000000	63000000	8052.6294
49000000	63000000	8920.449
50000000	63000000	4152.772
51000000	63000000	5394.597
52000000	63000000	6088.9
53000000	63000000	6644.2163
54000000	63000000	8157.749
55000000	63000000	6255.3506
56000000	63000000	10442.558
57000000	63000000	13601.069
58000000	63000000	15302.234
59000000	63000000	15278.263
60000000	63000000	29495.988
61000000	63000000	40009.598
62000000	63000000	132233.3
63000000	63000000	501910.84
19000000	64000000	343.61682
20000000	64000000	2014.878
21000000	64000000	3485.478
22000000	64000000	2620.5332
23000000	64000000	3700.8481
24000000	64000000	3458.248
25000000	64000000	1982.2482
26000000	64000000	695.1889
27000000	64000000	729.28284
28000000	64000000	694.394
29000000	64000000	1121.2767
30000000	64000000	1461.4218
31000000	64000000	5299.293
32000000	64000000	2728.1025
33000000	64000000	1647.3035
34000000	64000000	2876.9805
35000000	64000000	6610.536
36000000	64000000	3872.3232
37000000	64000000	1606.2952
38000000	64000000	1203.9844
39000000	64000000	3950.247
40000000	64000000	2276.443
41000000	64000000	1412.8608
42000000	64000000	2168.666
43000000	64000000	1502.6332
44000000	64000000	1312.2281
45000000	64000000	4316.65
46000000	64000000	2707.5195
47000000	64000000	2333.6753
48000000	64000000	2276.307
49000000	64000000	2690.7708
50000000	64000000	9809.932
51000000	64000000	5989.379
52000000	64000000	5228.9067
53000000	64000000	6231.906
54000000	64000000	5146.7964
55000000	64000000	10792.92
56000000	64000000	5901.8325
57000000	64000000	6105.544
58000000	64000000	10254.316
59000000	64000000	14085.443
60000000	64000000	13363.237
61000000	64000000	24778.004
62000000	64000000	33316.145
63000000	64000000	113312.516
64000000	64000000	653754.75
19000000	65000000	322.03674
20000000	65000000	1720.1044
21000000	65000000	2963.488
22000000	65000000	3104.898
23000000	65000000	3441.398
24000000	65000000	3117.871
25000000	65000000	2083.5386
26000000	65000000	821.0597
27000000	65000000	838.2774
28000000	65000000	760.5394
29000000	65000000	1374.915
30000000	65000000	1660.5548
31000000	65000000	3747.8726
32000000	65000000	2851.2842
33000000	65000000	2029.1101
34000000	65000000	3014.0464
35000000	65000000	4494.059
36000000	65000000	3516.8123
37000000	65000000	1889.4696
38000000	65000000	1417.3314
39000000	65000000	2923.6917
40000000	65000000	2156.7268
41000000	65000000	1536.3146
42000000	65000000	1881.9147
43000000	65000000	1464.2607
44000000	65000000	1428.3213
45000000	65000000	3350.2612
46000000	65000000	2585.3767
47000000	65000000	2483.8806
48000000	65000000	2384.396
49000000	65000000	2902.286
50000000	65000000	6220.1035
51000000	65000000	5974.5273
52000000	65000000	5707.888
53000000	65000000	5835.835
54000000	65000000	5892.6997
55000000	65000000	8471.444
56000000	65000000	6329.0913
57000000	65000000	6464.0493
58000000	65000000	7947.4487
59000000	65000000	9625.044
60000000	65000000	9618.647
61000000	65000000	12257.671
62000000	65000000	14462.777
63000000	65000000	21551.262
64000000	65000000	86936.39
65000000	65000000	563720.8
19000000	66000000	794.04626
20000000	66000000	1851.7567
21000000	66000000	2103.3074
22000000	66000000	3107.901
23000000	66000000	2083.6428
24000000	66000000	2270.6675
25000000	66000000	2491.1995
26000000	66000000	1623.017
27000000	66000000	1541.047
28000000	66000000	1534.2146
29000000	66000000	2169.1653
30000000	66000000	2455.9731
31000000	66000000	2794.741
32000000	66000000	3299.941
33000000	66000000	3135.542
34000000	66000000	3176.5488
35000000	66000000	2901.6282
36000000	66000000	3739.4053
37000000	66000000	2958.4458
38000000	66000000	2574.9788
39000000	66000000	3152.079
40000000	66000000	2618.4175
41000000	66000000	2397.219
42000000	66000000	2555.5776
43000000	66000000	2363.0254
44000000	66000000	2529.5754
45000000	66000000	3421.8865
46000000	66000000	3749.8403
47000000	66000000	3715.6248
48000000	66000000	3483.295
49000000	66000000	4138.433
50000000	66000000	3536.5027
51000000	66000000	5233.2515
52000000	66000000	5553.386
53000000	66000000	5530.1084
54000000	66000000	6489.7197
55000000	66000000	5723.769
56000000	66000000	6909.289
57000000	66000000	7181.739
58000000	66000000	7191.6167
59000000	66000000	7390.659
60000000	66000000	8613.856
61000000	66000000	8495.151
62000000	66000000	11243.832
63000000	66000000	16421.273
64000000	66000000	18749.865
65000000	66000000	185045.98
66000000	66000000	521035.1
19000000	67000000	510.1037
20000000	67000000	1806.2947
21000000	67000000	2184.9863
22000000	67000000	2329.8877
23000000	67000000	2253.433
24000000	67000000	2281.9404
25000000	67000000	2007.2273
26000000	67000000	1100.8304
27000000	67000000	1083.7031
28000000	67000000	1111.4858
29000000	67000000	1737.4149
30000000	67000000	1920.2476
31000000	67000000	3817.0571
32000000	67000000	3233.4048
33000000	67000000	2066.1536
34000000	67000000	2905.7031
35000000	67000000	3906.6533
36000000	67000000	3488.0176
37000000	67000000	1967.9402
38000000	67000000	1800.6407
39000000	67000000	3231.83
40000000	67000000	2745.7007
41000000	67000000	1820.4939
42000000	67000000	2791.9744
43000000	67000000	2182.6528
44000000	67000000	1913.1249
45000000	67000000	3456.294
46000000	67000000	3037.3591
47000000	67000000	2535.5356
48000000	67000000	2563.7183
49000000	67000000	2744.7112
50000000	67000000	4994.133
51000000	67000000	4372.031
52000000	67000000	4524.2056
53000000	67000000	5301.033
54000000	67000000	4858.5483
55000000	67000000	6358.171
56000000	67000000	4923.028
57000000	67000000	4817.615
58000000	67000000	5716.242
59000000	67000000	7243.0933
60000000	67000000	6096.1206
61000000	67000000	7270.479
62000000	67000000	7109.959
63000000	67000000	8903.931
64000000	67000000	15577.888
65000000	67000000	35922.863
66000000	67000000	145713.19
67000000	67000000	619271.0
19000000	68000000	232.10027
20000000	68000000	1089.2053
21000000	68000000	1960.8429
22000000	68000000	2043.223
23000000	68000000	2599.3694
24000000	68000000	2168.403
25000000	68000000	1201.536
26000000	68000000	485.18527
27000000	68000000	432.11438
28000000	68000000	444.0602
29000000	68000000	750.3999
30000000	68000000	892.01483
31000000	68000000	2795.4692
32000000	68000000	1834.5292
33000000	68000000	1076.6277
34000000	68000000	1835.2737
35000000	68000000	3666.6665
36000000	68000000	2067.7358
37000000	68000000	918.9671
38000000	68000000	670.3208
39000000	68000000	1825.5812
40000000	68000000	1061.7872
41000000	68000000	814.8855
42000000	68000000	1072.3876
43000000	68000000	840.9075
44000000	68000000	727.6445
45000000	68000000	1889.9401
46000000	68000000	1206.6641
47000000	68000000	1253.9037
48000000	68000000	1201.8109
49000000	68000000	1423.6288
50000000	68000000	4859.1807
51000000	68000000	3709.5369
52000000	68000000	3497.616
53000000	68000000	3796.985
54000000	68000000	3377.6384
55000000	68000000	5720.3813
56000000	68000000	3241.769
57000000	68000000	3128.0671
58000000	68000000	3957.9749
59000000	68000000	5427.691
60000000	68000000	4033.9167
61000000	68000000	4790.9443
62000000	68000000	4362.684
63000000	68000000	4671.0635
64000000	68000000	11556.302
65000000	68000000	18817.0
66000000	68000000	25869.572
67000000	68000000	109553.24
68000000	68000000	605860.8
19000000	69000000	297.9765
20000000	69000000	1098.2495
21000000	69000000	1967.2853
22000000	69000000	2224.7507
23000000	69000000	2596.393
24000000	69000000	2200.624
25000000	69000000	1178.4087
26000000	69000000	477.5993
27000000	69000000	453.45786
28000000	69000000	462.37463
29000000	69000000	749.3193
30000000	69000000	865.6065
31000000	69000000	2341.2498
32000000	69000000	1644.0979
33000000	69000000	1221.8041
34000000	69000000	1808.2114
35000000	69000000	3365.8381
36000000	69000000	2027.1396
37000000	69000000	1023.98865
38000000	69000000	805.7909
39000000	69000000	1548.9668
40000000	69000000	1066.045
41000000	69000000	817.20874
42000000	69000000	974.5818
43000000	69000000	790.0605
44000000	69000000	735.9774
45000000	69000000	1692.9305
46000000	69000000	1264.415
47000000	69000000	1276.2347
48000000	69000000	1190.1555
49000000	69000000	1465.2587
50000000	69000000	4030.039
51000000	69000000	3791.8162
52000000	69000000	3496.1885
53000000	69000000	3679.4236
54000000	69000000	3556.6362
55000000	69000000	5164.8
56000000	69000000	3469.8804
57000000	69000000	3226.8154
58000000	69000000	3811.1965
59000000	69000000	4728.15
60000000	69000000	3820.9255
61000000	69000000	4179.7217
62000000	69000000	3814.018
63000000	69000000	4125.767
64000000	69000000	8725.344
65000000	69000000	14169.328
66000000	69000000	15564.708
67000000	69000000	29968.984
68000000	69000000	230547.27
69000000	69000000	575862.1
19000000	70000000	403.60712
20000000	70000000	1252.4047
21000000	70000000	2032.0001
22000000	70000000	2739.3552
23000000	70000000	2650.078
24000000	70000000	2469.425
25000000	70000000	1479.5394
26000000	70000000	732.41425
27000000	70000000	703.2588
28000000	70000000	742.735
29000000	70000000	950.8019
30000000	70000000	1208.9631
31000000	70000000	2050.5547
32000000	70000000	1900.7789
33000000	70000000	1617.2598
34000000	70000000	1884.4578
35000000	70000000	2589.5522
36000000	70000000	2165.9128
37000000	70000000	1317.9979
38000000	70000000	1220.8739
39000000	70000000	1708.823
40000000	70000000	1327.6844
41000000	70000000	1078.8484
42000000	70000000	1251.0714
43000000	70000000	1077.12
44000000	70000000	1074.0416
45000000	70000000	1881.3113
46000000	70000000	1569.8237
47000000	70000000	1617.1849
48000000	70000000	1653.0076
49000000	70000000	2056.872
50000000	70000000	3143.2324
51000000	70000000	4200.388
52000000	70000000	3918.2678
53000000	70000000	3840.2256
54000000	70000000	4120.6753
55000000	70000000	4491.6494
56000000	70000000	4145.98
57000000	70000000	4081.8984
58000000	70000000	4224.7573
59000000	70000000	4306.9316
60000000	70000000	4379.0596
61000000	70000000	4095.534
62000000	70000000	4114.3984
63000000	70000000	4905.2944
64000000	70000000	6522.197
65000000	70000000	11928.259
66000000	70000000	14843.832
67000000	70000000	17031.953
68000000	70000000	28680.682
69000000	70000000	119843.69
70000000	70000000	630085.7
19000000	71000000	316.7043
20000000	71000000	1033.2626
21000000	71000000	1830.585
22000000	71000000	1873.6377
23000000	71000000	2400.8313
24000000	71000000	2160.523
25000000	71000000	1139.0231
26000000	71000000	472.08325
27000000	71000000	498.5025
28000000	71000000	438.19608
29000000	71000000	685.1871
30000000	71000000	850.4194
31000000	71000000	2391.6646
32000000	71000000	1606.413
33000000	71000000	1054.1613
34000000	71000000	1702.1182
35000000	71000000	3010.2993
36000000	71000000	1856.7875
37000000	71000000	961.631
38000000	71000000	749.739
39000000	71000000	1677.5173
40000000	71000000	1177.8995
41000000	71000000	800.4505
42000000	71000000	1078.7834
43000000	71000000	789.7526
44000000	71000000	707.973
45000000	71000000	1703.3805
46000000	71000000	1268.1694
47000000	71000000	1013.4445
48000000	71000000	1069.8126
49000000	71000000	1336.5339
50000000	71000000	4047.2876
51000000	71000000	3222.8218
52000000	71000000	3246.27
53000000	71000000	3443.464
54000000	71000000	3136.68
55000000	71000000	4784.1294
56000000	71000000	2841.1702
57000000	71000000	2717.2578
58000000	71000000	3458.2869
59000000	71000000	4410.1245
60000000	71000000	3294.214
61000000	71000000	3606.4
62000000	71000000	3241.486
63000000	71000000	3344.7573
64000000	71000000	6802.8735
65000000	71000000	8667.974
66000000	71000000	8110.463
67000000	71000000	12105.28
68000000	71000000	16533.959
69000000	71000000	28619.076
70000000	71000000	128153.92
71000000	71000000	608523.56
19000000	72000000	390.32874
20000000	72000000	1071.1626
21000000	72000000	1462.0518
22000000	72000000	2027.8798
23000000	72000000	1817.1786
24000000	72000000	1741.2694
25000000	72000000	1336.6978
26000000	72000000	812.1058
27000000	72000000	699.4629
28000000	72000000	736.0682
29000000	72000000	1018.4935
30000000	72000000	1212.627
31000000	72000000	1867.4764
32000000	72000000	1829.1007
33000000	72000000	1437.2725
34000000	72000000	1866.206
35000000	72000000	2267.8914
36000000	72000000	1812.1752
37000000	72000000	1305.3722
38000000	72000000	1151.1722
39000000	72000000	1575.9059
40000000	72000000	1305.7056
41000000	72000000	1042.43
42000000	72000000	1157.9236
43000000	72000000	1141.0046
44000000	72000000	997.1713
45000000	72000000	1630.1293
46000000	72000000	1501.2665
47000000	72000000	1426.3282
48000000	72000000	1449.4031
49000000	72000000	1768.2922
50000000	72000000	2913.3542
51000000	72000000	3230.1436
52000000	72000000	3363.4153
53000000	72000000	3362.6511
54000000	72000000	3486.004
55000000	72000000	3877.7046
56000000	72000000	3352.9417
57000000	72000000	3267.7568
58000000	72000000	3457.422
59000000	72000000	4040.1316
60000000	72000000	3496.8147
61000000	72000000	3534.708
62000000	72000000	3313.4653
63000000	72000000	3987.065
64000000	72000000	5013.5137
65000000	72000000	7341.8228
66000000	72000000	8839.544
67000000	72000000	9641.789
68000000	72000000	10657.531
69000000	72000000	16389.443
70000000	72000000	41283.938
71000000	72000000	201774.88
72000000	72000000	599853.0
19000000	73000000	309.82666
20000000	73000000	1038.0476
21000000	73000000	2072.055
22000000	73000000	1865.5461
23000000	73000000	2635.3826
24000000	73000000	2102.987
25000000	73000000	998.8635
26000000	73000000	429.7438
27000000	73000000	451.96313
28000000	73000000	404.64194
29000000	73000000	656.3872
30000000	73000000	775.411
31000000	73000000	2491.5647
32000000	73000000	1461.0688
33000000	73000000	994.2684
34000000	73000000	1628.9896
35000000	73000000	3465.7288
36000000	73000000	1757.9525
37000000	73000000	806.35535
38000000	73000000	678.73755
39000000	73000000	1499.3992
40000000	73000000	975.3359
41000000	73000000	661.95
42000000	73000000	892.0788
43000000	73000000	677.7212
44000000	73000000	619.445
45000000	73000000	1545.9781
46000000	73000000	1014.9604
47000000	73000000	946.2657
48000000	73000000	988.2463
49000000	73000000	1080.2448
50000000	73000000	4408.008
51000000	73000000	3133.9998
52000000	73000000	2883.0789
53000000	73000000	3251.4639
54000000	73000000	2826.3289
55000000	73000000	4892.908
56000000	73000000	2751.042
57000000	73000000	2642.1743
58000000	73000000	3349.6565
59000000	73000000	3915.2847
60000000	73000000	2848.243
61000000	73000000	3193.091
62000000	73000000	2895.0715
63000000	73000000	2866.8967
64000000	73000000	6492.641
65000000	73000000	7321.757
66000000	73000000	6277.2627
67000000	73000000	7966.631
68000000	73000000	10649.991
69000000	73000000	14701.294
70000000	73000000	22082.469
71000000	73000000	43523.51
72000000	73000000	142667.39
73000000	73000000	659938.06
19000000	74000000	233.84167
20000000	74000000	1035.0077
21000000	74000000	2137.8977
22000000	74000000	2247.5706
23000000	74000000	3395.5894
24000000	74000000	2607.632
25000000	74000000	944.87823
26000000	74000000	392.9258
27000000	74000000	378.43118
28000000	74000000	325.41818
29000000	74000000	554.17377
30000000	74000000	660.79156
31000000	74000000	2311.5095
32000000	74000000	1445.4199
33000000	74000000	969.74097
34000000	74000000	1480.0552
35000000	74000000	3704.6138
36000000	74000000	1740.5107
37000000	74000000	715.933
38000000	74000000	569.575
39000000	74000000	1401.896
40000000	74000000	792.3457
41000000	74000000	611.5787
42000000	74000000	728.67584
43000000	74000000	585.9115
44000000	74000000	561.0313
45000000	74000000	1507.1062
46000000	74000000	873.5768
47000000	74000000	889.15216
48000000	74000000	910.14984
49000000	74000000	1090.4808
50000000	74000000	4306.778
51000000	74000000	3537.5198
52000000	74000000	3021.7258
53000000	74000000	3206.799
54000000	74000000	2854.7573
55000000	74000000	5135.9917
56000000	74000000	2851.4878
57000000	74000000	2683.7202
58000000	74000000	3390.3281
59000000	74000000	3589.233
60000000	74000000	3018.7163
61000000	74000000	3121.3357
62000000	74000000	2761.824
63000000	74000000	2905.8594
64000000	74000000	6791.313
65000000	74000000	8172.536
66000000	74000000	6120.393
67000000	74000000	7540.448
68000000	74000000	10470.661
69000000	74000000	14650.152
70000000	74000000	18162.29
71000000	74000000	20370.357
72000000	74000000	25492.973
73000000	74000000	139023.16
74000000	74000000	662497.9
19000000	75000000	221.20886
20000000	75000000	1021.09814
21000000	75000000	2172.0066
22000000	75000000	2020.7334
23000000	75000000	3435.9458
24000000	75000000	2666.2488
25000000	75000000	922.46906
26000000	75000000	331.7962
27000000	75000000	320.1744
28000000	75000000	316.9502
29000000	75000000	456.5972
30000000	75000000	640.32776
31000000	75000000	2498.616
32000000	75000000	1311.1196
33000000	75000000	792.2895
34000000	75000000	1391.305
35000000	75000000	3897.292
36000000	75000000	1653.2623
37000000	75000000	638.2167
38000000	75000000	514.00757
39000000	75000000	1453.6183
40000000	75000000	786.2127
41000000	75000000	508.98984
42000000	75000000	665.54126
43000000	75000000	524.2251
44000000	75000000	470.59158
45000000	75000000	1456.9618
46000000	75000000	835.8306
47000000	75000000	745.9582
48000000	75000000	754.69586
49000000	75000000	965.96344
50000000	75000000	4930.7705
51000000	75000000	3481.7847
52000000	75000000	2901.2878
53000000	75000000	3283.2295
54000000	75000000	2734.217
55000000	75000000	5400.521
56000000	75000000	2544.4353
57000000	75000000	2308.7224
58000000	75000000	3267.3152
59000000	75000000	3882.7517
60000000	75000000	2795.7163
61000000	75000000	3326.5266
62000000	75000000	2775.7168
63000000	75000000	2627.8452
64000000	75000000	7170.9927
65000000	75000000	8006.2563
66000000	75000000	5393.9062
67000000	75000000	7125.9224
68000000	75000000	9828.88
69000000	75000000	11832.696
70000000	75000000	12363.104
71000000	75000000	13544.453
72000000	75000000	13126.056
73000000	75000000	26952.002
74000000	75000000	123073.09
75000000	75000000	694789.6
19000000	76000000	258.0019
20000000	76000000	1156.1068
21000000	76000000	2179.8323
22000000	76000000	3010.0413
23000000	76000000	3152.6917
24000000	76000000	2705.9004
25000000	76000000	1383.9136
26000000	76000000	601.7669
27000000	76000000	569.4612
28000000	76000000	545.5687
29000000	76000000	897.9632
30000000	76000000	1044.5273
31000000	76000000	2649.8123
32000000	76000000	2035.5807
33000000	76000000	1509.4319
34000000	76000000	2111.1677
35000000	76000000	3346.8298
36000000	76000000	2339.3054
37000000	76000000	1178.1309
38000000	76000000	895.87427
39000000	76000000	1710.6268
40000000	76000000	1172.2542
41000000	76000000	902.26166
42000000	76000000	1051.9224
43000000	76000000	836.5786
44000000	76000000	881.96857
45000000	76000000	1764.5201
46000000	76000000	1441.8987
47000000	76000000	1504.5953
48000000	76000000	1368.2085
49000000	76000000	1842.8622
50000000	76000000	4268.1553
51000000	76000000	4673.386
52000000	76000000	4264.488
53000000	76000000	4102.5303
54000000	76000000	4081.61
55000000	76000000	5577.2915
56000000	76000000	4102.798
57000000	76000000	3768.7695
58000000	76000000	4085.9744
59000000	76000000	4607.9546
60000000	76000000	3829.1548
61000000	76000000	4133.6855
62000000	76000000	3687.6653
63000000	76000000	3896.998
64000000	76000000	6688.4414
65000000	76000000	9450.636
66000000	76000000	8388.871
67000000	76000000	8076.2627
68000000	76000000	9046.848
69000000	76000000	11235.194
70000000	76000000	13338.92
71000000	76000000	10824.64
72000000	76000000	12460.985
73000000	76000000	15250.09
74000000	76000000	30770.791
75000000	76000000	130347.64
76000000	76000000	624921.5
19000000	77000000	362.80795
20000000	77000000	1667.9661
21000000	77000000	3177.1055
22000000	77000000	3306.0776
23000000	77000000	3932.1265
24000000	77000000	3649.758
25000000	77000000	1791.8383
26000000	77000000	721.79785
27000000	77000000	559.657
28000000	77000000	590.9237
29000000	77000000	944.41534
30000000	77000000	1207.4583
31000000	77000000	3344.761
32000000	77000000	2467.6953
33000000	77000000	1664.0836
34000000	77000000	2421.8528
35000000	77000000	4525.6626
36000000	77000000	2851.3503
37000000	77000000	1333.4012
38000000	77000000	1099.0656
39000000	77000000	2284.2253
40000000	77000000	1382.298
41000000	77000000	1005.0838
42000000	77000000	1153.0634
43000000	77000000	897.68896
44000000	77000000	938.35345
45000000	77000000	2394.996
46000000	77000000	1614.9019
47000000	77000000	1530.5753
48000000	77000000	1525.2032
49000000	77000000	2142.355
50000000	77000000	5987.8438
51000000	77000000	5640.7803
52000000	77000000	4762.5566
53000000	77000000	4640.657
54000000	77000000	4482.5225
55000000	77000000	6953.218
56000000	77000000	4455.3374
57000000	77000000	4317.819
58000000	77000000	4806.9014
59000000	77000000	5267.3887
60000000	77000000	4629.7183
61000000	77000000	4880.8364
62000000	77000000	4472.0566
63000000	77000000	4450.552
64000000	77000000	8173.1797
65000000	77000000	10515.587
66000000	77000000	8142.1367
67000000	77000000	7873.696
68000000	77000000	8548.97
69000000	77000000	10239.449
70000000	77000000	11770.639
71000000	77000000	9589.842
72000000	77000000	9795.14
73000000	77000000	11678.9
74000000	77000000	19907.467
75000000	77000000	29695.088
76000000	77000000	125817.52
77000000	77000000	602968.6
19000000	78000000	842.54913
20000000	78000000	2580.0898
21000000	78000000	3418.9502
22000000	78000000	3883.61
23000000	78000000	2895.3179
24000000	78000000	3235.0647
25000000	78000000	3229.77
26000000	78000000	1888.1788
27000000	78000000	1728.3397
28000000	78000000	1666.2893
29000000	78000000	2227.887
30000000	78000000	2744.586
31000000	78000000	3851.8347
32000000	78000000	3836.4553
33000000	78000000	3507.7808
34000000	78000000	3828.254
35000000	78000000	4040.2905
36000000	78000000	4491.876
37000000	78000000	3567.114
38000000	78000000	2803.308
39000000	78000000	3703.786
40000000	78000000	2673.172
41000000	78000000	2420.8787
42000000	78000000	2414.6946
43000000	78000000	2089.401
44000000	78000000	2524.1235
45000000	78000000	4111.853
46000000	78000000	3742.5942
47000000	78000000	3935.2566
48000000	78000000	3913.11
49000000	78000000	5334.106
50000000	78000000	5019.8193
51000000	78000000	6095.537
52000000	78000000	5731.6533
53000000	78000000	5613.3335
54000000	78000000	6301.1357
55000000	78000000	6351.23
56000000	78000000	7317.6597
57000000	78000000	7540.986
58000000	78000000	7627.5674
59000000	78000000	6296.8276
60000000	78000000	6718.392
61000000	78000000	6541.9526
62000000	78000000	7257.2427
63000000	78000000	8579.261
64000000	78000000	6877.9536
65000000	78000000	8317.395
66000000	78000000	9332.424
67000000	78000000	7124.7603
68000000	78000000	5355.883
69000000	78000000	6039.1855
70000000	78000000	7720.329
71000000	78000000	5622.0767
72000000	78000000	6929.202
73000000	78000000	6828.638
74000000	78000000	8841.809
75000000	78000000	10052.562
76000000	78000000	23691.492
77000000	78000000	104646.46
78000000	78000000	517902.38
19000000	79000000	1483.5247
20000000	79000000	2685.4192
21000000	79000000	2332.8428
22000000	79000000	3308.0435
23000000	79000000	1574.4968
24000000	79000000	2111.5186
25000000	79000000	3667.0266
26000000	79000000	3525.0945
27000000	79000000	3232.5288
28000000	79000000	3186.0747
29000000	79000000	3603.4539
30000000	79000000	3994.7449
31000000	79000000	2733.505
32000000	79000000	3854.0999
33000000	79000000	4446.402
34000000	79000000	4016.115
35000000	79000000	2237.5798
36000000	79000000	4499.5537
37000000	79000000	5505.0537
38000000	79000000	4985.9414
39000000	79000000	3945.8225
40000000	79000000	3627.6558
41000000	79000000	3870.638
42000000	79000000	3683.3657
43000000	79000000	3625.633
44000000	79000000	4375.6133
45000000	79000000	4642.3345
46000000	79000000	6062.0195
47000000	79000000	6355.751
48000000	79000000	6454.546
49000000	79000000	7331.162
50000000	79000000	2758.0298
51000000	79000000	4608.6216
52000000	79000000	4849.0767
53000000	79000000	4593.131
54000000	79000000	5857.169
55000000	79000000	3677.5588
56000000	79000000	6633.0093
57000000	79000000	7513.709
58000000	79000000	6914.8677
59000000	79000000	5259.958
60000000	79000000	6867.4
61000000	79000000	5596.969
62000000	79000000	7676.0044
63000000	79000000	9976.041
64000000	79000000	3580.1577
65000000	79000000	4780.33
66000000	79000000	6965.3604
67000000	79000000	4678.625
68000000	79000000	2819.2522
69000000	79000000	3230.3416
70000000	79000000	4462.277
71000000	79000000	2904.9119
72000000	79000000	4540.3813
73000000	79000000	3250.4092
74000000	79000000	3870.4414
75000000	79000000	3662.6318
76000000	79000000	9443.204
77000000	79000000	17511.953
78000000	79000000	116582.3
79000000	79000000	475630.88
19000000	80000000	1532.5731
20000000	80000000	2727.199
21000000	80000000	1822.5245
22000000	80000000	2734.7065
23000000	80000000	1147.8536
24000000	80000000	1727.8018
25000000	80000000	3687.9534
26000000	80000000	4106.085
27000000	80000000	3863.3813
28000000	80000000	3881.1938
29000000	80000000	4017.7847
30000000	80000000	4415.2354
31000000	80000000	2225.5352
32000000	80000000	3483.0264
33000000	80000000	4424.9634
34000000	80000000	3566.5503
35000000	80000000	1681.5205
36000000	80000000	3908.474
37000000	80000000	5830.648
38000000	80000000	5826.902
39000000	80000000	4035.529
40000000	80000000	3905.6453
41000000	80000000	4680.126
42000000	80000000	4088.2996
43000000	80000000	4584.68
44000000	80000000	5471.0005
45000000	80000000	4762.785
46000000	80000000	6611.68
47000000	80000000	7094.235
48000000	80000000	7215.849
49000000	80000000	7407.048
50000000	80000000	2029.9067
51000000	80000000	3728.7195
52000000	80000000	4042.229
53000000	80000000	3860.9556
54000000	80000000	5223.505
55000000	80000000	2670.693
56000000	80000000	5495.6025
57000000	80000000	6392.6865
58000000	80000000	5838.022
59000000	80000000	4127.5356
60000000	80000000	5987.1577
61000000	80000000	4624.6455
62000000	80000000	6861.2583
63000000	80000000	9502.911
64000000	80000000	2498.8518
65000000	80000000	3187.8003
66000000	80000000	5406.939
67000000	80000000	3492.9102
68000000	80000000	1936.1312
69000000	80000000	2129.0903
70000000	80000000	3180.4253
71000000	80000000	2157.681
72000000	80000000	3252.0085
73000000	80000000	2240.0166
74000000	80000000	2477.7373
75000000	80000000	2534.546
76000000	80000000	5064.7
77000000	80000000	7428.143
78000000	80000000	27313.3
79000000	80000000	143578.67
80000000	80000000	518425.06
19000000	81000000	667.9278
20000000	81000000	3238.5808
21000000	81000000	3284.0981
22000000	81000000	3163.4924
23000000	81000000	2179.8645
24000000	81000000	2865.9766
25000000	81000000	3908.9
26000000	81000000	2180.7383
27000000	81000000	2121.0474
28000000	81000000	1979.4948
29000000	81000000	2962.2336
30000000	81000000	3730.8342
31000000	81000000	4446.362
32000000	81000000	4212.59
33000000	81000000	3430.5447
34000000	81000000	4067.715
35000000	81000000	3723.7368
36000000	81000000	5398.6206
37000000	81000000	4128.6533
38000000	81000000	3489.9243
39000000	81000000	5547.704
40000000	81000000	4097.9004
41000000	81000000	3313.2686
42000000	81000000	3547.0444
43000000	81000000	3183.4133
44000000	81000000	3327.3445
45000000	81000000	6556.5615
46000000	81000000	5932.9253
47000000	81000000	5562.021
48000000	81000000	5143.5767
49000000	81000000	6623.0977
50000000	81000000	5374.2095
51000000	81000000	5435.073
52000000	81000000	5654.268
53000000	81000000	5671.1655
54000000	81000000	5804.0034
55000000	81000000	5454.7373
56000000	81000000	5943.079
57000000	81000000	6850.9497
58000000	81000000	7020.531
59000000	81000000	6686.215
60000000	81000000	7362.0415
61000000	81000000	7357.7603
62000000	81000000	8077.0605
63000000	81000000	8240.65
64000000	81000000	5494.0176
65000000	81000000	5238.5117
66000000	81000000	5722.9536
67000000	81000000	5394.198
68000000	81000000	3118.4014
69000000	81000000	3123.8308
70000000	81000000	3618.836
71000000	81000000	3177.6982
72000000	81000000	3559.671
73000000	81000000	3044.2014
74000000	81000000	3126.2986
75000000	81000000	3481.553
76000000	81000000	6042.457
77000000	81000000	9607.454
78000000	81000000	23623.662
79000000	81000000	60792.574
80000000	81000000	127563.24
81000000	81000000	508829.03
19000000	82000000	1148.1644
20000000	82000000	2508.6528
21000000	82000000	1824.5924
22000000	82000000	2588.7104
23000000	82000000	1270.8151
24000000	82000000	1643.0178
25000000	82000000	3559.8796
26000000	82000000	3539.5596
27000000	82000000	3391.2205
28000000	82000000	3334.8347
29000000	82000000	3849.0776
30000000	82000000	3941.6196
31000000	82000000	2415.3594
32000000	82000000	3336.037
33000000	82000000	4006.6917
34000000	82000000	3319.1401
35000000	82000000	1865.2886
36000000	82000000	3965.1208
37000000	82000000	5420.2183
38000000	82000000	5374.04
39000000	82000000	4025.9617
40000000	82000000	4218.477
41000000	82000000	4406.37
42000000	82000000	3837.6077
43000000	82000000	4213.3794
44000000	82000000	4903.9146
45000000	82000000	5257.9434
46000000	82000000	6713.8623
47000000	82000000	6781.619
48000000	82000000	6790.1353
49000000	82000000	7398.379
50000000	82000000	2462.2275
51000000	82000000	3782.9468
52000000	82000000	4348.0205
53000000	82000000	4145.8154
54000000	82000000	5172.0225
55000000	82000000	2847.7317
56000000	82000000	5360.126
57000000	82000000	6521.3594
58000000	82000000	6086.8013
59000000	82000000	4433.16
60000000	82000000	6554.6367
61000000	82000000	5148.2705
62000000	82000000	6989.3623
63000000	82000000	8871.858
64000000	82000000	2603.0366
65000000	82000000	3059.4707
66000000	82000000	4512.989
67000000	82000000	3132.4102
68000000	82000000	1728.2238
69000000	82000000	1869.2083
70000000	82000000	2546.5266
71000000	82000000	1818.2919
72000000	82000000	2510.8699
73000000	82000000	1764.6477
74000000	82000000	1840.5182
75000000	82000000	1841.3876
76000000	82000000	3432.8196
77000000	82000000	4419.288
78000000	82000000	12942.443
79000000	82000000	26714.389
80000000	82000000	39503.24
81000000	82000000	81788.516
82000000	82000000	496592.7
19000000	83000000	1263.7782
20000000	83000000	2186.8665
21000000	83000000	1454.3125
22000000	83000000	2154.671
23000000	83000000	1069.1632
24000000	83000000	1365.8182
25000000	83000000	3091.8486
26000000	83000000	3956.8098
27000000	83000000	3880.8572
28000000	83000000	3870.1685
29000000	83000000	3845.23
30000000	83000000	3810.8425
31000000	83000000	1970.6609
32000000	83000000	2949.1187
33000000	83000000	3872.8008
34000000	83000000	3028.502
35000000	83000000	1579.4872
36000000	83000000	3344.0688
37000000	83000000	5163.5757
38000000	83000000	5286.529
39000000	83000000	3588.768
40000000	83000000	3839.7515
41000000	83000000	4755.4272
42000000	83000000	4155.24
43000000	83000000	4338.814
44000000	83000000	5232.6313
45000000	83000000	4528.507
46000000	83000000	6489.904
47000000	83000000	7006.4526
48000000	83000000	6880.1416
49000000	83000000	6844.31
50000000	83000000	2146.7854
51000000	83000000	3289.5364
52000000	83000000	3855.4136
53000000	83000000	3656.8052
54000000	83000000	4503.1255
55000000	83000000	2414.4626
56000000	83000000	4797.364
57000000	83000000	5892.2896
58000000	83000000	5338.457
59000000	83000000	4158.534
60000000	83000000	6098.6455
61000000	83000000	4714.626
62000000	83000000	6322.1265
63000000	83000000	7777.456
64000000	83000000	2281.6628
65000000	83000000	2679.8892
66000000	83000000	3927.4907
67000000	83000000	3010.6492
68000000	83000000	1486.6294
69000000	83000000	1628.8522
70000000	83000000	2156.051
71000000	83000000	1578.8712
72000000	83000000	2204.9504
73000000	83000000	1523.6367
74000000	83000000	1491.8398
75000000	83000000	1550.4127
76000000	83000000	2688.3352
77000000	83000000	3619.2378
78000000	83000000	9407.061
79000000	83000000	18811.564
80000000	83000000	25394.37
81000000	83000000	30362.059
82000000	83000000	132658.73
83000000	83000000	491272.3
19000000	84000000	1573.9568
20000000	84000000	2127.101
21000000	84000000	1295.3087
22000000	84000000	1815.1892
23000000	84000000	873.84674
24000000	84000000	1234.0553
25000000	84000000	2998.0933
26000000	84000000	4642.833
27000000	84000000	4803.5923
28000000	84000000	4965.228
29000000	84000000	4006.6667
30000000	84000000	3842.048
31000000	84000000	1659.8662
32000000	84000000	2752.5815
33000000	84000000	3760.8403
34000000	84000000	2728.3667
35000000	84000000	1269.4946
36000000	84000000	3047.6309
37000000	84000000	5583.533
38000000	84000000	5938.8965
39000000	84000000	3288.0356
40000000	84000000	3690.7695
41000000	84000000	4999.25
42000000	84000000	4415.1377
43000000	84000000	5176.0947
44000000	84000000	5937.8154
45000000	84000000	4196.1016
46000000	84000000	6120.0977
47000000	84000000	6319.6724
48000000	84000000	6631.4155
49000000	84000000	6463.0024
50000000	84000000	1778.7012
51000000	84000000	2791.454
52000000	84000000	3410.9065
53000000	84000000	3338.1145
54000000	84000000	4143.231
55000000	84000000	2016.5638
56000000	84000000	4299.0415
57000000	84000000	5153.5356
58000000	84000000	4916.5405
59000000	84000000	3491.7002
60000000	84000000	5321.4663
61000000	84000000	4254.488
62000000	84000000	5661.4736
63000000	84000000	7296.6777
64000000	84000000	2074.2449
65000000	84000000	2194.461
66000000	84000000	3599.5894
67000000	84000000	2689.5872
68000000	84000000	1305.4161
69000000	84000000	1410.3181
70000000	84000000	1863.7522
71000000	84000000	1367.8116
72000000	84000000	1912.12
73000000	84000000	1314.4543
74000000	84000000	1338.3242
75000000	84000000	1290.0308
76000000	84000000	2236.73
77000000	84000000	2890.4937
78000000	84000000	7344.0625
79000000	84000000	14400.342
80000000	84000000	18762.44
81000000	84000000	17635.332
82000000	84000000	46929.414
83000000	84000000	118435.19
84000000	84000000	508668.84
19000000	85000000	2154.0168
20000000	85000000	2142.2424
21000000	85000000	1190.9016
22000000	85000000	1674.0422
23000000	85000000	763.4968
24000000	85000000	1044.1289
25000000	85000000	2958.908
26000000	85000000	5112.974
27000000	85000000	4893.8184
28000000	85000000	5268.3203
29000000	85000000	4365.7563
30000000	85000000	3693.0571
31000000	85000000	1537.4615
32000000	85000000	2473.3481
33000000	85000000	3571.1455
34000000	85000000	2643.9253
35000000	85000000	1190.1273
36000000	85000000	2820.5132
37000000	85000000	5641.2197
38000000	85000000	6481.238
39000000	85000000	3196.7942
40000000	85000000	3500.749
41000000	85000000	4697.948
42000000	85000000	4449.7656
43000000	85000000	5216.854
44000000	85000000	6101.612
45000000	85000000	3967.9998
46000000	85000000	5816.5044
47000000	85000000	5862.797
48000000	85000000	6479.874
49000000	85000000	5859.1455
50000000	85000000	1580.5214
51000000	85000000	2690.3743
52000000	85000000	3222.595
53000000	85000000	3175.6792
54000000	85000000	3879.1858
55000000	85000000	1991.8693
56000000	85000000	4138.613
57000000	85000000	4880.394
58000000	85000000	4641.6255
59000000	85000000	3265.9683
60000000	85000000	5005.9175
61000000	85000000	3906.9272
62000000	85000000	5225.172
63000000	85000000	7089.3076
64000000	85000000	1818.6735
65000000	85000000	1986.968
66000000	85000000	3433.612
67000000	85000000	2503.5417
68000000	85000000	1203.7241
69000000	85000000	1314.4432
70000000	85000000	1782.8883
71000000	85000000	1238.7719
72000000	85000000	1794.112
73000000	85000000	1247.4501
74000000	85000000	1188.0803
75000000	85000000	1189.1963
76000000	85000000	2014.307
77000000	85000000	2463.8486
78000000	85000000	6947.1523
79000000	85000000	12866.922
80000000	85000000	16438.787
81000000	85000000	14007.632
82000000	85000000	35435.8
83000000	85000000	57324.703
84000000	85000000	126011.35
85000000	85000000	493925.7
19000000	86000000	2110.9302
20000000	86000000	2359.1985
21000000	86000000	1296.4133
22000000	86000000	1834.4178
23000000	86000000	840.2582
24000000	86000000	1221.7449
25000000	86000000	3079.7988
26000000	86000000	4782.6763
27000000	86000000	4927.1074
28000000	86000000	5140.5435
29000000	86000000	4275.418
30000000	86000000	3875.0386
31000000	86000000	1664.5094
32000000	86000000	2713.7312
33000000	86000000	3612.1572
34000000	86000000	2639.597
35000000	86000000	1294.608
36000000	86000000	2958.3823
37000000	86000000	5751.9697
38000000	86000000	6263.463
39000000	86000000	3223.0247
40000000	86000000	3584.6316
41000000	86000000	4884.8115
42000000	86000000	4495.319
43000000	86000000	5231.9976
44000000	86000000	6126.7144
45000000	86000000	4437.5273
46000000	86000000	6103.1265
47000000	86000000	6006.6924
48000000	86000000	6488.968
49000000	86000000	6008.1875
50000000	86000000	1650.824
51000000	86000000	2763.8557
52000000	86000000	3208.8328
53000000	86000000	3183.544
54000000	86000000	3930.9343
55000000	86000000	1840.7668
56000000	86000000	3989.7002
57000000	86000000	4874.733
58000000	86000000	4631.5156
59000000	86000000	3390.8647
60000000	86000000	5170.8335
61000000	86000000	4011.792
62000000	86000000	5285.411
63000000	86000000	6995.5166
64000000	86000000	1749.3403
65000000	86000000	2028.8804
66000000	86000000	3415.473
67000000	86000000	2582.6587
68000000	86000000	1165.6676
69000000	86000000	1170.5934
70000000	86000000	1629.1589
71000000	86000000	1194.0978
72000000	86000000	1744.1188
73000000	86000000	1201.3464
74000000	86000000	1150.9745
75000000	86000000	1201.1075
76000000	86000000	1951.4745
77000000	86000000	2412.7637
78000000	86000000	6716.9565
79000000	86000000	12436.37
80000000	86000000	15769.619
81000000	86000000	13891.335
82000000	86000000	32939.785
83000000	86000000	43908.23
84000000	86000000	68694.9
85000000	86000000	139858.94
86000000	86000000	487012.9
19000000	87000000	2282.883
20000000	87000000	2460.429
21000000	87000000	1350.7202
22000000	87000000	1899.0411
23000000	87000000	813.6627
24000000	87000000	1114.0397
25000000	87000000	3432.3628
26000000	87000000	5491.664
27000000	87000000	5246.633
28000000	87000000	5335.4424
29000000	87000000	4543.507
30000000	87000000	4092.0417
31000000	87000000	1553.1766
32000000	87000000	2608.5686
33000000	87000000	3982.7258
34000000	87000000	2879.8816
35000000	87000000	1204.1362
36000000	87000000	2894.356
37000000	87000000	6265.4985
38000000	87000000	6880.659
39000000	87000000	3530.0342
40000000	87000000	3815.8948
41000000	87000000	5301.542
42000000	87000000	4503.8735
43000000	87000000	5457.198
44000000	87000000	6496.87
45000000	87000000	4434.297
46000000	87000000	6559.3115
47000000	87000000	6422.673
48000000	87000000	7047.28
49000000	87000000	6583.2656
50000000	87000000	1525.6074
51000000	87000000	2698.545
52000000	87000000	3178.865
53000000	87000000	3072.242
54000000	87000000	4148.9106
55000000	87000000	1787.9515
56000000	87000000	4300.162
57000000	87000000	5353.83
58000000	87000000	4749.1187
59000000	87000000	3232.7112
60000000	87000000	5265.6987
61000000	87000000	3592.448
62000000	87000000	5326.306
63000000	87000000	7524.238
64000000	87000000	1738.4441
65000000	87000000	1956.6157
66000000	87000000	3402.6863
67000000	87000000	2211.047
68000000	87000000	1063.0537
69000000	87000000	1130.9718
70000000	87000000	1673.0819
71000000	87000000	1209.0007
72000000	87000000	1668.0096
73000000	87000000	1160.6177
74000000	87000000	1206.0627
75000000	87000000	1084.1327
76000000	87000000	1954.315
77000000	87000000	2332.084
78000000	87000000	7013.402
79000000	87000000	13320.408
80000000	87000000	16444.027
81000000	87000000	13057.99
82000000	87000000	30787.34
83000000	87000000	36303.465
84000000	87000000	45509.816
85000000	87000000	63384.445
86000000	87000000	121446.49
87000000	87000000	511805.5
19000000	88000000	1127.1045
20000000	88000000	2658.1702
21000000	88000000	2578.0872
22000000	88000000	2904.7725
23000000	88000000	1609.5896
24000000	88000000	2254.9211
25000000	88000000	3776.9163
26000000	88000000	2951.5967
27000000	88000000	2719.3872
28000000	88000000	2644.4697
29000000	88000000	3109.7773
30000000	88000000	3604.3975
31000000	88000000	2791.403
32000000	88000000	3476.4656
33000000	88000000	3635.4114
34000000	88000000	3494.984
35000000	88000000	2235.6113
36000000	88000000	4481.528
37000000	88000000	4736.9043
38000000	88000000	4351.3164
39000000	88000000	4251.8975
40000000	88000000	3713.7568
41000000	88000000	3562.6763
42000000	88000000	3396.043
43000000	88000000	3227.5
44000000	88000000	3873.0745
45000000	88000000	5100.2363
46000000	88000000	5530.409
47000000	88000000	5234.492
48000000	88000000	5220.6577
49000000	88000000	6693.9775
50000000	88000000	3058.2842
51000000	88000000	4168.5044
52000000	88000000	4568.5903
53000000	88000000	4279.0293
54000000	88000000	5160.4053
55000000	88000000	3392.9233
56000000	88000000	5439.779
57000000	88000000	6341.2134
58000000	88000000	5657.442
59000000	88000000	4636.002
60000000	88000000	5704.4463
61000000	88000000	5022.7983
62000000	88000000	6027.627
63000000	88000000	7319.4907
64000000	88000000	3031.1863
65000000	88000000	3417.302
66000000	88000000	4443.4844
67000000	88000000	3068.4172
68000000	88000000	1737.2742
69000000	88000000	1853.472
70000000	88000000	2462.0247
71000000	88000000	1773.8458
72000000	88000000	2310.499
73000000	88000000	1681.9828
74000000	88000000	1771.7941
75000000	88000000	1668.2695
76000000	88000000	3222.287
77000000	88000000	4530.621
78000000	88000000	11419.336
79000000	88000000	14057.374
80000000	88000000	13669.009
81000000	88000000	17873.78
82000000	88000000	26125.72
83000000	88000000	23542.734
84000000	88000000	23235.615
85000000	88000000	28642.88
86000000	88000000	41198.977
87000000	88000000	97351.15
88000000	88000000	505973.9
19000000	89000000	517.6418
20000000	89000000	1928.1145
21000000	89000000	2530.1597
22000000	89000000	2811.2087
23000000	89000000	2283.4043
24000000	89000000	2624.3987
25000000	89000000	2591.3496
26000000	89000000	1368.9733
27000000	89000000	1303.9636
28000000	89000000	1245.2894
29000000	89000000	1702.9037
30000000	89000000	2172.8977
31000000	89000000	3447.8918
32000000	89000000	2892.311
33000000	89000000	2305.3096
34000000	89000000	2971.8557
35000000	89000000	3458.201
36000000	89000000	3880.7222
37000000	89000000	2650.771
38000000	89000000	2098.776
39000000	89000000	3461.2444
40000000	89000000	2494.9302
41000000	89000000	1973.4808
42000000	89000000	2307.92
43000000	89000000	1930.0573
44000000	89000000	2063.7107
45000000	89000000	3861.7449
46000000	89000000	3565.747
47000000	89000000	3423.903
48000000	89000000	3204.5178
49000000	89000000	3941.8691
50000000	89000000	4762.1714
51000000	89000000	4510.0166
52000000	89000000	4289.7334
53000000	89000000	4349.139
54000000	89000000	4302.5776
55000000	89000000	5076.775
56000000	89000000	4441.7607
57000000	89000000	4616.889
58000000	89000000	4800.0356
59000000	89000000	4913.084
60000000	89000000	4435.948
61000000	89000000	4473.6377
62000000	89000000	4507.0347
63000000	89000000	4620.025
64000000	89000000	4701.4746
65000000	89000000	4626.1255
66000000	89000000	4023.7026
67000000	89000000	3735.0452
68000000	89000000	2957.6472
69000000	89000000	2911.2026
70000000	89000000	3048.9907
71000000	89000000	2674.8354
72000000	89000000	2723.879
73000000	89000000	2700.466
74000000	89000000	2862.1545
75000000	89000000	3345.9617
76000000	89000000	5137.323
77000000	89000000	6974.439
78000000	89000000	10784.751
79000000	89000000	9140.535
80000000	89000000	7363.479
81000000	89000000	12250.747
82000000	89000000	10975.792
83000000	89000000	10304.704
84000000	89000000	9758.572
85000000	89000000	10700.075
86000000	89000000	13131.2705
87000000	89000000	18524.484
88000000	89000000	92762.45
89000000	89000000	512196.94
19000000	90000000	641.7221
20000000	90000000	1827.3231
21000000	90000000	2548.1301
22000000	90000000	2812.0974
23000000	90000000	2556.949
24000000	90000000	2822.0376
25000000	90000000	2317.1404
26000000	90000000	1331.5287
27000000	90000000	1193.2457
28000000	90000000	1115.856
29000000	90000000	1568.7075
30000000	90000000	1828.0289
31000000	90000000	3127.0354
32000000	90000000	2642.9548
33000000	90000000	2043.6375
34000000	90000000	2700.7341
35000000	90000000	3492.0952
36000000	90000000	3394.956
37000000	90000000	2244.967
38000000	90000000	1879.7441
39000000	90000000	3139.3254
40000000	90000000	2182.7317
41000000	90000000	1781.0569
42000000	90000000	1869.2767
43000000	90000000	1598.5555
44000000	90000000	1764.3286
45000000	90000000	3464.2783
46000000	90000000	2851.744
47000000	90000000	2822.5566
48000000	90000000	2705.3733
49000000	90000000	3519.8171
50000000	90000000	4396.5293
51000000	90000000	4543.406
52000000	90000000	4347.2437
53000000	90000000	3976.1409
54000000	90000000	4197.2085
55000000	90000000	4976.467
56000000	90000000	4435.5967
57000000	90000000	4318.443
58000000	90000000	4486.5703
59000000	90000000	4441.3643
60000000	90000000	4145.0786
61000000	90000000	3926.1384
62000000	90000000	3807.1096
63000000	90000000	4119.2793
64000000	90000000	4500.9487
65000000	90000000	4944.6577
66000000	90000000	4410.832
67000000	90000000	3897.9968
68000000	90000000	3023.882
69000000	90000000	3258.691
70000000	90000000	3740.6318
71000000	90000000	2870.943
72000000	90000000	2925.297
73000000	90000000	2787.8083
74000000	90000000	3530.662
75000000	90000000	3822.6904
76000000	90000000	6043.8193
77000000	90000000	8292.111
78000000	90000000	11257.605
79000000	90000000	8169.6304
80000000	90000000	6254.158
81000000	90000000	9933.879
82000000	90000000	8633.634
83000000	90000000	7835.2
84000000	90000000	7835.2515
85000000	90000000	8542.618
86000000	90000000	10046.691
87000000	90000000	13132.637
88000000	90000000	38575.098
89000000	90000000	217174.17
90000000	90000000	483280.88
19000000	91000000	362.1907
20000000	91000000	1574.453
21000000	91000000	2850.1282
22000000	91000000	2938.7253
23000000	91000000	3508.2922
24000000	91000000	3477.5557
25000000	91000000	1851.5078
26000000	91000000	777.57697
27000000	91000000	695.9306
28000000	91000000	681.59485
29000000	91000000	1012.05444
30000000	91000000	1234.5345
31000000	91000000	3394.6433
32000000	91000000	2118.824
33000000	91000000	1505.51
34000000	91000000	2413.8215
35000000	91000000	4492.9546
36000000	91000000	2824.241
37000000	91000000	1440.0796
38000000	91000000	1192.4674
39000000	91000000	2690.8003
40000000	91000000	1582.8231
41000000	91000000	1131.0326
42000000	91000000	1411.4443
43000000	91000000	1152.383
44000000	91000000	1157.4467
45000000	91000000	2851.6807
46000000	91000000	1926.4807
47000000	91000000	1759.5868
48000000	91000000	1680.7866
49000000	91000000	2315.8755
50000000	91000000	5892.536
51000000	91000000	4618.5747
52000000	91000000	4249.809
53000000	91000000	4227.3955
54000000	91000000	3885.6094
55000000	91000000	6115.1865
56000000	91000000	3827.9482
57000000	91000000	3422.4531
58000000	91000000	4252.785
59000000	91000000	4538.614
60000000	91000000	3505.1152
61000000	91000000	3700.5466
62000000	91000000	3290.6672
63000000	91000000	3155.7957
64000000	91000000	5723.2896
65000000	91000000	5880.5117
66000000	91000000	4097.1777
67000000	91000000	4090.8506
68000000	91000000	4446.662
69000000	91000000	4510.3647
70000000	91000000	4568.4316
71000000	91000000	4097.6826
72000000	91000000	3638.6748
73000000	91000000	4554.342
74000000	91000000	5745.473
75000000	91000000	6488.5073
76000000	91000000	7815.0776
77000000	91000000	10150.505
78000000	91000000	9298.327
79000000	91000000	5378.8467
80000000	91000000	3889.4211
81000000	91000000	7072.414
82000000	91000000	5070.768
83000000	91000000	4476.315
84000000	91000000	4463.398
85000000	91000000	4644.7075
86000000	91000000	5417.2056
87000000	91000000	6450.4785
88000000	91000000	15602.509
89000000	91000000	32763.014
90000000	91000000	104483.13
91000000	91000000	609845.4
19000000	92000000	432.45163
20000000	92000000	1305.1592
21000000	92000000	2204.597
22000000	92000000	2798.9978
23000000	92000000	2872.6545
24000000	92000000	2726.1362
25000000	92000000	1504.3053
26000000	92000000	766.5523
27000000	92000000	703.435
28000000	92000000	778.58044
29000000	92000000	1018.6119
30000000	92000000	1218.4633
31000000	92000000	2393.0186
32000000	92000000	1958.6566
33000000	92000000	1516.7444
34000000	92000000	2025.0427
35000000	92000000	3226.8547
36000000	92000000	2361.4297
37000000	92000000	1336.0627
38000000	92000000	1216.8394
39000000	92000000	2102.952
40000000	92000000	1378.71
41000000	92000000	1202.5645
42000000	92000000	1293.3314
43000000	92000000	1121.9141
44000000	92000000	1143.9487
45000000	92000000	2186.9656
46000000	92000000	1875.7307
47000000	92000000	1837.9802
48000000	92000000	1675.1018
49000000	92000000	2054.541
50000000	92000000	3789.4314
51000000	92000000	4185.115
52000000	92000000	3893.575
53000000	92000000	3652.4812
54000000	92000000	3608.3118
55000000	92000000	4465.876
56000000	92000000	3425.5388
57000000	92000000	3287.4067
58000000	92000000	3549.049
59000000	92000000	3552.0652
60000000	92000000	3100.1348
61000000	92000000	2992.8013
62000000	92000000	2722.2703
63000000	92000000	2802.8772
64000000	92000000	4052.1553
65000000	92000000	5372.4194
66000000	92000000	4705.113
67000000	92000000	4022.9443
68000000	92000000	4049.8958
69000000	92000000	4796.3345
70000000	92000000	5270.4053
71000000	92000000	4043.7056
72000000	92000000	4092.3418
73000000	92000000	4305.5454
74000000	92000000	5753.594
75000000	92000000	5694.698
76000000	92000000	7789.0923
77000000	92000000	8921.153
78000000	92000000	7439.016
79000000	92000000	4803.024
80000000	92000000	3906.8635
81000000	92000000	5725.649
82000000	92000000	4459.259
83000000	92000000	4399.8853
84000000	92000000	4012.605
85000000	92000000	4319.0723
86000000	92000000	4849.8857
87000000	92000000	5691.349
88000000	92000000	10444.738
89000000	92000000	15427.884
90000000	92000000	27760.188
91000000	92000000	100946.516
92000000	92000000	598889.25
19000000	93000000	306.0671
20000000	93000000	1480.6975
21000000	93000000	2547.7305
22000000	93000000	2570.4702
23000000	93000000	3104.2527
24000000	93000000	2786.2085
25000000	93000000	1565.9529
26000000	93000000	548.9196
27000000	93000000	610.06213
28000000	93000000	536.7083
29000000	93000000	864.8039
30000000	93000000	1025.6173
31000000	93000000	2875.9473
32000000	93000000	1939.6149
33000000	93000000	1259.0712
34000000	93000000	2044.2994
35000000	93000000	3677.0637
36000000	93000000	2313.753
37000000	93000000	1089.9178
38000000	93000000	925.94867
39000000	93000000	2249.952
40000000	93000000	1393.3147
41000000	93000000	908.41156
42000000	93000000	1227.6329
43000000	93000000	936.9995
44000000	93000000	913.13074
45000000	93000000	2308.8032
46000000	93000000	1539.4287
47000000	93000000	1384.1613
48000000	93000000	1323.9404
49000000	93000000	1738.0261
50000000	93000000	4973.93
51000000	93000000	3967.983
52000000	93000000	3581.856
53000000	93000000	3664.2563
54000000	93000000	3207.914
55000000	93000000	5023.095
56000000	93000000	3010.6848
57000000	93000000	2809.8215
58000000	93000000	3472.6323
59000000	93000000	3896.7493
60000000	93000000	2854.9556
61000000	93000000	3123.5317
62000000	93000000	2764.3447
63000000	93000000	2558.4622
64000000	93000000	5000.999
65000000	93000000	5238.9863
66000000	93000000	3789.1538
67000000	93000000	4143.7495
68000000	93000000	4400.7183
69000000	93000000	4507.6484
70000000	93000000	4404.3936
71000000	93000000	4530.038
72000000	93000000	3862.941
73000000	93000000	4570.472
74000000	93000000	5424.135
75000000	93000000	6090.8643
76000000	93000000	6753.259
77000000	93000000	8304.355
78000000	93000000	6463.8403
79000000	93000000	3623.9956
80000000	93000000	2838.288
81000000	93000000	5546.707
82000000	93000000	3610.9775
83000000	93000000	3376.7683
84000000	93000000	3122.0332
85000000	93000000	3181.7717
86000000	93000000	3525.296
87000000	93000000	3817.4265
88000000	93000000	7728.786
89000000	93000000	12408.377
90000000	93000000	16892.564
91000000	93000000	38571.395
92000000	93000000	153414.1
93000000	93000000	592147.3
19000000	94000000	549.3134
20000000	94000000	1728.2843
21000000	94000000	2403.4841
22000000	94000000	3342.1482
23000000	94000000	2602.0261
24000000	94000000	2660.4358
25000000	94000000	2115.8735
26000000	94000000	1155.6179
27000000	94000000	1032.4911
28000000	94000000	995.0896
29000000	94000000	1288.8711
30000000	94000000	1607.638
31000000	94000000	2117.8694
32000000	94000000	2168.9563
33000000	94000000	1903.2723
34000000	94000000	2289.0425
35000000	94000000	2332.1204
36000000	94000000	2445.137
37000000	94000000	1921.6658
38000000	94000000	1601.9526
39000000	94000000	2237.2039
40000000	94000000	1653.9717
41000000	94000000	1399.161
42000000	94000000	1528.4485
43000000	94000000	1325.179
44000000	94000000	1475.2327
45000000	94000000	2432.0032
46000000	94000000	2111.076
47000000	94000000	2203.1409
48000000	94000000	2085.7117
49000000	94000000	2704.86
50000000	94000000	3034.1355
51000000	94000000	3787.5166
52000000	94000000	3791.8462
53000000	94000000	3548.3108
54000000	94000000	3834.045
55000000	94000000	3519.3813
56000000	94000000	3744.9697
57000000	94000000	3772.5996
58000000	94000000	3676.0242
59000000	94000000	3251.7202
60000000	94000000	3459.0078
61000000	94000000	3046.2678
62000000	94000000	3151.1724
63000000	94000000	3481.4536
64000000	94000000	3254.747
65000000	94000000	4839.7573
66000000	94000000	4946.229
67000000	94000000	3661.18
68000000	94000000	3301.989
69000000	94000000	3816.4487
70000000	94000000	4884.59
71000000	94000000	3261.4563
72000000	94000000	3972.7568
73000000	94000000	3380.868
74000000	94000000	4079.3174
75000000	94000000	4020.4683
76000000	94000000	6781.688
77000000	94000000	7792.4775
78000000	94000000	8465.737
79000000	94000000	6295.105
80000000	94000000	5044.0938
81000000	94000000	6276.269
82000000	94000000	5609.669
83000000	94000000	5075.7314
84000000	94000000	4889.0713
85000000	94000000	5178.534
86000000	94000000	5652.082
87000000	94000000	6617.918
88000000	94000000	11542.689
89000000	94000000	13002.945
90000000	94000000	18017.457
91000000	94000000	24124.223
92000000	94000000	39983.004
93000000	94000000	126779.34
94000000	94000000	560608.3
19000000	95000000	690.877
20000000	95000000	1780.9982
21000000	95000000	2703.9624
22000000	95000000	3364.521
23000000	95000000	2687.0657
24000000	95000000	2855.0137
25000000	95000000	2207.119
26000000	95000000	1136.6012
27000000	95000000	965.91644
28000000	95000000	934.8019
29000000	95000000	1261.3337
30000000	95000000	1623.9446
31000000	95000000	2523.9163
32000000	95000000	2114.2432
33000000	95000000	1895.721
34000000	95000000	2321.7346
35000000	95000000	2593.9272
36000000	95000000	2676.2534
37000000	95000000	1923.5471
38000000	95000000	1548.7025
39000000	95000000	2368.4053
40000000	95000000	1597.4515
41000000	95000000	1295.1659
42000000	95000000	1351.314
43000000	95000000	1137.3114
44000000	95000000	1234.295
45000000	95000000	2471.1392
46000000	95000000	2043.8125
47000000	95000000	2076.2615
48000000	95000000	1930.6534
49000000	95000000	2701.265
50000000	95000000	3429.7195
51000000	95000000	3860.8853
52000000	95000000	3610.931
53000000	95000000	3338.0942
54000000	95000000	3696.7268
55000000	95000000	3911.2734
56000000	95000000	3951.5437
57000000	95000000	3780.509
58000000	95000000	3762.8953
59000000	95000000	3389.8237
60000000	95000000	3195.383
61000000	95000000	3029.3633
62000000	95000000	3210.516
63000000	95000000	3552.7668
64000000	95000000	3612.892
65000000	95000000	4752.095
66000000	95000000	4529.9287
67000000	95000000	3395.2053
68000000	95000000	3169.604
69000000	95000000	3613.367
70000000	95000000	4525.0
71000000	95000000	3145.1316
72000000	95000000	3615.1477
73000000	95000000	3173.1323
74000000	95000000	3993.143
75000000	95000000	3977.0635
76000000	95000000	6447.1187
77000000	95000000	7879.453
78000000	95000000	9267.911
79000000	95000000	6516.613
80000000	95000000	4812.911
81000000	95000000	6292.357
82000000	95000000	5418.838
83000000	95000000	4727.64
84000000	95000000	4381.1655
85000000	95000000	4759.2837
86000000	95000000	5051.5664
87000000	95000000	5894.3438
88000000	95000000	10580.82
89000000	95000000	11743.201
90000000	95000000	15485.09
91000000	95000000	18115.725
92000000	95000000	21487.383
93000000	95000000	28485.5
94000000	95000000	101722.02
95000000	95000000	559854.1
19000000	96000000	538.96533
20000000	96000000	2014.4039
21000000	96000000	2980.1838
22000000	96000000	3295.6533
23000000	96000000	2756.7834
24000000	96000000	2912.622
25000000	96000000	2300.488
26000000	96000000	983.4695
27000000	96000000	964.03217
28000000	96000000	929.2452
29000000	96000000	1147.627
30000000	96000000	1497.7822
31000000	96000000	2477.1067
32000000	96000000	2086.487
33000000	96000000	1746.6539
34000000	96000000	2305.9868
35000000	96000000	2707.1353
36000000	96000000	2748.399
37000000	96000000	1802.9371
38000000	96000000	1470.5507
39000000	96000000	2332.675
40000000	96000000	1597.9445
41000000	96000000	1224.9847
42000000	96000000	1334.4728
43000000	96000000	1038.4232
44000000	96000000	1234.9274
45000000	96000000	2556.857
46000000	96000000	1959.6448
47000000	96000000	1921.9004
48000000	96000000	1900.1893
49000000	96000000	2658.438
50000000	96000000	3371.3496
51000000	96000000	3774.3325
52000000	96000000	3368.981
53000000	96000000	3217.3088
54000000	96000000	3445.4146
55000000	96000000	3719.8572
56000000	96000000	3540.2026
57000000	96000000	3452.8691
58000000	96000000	3510.6572
59000000	96000000	3199.447
60000000	96000000	3172.0535
61000000	96000000	3068.8162
62000000	96000000	3174.384
63000000	96000000	3368.2927
64000000	96000000	3537.0186
65000000	96000000	4598.407
66000000	96000000	4154.1167
67000000	96000000	3238.0293
68000000	96000000	2920.9114
69000000	96000000	3291.6094
70000000	96000000	4078.933
71000000	96000000	2763.6443
72000000	96000000	3153.0056
73000000	96000000	2899.732
74000000	96000000	3692.103
75000000	96000000	3626.7786
76000000	96000000	5824.713
77000000	96000000	7486.05
78000000	96000000	9018.311
79000000	96000000	6320.4736
80000000	96000000	4463.3335
81000000	96000000	6563.972
82000000	96000000	5192.4453
83000000	96000000	4455.813
84000000	96000000	4256.1895
85000000	96000000	4452.3804
86000000	96000000	4708.192
87000000	96000000	5429.701
88000000	96000000	9752.261
89000000	96000000	11017.75
90000000	96000000	14122.294
91000000	96000000	14922.751
92000000	96000000	16290.624
93000000	96000000	18854.332
94000000	96000000	41460.57
95000000	96000000	139649.81
96000000	96000000	565735.4
19000000	97000000	1433.1436
20000000	97000000	2724.1445
21000000	97000000	2667.9666
22000000	97000000	2481.232
23000000	97000000	1866.1373
24000000	97000000	2284.867
25000000	97000000	3099.4146
26000000	97000000	2173.3672
27000000	97000000	1824.1448
28000000	97000000	1923.2015
29000000	97000000	2025.2369
30000000	97000000	2362.1167
31000000	97000000	2346.012
32000000	97000000	2507.3987
33000000	97000000	2198.1362
34000000	97000000	2624.8408
35000000	97000000	2126.8323
36000000	97000000	2965.7239
37000000	97000000	3088.297
38000000	97000000	2749.6416
39000000	97000000	2882.9
40000000	97000000	2243.4124
41000000	97000000	1963.6328
42000000	97000000	2054.0435
43000000	97000000	2065.8591
44000000	97000000	2300.7485
45000000	97000000	3182.6047
46000000	97000000	2832.288
47000000	97000000	2613.2678
48000000	97000000	2580.7407
49000000	97000000	3215.9207
50000000	97000000	2700.288
51000000	97000000	2766.1482
52000000	97000000	2831.5806
53000000	97000000	2841.9822
54000000	97000000	3037.5906
55000000	97000000	2910.3328
56000000	97000000	3304.5796
57000000	97000000	3322.9585
58000000	97000000	3564.2205
59000000	97000000	3079.7004
60000000	97000000	2947.8787
61000000	97000000	2859.1848
62000000	97000000	3332.5813
63000000	97000000	4015.1978
64000000	97000000	2762.1074
65000000	97000000	2870.7031
66000000	97000000	3265.2625
67000000	97000000	2798.9646
68000000	97000000	2033.1031
69000000	97000000	2194.4128
70000000	97000000	2536.067
71000000	97000000	2195.48
72000000	97000000	2540.4805
73000000	97000000	2086.5408
74000000	97000000	2237.9429
75000000	97000000	2225.7495
76000000	97000000	3288.7825
77000000	97000000	4262.822
78000000	97000000	7098.6104
79000000	97000000	6756.367
80000000	97000000	6004.205
81000000	97000000	6898.323
82000000	97000000	6886.6313
83000000	97000000	6240.8945
84000000	97000000	6725.6523
85000000	97000000	7452.0527
86000000	97000000	8152.5957
87000000	97000000	9245.048
88000000	97000000	11459.645
89000000	97000000	8798.211
90000000	97000000	9582.828
91000000	97000000	8686.73
92000000	97000000	8824.087
93000000	97000000	9937.359
94000000	97000000	17440.037
95000000	97000000	28246.785
96000000	97000000	81012.08
97000000	97000000	512162.3
19000000	98000000	1813.6974
20000000	98000000	2440.3213
21000000	98000000	1587.2596
22000000	98000000	1985.7625
23000000	98000000	1123.1979
24000000	98000000	1453.5529
25000000	98000000	2934.9744
26000000	98000000	3629.7808
27000000	98000000	3436.4702
28000000	98000000	3534.3247
29000000	98000000	2828.9639
30000000	98000000	2706.674
31000000	98000000	1337.1471
32000000	98000000	1906.8718
33000000	98000000	2584.5376
34000000	98000000	2288.1272
35000000	98000000	1178.0831
36000000	98000000	2047.294
37000000	98000000	4058.2627
38000000	98000000	4222.527
39000000	98000000	2246.7268
40000000	98000000	2367.6401
41000000	98000000	2753.1782
42000000	98000000	2519.5999
43000000	98000000	3068.2942
44000000	98000000	3764.1465
45000000	98000000	2674.754
46000000	98000000	3246.5835
47000000	98000000	2977.9587
48000000	98000000	3283.1907
49000000	98000000	3515.1084
50000000	98000000	1368.9945
51000000	98000000	1820.8469
52000000	98000000	2196.3298
53000000	98000000	1968.6849
54000000	98000000	2505.7988
55000000	98000000	1533.5345
56000000	98000000	2619.9854
57000000	98000000	2774.4368
58000000	98000000	2800.426
59000000	98000000	2049.4775
60000000	98000000	2416.4321
61000000	98000000	2095.666
62000000	98000000	2890.6584
63000000	98000000	4069.166
64000000	98000000	1325.1932
65000000	98000000	1817.1119
66000000	98000000	2697.349
67000000	98000000	2084.2158
68000000	98000000	1277.6499
69000000	98000000	1404.4227
70000000	98000000	1940.7745
71000000	98000000	1581.4078
72000000	98000000	2186.585
73000000	98000000	1526.8054
74000000	98000000	1406.8044
75000000	98000000	1411.8103
76000000	98000000	2237.3242
77000000	98000000	2475.4458
78000000	98000000	4985.8545
79000000	98000000	6938.9204
80000000	98000000	7413.218
81000000	98000000	5060.874
82000000	98000000	7877.694
83000000	98000000	7992.7095
84000000	98000000	9914.157
85000000	98000000	11550.439
86000000	98000000	11721.282
87000000	98000000	14204.702
88000000	98000000	10594.635
89000000	98000000	5862.748
90000000	98000000	6332.589
91000000	98000000	5152.9062
92000000	98000000	5859.375
93000000	98000000	5964.8506
94000000	98000000	11855.98
95000000	98000000	14987.231
96000000	98000000	23709.012
97000000	98000000	164005.48
98000000	98000000	527891.44
19000000	99000000	1940.4751
20000000	99000000	2645.753
21000000	99000000	2116.0264
22000000	99000000	2264.5073
23000000	99000000	1411.6796
24000000	99000000	1945.7832
25000000	99000000	3097.7893
26000000	99000000	3175.3843
27000000	99000000	2662.3325
28000000	99000000	2761.5845
29000000	99000000	2435.114
30000000	99000000	2610.094
31000000	99000000	1788.2881
32000000	99000000	2128.938
33000000	99000000	2575.5435
34000000	99000000	2394.9307
35000000	99000000	1531.0789
36000000	99000000	2540.3794
37000000	99000000	3829.0994
38000000	99000000	3827.1501
39000000	99000000	2530.8286
40000000	99000000	2291.3057
41000000	99000000	2342.5344
42000000	99000000	2258.224
43000000	99000000	2576.0542
44000000	99000000	3143.2134
45000000	99000000	3004.222
46000000	99000000	2964.667
47000000	99000000	2962.9026
48000000	99000000	3087.8254
49000000	99000000	3408.1248
50000000	99000000	1646.9072
51000000	99000000	2207.073
52000000	99000000	2474.2588
53000000	99000000	2422.4854
54000000	99000000	2905.1318
55000000	99000000	1957.5182
56000000	99000000	3081.2112
57000000	99000000	3265.1665
58000000	99000000	3298.3157
59000000	99000000	2347.0967
60000000	99000000	2595.9783
61000000	99000000	2310.3552
62000000	99000000	3202.8716
63000000	99000000	4283.52
64000000	99000000	1833.7793
65000000	99000000	2317.905
66000000	99000000	3011.8938
67000000	99000000	2200.9194
68000000	99000000	1333.0289
69000000	99000000	1597.8973
70000000	99000000	2304.0679
71000000	99000000	1574.1393
72000000	99000000	2168.5142
73000000	99000000	1584.3914
74000000	99000000	1743.8344
75000000	99000000	1638.0134
76000000	99000000	2788.4053
77000000	99000000	3413.026
78000000	99000000	6895.895
79000000	99000000	7625.545
80000000	99000000	7224.754
81000000	99000000	5972.7866
82000000	99000000	7744.486
83000000	99000000	7253.8047
84000000	99000000	8686.719
85000000	99000000	10123.268
86000000	99000000	10574.584
87000000	99000000	12100.37
88000000	99000000	11451.391
89000000	99000000	7299.41
90000000	99000000	8122.429
91000000	99000000	6527.0737
92000000	99000000	6951.77
93000000	99000000	6723.781
94000000	99000000	14195.369
95000000	99000000	19023.594
96000000	99000000	31579.895
97000000	99000000	104329.59
98000000	99000000	196529.34
99000000	99000000	477290.5
19000000	100000000	498.96487
20000000	100000000	2551.3774
21000000	100000000	3901.169
22000000	100000000	3623.9956
23000000	100000000	3566.4656
24000000	100000000	3841.4077
25000000	100000000	2564.1355
26000000	100000000	999.4449
27000000	100000000	831.1547
28000000	100000000	770.28076
29000000	100000000	1236.2986
30000000	100000000	1524.9426
31000000	100000000	3278.596
32000000	100000000	2367.72
33000000	100000000	1754.4935
34000000	100000000	2579.018
35000000	100000000	3597.434
36000000	100000000	3188.5413
37000000	100000000	1787.7115
38000000	100000000	1391.2198
39000000	100000000	2644.8755
40000000	100000000	1607.2063
41000000	100000000	1159.9353
42000000	100000000	1260.2433
43000000	100000000	1061.2213
44000000	100000000	1121.3982
45000000	100000000	2889.0532
46000000	100000000	2022.6731
47000000	100000000	1844.6106
48000000	100000000	1810.3151
49000000	100000000	2481.4495
50000000	100000000	4127.4775
51000000	100000000	3792.1162
52000000	100000000	3460.3638
53000000	100000000	3409.858
54000000	100000000	3423.1482
55000000	100000000	4672.066
56000000	100000000	3636.0508
57000000	100000000	3440.2405
58000000	100000000	3749.2444
59000000	100000000	3668.173
60000000	100000000	3180.3555
61000000	100000000	3304.6235
62000000	100000000	3299.0437
63000000	100000000	3271.0833
64000000	100000000	4393.93
65000000	100000000	5031.726
66000000	100000000	3606.5217
67000000	100000000	3397.1887
68000000	100000000	3206.0437
69000000	100000000	3636.9736
70000000	100000000	3861.345
71000000	100000000	3143.1355
72000000	100000000	2985.3142
73000000	100000000	3350.5132
74000000	100000000	4358.588
75000000	100000000	4574.3853
76000000	100000000	5944.8975
77000000	100000000	8233.916
78000000	100000000	9245.12
79000000	100000000	5901.2607
80000000	100000000	4099.2
81000000	100000000	6691.089
82000000	100000000	4813.633
83000000	100000000	4035.0647
84000000	100000000	3677.0205
85000000	100000000	3705.67
86000000	100000000	4042.3723
87000000	100000000	4264.3164
88000000	100000000	8364.531
89000000	100000000	9161.867
90000000	100000000	10647.961
91000000	100000000	11882.139
92000000	100000000	10824.613
93000000	100000000	12092.459
94000000	100000000	16806.414
95000000	100000000	23208.29
96000000	100000000	31751.723
97000000	100000000	31986.68
98000000	100000000	22222.559
99000000	100000000	80731.13
100000000	100000000	563798.3
19000000	101000000	1608.8052
20000000	101000000	2525.9954
21000000	101000000	2191.8118
22000000	101000000	3240.2656
23000000	101000000	1761.0323
24000000	101000000	2258.9182
25000000	101000000	3117.844
26000000	101000000	2709.826
27000000	101000000	2292.2617
28000000	101000000	2296.7556
29000000	101000000	2128.7322
30000000	101000000	2398.9695
31000000	101000000	1581.0905
32000000	101000000	2270.0159
33000000	101000000	2803.1584
34000000	101000000	2641.4333
35000000	101000000	1317.8005
36000000	101000000	2667.1155
37000000	101000000	3311.7175
38000000	101000000	3230.4849
39000000	101000000	2247.621
40000000	101000000	1936.3689
41000000	101000000	2106.1924
42000000	101000000	1895.4562
43000000	101000000	2053.1208
44000000	101000000	2585.3416
45000000	101000000	2423.5334
46000000	101000000	2630.6807
47000000	101000000	2689.854
48000000	101000000	2925.2742
49000000	101000000	3544.6038
50000000	101000000	1393.2719
51000000	101000000	2688.4797
52000000	101000000	2863.388
53000000	101000000	2635.8481
54000000	101000000	3651.6392
55000000	101000000	2029.9963
56000000	101000000	3928.405
57000000	101000000	4056.1633
58000000	101000000	3603.4075
59000000	101000000	2320.5999
60000000	101000000	2954.2947
61000000	101000000	2253.4812
62000000	101000000	3176.1414
63000000	101000000	4502.905
64000000	101000000	1599.7047
65000000	101000000	2888.0898
66000000	101000000	4567.1494
67000000	101000000	2337.067
68000000	101000000	1530.9038
69000000	101000000	2135.2046
70000000	101000000	3641.376
71000000	101000000	1751.3573
72000000	101000000	3003.2952
73000000	101000000	1999.9579
74000000	101000000	2458.4514
75000000	101000000	2030.1495
76000000	101000000	4404.9067
77000000	101000000	4941.7324
78000000	101000000	9481.183
79000000	101000000	8400.419
80000000	101000000	7250.0273
81000000	101000000	5641.459
82000000	101000000	7215.307
83000000	101000000	6318.636
84000000	101000000	7184.26
85000000	101000000	8075.4272
86000000	101000000	8169.931
87000000	101000000	9299.502
88000000	101000000	10406.698
89000000	101000000	7097.9863
90000000	101000000	8848.403
91000000	101000000	7266.2627
92000000	101000000	8153.7207
93000000	101000000	6736.8926
94000000	101000000	16806.824
95000000	101000000	20911.232
96000000	101000000	21411.996
97000000	101000000	25381.96
98000000	101000000	30148.59
99000000	101000000	44003.4
100000000	101000000	110605.84
101000000	101000000	575651.2
19000000	102000000	420.47205
20000000	102000000	1930.0261
21000000	102000000	3432.679
22000000	102000000	2769.4182
23000000	102000000	3758.568
24000000	102000000	3683.4158
25000000	102000000	1776.9722
26000000	102000000	656.13416
27000000	102000000	609.23737
28000000	102000000	601.84326
29000000	102000000	811.5846
30000000	102000000	1037.2278
31000000	102000000	3000.7942
32000000	102000000	1877.0377
33000000	102000000	1259.3596
34000000	102000000	1968.8376
35000000	102000000	3917.4304
36000000	102000000	2384.8938
37000000	102000000	1162.3817
38000000	102000000	899.9763
39000000	102000000	2082.9478
40000000	102000000	1165.4763
41000000	102000000	790.9963
42000000	102000000	856.1132
43000000	102000000	692.8882
44000000	102000000	785.5236
45000000	102000000	2000.8804
46000000	102000000	1257.1743
47000000	102000000	1210.0231
48000000	102000000	1087.181
49000000	102000000	1469.1963
50000000	102000000	4158.248
51000000	102000000	3118.9211
52000000	102000000	2703.8254
53000000	102000000	2858.3152
54000000	102000000	2786.04
55000000	102000000	4400.269
56000000	102000000	2734.5396
57000000	102000000	2586.6416
58000000	102000000	3100.0012
59000000	102000000	2906.438
60000000	102000000	2340.2812
61000000	102000000	2534.5032
62000000	102000000	2313.398
63000000	102000000	2270.0593
64000000	102000000	4381.375
65000000	102000000	4074.5942
66000000	102000000	2823.6067
67000000	102000000	3193.2708
68000000	102000000	3368.8943
69000000	102000000	3658.9187
70000000	102000000	3666.8508
71000000	102000000	3383.5815
72000000	102000000	2840.3809
73000000	102000000	4154.524
74000000	102000000	5706.4824
75000000	102000000	6018.5903
76000000	102000000	5925.4062
77000000	102000000	7230.6577
78000000	102000000	6519.8896
79000000	102000000	3365.6353
80000000	102000000	2414.14
81000000	102000000	4212.939
82000000	102000000	2748.9443
83000000	102000000	2441.3584
84000000	102000000	2302.7014
85000000	102000000	2285.9285
86000000	102000000	2472.657
87000000	102000000	2596.2183
88000000	102000000	4546.1396
89000000	102000000	5927.2095
90000000	102000000	7075.6978
91000000	102000000	9433.6045
92000000	102000000	8680.955
93000000	102000000	9851.394
94000000	102000000	10898.9
95000000	102000000	13146.058
96000000	102000000	15091.021
97000000	102000000	12565.022
98000000	102000000	8626.7295
99000000	102000000	14560.468
100000000	102000000	55102.22
101000000	102000000	100182.0
102000000	102000000	626764.3
19000000	103000000	247.40337
20000000	103000000	1248.8689
21000000	103000000	2550.2388
22000000	103000000	2078.7878
23000000	103000000	3803.2388
24000000	103000000	3063.4414
25000000	103000000	1039.8528
26000000	103000000	330.65353
27000000	103000000	322.5504
28000000	103000000	298.5885
29000000	103000000	462.86163
30000000	103000000	640.682
31000000	103000000	2529.6274
32000000	103000000	1320.3838
33000000	103000000	751.52045
34000000	103000000	1397.0452
35000000	103000000	3739.291
36000000	103000000	1639.8999
37000000	103000000	568.10913
38000000	103000000	462.71942
39000000	103000000	1342.6122
40000000	103000000	733.25464
41000000	103000000	422.6099
42000000	103000000	513.4636
43000000	103000000	439.49982
44000000	103000000	422.09308
45000000	103000000	1305.3218
46000000	103000000	727.839
47000000	103000000	610.41016
48000000	103000000	540.70447
49000000	103000000	832.74585
50000000	103000000	4158.5205
51000000	103000000	2734.3755
52000000	103000000	2342.7473
53000000	103000000	2402.2722
54000000	103000000	2164.348
55000000	103000000	4181.276
56000000	103000000	1869.6627
57000000	103000000	1591.6647
58000000	103000000	2278.6077
59000000	103000000	2809.6
60000000	103000000	1793.957
61000000	103000000	1940.0933
62000000	103000000	1580.2291
63000000	103000000	1369.6544
64000000	103000000	4270.747
65000000	103000000	4086.5273
66000000	103000000	2242.3816
67000000	103000000	3017.475
68000000	103000000	4092.6719
69000000	103000000	4424.0776
70000000	103000000	3925.748
71000000	103000000	4076.2708
72000000	103000000	3204.7598
73000000	103000000	5557.4673
74000000	103000000	7553.502
75000000	103000000	7895.1436
76000000	103000000	6231.965
77000000	103000000	6949.3643
78000000	103000000	3610.6409
79000000	103000000	1657.5223
80000000	103000000	1213.0466
81000000	103000000	2314.2258
82000000	103000000	1365.2349
83000000	103000000	1311.1492
84000000	103000000	1133.2664
85000000	103000000	1134.1547
86000000	103000000	1195.0154
87000000	103000000	1227.4587
88000000	103000000	2120.5637
89000000	103000000	3760.9968
90000000	103000000	4269.46
91000000	103000000	7303.545
92000000	103000000	7310.8706
93000000	103000000	8742.93
94000000	103000000	6788.9624
95000000	103000000	7654.726
96000000	103000000	8076.415
97000000	103000000	5873.3525
98000000	103000000	4174.401
99000000	103000000	5463.6465
100000000	103000000	17550.406
101000000	103000000	13060.568
102000000	103000000	126215.43
103000000	103000000	737245.06
19000000	104000000	444.93558
20000000	104000000	1377.5121
21000000	104000000	2255.5806
22000000	104000000	2889.3643
23000000	104000000	3104.2712
24000000	104000000	2979.759
25000000	104000000	1435.2119
26000000	104000000	680.67096
27000000	104000000	592.8151
28000000	104000000	555.39905
29000000	104000000	724.5748
30000000	104000000	904.7605
31000000	104000000	1656.742
32000000	104000000	1353.622
33000000	104000000	1153.1779
34000000	104000000	1474.9696
35000000	104000000	2118.0708
36000000	104000000	1512.5109
37000000	104000000	946.97845
38000000	104000000	774.94073
39000000	104000000	1176.8099
40000000	104000000	825.47736
41000000	104000000	647.5187
42000000	104000000	667.10144
43000000	104000000	526.62274
44000000	104000000	622.192
45000000	104000000	1104.7528
46000000	104000000	885.2879
47000000	104000000	827.6557
48000000	104000000	881.7435
49000000	104000000	1134.8066
50000000	104000000	2129.9546
51000000	104000000	2402.666
52000000	104000000	2176.1064
53000000	104000000	2287.5447
54000000	104000000	2283.6707
55000000	104000000	2654.4019
56000000	104000000	2234.8884
57000000	104000000	2069.3477
58000000	104000000	2126.1465
59000000	104000000	1935.3931
60000000	104000000	1859.517
61000000	104000000	1547.8942
62000000	104000000	1674.3458
63000000	104000000	1841.0782
64000000	104000000	2569.919
65000000	104000000	3635.6372
66000000	104000000	3340.641
67000000	104000000	2619.2507
68000000	104000000	3036.5874
69000000	104000000	3851.7527
70000000	104000000	5014.484
71000000	104000000	3247.0168
72000000	104000000	3761.043
73000000	104000000	4229.6323
74000000	104000000	6394.649
75000000	104000000	5439.238
76000000	104000000	6251.0776
77000000	104000000	6168.115
78000000	104000000	4481.0923
79000000	104000000	2601.629
80000000	104000000	2159.7537
81000000	104000000	2388.8887
82000000	104000000	2087.7522
83000000	104000000	1775.7822
84000000	104000000	1724.9365
85000000	104000000	1773.7858
86000000	104000000	1875.734
87000000	104000000	1984.1974
88000000	104000000	3040.3909
89000000	104000000	3593.5835
90000000	104000000	4812.863
91000000	104000000	6340.0874
92000000	104000000	7350.585
93000000	104000000	6902.146
94000000	104000000	9241.199
95000000	104000000	9913.881
96000000	104000000	9578.254
97000000	104000000	6771.676
98000000	104000000	5692.4146
99000000	104000000	8023.8823
100000000	104000000	16490.918
101000000	104000000	23868.875
102000000	104000000	33976.902
103000000	104000000	102242.23
104000000	104000000	674009.3
19000000	105000000	214.38521
20000000	105000000	1150.5571
21000000	105000000	2284.8875
22000000	105000000	2147.746
23000000	105000000	3521.5457
24000000	105000000	3167.0464
25000000	105000000	1004.617
26000000	105000000	361.59235
27000000	105000000	291.7741
28000000	105000000	295.702
29000000	105000000	459.9677
30000000	105000000	603.61566
31000000	105000000	1489.4166
32000000	105000000	992.229
33000000	105000000	734.2019
34000000	105000000	1065.3835
35000000	105000000	2082.8623
36000000	105000000	1184.1478
37000000	105000000	562.0923
38000000	105000000	435.72226
39000000	105000000	958.733
40000000	105000000	531.3893
41000000	105000000	353.1537
42000000	105000000	488.43347
43000000	105000000	358.78983
44000000	105000000	365.76105
45000000	105000000	917.32196
46000000	105000000	578.90564
47000000	105000000	565.4909
48000000	105000000	539.4573
49000000	105000000	704.7257
50000000	105000000	2206.5955
51000000	105000000	1734.0281
52000000	105000000	1572.5632
53000000	105000000	1722.0189
54000000	105000000	1559.2015
55000000	105000000	2352.9421
56000000	105000000	1430.6989
57000000	105000000	1316.9546
58000000	105000000	1557.2731
59000000	105000000	1677.052
60000000	105000000	1356.6875
61000000	105000000	1333.525
62000000	105000000	1187.4349
63000000	105000000	1179.0626
64000000	105000000	2414.1501
65000000	105000000	2952.9158
66000000	105000000	2060.4033
67000000	105000000	2229.761
68000000	105000000	2775.9265
69000000	105000000	3442.0068
70000000	105000000	3684.577
71000000	105000000	3131.4568
72000000	105000000	2831.8965
73000000	105000000	3900.0115
74000000	105000000	5691.425
75000000	105000000	5182.832
76000000	105000000	4509.5103
77000000	105000000	5101.6953
78000000	105000000	2862.3838
79000000	105000000	1554.9523
80000000	105000000	1178.0443
81000000	105000000	1863.6459
82000000	105000000	1242.7437
83000000	105000000	1191.2947
84000000	105000000	1103.6057
85000000	105000000	1112.5044
86000000	105000000	1132.4329
87000000	105000000	1235.9498
88000000	105000000	1985.989
89000000	105000000	2772.3872
90000000	105000000	3462.6309
91000000	105000000	5363.4136
92000000	105000000	5329.3022
93000000	105000000	5971.556
94000000	105000000	6252.895
95000000	105000000	6276.7285
96000000	105000000	6202.8516
97000000	105000000	4670.984
98000000	105000000	3512.615
99000000	105000000	4738.1504
100000000	105000000	12004.856
101000000	105000000	10703.461
102000000	105000000	18876.18
103000000	105000000	32933.42
104000000	105000000	150648.55
105000000	105000000	695334.4
19000000	106000000	232.0636
20000000	106000000	906.5029
21000000	106000000	1915.4155
22000000	106000000	2064.3572
23000000	106000000	2498.9521
24000000	106000000	2178.4136
25000000	106000000	926.0556
26000000	106000000	377.6759
27000000	106000000	288.2539
28000000	106000000	280.07513
29000000	106000000	429.08334
30000000	106000000	493.44583
31000000	106000000	1278.71
32000000	106000000	930.76733
33000000	106000000	650.20703
34000000	106000000	1051.1266
35000000	106000000	1769.5096
36000000	106000000	1077.9364
37000000	106000000	507.03577
38000000	106000000	433.50397
39000000	106000000	809.99384
40000000	106000000	473.69656
41000000	106000000	428.89178
42000000	106000000	465.69904
43000000	106000000	359.9492
44000000	106000000	335.82672
45000000	106000000	791.52136
46000000	106000000	573.0483
47000000	106000000	540.0309
48000000	106000000	447.637
49000000	106000000	622.6798
50000000	106000000	1673.1129
51000000	106000000	1649.1052
52000000	106000000	1503.8549
53000000	106000000	1475.9435
54000000	106000000	1440.6362
55000000	106000000	1934.2825
56000000	106000000	1253.2494
57000000	106000000	1192.9238
58000000	106000000	1271.0032
59000000	106000000	1478.8452
60000000	106000000	1290.7275
61000000	106000000	1250.4243
62000000	106000000	1088.3551
63000000	106000000	1116.6842
64000000	106000000	1992.9226
65000000	106000000	2438.1096
66000000	106000000	1857.8976
67000000	106000000	1849.4434
68000000	106000000	2369.3564
69000000	106000000	2915.6785
70000000	106000000	2993.7378
71000000	106000000	2428.1838
72000000	106000000	2301.4062
73000000	106000000	2937.4307
74000000	106000000	4281.637
75000000	106000000	3715.7195
76000000	106000000	3545.448
77000000	106000000	3600.0476
78000000	106000000	2254.163
79000000	106000000	1272.2863
80000000	106000000	1093.3875
81000000	106000000	1594.6122
82000000	106000000	1136.1667
83000000	106000000	1073.5072
84000000	106000000	974.41705
85000000	106000000	971.0982
86000000	106000000	968.37964
87000000	106000000	1098.0391
88000000	106000000	1651.3035
89000000	106000000	2354.243
90000000	106000000	2743.684
91000000	106000000	4084.3035
92000000	106000000	4494.72
93000000	106000000	4498.1196
94000000	106000000	4790.991
95000000	106000000	4616.374
96000000	106000000	4633.779
97000000	106000000	3337.632
98000000	106000000	2607.0789
99000000	106000000	3273.8276
100000000	106000000	7324.631
101000000	106000000	6113.2573
102000000	106000000	10185.284
103000000	106000000	16221.54
104000000	106000000	32365.734
105000000	106000000	141386.1
106000000	106000000	764210.1
19000000	107000000	379.3769
20000000	107000000	1552.4022
21000000	107000000	2499.7468
22000000	107000000	2062.8071
23000000	107000000	2550.9229
24000000	107000000	2292.6636
25000000	107000000	1207.9896
26000000	107000000	608.06854
27000000	107000000	418.877
28000000	107000000	446.96442
29000000	107000000	638.092
30000000	107000000	741.7782
31000000	107000000	1817.4872
32000000	107000000	1268.2976
33000000	107000000	833.84326
34000000	107000000	1238.6445
35000000	107000000	2075.4766
36000000	107000000	1446.9943
37000000	107000000	780.1417
38000000	107000000	578.4064
39000000	107000000	1122.6151
40000000	107000000	764.2557
41000000	107000000	469.88132
42000000	107000000	544.3278
43000000	107000000	492.8846
44000000	107000000	427.00665
45000000	107000000	1198.3176
46000000	107000000	790.7909
47000000	107000000	702.80597
48000000	107000000	588.2377
49000000	107000000	883.43243
50000000	107000000	2133.704
51000000	107000000	1765.0148
52000000	107000000	1592.8828
53000000	107000000	1808.2074
54000000	107000000	1473.7466
55000000	107000000	2336.435
56000000	107000000	1399.0244
57000000	107000000	1270.7734
58000000	107000000	1579.9314
59000000	107000000	1655.7778
60000000	107000000	1426.4009
61000000	107000000	1734.9196
62000000	107000000	1401.2888
63000000	107000000	1330.1746
64000000	107000000	2410.0315
65000000	107000000	2602.1428
66000000	107000000	1824.2535
67000000	107000000	2262.2551
68000000	107000000	2562.2168
69000000	107000000	2714.3916
70000000	107000000	2804.4314
71000000	107000000	2920.701
72000000	107000000	2345.0603
73000000	107000000	3191.2664
74000000	107000000	4007.0615
75000000	107000000	3802.471
76000000	107000000	3247.4736
77000000	107000000	3465.166
78000000	107000000	2312.098
79000000	107000000	1503.8777
80000000	107000000	1132.1313
81000000	107000000	2033.7501
82000000	107000000	1296.0538
83000000	107000000	1151.9779
84000000	107000000	1167.7213
85000000	107000000	1006.29083
86000000	107000000	1136.3481
87000000	107000000	1189.1875
88000000	107000000	2060.1414
89000000	107000000	2860.6396
90000000	107000000	3171.6487
91000000	107000000	4383.1514
92000000	107000000	4292.8496
93000000	107000000	4718.603
94000000	107000000	4525.703
95000000	107000000	4660.619
96000000	107000000	4668.1743
97000000	107000000	3705.0398
98000000	107000000	3069.5986
99000000	107000000	3677.4778
100000000	107000000	7509.7876
101000000	107000000	5323.0483
102000000	107000000	10796.558
103000000	107000000	16156.164
104000000	107000000	21722.94
105000000	107000000	51047.57
106000000	107000000	168144.8
107000000	107000000	849543.1
