19000000	19000000	712478.1
19000000	20000000	86856.02
20000000	20000000	501622.3
19000000	21000000	17110.535
20000000	21000000	146290.05
21000000	21000000	499601.44
19000000	22000000	19946.062
20000000	22000000	32033.69
21000000	22000000	95169.34
22000000	22000000	483842.03
19000000	23000000	20564.867
20000000	23000000	20888.986
21000000	23000000	39805.445
22000000	23000000	151605.23
23000000	23000000	447046.62
19000000	24000000	6002.6436
20000000	24000000	17474.525
21000000	24000000	26829.158
22000000	24000000	33394.15
23000000	24000000	94617.41
24000000	24000000	537370.4
19000000	25000000	6737.867
20000000	25000000	14756.66
21000000	25000000	17433.45
22000000	25000000	16373.487
23000000	25000000	25283.389
24000000	25000000	91320.81
25000000	25000000	513506.03
19000000	26000000	9161.936
20000000	26000000	10066.027
21000000	26000000	10179.226
22000000	26000000	13581.853
23000000	26000000	19586.525
24000000	26000000	20807.924
25000000	26000000	78431.46
26000000	26000000	472304.16
19000000	27000000	5366.391
20000000	27000000	8489.232
21000000	27000000	8829.283
22000000	27000000	8855.61
23000000	27000000	11442.918
24000000	27000000	15232.156
25000000	27000000	35488.67
26000000	27000000	121967.5
27000000	27000000	446179.4
19000000	28000000	3811.2437
20000000	28000000	8777.832
21000000	28000000	8470.872
22000000	28000000	7293.8604
23000000	28000000	7967.4214
24000000	28000000	12643.665
25000000	28000000	21836.92
26000000	28000000	32205.773
27000000	28000000	139479.33
28000000	28000000	453044.7
19000000	29000000	8691.865
20000000	29000000	7765.4062
21000000	29000000	6961.702
22000000	29000000	8875.117
23000000	29000000	10845.211
24000000	29000000	9145.438
25000000	29000000	14633.955
26000000	29000000	26968.637
27000000	29000000	40273.152
28000000	29000000	139924.12
29000000	29000000	464234.8
19000000	30000000	3943.7102
20000000	30000000	8187.817
21000000	30000000	7584.9233
22000000	30000000	6680.4272
23000000	30000000	6976.79
24000000	30000000	9930.642
25000000	30000000	13995.065
26000000	30000000	16212.08
27000000	30000000	21255.291
28000000	30000000	31507.62
29000000	30000000	67140.36
30000000	30000000	483904.53
19000000	31000000	4315.6904
20000000	31000000	8055.261
21000000	31000000	7501.9233
22000000	31000000	6571.4346
23000000	31000000	6865.302
24000000	31000000	9275.337
25000000	31000000	12257.193
26000000	31000000	13000.717
27000000	31000000	15127.2
28000000	31000000	18719.777
29000000	31000000	27343.547
30000000	31000000	151249.42
31000000	31000000	459918.66
19000000	32000000	4788.088
20000000	32000000	7387.0933
21000000	32000000	6673.518
22000000	32000000	6593.1304
23000000	32000000	7149.205
24000000	32000000	7425.268
25000000	32000000	9521.933
26000000	32000000	11536.014
27000000	32000000	10713.394
28000000	32000000	11200.721
29000000	32000000	16620.812
30000000	32000000	23666.428
31000000	32000000	72325.195
32000000	32000000	450267.22
19000000	33000000	2772.2673
20000000	33000000	7010.237
21000000	33000000	6586.266
22000000	33000000	5304.6646
23000000	33000000	4619.764
24000000	33000000	7088.8857
25000000	33000000	6895.055
26000000	33000000	5469.254
27000000	33000000	6189.8896
28000000	33000000	8095.3364
29000000	33000000	7451.6895
30000000	33000000	12793.127
31000000	33000000	19542.516
32000000	33000000	102403.28
33000000	33000000	490196.62
19000000	34000000	4730.642
20000000	34000000	5844.9985
21000000	34000000	4978.2217
22000000	34000000	5792.746
23000000	34000000	5941.2397
24000000	34000000	5133.8857
25000000	34000000	5627.764
26000000	34000000	6649.525
27000000	34000000	5808.4277
28000000	34000000	5968.9062
29000000	34000000	8594.512
30000000	34000000	9378.902
31000000	34000000	14509.611
32000000	34000000	43411.715
33000000	34000000	138700.94
34000000	34000000	408667.78
19000000	35000000	7781.8594
20000000	35000000	4778.122
21000000	35000000	3876.6335
22000000	35000000	5985.9053
23000000	35000000	7032.281
24000000	35000000	3925.8647
25000000	35000000	4667.0933
26000000	35000000	7760.0234
27000000	35000000	5574.154
28000000	35000000	4776.184
29000000	35000000	9920.116
30000000	35000000	7364.0435
31000000	35000000	12193.939
32000000	35000000	29758.873
33000000	35000000	37138.98
34000000	35000000	141209.72
35000000	35000000	448320.8
19000000	36000000	8396.297
20000000	36000000	5455.562
21000000	36000000	4314.032
22000000	36000000	6439.8726
23000000	36000000	7825.8506
24000000	36000000	4281.999
25000000	36000000	5430.349
26000000	36000000	8670.22
27000000	36000000	6296.768
28000000	36000000	5156.631
29000000	36000000	9909.028
30000000	36000000	7554.275
31000000	36000000	11083.131
32000000	36000000	20361.527
33000000	36000000	17063.127
34000000	36000000	42049.61
35000000	36000000	89136.94
36000000	36000000	402523.4
19000000	37000000	6557.16
20000000	37000000	6425.0327
21000000	37000000	4952.372
22000000	37000000	6157.6963
23000000	37000000	6977.059
24000000	37000000	4812.163
25000000	37000000	5927.8257
26000000	37000000	7859.555
27000000	37000000	6171.9473
28000000	37000000	5264.3213
29000000	37000000	8219.131
30000000	37000000	7315.947
31000000	37000000	9083.616
32000000	37000000	12678.942
33000000	37000000	9814.654
34000000	37000000	15742.472
35000000	37000000	22164.734
36000000	37000000	106397.3
37000000	37000000	403230.47
19000000	38000000	6716.073
20000000	38000000	4401.0303
21000000	38000000	3528.9207
22000000	38000000	5321.58
23000000	38000000	6621.219
24000000	38000000	3360.2427
25000000	38000000	4234.8066
26000000	38000000	6473.884
27000000	38000000	4572.061
28000000	38000000	3791.1836
29000000	38000000	7073.4185
30000000	38000000	4822.9463
31000000	38000000	6028.69
32000000	38000000	8761.699
33000000	38000000	5712.7036
34000000	38000000	10558.274
35000000	38000000	16910.209
36000000	38000000	37107.203
37000000	38000000	101407.48
38000000	38000000	455624.34
19000000	39000000	4147.147
20000000	39000000	5322.4517
21000000	39000000	4793.4614
22000000	39000000	4941.828
23000000	39000000	5667.8193
24000000	39000000	4801.191
25000000	39000000	5696.2607
26000000	39000000	6674.204
27000000	39000000	5461.572
28000000	39000000	4891.0776
29000000	39000000	6423.5874
30000000	39000000	6333.2144
31000000	39000000	7285.373
32000000	39000000	9663.794
33000000	39000000	7043.727
34000000	39000000	9424.909
35000000	39000000	11312.716
36000000	39000000	23811.387
37000000	39000000	55539.664
38000000	39000000	110879.734
39000000	39000000	395582.94
19000000	40000000	2403.3352
20000000	40000000	4691.276
21000000	40000000	4626.4165
22000000	40000000	3792.8713
23000000	40000000	3996.3245
24000000	40000000	5296.424
25000000	40000000	5971.814
26000000	40000000	5154.5923
27000000	40000000	4856.026
28000000	40000000	5008.955
29000000	40000000	4990.603
30000000	40000000	6050.379
31000000	40000000	6963.989
32000000	40000000	7293.8877
33000000	40000000	6976.153
34000000	40000000	6497.8394
35000000	40000000	5981.921
36000000	40000000	9960.287
37000000	40000000	15703.5
38000000	40000000	17820.97
39000000	40000000	101545.94
40000000	40000000	442057.47
19000000	41000000	1468.8778
20000000	41000000	5468.2686
21000000	41000000	5573.664
22000000	41000000	3543.2285
23000000	41000000	3077.8682
24000000	41000000	6080.193
25000000	41000000	5866.966
26000000	41000000	3469.292
27000000	41000000	4413.5977
28000000	41000000	5418.048
29000000	41000000	4046.1038
30000000	41000000	6235.3047
31000000	41000000	6905.9727
32000000	41000000	6176.937
33000000	41000000	8852.675
34000000	41000000	5387.4316
35000000	41000000	3609.862
36000000	41000000	4872.265
37000000	41000000	8309.286
38000000	41000000	7600.6343
39000000	41000000	24397.664
40000000	41000000	157071.45
41000000	41000000	460602.56
19000000	42000000	1089.2584
20000000	42000000	4488.861
21000000	42000000	4796.7217
22000000	42000000	2768.7163
23000000	42000000	2398.7625
24000000	42000000	5128.715
25000000	42000000	5053.816
26000000	42000000	2968.7224
27000000	42000000	3574.8557
28000000	42000000	4646.2974
29000000	42000000	3215.385
30000000	42000000	5056.2983
31000000	42000000	5148.4707
32000000	42000000	4826.513
33000000	42000000	6630.184
34000000	42000000	3955.8145
35000000	42000000	2502.6038
36000000	42000000	3399.623
37000000	42000000	4710.663
38000000	42000000	4191.819
39000000	42000000	8688.959
40000000	42000000	18071.783
41000000	42000000	106540.05
42000000	42000000	535748.8
19000000	43000000	1637.0427
20000000	43000000	3822.8489
21000000	43000000	3693.6423
22000000	43000000	2938.488
23000000	43000000	2852.986
24000000	43000000	4393.765
25000000	43000000	4921.9453
26000000	43000000	3982.3435
27000000	43000000	4013.0442
28000000	43000000	4233.3228
29000000	43000000	3806.529
30000000	43000000	4817.171
31000000	43000000	4958.8696
32000000	43000000	5008.0273
33000000	43000000	4889.4653
34000000	43000000	4012.9016
35000000	43000000	3339.3005
36000000	43000000	4407.014
37000000	43000000	5673.7314
38000000	43000000	5505.3286
39000000	43000000	9364.104
40000000	43000000	13361.562
41000000	43000000	24778.75
42000000	43000000	121260.67
43000000	43000000	465286.22
19000000	44000000	2353.6448
20000000	44000000	3293.672
21000000	44000000	3054.2766
22000000	44000000	2951.0527
23000000	44000000	3286.4866
24000000	44000000	3676.536
25000000	44000000	4807.026
26000000	44000000	5714.8975
27000000	44000000	4710.265
28000000	44000000	3798.2556
29000000	44000000	4671.7646
30000000	44000000	4620.8115
31000000	44000000	4938.9253
32000000	44000000	5103.8545
33000000	44000000	3396.282
34000000	44000000	3751.341
35000000	44000000	4340.9546
36000000	44000000	6093.357
37000000	44000000	7220.746
38000000	44000000	7438.933
39000000	44000000	10498.848
40000000	44000000	12518.465
41000000	44000000	12215.574
42000000	44000000	24517.62
43000000	44000000	134594.89
44000000	44000000	454895.4
19000000	45000000	1622.9419
20000000	45000000	4397.546
21000000	45000000	4294.5527
22000000	45000000	2829.4915
23000000	45000000	2788.1667
24000000	45000000	4461.7637
25000000	45000000	5472.3145
26000000	45000000	4289.256
27000000	45000000	4378.593
28000000	45000000	4437.6367
29000000	45000000	3942.9565
30000000	45000000	5108.3613
31000000	45000000	5268.0884
32000000	45000000	5119.465
33000000	45000000	4741.173
34000000	45000000	3775.639
35000000	45000000	3095.6736
36000000	45000000	4358.1133
37000000	45000000	5646.5938
38000000	45000000	4841.9775
39000000	45000000	7646.923
40000000	45000000	9794.449
41000000	45000000	14460.876
42000000	45000000	22338.447
43000000	45000000	40738.344
44000000	45000000	116613.766
45000000	45000000	489461.84
19000000	46000000	1408.0948
20000000	46000000	4428.8916
21000000	46000000	4353.9155
22000000	46000000	2665.0984
23000000	46000000	2556.993
24000000	46000000	4922.2764
25000000	46000000	5744.5146
26000000	46000000	3547.6729
27000000	46000000	4042.883
28000000	46000000	4577.4746
29000000	46000000	3603.8843
30000000	46000000	4949.87
31000000	46000000	5438.1147
32000000	46000000	4551.65
33000000	46000000	4859.876
34000000	46000000	3411.2427
35000000	46000000	2549.4382
36000000	46000000	3421.4697
37000000	46000000	4474.0166
38000000	46000000	3659.506
39000000	46000000	6016.699
40000000	46000000	8226.891
41000000	46000000	11878.499
42000000	46000000	14552.168
43000000	46000000	17083.842
44000000	46000000	23093.29
45000000	46000000	85744.42
46000000	46000000	539488.5
19000000	47000000	1931.6266
20000000	47000000	3886.7808
21000000	47000000	3570.1711
22000000	47000000	3199.8384
23000000	47000000	3246.0662
24000000	47000000	4226.1797
25000000	47000000	4664.7437
26000000	47000000	4020.5583
27000000	47000000	3747.791
28000000	47000000	3867.579
29000000	47000000	3876.3613
30000000	47000000	4505.859
31000000	47000000	4808.608
32000000	47000000	4748.6455
33000000	47000000	4400.274
34000000	47000000	4025.042
35000000	47000000	3635.3015
36000000	47000000	4723.166
37000000	47000000	5651.311
38000000	47000000	5034.269
39000000	47000000	6591.1587
40000000	47000000	7049.9185
41000000	47000000	7725.1973
42000000	47000000	8122.0176
43000000	47000000	10614.8545
44000000	47000000	14054.474
45000000	47000000	21342.678
46000000	47000000	75568.4
47000000	47000000	473073.44
19000000	48000000	2526.0244
20000000	48000000	3701.327
21000000	48000000	3318.8584
22000000	48000000	3155.4678
23000000	48000000	3403.1367
24000000	48000000	3636.3357
25000000	48000000	4291.975
26000000	48000000	4498.128
27000000	48000000	3850.695
28000000	48000000	3515.7688
29000000	48000000	4158.921
30000000	48000000	4030.1106
31000000	48000000	4543.2124
32000000	48000000	4666.719
33000000	48000000	3754.3733
34000000	48000000	3845.0044
35000000	48000000	3959.3755
36000000	48000000	5183.298
37000000	48000000	5879.303
38000000	48000000	5512.112
39000000	48000000	6526.323
40000000	48000000	6407.344
41000000	48000000	5987.5977
42000000	48000000	6277.9785
43000000	48000000	8806.003
44000000	48000000	12937.328
45000000	48000000	14607.583
46000000	48000000	27670.176
47000000	48000000	123576.92
48000000	48000000	408163.4
19000000	49000000	1589.5916
20000000	49000000	4150.5215
21000000	49000000	3840.4407
22000000	49000000	2756.6555
23000000	49000000	2568.9746
24000000	49000000	4208.072
25000000	49000000	4570.1714
26000000	49000000	3373.3032
27000000	49000000	3464.3213
28000000	49000000	3813.6035
29000000	49000000	3319.089
30000000	49000000	4093.0413
31000000	49000000	4676.3804
32000000	49000000	4293.192
33000000	49000000	4340.388
34000000	49000000	3316.5798
35000000	49000000	2800.6267
36000000	49000000	3481.3308
37000000	49000000	4182.052
38000000	49000000	3359.847
39000000	49000000	4837.5728
40000000	49000000	6154.291
41000000	49000000	7820.3643
42000000	49000000	8307.645
43000000	49000000	8365.627
44000000	49000000	9175.079
45000000	49000000	12872.171
46000000	49000000	21900.695
47000000	49000000	39392.406
48000000	49000000	141103.56
49000000	49000000	430779.47
19000000	50000000	1353.8667
20000000	50000000	4089.209
21000000	50000000	3933.4446
22000000	50000000	2440.4285
23000000	50000000	2290.9604
24000000	50000000	4208.0747
25000000	50000000	4586.3516
26000000	50000000	3136.5315
27000000	50000000	3370.6646
28000000	50000000	3865.33
29000000	50000000	2996.6794
30000000	50000000	4207.266
31000000	50000000	4515.574
32000000	50000000	3805.7168
33000000	50000000	4165.1167
34000000	50000000	2956.4397
35000000	50000000	2210.189
36000000	50000000	2663.3071
37000000	50000000	3254.8262
38000000	50000000	2604.2546
39000000	50000000	4006.5054
40000000	50000000	5674.0376
41000000	50000000	7778.6924
42000000	50000000	7704.138
43000000	50000000	6952.342
44000000	50000000	6984.077
45000000	50000000	10598.325
46000000	50000000	14953.056
47000000	50000000	15366.785
48000000	50000000	23265.287
49000000	50000000	103965.69
50000000	50000000	452241.03
19000000	51000000	1445.7126
20000000	51000000	3501.0103
21000000	51000000	3627.1938
22000000	51000000	2502.696
23000000	51000000	2487.7542
24000000	51000000	4030.5784
25000000	51000000	4662.042
26000000	51000000	3751.959
27000000	51000000	3739.3997
28000000	51000000	3720.0452
29000000	51000000	3324.598
30000000	51000000	4108.2217
31000000	51000000	4517.788
32000000	51000000	4144.5312
33000000	51000000	3564.3926
34000000	51000000	2826.979
35000000	51000000	2499.6873
36000000	51000000	3155.8687
37000000	51000000	3630.9702
38000000	51000000	3062.8877
39000000	51000000	4648.022
40000000	51000000	6037.864
41000000	51000000	6122.521
42000000	51000000	5890.4155
43000000	51000000	6605.1655
44000000	51000000	7940.149
45000000	51000000	8967.831
46000000	51000000	11810.316
47000000	51000000	11740.643
48000000	51000000	15815.679
49000000	51000000	31935.035
50000000	51000000	172724.94
51000000	51000000	437071.75
19000000	52000000	1794.6116
20000000	52000000	5164.0083
21000000	52000000	4871.154
22000000	52000000	3151.776
23000000	52000000	3010.4
24000000	52000000	5057.5684
25000000	52000000	5630.184
26000000	52000000	4144.4307
27000000	52000000	4424.0254
28000000	52000000	4669.8335
29000000	52000000	3787.6624
30000000	52000000	5223.7188
31000000	52000000	5652.587
32000000	52000000	4994.089
33000000	52000000	5023.245
34000000	52000000	3729.1194
35000000	52000000	2861.4634
36000000	52000000	3795.227
37000000	52000000	4672.5234
38000000	52000000	3409.3425
39000000	52000000	5614.0625
40000000	52000000	6369.4233
41000000	52000000	7737.142
42000000	52000000	7119.647
43000000	52000000	6719.822
44000000	52000000	6656.3296
45000000	52000000	9142.907
46000000	52000000	11209.374
47000000	52000000	10978.596
48000000	52000000	12445.701
49000000	52000000	19536.854
50000000	52000000	36125.215
51000000	52000000	116389.62
52000000	52000000	492030.12
19000000	53000000	4518.556
20000000	53000000	5093.0537
21000000	53000000	4149.935
22000000	53000000	4356.4126
23000000	53000000	4692.0576
24000000	53000000	3897.576
25000000	53000000	4727.4243
26000000	53000000	5757.1064
27000000	53000000	4755.3345
28000000	53000000	3831.5632
29000000	53000000	5105.9004
30000000	53000000	4773.047
31000000	53000000	5486.271
32000000	53000000	5832.0137
33000000	53000000	3998.4358
34000000	53000000	5008.0703
35000000	53000000	5484.35
36000000	53000000	8212.344
37000000	53000000	8585.802
38000000	53000000	7176.0415
39000000	53000000	8139.027
40000000	53000000	6059.9463
41000000	53000000	4552.2393
42000000	53000000	3752.0728
43000000	53000000	4997.5933
44000000	53000000	6954.21
45000000	53000000	6377.793
46000000	53000000	6440.1274
47000000	53000000	8966.637
48000000	53000000	10888.928
49000000	53000000	10195.811
50000000	53000000	11560.174
51000000	53000000	17729.627
52000000	53000000	54295.492
53000000	53000000	407306.4
19000000	54000000	5417.865
20000000	54000000	2491.4172
21000000	54000000	2072.0427
22000000	54000000	3281.6426
23000000	54000000	4151.9727
24000000	54000000	1795.2017
25000000	54000000	2121.0588
26000000	54000000	3864.369
27000000	54000000	2629.391
28000000	54000000	1863.1128
29000000	54000000	4089.2844
30000000	54000000	2435.8787
31000000	54000000	2803.3948
32000000	54000000	3958.4744
33000000	54000000	2230.0928
34000000	54000000	4015.5906
35000000	54000000	6202.757
36000000	54000000	8283.038
37000000	54000000	7195.664
38000000	54000000	8077.819
39000000	54000000	5796.948
40000000	54000000	3450.2292
41000000	54000000	2022.6692
42000000	54000000	1598.987
43000000	54000000	2800.0393
44000000	54000000	4372.679
45000000	54000000	3183.67
46000000	54000000	2904.837
47000000	54000000	5043.07
48000000	54000000	6453.6606
49000000	54000000	4895.324
50000000	54000000	4541.282
51000000	54000000	6501.181
52000000	54000000	9805.374
53000000	54000000	74596.94
54000000	54000000	405283.22
19000000	55000000	5245.462
20000000	55000000	2108.6213
21000000	55000000	1740.3802
22000000	55000000	3027.4944
23000000	55000000	4048.032
24000000	55000000	1533.0873
25000000	55000000	1882.1978
26000000	55000000	3479.3396
27000000	55000000	2273.1846
28000000	55000000	1643.7502
29000000	55000000	3867.332
30000000	55000000	2196.721
31000000	55000000	2432.682
32000000	55000000	3433.2078
33000000	55000000	1815.3787
34000000	55000000	3696.461
35000000	55000000	6063.818
36000000	55000000	7820.8125
37000000	55000000	6554.6016
38000000	55000000	7590.6777
39000000	55000000	5222.338
40000000	55000000	3305.8564
41000000	55000000	1732.9607
42000000	55000000	1561.5685
43000000	55000000	2456.1375
44000000	55000000	3951.954
45000000	55000000	2803.2192
46000000	55000000	2447.2043
47000000	55000000	4400.505
48000000	55000000	5791.3853
49000000	55000000	3939.0713
50000000	55000000	3727.705
51000000	55000000	5106.2266
52000000	55000000	7137.647
53000000	55000000	37217.652
54000000	55000000	116495.71
55000000	55000000	413443.47
19000000	56000000	5112.2676
20000000	56000000	1873.1298
21000000	56000000	1701.3335
22000000	56000000	3008.7705
23000000	56000000	4008.4573
24000000	56000000	1506.4634
25000000	56000000	1762.4286
26000000	56000000	3345.2986
27000000	56000000	2188.9666
28000000	56000000	1547.834
29000000	56000000	3645.292
30000000	56000000	1968.1956
31000000	56000000	2372.9546
32000000	56000000	3256.0706
33000000	56000000	1768.2017
34000000	56000000	3468.8447
35000000	56000000	5674.227
36000000	56000000	7261.638
37000000	56000000	6210.2266
38000000	56000000	7183.7065
39000000	56000000	4833.293
40000000	56000000	2991.5164
41000000	56000000	1785.1937
42000000	56000000	1493.3706
43000000	56000000	2197.495
44000000	56000000	3606.3108
45000000	56000000	2496.4858
46000000	56000000	2286.4207
47000000	56000000	3936.9934
48000000	56000000	4966.9385
49000000	56000000	3601.4534
50000000	56000000	3205.9204
51000000	56000000	4339.214
52000000	56000000	5943.7905
53000000	56000000	25154.783
54000000	56000000	57159.977
55000000	56000000	100621.84
56000000	56000000	411877.25
19000000	57000000	5421.93
20000000	57000000	1889.7612
21000000	57000000	1683.894
22000000	57000000	2918.888
23000000	57000000	3903.7227
24000000	57000000	1374.2333
25000000	57000000	1614.3114
26000000	57000000	3224.0627
27000000	57000000	2095.845
28000000	57000000	1521.6488
29000000	57000000	3612.9795
30000000	57000000	1829.0867
31000000	57000000	2187.0454
32000000	57000000	3089.4253
33000000	57000000	1726.4678
34000000	57000000	3360.5703
35000000	57000000	5823.33
36000000	57000000	7334.7275
37000000	57000000	6094.186
38000000	57000000	7034.427
39000000	57000000	4685.0864
40000000	57000000	2874.0178
41000000	57000000	1635.7439
42000000	57000000	1379.2596
43000000	57000000	2124.0435
44000000	57000000	3385.1145
45000000	57000000	2413.0112
46000000	57000000	2057.698
47000000	57000000	3574.1213
48000000	57000000	4428.3823
49000000	57000000	2962.506
50000000	57000000	2818.206
51000000	57000000	3618.3098
52000000	57000000	4800.813
53000000	57000000	20351.111
54000000	57000000	42112.57
55000000	57000000	53324.254
56000000	57000000	110256.18
57000000	57000000	421187.0
19000000	58000000	4458.614
20000000	58000000	2166.2017
21000000	58000000	1777.0275
22000000	58000000	2784.7983
23000000	58000000	3773.651
24000000	58000000	1515.2683
25000000	58000000	1698.3202
26000000	58000000	2870.3303
27000000	58000000	1947.1545
28000000	58000000	1532.5956
29000000	58000000	3322.1929
30000000	58000000	1921.4543
31000000	58000000	2222.8188
32000000	58000000	3021.0518
33000000	58000000	1875.9761
34000000	58000000	3256.3926
35000000	58000000	5054.381
36000000	58000000	6111.1006
37000000	58000000	5418.006
38000000	58000000	6367.5
39000000	58000000	4420.841
40000000	58000000	2757.5803
41000000	58000000	1726.6943
42000000	58000000	1498.6517
43000000	58000000	2123.5461
44000000	58000000	3028.104
45000000	58000000	2183.1965
46000000	58000000	1916.0048
47000000	58000000	3376.7869
48000000	58000000	4025.9724
49000000	58000000	2906.3882
50000000	58000000	2610.4614
51000000	58000000	3274.5796
52000000	58000000	4161.6245
53000000	58000000	14922.243
54000000	58000000	24809.572
55000000	58000000	24999.906
56000000	58000000	35509.586
57000000	58000000	72632.86
58000000	58000000	398715.97
19000000	59000000	4081.1655
20000000	59000000	3162.2798
21000000	59000000	2455.3948
22000000	59000000	3589.4329
23000000	59000000	4122.4463
24000000	59000000	2214.0815
25000000	59000000	2280.0557
26000000	59000000	3066.813
27000000	59000000	2298.9287
28000000	59000000	2137.3113
29000000	59000000	3378.1956
30000000	59000000	2612.1113
31000000	59000000	2773.7476
32000000	59000000	3675.9807
33000000	59000000	3021.372
34000000	59000000	3578.7444
35000000	59000000	4484.0034
36000000	59000000	5655.0195
37000000	59000000	5267.5024
38000000	59000000	5219.632
39000000	59000000	4699.165
40000000	59000000	3379.3347
41000000	59000000	2777.745
42000000	59000000	2400.0854
43000000	59000000	2871.2942
44000000	59000000	3086.8413
45000000	59000000	2686.3357
46000000	59000000	2712.632
47000000	59000000	3961.123
48000000	59000000	4235.26
49000000	59000000	3852.7488
50000000	59000000	3166.6594
51000000	59000000	3706.6262
52000000	59000000	5354.553
53000000	59000000	14026.963
54000000	59000000	15911.937
55000000	59000000	14757.553
56000000	59000000	18505.033
57000000	59000000	29136.682
58000000	59000000	146439.42
59000000	59000000	408448.75
19000000	60000000	2736.796
20000000	60000000	4911.3813
21000000	60000000	4250.984
22000000	60000000	4041.4312
23000000	60000000	3808.2656
24000000	60000000	3837.5083
25000000	60000000	3917.5474
26000000	60000000	3810.678
27000000	60000000	3278.9604
28000000	60000000	3425.102
29000000	60000000	3726.618
30000000	60000000	4183.0605
31000000	60000000	4440.974
32000000	60000000	5143.8735
33000000	60000000	4525.5063
34000000	60000000	4450.6226
35000000	60000000	4324.543
36000000	60000000	5392.0244
37000000	60000000	5815.972
38000000	60000000	4781.0645
39000000	60000000	5922.0884
40000000	60000000	5087.4414
41000000	60000000	4868.604
42000000	60000000	4300.35
43000000	60000000	4252.5527
44000000	60000000	3933.3271
45000000	60000000	4553.585
46000000	60000000	4285.7373
47000000	60000000	5513.395
48000000	60000000	5451.8726
49000000	60000000	5643.0957
50000000	60000000	5101.0923
51000000	60000000	5832.6333
52000000	60000000	8879.944
53000000	60000000	15734.507
54000000	60000000	10976.082
55000000	60000000	9297.945
56000000	60000000	10850.887
57000000	60000000	15638.584
58000000	60000000	39979.836
59000000	60000000	85250.75
60000000	60000000	414945.4
19000000	61000000	3192.5273
20000000	61000000	3079.1772
21000000	61000000	2546.6953
22000000	61000000	3298.5999
23000000	61000000	3786.1262
24000000	61000000	2518.3113
25000000	61000000	2642.1099
26000000	61000000	3248.02
27000000	61000000	2481.1033
28000000	61000000	2310.271
29000000	61000000	3317.1074
30000000	61000000	2890.449
31000000	61000000	3181.694
32000000	61000000	4212.668
33000000	61000000	3058.504
34000000	61000000	3910.5945
35000000	61000000	4552.973
36000000	61000000	5798.299
37000000	61000000	5677.0806
38000000	61000000	5459.487
39000000	61000000	5408.916
40000000	61000000	3883.971
41000000	61000000	2892.2012
42000000	61000000	2497.9756
43000000	61000000	3047.9834
44000000	61000000	3652.1362
45000000	61000000	3003.2986
46000000	61000000	2990.5315
47000000	61000000	4306.122
48000000	61000000	4708.4917
49000000	61000000	3895.4048
50000000	61000000	3327.6377
51000000	61000000	3940.515
52000000	61000000	5459.738
53000000	61000000	10524.291
54000000	61000000	9935.988
55000000	61000000	9324.128
56000000	61000000	10468.371
57000000	61000000	14035.804
58000000	61000000	24488.736
59000000	61000000	34575.19
60000000	61000000	86866.91
61000000	61000000	421426.6
19000000	62000000	2335.2822
20000000	62000000	2644.5027
21000000	62000000	2256.2217
22000000	62000000	2911.9912
23000000	62000000	3284.1467
24000000	62000000	2319.0615
25000000	62000000	2261.4993
26000000	62000000	2579.0024
27000000	62000000	2094.2104
28000000	62000000	2121.299
29000000	62000000	2779.431
30000000	62000000	2606.7307
31000000	62000000	2575.4995
32000000	62000000	3462.5828
33000000	62000000	2921.8135
34000000	62000000	3553.338
35000000	62000000	4160.9014
36000000	62000000	4930.726
37000000	62000000	4752.7227
38000000	62000000	4785.0083
39000000	62000000	4726.268
40000000	62000000	3565.755
41000000	62000000	2827.2854
42000000	62000000	2437.015
43000000	62000000	2911.0083
44000000	62000000	3026.8367
45000000	62000000	2680.938
46000000	62000000	2678.342
47000000	62000000	3951.006
48000000	62000000	4232.589
49000000	62000000	3872.8835
50000000	62000000	3089.0247
51000000	62000000	3288.7424
52000000	62000000	4233.3345
53000000	62000000	6840.744
54000000	62000000	7302.9766
55000000	62000000	6856.509
56000000	62000000	8002.304
57000000	62000000	9971.042
58000000	62000000	14478.263
59000000	62000000	16899.281
60000000	62000000	26284.992
61000000	62000000	88049.734
62000000	62000000	389915.16
19000000	63000000	2053.231
20000000	63000000	2028.05
21000000	63000000	1939.0469
22000000	63000000	2437.3215
23000000	63000000	2801.7073
24000000	63000000	1902.7195
25000000	63000000	2045.185
26000000	63000000	2336.3765
27000000	63000000	1878.2932
28000000	63000000	1718.1624
29000000	63000000	2442.3945
30000000	63000000	2132.2126
31000000	63000000	2442.525
32000000	63000000	3166.3232
33000000	63000000	2259.326
34000000	63000000	3232.8328
35000000	63000000	3769.5496
36000000	63000000	4265.301
37000000	63000000	4217.3467
38000000	63000000	4642.5864
39000000	63000000	4303.148
40000000	63000000	3165.2803
41000000	63000000	2239.064
42000000	63000000	1893.3583
43000000	63000000	2352.445
44000000	63000000	2856.1304
45000000	63000000	2324.1213
46000000	63000000	2329.4966
47000000	63000000	3483.5032
48000000	63000000	3657.6184
49000000	63000000	3194.1062
50000000	63000000	2613.2112
51000000	63000000	2971.354
52000000	63000000	3631.1355
53000000	63000000	5370.554
54000000	63000000	5811.2734
55000000	63000000	5677.006
56000000	63000000	6502.6387
57000000	63000000	7533.3115
58000000	63000000	9422.299
59000000	63000000	8825.401
60000000	63000000	12370.4795
61000000	63000000	22780.287
62000000	63000000	101429.03
63000000	63000000	421199.62
19000000	64000000	2229.4092
20000000	64000000	1714.0452
21000000	64000000	1634.6086
22000000	64000000	2186.5344
23000000	64000000	2742.0728
24000000	64000000	1584.0895
25000000	64000000	1729.4896
26000000	64000000	2255.7454
27000000	64000000	1729.9756
28000000	64000000	1606.2902
29000000	64000000	2470.0928
30000000	64000000	1946.2617
31000000	64000000	2132.2556
32000000	64000000	2822.0078
33000000	64000000	2088.9414
34000000	64000000	2809.949
35000000	64000000	3663.8345
36000000	64000000	4177.956
37000000	64000000	3964.9575
38000000	64000000	4524.4365
39000000	64000000	4046.4165
40000000	64000000	2918.2708
41000000	64000000	1955.4072
42000000	64000000	1757.3927
43000000	64000000	2246.6885
44000000	64000000	2739.7021
45000000	64000000	2265.6252
46000000	64000000	2154.978
47000000	64000000	3238.386
48000000	64000000	3523.8567
49000000	64000000	2748.7493
50000000	64000000	2313.9224
51000000	64000000	2758.1702
52000000	64000000	3050.6338
53000000	64000000	4987.3115
54000000	64000000	6191.8384
55000000	64000000	5899.9067
56000000	64000000	7030.532
57000000	64000000	8029.6787
58000000	64000000	9041.518
59000000	64000000	7879.1284
60000000	64000000	9294.707
61000000	64000000	15636.591
62000000	64000000	41691.73
63000000	64000000	105882.55
64000000	64000000	418455.47
19000000	65000000	2100.3003
20000000	65000000	1796.49
21000000	65000000	1662.1807
22000000	65000000	2195.2712
23000000	65000000	2722.6018
24000000	65000000	1634.7515
25000000	65000000	1692.2651
26000000	65000000	2169.4158
27000000	65000000	1641.654
28000000	65000000	1613.7618
29000000	65000000	2369.607
30000000	65000000	1926.8601
31000000	65000000	2086.3513
32000000	65000000	2751.714
33000000	65000000	2253.1326
34000000	65000000	2852.8435
35000000	65000000	3192.3374
36000000	65000000	3757.2563
37000000	65000000	3546.4128
38000000	65000000	4106.6255
39000000	65000000	3639.69
40000000	65000000	2705.936
41000000	65000000	2251.0403
42000000	65000000	1862.7677
43000000	65000000	2159.8245
44000000	65000000	2456.174
45000000	65000000	2120.251
46000000	65000000	2227.8596
47000000	65000000	3132.8171
48000000	65000000	3374.1748
49000000	65000000	2817.0889
50000000	65000000	2341.0781
51000000	65000000	2521.868
52000000	65000000	3123.8645
53000000	65000000	4463.976
54000000	65000000	5571.7705
55000000	65000000	5458.994
56000000	65000000	6099.4917
57000000	65000000	6653.295
58000000	65000000	7573.444
59000000	65000000	8137.6226
60000000	65000000	7869.446
61000000	65000000	11697.975
62000000	65000000	26774.49
63000000	65000000	37421.367
64000000	65000000	85981.03
65000000	65000000	434970.8
19000000	66000000	2051.6943
20000000	66000000	2195.117
21000000	66000000	1929.815
22000000	66000000	2440.6265
23000000	66000000	2740.8638
24000000	66000000	1866.8531
25000000	66000000	1777.3071
26000000	66000000	2144.6794
27000000	66000000	1731.9021
28000000	66000000	1720.3995
29000000	66000000	2427.4824
30000000	66000000	2145.6924
31000000	66000000	2263.4968
32000000	66000000	2838.7932
33000000	66000000	2492.7043
34000000	66000000	2827.5193
35000000	66000000	3172.7556
36000000	66000000	3762.8447
37000000	66000000	3577.2944
38000000	66000000	3575.132
39000000	66000000	3619.248
40000000	66000000	2904.3528
41000000	66000000	2597.6343
42000000	66000000	2170.0881
43000000	66000000	2406.0774
44000000	66000000	2499.5232
45000000	66000000	2219.5315
46000000	66000000	2286.9143
47000000	66000000	3335.6514
48000000	66000000	3366.991
49000000	66000000	3136.1604
50000000	66000000	2479.7273
51000000	66000000	2692.3264
52000000	66000000	3347.4116
53000000	66000000	4456.5435
54000000	66000000	5062.4614
55000000	66000000	4846.6597
56000000	66000000	5239.5977
57000000	66000000	5511.215
58000000	66000000	6498.5967
59000000	66000000	7318.42
60000000	66000000	7289.1724
61000000	66000000	10285.789
62000000	66000000	21637.57
63000000	66000000	24636.549
64000000	66000000	39227.746
65000000	66000000	104861.46
66000000	66000000	408570.1
19000000	67000000	1674.4711
20000000	67000000	1968.3739
21000000	67000000	1805.6289
22000000	67000000	2184.0918
23000000	67000000	2564.0488
24000000	67000000	1902.3801
25000000	67000000	1946.2249
26000000	67000000	2244.402
27000000	67000000	1848.8458
28000000	67000000	1721.765
29000000	67000000	2250.6436
30000000	67000000	2194.2134
31000000	67000000	2209.5312
32000000	67000000	3013.5952
33000000	67000000	2292.42
34000000	67000000	2690.8384
35000000	67000000	3241.021
36000000	67000000	3682.11
37000000	67000000	3735.8296
38000000	67000000	3778.6252
39000000	67000000	3735.1643
40000000	67000000	2984.1743
41000000	67000000	2272.9907
42000000	67000000	2067.651
43000000	67000000	2341.487
44000000	67000000	2699.9094
45000000	67000000	2270.6904
46000000	67000000	2435.9297
47000000	67000000	3299.8079
48000000	67000000	3334.4568
49000000	67000000	3118.6716
50000000	67000000	2536.1055
51000000	67000000	2825.4128
52000000	67000000	3347.2798
53000000	67000000	4698.2695
54000000	67000000	4761.41
55000000	67000000	4703.4873
56000000	67000000	5082.0186
57000000	67000000	5510.9634
58000000	67000000	5867.4775
59000000	67000000	6013.325
60000000	67000000	7219.755
61000000	67000000	10158.179
62000000	67000000	20578.844
63000000	67000000	24680.6
64000000	67000000	32859.344
65000000	67000000	50889.57
66000000	67000000	132352.1
67000000	67000000	408498.16
19000000	68000000	2219.6062
20000000	68000000	1623.7625
21000000	68000000	1552.9456
22000000	68000000	2181.8232
23000000	68000000	2800.2131
24000000	68000000	1503.7804
25000000	68000000	1592.3868
26000000	68000000	2307.4814
27000000	68000000	1796.1237
28000000	68000000	1565.5117
29000000	68000000	2474.328
30000000	68000000	1855.4586
31000000	68000000	2075.2031
32000000	68000000	2769.5144
33000000	68000000	1840.7898
34000000	68000000	2724.375
35000000	68000000	3800.5862
36000000	68000000	4417.6646
37000000	68000000	4082.526
38000000	68000000	4661.0166
39000000	68000000	3975.2375
40000000	68000000	2769.607
41000000	68000000	1766.368
42000000	68000000	1577.6562
43000000	68000000	2143.7507
44000000	68000000	2701.248
45000000	68000000	2177.9246
46000000	68000000	1983.4146
47000000	68000000	3246.76
48000000	68000000	3355.914
49000000	68000000	2653.2424
50000000	68000000	2212.736
51000000	68000000	2635.0688
52000000	68000000	2884.0034
53000000	68000000	4899.7236
54000000	68000000	5985.1084
55000000	68000000	6027.3716
56000000	68000000	6445.0977
57000000	68000000	6723.9688
58000000	68000000	6905.9736
59000000	68000000	5913.497
60000000	68000000	6024.7734
61000000	68000000	8872.174
62000000	68000000	12589.669
63000000	68000000	14948.12
64000000	68000000	18514.176
65000000	68000000	21913.672
66000000	68000000	28247.967
67000000	68000000	63793.227
68000000	68000000	422754.34
19000000	69000000	1723.7924
20000000	69000000	1661.356
21000000	69000000	1637.284
22000000	69000000	2067.289
23000000	69000000	2508.5042
24000000	69000000	1591.7239
25000000	69000000	1747.5013
26000000	69000000	2146.434
27000000	69000000	1628.5231
28000000	69000000	1503.2305
29000000	69000000	2188.2737
30000000	69000000	1840.5289
31000000	69000000	2053.0312
32000000	69000000	2802.0078
33000000	69000000	1975.4283
34000000	69000000	2689.0469
35000000	69000000	3310.184
36000000	69000000	3934.3538
37000000	69000000	3802.866
38000000	69000000	4270.5483
39000000	69000000	3870.2625
40000000	69000000	2707.1453
41000000	69000000	1809.5474
42000000	69000000	1603.556
43000000	69000000	1984.8081
44000000	69000000	2639.865
45000000	69000000	2086.3862
46000000	69000000	2136.1782
47000000	69000000	3093.5828
48000000	69000000	3336.1096
49000000	69000000	2661.4111
50000000	69000000	2212.0378
51000000	69000000	2628.0088
52000000	69000000	2898.2817
53000000	69000000	4321.3145
54000000	69000000	4874.83
55000000	69000000	4932.3413
56000000	69000000	5215.3423
57000000	69000000	5519.5435
58000000	69000000	5307.013
59000000	69000000	4730.869
60000000	69000000	5399.1997
61000000	69000000	6986.739
62000000	69000000	9516.897
63000000	69000000	11194.601
64000000	69000000	12345.951
65000000	69000000	12888.535
66000000	69000000	14760.759
67000000	69000000	25536.875
68000000	69000000	107755.79
69000000	69000000	445351.0
19000000	70000000	1624.0189
20000000	70000000	1740.5299
21000000	70000000	1775.9827
22000000	70000000	2136.0513
23000000	70000000	2537.505
24000000	70000000	1762.7721
25000000	70000000	1756.8154
26000000	70000000	2142.2288
27000000	70000000	1718.0793
28000000	70000000	1606.5476
29000000	70000000	2200.8445
30000000	70000000	1961.0773
31000000	70000000	2097.171
32000000	70000000	2819.543
33000000	70000000	2096.7014
34000000	70000000	2737.708
35000000	70000000	3167.4536
36000000	70000000	3769.3545
37000000	70000000	3740.4302
38000000	70000000	4073.659
39000000	70000000	3875.5935
40000000	70000000	2845.3289
41000000	70000000	1999.4376
42000000	70000000	1819.9363
43000000	70000000	2332.2603
44000000	70000000	2652.5261
45000000	70000000	2216.034
46000000	70000000	2228.5527
47000000	70000000	3318.9312
48000000	70000000	3341.5562
49000000	70000000	2650.7395
50000000	70000000	2366.1711
51000000	70000000	2550.4421
52000000	70000000	3177.59
53000000	70000000	4374.814
54000000	70000000	4585.6
55000000	70000000	4526.9556
56000000	70000000	4884.255
57000000	70000000	5062.417
58000000	70000000	5077.92
59000000	70000000	4832.26
60000000	70000000	5247.1113
61000000	70000000	6575.1265
62000000	70000000	8424.831
63000000	70000000	9130.668
64000000	70000000	9352.055
65000000	70000000	9689.4795
66000000	70000000	10735.625
67000000	70000000	15248.338
68000000	70000000	37493.383
69000000	70000000	82680.54
70000000	70000000	448931.16
19000000	71000000	1397.877
20000000	71000000	1646.7208
21000000	71000000	1513.9852
22000000	71000000	1893.6903
23000000	71000000	2229.1123
24000000	71000000	1638.3721
25000000	71000000	1699.2454
26000000	71000000	2029.3014
27000000	71000000	1593.9387
28000000	71000000	1491.4521
29000000	71000000	1987.1565
30000000	71000000	1826.1395
31000000	71000000	1969.5201
32000000	71000000	2545.4722
33000000	71000000	1828.3834
34000000	71000000	2535.9722
35000000	71000000	2894.5603
36000000	71000000	3437.4097
37000000	71000000	3485.2751
38000000	71000000	3614.0667
39000000	71000000	3605.4863
40000000	71000000	2660.6018
41000000	71000000	1830.5096
42000000	71000000	1618.8431
43000000	71000000	2026.1472
44000000	71000000	2626.65
45000000	71000000	2039.2676
46000000	71000000	2084.2996
47000000	71000000	3087.66
48000000	71000000	3059.5522
49000000	71000000	2670.028
50000000	71000000	2098.8774
51000000	71000000	2422.2822
52000000	71000000	2801.4902
53000000	71000000	4052.8052
54000000	71000000	4124.4307
55000000	71000000	4114.5923
56000000	71000000	4237.418
57000000	71000000	4318.6543
58000000	71000000	4416.104
59000000	71000000	3953.7195
60000000	71000000	4841.4854
61000000	71000000	5665.1743
62000000	71000000	6656.0605
63000000	71000000	7411.3354
64000000	71000000	7424.157
65000000	71000000	7023.9297
66000000	71000000	7357.075
67000000	71000000	9756.208
68000000	71000000	18105.326
69000000	71000000	27493.547
70000000	71000000	83670.55
71000000	71000000	420075.28
19000000	72000000	1377.3307
20000000	72000000	1438.9413
21000000	72000000	1473.983
22000000	72000000	1691.4955
23000000	72000000	2141.033
24000000	72000000	1452.8789
25000000	72000000	1668.3195
26000000	72000000	2115.5105
27000000	72000000	1650.0538
28000000	72000000	1377.9038
29000000	72000000	1893.3812
30000000	72000000	1751.6404
31000000	72000000	1907.2759
32000000	72000000	2559.7688
33000000	72000000	1610.9443
34000000	72000000	2247.7278
35000000	72000000	2976.441
36000000	72000000	3531.524
37000000	72000000	3586.1958
38000000	72000000	3819.3188
39000000	72000000	3596.7273
40000000	72000000	2560.528
41000000	72000000	1636.2108
42000000	72000000	1301.3851
43000000	72000000	1970.1583
44000000	72000000	2668.252
45000000	72000000	1951.4471
46000000	72000000	1885.393
47000000	72000000	2745.673
48000000	72000000	2997.7913
49000000	72000000	2245.6748
50000000	72000000	1978.5558
51000000	72000000	2300.1829
52000000	72000000	2705.6235
53000000	72000000	4174.258
54000000	72000000	4246.2246
55000000	72000000	3996.2273
56000000	72000000	4207.493
57000000	72000000	4340.788
58000000	72000000	4311.936
59000000	72000000	3744.134
60000000	72000000	4410.117
61000000	72000000	5313.574
62000000	72000000	5813.2007
63000000	72000000	6509.1855
64000000	72000000	6679.909
65000000	72000000	5878.606
66000000	72000000	6239.336
67000000	72000000	7890.08
68000000	72000000	12102.427
69000000	72000000	16424.262
70000000	72000000	27707.043
71000000	72000000	125073.64
72000000	72000000	443773.22
19000000	73000000	1466.3491
20000000	73000000	2629.5518
21000000	73000000	2276.9844
22000000	73000000	2157.8608
23000000	73000000	2204.3154
24000000	73000000	2257.9058
25000000	73000000	2486.8894
26000000	73000000	2483.4836
27000000	73000000	2165.8076
28000000	73000000	2053.6016
29000000	73000000	2277.1113
30000000	73000000	2473.5745
31000000	73000000	2639.4604
32000000	73000000	3165.0447
33000000	73000000	2538.6614
34000000	73000000	2677.4377
35000000	73000000	2612.683
36000000	73000000	3211.9082
37000000	73000000	3724.4487
38000000	73000000	3217.2434
39000000	73000000	3859.1882
40000000	73000000	3231.5972
41000000	73000000	2923.446
42000000	73000000	2720.039
43000000	73000000	2731.6943
44000000	73000000	2951.1533
45000000	73000000	3109.4626
46000000	73000000	3005.18
47000000	73000000	3604.9773
48000000	73000000	3554.127
49000000	73000000	3470.006
50000000	73000000	3105.4875
51000000	73000000	3109.1753
52000000	73000000	4118.5396
53000000	73000000	5459.7993
54000000	73000000	3856.585
55000000	73000000	3613.1846
56000000	73000000	3561.0046
57000000	73000000	3563.7192
58000000	73000000	3634.0144
59000000	73000000	3996.6614
60000000	73000000	5666.95
61000000	73000000	5513.3604
62000000	73000000	5616.1123
63000000	73000000	5570.092
64000000	73000000	5266.9507
65000000	73000000	5232.844
66000000	73000000	5677.111
67000000	73000000	6803.7593
68000000	73000000	9138.035
69000000	73000000	11067.604
70000000	73000000	16689.766
71000000	73000000	37403.008
72000000	73000000	75013.16
73000000	73000000	395856.03
19000000	74000000	1168.8064
20000000	74000000	2114.98
21000000	74000000	2059.5388
22000000	74000000	1859.4122
23000000	74000000	1954.196
24000000	74000000	2319.5647
25000000	74000000	2305.4521
26000000	74000000	2151.8137
27000000	74000000	2034.3485
28000000	74000000	2056.609
29000000	74000000	2096.0964
30000000	74000000	2322.621
31000000	74000000	2618.9475
32000000	74000000	2946.9924
33000000	74000000	2296.922
34000000	74000000	2278.0273
35000000	74000000	2198.5083
36000000	74000000	2592.6062
37000000	74000000	2796.7263
38000000	74000000	2586.001
39000000	74000000	3358.244
40000000	74000000	3083.6174
41000000	74000000	2847.9602
42000000	74000000	2626.729
43000000	74000000	2611.3257
44000000	74000000	2685.01
45000000	74000000	2917.5203
46000000	74000000	2682.1924
47000000	74000000	3234.4883
48000000	74000000	3113.624
49000000	74000000	2973.2644
50000000	74000000	2850.3298
51000000	74000000	2987.556
52000000	74000000	3810.572
53000000	74000000	4390.3677
54000000	74000000	3198.1855
55000000	74000000	3048.6873
56000000	74000000	3047.7676
57000000	74000000	3003.968
58000000	74000000	3052.2654
59000000	74000000	3394.5637
60000000	74000000	4841.4185
61000000	74000000	4563.2026
62000000	74000000	4913.29
63000000	74000000	4659.421
64000000	74000000	4652.4653
65000000	74000000	4482.4067
66000000	74000000	5008.307
67000000	74000000	5746.112
68000000	74000000	7077.373
69000000	74000000	8693.423
70000000	74000000	11522.861
71000000	74000000	18661.549
72000000	74000000	26466.268
73000000	74000000	107220.39
74000000	74000000	420899.38
19000000	75000000	1305.3022
20000000	75000000	1714.3057
21000000	75000000	1577.2189
22000000	75000000	1709.338
23000000	75000000	1911.1232
24000000	75000000	1745.9895
25000000	75000000	1794.0142
26000000	75000000	2105.6677
27000000	75000000	1762.2753
28000000	75000000	1535.4323
29000000	75000000	2019.1548
30000000	75000000	1909.6731
31000000	75000000	2163.2559
32000000	75000000	2577.315
33000000	75000000	1828.1693
34000000	75000000	2096.8
35000000	75000000	2278.0881
36000000	75000000	2744.432
37000000	75000000	2871.1135
38000000	75000000	2899.7588
39000000	75000000	3159.5198
40000000	75000000	2605.646
41000000	75000000	2190.8884
42000000	75000000	1873.9343
43000000	75000000	2183.7207
44000000	75000000	2717.5635
45000000	75000000	2281.2302
46000000	75000000	2212.8354
47000000	75000000	2977.0366
48000000	75000000	2836.4534
49000000	75000000	2513.343
50000000	75000000	2266.875
51000000	75000000	2544.4712
52000000	75000000	3122.103
53000000	75000000	4202.821
54000000	75000000	3544.623
55000000	75000000	3327.6702
56000000	75000000	3564.9004
57000000	75000000	3605.853
58000000	75000000	3350.3667
59000000	75000000	3583.0435
60000000	75000000	4346.7065
61000000	75000000	4578.807
62000000	75000000	4774.1055
63000000	75000000	4879.113
64000000	75000000	4930.551
65000000	75000000	4456.0913
66000000	75000000	4850.0166
67000000	75000000	5679.5
68000000	75000000	7592.7134
69000000	75000000	8565.399
70000000	75000000	11109.524
71000000	75000000	15851.377
72000000	75000000	21803.338
73000000	75000000	47510.332
74000000	75000000	118563.65
75000000	75000000	412732.75
19000000	76000000	1088.3243
20000000	76000000	2157.0999
21000000	76000000	2064.26
22000000	76000000	1861.0298
23000000	76000000	1811.4674
24000000	76000000	2240.4392
25000000	76000000	2162.5325
26000000	76000000	1968.4434
27000000	76000000	1848.5875
28000000	76000000	1922.8969
29000000	76000000	1917.9384
30000000	76000000	2307.1008
31000000	76000000	2429.0254
32000000	76000000	2651.0637
33000000	76000000	2471.4565
34000000	76000000	2333.2253
35000000	76000000	2036.6799
36000000	76000000	2402.4443
37000000	76000000	2788.2893
38000000	76000000	2433.7695
39000000	76000000	3047.6243
40000000	76000000	2851.0273
41000000	76000000	2987.4458
42000000	76000000	2818.8218
43000000	76000000	2668.9773
44000000	76000000	2419.4697
45000000	76000000	2755.8835
46000000	76000000	2943.9849
47000000	76000000	3394.2068
48000000	76000000	3049.1392
49000000	76000000	3312.648
50000000	76000000	2948.3652
51000000	76000000	2840.29
52000000	76000000	3861.6301
53000000	76000000	3899.192
54000000	76000000	2999.2185
55000000	76000000	2737.8223
56000000	76000000	2769.6707
57000000	76000000	2761.8706
58000000	76000000	3028.7944
59000000	76000000	3478.753
60000000	76000000	4819.9688
61000000	76000000	4568.351
62000000	76000000	4692.7563
63000000	76000000	4582.158
64000000	76000000	4332.941
65000000	76000000	4212.975
66000000	76000000	4616.799
67000000	76000000	5175.1357
68000000	76000000	6134.7227
69000000	76000000	7345.553
70000000	76000000	9012.67
71000000	76000000	11295.742
72000000	76000000	13179.539
73000000	76000000	24344.496
74000000	76000000	36397.77
75000000	76000000	99154.234
76000000	76000000	428093.62
19000000	77000000	919.0757
20000000	77000000	2528.681
21000000	77000000	2310.06
22000000	77000000	1784.104
23000000	77000000	1777.242
24000000	77000000	2435.1782
25000000	77000000	2448.9783
26000000	77000000	1823.7433
27000000	77000000	1912.6963
28000000	77000000	2089.6086
29000000	77000000	1859.5156
30000000	77000000	2319.1558
31000000	77000000	2600.655
32000000	77000000	2533.979
33000000	77000000	2709.0542
34000000	77000000	2128.532
35000000	77000000	1700.9703
36000000	77000000	2001.1798
37000000	77000000	2473.52
38000000	77000000	1979.7407
39000000	77000000	2725.4785
40000000	77000000	2773.7883
41000000	77000000	3607.0273
42000000	77000000	3336.6245
43000000	77000000	2800.4812
44000000	77000000	2256.268
45000000	77000000	2951.2375
46000000	77000000	3567.2678
47000000	77000000	3461.683
48000000	77000000	3079.019
49000000	77000000	3555.2183
50000000	77000000	3345.9473
51000000	77000000	2964.6099
52000000	77000000	4052.792
53000000	77000000	3765.3042
54000000	77000000	2387.9038
55000000	77000000	2214.243
56000000	77000000	2383.5984
57000000	77000000	2266.9485
58000000	77000000	2393.417
59000000	77000000	2936.4233
60000000	77000000	4501.56
61000000	77000000	3714.447
62000000	77000000	4075.2676
63000000	77000000	3779.2659
64000000	77000000	3564.0857
65000000	77000000	3702.9773
66000000	77000000	4035.0305
67000000	77000000	4368.793
68000000	77000000	4862.989
69000000	77000000	5482.34
70000000	77000000	6914.5938
71000000	77000000	8092.8335
72000000	77000000	8888.558
73000000	77000000	15573.126
74000000	77000000	17957.893
75000000	77000000	27238.51
76000000	77000000	105892.516
77000000	77000000	440134.4
19000000	78000000	1010.23315
20000000	78000000	1890.0641
21000000	78000000	1738.0044
22000000	78000000	1577.4963
23000000	78000000	1659.817
24000000	78000000	1966.3395
25000000	78000000	1966.8195
26000000	78000000	1627.871
27000000	78000000	1492.8643
28000000	78000000	1717.6813
29000000	78000000	1707.7601
30000000	78000000	1958.2634
31000000	78000000	2057.497
32000000	78000000	2144.4644
33000000	78000000	2201.1248
34000000	78000000	1822.1414
35000000	78000000	1638.5837
36000000	78000000	1958.1232
37000000	78000000	2186.0476
38000000	78000000	2088.9504
39000000	78000000	2541.256
40000000	78000000	2533.9382
41000000	78000000	2709.9812
42000000	78000000	2255.84
43000000	78000000	2425.8787
44000000	78000000	2170.212
45000000	78000000	2312.345
46000000	78000000	2821.5693
47000000	78000000	2929.1035
48000000	78000000	2662.6113
49000000	78000000	2863.9607
50000000	78000000	2668.533
51000000	78000000	2570.5935
52000000	78000000	3373.6965
53000000	78000000	3344.556
54000000	78000000	2577.0076
55000000	78000000	2320.8728
56000000	78000000	2520.1138
57000000	78000000	2465.9778
58000000	78000000	2635.3508
59000000	78000000	3114.9214
60000000	78000000	3926.3254
61000000	78000000	3932.6812
62000000	78000000	4164.1597
63000000	78000000	3999.9177
64000000	78000000	3857.3604
65000000	78000000	3911.2554
66000000	78000000	4246.95
67000000	78000000	4449.88
68000000	78000000	4826.517
69000000	78000000	5740.4546
70000000	78000000	6571.007
71000000	78000000	6992.564
72000000	78000000	7266.519
73000000	78000000	9722.21
74000000	78000000	10537.101
75000000	78000000	12668.5205
76000000	78000000	25285.133
77000000	78000000	119032.08
78000000	78000000	425699.9
19000000	79000000	1115.8683
20000000	79000000	1994.6492
21000000	79000000	1759.4117
22000000	79000000	1706.9639
23000000	79000000	1688.3776
24000000	79000000	1965.9784
25000000	79000000	1993.8854
26000000	79000000	1835.1083
27000000	79000000	1678.4891
28000000	79000000	1698.8591
29000000	79000000	1679.8452
30000000	79000000	1933.3848
31000000	79000000	2138.5903
32000000	79000000	2269.0188
33000000	79000000	2072.0894
34000000	79000000	1972.4501
35000000	79000000	1914.1191
36000000	79000000	2163.7668
37000000	79000000	2451.7585
38000000	79000000	2280.5244
39000000	79000000	2721.04
40000000	79000000	2625.0146
41000000	79000000	2510.7122
42000000	79000000	2302.1348
43000000	79000000	2410.4678
44000000	79000000	2393.3667
45000000	79000000	2397.1443
46000000	79000000	2770.463
47000000	79000000	3015.9268
48000000	79000000	2823.8489
49000000	79000000	2934.5059
50000000	79000000	2606.049
51000000	79000000	2602.368
52000000	79000000	3218.9937
53000000	79000000	3803.133
54000000	79000000	2849.187
55000000	79000000	2619.468
56000000	79000000	2698.8228
57000000	79000000	2831.7695
58000000	79000000	2687.9292
59000000	79000000	3199.7268
60000000	79000000	4163.2803
61000000	79000000	3919.1982
62000000	79000000	4287.0493
63000000	79000000	4197.2544
64000000	79000000	3992.4001
65000000	79000000	3823.7302
66000000	79000000	3856.7957
67000000	79000000	4458.045
68000000	79000000	5106.2505
69000000	79000000	5581.961
70000000	79000000	6418.1816
71000000	79000000	6824.9463
72000000	79000000	7246.6104
73000000	79000000	9303.142
74000000	79000000	9121.863
75000000	79000000	10502.229
76000000	79000000	16361.078
77000000	79000000	29910.982
78000000	79000000	134822.4
79000000	79000000	448215.75
19000000	80000000	1381.7018
20000000	80000000	2127.9048
21000000	80000000	1957.807
22000000	80000000	1991.3096
23000000	80000000	2016.2775
24000000	80000000	2016.9
25000000	80000000	1942.2595
26000000	80000000	1740.4419
27000000	80000000	1615.7072
28000000	80000000	1669.3704
29000000	80000000	1828.6453
30000000	80000000	2001.2108
31000000	80000000	2270.5945
32000000	80000000	2378.4495
33000000	80000000	2375.9814
34000000	80000000	2181.2712
35000000	80000000	2019.8939
36000000	80000000	2361.8096
37000000	80000000	2577.0256
38000000	80000000	2369.9753
39000000	80000000	2864.3179
40000000	80000000	2753.0317
41000000	80000000	2780.6592
42000000	80000000	2447.045
43000000	80000000	2466.752
44000000	80000000	2062.409
45000000	80000000	2322.8489
46000000	80000000	2552.671
47000000	80000000	3134.2705
48000000	80000000	2876.1143
49000000	80000000	2926.6096
50000000	80000000	2561.2725
51000000	80000000	2564.3975
52000000	80000000	3357.7812
53000000	80000000	3915.7441
54000000	80000000	2856.9026
55000000	80000000	2580.8704
56000000	80000000	2744.9993
57000000	80000000	2747.0735
58000000	80000000	2923.476
59000000	80000000	3989.3962
60000000	80000000	4377.222
61000000	80000000	4334.387
62000000	80000000	4341.1304
63000000	80000000	3759.543
64000000	80000000	3655.915
65000000	80000000	4064.4333
66000000	80000000	4528.627
67000000	80000000	4200.183
68000000	80000000	4744.0493
69000000	80000000	5019.6265
70000000	80000000	5859.6895
71000000	80000000	5858.2886
72000000	80000000	6025.8843
73000000	80000000	7904.215
74000000	80000000	7982.9434
75000000	80000000	8889.599
76000000	80000000	11963.745
77000000	80000000	16217.652
78000000	80000000	30746.75
79000000	80000000	79204.83
80000000	80000000	438752.53
19000000	81000000	1579.6932
20000000	81000000	1434.1682
21000000	81000000	1328.7804
22000000	81000000	1700.4429
23000000	81000000	1992.2631
24000000	81000000	1367.4045
25000000	81000000	1393.9519
26000000	81000000	1646.6829
27000000	81000000	1270.3956
28000000	81000000	1259.1324
29000000	81000000	1623.3086
30000000	81000000	1449.9569
31000000	81000000	1596.8823
32000000	81000000	2129.0044
33000000	81000000	1713.2262
34000000	81000000	1953.0118
35000000	81000000	2248.108
36000000	81000000	2697.8276
37000000	81000000	2704.2952
38000000	81000000	2823.7793
39000000	81000000	2701.848
40000000	81000000	2137.9453
41000000	81000000	1765.9316
42000000	81000000	1572.2488
43000000	81000000	1847.2097
44000000	81000000	1946.7974
45000000	81000000	1756.6606
46000000	81000000	1762.7222
47000000	81000000	2454.0542
48000000	81000000	2564.5215
49000000	81000000	2215.444
50000000	81000000	1794.5096
51000000	81000000	2019.1406
52000000	81000000	2335.1528
53000000	81000000	3481.4111
54000000	81000000	3736.089
55000000	81000000	3624.264
56000000	81000000	3705.2002
57000000	81000000	3838.5178
58000000	81000000	3857.792
59000000	81000000	4460.831
60000000	81000000	3785.6868
61000000	81000000	4755.083
62000000	81000000	4665.802
63000000	81000000	4464.7837
64000000	81000000	4642.0684
65000000	81000000	4817.831
66000000	81000000	5190.593
67000000	81000000	5017.5527
68000000	81000000	5999.4307
69000000	81000000	6045.47
70000000	81000000	6568.5654
71000000	81000000	6775.289
72000000	81000000	6779.6533
73000000	81000000	7336.9053
74000000	81000000	7116.361
75000000	81000000	8346.058
76000000	81000000	9812.854
77000000	81000000	10265.624
78000000	81000000	17245.713
79000000	81000000	26359.225
80000000	81000000	136390.1
81000000	81000000	395196.62
19000000	82000000	1525.074
20000000	82000000	1260.7942
21000000	82000000	1049.9067
22000000	82000000	1556.5096
23000000	82000000	1948.7949
24000000	82000000	1096.0312
25000000	82000000	1166.0945
26000000	82000000	1599.8461
27000000	82000000	1175.896
28000000	82000000	1035.4777
29000000	82000000	1668.01
30000000	82000000	1287.3612
31000000	82000000	1440.9801
32000000	82000000	2071.8503
33000000	82000000	1309.8203
34000000	82000000	1909.3607
35000000	82000000	2455.889
36000000	82000000	3057.8933
37000000	82000000	2788.8418
38000000	82000000	3206.0715
39000000	82000000	2646.2131
40000000	82000000	1939.771
41000000	82000000	1283.8328
42000000	82000000	1109.2975
43000000	82000000	1508.8005
44000000	82000000	2015.233
45000000	82000000	1517.165
46000000	82000000	1445.703
47000000	82000000	2245.2468
48000000	82000000	2584.3787
49000000	82000000	2011.8273
50000000	82000000	1568.9111
51000000	82000000	1899.915
52000000	82000000	2067.5408
53000000	82000000	3491.0928
54000000	82000000	4273.665
55000000	82000000	4165.972
56000000	82000000	4404.4443
57000000	82000000	4650.5947
58000000	82000000	4538.1323
59000000	82000000	3726.914
60000000	82000000	3469.494
61000000	82000000	4522.251
62000000	82000000	4764.2925
63000000	82000000	4757.805
64000000	82000000	5089.1147
65000000	82000000	4743.4478
66000000	82000000	4497.2637
67000000	82000000	4975.685
68000000	82000000	6820.587
69000000	82000000	6710.228
70000000	82000000	6946.0854
71000000	82000000	7089.7285
72000000	82000000	7511.3687
73000000	82000000	7110.1704
74000000	82000000	6874.526
75000000	82000000	8117.0386
76000000	82000000	8584.098
77000000	82000000	8238.146
78000000	82000000	12466.623
79000000	82000000	17114.877
80000000	82000000	28742.23
81000000	82000000	104326.64
82000000	82000000	434632.72
19000000	83000000	1592.7716
20000000	83000000	1052.0322
21000000	83000000	1105.5023
22000000	83000000	1579.6965
23000000	83000000	1904.4645
24000000	83000000	1001.0989
25000000	83000000	1100.6113
26000000	83000000	1659.1125
27000000	83000000	1179.3997
28000000	83000000	954.32
29000000	83000000	1674.3505
30000000	83000000	1252.6907
31000000	83000000	1339.7432
32000000	83000000	1922.5505
33000000	83000000	1155.7114
34000000	83000000	1793.7284
35000000	83000000	2626.5703
36000000	83000000	3086.524
37000000	83000000	2832.6028
38000000	83000000	3468.1243
39000000	83000000	2812.181
40000000	83000000	1984.0734
41000000	83000000	1154.4342
42000000	83000000	1017.01105
43000000	83000000	1488.9974
44000000	83000000	2018.4849
45000000	83000000	1580.0602
46000000	83000000	1483.0052
47000000	83000000	2403.379
48000000	83000000	2540.7502
49000000	83000000	1919.8059
50000000	83000000	1551.5322
51000000	83000000	1720.2233
52000000	83000000	1976.3943
53000000	83000000	3352.0566
54000000	83000000	4690.4355
55000000	83000000	4639.9146
56000000	83000000	4909.6562
57000000	83000000	4951.6606
58000000	83000000	4623.8013
59000000	83000000	3678.8572
60000000	83000000	3504.9067
61000000	83000000	4571.238
62000000	83000000	4747.1797
63000000	83000000	4800.5894
64000000	83000000	5377.3145
65000000	83000000	4689.494
66000000	83000000	4636.014
67000000	83000000	4895.607
68000000	83000000	6468.0044
69000000	83000000	6695.897
70000000	83000000	6809.767
71000000	83000000	7134.991
72000000	83000000	7280.4033
73000000	83000000	6600.73
74000000	83000000	5946.1035
75000000	83000000	7525.416
76000000	83000000	7394.914
77000000	83000000	6584.0986
78000000	83000000	9215.6045
79000000	83000000	11566.796
80000000	83000000	14608.537
81000000	83000000	31888.697
82000000	83000000	80921.266
83000000	83000000	425488.22
19000000	84000000	1559.86
20000000	84000000	1447.8573
21000000	84000000	1247.0568
22000000	84000000	1839.184
23000000	84000000	1985.2926
24000000	84000000	1312.2489
25000000	84000000	1268.7604
26000000	84000000	1610.3561
27000000	84000000	1264.5111
28000000	84000000	1210.5162
29000000	84000000	1759.172
30000000	84000000	1464.2086
31000000	84000000	1516.9686
32000000	84000000	2050.9087
33000000	84000000	1649.7059
34000000	84000000	2112.3105
35000000	84000000	2564.7512
36000000	84000000	2999.899
37000000	84000000	2680.3638
38000000	84000000	3089.1543
39000000	84000000	2642.2974
40000000	84000000	2137.4377
41000000	84000000	1712.7391
42000000	84000000	1493.7396
43000000	84000000	1801.8098
44000000	84000000	2000.3917
45000000	84000000	1733.8529
46000000	84000000	1758.5828
47000000	84000000	2593.3176
48000000	84000000	2602.4783
49000000	84000000	2410.0063
50000000	84000000	1866.849
51000000	84000000	2036.6978
52000000	84000000	2357.036
53000000	84000000	3506.5183
54000000	84000000	4138.1064
55000000	84000000	3993.0461
56000000	84000000	4336.288
57000000	84000000	4532.135
58000000	84000000	4168.1396
59000000	84000000	3681.4001
60000000	84000000	3846.2578
61000000	84000000	4460.046
62000000	84000000	4419.802
63000000	84000000	4420.699
64000000	84000000	4686.1567
65000000	84000000	4315.4507
66000000	84000000	4306.6636
67000000	84000000	4230.998
68000000	84000000	5734.355
69000000	84000000	5625.135
70000000	84000000	5746.227
71000000	84000000	5962.8794
72000000	84000000	5866.7603
73000000	84000000	5893.736
74000000	84000000	5678.087
75000000	84000000	6191.3423
76000000	84000000	6735.7065
77000000	84000000	6321.361
78000000	84000000	7932.389
79000000	84000000	9505.507
80000000	84000000	11554.354
81000000	84000000	19074.25
82000000	84000000	32149.459
83000000	84000000	97013.44
84000000	84000000	449868.47
19000000	85000000	1571.3943
20000000	85000000	1189.5181
21000000	85000000	1072.4215
22000000	85000000	1537.6586
23000000	85000000	1903.9435
24000000	85000000	1120.9004
25000000	85000000	1132.7501
26000000	85000000	1669.9124
27000000	85000000	1215.2448
28000000	85000000	1042.4598
29000000	85000000	1772.4773
30000000	85000000	1339.3894
31000000	85000000	1430.9376
32000000	85000000	2012.4679
33000000	85000000	1212.2128
34000000	85000000	1861.8884
35000000	85000000	2536.3992
36000000	85000000	3068.399
37000000	85000000	2754.9197
38000000	85000000	3185.754
39000000	85000000	2750.7275
40000000	85000000	2067.715
41000000	85000000	1295.8884
42000000	85000000	1136.6571
43000000	85000000	1580.1624
44000000	85000000	2080.3127
45000000	85000000	1640.5729
46000000	85000000	1514.3701
47000000	85000000	2310.3704
48000000	85000000	2826.9785
49000000	85000000	2045.663
50000000	85000000	1638.1343
51000000	85000000	1966.3746
52000000	85000000	2094.8276
53000000	85000000	3518.164
54000000	85000000	4487.8794
55000000	85000000	4677.104
56000000	85000000	4786.6094
57000000	85000000	4984.4893
58000000	85000000	4419.527
59000000	85000000	3785.9802
60000000	85000000	3628.6714
61000000	85000000	4439.548
62000000	85000000	4597.2803
63000000	85000000	4727.4136
64000000	85000000	5092.499
65000000	85000000	4701.0166
66000000	85000000	4333.4805
67000000	85000000	4539.7944
68000000	85000000	6104.7544
69000000	85000000	5859.1797
70000000	85000000	6139.0283
71000000	85000000	5922.0684
72000000	85000000	5958.6274
73000000	85000000	5623.1665
74000000	85000000	5274.16
75000000	85000000	6028.172
76000000	85000000	5872.494
77000000	85000000	5242.014
78000000	85000000	6783.267
79000000	85000000	7610.287
80000000	85000000	8965.06
81000000	85000000	15089.978
82000000	85000000	22879.447
83000000	85000000	47482.703
84000000	85000000	92295.016
85000000	85000000	381468.44
19000000	86000000	1509.039
20000000	86000000	1101.8743
21000000	86000000	1043.82
22000000	86000000	1481.6754
23000000	86000000	1866.7069
24000000	86000000	1029.3628
25000000	86000000	1143.5474
26000000	86000000	1585.0309
27000000	86000000	1169.5546
28000000	86000000	1043.5286
29000000	86000000	1701.5514
30000000	86000000	1230.5913
31000000	86000000	1378.7106
32000000	86000000	1860.9785
33000000	86000000	1176.7943
34000000	86000000	1877.4209
35000000	86000000	2354.356
36000000	86000000	2972.3708
37000000	86000000	2800.7434
38000000	86000000	3095.072
39000000	86000000	2723.9844
40000000	86000000	1843.5948
41000000	86000000	1234.449
42000000	86000000	1050.0039
43000000	86000000	1441.8937
44000000	86000000	2016.672
45000000	86000000	1584.7592
46000000	86000000	1485.6628
47000000	86000000	2316.464
48000000	86000000	2598.5728
49000000	86000000	1984.2971
50000000	86000000	1623.5553
51000000	86000000	1846.283
52000000	86000000	2146.5354
53000000	86000000	3490.058
54000000	86000000	4738.992
55000000	86000000	4622.3945
56000000	86000000	5111.127
57000000	86000000	5206.672
58000000	86000000	4700.2974
59000000	86000000	3757.02
60000000	86000000	3366.6929
61000000	86000000	4550.513
62000000	86000000	4610.3467
63000000	86000000	4650.3643
64000000	86000000	4995.134
65000000	86000000	4855.3237
66000000	86000000	4310.427
67000000	86000000	4795.2036
68000000	86000000	6172.874
69000000	86000000	5959.8916
70000000	86000000	5889.316
71000000	86000000	5596.407
72000000	86000000	5969.3276
73000000	86000000	5194.212
74000000	86000000	4795.7983
75000000	86000000	5605.148
76000000	86000000	5327.278
77000000	86000000	4804.5386
78000000	86000000	5893.3105
79000000	86000000	6569.1914
80000000	86000000	7367.0327
81000000	86000000	11714.35
82000000	86000000	16200.687
83000000	86000000	23562.566
84000000	86000000	27685.656
85000000	86000000	122788.69
86000000	86000000	407609.8
19000000	87000000	1422.3806
20000000	87000000	952.6226
21000000	87000000	975.3201
22000000	87000000	1431.8704
23000000	87000000	1858.0311
24000000	87000000	996.4817
25000000	87000000	1044.9683
26000000	87000000	1577.3518
27000000	87000000	1199.7449
28000000	87000000	964.23663
29000000	87000000	1635.3055
30000000	87000000	1204.8228
31000000	87000000	1323.0631
32000000	87000000	1838.5399
33000000	87000000	1128.3904
34000000	87000000	1752.8945
35000000	87000000	2422.9688
36000000	87000000	2922.5215
37000000	87000000	2692.2605
38000000	87000000	2982.5684
39000000	87000000	2639.4185
40000000	87000000	1937.2745
41000000	87000000	1186.0142
42000000	87000000	1013.26404
43000000	87000000	1444.3994
44000000	87000000	2014.0243
45000000	87000000	1544.973
46000000	87000000	1494.4303
47000000	87000000	2289.5088
48000000	87000000	2626.1797
49000000	87000000	1874.8684
50000000	87000000	1565.9032
51000000	87000000	1855.45
52000000	87000000	2081.0015
53000000	87000000	3471.81
54000000	87000000	4683.344
55000000	87000000	4752.849
56000000	87000000	5022.2603
57000000	87000000	5226.4673
58000000	87000000	4724.349
59000000	87000000	3650.5747
60000000	87000000	3383.8499
61000000	87000000	4449.9727
62000000	87000000	4801.941
63000000	87000000	4841.9272
64000000	87000000	5156.242
65000000	87000000	4747.0312
66000000	87000000	4390.4346
67000000	87000000	4608.254
68000000	87000000	6394.7705
69000000	87000000	5755.2617
70000000	87000000	5694.369
71000000	87000000	5531.091
72000000	87000000	5599.5483
73000000	87000000	5064.008
74000000	87000000	4581.79
75000000	87000000	5191.7104
76000000	87000000	4875.718
77000000	87000000	4305.0073
78000000	87000000	5048.066
79000000	87000000	5785.4634
80000000	87000000	5781.9937
81000000	87000000	8326.118
82000000	87000000	10835.825
83000000	87000000	13995.754
84000000	87000000	14492.95
85000000	87000000	30290.123
86000000	87000000	80875.984
87000000	87000000	416647.25
19000000	88000000	1289.9141
20000000	88000000	905.0333
21000000	88000000	963.2684
22000000	88000000	1296.926
23000000	88000000	1713.1415
24000000	88000000	920.51556
25000000	88000000	1069.7549
26000000	88000000	1422.8107
27000000	88000000	1061.1957
28000000	88000000	957.8168
29000000	88000000	1608.8622
30000000	88000000	1187.7806
31000000	88000000	1299.7742
32000000	88000000	1697.3633
33000000	88000000	1172.7634
34000000	88000000	1695.1799
35000000	88000000	2146.701
36000000	88000000	2640.1394
37000000	88000000	2492.6313
38000000	88000000	2723.3315
39000000	88000000	2473.12
40000000	88000000	1787.7313
41000000	88000000	1253.9896
42000000	88000000	1071.5509
43000000	88000000	1408.2843
44000000	88000000	1858.4026
45000000	88000000	1442.7922
46000000	88000000	1377.3615
47000000	88000000	2148.3853
48000000	88000000	2427.9724
49000000	88000000	1959.658
50000000	88000000	1572.4419
51000000	88000000	1809.4847
52000000	88000000	1971.195
53000000	88000000	3289.9607
54000000	88000000	4220.8857
55000000	88000000	4288.575
56000000	88000000	4179.686
57000000	88000000	4563.5845
58000000	88000000	4245.7695
59000000	88000000	3650.494
60000000	88000000	3144.084
61000000	88000000	4056.8044
62000000	88000000	4225.775
63000000	88000000	4359.152
64000000	88000000	4813.689
65000000	88000000	4447.2197
66000000	88000000	3840.7727
67000000	88000000	4239.776
68000000	88000000	5561.573
69000000	88000000	5186.865
70000000	88000000	5065.663
71000000	88000000	4726.622
72000000	88000000	4906.057
73000000	88000000	4605.538
74000000	88000000	4064.45
75000000	88000000	4420.3403
76000000	88000000	4424.1587
77000000	88000000	3953.1182
78000000	88000000	4569.132
79000000	88000000	4907.6533
80000000	88000000	5246.232
81000000	88000000	6865.0215
82000000	88000000	8344.383
83000000	88000000	10011.597
84000000	88000000	10239.553
85000000	88000000	17281.725
86000000	88000000	28537.445
87000000	88000000	93567.88
88000000	88000000	405159.72
19000000	89000000	1285.111
20000000	89000000	1034.9686
21000000	89000000	1063.6414
22000000	89000000	1423.7926
23000000	89000000	1609.9929
24000000	89000000	958.8712
25000000	89000000	1025.8257
26000000	89000000	1369.3099
27000000	89000000	1069.7012
28000000	89000000	959.6114
29000000	89000000	1519.6915
30000000	89000000	1227.1069
31000000	89000000	1251.2028
32000000	89000000	1631.757
33000000	89000000	1385.0809
34000000	89000000	1794.4688
35000000	89000000	2135.098
36000000	89000000	2485.9546
37000000	89000000	2198.4912
38000000	89000000	2546.757
39000000	89000000	2205.705
40000000	89000000	1777.3978
41000000	89000000	1490.326
42000000	89000000	1253.515
43000000	89000000	1492.9926
44000000	89000000	1620.2924
45000000	89000000	1412.4343
46000000	89000000	1549.0935
47000000	89000000	2175.0728
48000000	89000000	2387.1628
49000000	89000000	1956.7458
50000000	89000000	1527.4554
51000000	89000000	1726.1301
52000000	89000000	1994.4819
53000000	89000000	3122.4705
54000000	89000000	3903.0735
55000000	89000000	4244.9297
56000000	89000000	4234.7803
57000000	89000000	4307.375
58000000	89000000	4158.081
59000000	89000000	3854.5786
60000000	89000000	3206.9414
61000000	89000000	4119.729
62000000	89000000	4110.3755
63000000	89000000	3919.1072
64000000	89000000	4240.307
65000000	89000000	4371.237
66000000	89000000	3922.9924
67000000	89000000	3941.4216
68000000	89000000	4978.3706
69000000	89000000	4562.2686
70000000	89000000	4761.8667
71000000	89000000	4330.3066
72000000	89000000	4373.086
73000000	89000000	4155.408
74000000	89000000	3747.6646
75000000	89000000	4074.81
76000000	89000000	4270.6733
77000000	89000000	3710.2341
78000000	89000000	4388.0283
79000000	89000000	4526.715
80000000	89000000	5075.2534
81000000	89000000	6620.1035
82000000	89000000	7010.282
83000000	89000000	7998.0806
84000000	89000000	8075.2363
85000000	89000000	12166.656
86000000	89000000	17937.041
87000000	89000000	37765.87
88000000	89000000	113241.65
89000000	89000000	435993.94
19000000	90000000	1279.9674
20000000	90000000	921.7131
21000000	90000000	929.47675
22000000	90000000	1259.4165
23000000	90000000	1671.7151
24000000	90000000	913.9529
25000000	90000000	1066.8033
26000000	90000000	1387.966
27000000	90000000	1058.6307
28000000	90000000	896.88727
29000000	90000000	1449.9634
30000000	90000000	1198.2968
31000000	90000000	1266.0975
32000000	90000000	1698.264
33000000	90000000	1093.7373
34000000	90000000	1591.2302
35000000	90000000	2155.7585
36000000	90000000	2517.6511
37000000	90000000	2471.656
38000000	90000000	2818.683
39000000	90000000	2381.4111
40000000	90000000	1740.1935
41000000	90000000	1206.4642
42000000	90000000	1012.30225
43000000	90000000	1416.1569
44000000	90000000	1761.5598
45000000	90000000	1335.172
46000000	90000000	1407.4984
47000000	90000000	2109.6592
48000000	90000000	2463.3335
49000000	90000000	1822.3613
50000000	90000000	1496.496
51000000	90000000	1723.4672
52000000	90000000	1917.6082
53000000	90000000	3190.187
54000000	90000000	4017.6533
55000000	90000000	4285.064
56000000	90000000	4355.3677
57000000	90000000	4375.9546
58000000	90000000	3929.896
59000000	90000000	3253.2432
60000000	90000000	3052.3435
61000000	90000000	4010.1743
62000000	90000000	4269.612
63000000	90000000	4074.1328
64000000	90000000	4467.6025
65000000	90000000	3984.6714
66000000	90000000	3803.9937
67000000	90000000	4051.4883
68000000	90000000	5301.3154
69000000	90000000	4991.0137
70000000	90000000	5077.0283
71000000	90000000	4755.708
72000000	90000000	5037.9795
73000000	90000000	4415.259
74000000	90000000	3928.3474
75000000	90000000	4427.639
76000000	90000000	4087.3518
77000000	90000000	3605.5898
78000000	90000000	4102.1313
79000000	90000000	4561.838
80000000	90000000	4409.8086
81000000	90000000	6120.225
82000000	90000000	7157.0044
83000000	90000000	8358.728
84000000	90000000	8115.61
85000000	90000000	12362.804
86000000	90000000	16581.285
87000000	90000000	30678.459
88000000	90000000	50985.062
89000000	90000000	92013.38
90000000	90000000	421243.53
19000000	91000000	1183.5146
20000000	91000000	1312.5194
21000000	91000000	1267.7949
22000000	91000000	1485.5919
23000000	91000000	1811.2175
24000000	91000000	1249.2014
25000000	91000000	1391.4706
26000000	91000000	1661.0947
27000000	91000000	1356.4568
28000000	91000000	1298.2694
29000000	91000000	1639.9384
30000000	91000000	1577.9298
31000000	91000000	1723.8795
32000000	91000000	2225.4314
33000000	91000000	1502.2457
34000000	91000000	1871.6863
35000000	91000000	2201.1863
36000000	91000000	2688.21
37000000	91000000	2636.8557
38000000	91000000	2723.2153
39000000	91000000	2797.901
40000000	91000000	2212.194
41000000	91000000	1569.6449
42000000	91000000	1349.0966
43000000	91000000	1839.6702
44000000	91000000	2137.0317
45000000	91000000	1857.9646
46000000	91000000	1842.9081
47000000	91000000	2668.9646
48000000	91000000	2686.5664
49000000	91000000	2268.4873
50000000	91000000	1939.2236
51000000	91000000	2210.8657
52000000	91000000	2627.0212
53000000	91000000	3923.9856
54000000	91000000	3440.9214
55000000	91000000	3329.9539
56000000	91000000	3433.3782
57000000	91000000	3528.2388
58000000	91000000	3448.1309
59000000	91000000	3447.6038
60000000	91000000	3865.202
61000000	91000000	4482.2646
62000000	91000000	4523.726
63000000	91000000	4072.1885
64000000	91000000	4193.503
65000000	91000000	3782.8853
66000000	91000000	3715.8066
67000000	91000000	4179.178
68000000	91000000	4923.432
69000000	91000000	4839.0913
70000000	91000000	4979.845
71000000	91000000	4782.8413
72000000	91000000	5056.2188
73000000	91000000	5143.9697
74000000	91000000	4589.792
75000000	91000000	4966.525
76000000	91000000	5046.69
77000000	91000000	4501.876
78000000	91000000	5066.3315
79000000	91000000	5486.496
80000000	91000000	5676.7275
81000000	91000000	6080.233
82000000	91000000	6619.7954
83000000	91000000	7085.713
84000000	91000000	7555.1245
85000000	91000000	10970.657
86000000	91000000	14272.108
87000000	91000000	23927.582
88000000	91000000	32456.39
89000000	91000000	42325.145
90000000	91000000	102859.03
91000000	91000000	389106.78
19000000	92000000	1068.3229
20000000	92000000	1475.1514
21000000	92000000	1336.7122
22000000	92000000	1496.775
23000000	92000000	1600.6475
24000000	92000000	1370.1901
25000000	92000000	1455.9198
26000000	92000000	1647.9117
27000000	92000000	1337.4382
28000000	92000000	1246.9712
29000000	92000000	1581.6201
30000000	92000000	1609.7
31000000	92000000	1708.0015
32000000	92000000	2097.0374
33000000	92000000	1654.7578
34000000	92000000	1874.0608
35000000	92000000	2181.6582
36000000	92000000	2484.8838
37000000	92000000	2584.0852
38000000	92000000	2623.0676
39000000	92000000	2763.9739
40000000	92000000	2166.6804
41000000	92000000	1800.9124
42000000	92000000	1646.5294
43000000	92000000	1838.7859
44000000	92000000	2126.0066
45000000	92000000	1938.0847
46000000	92000000	1791.8447
47000000	92000000	2662.32
48000000	92000000	2648.6736
49000000	92000000	2372.815
50000000	92000000	2006.737
51000000	92000000	2119.3503
52000000	92000000	2838.059
53000000	92000000	3861.7402
54000000	92000000	3382.073
55000000	92000000	3176.2666
56000000	92000000	3276.8364
57000000	92000000	3362.0356
58000000	92000000	3350.4883
59000000	92000000	3181.412
60000000	92000000	4182.3896
61000000	92000000	4233.25
62000000	92000000	4743.2114
63000000	92000000	4297.2603
64000000	92000000	4141.5254
65000000	92000000	3883.5579
66000000	92000000	4108.628
67000000	92000000	4497.7974
68000000	92000000	4610.539
69000000	92000000	4854.3315
70000000	92000000	5087.368
71000000	92000000	5175.5557
72000000	92000000	5265.4155
73000000	92000000	5298.102
74000000	92000000	4872.826
75000000	92000000	4933.5537
76000000	92000000	5073.809
77000000	92000000	4576.8
78000000	92000000	4630.312
79000000	92000000	5140.0913
80000000	92000000	5076.334
81000000	92000000	5644.049
82000000	92000000	6210.9844
83000000	92000000	6711.078
84000000	92000000	6638.3843
85000000	92000000	8034.5747
86000000	92000000	9319.628
87000000	92000000	12722.876
88000000	92000000	14520.072
89000000	92000000	16008.905
90000000	92000000	24038.498
91000000	92000000	84529.0
92000000	92000000	413138.9
19000000	93000000	1351.1051
20000000	93000000	814.7568
21000000	93000000	776.6765
22000000	93000000	1184.9564
23000000	93000000	1531.668
24000000	93000000	822.7988
25000000	93000000	857.70056
26000000	93000000	1442.8958
27000000	93000000	936.1595
28000000	93000000	747.70483
29000000	93000000	1443.1459
30000000	93000000	1050.2722
31000000	93000000	1164.3368
32000000	93000000	1497.0237
33000000	93000000	889.09235
34000000	93000000	1572.4475
35000000	93000000	2242.7048
36000000	93000000	2647.3896
37000000	93000000	2429.4019
38000000	93000000	2915.916
39000000	93000000	2099.4646
40000000	93000000	1499.8566
41000000	93000000	871.3143
42000000	93000000	775.44476
43000000	93000000	1121.7461
44000000	93000000	1636.8014
45000000	93000000	1165.5709
46000000	93000000	1033.6473
47000000	93000000	1682.2594
48000000	93000000	2002.6017
49000000	93000000	1342.1158
50000000	93000000	1073.6284
51000000	93000000	1417.3777
52000000	93000000	1562.8369
53000000	93000000	3401.2664
54000000	93000000	4469.518
55000000	93000000	4512.652
56000000	93000000	4626.073
57000000	93000000	4735.054
58000000	93000000	4213.7227
59000000	93000000	3336.3816
60000000	93000000	2866.615
61000000	93000000	3925.453
62000000	93000000	3936.9988
63000000	93000000	3877.2
64000000	93000000	4430.958
65000000	93000000	4036.1895
66000000	93000000	3613.4084
67000000	93000000	3875.58
68000000	93000000	5202.9883
69000000	93000000	4944.06
70000000	93000000	4723.595
71000000	93000000	4690.411
72000000	93000000	4940.676
73000000	93000000	4081.279
74000000	93000000	3692.337
75000000	93000000	4173.039
76000000	93000000	3551.8645
77000000	93000000	3025.3909
78000000	93000000	3337.3218
79000000	93000000	3692.0134
80000000	93000000	3674.612
81000000	93000000	5080.7104
82000000	93000000	6010.4795
83000000	93000000	6695.4077
84000000	93000000	5930.089
85000000	93000000	7521.3413
86000000	93000000	8380.087
87000000	93000000	10443.713
88000000	93000000	11033.915
89000000	93000000	11475.258
90000000	93000000	15766.019
91000000	93000000	20353.225
92000000	93000000	76598.24
93000000	93000000	438442.06
19000000	94000000	1054.6604
20000000	94000000	950.59894
21000000	94000000	862.8093
22000000	94000000	1181.8817
23000000	94000000	1372.3242
24000000	94000000	917.0444
25000000	94000000	1124.1371
26000000	94000000	1544.1914
27000000	94000000	1180.3005
28000000	94000000	913.20105
29000000	94000000	1574.98
30000000	94000000	1227.1714
31000000	94000000	1332.4144
32000000	94000000	1673.0984
33000000	94000000	992.22144
34000000	94000000	1498.2998
35000000	94000000	1914.1808
36000000	94000000	2457.9395
37000000	94000000	2518.7097
38000000	94000000	2591.165
39000000	94000000	2422.166
40000000	94000000	1704.0276
41000000	94000000	1033.0585
42000000	94000000	857.26056
43000000	94000000	1302.3784
44000000	94000000	1933.5024
45000000	94000000	1506.1742
46000000	94000000	1308.401
47000000	94000000	1893.1475
48000000	94000000	2143.768
49000000	94000000	1633.041
50000000	94000000	1377.7179
51000000	94000000	1738.8026
52000000	94000000	1958.7059
53000000	94000000	3664.622
54000000	94000000	3541.387
55000000	94000000	3365.9463
56000000	94000000	3389.567
57000000	94000000	3363.3013
58000000	94000000	3150.934
59000000	94000000	2868.384
60000000	94000000	3273.634
61000000	94000000	3715.4143
62000000	94000000	3645.243
63000000	94000000	3810.8596
64000000	94000000	3858.6438
65000000	94000000	3229.5957
66000000	94000000	3245.6646
67000000	94000000	3652.6829
68000000	94000000	4623.0947
69000000	94000000	4542.9634
70000000	94000000	4604.2505
71000000	94000000	4724.0625
72000000	94000000	5072.8047
73000000	94000000	4787.5044
74000000	94000000	4056.56
75000000	94000000	4513.2935
76000000	94000000	3806.7195
77000000	94000000	3403.9468
78000000	94000000	3601.0508
79000000	94000000	3962.9082
80000000	94000000	4024.1562
81000000	94000000	4813.9673
82000000	94000000	5506.973
83000000	94000000	5931.2046
84000000	94000000	5348.2485
85000000	94000000	6412.016
86000000	94000000	7232.8184
87000000	94000000	8522.671
88000000	94000000	8939.472
89000000	94000000	8666.259
90000000	94000000	11938.6
91000000	94000000	17311.156
92000000	94000000	46953.234
93000000	94000000	122242.71
94000000	94000000	425571.53
19000000	95000000	838.8634
20000000	95000000	1886.556
21000000	95000000	1815.477
22000000	95000000	1502.5468
23000000	95000000	1512.8026
24000000	95000000	1943.5283
25000000	95000000	2135.8933
26000000	95000000	1838.2399
27000000	95000000	1711.5525
28000000	95000000	1769.1313
29000000	95000000	1655.271
30000000	95000000	2040.5808
31000000	95000000	2255.097
32000000	95000000	2261.1194
33000000	95000000	2063.3623
34000000	95000000	1763.0538
35000000	95000000	1576.634
36000000	95000000	1923.6566
37000000	95000000	2332.677
38000000	95000000	1765.8921
39000000	95000000	2516.6846
40000000	95000000	2503.8958
41000000	95000000	2633.468
42000000	95000000	2298.1726
43000000	95000000	2303.5037
44000000	95000000	2283.413
45000000	95000000	2729.0588
46000000	95000000	2601.7322
47000000	95000000	2870.8904
48000000	95000000	2706.3853
49000000	95000000	3005.1096
50000000	95000000	2763.4155
51000000	95000000	2719.8274
52000000	95000000	3725.2588
53000000	95000000	4165.637
54000000	95000000	2410.5664
55000000	95000000	2132.337
56000000	95000000	2175.7222
57000000	95000000	2006.7383
58000000	95000000	2010.3066
59000000	95000000	2505.147
60000000	95000000	4142.3574
61000000	95000000	3410.1235
62000000	95000000	3308.5354
63000000	95000000	3172.2175
64000000	95000000	2899.6274
65000000	95000000	2856.3562
66000000	95000000	2970.9333
67000000	95000000	3390.3955
68000000	95000000	3416.4958
69000000	95000000	3535.0708
70000000	95000000	4037.9255
71000000	95000000	4014.5728
72000000	95000000	4080.0298
73000000	95000000	5263.4443
74000000	95000000	4673.2803
75000000	95000000	4185.011
76000000	95000000	4827.687
77000000	95000000	4794.742
78000000	95000000	4237.087
79000000	95000000	4716.9053
80000000	95000000	4698.6616
81000000	95000000	4052.7305
82000000	95000000	4053.896
83000000	95000000	4069.6218
84000000	95000000	4755.8975
85000000	95000000	5149.0083
86000000	95000000	5250.472
87000000	95000000	6159.401
88000000	95000000	6458.3936
89000000	95000000	6837.4136
90000000	95000000	8202.81
91000000	95000000	14055.296
92000000	95000000	28934.098
93000000	95000000	36463.023
94000000	95000000	79078.1
95000000	95000000	404949.56
19000000	96000000	926.9793
20000000	96000000	1886.2634
21000000	96000000	1711.3145
22000000	96000000	1527.7878
23000000	96000000	1542.3586
24000000	96000000	1847.5482
25000000	96000000	2023.0789
26000000	96000000	1752.0272
27000000	96000000	1628.4266
28000000	96000000	1703.696
29000000	96000000	1705.7416
30000000	96000000	1890.9664
31000000	96000000	2037.5951
32000000	96000000	2177.6047
33000000	96000000	1999.5251
34000000	96000000	1834.6642
35000000	96000000	1512.4172
36000000	96000000	1853.2495
37000000	96000000	2202.7314
38000000	96000000	1857.592
39000000	96000000	2491.725
40000000	96000000	2383.3645
41000000	96000000	2423.7888
42000000	96000000	2287.5881
43000000	96000000	2251.2095
44000000	96000000	2095.4355
45000000	96000000	2448.7168
46000000	96000000	2472.5947
47000000	96000000	2642.1584
48000000	96000000	2659.9116
49000000	96000000	2872.825
50000000	96000000	2543.1716
51000000	96000000	2602.8582
52000000	96000000	3485.1902
53000000	96000000	3842.0442
54000000	96000000	2443.123
55000000	96000000	2300.028
56000000	96000000	2334.6401
57000000	96000000	2214.3945
58000000	96000000	2254.4238
59000000	96000000	2867.3164
60000000	96000000	4279.555
61000000	96000000	3596.7444
62000000	96000000	3623.4502
63000000	96000000	3309.7256
64000000	96000000	2943.3347
65000000	96000000	3103.044
66000000	96000000	3267.4492
67000000	96000000	3494.1917
68000000	96000000	3622.6973
69000000	96000000	3667.509
70000000	96000000	4162.8345
71000000	96000000	4017.9077
72000000	96000000	3998.4631
73000000	96000000	5172.7803
74000000	96000000	4542.506
75000000	96000000	4134.5635
76000000	96000000	4733.287
77000000	96000000	4507.102
78000000	96000000	4173.592
79000000	96000000	4562.2227
80000000	96000000	4838.2397
81000000	96000000	4342.881
82000000	96000000	4398.1475
83000000	96000000	4495.9746
84000000	96000000	5128.3965
85000000	96000000	5362.153
86000000	96000000	5499.5815
87000000	96000000	6125.886
88000000	96000000	6362.938
89000000	96000000	6962.2236
90000000	96000000	7616.3003
91000000	96000000	11426.849
92000000	96000000	17729.992
93000000	96000000	18239.555
94000000	96000000	27778.062
95000000	96000000	133126.19
96000000	96000000	412300.34
19000000	97000000	1253.5073
20000000	97000000	1330.4458
21000000	97000000	1181.0201
22000000	97000000	1428.0599
23000000	97000000	1627.1764
24000000	97000000	1263.4803
25000000	97000000	1499.2693
26000000	97000000	1997.9382
27000000	97000000	1552.3993
28000000	97000000	1199.5352
29000000	97000000	1804.5764
30000000	97000000	1581.1979
31000000	97000000	1722.4257
32000000	97000000	1924.5358
33000000	97000000	1339.7294
34000000	97000000	1645.2513
35000000	97000000	1896.0763
36000000	97000000	2480.3706
37000000	97000000	2539.5964
38000000	97000000	2478.6287
39000000	97000000	2479.4722
40000000	97000000	1945.7297
41000000	97000000	1413.2084
42000000	97000000	1265.0016
43000000	97000000	1697.4347
44000000	97000000	2200.9993
45000000	97000000	1876.2844
46000000	97000000	1731.9594
47000000	97000000	2377.5303
48000000	97000000	2422.5613
49000000	97000000	1985.886
50000000	97000000	1711.8549
51000000	97000000	1965.6927
52000000	97000000	2545.3286
53000000	97000000	4312.1357
54000000	97000000	3686.6243
55000000	97000000	3476.721
56000000	97000000	3402.3806
57000000	97000000	3493.9666
58000000	97000000	3222.6978
59000000	97000000	3077.3782
60000000	97000000	3583.9873
61000000	97000000	3917.33
62000000	97000000	3687.6687
63000000	97000000	3614.8904
64000000	97000000	3714.1624
65000000	97000000	3291.0706
66000000	97000000	3521.7554
67000000	97000000	3781.5242
68000000	97000000	4545.4487
69000000	97000000	4393.9824
70000000	97000000	4531.5547
71000000	97000000	4444.3545
72000000	97000000	4952.1274
73000000	97000000	4909.232
74000000	97000000	4331.2866
75000000	97000000	4631.383
76000000	97000000	4277.8735
77000000	97000000	3841.8955
78000000	97000000	3924.6238
79000000	97000000	4249.0444
80000000	97000000	4419.1567
81000000	97000000	4965.2896
82000000	97000000	5452.3125
83000000	97000000	5637.2334
84000000	97000000	5558.481
85000000	97000000	6553.6064
86000000	97000000	6800.678
87000000	97000000	7640.791
88000000	97000000	7489.5615
89000000	97000000	7195.884
90000000	97000000	8886.812
91000000	97000000	10961.108
92000000	97000000	14639.532
93000000	97000000	19181.693
94000000	97000000	22637.455
95000000	97000000	27063.37
96000000	97000000	81565.62
97000000	97000000	407614.03
19000000	98000000	1014.231
20000000	98000000	1752.5786
21000000	98000000	1617.7056
22000000	98000000	1447.3876
23000000	98000000	1475.6627
24000000	98000000	1788.7993
25000000	98000000	2113.886
26000000	98000000	2127.931
27000000	98000000	1880.7802
28000000	98000000	1675.9257
29000000	98000000	1768.3134
30000000	98000000	2055.153
31000000	98000000	2203.4282
32000000	98000000	2213.9424
33000000	98000000	1655.8625
34000000	98000000	1636.4182
35000000	98000000	1541.615
36000000	98000000	1843.6453
37000000	98000000	2115.426
38000000	98000000	1743.3733
39000000	98000000	2302.0103
40000000	98000000	2461.3245
41000000	98000000	2186.1694
42000000	98000000	2126.6858
43000000	98000000	2265.8833
44000000	98000000	2644.857
45000000	98000000	2580.706
46000000	98000000	2724.0605
47000000	98000000	2734.5
48000000	98000000	2714.196
49000000	98000000	2710.6057
50000000	98000000	2594.0461
51000000	98000000	2966.5205
52000000	98000000	3472.877
53000000	98000000	4334.9956
54000000	98000000	2652.7566
55000000	98000000	2333.055
56000000	98000000	2423.5435
57000000	98000000	2264.265
58000000	98000000	2215.7158
59000000	98000000	2526.2915
60000000	98000000	3744.309
61000000	98000000	3330.6885
62000000	98000000	2903.2964
63000000	98000000	2857.7231
64000000	98000000	2801.681
65000000	98000000	2696.8264
66000000	98000000	2885.2332
67000000	98000000	3031.3416
68000000	98000000	3220.7466
69000000	98000000	3466.5037
70000000	98000000	3652.147
71000000	98000000	3603.096
72000000	98000000	3689.8
73000000	98000000	4814.185
74000000	98000000	4246.871
75000000	98000000	4034.2214
76000000	98000000	4170.588
77000000	98000000	4200.9473
78000000	98000000	4080.4783
79000000	98000000	4213.9497
80000000	98000000	4449.873
81000000	98000000	3911.6616
82000000	98000000	4184.9976
83000000	98000000	4319.458
84000000	98000000	4555.278
85000000	98000000	4981.783
86000000	98000000	5162.0234
87000000	98000000	5418.3403
88000000	98000000	5566.1997
89000000	98000000	5785.875
90000000	98000000	6322.7266
91000000	98000000	8428.095
92000000	98000000	10078.93
93000000	98000000	10109.683
94000000	98000000	12459.495
95000000	98000000	18896.902
96000000	98000000	29317.777
97000000	98000000	102017.28
98000000	98000000	402478.28
19000000	99000000	614.51935
20000000	99000000	1934.1141
21000000	99000000	1910.0334
22000000	99000000	1259.557
23000000	99000000	1216.1893
24000000	99000000	2498.8845
25000000	99000000	2618.606
26000000	99000000	1838.693
27000000	99000000	2008.5557
28000000	99000000	2121.7722
29000000	99000000	1703.3914
30000000	99000000	2423.1807
31000000	99000000	2619.7268
32000000	99000000	2040.3258
33000000	99000000	2063.4114
34000000	99000000	1497.6876
35000000	99000000	964.7065
36000000	99000000	1336.9937
37000000	99000000	1623.3303
38000000	99000000	1208.2108
39000000	99000000	1976.0272
40000000	99000000	2826.503
41000000	99000000	3247.7285
42000000	99000000	3002.8486
43000000	99000000	2745.241
44000000	99000000	2635.3804
45000000	99000000	3192.298
46000000	99000000	3612.4517
47000000	99000000	3007.5784
48000000	99000000	2697.9329
49000000	99000000	3193.9224
50000000	99000000	3425.339
51000000	99000000	3387.4358
52000000	99000000	4168.3315
53000000	99000000	3483.3442
54000000	99000000	1515.0223
55000000	99000000	1353.406
56000000	99000000	1287.4369
57000000	99000000	1230.5981
58000000	99000000	1258.1432
59000000	99000000	1776.0773
60000000	99000000	3260.9722
61000000	99000000	2301.7114
62000000	99000000	2307.3772
63000000	99000000	2141.3076
64000000	99000000	2023.9049
65000000	99000000	1908.1438
66000000	99000000	2248.5146
67000000	99000000	2340.4412
68000000	99000000	2335.7305
69000000	99000000	2392.268
70000000	99000000	2772.669
71000000	99000000	2728.127
72000000	99000000	2685.6658
73000000	99000000	4004.2202
74000000	99000000	3956.4175
75000000	99000000	3316.187
76000000	99000000	4006.7502
77000000	99000000	4411.509
78000000	99000000	3860.4517
79000000	99000000	3921.954
80000000	99000000	4050.7725
81000000	99000000	2991.2368
82000000	99000000	2781.821
83000000	99000000	2920.5388
84000000	99000000	3406.7307
85000000	99000000	3300.659
86000000	99000000	3384.1038
87000000	99000000	3699.336
88000000	99000000	3778.4778
89000000	99000000	3921.7585
90000000	99000000	4169.926
91000000	99000000	6307.634
92000000	99000000	7046.9155
93000000	99000000	5440.5806
94000000	99000000	7356.754
95000000	99000000	14025.599
96000000	99000000	16711.297
97000000	99000000	26899.873
98000000	99000000	120831.836
99000000	99000000	442719.97
19000000	100000000	641.6198
20000000	100000000	1859.5662
21000000	100000000	1880.601
22000000	100000000	1280.979
23000000	100000000	1218.1218
24000000	100000000	2172.997
25000000	100000000	2287.3784
26000000	100000000	1636.0577
27000000	100000000	1743.469
28000000	100000000	1914.8496
29000000	100000000	1586.8699
30000000	100000000	2110.801
31000000	100000000	2284.9163
32000000	100000000	1947.1766
33000000	100000000	2035.7079
34000000	100000000	1429.7441
35000000	100000000	1057.9055
36000000	100000000	1336.2374
37000000	100000000	1544.223
38000000	100000000	1167.6036
39000000	100000000	1893.6696
40000000	100000000	2520.5579
41000000	100000000	2939.3513
42000000	100000000	2754.5815
43000000	100000000	2551.0154
44000000	100000000	2326.8652
45000000	100000000	2912.17
46000000	100000000	3174.2788
47000000	100000000	2740.3813
48000000	100000000	2627.7642
49000000	100000000	3036.0334
50000000	100000000	3042.5579
51000000	100000000	3041.308
52000000	100000000	3801.353
53000000	100000000	3295.1655
54000000	100000000	1616.755
55000000	100000000	1469.2996
56000000	100000000	1436.0966
57000000	100000000	1374.6837
58000000	100000000	1453.2207
59000000	100000000	1886.626
60000000	100000000	3352.3516
61000000	100000000	2493.4382
62000000	100000000	2384.3828
63000000	100000000	2133.2886
64000000	100000000	2124.8208
65000000	100000000	1987.1603
66000000	100000000	2108.5942
67000000	100000000	2391.4856
68000000	100000000	2355.8643
69000000	100000000	2452.5173
70000000	100000000	2822.2358
71000000	100000000	2787.6023
72000000	100000000	2736.6855
73000000	100000000	4085.1106
74000000	100000000	3934.8318
75000000	100000000	3379.1626
76000000	100000000	3900.2163
77000000	100000000	4318.9243
78000000	100000000	3816.976
79000000	100000000	3987.9456
80000000	100000000	4006.6938
81000000	100000000	3181.6746
82000000	100000000	3129.1619
83000000	100000000	3167.6682
84000000	100000000	3808.2666
85000000	100000000	3775.0757
86000000	100000000	3632.3562
87000000	100000000	3851.105
88000000	100000000	3990.0183
89000000	100000000	4083.9282
90000000	100000000	4366.0527
91000000	100000000	5795.0674
92000000	100000000	6668.6978
93000000	100000000	5250.6743
94000000	100000000	6525.981
95000000	100000000	11542.905
96000000	100000000	13006.07
97000000	100000000	15307.872
98000000	100000000	29465.812
99000000	100000000	122517.125
100000000	100000000	433470.53
19000000	101000000	919.4914
20000000	101000000	1325.1804
21000000	101000000	1256.5553
22000000	101000000	1205.4614
23000000	101000000	1274.8309
24000000	101000000	1351.499
25000000	101000000	1558.6852
26000000	101000000	1738.1648
27000000	101000000	1527.3013
28000000	101000000	1283.1998
29000000	101000000	1487.0157
30000000	101000000	1538.4988
31000000	101000000	1623.7904
32000000	101000000	1746.5182
33000000	101000000	1263.492
34000000	101000000	1387.9098
35000000	101000000	1473.3612
36000000	101000000	1751.446
37000000	101000000	2062.0303
38000000	101000000	1761.6084
39000000	101000000	2083.7805
40000000	101000000	1997.6503
41000000	101000000	1633.9268
42000000	101000000	1466.0768
43000000	101000000	1765.4664
44000000	101000000	2214.1562
45000000	101000000	2029.8108
46000000	101000000	1953.1705
47000000	101000000	2257.5125
48000000	101000000	2267.999
49000000	101000000	2067.368
50000000	101000000	1994.809
51000000	101000000	2192.6655
52000000	101000000	2695.6062
53000000	101000000	3600.585
54000000	101000000	2564.1519
55000000	101000000	2400.0737
56000000	101000000	2282.3374
57000000	101000000	2328.3098
58000000	101000000	2095.003
59000000	101000000	2313.0303
60000000	101000000	3265.6047
61000000	101000000	2984.857
62000000	101000000	2714.9556
63000000	101000000	2730.6902
64000000	101000000	2749.4832
65000000	101000000	2445.067
66000000	101000000	2691.861
67000000	101000000	2883.547
68000000	101000000	3380.62
69000000	101000000	3323.4998
70000000	101000000	3552.3281
71000000	101000000	3624.4675
72000000	101000000	4029.808
73000000	101000000	4594.312
74000000	101000000	4177.8276
75000000	101000000	3865.2524
76000000	101000000	3809.6494
77000000	101000000	3648.8025
78000000	101000000	3590.4395
79000000	101000000	3976.7366
80000000	101000000	4033.115
81000000	101000000	4111.7515
82000000	101000000	4469.1543
83000000	101000000	4599.181
84000000	101000000	4516.535
85000000	101000000	5034.074
86000000	101000000	5064.8433
87000000	101000000	5424.2817
88000000	101000000	5534.0103
89000000	101000000	5252.2974
90000000	101000000	6097.5938
91000000	101000000	7481.917
92000000	101000000	8153.956
93000000	101000000	8251.514
94000000	101000000	9632.073
95000000	101000000	10990.946
96000000	101000000	12820.956
97000000	101000000	18663.463
98000000	101000000	24465.867
99000000	101000000	34398.426
100000000	101000000	133535.67
101000000	101000000	391728.9
19000000	102000000	844.5597
20000000	102000000	1069.2544
21000000	102000000	891.87775
22000000	102000000	1033.8237
23000000	102000000	1189.4985
24000000	102000000	1035.7717
25000000	102000000	1102.8306
26000000	102000000	1450.7377
27000000	102000000	1167.0685
28000000	102000000	968.3642
29000000	102000000	1228.3445
30000000	102000000	1173.7672
31000000	102000000	1255.152
32000000	102000000	1541.6892
33000000	102000000	1051.4071
34000000	102000000	1302.108
35000000	102000000	1431.2446
36000000	102000000	1693.846
37000000	102000000	1857.6746
38000000	102000000	1938.0261
39000000	102000000	2056.2556
40000000	102000000	1578.3223
41000000	102000000	1164.3586
42000000	102000000	1076.5143
43000000	102000000	1469.6628
44000000	102000000	1754.5582
45000000	102000000	1498.584
46000000	102000000	1548.8458
47000000	102000000	1904.0178
48000000	102000000	1997.6953
49000000	102000000	1555.357
50000000	102000000	1431.7014
51000000	102000000	1594.8475
52000000	102000000	1902.3186
53000000	102000000	2918.809
54000000	102000000	2493.6997
55000000	102000000	2447.9497
56000000	102000000	2388.2153
57000000	102000000	2406.9956
58000000	102000000	2340.4346
59000000	102000000	2420.4512
60000000	102000000	2763.5137
61000000	102000000	3049.366
62000000	102000000	2817.4702
63000000	102000000	3012.921
64000000	102000000	3031.9363
65000000	102000000	2852.1538
66000000	102000000	2847.5989
67000000	102000000	3085.2705
68000000	102000000	3543.9138
69000000	102000000	3924.4546
70000000	102000000	4036.5613
71000000	102000000	4287.496
72000000	102000000	4520.847
73000000	102000000	4279.664
74000000	102000000	3910.7458
75000000	102000000	4376.341
76000000	102000000	4101.931
77000000	102000000	3632.1736
78000000	102000000	3745.471
79000000	102000000	4157.9053
80000000	102000000	4216.4775
81000000	102000000	4869.519
82000000	102000000	5093.7573
83000000	102000000	5486.6724
84000000	102000000	5030.012
85000000	102000000	5646.504
86000000	102000000	5752.8706
87000000	102000000	6248.727
88000000	102000000	5913.4497
89000000	102000000	5704.556
90000000	102000000	6555.3896
91000000	102000000	7521.064
92000000	102000000	8567.937
93000000	102000000	8827.562
94000000	102000000	9860.564
95000000	102000000	9073.393
96000000	102000000	10388.804
97000000	102000000	15420.204
98000000	102000000	15237.687
99000000	102000000	15240.834
100000000	102000000	26510.271
101000000	102000000	96954.484
102000000	102000000	447130.6
19000000	103000000	639.0185
20000000	103000000	1390.2538
21000000	103000000	1278.3073
22000000	103000000	1160.487
23000000	103000000	1060.0927
24000000	103000000	1228.1581
25000000	103000000	1213.4907
26000000	103000000	993.223
27000000	103000000	1023.9618
28000000	103000000	1125.617
29000000	103000000	1024.5358
30000000	103000000	1329.2031
31000000	103000000	1341.7871
32000000	103000000	1360.6647
33000000	103000000	1623.2744
34000000	103000000	1222.729
35000000	103000000	1019.09326
36000000	103000000	1176.0591
37000000	103000000	1438.0259
38000000	103000000	1224.2355
39000000	103000000	1545.9722
40000000	103000000	1587.3007
41000000	103000000	1981.3492
42000000	103000000	1853.3093
43000000	103000000	1724.3201
44000000	103000000	1208.6335
45000000	103000000	1615.8444
46000000	103000000	1817.3124
47000000	103000000	2031.3062
48000000	103000000	1849.4664
49000000	103000000	2132.4788
50000000	103000000	1764.0386
51000000	103000000	1598.5065
52000000	103000000	2182.5286
53000000	103000000	2262.23
54000000	103000000	1417.1289
55000000	103000000	1356.2041
56000000	103000000	1358.8534
57000000	103000000	1352.552
58000000	103000000	1435.3105
59000000	103000000	2143.884
60000000	103000000	2483.6033
61000000	103000000	2165.1567
62000000	103000000	2218.952
63000000	103000000	2005.4713
64000000	103000000	1820.2716
65000000	103000000	1945.2274
66000000	103000000	2255.3225
67000000	103000000	2043.5688
68000000	103000000	2057.2214
69000000	103000000	2289.7864
70000000	103000000	2593.162
71000000	103000000	2553.9297
72000000	103000000	2639.3386
73000000	103000000	3756.964
74000000	103000000	3242.2258
75000000	103000000	2853.2017
76000000	103000000	3714.6077
77000000	103000000	4242.0723
78000000	103000000	3806.1423
79000000	103000000	3828.6897
80000000	103000000	4261.9204
81000000	103000000	3687.4583
82000000	103000000	3236.852
83000000	103000000	3197.2974
84000000	103000000	3747.435
85000000	103000000	3411.2195
86000000	103000000	3450.9353
87000000	103000000	3507.3293
88000000	103000000	3618.2976
89000000	103000000	4131.821
90000000	103000000	3772.6304
91000000	103000000	4974.587
92000000	103000000	6111.4404
93000000	103000000	4563.5913
94000000	103000000	5052.511
95000000	103000000	7599.6436
96000000	103000000	8740.405
97000000	103000000	8321.946
98000000	103000000	9894.644
99000000	103000000	11272.284
100000000	103000000	16528.387
101000000	103000000	27941.117
102000000	103000000	80810.766
103000000	103000000	419248.84
19000000	104000000	830.7759
20000000	104000000	800.1847
21000000	104000000	664.51825
22000000	104000000	886.5603
23000000	104000000	1054.773
24000000	104000000	591.49426
25000000	104000000	604.676
26000000	104000000	724.05316
27000000	104000000	647.38434
28000000	104000000	605.07385
29000000	104000000	887.3182
30000000	104000000	670.2036
31000000	104000000	775.76624
32000000	104000000	1009.9146
33000000	104000000	816.1105
34000000	104000000	991.10486
35000000	104000000	1250.6672
36000000	104000000	1298.7058
37000000	104000000	1235.4537
38000000	104000000	1564.8745
39000000	104000000	1290.9739
40000000	104000000	998.5398
41000000	104000000	881.42413
42000000	104000000	734.9743
43000000	104000000	948.3822
44000000	104000000	922.7443
45000000	104000000	824.1649
46000000	104000000	879.0607
47000000	104000000	1237.5753
48000000	104000000	1362.2793
49000000	104000000	1119.803
50000000	104000000	877.2288
51000000	104000000	906.4948
52000000	104000000	1125.1681
53000000	104000000	1825.3203
54000000	104000000	2094.313
55000000	104000000	1973.5853
56000000	104000000	2127.9988
57000000	104000000	2225.132
58000000	104000000	2130.4746
59000000	104000000	2316.1282
60000000	104000000	1728.1548
61000000	104000000	2206.0173
62000000	104000000	2349.8088
63000000	104000000	2139.6145
64000000	104000000	2230.1265
65000000	104000000	2442.887
66000000	104000000	2554.63
67000000	104000000	2309.4355
68000000	104000000	2740.4763
69000000	104000000	2647.3706
70000000	104000000	2970.2827
71000000	104000000	2914.8984
72000000	104000000	2826.0796
73000000	104000000	2717.5317
74000000	104000000	2418.9385
75000000	104000000	2629.1074
76000000	104000000	2797.133
77000000	104000000	2577.721
78000000	104000000	2918.4634
79000000	104000000	2956.9133
80000000	104000000	3521.4072
81000000	104000000	4254.052
82000000	104000000	4194.4253
83000000	104000000	4393.7725
84000000	104000000	4155.0244
85000000	104000000	4303.1616
86000000	104000000	4597.56
87000000	104000000	4729.4824
88000000	104000000	4672.379
89000000	104000000	4788.556
90000000	104000000	4873.482
91000000	104000000	5067.8228
92000000	104000000	5890.5967
93000000	104000000	6742.749
94000000	104000000	5960.299
95000000	104000000	4605.0356
96000000	104000000	5824.21
97000000	104000000	7634.4365
98000000	104000000	6073.226
99000000	104000000	5012.2524
100000000	104000000	6786.496
101000000	104000000	13249.021
102000000	104000000	28369.42
103000000	104000000	134929.64
104000000	104000000	442564.72
19000000	105000000	723.2493
20000000	105000000	797.96265
21000000	105000000	667.0766
22000000	105000000	879.9967
23000000	105000000	904.87085
24000000	105000000	761.5119
25000000	105000000	725.17285
26000000	105000000	813.4573
27000000	105000000	693.70557
28000000	105000000	639.9642
29000000	105000000	885.0544
30000000	105000000	787.2316
31000000	105000000	840.8145
32000000	105000000	1033.6018
33000000	105000000	825.7237
34000000	105000000	1072.9524
35000000	105000000	1232.1124
36000000	105000000	1313.4735
37000000	105000000	1337.3955
38000000	105000000	1528.6216
39000000	105000000	1329.3031
40000000	105000000	1060.3612
41000000	105000000	914.0238
42000000	105000000	874.6425
43000000	105000000	941.1087
44000000	105000000	1009.8749
45000000	105000000	912.9249
46000000	105000000	925.6295
47000000	105000000	1385.1477
48000000	105000000	1454.8103
49000000	105000000	1174.5311
50000000	105000000	1005.9182
51000000	105000000	1009.49
52000000	105000000	1210.3531
53000000	105000000	1807.6339
54000000	105000000	1836.0594
55000000	105000000	1865.9983
56000000	105000000	1950.2489
57000000	105000000	1994.2074
58000000	105000000	2022.5012
59000000	105000000	1807.3833
60000000	105000000	1852.8682
61000000	105000000	2028.4071
62000000	105000000	2280.0786
63000000	105000000	2307.7234
64000000	105000000	2262.4302
65000000	105000000	2093.0508
66000000	105000000	2016.017
67000000	105000000	2028.3246
68000000	105000000	2658.6646
69000000	105000000	2892.6448
70000000	105000000	2968.7598
71000000	105000000	2931.1953
72000000	105000000	3125.249
73000000	105000000	2920.7593
74000000	105000000	2663.1973
75000000	105000000	2850.692
76000000	105000000	2905.3772
77000000	105000000	2707.2368
78000000	105000000	2975.4326
79000000	105000000	3141.859
80000000	105000000	3256.483
81000000	105000000	3544.8389
82000000	105000000	4200.4517
83000000	105000000	4258.1094
84000000	105000000	4425.245
85000000	105000000	4263.557
86000000	105000000	4514.559
87000000	105000000	4776.167
88000000	105000000	4436.501
89000000	105000000	4646.738
90000000	105000000	4888.5337
91000000	105000000	5177.6694
92000000	105000000	6132.2827
93000000	105000000	6477.023
94000000	105000000	6092.441
95000000	105000000	5202.9966
96000000	105000000	5953.9023
97000000	105000000	7472.2466
98000000	105000000	6424.399
99000000	105000000	5471.611
100000000	105000000	7003.894
101000000	105000000	12154.251
102000000	105000000	21362.314
103000000	105000000	62976.902
104000000	105000000	110326.65
105000000	105000000	430681.47
19000000	106000000	832.7555
20000000	106000000	679.9372
21000000	106000000	603.30566
22000000	106000000	840.5275
23000000	106000000	1034.4164
24000000	106000000	610.4937
25000000	106000000	660.9277
26000000	106000000	963.8096
27000000	106000000	743.321
28000000	106000000	611.47516
29000000	106000000	968.8373
30000000	106000000	751.46295
31000000	106000000	841.5178
32000000	106000000	989.1385
33000000	106000000	713.8197
34000000	106000000	1036.8894
35000000	106000000	1340.4462
36000000	106000000	1554.9111
37000000	106000000	1526.7214
38000000	106000000	1744.6038
39000000	106000000	1343.8455
40000000	106000000	1067.1791
41000000	106000000	748.7189
42000000	106000000	636.2058
43000000	106000000	937.54645
44000000	106000000	1079.9813
45000000	106000000	838.73395
46000000	106000000	899.4677
47000000	106000000	1275.5973
48000000	106000000	1429.4354
49000000	106000000	1018.27295
50000000	106000000	833.456
51000000	106000000	1007.4102
52000000	106000000	1154.0393
53000000	106000000	2116.4954
54000000	106000000	2349.1045
55000000	106000000	2435.8945
56000000	106000000	2427.107
57000000	106000000	2388.598
58000000	106000000	2157.0366
59000000	106000000	1879.7424
60000000	106000000	1751.8667
61000000	106000000	2111.704
62000000	106000000	2013.4127
63000000	106000000	2093.341
64000000	106000000	2465.9558
65000000	106000000	2186.0107
66000000	106000000	2083.5066
67000000	106000000	2113.404
68000000	106000000	2853.903
69000000	106000000	2805.2266
70000000	106000000	2852.6177
71000000	106000000	2795.2097
72000000	106000000	3112.2085
73000000	106000000	2919.2896
74000000	106000000	2388.0706
75000000	106000000	2801.5657
76000000	106000000	2639.99
77000000	106000000	2400.1394
78000000	106000000	2675.2468
79000000	106000000	2866.401
80000000	106000000	3062.4185
81000000	106000000	3682.7837
82000000	106000000	4430.8613
83000000	106000000	4591.6665
84000000	106000000	4142.375
85000000	106000000	4724.9917
86000000	106000000	4822.6006
87000000	106000000	5197.638
88000000	106000000	4920.204
89000000	106000000	4661.042
90000000	106000000	5063.7915
91000000	106000000	5181.626
92000000	106000000	5728.688
93000000	106000000	7255.944
94000000	106000000	6752.6196
95000000	106000000	5035.9697
96000000	106000000	5591.323
97000000	106000000	7865.031
98000000	106000000	6311.8906
99000000	106000000	4815.4507
100000000	106000000	6204.2554
101000000	106000000	11430.299
102000000	106000000	17406.43
103000000	106000000	33229.676
104000000	106000000	59080.527
105000000	106000000	121249.0
106000000	106000000	422458.56
19000000	107000000	1039.0658
20000000	107000000	860.56244
21000000	107000000	794.2916
22000000	107000000	1077.6785
23000000	107000000	1190.9785
24000000	107000000	809.3487
25000000	107000000	899.0834
26000000	107000000	1187.3214
27000000	107000000	902.725
28000000	107000000	776.2446
29000000	107000000	1171.8857
30000000	107000000	973.7874
31000000	107000000	1032.462
32000000	107000000	1237.0201
33000000	107000000	902.37885
34000000	107000000	1162.9934
35000000	107000000	1555.1992
36000000	107000000	1793.3601
37000000	107000000	1850.4773
38000000	107000000	1795.4106
39000000	107000000	1665.3447
40000000	107000000	1311.589
41000000	107000000	997.1614
42000000	107000000	876.73505
43000000	107000000	1106.1536
44000000	107000000	1367.9194
45000000	107000000	1167.7507
46000000	107000000	1119.2291
47000000	107000000	1596.3668
48000000	107000000	1773.583
49000000	107000000	1279.9374
50000000	107000000	1124.4962
51000000	107000000	1255.0972
52000000	107000000	1554.8307
53000000	107000000	2699.2114
54000000	107000000	2600.9453
55000000	107000000	2554.4053
56000000	107000000	2537.4265
57000000	107000000	2508.419
58000000	107000000	2307.5317
59000000	107000000	2122.0037
60000000	107000000	2217.7642
61000000	107000000	2611.6772
62000000	107000000	2284.7385
63000000	107000000	2252.7153
64000000	107000000	2513.526
65000000	107000000	2320.6375
66000000	107000000	2211.9834
67000000	107000000	2391.6533
68000000	107000000	3064.635
69000000	107000000	3061.2437
70000000	107000000	3134.528
71000000	107000000	3265.9702
72000000	107000000	3428.199
73000000	107000000	3336.8245
74000000	107000000	3024.042
75000000	107000000	3307.2544
76000000	107000000	3217.019
77000000	107000000	3117.7686
78000000	107000000	3231.3923
79000000	107000000	3591.756
80000000	107000000	3700.764
81000000	107000000	4152.4805
82000000	107000000	4770.685
83000000	107000000	4848.9824
84000000	107000000	4540.8823
85000000	107000000	5138.725
86000000	107000000	5285.772
87000000	107000000	5588.642
88000000	107000000	5406.809
89000000	107000000	5029.657
90000000	107000000	5711.5454
91000000	107000000	6050.2334
92000000	107000000	6639.387
93000000	107000000	7628.7803
94000000	107000000	7394.311
95000000	107000000	6299.14
96000000	107000000	6791.9116
97000000	107000000	9461.23
98000000	107000000	7882.339
99000000	107000000	6206.646
100000000	107000000	7551.2363
101000000	107000000	13218.665
102000000	107000000	18328.326
103000000	107000000	35246.39
104000000	107000000	42729.52
105000000	107000000	65105.117
106000000	107000000	139809.03
107000000	107000000	371344.28
19000000	108000000	1201.9862
20000000	108000000	1094.7863
21000000	108000000	960.2224
22000000	108000000	1293.4751
23000000	108000000	1439.6001
24000000	108000000	927.8428
25000000	108000000	985.1161
26000000	108000000	1381.4056
27000000	108000000	1120.4716
28000000	108000000	959.4657
29000000	108000000	1386.0148
30000000	108000000	1110.3414
31000000	108000000	1197.5798
32000000	108000000	1540.2354
33000000	108000000	1032.4513
34000000	108000000	1518.9342
35000000	108000000	1796.0978
36000000	108000000	2237.3342
37000000	108000000	2153.004
38000000	108000000	2330.558
39000000	108000000	2026.2291
40000000	108000000	1447.8264
41000000	108000000	1106.981
42000000	108000000	906.6751
43000000	108000000	1215.7299
44000000	108000000	1580.4271
45000000	108000000	1221.2687
46000000	108000000	1234.7886
47000000	108000000	1823.5198
48000000	108000000	2019.296
49000000	108000000	1451.3558
50000000	108000000	1279.2705
51000000	108000000	1381.7194
52000000	108000000	1737.9293
53000000	108000000	3095.054
54000000	108000000	3281.7634
55000000	108000000	3108.6816
56000000	108000000	3144.4844
57000000	108000000	3132.1572
58000000	108000000	2878.0032
59000000	108000000	2823.8752
60000000	108000000	2716.4363
61000000	108000000	3318.3625
62000000	108000000	2963.1165
63000000	108000000	2927.552
64000000	108000000	3047.1958
65000000	108000000	2793.524
66000000	108000000	2703.476
67000000	108000000	2984.4675
68000000	108000000	3997.204
69000000	108000000	3691.3218
70000000	108000000	3954.45
71000000	108000000	3939.2388
72000000	108000000	4244.9424
73000000	108000000	4168.2163
74000000	108000000	3657.0334
75000000	108000000	4096.719
76000000	108000000	3856.8813
77000000	108000000	3332.876
78000000	108000000	3641.5178
79000000	108000000	4074.2275
80000000	108000000	4279.7163
81000000	108000000	5360.933
82000000	108000000	5968.853
83000000	108000000	6105.5635
84000000	108000000	5610.957
85000000	108000000	6319.4937
86000000	108000000	6651.523
87000000	108000000	6845.0996
88000000	108000000	6553.3584
89000000	108000000	6394.7783
90000000	108000000	7039.3027
91000000	108000000	7495.266
92000000	108000000	7865.922
93000000	108000000	8627.6875
94000000	108000000	8251.679
95000000	108000000	6679.0815
96000000	108000000	7118.199
97000000	108000000	9633.182
98000000	108000000	7683.6704
99000000	108000000	5777.1343
100000000	108000000	6917.657
101000000	108000000	10841.404
102000000	108000000	13948.449
103000000	108000000	12801.38
104000000	108000000	15918.2705
105000000	108000000	18754.73
106000000	108000000	26012.695
107000000	108000000	80587.97
108000000	108000000	430940.44
19000000	109000000	1330.2124
20000000	109000000	1439.5829
21000000	109000000	1189.5598
22000000	109000000	1308.5226
23000000	109000000	1391.7599
24000000	109000000	1224.257
25000000	109000000	1300.0402
26000000	109000000	1583.4764
27000000	109000000	1265.4438
28000000	109000000	1161.8265
29000000	109000000	1518.4281
30000000	109000000	1377.195
31000000	109000000	1435.7727
32000000	109000000	1582.6198
33000000	109000000	1200.5092
34000000	109000000	1394.8102
35000000	109000000	1601.8547
36000000	109000000	1970.0508
37000000	109000000	1912.4471
38000000	109000000	1790.9061
39000000	109000000	2004.3218
40000000	109000000	1684.348
41000000	109000000	1343.754
42000000	109000000	1145.0349
43000000	109000000	1469.3599
44000000	109000000	1673.0372
45000000	109000000	1493.1527
46000000	109000000	1457.4624
47000000	109000000	1881.4707
48000000	109000000	1943.5614
49000000	109000000	1721.6058
50000000	109000000	1412.5276
51000000	109000000	1727.0929
52000000	109000000	2071.9656
53000000	109000000	3230.6628
54000000	109000000	2636.6663
55000000	109000000	2561.8674
56000000	109000000	2558.7046
57000000	109000000	2452.5107
58000000	109000000	2415.4045
59000000	109000000	2613.184
60000000	109000000	2726.5142
61000000	109000000	2820.7979
62000000	109000000	2530.4805
63000000	109000000	2284.2544
64000000	109000000	2457.9666
65000000	109000000	2333.1667
66000000	109000000	2464.9429
67000000	109000000	2592.1655
68000000	109000000	2951.542
69000000	109000000	2993.075
70000000	109000000	3157.4363
71000000	109000000	3144.7014
72000000	109000000	3407.2773
73000000	109000000	3532.5166
74000000	109000000	3217.2988
75000000	109000000	3325.0918
76000000	109000000	3340.355
77000000	109000000	3206.0405
78000000	109000000	3340.6467
79000000	109000000	3549.1536
80000000	109000000	4209.336
81000000	109000000	4473.6562
82000000	109000000	4573.305
83000000	109000000	4692.064
84000000	109000000	4717.732
85000000	109000000	4982.3496
86000000	109000000	5002.0776
87000000	109000000	5329.0547
88000000	109000000	5155.4736
89000000	109000000	5240.344
90000000	109000000	5491.0073
91000000	109000000	6212.194
92000000	109000000	6384.6235
93000000	109000000	6342.136
94000000	109000000	6418.4844
95000000	109000000	5964.336
96000000	109000000	6250.341
97000000	109000000	7698.6924
98000000	109000000	7103.0176
99000000	109000000	5863.2886
100000000	109000000	6293.269
101000000	109000000	8649.366
102000000	109000000	9840.829
103000000	109000000	8761.155
104000000	109000000	9176.586
105000000	109000000	9757.38
106000000	109000000	12917.142
107000000	109000000	24895.229
108000000	109000000	103194.1
109000000	109000000	417318.16
19000000	110000000	1563.0261
20000000	110000000	1510.092
21000000	110000000	1228.3606
22000000	110000000	1381.1393
23000000	110000000	1438.7634
24000000	110000000	1289.2439
25000000	110000000	1491.5792
26000000	110000000	1910.769
27000000	110000000	1554.1992
28000000	110000000	1358.8632
29000000	110000000	1779.0941
30000000	110000000	1525.7253
31000000	110000000	1697.6039
32000000	110000000	1689.4047
33000000	110000000	1177.7642
34000000	110000000	1313.1542
35000000	110000000	1465.4668
36000000	110000000	1854.1595
37000000	110000000	1896.3561
38000000	110000000	1728.8206
39000000	110000000	1887.1162
40000000	110000000	1824.9486
41000000	110000000	1382.5988
42000000	110000000	1188.3331
43000000	110000000	1541.2313
44000000	110000000	1980.7571
45000000	110000000	1731.7745
46000000	110000000	1759.9613
47000000	110000000	1843.126
48000000	110000000	2121.3093
49000000	110000000	1759.6143
50000000	110000000	1629.6146
51000000	110000000	2028.4077
52000000	110000000	2278.2944
53000000	110000000	3628.8044
54000000	110000000	2634.8809
55000000	110000000	2548.3372
56000000	110000000	2450.7258
57000000	110000000	2497.144
58000000	110000000	2118.3088
59000000	110000000	2183.8232
60000000	110000000	2509.0405
61000000	110000000	2533.1902
62000000	110000000	2053.2798
63000000	110000000	2002.7229
64000000	110000000	2058.3064
65000000	110000000	1990.9651
66000000	110000000	2130.9333
67000000	110000000	2115.6074
68000000	110000000	2492.9106
69000000	110000000	2577.9224
70000000	110000000	2691.1675
71000000	110000000	2597.7153
72000000	110000000	2796.4116
73000000	110000000	3274.149
74000000	110000000	3052.2214
75000000	110000000	3083.6135
76000000	110000000	2838.4346
77000000	110000000	2839.545
78000000	110000000	2878.002
79000000	110000000	3114.9478
80000000	110000000	3514.0122
81000000	110000000	3689.5005
82000000	110000000	3904.3254
83000000	110000000	4213.5005
84000000	110000000	4212.417
85000000	110000000	4598.4204
86000000	110000000	4539.7285
87000000	110000000	4823.438
88000000	110000000	4617.325
89000000	110000000	4493.0376
90000000	110000000	4957.0366
91000000	110000000	5555.0967
92000000	110000000	5531.9463
93000000	110000000	5664.237
94000000	110000000	5879.4517
95000000	110000000	6107.957
96000000	110000000	5866.9585
97000000	110000000	7364.9956
98000000	110000000	7438.4067
99000000	110000000	6365.467
100000000	110000000	6571.7666
101000000	110000000	8554.128
102000000	110000000	7886.249
103000000	110000000	6803.0405
104000000	110000000	6656.9424
105000000	110000000	7369.583
106000000	110000000	10307.3125
107000000	110000000	17350.047
108000000	110000000	39199.992
109000000	110000000	155727.55
110000000	110000000	425480.62
19000000	111000000	1152.1855
20000000	111000000	3072.268
21000000	111000000	2498.1619
22000000	111000000	1945.7495
23000000	111000000	1732.0543
24000000	111000000	2641.749
25000000	111000000	2859.9453
26000000	111000000	2158.819
27000000	111000000	2282.0193
28000000	111000000	2429.7705
29000000	111000000	2034.3822
30000000	111000000	2617.9126
31000000	111000000	2803.3887
32000000	111000000	2240.0393
33000000	111000000	2245.9116
34000000	111000000	1668.4679
35000000	111000000	1119.8348
36000000	111000000	1419.2556
37000000	111000000	1858.9633
38000000	111000000	1294.8015
39000000	111000000	2008.1449
40000000	111000000	2374.0994
41000000	111000000	2993.985
42000000	111000000	2741.2737
43000000	111000000	2417.5725
44000000	111000000	2129.4624
45000000	111000000	2886.7915
46000000	111000000	3120.069
47000000	111000000	2573.1562
48000000	111000000	2482.2283
49000000	111000000	2820.1575
50000000	111000000	2952.5037
51000000	111000000	2940.5222
52000000	111000000	3938.1248
53000000	111000000	3792.8298
54000000	111000000	1556.6857
55000000	111000000	1395.4521
56000000	111000000	1323.5024
57000000	111000000	1234.9426
58000000	111000000	1287.4557
59000000	111000000	2041.8485
60000000	111000000	3181.2322
61000000	111000000	2266.1711
62000000	111000000	1936.671
63000000	111000000	1628.3021
64000000	111000000	1448.7698
65000000	111000000	1633.0764
66000000	111000000	1942.5487
67000000	111000000	1884.7202
68000000	111000000	1790.2742
69000000	111000000	1844.4761
70000000	111000000	2110.4016
71000000	111000000	2027.1993
72000000	111000000	1878.6189
73000000	111000000	3314.0298
74000000	111000000	3056.9436
75000000	111000000	2646.96
76000000	111000000	3377.8853
77000000	111000000	4084.8953
78000000	111000000	3400.0264
79000000	111000000	3344.7607
80000000	111000000	3980.6392
81000000	111000000	3056.1238
82000000	111000000	2590.517
83000000	111000000	2525.2136
84000000	111000000	3288.557
85000000	111000000	3045.7637
86000000	111000000	2901.1746
87000000	111000000	3051.0818
88000000	111000000	3146.603
89000000	111000000	3306.8674
90000000	111000000	3207.5986
91000000	111000000	4598.391
92000000	111000000	4706.358
93000000	111000000	3088.081
94000000	111000000	3703.1572
95000000	111000000	6606.554
96000000	111000000	6273.48
97000000	111000000	5132.476
98000000	111000000	7346.2827
99000000	111000000	8592.211
100000000	111000000	8417.418
101000000	111000000	7117.35
102000000	111000000	5713.937
103000000	111000000	8784.746
104000000	111000000	4808.0146
105000000	111000000	5593.5527
106000000	111000000	6186.6313
107000000	111000000	10108.425
108000000	111000000	18246.045
109000000	111000000	36079.723
110000000	111000000	96841.1
111000000	111000000	484956.34
19000000	112000000	4001.9285
20000000	112000000	1666.5508
21000000	112000000	1223.4203
22000000	112000000	1976.3099
23000000	112000000	2255.9521
24000000	112000000	1183.9701
25000000	112000000	1530.3528
26000000	112000000	2919.6917
27000000	112000000	2101.6904
28000000	112000000	1253.739
29000000	112000000	2917.874
30000000	112000000	1533.868
31000000	112000000	1726.5098
32000000	112000000	1724.9397
33000000	112000000	823.17926
34000000	112000000	1336.7518
35000000	112000000	1980.8644
36000000	112000000	2446.4165
37000000	112000000	2155.0903
38000000	112000000	2042.4266
39000000	112000000	1673.6116
40000000	112000000	1306.7295
41000000	112000000	839.6663
42000000	112000000	716.497
43000000	112000000	1234.002
44000000	112000000	2204.662
45000000	112000000	1402.9036
46000000	112000000	1300.8959
47000000	112000000	1577.1206
48000000	112000000	2067.7366
49000000	112000000	1352.566
50000000	112000000	1189.4003
51000000	112000000	1755.3323
52000000	112000000	1925.1791
53000000	112000000	4313.8027
54000000	112000000	3944.021
55000000	112000000	3888.4214
56000000	112000000	3794.1213
57000000	112000000	4024.0984
58000000	112000000	3010.7488
59000000	112000000	2742.6553
60000000	112000000	2202.3008
61000000	112000000	2539.7378
62000000	112000000	1753.7264
63000000	112000000	1649.904
64000000	112000000	1993.1525
65000000	112000000	2032.592
66000000	112000000	2008.0294
67000000	112000000	1888.9153
68000000	112000000	2404.9292
69000000	112000000	1897.5493
70000000	112000000	2016.0112
71000000	112000000	1891.1716
72000000	112000000	2182.8127
73000000	112000000	2386.1628
74000000	112000000	1966.517
75000000	112000000	2205.565
76000000	112000000	1866.7671
77000000	112000000	1982.4299
78000000	112000000	1845.3873
79000000	112000000	2131.0535
80000000	112000000	2612.7842
81000000	112000000	3070.1106
82000000	112000000	3403.2732
83000000	112000000	4036.8076
84000000	112000000	4169.835
85000000	112000000	4546.496
86000000	112000000	4871.721
87000000	112000000	4882.365
88000000	112000000	4877.1777
89000000	112000000	4567.659
90000000	112000000	4833.925
91000000	112000000	4503.322
92000000	112000000	4115.6646
93000000	112000000	6050.4478
94000000	112000000	4856.551
95000000	112000000	3992.5754
96000000	112000000	3947.8494
97000000	112000000	6213.7393
98000000	112000000	5938.835
99000000	112000000	4167.834
100000000	112000000	4335.548
101000000	112000000	6362.585
102000000	112000000	5142.3403
103000000	112000000	4380.502
104000000	112000000	5719.3906
105000000	112000000	5750.2056
106000000	112000000	8237.068
107000000	112000000	11850.042
108000000	112000000	16072.127
109000000	112000000	20088.613
110000000	112000000	36035.74
111000000	112000000	76503.6
112000000	112000000	527769.6
19000000	113000000	1709.0667
20000000	113000000	3002.304
21000000	113000000	2549.5146
22000000	113000000	2017.077
23000000	113000000	1893.1909
24000000	113000000	2587.8176
25000000	113000000	3101.1177
26000000	113000000	2749.252
27000000	113000000	2652.2454
28000000	113000000	2408.5142
29000000	113000000	2382.9668
30000000	113000000	2722.5396
31000000	113000000	2743.4573
32000000	113000000	2192.403
33000000	113000000	1819.9087
34000000	113000000	1454.0721
35000000	113000000	1316.6195
36000000	113000000	1668.4635
37000000	113000000	1937.1271
38000000	113000000	1356.1075
39000000	113000000	1921.8291
40000000	113000000	2084.701
41000000	113000000	2260.1606
42000000	113000000	2119.3484
43000000	113000000	2217.903
44000000	113000000	2481.667
45000000	113000000	2889.8582
46000000	113000000	3051.975
47000000	113000000	2286.3909
48000000	113000000	2528.182
49000000	113000000	2556.796
50000000	113000000	2733.7783
51000000	113000000	2893.548
52000000	113000000	3767.868
53000000	113000000	4050.1746
54000000	113000000	1745.26
55000000	113000000	1464.0444
56000000	113000000	1446.1239
57000000	113000000	1433.3824
58000000	113000000	1434.2653
59000000	113000000	1881.1196
60000000	113000000	2768.9194
61000000	113000000	1961.9117
62000000	113000000	1628.4463
63000000	113000000	1411.8196
64000000	113000000	1482.9895
65000000	113000000	1493.679
66000000	113000000	1647.0415
67000000	113000000	1667.8638
68000000	113000000	1668.6719
69000000	113000000	1594.389
70000000	113000000	1830.7976
71000000	113000000	1760.9045
72000000	113000000	1803.323
73000000	113000000	2932.4863
74000000	113000000	2617.9802
75000000	113000000	2280.1006
76000000	113000000	2634.1926
77000000	113000000	3174.9517
78000000	113000000	2587.719
79000000	113000000	2768.3818
80000000	113000000	3085.8118
81000000	113000000	2393.8784
82000000	113000000	2273.764
83000000	113000000	2328.5981
84000000	113000000	2656.4739
85000000	113000000	2670.1953
86000000	113000000	2686.3982
87000000	113000000	2745.0938
88000000	113000000	2792.889
89000000	113000000	2816.5173
90000000	113000000	2896.0615
91000000	113000000	3810.4897
92000000	113000000	3754.5063
93000000	113000000	2981.2217
94000000	113000000	3516.2732
95000000	113000000	5296.216
96000000	113000000	5035.247
97000000	113000000	4873.5215
98000000	113000000	6816.5244
99000000	113000000	7136.9585
100000000	113000000	6738.911
101000000	113000000	6220.334
102000000	113000000	4849.102
103000000	113000000	5975.2095
104000000	113000000	3800.9392
105000000	113000000	4156.2676
106000000	113000000	4950.7007
107000000	113000000	7483.393
108000000	113000000	9829.963
109000000	113000000	12980.56
110000000	113000000	20340.41
111000000	113000000	59040.516
112000000	113000000	113328.51
113000000	113000000	466964.5
19000000	114000000	1254.6586
20000000	114000000	2632.438
21000000	114000000	2350.5515
22000000	114000000	1537.6868
23000000	114000000	1450.8141
24000000	114000000	2327.1868
25000000	114000000	2630.5276
26000000	114000000	2188.7183
27000000	114000000	2220.832
28000000	114000000	2186.585
29000000	114000000	1912.7725
30000000	114000000	2256.5317
31000000	114000000	2396.2441
32000000	114000000	1770.901
33000000	114000000	1594.4224
34000000	114000000	1159.1027
35000000	114000000	885.3294
36000000	114000000	1145.6093
37000000	114000000	1336.0039
38000000	114000000	922.9974
39000000	114000000	1386.2228
40000000	114000000	1846.3679
41000000	114000000	2301.6382
42000000	114000000	2309.9187
43000000	114000000	2015.5411
44000000	114000000	2204.8547
45000000	114000000	2799.6929
46000000	114000000	3122.479
47000000	114000000	2005.5192
48000000	114000000	2100.303
49000000	114000000	2405.8923
50000000	114000000	2763.0615
51000000	114000000	2734.7913
52000000	114000000	3330.055
53000000	114000000	2637.381
54000000	114000000	1078.3625
55000000	114000000	959.0898
56000000	114000000	863.18066
57000000	114000000	919.409
58000000	114000000	865.77045
59000000	114000000	1170.536
60000000	114000000	1994.8236
61000000	114000000	1487.9683
62000000	114000000	1189.4938
63000000	114000000	972.75195
64000000	114000000	980.75256
65000000	114000000	998.7224
66000000	114000000	1157.2662
67000000	114000000	1269.523
68000000	114000000	1103.8993
69000000	114000000	1047.6018
70000000	114000000	1312.3159
71000000	114000000	1289.1201
72000000	114000000	1304.46
73000000	114000000	2134.2512
74000000	114000000	1927.5574
75000000	114000000	1695.7444
76000000	114000000	1989.2104
77000000	114000000	2540.658
78000000	114000000	2113.5447
79000000	114000000	2208.163
80000000	114000000	2274.6191
81000000	114000000	1652.801
82000000	114000000	1607.7532
83000000	114000000	1495.7483
84000000	114000000	1718.222
85000000	114000000	1771.0396
86000000	114000000	1592.4404
87000000	114000000	1812.1183
88000000	114000000	1816.4619
89000000	114000000	1869.7554
90000000	114000000	1888.9249
91000000	114000000	2514.5508
92000000	114000000	2559.483
93000000	114000000	1930.418
94000000	114000000	2211.7925
95000000	114000000	3835.1868
96000000	114000000	3622.709
97000000	114000000	3332.6772
98000000	114000000	4823.7554
99000000	114000000	5805.549
100000000	114000000	5393.5186
101000000	114000000	4272.833
102000000	114000000	3336.3667
103000000	114000000	4325.8125
104000000	114000000	2507.8906
105000000	114000000	3000.5994
106000000	114000000	3223.1997
107000000	114000000	4633.418
108000000	114000000	5340.3403
109000000	114000000	6671.976
110000000	114000000	9545.718
111000000	114000000	22570.633
112000000	114000000	24691.826
113000000	114000000	125699.4
114000000	114000000	538557.25
19000000	115000000	552.5998
20000000	115000000	1878.9225
21000000	115000000	1463.1665
22000000	115000000	902.2423
23000000	115000000	727.21313
24000000	115000000	1424.7969
25000000	115000000	1539.7479
26000000	115000000	816.5626
27000000	115000000	1052.178
28000000	115000000	1399.1797
29000000	115000000	934.33105
30000000	115000000	1282.9154
31000000	115000000	1256.5365
32000000	115000000	974.5884
33000000	115000000	1141.8463
34000000	115000000	745.2299
35000000	115000000	493.10345
36000000	115000000	510.67953
37000000	115000000	696.60986
38000000	115000000	501.24973
39000000	115000000	664.7383
40000000	115000000	925.88995
41000000	115000000	1602.6012
42000000	115000000	1682.2439
43000000	115000000	1249.9951
44000000	115000000	809.6013
45000000	115000000	1716.063
46000000	115000000	1931.5414
47000000	115000000	1351.2301
48000000	115000000	1208.0702
49000000	115000000	1494.1385
50000000	115000000	1763.0197
51000000	115000000	1456.5365
52000000	115000000	1987.5912
53000000	115000000	1301.3512
54000000	115000000	384.64008
55000000	115000000	359.98575
56000000	115000000	412.31113
57000000	115000000	383.57382
58000000	115000000	434.73193
59000000	115000000	695.8833
60000000	115000000	1118.9468
61000000	115000000	690.4951
62000000	115000000	641.0013
63000000	115000000	475.58197
64000000	115000000	461.80344
65000000	115000000	565.8509
66000000	115000000	753.3426
67000000	115000000	698.82135
68000000	115000000	557.698
69000000	115000000	534.6524
70000000	115000000	664.94556
71000000	115000000	628.12634
72000000	115000000	485.0548
73000000	115000000	1267.9241
74000000	115000000	1216.0164
75000000	115000000	983.9103
76000000	115000000	1283.1421
77000000	115000000	1885.0819
78000000	115000000	1336.0463
79000000	115000000	1280.9038
80000000	115000000	1336.3646
81000000	115000000	928.5333
82000000	115000000	711.6384
83000000	115000000	726.05756
84000000	115000000	889.9921
85000000	115000000	782.1361
86000000	115000000	700.17773
87000000	115000000	724.50824
88000000	115000000	764.7757
89000000	115000000	940.2756
90000000	115000000	762.4665
91000000	115000000	1273.8497
92000000	115000000	1347.5259
93000000	115000000	806.8045
94000000	115000000	1084.5308
95000000	115000000	2381.7317
96000000	115000000	2074.3027
97000000	115000000	1329.44
98000000	115000000	2351.5164
99000000	115000000	3247.9995
100000000	115000000	3170.9446
101000000	115000000	2080.4807
102000000	115000000	1685.897
103000000	115000000	3182.6245
104000000	115000000	1381.1754
105000000	115000000	1662.3967
106000000	115000000	1542.414
107000000	115000000	2192.386
108000000	115000000	2546.4653
109000000	115000000	2778.5947
110000000	115000000	3574.8782
111000000	115000000	10086.453
112000000	115000000	5249.028
113000000	115000000	26932.07
114000000	115000000	164481.53
115000000	115000000	767735.4
