0	0	951740.75
0	1000000	224459.5
1000000	1000000	687993.7
0	2000000	18803.383
1000000	2000000	99484.88
2000000	2000000	612343.4
0	3000000	10985.299
1000000	3000000	40442.92
2000000	3000000	193292.42
3000000	3000000	566034.56
0	4000000	4288.914
1000000	4000000	15688.202
2000000	4000000	73506.79
3000000	4000000	135991.06
4000000	4000000	584902.56
0	5000000	3642.5918
1000000	5000000	13150.485
2000000	5000000	55076.504
3000000	5000000	80119.16
4000000	5000000	200869.08
5000000	5000000	538433.2
0	6000000	8981.85
1000000	6000000	19697.984
2000000	6000000	28556.709
3000000	6000000	38871.805
4000000	6000000	29511.36
5000000	6000000	82799.75
6000000	6000000	590603.75
0	7000000	3818.6294
1000000	7000000	9452.595
2000000	7000000	20655.186
3000000	7000000	23705.53
4000000	7000000	30306.504
5000000	7000000	47660.684
6000000	7000000	134252.17
7000000	7000000	585608.1
0	8000000	5205.8037
1000000	8000000	8973.268
2000000	8000000	7031.6377
3000000	8000000	7532.444
4000000	8000000	5639.607
5000000	8000000	7238.993
6000000	8000000	31080.748
7000000	8000000	80483.19
8000000	8000000	751056.7
0	9000000	5859.2593
1000000	9000000	9364.322
2000000	9000000	5478.006
3000000	9000000	5284.0967
4000000	9000000	3605.7964
5000000	9000000	4333.5317
6000000	9000000	16274.149
7000000	9000000	19051.053
8000000	9000000	122151.68
9000000	9000000	723561.2
0	10000000	4215.1885
1000000	10000000	7185.0874
2000000	10000000	5701.774
3000000	10000000	5702.0977
4000000	10000000	4460.665
5000000	10000000	6166.6455
6000000	10000000	14447.142
7000000	10000000	17870.06
8000000	10000000	29898.32
9000000	10000000	154276.48
10000000	10000000	674406.44
0	11000000	4712.891
1000000	11000000	8421.513
2000000	11000000	8965.585
3000000	11000000	8732.643
4000000	11000000	6742.7056
5000000	11000000	8650.448
6000000	11000000	17541.0
7000000	11000000	19842.059
8000000	11000000	19554.28
9000000	11000000	37424.84
10000000	11000000	148358.98
11000000	11000000	647287.44
0	12000000	3732.5344
1000000	12000000	7371.1143
2000000	12000000	9280.568
3000000	12000000	10396.992
4000000	12000000	9777.506
5000000	12000000	12464.719
6000000	12000000	17705.643
7000000	12000000	19135.527
8000000	12000000	15753.754
9000000	12000000	16197.529
10000000	12000000	25995.408
11000000	12000000	110888.57
12000000	12000000	661947.9
0	13000000	1388.5364
1000000	13000000	3064.946
2000000	13000000	7659.5254
3000000	13000000	8776.815
4000000	13000000	13025.853
5000000	13000000	15356.118
6000000	13000000	8482.39
7000000	13000000	15983.76
8000000	13000000	4893.21
9000000	13000000	4110.4346
10000000	13000000	7509.9883
11000000	13000000	13966.199
12000000	13000000	43090.72
13000000	13000000	735663.06
0	14000000	2099.5596
1000000	14000000	4290.959
2000000	14000000	10337.724
3000000	14000000	10907.718
4000000	14000000	17205.236
5000000	14000000	19402.555
6000000	14000000	10750.558
7000000	14000000	17321.936
8000000	14000000	6878.283
9000000	14000000	5492.397
10000000	14000000	9141.167
11000000	14000000	14930.128
12000000	14000000	40280.484
13000000	14000000	192308.72
14000000	14000000	510514.78
0	15000000	3054.9067
1000000	15000000	6133.4614
2000000	15000000	9096.734
3000000	15000000	9760.147
4000000	15000000	10266.835
5000000	15000000	12456.1455
6000000	15000000	12811.835
7000000	15000000	14120.131
8000000	15000000	8742.957
9000000	15000000	7674.6245
10000000	15000000	10682.75
11000000	15000000	16251.797
12000000	15000000	35135.875
13000000	15000000	57228.79
14000000	15000000	160812.0
15000000	15000000	551161.0
0	16000000	4594.135
1000000	16000000	8145.833
2000000	16000000	6190.129
3000000	16000000	6172.2256
4000000	16000000	3857.5708
5000000	16000000	4499.754
6000000	16000000	11249.303
7000000	16000000	8011.914
8000000	16000000	10646.445
9000000	16000000	11322.288
10000000	16000000	12019.768
11000000	16000000	17696.895
12000000	16000000	21120.178
13000000	16000000	12021.313
14000000	16000000	20825.66
15000000	16000000	117606.945
16000000	16000000	698218.06
0	17000000	2973.3909
1000000	17000000	5447.6255
2000000	17000000	8583.594
3000000	17000000	9025.733
4000000	17000000	7952.151
5000000	17000000	9595.747
6000000	17000000	11426.782
7000000	17000000	13109.68
8000000	17000000	7195.8706
9000000	17000000	6259.54
10000000	17000000	8645.868
11000000	17000000	13944.542
12000000	17000000	16986.033
13000000	17000000	15281.523
14000000	17000000	19712.58
15000000	17000000	27062.748
16000000	17000000	68793.43
17000000	17000000	613668.1
0	18000000	1748.9396
1000000	18000000	4128.0137
2000000	18000000	11232.079
3000000	18000000	12244.104
4000000	18000000	15314.455
5000000	18000000	18524.604
6000000	18000000	9589.606
7000000	18000000	18739.336
8000000	18000000	4503.0874
9000000	18000000	3647.4863
10000000	18000000	6665.163
11000000	18000000	10735.772
12000000	18000000	15173.544
13000000	18000000	20550.76
14000000	18000000	24062.162
15000000	18000000	21080.842
16000000	18000000	17141.598
17000000	18000000	132020.05
18000000	18000000	556814.7
0	19000000	3188.92
1000000	19000000	5677.2046
2000000	19000000	7823.7
3000000	19000000	7642.6694
4000000	19000000	6243.339
5000000	19000000	7356.308
6000000	19000000	9802.83
7000000	19000000	9757.189
8000000	19000000	6050.1025
9000000	19000000	5762.7407
10000000	19000000	7758.721
11000000	19000000	10906.818
12000000	19000000	12652.869
13000000	19000000	9021.571
14000000	19000000	11553.204
15000000	19000000	13996.009
16000000	19000000	17787.477
17000000	19000000	50091.305
18000000	19000000	113725.82
19000000	19000000	608377.1
0	20000000	2305.6606
1000000	20000000	3983.5376
2000000	20000000	5809.8145
3000000	20000000	5859.3525
4000000	20000000	5804.453
5000000	20000000	6738.8794
6000000	20000000	7422.235
7000000	20000000	9834.0
8000000	20000000	5489.817
9000000	20000000	4901.585
10000000	20000000	7051.792
11000000	20000000	8997.727
12000000	20000000	10323.105
13000000	20000000	8555.594
14000000	20000000	10760.691
15000000	20000000	11217.268
16000000	20000000	13091.311
17000000	20000000	29629.746
18000000	20000000	46837.723
19000000	20000000	114479.57
20000000	20000000	605024.5
0	21000000	2679.6392
1000000	21000000	3951.9822
2000000	21000000	3111.413
3000000	21000000	3038.575
4000000	21000000	2311.3357
5000000	21000000	2699.2847
6000000	21000000	5532.563
7000000	21000000	4780.1226
8000000	21000000	5601.2627
9000000	21000000	5731.249
10000000	21000000	6573.829
11000000	21000000	6917.2637
12000000	21000000	6704.048
13000000	21000000	3674.765
14000000	21000000	4950.332
15000000	21000000	7000.789
16000000	21000000	11177.795
17000000	21000000	14506.221
18000000	21000000	14211.953
19000000	21000000	29638.676
20000000	21000000	105571.84
21000000	21000000	686589.1
0	22000000	2366.6125
1000000	22000000	3595.03
2000000	22000000	3894.0837
3000000	22000000	3871.4297
4000000	22000000	3361.8464
5000000	22000000	3846.8762
6000000	22000000	5389.0664
7000000	22000000	6220.046
8000000	22000000	4507.42
9000000	22000000	4888.8096
10000000	22000000	5663.288
11000000	22000000	6826.8535
12000000	22000000	6255.353
13000000	22000000	4576.903
14000000	22000000	5899.023
15000000	22000000	6845.5625
16000000	22000000	8970.457
17000000	22000000	14306.021
18000000	22000000	17915.643
19000000	22000000	21267.625
20000000	22000000	44316.68
21000000	22000000	146545.31
22000000	22000000	632376.06
0	23000000	2432.0576
1000000	23000000	3806.0706
2000000	23000000	3328.9944
3000000	23000000	3273.4087
4000000	23000000	2625.815
5000000	23000000	3030.1577
6000000	23000000	5009.345
7000000	23000000	5163.401
8000000	23000000	5087.854
9000000	23000000	5305.4927
10000000	23000000	5809.556
11000000	23000000	6463.3633
12000000	23000000	6133.555
13000000	23000000	3929.2236
14000000	23000000	5024.746
15000000	23000000	6289.5015
16000000	23000000	9040.937
17000000	23000000	11823.656
18000000	23000000	12923.372
19000000	23000000	16454.316
20000000	23000000	26804.123
21000000	23000000	43664.086
22000000	23000000	146436.42
23000000	23000000	647522.44
0	24000000	2315.8174
1000000	24000000	3339.251
2000000	24000000	2372.5881
3000000	24000000	2424.472
4000000	24000000	1878.9507
5000000	24000000	2138.271
6000000	24000000	3980.5488
7000000	24000000	3858.2112
8000000	24000000	4475.9463
9000000	24000000	4807.5967
10000000	24000000	4749.7607
11000000	24000000	4930.5796
12000000	24000000	4904.287
13000000	24000000	2759.4329
14000000	24000000	3869.777
15000000	24000000	5034.9917
16000000	24000000	7503.274
17000000	24000000	8232.005
18000000	24000000	7914.976
19000000	24000000	10057.327
20000000	24000000	14017.713
21000000	24000000	17971.785
22000000	24000000	28436.404
23000000	24000000	113996.586
24000000	24000000	703190.1
0	25000000	2257.2246
1000000	25000000	3223.2603
2000000	25000000	1924.6355
3000000	25000000	1978.7667
4000000	25000000	1310.2489
5000000	25000000	1492.6052
6000000	25000000	3643.0527
7000000	25000000	2894.1445
8000000	25000000	4400.828
9000000	25000000	4867.0034
10000000	25000000	4640.469
11000000	25000000	4485.153
12000000	25000000	4467.289
13000000	25000000	2206.9905
14000000	25000000	3339.7966
15000000	25000000	4678.0986
16000000	25000000	7075.2153
17000000	25000000	6787.2266
18000000	25000000	5299.379
19000000	25000000	7872.05
20000000	25000000	9791.285
21000000	25000000	12619.222
22000000	25000000	15790.1455
23000000	25000000	29083.695
24000000	25000000	140708.67
25000000	25000000	700219.25
0	26000000	2826.3335
1000000	26000000	4557.9854
2000000	26000000	2481.309
3000000	26000000	2223.2341
4000000	26000000	1536.1118
5000000	26000000	1653.0542
6000000	26000000	4070.3599
7000000	26000000	3185.9695
8000000	26000000	4794.373
9000000	26000000	5891.505
10000000	26000000	5650.524
11000000	26000000	5650.3223
12000000	26000000	4477.8154
13000000	26000000	2014.9188
14000000	26000000	3003.3171
15000000	26000000	4429.187
16000000	26000000	7707.1616
17000000	26000000	6448.3438
18000000	26000000	5072.247
19000000	26000000	8390.302
20000000	26000000	9651.723
21000000	26000000	12756.083
22000000	26000000	14824.097
23000000	26000000	22537.215
24000000	26000000	40513.586
25000000	26000000	146048.17
26000000	26000000	663358.4
0	27000000	3349.543
1000000	27000000	4691.5933
2000000	27000000	2033.8937
3000000	27000000	1727.9524
4000000	27000000	974.9299
5000000	27000000	1079.3307
6000000	27000000	3475.136
7000000	27000000	2131.0251
8000000	27000000	4638.03
9000000	27000000	5822.0527
10000000	27000000	4758.927
11000000	27000000	4652.7837
12000000	27000000	3843.0737
13000000	27000000	1404.6335
14000000	27000000	2233.9736
15000000	27000000	3540.935
16000000	27000000	6875.818
17000000	27000000	4472.0703
18000000	27000000	2861.5547
19000000	27000000	5862.424
20000000	27000000	6140.3784
21000000	27000000	9082.86
22000000	27000000	9053.934
23000000	27000000	12992.369
24000000	27000000	16122.4795
25000000	27000000	22978.477
26000000	27000000	137714.97
27000000	27000000	751025.4
0	28000000	3025.7554
1000000	28000000	4928.586
2000000	28000000	2024.5815
3000000	28000000	1828.8069
4000000	28000000	931.44806
5000000	28000000	979.2391
6000000	28000000	3694.744
7000000	28000000	1953.8862
8000000	28000000	5095.9937
9000000	28000000	5728.832
10000000	28000000	4746.445
11000000	28000000	4524.008
12000000	28000000	4361.034
13000000	28000000	1245.747
14000000	28000000	2249.9253
15000000	28000000	3793.1199
16000000	28000000	7236.0356
17000000	28000000	4134.812
18000000	28000000	2381.3167
19000000	28000000	5788.4844
20000000	28000000	5086.0967
21000000	28000000	8285.806
22000000	28000000	7243.0303
23000000	28000000	10334.648
24000000	28000000	11307.111
25000000	28000000	14774.119
26000000	28000000	28241.74
27000000	28000000	133417.06
28000000	28000000	754152.1
0	29000000	1970.9044
1000000	29000000	3588.7397
2000000	29000000	4408.251
3000000	29000000	4345.096
4000000	29000000	4092.9868
5000000	29000000	5041.439
6000000	29000000	5883.552
7000000	29000000	6731.3784
8000000	29000000	4119.4097
9000000	29000000	3522.8381
10000000	29000000	4558.1626
11000000	29000000	5426.4614
12000000	29000000	6238.563
13000000	29000000	4948.5605
14000000	29000000	6154.819
15000000	29000000	6724.9707
16000000	29000000	6579.795
17000000	29000000	9398.036
18000000	29000000	11612.509
19000000	29000000	10026.427
20000000	29000000	10924.816
21000000	29000000	8660.716
22000000	29000000	10197.028
23000000	29000000	11093.429
24000000	29000000	9909.039
25000000	29000000	10244.228
26000000	29000000	15229.776
27000000	29000000	20222.76
28000000	29000000	112374.39
29000000	29000000	567954.06
0	30000000	1203.8239
1000000	30000000	2691.4006
2000000	30000000	6979.031
3000000	30000000	7356.599
4000000	30000000	9489.426
5000000	30000000	11509.369
6000000	30000000	5901.688
7000000	30000000	11677.061
8000000	30000000	2861.2886
9000000	30000000	2301.2827
10000000	30000000	3961.3376
11000000	30000000	5666.2974
12000000	30000000	7514.6772
13000000	30000000	9312.989
14000000	30000000	10758.556
15000000	30000000	8435.622
16000000	30000000	5083.821
17000000	30000000	12797.682
18000000	30000000	23723.385
19000000	30000000	11807.694
20000000	30000000	14129.629
21000000	30000000	6801.8604
22000000	30000000	11642.535
23000000	30000000	10070.563
24000000	30000000	8437.288
25000000	30000000	6939.1045
26000000	30000000	8565.527
27000000	30000000	7148.0054
28000000	30000000	11443.911
29000000	30000000	171016.52
30000000	30000000	552699.94
0	31000000	2398.3135
1000000	31000000	4136.321
2000000	31000000	4632.1025
3000000	31000000	4500.196
4000000	31000000	3623.2043
5000000	31000000	4084.9766
6000000	31000000	6041.976
7000000	31000000	5700.3594
8000000	31000000	4390.3237
9000000	31000000	4199.91
10000000	31000000	4657.817
11000000	31000000	5750.119
12000000	31000000	6201.9287
13000000	31000000	4178.6016
14000000	31000000	5505.26
15000000	31000000	6259.9453
16000000	31000000	7016.5474
17000000	31000000	8689.286
18000000	31000000	8917.665
19000000	31000000	9277.853
20000000	31000000	9428.484
21000000	31000000	7980.8735
22000000	31000000	9051.346
23000000	31000000	9469.3955
24000000	31000000	8489.917
25000000	31000000	8571.769
26000000	31000000	11121.63
27000000	31000000	12057.889
28000000	31000000	21257.94
29000000	31000000	75977.65
30000000	31000000	119287.664
31000000	31000000	582305.8
0	32000000	3158.7314
1000000	32000000	4921.217
2000000	32000000	2494.0479
3000000	32000000	2344.556
4000000	32000000	1292.0801
5000000	32000000	1392.7212
6000000	32000000	4346.7773
7000000	32000000	2692.1072
8000000	32000000	4989.3755
9000000	32000000	5546.4033
10000000	32000000	4635.503
11000000	32000000	4886.586
12000000	32000000	4615.091
13000000	32000000	1775.9557
14000000	32000000	2735.9744
15000000	32000000	4230.7793
16000000	32000000	7068.065
17000000	32000000	4907.57
18000000	32000000	3208.2502
19000000	32000000	5883.844
20000000	32000000	5349.3896
21000000	32000000	6761.791
22000000	32000000	6257.68
23000000	32000000	7526.417
24000000	32000000	7315.146
25000000	32000000	7952.696
26000000	32000000	10553.676
27000000	32000000	13133.206
28000000	32000000	19402.83
29000000	32000000	18375.96
30000000	32000000	15040.911
31000000	32000000	126844.84
32000000	32000000	706650.8
0	33000000	2470.1138
1000000	33000000	4283.998
2000000	33000000	3636.0037
3000000	33000000	3445.8164
4000000	33000000	2452.0269
5000000	33000000	2754.91
6000000	33000000	5838.1167
7000000	33000000	4316.067
8000000	33000000	4786.7764
9000000	33000000	4583.3823
10000000	33000000	4500.2627
11000000	33000000	5101.772
12000000	33000000	5743.0176
13000000	33000000	3078.4375
14000000	33000000	4273.2563
15000000	33000000	5724.9756
16000000	33000000	7071.995
17000000	33000000	6566.2314
18000000	33000000	5402.0615
19000000	33000000	7499.882
20000000	33000000	6951.7554
21000000	33000000	6647.365
22000000	33000000	6538.92
23000000	33000000	7448.83
24000000	33000000	6585.0103
25000000	33000000	6823.4614
26000000	33000000	8473.821
27000000	33000000	8630.019
28000000	33000000	11504.085
29000000	33000000	16118.547
30000000	33000000	16196.923
31000000	33000000	34690.953
32000000	33000000	135667.27
33000000	33000000	644230.94
0	34000000	1218.6443
1000000	34000000	2337.9917
2000000	34000000	5935.2705
3000000	34000000	6220.2754
4000000	34000000	9035.753
5000000	34000000	10679.643
6000000	34000000	5310.9253
7000000	34000000	10225.337
8000000	34000000	2700.3984
9000000	34000000	2024.7043
10000000	34000000	3268.894
11000000	34000000	4665.3877
12000000	34000000	6961.694
13000000	34000000	8707.175
14000000	34000000	10852.216
15000000	34000000	7731.258
16000000	34000000	4285.4634
17000000	34000000	9729.388
18000000	34000000	17878.047
19000000	34000000	9045.686
20000000	34000000	10324.962
21000000	34000000	4920.245
22000000	34000000	7599.4785
23000000	34000000	6459.4727
24000000	34000000	5461.0356
25000000	34000000	4371.921
26000000	34000000	4578.2544
27000000	34000000	3336.456
28000000	34000000	3555.7444
29000000	34000000	18589.375
30000000	34000000	38902.656
31000000	34000000	21587.572
32000000	34000000	14006.691
33000000	34000000	83029.52
34000000	34000000	562547.44
0	35000000	1948.7247
1000000	35000000	3265.7253
2000000	35000000	3722.4604
3000000	35000000	3792.681
4000000	35000000	3610.7573
5000000	35000000	4119.348
6000000	35000000	5299.9478
7000000	35000000	5369.2505
8000000	35000000	4050.2712
9000000	35000000	3398.7588
10000000	35000000	3855.999
11000000	35000000	4526.9507
12000000	35000000	5640.1387
13000000	35000000	4056.1604
14000000	35000000	5445.774
15000000	35000000	5504.296
16000000	35000000	5477.6016
17000000	35000000	6756.9697
18000000	35000000	7276.7046
19000000	35000000	7392.5967
20000000	35000000	7109.994
21000000	35000000	5576.4575
22000000	35000000	5794.889
23000000	35000000	5743.831
24000000	35000000	5160.5703
25000000	35000000	5115.576
26000000	35000000	5744.6743
27000000	35000000	5360.516
28000000	35000000	6623.909
29000000	35000000	12475.892
30000000	35000000	15497.664
31000000	35000000	15175.332
32000000	35000000	15691.2295
33000000	35000000	45542.883
34000000	35000000	145743.83
35000000	35000000	587496.56
0	36000000	2848.8342
1000000	36000000	4531.307
2000000	36000000	2817.7383
3000000	36000000	2790.1204
4000000	36000000	1586.291
5000000	36000000	1889.869
6000000	36000000	5520.2896
7000000	36000000	3286.6545
8000000	36000000	4797.516
9000000	36000000	4851.3594
10000000	36000000	4951.199
11000000	36000000	5134.2803
12000000	36000000	5008.403
13000000	36000000	2309.3838
14000000	36000000	3121.6487
15000000	36000000	4630.954
16000000	36000000	6950.1196
17000000	36000000	5401.981
18000000	36000000	3820.0012
19000000	36000000	6856.178
20000000	36000000	5732.4355
21000000	36000000	6288.869
22000000	36000000	5458.936
23000000	36000000	6146.073
24000000	36000000	5566.758
25000000	36000000	5722.777
26000000	36000000	7480.548
27000000	36000000	7687.2036
28000000	36000000	9279.128
29000000	36000000	9281.765
30000000	36000000	6956.0513
31000000	36000000	12146.084
32000000	36000000	15792.488
33000000	36000000	24078.545
34000000	36000000	20185.225
35000000	36000000	134144.0
36000000	36000000	666410.44
0	37000000	1373.2881
1000000	37000000	2736.391
2000000	37000000	5286.307
3000000	37000000	5339.7383
4000000	37000000	5712.1743
5000000	37000000	7149.551
6000000	37000000	5585.1255
7000000	37000000	9204.607
8000000	37000000	3039.0566
9000000	37000000	2683.898
10000000	37000000	4099.8276
11000000	37000000	5675.3823
12000000	37000000	6044.8857
13000000	37000000	6272.106
14000000	37000000	7212.1113
15000000	37000000	6384.643
16000000	37000000	4793.0596
17000000	37000000	9637.6045
18000000	37000000	14773.293
19000000	37000000	8911.187
20000000	37000000	9492.735
21000000	37000000	5165.265
22000000	37000000	7751.0737
23000000	37000000	6462.752
24000000	37000000	5379.4326
25000000	37000000	4377.839
26000000	37000000	5027.9795
27000000	37000000	3525.1233
28000000	37000000	3306.5234
29000000	37000000	12478.215
30000000	37000000	21974.191
31000000	37000000	12495.0625
32000000	37000000	6907.2363
33000000	37000000	14480.998
34000000	37000000	39924.258
35000000	37000000	30166.299
36000000	37000000	83981.66
37000000	37000000	614011.94
0	38000000	2108.4302
1000000	38000000	3269.7688
2000000	38000000	2990.586
3000000	38000000	2948.567
4000000	38000000	2457.3477
5000000	38000000	2630.3496
6000000	38000000	4449.032
7000000	38000000	4268.398
8000000	38000000	3749.0667
9000000	38000000	3614.0264
10000000	38000000	4032.3694
11000000	38000000	4681.3516
12000000	38000000	4588.6855
13000000	38000000	2778.7205
14000000	38000000	3880.5789
15000000	38000000	4150.4224
16000000	38000000	5100.8896
17000000	38000000	5474.289
18000000	38000000	5153.8594
19000000	38000000	6074.895
20000000	38000000	5802.4575
21000000	38000000	5153.6685
22000000	38000000	5192.797
23000000	38000000	5211.04
24000000	38000000	4922.7334
25000000	38000000	4705.324
26000000	38000000	5538.402
27000000	38000000	4832.8564
28000000	38000000	5313.0933
29000000	38000000	7331.345
30000000	38000000	7842.797
31000000	38000000	8575.788
32000000	38000000	8064.912
33000000	38000000	11925.752
34000000	38000000	13461.634
35000000	38000000	16855.564
36000000	38000000	37592.05
37000000	38000000	108476.055
38000000	38000000	605093.44
0	39000000	1671.2654
1000000	39000000	2820.597
2000000	39000000	2084.0496
3000000	39000000	2057.8013
4000000	39000000	1683.1772
5000000	39000000	1830.2382
6000000	39000000	3262.7637
7000000	39000000	3175.3708
8000000	39000000	3448.6753
9000000	39000000	3592.2964
10000000	39000000	3790.491
11000000	39000000	3963.2014
12000000	39000000	3681.242
13000000	39000000	2039.9569
14000000	39000000	2958.9646
15000000	39000000	3368.2861
16000000	39000000	4527.776
17000000	39000000	4166.3843
18000000	39000000	3777.903
19000000	39000000	4889.063
20000000	39000000	4636.925
21000000	39000000	4564.386
22000000	39000000	4304.0454
23000000	39000000	4798.435
24000000	39000000	4319.9595
25000000	39000000	4393.1484
26000000	39000000	5331.6226
27000000	39000000	4921.336
28000000	39000000	5516.384
29000000	39000000	5703.7295
30000000	39000000	5533.9067
31000000	39000000	6867.613
32000000	39000000	7161.3833
33000000	39000000	9327.522
34000000	39000000	9249.425
35000000	39000000	11919.676
36000000	39000000	20962.414
37000000	39000000	35476.86
38000000	39000000	197416.73
39000000	39000000	630901.3
0	40000000	2412.285
1000000	40000000	3544.471
2000000	40000000	1531.8019
3000000	40000000	1471.2479
4000000	40000000	846.08075
5000000	40000000	831.7151
6000000	40000000	2871.1282
7000000	40000000	1690.143
8000000	40000000	4033.2344
9000000	40000000	4532.6284
10000000	40000000	3654.7664
11000000	40000000	3407.5574
12000000	40000000	3044.21
13000000	40000000	870.94073
14000000	40000000	1792.4135
15000000	40000000	2777.7905
16000000	40000000	4854.922
17000000	40000000	2871.2588
18000000	40000000	1598.3629
19000000	40000000	3498.1282
20000000	40000000	3189.073
21000000	40000000	4113.5854
22000000	40000000	3454.733
23000000	40000000	4230.945
24000000	40000000	4352.1074
25000000	40000000	4647.709
26000000	40000000	5497.156
27000000	40000000	6160.1914
28000000	40000000	6791.874
29000000	40000000	3851.766
30000000	40000000	2374.4082
31000000	40000000	5382.1597
32000000	40000000	8219.218
33000000	40000000	7598.7534
34000000	40000000	3836.0776
35000000	40000000	8257.497
36000000	40000000	15136.156
37000000	40000000	10239.693
38000000	40000000	29871.207
39000000	40000000	128981.52
40000000	40000000	749408.25
0	41000000	1815.3306
1000000	41000000	2589.3188
2000000	41000000	2175.5325
3000000	41000000	2088.7766
4000000	41000000	1728.9032
5000000	41000000	1877.405
6000000	41000000	3363.3267
7000000	41000000	3356.6023
8000000	41000000	3755.7395
9000000	41000000	3586.51
10000000	41000000	3806.5464
11000000	41000000	3749.3767
12000000	41000000	3629.2493
13000000	41000000	2169.545
14000000	41000000	3133.255
15000000	41000000	3785.7036
16000000	41000000	4451.102
17000000	41000000	4451.4736
18000000	41000000	3716.7512
19000000	41000000	4409.7217
20000000	41000000	4702.335
21000000	41000000	4422.4067
22000000	41000000	4255.362
23000000	41000000	4645.3926
24000000	41000000	4279.743
25000000	41000000	4134.2725
26000000	41000000	4802.0474
27000000	41000000	4272.255
28000000	41000000	4343.459
29000000	41000000	4923.6396
30000000	41000000	4980.776
31000000	41000000	6108.4243
32000000	41000000	6008.5547
33000000	41000000	7416.0024
34000000	41000000	7574.012
35000000	41000000	9429.268
36000000	41000000	11617.369
37000000	41000000	14277.809
38000000	41000000	18597.88
39000000	41000000	23911.48
40000000	41000000	105303.66
41000000	41000000	636863.5
0	42000000	1563.5841
1000000	42000000	2249.279
2000000	42000000	1876.8916
3000000	42000000	1798.1788
4000000	42000000	1625.4733
5000000	42000000	1817.4158
6000000	42000000	3108.9075
7000000	42000000	2947.8184
8000000	42000000	3511.1843
9000000	42000000	3058.827
10000000	42000000	3074.2498
11000000	42000000	3050.2122
12000000	42000000	3459.0366
13000000	42000000	2116.6006
14000000	42000000	3087.7368
15000000	42000000	3362.6453
16000000	42000000	3857.5225
17000000	42000000	3935.2039
18000000	42000000	3272.857
19000000	42000000	3699.2258
20000000	42000000	4049.992
21000000	42000000	3603.5796
22000000	42000000	3528.8887
23000000	42000000	3869.0122
24000000	42000000	3545.2407
25000000	42000000	3664.9517
26000000	42000000	3750.4827
27000000	42000000	3557.9885
28000000	42000000	3619.0312
29000000	42000000	4197.223
30000000	42000000	4395.2383
31000000	42000000	5119.59
32000000	42000000	4810.268
33000000	42000000	6087.865
34000000	42000000	6677.8403
35000000	42000000	7447.5005
36000000	42000000	8403.34
37000000	42000000	10143.461
38000000	42000000	11856.067
39000000	42000000	12967.152
40000000	42000000	22691.377
41000000	42000000	128617.734
42000000	42000000	668705.8
0	43000000	2373.1711
1000000	43000000	3667.604
2000000	43000000	2752.4773
3000000	43000000	2341.0906
4000000	43000000	1748.8615
5000000	43000000	1888.9321
6000000	43000000	3741.953
7000000	43000000	3124.7834
8000000	43000000	3416.6775
9000000	43000000	3798.3213
10000000	43000000	3849.6548
11000000	43000000	4154.1274
12000000	43000000	3474.3145
13000000	43000000	1861.219
14000000	43000000	2686.8088
15000000	43000000	3236.3052
16000000	43000000	4420.2236
17000000	43000000	4147.8394
18000000	43000000	3164.164
19000000	43000000	4657.076
20000000	43000000	4330.0317
21000000	43000000	3825.8142
22000000	43000000	3674.8542
23000000	43000000	4089.6826
24000000	43000000	3787.3481
25000000	43000000	3788.198
26000000	43000000	4572.259
27000000	43000000	4347.909
28000000	43000000	4023.7856
29000000	43000000	4402.407
30000000	43000000	4174.0396
31000000	43000000	5234.71
32000000	43000000	5307.3364
33000000	43000000	6257.0264
34000000	43000000	5830.086
35000000	43000000	7329.85
36000000	43000000	9279.36
37000000	43000000	9999.232
38000000	43000000	11530.062
39000000	43000000	11993.792
40000000	43000000	17341.666
41000000	43000000	44174.19
42000000	43000000	130626.14
43000000	43000000	641609.4
0	44000000	2442.009
1000000	44000000	3487.6648
2000000	44000000	2943.247
3000000	44000000	2835.0537
4000000	44000000	2152.425
5000000	44000000	2561.327
6000000	44000000	4547.1133
7000000	44000000	4355.3633
8000000	44000000	3809.914
9000000	44000000	3864.6765
10000000	44000000	4736.1025
11000000	44000000	5036.8936
12000000	44000000	4205.1387
13000000	44000000	2565.2288
14000000	44000000	3330.1926
15000000	44000000	4005.8926
16000000	44000000	5345.3716
17000000	44000000	5661.168
18000000	44000000	5064.1533
19000000	44000000	5608.698
20000000	44000000	5419.171
21000000	44000000	4738.3135
22000000	44000000	4745.7925
23000000	44000000	4667.9873
24000000	44000000	4243.29
25000000	44000000	3928.3447
26000000	44000000	4861.0117
27000000	44000000	4138.085
28000000	44000000	3833.2576
29000000	44000000	5275.5625
30000000	44000000	5668.819
31000000	44000000	5949.236
32000000	44000000	5282.3633
33000000	44000000	6554.0293
34000000	44000000	7512.9463
35000000	44000000	7789.9565
36000000	44000000	9147.913
37000000	44000000	12134.411
38000000	44000000	11190.914
39000000	44000000	10779.898
40000000	44000000	12119.325
41000000	44000000	24548.191
42000000	44000000	31737.316
43000000	44000000	152457.89
44000000	44000000	611042.7
0	45000000	2514.39
1000000	45000000	3762.1472
2000000	45000000	2424.238
3000000	45000000	2257.168
4000000	45000000	1567.6735
5000000	45000000	1787.434
6000000	45000000	4043.451
7000000	45000000	3239.5725
8000000	45000000	4103.901
9000000	45000000	4364.384
10000000	45000000	4105.9194
11000000	45000000	4660.335
12000000	45000000	4151.985
13000000	45000000	1790.7831
14000000	45000000	2748.7065
15000000	45000000	3535.6245
16000000	45000000	5905.2246
17000000	45000000	4645.7256
18000000	45000000	2926.3223
19000000	45000000	4361.045
20000000	45000000	4022.2947
21000000	45000000	3982.5696
22000000	45000000	3726.4316
23000000	45000000	4043.5889
24000000	45000000	3987.6665
25000000	45000000	3941.5918
26000000	45000000	4680.1997
27000000	45000000	4614.056
28000000	45000000	4873.311
29000000	45000000	4294.6504
30000000	45000000	3516.0403
31000000	45000000	5111.8223
32000000	45000000	5754.731
33000000	45000000	6262.526
34000000	45000000	4781.2344
35000000	45000000	6416.722
36000000	45000000	8440.005
37000000	45000000	7144.6113
38000000	45000000	8427.823
39000000	45000000	8488.289
40000000	45000000	10720.209
41000000	45000000	15093.109
42000000	45000000	16760.19
43000000	45000000	31332.729
44000000	45000000	109376.72
45000000	45000000	665203.06
0	46000000	2570.5708
1000000	46000000	4181.9985
2000000	46000000	2399.4277
3000000	46000000	2355.1626
4000000	46000000	1369.3636
5000000	46000000	1557.618
6000000	46000000	4760.9385
7000000	46000000	2882.5327
8000000	46000000	4652.099
9000000	46000000	4380.568
10000000	46000000	3899.0334
11000000	46000000	3929.9521
12000000	46000000	3821.2874
13000000	46000000	1644.7914
14000000	46000000	2347.1626
15000000	46000000	3781.2605
16000000	46000000	5425.4697
17000000	46000000	3474.5566
18000000	46000000	2257.5432
19000000	46000000	3853.6929
20000000	46000000	3247.6272
21000000	46000000	3927.19
22000000	46000000	3118.5813
23000000	46000000	3712.447
24000000	46000000	3440.034
25000000	46000000	3664.975
26000000	46000000	4303.116
27000000	46000000	4432.5107
28000000	46000000	5349.056
29000000	46000000	3900.768
30000000	46000000	2789.6672
31000000	46000000	4766.0664
32000000	46000000	6223.7563
33000000	46000000	6276.5713
34000000	46000000	3572.7964
35000000	46000000	6187.625
36000000	46000000	8480.067
37000000	46000000	5230.4614
38000000	46000000	7010.0947
39000000	46000000	7466.3574
40000000	46000000	10211.197
41000000	46000000	10666.788
42000000	46000000	11036.183
43000000	46000000	14930.003
44000000	46000000	23294.44
45000000	46000000	124735.01
46000000	46000000	660654.56
0	47000000	1459.3538
1000000	47000000	2632.8328
2000000	47000000	4188.085
3000000	47000000	4339.4
4000000	47000000	4102.2354
5000000	47000000	5071.1807
6000000	47000000	5839.1455
7000000	47000000	5662.0303
8000000	47000000	2947.5024
9000000	47000000	2119.062
10000000	47000000	2688.402
11000000	47000000	3259.0708
12000000	47000000	4592.9624
13000000	47000000	3917.319
14000000	47000000	5059.1084
15000000	47000000	4829.778
16000000	47000000	3600.5452
17000000	47000000	4757.6724
18000000	47000000	5382.0986
19000000	47000000	4508.1875
20000000	47000000	4228.7603
21000000	47000000	2946.4646
22000000	47000000	3012.8672
23000000	47000000	2903.0994
24000000	47000000	2402.4358
25000000	47000000	2318.3872
26000000	47000000	2461.0903
27000000	47000000	1976.4857
28000000	47000000	2200.3271
29000000	47000000	4727.879
30000000	47000000	6357.9424
31000000	47000000	4986.3867
32000000	47000000	3259.2324
33000000	47000000	5276.836
34000000	47000000	8266.053
35000000	47000000	6396.5347
36000000	47000000	5512.577
37000000	47000000	8777.605
38000000	47000000	6278.321
39000000	47000000	5190.9873
40000000	47000000	4122.3364
41000000	47000000	7912.5044
42000000	47000000	8202.43
43000000	47000000	9451.502
44000000	47000000	14806.412
45000000	47000000	18534.65
46000000	47000000	89468.65
47000000	47000000	515556.53
0	48000000	624.096
1000000	48000000	1439.0789
2000000	48000000	3503.5479
3000000	48000000	4181.2095
4000000	48000000	6005.0444
5000000	48000000	7919.339
6000000	48000000	3785.097
7000000	48000000	5639.834
8000000	48000000	1433.9749
9000000	48000000	1017.97205
10000000	48000000	1525.9523
11000000	48000000	2056.663
12000000	48000000	3469.6824
13000000	48000000	4881.864
14000000	48000000	5670.059
15000000	48000000	4193.842
16000000	48000000	1937.4595
17000000	48000000	3951.486
18000000	48000000	6636.8545
19000000	48000000	3217.24
20000000	48000000	3338.6035
21000000	48000000	1590.1785
22000000	48000000	2183.836
23000000	48000000	1835.205
24000000	48000000	1612.4661
25000000	48000000	1469.9679
26000000	48000000	1345.6971
27000000	48000000	962.6711
28000000	48000000	931.82855
29000000	48000000	3752.8042
30000000	48000000	7422.958
31000000	48000000	3352.6587
32000000	48000000	1668.7747
33000000	48000000	3099.4937
34000000	48000000	9603.033
35000000	48000000	4503.8936
36000000	48000000	2809.614
37000000	48000000	7895.7007
38000000	48000000	3811.893
39000000	48000000	3117.171
40000000	48000000	1964.5139
41000000	48000000	4879.917
42000000	48000000	4985.286
43000000	48000000	4937.3306
44000000	48000000	8051.981
45000000	48000000	7187.684
46000000	48000000	14206.405
47000000	48000000	133564.75
48000000	48000000	502574.4
0	49000000	473.46832
1000000	49000000	986.2891
2000000	49000000	2863.276
3000000	49000000	3121.0774
4000000	49000000	6763.2373
5000000	49000000	7509.949
6000000	49000000	2273.9219
7000000	49000000	3577.8916
8000000	49000000	1015.1819
9000000	49000000	628.9539
10000000	49000000	999.04114
11000000	49000000	1265.6229
12000000	49000000	2451.4631
13000000	49000000	3980.123
14000000	49000000	4907.5747
15000000	49000000	2802.4592
16000000	49000000	1147.9049
17000000	49000000	2326.8196
18000000	49000000	4166.36
19000000	49000000	1962.5098
20000000	49000000	2253.453
21000000	49000000	1035.5277
22000000	49000000	1335.9855
23000000	49000000	1225.0427
24000000	49000000	1089.9747
25000000	49000000	1035.2499
26000000	49000000	923.69446
27000000	49000000	765.7373
28000000	49000000	757.3715
29000000	49000000	2513.2715
30000000	49000000	4937.8857
31000000	49000000	2296.2065
32000000	49000000	1226.1813
33000000	49000000	2228.5078
34000000	49000000	6850.4917
35000000	49000000	3194.2063
36000000	49000000	1863.2821
37000000	49000000	4824.656
38000000	49000000	2597.1765
39000000	49000000	2277.3467
40000000	49000000	1575.7928
41000000	49000000	3223.7173
42000000	49000000	3444.6467
43000000	49000000	3417.0264
44000000	49000000	4698.5547
45000000	49000000	4259.137
46000000	49000000	5937.952
47000000	49000000	24658.67
48000000	49000000	95487.1
49000000	49000000	540350.6
0	50000000	413.58878
1000000	50000000	922.79144
2000000	50000000	2434.9883
3000000	50000000	2715.106
4000000	50000000	5863.4814
5000000	50000000	6332.63
6000000	50000000	2102.8462
7000000	50000000	3213.8032
8000000	50000000	1035.9164
9000000	50000000	639.0642
10000000	50000000	944.40784
11000000	50000000	1158.1958
12000000	50000000	2243.8804
13000000	50000000	3167.8564
14000000	50000000	4400.257
15000000	50000000	2694.7773
16000000	50000000	1129.3271
17000000	50000000	2114.5122
18000000	50000000	3444.272
19000000	50000000	1769.2244
20000000	50000000	1964.5154
21000000	50000000	1011.6163
22000000	50000000	1192.8083
23000000	50000000	1136.8231
24000000	50000000	1012.84924
25000000	50000000	921.7176
26000000	50000000	860.189
27000000	50000000	709.17926
28000000	50000000	753.38403
29000000	50000000	2254.0735
30000000	50000000	4058.2568
31000000	50000000	1982.4591
32000000	50000000	1167.2703
33000000	50000000	2021.3
34000000	50000000	5980.822
35000000	50000000	3043.978
36000000	50000000	1774.7631
37000000	50000000	4182.5103
38000000	50000000	2419.668
39000000	50000000	2000.3872
40000000	50000000	1502.6531
41000000	50000000	3035.8843
42000000	50000000	3196.7551
43000000	50000000	2954.1543
44000000	50000000	3980.8389
45000000	50000000	3829.8616
46000000	50000000	5419.2295
47000000	50000000	20617.174
48000000	50000000	55898.81
49000000	50000000	170023.4
50000000	50000000	510291.12
0	51000000	1239.4208
1000000	51000000	1681.9739
2000000	51000000	1501.2563
3000000	51000000	1734.1344
4000000	51000000	1414.7268
5000000	51000000	1666.156
6000000	51000000	3071.76
7000000	51000000	2102.769
8000000	51000000	2525.0354
9000000	51000000	1924.5413
10000000	51000000	1877.3983
11000000	51000000	1751.7598
12000000	51000000	2591.9397
13000000	51000000	1683.2234
14000000	51000000	2338.2292
15000000	51000000	2688.7114
16000000	51000000	2669.3464
17000000	51000000	2086.7085
18000000	51000000	1552.4358
19000000	51000000	2119.937
20000000	51000000	1900.731
21000000	51000000	2045.2325
22000000	51000000	1624.3251
23000000	51000000	1863.2432
24000000	51000000	1881.8145
25000000	51000000	1929.8016
26000000	51000000	1791.4432
27000000	51000000	1891.359
28000000	51000000	2236.1067
29000000	51000000	2312.2676
30000000	51000000	1981.3201
31000000	51000000	2633.8103
32000000	51000000	2632.1294
33000000	51000000	3270.418
34000000	51000000	2800.0315
35000000	51000000	3428.027
36000000	51000000	3525.268
37000000	51000000	2780.8882
38000000	51000000	3053.3833
39000000	51000000	3032.369
40000000	51000000	3556.6882
41000000	51000000	4498.2397
42000000	51000000	4579.1636
43000000	51000000	3931.389
44000000	51000000	4813.86
45000000	51000000	6374.209
46000000	51000000	11511.196
47000000	51000000	18377.527
48000000	51000000	20612.672
49000000	51000000	27737.219
50000000	51000000	92394.52
51000000	51000000	586133.1
0	52000000	1746.1584
1000000	52000000	2651.7947
2000000	52000000	1659.5239
3000000	52000000	1688.3622
4000000	52000000	976.1331
5000000	52000000	1200.7184
6000000	52000000	3490.0662
7000000	52000000	2349.4678
8000000	52000000	3613.5957
9000000	52000000	3249.3506
10000000	52000000	3082.1045
11000000	52000000	2831.1184
12000000	52000000	2883.4065
13000000	52000000	1265.7642
14000000	52000000	1855.3768
15000000	52000000	2757.7659
16000000	52000000	3891.4148
17000000	52000000	2405.114
18000000	52000000	1583.4923
19000000	52000000	2893.242
20000000	52000000	2603.6042
21000000	52000000	3093.8945
22000000	52000000	2363.312
23000000	52000000	2758.7634
24000000	52000000	2800.9849
25000000	52000000	2810.9846
26000000	52000000	3180.7585
27000000	52000000	2968.409
28000000	52000000	3293.9763
29000000	52000000	2841.1099
30000000	52000000	1994.6759
31000000	52000000	3361.3503
32000000	52000000	4065.8052
33000000	52000000	4179.321
34000000	52000000	2441.3484
35000000	52000000	4095.1482
36000000	52000000	5188.1475
37000000	52000000	3158.2368
38000000	52000000	4105.4536
39000000	52000000	4386.787
40000000	52000000	5083.307
41000000	52000000	5681.905
42000000	52000000	5317.6177
43000000	52000000	5716.142
44000000	52000000	6805.2197
45000000	52000000	8888.518
46000000	52000000	13848.728
47000000	52000000	12680.765
48000000	52000000	8358.036
49000000	52000000	7545.714
50000000	52000000	12961.907
51000000	52000000	127275.27
52000000	52000000	601820.25
0	53000000	1840.4303
1000000	53000000	2663.5627
2000000	53000000	2154.0042
3000000	53000000	2297.5417
4000000	53000000	1531.8322
5000000	53000000	1911.5427
6000000	53000000	4223.0254
7000000	53000000	3521.6958
8000000	53000000	3551.8535
9000000	53000000	3134.5005
10000000	53000000	3472.5503
11000000	53000000	3573.1887
12000000	53000000	3357.303
13000000	53000000	2066.2478
14000000	53000000	2647.572
15000000	53000000	3319.6619
16000000	53000000	4047.7715
17000000	53000000	3706.4167
18000000	53000000	2981.4404
19000000	53000000	3650.5935
20000000	53000000	3729.9504
21000000	53000000	3488.3098
22000000	53000000	3199.7585
23000000	53000000	3249.3416
24000000	53000000	3089.5955
25000000	53000000	3058.2908
26000000	53000000	3312.5913
27000000	53000000	2911.9866
28000000	53000000	2950.2742
29000000	53000000	3819.8923
30000000	53000000	3478.8447
31000000	53000000	4138.87
32000000	53000000	3582.6401
33000000	53000000	4518.7153
34000000	53000000	3926.4395
35000000	53000000	4540.408
36000000	53000000	5283.008
37000000	53000000	4982.296
38000000	53000000	4608.206
39000000	53000000	4578.27
40000000	53000000	4476.9136
41000000	53000000	6122.0903
42000000	53000000	5466.5586
43000000	53000000	6154.3555
44000000	53000000	7949.1006
45000000	53000000	8436.687
46000000	53000000	11658.871
47000000	53000000	13376.9795
48000000	53000000	9821.227
49000000	53000000	7239.3765
50000000	53000000	9940.334
51000000	53000000	26697.58
52000000	53000000	154168.81
53000000	53000000	568416.5
0	54000000	1549.3549
1000000	54000000	2376.0852
2000000	54000000	2344.8882
3000000	54000000	2539.219
4000000	54000000	1895.4087
5000000	54000000	2390.2903
6000000	54000000	4372.9272
7000000	54000000	3967.939
8000000	54000000	3127.5303
9000000	54000000	2688.6606
10000000	54000000	3136.1226
11000000	54000000	3454.6624
12000000	54000000	3449.48
13000000	54000000	2215.9321
14000000	54000000	2968.1348
15000000	54000000	3518.6938
16000000	54000000	3767.7249
17000000	54000000	3933.072
18000000	54000000	3596.767
19000000	54000000	3856.7078
20000000	54000000	3753.0605
21000000	54000000	3256.7236
22000000	54000000	3110.5237
23000000	54000000	3072.8347
24000000	54000000	2802.5415
25000000	54000000	2626.915
26000000	54000000	2890.7156
27000000	54000000	2394.962
28000000	54000000	2456.4973
29000000	54000000	3659.232
30000000	54000000	4129.377
31000000	54000000	3926.26
32000000	54000000	3178.7603
33000000	54000000	4048.902
34000000	54000000	4495.287
35000000	54000000	4249.4937
36000000	54000000	4679.902
37000000	54000000	5499.515
38000000	54000000	4520.9126
39000000	54000000	4025.793
40000000	54000000	3636.0752
41000000	54000000	5465.7817
42000000	54000000	4898.0063
43000000	54000000	5276.1675
44000000	54000000	7318.1455
45000000	54000000	6778.307
46000000	54000000	9654.938
47000000	54000000	13504.536
48000000	54000000	10902.007
49000000	54000000	7388.058
50000000	54000000	8886.658
51000000	54000000	16276.511
52000000	54000000	30175.777
53000000	54000000	113471.57
54000000	54000000	571204.3
0	55000000	1066.3748
1000000	55000000	1641.976
2000000	55000000	1979.4463
3000000	55000000	2335.5742
4000000	55000000	2017.4535
5000000	55000000	2479.8271
6000000	55000000	3641.598
7000000	55000000	3025.7021
8000000	55000000	2285.2048
9000000	55000000	1676.3014
10000000	55000000	2034.5264
11000000	55000000	2177.9375
12000000	55000000	2867.7817
13000000	55000000	2297.9443
14000000	55000000	2879.8088
15000000	55000000	3138.0762
16000000	55000000	2557.1648
17000000	55000000	2934.1646
18000000	55000000	2887.2244
19000000	55000000	3014.8936
20000000	55000000	2777.4124
21000000	55000000	2156.7036
22000000	55000000	2144.3765
23000000	55000000	2057.8408
24000000	55000000	2010.2463
25000000	55000000	2046.8091
26000000	55000000	1940.0029
27000000	55000000	1573.2339
28000000	55000000	1731.8187
29000000	55000000	2798.4585
30000000	55000000	3309.5706
31000000	55000000	2994.2036
32000000	55000000	2297.0527
33000000	55000000	3303.38
34000000	55000000	4059.1536
35000000	55000000	3547.1653
36000000	55000000	3239.279
37000000	55000000	4036.3083
38000000	55000000	3233.3804
39000000	55000000	2897.242
40000000	55000000	2649.868
41000000	55000000	4388.982
42000000	55000000	4205.8906
43000000	55000000	3919.3892
44000000	55000000	4875.224
45000000	55000000	4703.1177
46000000	55000000	7171.43
47000000	55000000	12463.473
48000000	55000000	12066.01
49000000	55000000	9261.517
50000000	55000000	10918.545
51000000	55000000	14962.895
52000000	55000000	17305.56
53000000	55000000	32673.113
54000000	55000000	140913.52
55000000	55000000	504155.34
0	56000000	649.2354
1000000	56000000	864.1437
2000000	56000000	1616.4551
3000000	56000000	1816.0176
4000000	56000000	2708.7915
5000000	56000000	3124.6023
6000000	56000000	1997.5637
7000000	56000000	2632.7927
8000000	56000000	1483.9468
9000000	56000000	953.706
10000000	56000000	1028.7614
11000000	56000000	1222.5189
12000000	56000000	2196.9111
13000000	56000000	2331.6572
14000000	56000000	3279.3408
15000000	56000000	2474.7168
16000000	56000000	1351.9823
17000000	56000000	2001.18
18000000	56000000	2975.132
19000000	56000000	1828.9204
20000000	56000000	2025.3047
21000000	56000000	1212.3745
22000000	56000000	1337.5483
23000000	56000000	1224.889
24000000	56000000	1286.8138
25000000	56000000	1340.0538
26000000	56000000	1025.2162
27000000	56000000	923.5846
28000000	56000000	1021.6342
29000000	56000000	1996.5275
30000000	56000000	3228.6423
31000000	56000000	1928.06
32000000	56000000	1233.9697
33000000	56000000	2041.9487
34000000	56000000	4323.1357
35000000	56000000	2613.9285
36000000	56000000	1678.515
37000000	56000000	3194.0361
38000000	56000000	2166.548
39000000	56000000	1856.7382
40000000	56000000	1651.6615
41000000	56000000	3030.077
42000000	56000000	3183.1514
43000000	56000000	2345.7556
44000000	56000000	3110.536
45000000	56000000	2974.762
46000000	56000000	3903.7205
47000000	56000000	9033.713
48000000	56000000	13272.719
49000000	56000000	13415.1875
50000000	56000000	14138.609
51000000	56000000	9756.312
52000000	56000000	7517.8477
53000000	56000000	11324.624
54000000	56000000	19059.252
55000000	56000000	112419.12
56000000	56000000	560746.75
0	57000000	456.46008
1000000	57000000	753.2538
2000000	57000000	1524.233
3000000	57000000	1744.2211
4000000	57000000	2850.5254
5000000	57000000	3665.0725
6000000	57000000	1773.1019
7000000	57000000	2769.951
8000000	57000000	1010.264
9000000	57000000	682.2718
10000000	57000000	886.66376
11000000	57000000	1082.5237
12000000	57000000	1998.1964
13000000	57000000	2628.4248
14000000	57000000	3290.666
15000000	57000000	2365.897
16000000	57000000	1085.8029
17000000	57000000	1917.0702
18000000	57000000	3272.571
19000000	57000000	1752.5493
20000000	57000000	1933.1224
21000000	57000000	1009.8507
22000000	57000000	1232.3994
23000000	57000000	1145.6885
24000000	57000000	1105.5881
25000000	57000000	1088.3607
26000000	57000000	933.84204
27000000	57000000	689.7105
28000000	57000000	665.8675
29000000	57000000	1918.8256
30000000	57000000	3622.1208
31000000	57000000	1736.1035
32000000	57000000	958.99524
33000000	57000000	1673.9398
34000000	57000000	4564.604
35000000	57000000	2297.895
36000000	57000000	1393.9525
37000000	57000000	3387.7139
38000000	57000000	1870.4626
39000000	57000000	1636.6697
40000000	57000000	1141.9231
41000000	57000000	2368.8167
42000000	57000000	2664.1917
43000000	57000000	2090.275
44000000	57000000	2868.9363
45000000	57000000	2544.0098
46000000	57000000	2972.9045
47000000	57000000	9083.713
48000000	57000000	16151.855
49000000	57000000	16587.822
50000000	57000000	16386.225
51000000	57000000	8034.76
52000000	57000000	5653.625
53000000	57000000	9457.258
54000000	57000000	15478.483
55000000	57000000	64715.844
56000000	57000000	142530.08
57000000	57000000	471855.75
0	58000000	477.77603
1000000	58000000	756.2203
2000000	58000000	1516.0901
3000000	58000000	1824.6725
4000000	58000000	2758.1606
5000000	58000000	3352.5007
6000000	58000000	1837.5736
7000000	58000000	2680.4932
8000000	58000000	1041.8336
9000000	58000000	680.2874
10000000	58000000	901.3313
11000000	58000000	1039.9952
12000000	58000000	1977.202
13000000	58000000	2615.2092
14000000	58000000	3139.1763
15000000	58000000	2217.094
16000000	58000000	1138.726
17000000	58000000	1837.1042
18000000	58000000	2987.1016
19000000	58000000	1721.0953
20000000	58000000	1844.3256
21000000	58000000	1018.67664
22000000	58000000	1187.3223
23000000	58000000	1095.944
24000000	58000000	1063.2316
25000000	58000000	1079.6644
26000000	58000000	888.4267
27000000	58000000	705.46027
28000000	58000000	686.6751
29000000	58000000	1852.1982
30000000	58000000	3358.4077
31000000	58000000	1708.155
32000000	58000000	945.81525
33000000	58000000	1629.7756
34000000	58000000	4406.0903
35000000	58000000	2249.695
36000000	58000000	1359.9899
37000000	58000000	3240.5115
38000000	58000000	1800.1008
39000000	58000000	1598.0125
40000000	58000000	1221.0095
41000000	58000000	2392.325
42000000	58000000	2565.8733
43000000	58000000	2049.1304
44000000	58000000	2759.2664
45000000	58000000	2428.0989
46000000	58000000	3178.4417
47000000	58000000	8799.009
48000000	58000000	14853.3125
49000000	58000000	15439.206
50000000	58000000	15366.136
51000000	58000000	7966.904
52000000	58000000	5436.883
53000000	58000000	8205.01
54000000	58000000	12456.78
55000000	58000000	29170.723
56000000	58000000	46729.273
57000000	58000000	151708.03
58000000	58000000	499469.16
0	59000000	902.1818
1000000	59000000	1242.7812
2000000	59000000	1179.4648
3000000	59000000	1440.7859
4000000	59000000	1144.3373
5000000	59000000	1286.5054
6000000	59000000	2286.3652
7000000	59000000	1579.138
8000000	59000000	2019.3716
9000000	59000000	1307.1735
10000000	59000000	1215.141
11000000	59000000	1215.4663
12000000	59000000	1951.7125
13000000	59000000	1176.5333
14000000	59000000	1892.7454
15000000	59000000	2043.1088
16000000	59000000	1765.8638
17000000	59000000	1434.7617
18000000	59000000	1227.3118
19000000	59000000	1593.1655
20000000	59000000	1488.0496
21000000	59000000	1373.7395
22000000	59000000	1232.466
23000000	59000000	1235.5394
24000000	59000000	1420.2559
25000000	59000000	1665.9048
26000000	59000000	1345.7432
27000000	59000000	1272.5504
28000000	59000000	1360.2002
29000000	59000000	1579.3661
30000000	59000000	1460.7207
31000000	59000000	1786.3696
32000000	59000000	1731.6223
33000000	59000000	2243.888
34000000	59000000	1987.9744
35000000	59000000	2382.6213
36000000	59000000	2184.8499
37000000	59000000	1801.0981
38000000	59000000	1956.3297
39000000	59000000	1946.5542
40000000	59000000	2316.7383
41000000	59000000	3118.1948
42000000	59000000	3438.8281
43000000	59000000	2496.0615
44000000	59000000	2938.898
45000000	59000000	3415.008
46000000	59000000	5285.1504
47000000	59000000	7116.7476
48000000	59000000	6564.283
49000000	59000000	5828.2593
50000000	59000000	6839.3105
51000000	59000000	11623.399
52000000	59000000	8519.582
53000000	59000000	8960.708
54000000	59000000	11712.746
55000000	59000000	19481.467
56000000	59000000	19363.396
57000000	59000000	27842.926
58000000	59000000	84434.37
59000000	59000000	592780.8
0	60000000	472.84344
1000000	60000000	647.4153
2000000	60000000	1076.7764
3000000	60000000	1318.0402
4000000	60000000	1926.9744
5000000	60000000	2365.1401
6000000	60000000	1451.5197
7000000	60000000	1731.6691
8000000	60000000	973.36597
9000000	60000000	702.8598
10000000	60000000	796.8002
11000000	60000000	830.94934
12000000	60000000	1524.0977
13000000	60000000	1841.3108
14000000	60000000	2217.1133
15000000	60000000	1666.9342
16000000	60000000	957.321
17000000	60000000	1275.8208
18000000	60000000	1779.4032
19000000	60000000	1222.1697
20000000	60000000	1319.0847
21000000	60000000	859.7272
22000000	60000000	891.80585
23000000	60000000	888.90045
24000000	60000000	911.346
25000000	60000000	1007.508
26000000	60000000	772.2219
27000000	60000000	665.35004
28000000	60000000	650.4413
29000000	60000000	1389.639
30000000	60000000	2131.93
31000000	60000000	1314.2571
32000000	60000000	878.6616
33000000	60000000	1393.8788
34000000	60000000	2894.3364
35000000	60000000	1823.3536
36000000	60000000	1220.9352
37000000	60000000	2022.469
38000000	60000000	1411.4349
39000000	60000000	1305.1929
40000000	60000000	1119.4623
41000000	60000000	2145.8083
42000000	60000000	2201.9517
43000000	60000000	1705.0535
44000000	60000000	2187.209
45000000	60000000	2198.1194
46000000	60000000	2881.9346
47000000	60000000	6582.744
48000000	60000000	10828.562
49000000	60000000	12248.877
50000000	60000000	12504.899
51000000	60000000	7407.8413
52000000	60000000	4464.043
53000000	60000000	5620.1743
54000000	60000000	7540.088
55000000	60000000	13635.592
56000000	60000000	19335.885
57000000	60000000	33392.355
58000000	60000000	60754.21
59000000	60000000	176574.84
60000000	60000000	454298.1
0	61000000	387.76
1000000	61000000	622.594
2000000	61000000	1088.1877
3000000	61000000	1264.4435
4000000	61000000	2196.9456
5000000	61000000	2591.0496
6000000	61000000	1345.6608
7000000	61000000	1987.1262
8000000	61000000	840.2546
9000000	61000000	533.2565
10000000	61000000	722.4214
11000000	61000000	788.8909
12000000	61000000	1545.0182
13000000	61000000	2046.6161
14000000	61000000	2517.2297
15000000	61000000	1606.1353
16000000	61000000	848.5808
17000000	61000000	1337.297
18000000	61000000	2101.2258
19000000	61000000	1251.3176
20000000	61000000	1355.3094
21000000	61000000	772.00354
22000000	61000000	902.53876
23000000	61000000	829.75745
24000000	61000000	924.70447
25000000	61000000	911.89166
26000000	61000000	701.5754
27000000	61000000	575.51385
28000000	61000000	594.46075
29000000	61000000	1418.3438
30000000	61000000	2453.4143
31000000	61000000	1207.0627
32000000	61000000	772.7164
33000000	61000000	1259.2173
34000000	61000000	3312.009
35000000	61000000	1754.6902
36000000	61000000	1090.7495
37000000	61000000	2181.8691
38000000	61000000	1372.9094
39000000	61000000	1217.6174
40000000	61000000	913.5438
41000000	61000000	1813.3219
42000000	61000000	2106.5159
43000000	61000000	1641.6658
44000000	61000000	2165.8489
45000000	61000000	1933.7301
46000000	61000000	2351.2769
47000000	61000000	6593.19
48000000	61000000	12226.66
49000000	61000000	14230.297
50000000	61000000	13809.79
51000000	61000000	6187.1445
52000000	61000000	3450.5552
53000000	61000000	4652.0815
54000000	61000000	6269.4556
55000000	61000000	10586.823
56000000	61000000	16254.853
57000000	61000000	25396.098
58000000	61000000	32016.992
59000000	61000000	22141.072
60000000	61000000	123432.58
61000000	61000000	532241.44
0	62000000	615.0186
1000000	62000000	886.4471
2000000	62000000	1159.199
3000000	62000000	1410.1665
4000000	62000000	1478.1395
5000000	62000000	1906.2372
6000000	62000000	2072.3408
7000000	62000000	1964.3939
8000000	62000000	1442.7517
9000000	62000000	890.8593
10000000	62000000	1083.6737
11000000	62000000	1144.4135
12000000	62000000	1845.1885
13000000	62000000	1614.2908
14000000	62000000	2144.0066
15000000	62000000	1923.0337
16000000	62000000	1349.0399
17000000	62000000	1511.0951
18000000	62000000	1735.0072
19000000	62000000	1613.0698
20000000	62000000	1520.2097
21000000	62000000	1204.4032
22000000	62000000	1118.977
23000000	62000000	1122.264
24000000	62000000	1233.8102
25000000	62000000	1274.1569
26000000	62000000	1038.7294
27000000	62000000	875.94244
28000000	62000000	930.9278
29000000	62000000	1745.982
30000000	62000000	2028.6731
31000000	62000000	1594.5791
32000000	62000000	1184.2946
33000000	62000000	1827.204
34000000	62000000	2673.793
35000000	62000000	2205.3555
36000000	62000000	1693.8185
37000000	62000000	2205.285
38000000	62000000	1627.0171
39000000	62000000	1665.5829
40000000	62000000	1466.5729
41000000	62000000	2652.943
42000000	62000000	2752.245
43000000	62000000	2162.4636
44000000	62000000	2860.178
45000000	62000000	2769.545
46000000	62000000	4025.6477
47000000	62000000	8267.719
48000000	62000000	10080.721
49000000	62000000	9091.678
50000000	62000000	10311.572
51000000	62000000	9741.11
52000000	62000000	6145.921
53000000	62000000	7194.7925
54000000	62000000	9277.451
55000000	62000000	12936.524
56000000	62000000	13627.259
57000000	62000000	17495.611
58000000	62000000	22561.865
59000000	62000000	24361.889
60000000	62000000	50344.906
61000000	62000000	121733.82
62000000	62000000	478110.3
0	63000000	665.3143
1000000	63000000	1045.2234
2000000	63000000	1070.406
3000000	63000000	1237.4668
4000000	63000000	1266.6168
5000000	63000000	1480.8718
6000000	63000000	1974.1821
7000000	63000000	1755.0718
8000000	63000000	1633.0273
9000000	63000000	1095.8574
10000000	63000000	1162.9036
11000000	63000000	1077.9462
12000000	63000000	1785.5046
13000000	63000000	1567.8844
14000000	63000000	1956.5565
15000000	63000000	1888.5215
16000000	63000000	1496.2493
17000000	63000000	1486.6707
18000000	63000000	1446.4976
19000000	63000000	1577.6566
20000000	63000000	1491.7217
21000000	63000000	1326.6609
22000000	63000000	1123.3179
23000000	63000000	1223.1796
24000000	63000000	1284.8683
25000000	63000000	1560.4688
26000000	63000000	1182.0273
27000000	63000000	1007.27997
28000000	63000000	1179.6603
29000000	63000000	1635.3162
30000000	63000000	1744.0654
31000000	63000000	1599.5613
32000000	63000000	1345.1974
33000000	63000000	1960.5504
34000000	63000000	2363.3442
35000000	63000000	2231.3677
36000000	63000000	2009.9281
37000000	63000000	2024.8759
38000000	63000000	1771.8286
39000000	63000000	1726.4672
40000000	63000000	1849.1726
41000000	63000000	2834.8745
42000000	63000000	3046.8542
43000000	63000000	2284.1904
44000000	63000000	2834.2566
45000000	63000000	3233.4014
46000000	63000000	4558.539
47000000	63000000	7457.3853
48000000	63000000	7817.5283
49000000	63000000	6756.8276
50000000	63000000	7822.8174
51000000	63000000	9767.455
52000000	63000000	6966.9287
53000000	63000000	7114.664
54000000	63000000	8329.754
55000000	63000000	10301.575
56000000	63000000	10356.595
57000000	63000000	11273.427
58000000	63000000	13604.26
59000000	63000000	16121.413
60000000	63000000	19920.16
61000000	63000000	28027.941
62000000	63000000	124887.69
63000000	63000000	526584.25
0	64000000	512.83466
1000000	64000000	759.8004
2000000	64000000	1058.2406
3000000	64000000	1121.3751
4000000	64000000	1522.9414
5000000	64000000	1818.8497
6000000	64000000	1510.4834
7000000	64000000	1843.9336
8000000	64000000	1109.1627
9000000	64000000	741.1135
10000000	64000000	845.41223
11000000	64000000	967.46313
12000000	64000000	1574.238
13000000	64000000	1535.8978
14000000	64000000	2101.8977
15000000	64000000	1727.8329
16000000	64000000	1049.2737
17000000	64000000	1461.8713
18000000	64000000	1870.7617
19000000	64000000	1414.4026
20000000	64000000	1398.7511
21000000	64000000	949.41943
22000000	64000000	996.3756
23000000	64000000	965.61865
24000000	64000000	1066.8324
25000000	64000000	1170.2644
26000000	64000000	845.18646
27000000	64000000	704.0514
28000000	64000000	722.7445
29000000	64000000	1465.5479
30000000	64000000	2147.5952
31000000	64000000	1346.6267
32000000	64000000	972.2365
33000000	64000000	1430.6995
34000000	64000000	2783.5693
35000000	64000000	1832.4005
36000000	64000000	1294.5469
37000000	64000000	2332.9163
38000000	64000000	1530.8663
39000000	64000000	1409.0255
40000000	64000000	1136.5992
41000000	64000000	2236.6968
42000000	64000000	2395.113
43000000	64000000	1819.5466
44000000	64000000	2468.3223
45000000	64000000	2326.1526
46000000	64000000	2928.9314
47000000	64000000	6755.9404
48000000	64000000	9794.359
49000000	64000000	9027.725
50000000	64000000	9279.275
51000000	64000000	6738.125
52000000	64000000	4285.1807
53000000	64000000	5427.779
54000000	64000000	6503.9995
55000000	64000000	8305.431
56000000	64000000	10132.215
57000000	64000000	12709.761
58000000	64000000	13827.063
59000000	64000000	9981.663
60000000	64000000	17129.508
61000000	64000000	23884.695
62000000	64000000	36814.547
63000000	64000000	107110.33
64000000	64000000	544858.75
0	65000000	566.3412
1000000	65000000	811.53284
2000000	65000000	887.48627
3000000	65000000	979.12897
4000000	65000000	1142.9285
5000000	65000000	1346.7666
6000000	65000000	1573.4834
7000000	65000000	1442.9194
8000000	65000000	1132.9861
9000000	65000000	814.6632
10000000	65000000	793.51
11000000	65000000	958.3367
12000000	65000000	1511.3215
13000000	65000000	1346.6791
14000000	65000000	1615.268
15000000	65000000	1447.9893
16000000	65000000	1096.5764
17000000	65000000	1242.4944
18000000	65000000	1393.6768
19000000	65000000	1236.8594
20000000	65000000	1301.6257
21000000	65000000	1022.47876
22000000	65000000	924.8924
23000000	65000000	963.9503
24000000	65000000	1152.6768
25000000	65000000	1199.6251
26000000	65000000	950.6797
27000000	65000000	756.4284
28000000	65000000	835.0976
29000000	65000000	1304.4186
30000000	65000000	1624.4655
31000000	65000000	1373.636
32000000	65000000	1034.3903
33000000	65000000	1521.7351
34000000	65000000	2194.8152
35000000	65000000	1815.669
36000000	65000000	1409.6672
37000000	65000000	1875.2667
38000000	65000000	1492.2308
39000000	65000000	1443.4524
40000000	65000000	1291.1589
41000000	65000000	2208.42
42000000	65000000	2202.994
43000000	65000000	1826.3113
44000000	65000000	2278.7961
45000000	65000000	2441.4595
46000000	65000000	2989.5845
47000000	65000000	6017.714
48000000	65000000	7358.342
49000000	65000000	7268.6055
50000000	65000000	7533.234
51000000	65000000	6576.6797
52000000	65000000	4461.658
53000000	65000000	4835.3525
54000000	65000000	5567.381
55000000	65000000	7010.496
56000000	65000000	7615.406
57000000	65000000	8980.196
58000000	65000000	9856.182
59000000	65000000	9029.381
60000000	65000000	12579.043
61000000	65000000	16331.722
62000000	65000000	21323.918
63000000	65000000	36383.67
64000000	65000000	112145.164
65000000	65000000	525373.06
0	66000000	477.0104
1000000	66000000	687.6753
2000000	66000000	733.088
3000000	66000000	896.6162
4000000	66000000	1009.4028
5000000	66000000	1104.968
6000000	66000000	1167.1863
7000000	66000000	1092.3455
8000000	66000000	989.5236
9000000	66000000	741.6005
10000000	66000000	645.7397
11000000	66000000	746.02563
12000000	66000000	1240.6315
13000000	66000000	1032.2659
14000000	66000000	1430.6532
15000000	66000000	1247.1583
16000000	66000000	977.04425
17000000	66000000	1001.089
18000000	66000000	1093.6509
19000000	66000000	982.5016
20000000	66000000	1041.6041
21000000	66000000	781.1509
22000000	66000000	830.7856
23000000	66000000	804.14624
24000000	66000000	926.56976
25000000	66000000	1114.8889
26000000	66000000	723.0864
27000000	66000000	747.5414
28000000	66000000	803.5671
29000000	66000000	1052.0153
30000000	66000000	1288.495
31000000	66000000	1189.9357
32000000	66000000	939.816
33000000	66000000	1261.6138
34000000	66000000	1741.8284
35000000	66000000	1458.3925
36000000	66000000	1172.4779
37000000	66000000	1408.7662
38000000	66000000	1245.1455
39000000	66000000	1180.1798
40000000	66000000	1301.6665
41000000	66000000	1845.0289
42000000	66000000	2029.2296
43000000	66000000	1538.3044
44000000	66000000	1802.0349
45000000	66000000	2074.8103
46000000	66000000	2653.1648
47000000	66000000	4436.0874
48000000	66000000	5377.0415
49000000	66000000	5860.7954
50000000	66000000	5978.3223
51000000	66000000	5189.9893
52000000	66000000	3569.0098
53000000	66000000	3594.8325
54000000	66000000	3832.823
55000000	66000000	4926.679
56000000	66000000	6096.755
57000000	66000000	6549.7173
58000000	66000000	7106.6763
59000000	66000000	6574.7764
60000000	66000000	9100.645
61000000	66000000	11292.444
62000000	66000000	13164.169
63000000	66000000	19411.768
64000000	66000000	36693.766
65000000	66000000	134900.11
66000000	66000000	594497.56
0	67000000	645.84247
1000000	67000000	932.588
2000000	67000000	749.977
3000000	67000000	946.90436
4000000	67000000	829.79846
5000000	67000000	908.765
6000000	67000000	1443.8306
7000000	67000000	999.48517
8000000	67000000	1247.8494
9000000	67000000	935.69446
10000000	67000000	855.41565
11000000	67000000	861.7802
12000000	67000000	1328.7391
13000000	67000000	910.5
14000000	67000000	1240.81
15000000	67000000	1312.4977
16000000	67000000	1151.8997
17000000	67000000	952.2991
18000000	67000000	801.3639
19000000	67000000	1068.1014
20000000	67000000	962.5721
21000000	67000000	916.45245
22000000	67000000	859.7734
23000000	67000000	933.2311
24000000	67000000	1070.2941
25000000	67000000	1234.9646
26000000	67000000	990.42523
27000000	67000000	839.1845
28000000	67000000	1045.6023
29000000	67000000	998.72437
30000000	67000000	970.7625
31000000	67000000	1275.7653
32000000	67000000	1184.9572
33000000	67000000	1531.8613
34000000	67000000	1437.3186
35000000	67000000	1630.1687
36000000	67000000	1507.8604
37000000	67000000	1306.2047
38000000	67000000	1396.6316
39000000	67000000	1368.2712
40000000	67000000	1578.5428
41000000	67000000	2094.3994
42000000	67000000	2150.6528
43000000	67000000	1791.4797
44000000	67000000	1915.3953
45000000	67000000	2591.5627
46000000	67000000	3459.523
47000000	67000000	4928.0376
48000000	67000000	4510.333
49000000	67000000	4588.3916
50000000	67000000	4936.704
51000000	67000000	6616.1177
52000000	67000000	4778.5815
53000000	67000000	4188.9194
54000000	67000000	4475.713
55000000	67000000	5463.832
56000000	67000000	5393.3936
57000000	67000000	5242.074
58000000	67000000	5716.0
59000000	67000000	7542.0444
60000000	67000000	7424.5703
61000000	67000000	8328.556
62000000	67000000	12115.4795
63000000	67000000	16051.529
64000000	67000000	19887.707
65000000	67000000	39982.05
66000000	67000000	108831.27
67000000	67000000	583195.3
0	68000000	433.439
1000000	68000000	614.622
2000000	68000000	708.1391
3000000	68000000	904.7328
4000000	68000000	1092.3104
5000000	68000000	1320.2926
6000000	68000000	1142.4679
7000000	68000000	1070.4856
8000000	68000000	800.1251
9000000	68000000	558.9561
10000000	68000000	599.4939
11000000	68000000	603.731
12000000	68000000	1035.935
13000000	68000000	1037.495
14000000	68000000	1400.6053
15000000	68000000	1105.4398
16000000	68000000	717.6768
17000000	68000000	838.1716
18000000	68000000	1015.40234
19000000	68000000	886.76556
20000000	68000000	919.774
21000000	68000000	657.4556
22000000	68000000	657.2113
23000000	68000000	665.37317
24000000	68000000	800.88556
25000000	68000000	857.2103
26000000	68000000	642.36914
27000000	68000000	542.67596
28000000	68000000	597.92334
29000000	68000000	936.4631
30000000	68000000	1224.8794
31000000	68000000	945.5756
32000000	68000000	747.0732
33000000	68000000	1143.4752
34000000	68000000	1815.0796
35000000	68000000	1353.6204
36000000	68000000	991.583
37000000	68000000	1389.4349
38000000	68000000	1043.8193
39000000	68000000	949.1803
40000000	68000000	939.5248
41000000	68000000	1673.3586
42000000	68000000	1686.5321
43000000	68000000	1291.526
44000000	68000000	1639.628
45000000	68000000	1700.8677
46000000	68000000	2224.9902
47000000	68000000	4739.2646
48000000	68000000	6729.726
49000000	68000000	7215.739
50000000	68000000	7372.6562
51000000	68000000	5281.999
52000000	68000000	3084.3303
53000000	68000000	3120.32
54000000	68000000	3676.7668
55000000	68000000	4936.3657
56000000	68000000	6136.749
57000000	68000000	7096.9126
58000000	68000000	7602.985
59000000	68000000	5941.431
60000000	68000000	9038.245
61000000	68000000	11089.092
62000000	68000000	11836.035
63000000	68000000	13099.848
64000000	68000000	18334.385
65000000	68000000	25466.299
66000000	68000000	34702.305
67000000	68000000	124450.49
68000000	68000000	523290.8
0	69000000	216.63725
1000000	69000000	353.94342
2000000	69000000	712.9162
3000000	69000000	793.04584
4000000	69000000	1766.9836
5000000	69000000	1898.6984
6000000	69000000	687.36957
7000000	69000000	957.9619
8000000	69000000	403.9248
9000000	69000000	317.90173
10000000	69000000	357.33148
11000000	69000000	372.513
12000000	69000000	780.6204
13000000	69000000	1193.0851
14000000	69000000	1551.9647
15000000	69000000	816.5772
16000000	69000000	475.83264
17000000	69000000	635.4246
18000000	69000000	956.1059
19000000	69000000	612.5909
20000000	69000000	672.5751
21000000	69000000	427.86926
22000000	69000000	452.67908
23000000	69000000	421.11118
24000000	69000000	503.60782
25000000	69000000	470.90085
26000000	69000000	437.9988
27000000	69000000	322.08298
28000000	69000000	356.6821
29000000	69000000	714.73724
30000000	69000000	1210.3888
31000000	69000000	697.67993
32000000	69000000	482.22095
33000000	69000000	750.0309
34000000	69000000	1844.8297
35000000	69000000	1026.0354
36000000	69000000	585.8712
37000000	69000000	1175.9398
38000000	69000000	766.3149
39000000	69000000	699.57776
40000000	69000000	537.1322
41000000	69000000	1055.3982
42000000	69000000	1084.1602
43000000	69000000	948.44446
44000000	69000000	1171.5596
45000000	69000000	1044.7092
46000000	69000000	1220.5314
47000000	69000000	3613.6548
48000000	69000000	6958.8867
49000000	69000000	10079.745
50000000	69000000	9507.634
51000000	69000000	3445.5164
52000000	69000000	1781.585
53000000	69000000	2041.0548
54000000	69000000	2267.8772
55000000	69000000	3427.401
56000000	69000000	6162.798
57000000	69000000	7559.5703
58000000	69000000	8087.454
59000000	69000000	3921.508
60000000	69000000	10205.287
61000000	69000000	12994.079
62000000	69000000	9165.573
63000000	69000000	9336.535
64000000	69000000	14397.489
65000000	69000000	15995.366
66000000	69000000	19883.143
67000000	69000000	26333.27
68000000	69000000	109171.336
69000000	69000000	583886.5
0	70000000	452.2211
1000000	70000000	586.1927
2000000	70000000	623.1528
3000000	70000000	735.94446
4000000	70000000	871.69385
5000000	70000000	1067.1771
6000000	70000000	1128.531
7000000	70000000	837.1211
8000000	70000000	774.5414
9000000	70000000	568.8527
10000000	70000000	589.1723
11000000	70000000	609.70447
12000000	70000000	995.1474
13000000	70000000	744.66547
14000000	70000000	1126.4119
15000000	70000000	985.65735
16000000	70000000	791.561
17000000	70000000	704.4801
18000000	70000000	711.7873
19000000	70000000	856.6074
20000000	70000000	723.06714
21000000	70000000	703.9894
22000000	70000000	533.07263
23000000	70000000	618.83734
24000000	70000000	669.1017
25000000	70000000	839.0832
26000000	70000000	627.3346
27000000	70000000	605.7239
28000000	70000000	663.45416
29000000	70000000	825.3634
30000000	70000000	924.26355
31000000	70000000	970.62427
32000000	70000000	784.5143
33000000	70000000	1093.5243
34000000	70000000	1290.2039
35000000	70000000	1280.2368
36000000	70000000	1075.8972
37000000	70000000	1053.1558
38000000	70000000	1010.98535
39000000	70000000	1039.0729
40000000	70000000	1027.4454
41000000	70000000	1412.8406
42000000	70000000	1624.2501
43000000	70000000	1190.9878
44000000	70000000	1475.1904
45000000	70000000	1717.5217
46000000	70000000	2398.4878
47000000	70000000	4188.2046
48000000	70000000	5081.407
49000000	70000000	5609.838
50000000	70000000	6283.227
51000000	70000000	5789.2686
52000000	70000000	3333.9749
53000000	70000000	2956.674
54000000	70000000	3309.5632
55000000	70000000	4324.4175
56000000	70000000	5037.3706
57000000	70000000	5487.42
58000000	70000000	5918.304
59000000	70000000	5579.042
60000000	70000000	8053.4097
61000000	70000000	9100.294
62000000	70000000	10112.425
63000000	70000000	11241.428
64000000	70000000	12160.409
65000000	70000000	14845.363
66000000	70000000	16805.668
67000000	70000000	26002.926
68000000	70000000	60968.36
69000000	70000000	106057.51
70000000	70000000	531032.0
0	71000000	257.2762
1000000	71000000	375.54346
2000000	71000000	591.0532
3000000	71000000	653.3646
4000000	71000000	1084.2677
5000000	71000000	1267.8689
6000000	71000000	749.11127
7000000	71000000	899.1553
8000000	71000000	469.8957
9000000	71000000	360.03174
10000000	71000000	391.8851
11000000	71000000	441.66565
12000000	71000000	734.66327
13000000	71000000	873.88574
14000000	71000000	1179.735
15000000	71000000	791.8895
16000000	71000000	496.2706
17000000	71000000	663.00165
18000000	71000000	760.54913
19000000	71000000	664.17694
20000000	71000000	652.19525
21000000	71000000	414.23996
22000000	71000000	453.84717
23000000	71000000	417.8237
24000000	71000000	457.3041
25000000	71000000	490.90875
26000000	71000000	407.7965
27000000	71000000	352.03363
28000000	71000000	394.2402
29000000	71000000	673.4345
30000000	71000000	1037.8983
31000000	71000000	645.03564
32000000	71000000	448.3495
33000000	71000000	801.61816
34000000	71000000	1506.9458
35000000	71000000	980.7272
36000000	71000000	694.18604
37000000	71000000	1108.4077
38000000	71000000	769.7161
39000000	71000000	676.11426
40000000	71000000	570.9849
41000000	71000000	972.5589
42000000	71000000	1199.0455
43000000	71000000	961.06396
44000000	71000000	1240.6062
45000000	71000000	1139.3799
46000000	71000000	1337.5757
47000000	71000000	3656.3276
48000000	71000000	5851.4263
49000000	71000000	7320.331
50000000	71000000	7304.2905
51000000	71000000	3698.6997
52000000	71000000	1943.622
53000000	71000000	2131.74
54000000	71000000	2456.643
55000000	71000000	3575.2483
56000000	71000000	5184.758
57000000	71000000	6550.453
58000000	71000000	6764.099
59000000	71000000	4237.093
60000000	71000000	8683.897
61000000	71000000	10458.046
62000000	71000000	8765.617
63000000	71000000	8805.393
64000000	71000000	11478.81
65000000	71000000	12238.819
66000000	71000000	13389.956
67000000	71000000	14881.549
68000000	71000000	27932.938
69000000	71000000	39932.273
70000000	71000000	112619.56
71000000	71000000	529893.75
0	72000000	182.4606
1000000	72000000	332.54364
2000000	72000000	454.91934
3000000	72000000	518.1465
4000000	72000000	865.68365
5000000	72000000	1088.9469
6000000	72000000	663.51025
7000000	72000000	717.0414
8000000	72000000	424.2066
9000000	72000000	291.1099
10000000	72000000	361.10376
11000000	72000000	392.41318
12000000	72000000	649.0221
13000000	72000000	782.4095
14000000	72000000	1043.9524
15000000	72000000	696.9849
16000000	72000000	433.84766
17000000	72000000	517.54266
18000000	72000000	689.9357
19000000	72000000	527.06323
20000000	72000000	601.53253
21000000	72000000	352.6904
22000000	72000000	386.09842
23000000	72000000	415.51434
24000000	72000000	477.09756
25000000	72000000	550.6634
26000000	72000000	378.30618
27000000	72000000	312.07834
28000000	72000000	345.0865
29000000	72000000	618.10187
30000000	72000000	804.47754
31000000	72000000	556.7159
32000000	72000000	441.62497
33000000	72000000	647.98517
34000000	72000000	1331.7717
35000000	72000000	875.2511
36000000	72000000	574.12775
37000000	72000000	904.79285
38000000	72000000	715.6681
39000000	72000000	673.98224
40000000	72000000	548.04346
41000000	72000000	975.1329
42000000	72000000	1104.9534
43000000	72000000	844.21216
44000000	72000000	1060.9965
45000000	72000000	1052.5016
46000000	72000000	1221.6951
47000000	72000000	3181.7083
48000000	72000000	5363.232
49000000	72000000	6763.9653
50000000	72000000	6699.999
51000000	72000000	3574.577
52000000	72000000	1913.8359
53000000	72000000	1897.6724
54000000	72000000	2242.8142
55000000	72000000	3129.4558
56000000	72000000	4983.31
57000000	72000000	6119.652
58000000	72000000	6338.0063
59000000	72000000	3829.5547
60000000	72000000	7950.9897
61000000	72000000	9907.335
62000000	72000000	7705.918
63000000	72000000	7656.2134
64000000	72000000	9646.515
65000000	72000000	10277.593
66000000	72000000	11100.64
67000000	72000000	11153.027
68000000	72000000	17517.525
69000000	72000000	23782.172
70000000	72000000	34051.35
71000000	72000000	119533.69
72000000	72000000	548861.0
0	73000000	225.27003
1000000	73000000	302.74133
2000000	73000000	453.4078
3000000	73000000	505.14868
4000000	73000000	1061.5515
5000000	73000000	1206.0791
6000000	73000000	529.8728
7000000	73000000	755.5403
8000000	73000000	416.15714
9000000	73000000	259.46872
10000000	73000000	351.25015
11000000	73000000	300.37903
12000000	73000000	583.4338
13000000	73000000	795.43506
14000000	73000000	1060.5171
15000000	73000000	638.26935
16000000	73000000	379.384
17000000	73000000	496.5144
18000000	73000000	655.37195
19000000	73000000	498.37827
20000000	73000000	506.33948
21000000	73000000	341.65265
22000000	73000000	358.0045
23000000	73000000	382.90582
24000000	73000000	438.5949
25000000	73000000	420.30698
26000000	73000000	345.89035
27000000	73000000	317.3789
28000000	73000000	306.9438
29000000	73000000	580.4221
30000000	73000000	910.0418
31000000	73000000	501.42392
32000000	73000000	377.2489
33000000	73000000	632.4115
34000000	73000000	1352.109
35000000	73000000	794.74896
36000000	73000000	531.2188
37000000	73000000	872.03577
38000000	73000000	627.8383
39000000	73000000	605.86633
40000000	73000000	469.6919
41000000	73000000	864.31085
42000000	73000000	938.5817
43000000	73000000	849.47595
44000000	73000000	993.4307
45000000	73000000	1014.5898
46000000	73000000	1081.3076
47000000	73000000	2862.2524
48000000	73000000	5034.7
49000000	73000000	7277.8086
50000000	73000000	7015.527
51000000	73000000	3102.7844
52000000	73000000	1616.0308
53000000	73000000	1722.8246
54000000	73000000	1968.8787
55000000	73000000	2761.139
56000000	73000000	4548.8174
57000000	73000000	6058.043
58000000	73000000	6170.149
59000000	73000000	3312.5735
60000000	73000000	7725.5522
61000000	73000000	9245.18
62000000	73000000	6743.8403
63000000	73000000	6438.8027
64000000	73000000	8394.792
65000000	73000000	8338.444
66000000	73000000	8774.552
67000000	73000000	8319.873
68000000	73000000	12916.679
69000000	73000000	20078.475
70000000	73000000	19432.08
71000000	73000000	40812.53
72000000	73000000	109593.09
73000000	73000000	549972.75
0	74000000	240.9635
1000000	74000000	310.58743
2000000	74000000	427.08313
3000000	74000000	474.99588
4000000	74000000	814.07837
5000000	74000000	996.17505
6000000	74000000	653.7742
7000000	74000000	711.16437
8000000	74000000	464.493
9000000	74000000	313.60376
10000000	74000000	361.1822
11000000	74000000	370.62213
12000000	74000000	668.7564
13000000	74000000	686.9035
14000000	74000000	1018.9342
15000000	74000000	658.1357
16000000	74000000	422.50394
17000000	74000000	507.0758
18000000	74000000	677.89014
19000000	74000000	489.32077
20000000	74000000	572.45624
21000000	74000000	368.8606
22000000	74000000	401.38455
23000000	74000000	354.07352
24000000	74000000	485.493
25000000	74000000	514.7504
26000000	74000000	428.64722
27000000	74000000	340.96298
28000000	74000000	332.10623
29000000	74000000	580.9247
30000000	74000000	821.1415
31000000	74000000	573.85156
32000000	74000000	418.4724
33000000	74000000	676.0128
34000000	74000000	1294.3197
35000000	74000000	910.223
36000000	74000000	594.8915
37000000	74000000	830.3963
38000000	74000000	682.08484
39000000	74000000	650.7876
40000000	74000000	567.54193
41000000	74000000	994.62024
42000000	74000000	1115.5203
43000000	74000000	886.1477
44000000	74000000	990.02905
45000000	74000000	1090.8054
46000000	74000000	1224.9507
47000000	74000000	2922.499
48000000	74000000	4623.0146
49000000	74000000	5793.746
50000000	74000000	5939.3374
51000000	74000000	3262.3638
52000000	74000000	1778.3358
53000000	74000000	1854.5327
54000000	74000000	2106.6082
55000000	74000000	2852.045
56000000	74000000	4268.8467
57000000	74000000	5022.585
58000000	74000000	5360.426
59000000	74000000	3378.5203
60000000	74000000	6584.06
61000000	74000000	7682.631
62000000	74000000	6180.0
63000000	74000000	6185.086
64000000	74000000	7202.2856
65000000	74000000	7621.1797
66000000	74000000	7980.6357
67000000	74000000	8204.128
68000000	74000000	11050.795
69000000	74000000	14441.558
70000000	74000000	16165.147
71000000	74000000	28521.678
72000000	74000000	48394.457
73000000	74000000	128722.414
74000000	74000000	537056.94
0	75000000	330.00916
1000000	75000000	408.05405
2000000	75000000	517.56415
3000000	75000000	614.6628
4000000	75000000	892.5155
5000000	75000000	998.49164
6000000	75000000	716.6395
7000000	75000000	699.28406
8000000	75000000	509.86182
9000000	75000000	420.17816
10000000	75000000	381.40686
11000000	75000000	425.46356
12000000	75000000	706.1379
13000000	75000000	733.5288
14000000	75000000	1036.3925
15000000	75000000	762.7255
16000000	75000000	495.91232
17000000	75000000	558.18646
18000000	75000000	625.7272
19000000	75000000	639.4379
20000000	75000000	568.619
21000000	75000000	476.97174
22000000	75000000	433.26617
23000000	75000000	472.24802
24000000	75000000	537.59174
25000000	75000000	599.01886
26000000	75000000	463.02737
27000000	75000000	407.06555
28000000	75000000	437.20944
29000000	75000000	627.9109
30000000	75000000	861.8958
31000000	75000000	620.8677
32000000	75000000	526.84906
33000000	75000000	798.31146
34000000	75000000	1279.1647
35000000	75000000	945.80927
36000000	75000000	698.97186
37000000	75000000	893.7548
38000000	75000000	763.78516
39000000	75000000	736.43427
40000000	75000000	617.59064
41000000	75000000	1086.4093
42000000	75000000	1240.7529
43000000	75000000	937.65125
44000000	75000000	1093.7032
45000000	75000000	1185.2946
46000000	75000000	1433.6696
47000000	75000000	3165.7488
48000000	75000000	4475.07
49000000	75000000	5586.6616
50000000	75000000	5697.159
51000000	75000000	3791.6914
52000000	75000000	2107.8435
53000000	75000000	2058.1436
54000000	75000000	2298.2112
55000000	75000000	3171.9915
56000000	75000000	4179.07
57000000	75000000	4662.183
58000000	75000000	5085.9927
59000000	75000000	4007.6082
60000000	75000000	6111.4507
61000000	75000000	6964.2666
62000000	75000000	5927.243
63000000	75000000	6227.5273
64000000	75000000	6733.334
65000000	75000000	7305.453
66000000	75000000	7635.827
67000000	75000000	8225.171
68000000	75000000	10434.092
69000000	75000000	11749.653
70000000	75000000	14362.321
71000000	75000000	19990.688
72000000	75000000	27585.793
73000000	75000000	46826.74
74000000	75000000	141338.8
75000000	75000000	524197.94
0	76000000	386.45712
1000000	76000000	466.77994
2000000	76000000	596.3124
3000000	76000000	677.3475
4000000	76000000	894.03094
5000000	76000000	927.4208
6000000	76000000	849.0016
7000000	76000000	735.31384
8000000	76000000	582.1076
9000000	76000000	449.78372
10000000	76000000	462.9547
11000000	76000000	483.0575
12000000	76000000	785.8138
13000000	76000000	668.1416
14000000	76000000	1053.5394
15000000	76000000	816.12714
16000000	76000000	614.8324
17000000	76000000	631.42596
18000000	76000000	677.99194
19000000	76000000	697.07855
20000000	76000000	626.9779
21000000	76000000	544.17224
22000000	76000000	510.29675
23000000	76000000	519.91943
24000000	76000000	598.8829
25000000	76000000	702.36444
26000000	76000000	501.79004
27000000	76000000	455.24454
28000000	76000000	495.06653
29000000	76000000	733.5632
30000000	76000000	877.23596
31000000	76000000	789.1239
32000000	76000000	553.1463
33000000	76000000	900.06226
34000000	76000000	1252.645
35000000	76000000	1089.3986
36000000	76000000	799.20996
37000000	76000000	1021.80664
38000000	76000000	810.5265
39000000	76000000	865.2854
40000000	76000000	713.7705
41000000	76000000	1270.9915
42000000	76000000	1391.4994
43000000	76000000	1040.9935
44000000	76000000	1201.2363
45000000	76000000	1313.6499
46000000	76000000	1690.131
47000000	76000000	3354.584
48000000	76000000	4443.531
49000000	76000000	5015.8164
50000000	76000000	5247.794
51000000	76000000	3905.0374
52000000	76000000	2282.625
53000000	76000000	2288.2544
54000000	76000000	2481.8862
55000000	76000000	3315.8152
56000000	76000000	4223.7124
57000000	76000000	4533.634
58000000	76000000	4852.9854
59000000	76000000	4102.908
60000000	76000000	5358.244
61000000	76000000	5976.256
62000000	76000000	5732.595
63000000	76000000	5759.7188
64000000	76000000	6068.848
65000000	76000000	6599.1973
66000000	76000000	6681.206
67000000	76000000	7479.564
68000000	76000000	9098.1875
69000000	76000000	9554.915
70000000	76000000	11323.461
71000000	76000000	14318.802
72000000	76000000	16549.88
73000000	76000000	21931.361
74000000	76000000	32357.125
75000000	76000000	111568.93
76000000	76000000	500352.62
0	77000000	322.36844
1000000	77000000	394.7498
2000000	77000000	509.25934
3000000	77000000	598.9636
4000000	77000000	861.28314
5000000	77000000	950.92926
6000000	77000000	742.5301
7000000	77000000	788.0116
8000000	77000000	540.4395
9000000	77000000	389.95554
10000000	77000000	461.06107
11000000	77000000	468.3339
12000000	77000000	805.62695
13000000	77000000	762.6749
14000000	77000000	999.06226
15000000	77000000	756.8411
16000000	77000000	559.9394
17000000	77000000	592.407
18000000	77000000	739.9325
19000000	77000000	654.0026
20000000	77000000	672.37354
21000000	77000000	461.89883
22000000	77000000	508.47495
23000000	77000000	481.40735
24000000	77000000	599.3119
25000000	77000000	615.26276
26000000	77000000	489.37936
27000000	77000000	470.55322
28000000	77000000	405.9227
29000000	77000000	732.9014
30000000	77000000	948.73145
31000000	77000000	704.76465
32000000	77000000	511.3351
33000000	77000000	743.2994
34000000	77000000	1440.0741
35000000	77000000	1001.06805
36000000	77000000	736.9362
37000000	77000000	1038.0715
38000000	77000000	824.01105
39000000	77000000	807.52936
40000000	77000000	629.48694
41000000	77000000	1245.7174
42000000	77000000	1290.2015
43000000	77000000	1009.2128
44000000	77000000	1259.7471
45000000	77000000	1301.6327
46000000	77000000	1484.499
47000000	77000000	3204.0186
48000000	77000000	4653.577
49000000	77000000	5154.9033
50000000	77000000	5429.1333
51000000	77000000	3565.7883
52000000	77000000	2207.4438
53000000	77000000	2241.2869
54000000	77000000	2390.4207
55000000	77000000	3099.1233
56000000	77000000	4164.8574
57000000	77000000	4529.7046
58000000	77000000	4766.9087
59000000	77000000	3428.5093
60000000	77000000	5281.1997
61000000	77000000	5765.6274
62000000	77000000	5522.809
63000000	77000000	5320.9355
64000000	77000000	6025.585
65000000	77000000	6093.2666
66000000	77000000	5847.6426
67000000	77000000	6182.1484
68000000	77000000	8166.3354
69000000	77000000	9011.349
70000000	77000000	9565.707
71000000	77000000	12298.911
72000000	77000000	13790.384
73000000	77000000	17127.914
74000000	77000000	20748.127
75000000	77000000	37012.836
76000000	77000000	166573.27
77000000	77000000	513541.72
0	78000000	526.4999
1000000	78000000	773.2157
2000000	78000000	607.58984
3000000	78000000	734.2887
4000000	78000000	621.9718
5000000	78000000	643.39136
6000000	78000000	1115.935
7000000	78000000	709.5187
8000000	78000000	919.26624
9000000	78000000	714.92206
10000000	78000000	620.8789
11000000	78000000	695.57367
12000000	78000000	933.7877
13000000	78000000	568.53613
14000000	78000000	867.3916
15000000	78000000	926.6933
16000000	78000000	968.03
17000000	78000000	641.8135
18000000	78000000	531.3573
19000000	78000000	855.00964
20000000	78000000	661.67633
21000000	78000000	752.4322
22000000	78000000	565.59186
23000000	78000000	676.6408
24000000	78000000	788.03143
25000000	78000000	987.2397
26000000	78000000	825.9605
27000000	78000000	769.83887
28000000	78000000	887.0309
29000000	78000000	798.558
30000000	78000000	690.2982
31000000	78000000	914.3592
32000000	78000000	978.6874
33000000	78000000	1140.4723
34000000	78000000	940.8122
35000000	78000000	1257.1796
36000000	78000000	1212.9813
37000000	78000000	917.34064
38000000	78000000	1051.7086
39000000	78000000	1144.5564
40000000	78000000	1297.6338
41000000	78000000	1603.131
42000000	78000000	1659.0615
43000000	78000000	1382.9413
44000000	78000000	1439.8701
45000000	78000000	1995.0913
46000000	78000000	2827.524
47000000	78000000	3614.5334
48000000	78000000	3042.1912
49000000	78000000	3182.117
50000000	78000000	3638.9722
51000000	78000000	5001.4697
52000000	78000000	3584.8088
53000000	78000000	3067.5874
54000000	78000000	3019.2214
55000000	78000000	3637.5337
56000000	78000000	3294.5308
57000000	78000000	3115.9707
58000000	78000000	3251.9788
59000000	78000000	4501.335
60000000	78000000	4047.5227
61000000	78000000	3974.495
62000000	78000000	5288.723
63000000	78000000	5753.7573
64000000	78000000	4726.544
65000000	78000000	5801.6465
66000000	78000000	5731.6387
67000000	78000000	7521.6885
68000000	78000000	6690.874
69000000	78000000	5958.284
70000000	78000000	10126.945
71000000	78000000	9076.896
72000000	78000000	9599.848
73000000	78000000	10769.638
74000000	78000000	13454.152
75000000	78000000	22353.79
76000000	78000000	55044.676
77000000	78000000	131030.93
78000000	78000000	545943.94
0	79000000	319.75934
1000000	79000000	384.45673
2000000	79000000	417.36334
3000000	79000000	487.33862
4000000	79000000	682.2932
5000000	79000000	709.9657
6000000	79000000	578.95074
7000000	79000000	548.34735
8000000	79000000	477.44247
9000000	79000000	322.44775
10000000	79000000	335.00037
11000000	79000000	387.3241
12000000	79000000	563.2813
13000000	79000000	531.508
14000000	79000000	723.78723
15000000	79000000	618.0174
16000000	79000000	448.49207
17000000	79000000	493.294
18000000	79000000	557.12573
19000000	79000000	526.47314
20000000	79000000	511.87723
21000000	79000000	367.24374
22000000	79000000	373.45923
23000000	79000000	400.75137
24000000	79000000	451.71606
25000000	79000000	603.0264
26000000	79000000	426.7429
27000000	79000000	355.10562
28000000	79000000	417.68378
29000000	79000000	527.32513
30000000	79000000	643.5416
31000000	79000000	594.8913
32000000	79000000	470.96616
33000000	79000000	601.7217
34000000	79000000	1006.0722
35000000	79000000	787.65765
36000000	79000000	582.25684
37000000	79000000	743.025
38000000	79000000	596.7276
39000000	79000000	621.5578
40000000	79000000	590.3072
41000000	79000000	912.0992
42000000	79000000	1149.008
43000000	79000000	853.8341
44000000	79000000	966.2278
45000000	79000000	1109.5981
46000000	79000000	1237.6249
47000000	79000000	2412.4824
48000000	79000000	3204.813
49000000	79000000	3910.0613
50000000	79000000	4076.1992
51000000	79000000	3114.9473
52000000	79000000	1655.687
53000000	79000000	1646.5165
54000000	79000000	1762.5752
55000000	79000000	2381.8403
56000000	79000000	3082.9675
57000000	79000000	3356.5918
58000000	79000000	3590.0715
59000000	79000000	2918.788
60000000	79000000	4269.553
61000000	79000000	4687.1704
62000000	79000000	4263.0396
63000000	79000000	4315.4907
64000000	79000000	4635.3135
65000000	79000000	5203.837
66000000	79000000	5751.0093
67000000	79000000	5793.4775
68000000	79000000	6788.4507
69000000	79000000	7570.886
70000000	79000000	8462.489
71000000	79000000	10090.991
72000000	79000000	11217.228
73000000	79000000	12647.035
74000000	79000000	13537.405
75000000	79000000	18583.906
76000000	79000000	28455.545
77000000	79000000	41447.18
78000000	79000000	122233.09
79000000	79000000	526572.3
0	80000000	226.57413
1000000	80000000	293.56516
2000000	80000000	395.14838
3000000	80000000	413.16724
4000000	80000000	736.6901
5000000	80000000	746.67584
6000000	80000000	476.7167
7000000	80000000	593.95245
8000000	80000000	386.33102
9000000	80000000	273.256
10000000	80000000	306.66974
11000000	80000000	295.53052
12000000	80000000	550.821
13000000	80000000	569.5426
14000000	80000000	764.39343
15000000	80000000	539.3933
16000000	80000000	358.27386
17000000	80000000	419.77377
18000000	80000000	569.49396
19000000	80000000	445.95245
20000000	80000000	461.394
21000000	80000000	334.39713
22000000	80000000	333.40463
23000000	80000000	316.46362
24000000	80000000	412.28665
25000000	80000000	488.35062
26000000	80000000	369.9291
27000000	80000000	323.6089
28000000	80000000	383.164
29000000	80000000	475.3232
30000000	80000000	678.24255
31000000	80000000	484.92947
32000000	80000000	435.51038
33000000	80000000	550.9217
34000000	80000000	984.9799
35000000	80000000	762.68097
36000000	80000000	511.1291
37000000	80000000	706.08545
38000000	80000000	615.76263
39000000	80000000	560.57104
40000000	80000000	534.213
41000000	80000000	906.70575
42000000	80000000	1016.913
43000000	80000000	673.30554
44000000	80000000	846.85895
45000000	80000000	897.5083
46000000	80000000	1016.418
47000000	80000000	2142.3525
48000000	80000000	3520.5425
49000000	80000000	4583.9004
50000000	80000000	4873.551
51000000	80000000	2773.1782
52000000	80000000	1420.3545
53000000	80000000	1399.4956
54000000	80000000	1544.5452
55000000	80000000	2039.0391
56000000	80000000	3129.0193
57000000	80000000	3546.0303
58000000	80000000	3740.2607
59000000	80000000	2708.997
60000000	80000000	4796.4663
61000000	80000000	5361.279
62000000	80000000	4201.516
63000000	80000000	4132.595
64000000	80000000	4703.397
65000000	80000000	5049.7744
66000000	80000000	5103.611
67000000	80000000	5025.162
68000000	80000000	6176.013
69000000	80000000	8344.737
70000000	80000000	7417.852
71000000	80000000	9651.487
72000000	80000000	10650.294
73000000	80000000	12994.642
74000000	80000000	12554.903
75000000	80000000	14641.4
76000000	80000000	17850.375
77000000	80000000	22673.95
78000000	80000000	30473.234
79000000	80000000	142048.81
80000000	80000000	546427.5
0	81000000	210.522
1000000	81000000	285.04263
2000000	81000000	329.245
3000000	81000000	390.59903
4000000	81000000	658.3877
5000000	81000000	725.4083
6000000	81000000	456.2772
7000000	81000000	581.1837
8000000	81000000	428.75732
9000000	81000000	299.75443
10000000	81000000	268.79123
11000000	81000000	291.20963
12000000	81000000	484.3018
13000000	81000000	618.0512
14000000	81000000	698.4318
15000000	81000000	545.20966
16000000	81000000	372.0758
17000000	81000000	473.6704
18000000	81000000	518.4615
19000000	81000000	461.4577
20000000	81000000	473.39618
21000000	81000000	352.86426
22000000	81000000	329.5857
23000000	81000000	311.70892
24000000	81000000	404.05872
25000000	81000000	469.3078
26000000	81000000	335.39447
27000000	81000000	303.74124
28000000	81000000	349.54486
29000000	81000000	456.5002
30000000	81000000	626.2393
31000000	81000000	462.862
32000000	81000000	368.62732
33000000	81000000	516.252
34000000	81000000	1000.64026
35000000	81000000	711.7573
36000000	81000000	474.83786
37000000	81000000	688.7758
38000000	81000000	516.189
39000000	81000000	505.81543
40000000	81000000	434.8063
41000000	81000000	852.7656
42000000	81000000	970.42444
43000000	81000000	678.4967
44000000	81000000	872.5686
45000000	81000000	904.0708
46000000	81000000	954.06647
47000000	81000000	2153.856
48000000	81000000	3634.2961
49000000	81000000	4682.733
50000000	81000000	4692.3843
51000000	81000000	2592.8704
52000000	81000000	1441.1935
53000000	81000000	1397.4286
54000000	81000000	1594.3164
55000000	81000000	2062.752
56000000	81000000	3292.7256
57000000	81000000	3812.9026
58000000	81000000	3888.4153
59000000	81000000	2555.7144
60000000	81000000	4761.2417
61000000	81000000	5184.247
62000000	81000000	4203.039
63000000	81000000	4100.226
64000000	81000000	4909.4526
65000000	81000000	4899.004
66000000	81000000	5008.832
67000000	81000000	4797.556
68000000	81000000	6581.562
69000000	81000000	8388.012
70000000	81000000	7350.3906
71000000	81000000	9504.959
72000000	81000000	10915.27
73000000	81000000	12184.083
74000000	81000000	11825.579
75000000	81000000	12894.759
76000000	81000000	15160.6045
77000000	81000000	17804.379
78000000	81000000	19889.64
79000000	81000000	57590.613
80000000	81000000	135395.89
81000000	81000000	497159.06
0	82000000	241.41124
1000000	82000000	328.49496
2000000	82000000	345.8958
3000000	82000000	457.2843
4000000	82000000	611.11523
5000000	82000000	694.50775
6000000	82000000	591.88196
7000000	82000000	600.62335
8000000	82000000	515.75446
9000000	82000000	335.9741
10000000	82000000	369.6964
11000000	82000000	353.23923
12000000	82000000	568.49164
13000000	82000000	556.8639
14000000	82000000	777.8823
15000000	82000000	610.9387
16000000	82000000	424.9093
17000000	82000000	492.5982
18000000	82000000	516.05316
19000000	82000000	498.40048
20000000	82000000	469.18277
21000000	82000000	356.9027
22000000	82000000	367.61508
23000000	82000000	374.152
24000000	82000000	481.56213
25000000	82000000	556.6453
26000000	82000000	405.10342
27000000	82000000	346.64963
28000000	82000000	418.91995
29000000	82000000	503.0516
30000000	82000000	663.7566
31000000	82000000	541.5965
32000000	82000000	448.3797
33000000	82000000	625.243
34000000	82000000	1029.9401
35000000	82000000	718.4953
36000000	82000000	570.43835
37000000	82000000	701.9909
38000000	82000000	570.8704
39000000	82000000	567.16486
40000000	82000000	570.01636
41000000	82000000	984.70807
42000000	82000000	1101.6273
43000000	82000000	826.808
44000000	82000000	883.65247
45000000	82000000	1000.24097
46000000	82000000	1242.5236
47000000	82000000	2232.6797
48000000	82000000	3406.527
49000000	82000000	4209.137
50000000	82000000	4366.4546
51000000	82000000	2984.8792
52000000	82000000	1706.8212
53000000	82000000	1634.4973
54000000	82000000	1752.9442
55000000	82000000	2202.0156
56000000	82000000	3498.8584
57000000	82000000	3647.6343
58000000	82000000	3658.7388
59000000	82000000	2857.1936
60000000	82000000	4475.4175
61000000	82000000	4978.163
62000000	82000000	4284.052
63000000	82000000	4189.825
64000000	82000000	4696.084
65000000	82000000	4763.01
66000000	82000000	4917.442
67000000	82000000	4903.555
68000000	82000000	6210.56
69000000	82000000	7201.4067
70000000	82000000	6834.483
71000000	82000000	7954.893
72000000	82000000	9127.672
73000000	82000000	9588.635
74000000	82000000	9411.803
75000000	82000000	10336.368
76000000	82000000	11628.888
77000000	82000000	12787.069
78000000	82000000	14244.577
79000000	82000000	28563.586
80000000	82000000	42323.793
81000000	82000000	139978.8
82000000	82000000	511204.16
0	83000000	191.29149
1000000	83000000	266.77188
2000000	83000000	355.99118
3000000	83000000	402.45178
4000000	83000000	637.1588
5000000	83000000	713.6046
6000000	83000000	478.18527
7000000	83000000	552.932
8000000	83000000	379.36612
9000000	83000000	283.13666
10000000	83000000	294.34482
11000000	83000000	308.55414
12000000	83000000	464.9905
13000000	83000000	477.87473
14000000	83000000	774.43243
15000000	83000000	519.0096
16000000	83000000	380.76126
17000000	83000000	443.1936
18000000	83000000	564.24774
19000000	83000000	459.33658
20000000	83000000	406.0368
21000000	83000000	356.28717
22000000	83000000	373.52527
23000000	83000000	352.1682
24000000	83000000	353.75632
25000000	83000000	463.65512
26000000	83000000	340.03998
27000000	83000000	274.72122
28000000	83000000	309.38943
29000000	83000000	517.6113
30000000	83000000	662.8306
31000000	83000000	486.18048
32000000	83000000	370.33517
33000000	83000000	562.7971
34000000	83000000	991.42444
35000000	83000000	668.62274
36000000	83000000	497.90085
37000000	83000000	672.3961
38000000	83000000	537.77075
39000000	83000000	471.81238
40000000	83000000	418.9559
41000000	83000000	804.2939
42000000	83000000	910.24304
43000000	83000000	617.9794
44000000	83000000	739.5411
45000000	83000000	864.0606
46000000	83000000	982.34344
47000000	83000000	2167.4348
48000000	83000000	3274.5728
49000000	83000000	4387.9937
50000000	83000000	4368.937
51000000	83000000	2414.0303
52000000	83000000	1361.2108
53000000	83000000	1302.5033
54000000	83000000	1476.847
55000000	83000000	1940.8827
56000000	83000000	3018.9846
57000000	83000000	3347.2554
58000000	83000000	3524.149
59000000	83000000	2436.562
60000000	83000000	4188.317
61000000	83000000	4513.8384
62000000	83000000	3668.1548
63000000	83000000	3637.4727
64000000	83000000	3983.267
65000000	83000000	4213.001
66000000	83000000	4322.102
67000000	83000000	4066.8923
68000000	83000000	5516.9927
69000000	83000000	7609.876
70000000	83000000	6247.829
71000000	83000000	7889.482
72000000	83000000	8654.73
73000000	83000000	9688.342
74000000	83000000	9061.365
75000000	83000000	8973.1
76000000	83000000	9621.857
77000000	83000000	10669.652
78000000	83000000	10080.512
79000000	83000000	19692.844
80000000	83000000	27569.617
81000000	83000000	55315.59
82000000	83000000	144244.61
83000000	83000000	567407.0
0	84000000	268.79224
1000000	84000000	393.71533
2000000	84000000	412.88943
3000000	84000000	480.9739
4000000	84000000	600.1306
5000000	84000000	665.9552
6000000	84000000	648.85785
7000000	84000000	598.2426
8000000	84000000	552.6816
9000000	84000000	414.84262
10000000	84000000	412.1315
11000000	84000000	401.3507
12000000	84000000	609.817
13000000	84000000	511.419
14000000	84000000	690.1857
15000000	84000000	653.6229
16000000	84000000	526.2621
17000000	84000000	487.48682
18000000	84000000	490.89417
19000000	84000000	501.8549
20000000	84000000	505.00854
21000000	84000000	461.30197
22000000	84000000	433.96744
23000000	84000000	461.0781
24000000	84000000	578.305
25000000	84000000	680.95685
26000000	84000000	492.85602
27000000	84000000	435.52176
28000000	84000000	428.1156
29000000	84000000	577.8914
30000000	84000000	710.3838
31000000	84000000	619.4738
32000000	84000000	522.4036
33000000	84000000	700.09796
34000000	84000000	918.7393
35000000	84000000	769.4152
36000000	84000000	654.19086
37000000	84000000	792.2872
38000000	84000000	709.8996
39000000	84000000	724.88043
40000000	84000000	690.3557
41000000	84000000	1207.3081
42000000	84000000	1213.4847
43000000	84000000	845.03375
44000000	84000000	967.9277
45000000	84000000	1167.9766
46000000	84000000	1424.6351
47000000	84000000	2419.021
48000000	84000000	2964.1936
49000000	84000000	3560.3062
50000000	84000000	3845.9233
51000000	84000000	3251.1147
52000000	84000000	1939.7788
53000000	84000000	1826.8043
54000000	84000000	1947.5435
55000000	84000000	2385.8738
56000000	84000000	2782.8862
57000000	84000000	2948.4072
58000000	84000000	3145.0547
59000000	84000000	3081.6404
60000000	84000000	3897.3726
61000000	84000000	4049.517
62000000	84000000	4088.2627
63000000	84000000	4309.3184
64000000	84000000	4036.5793
65000000	84000000	4572.1313
66000000	84000000	4506.042
67000000	84000000	4777.8345
68000000	84000000	5474.8438
69000000	84000000	6069.09
70000000	84000000	6522.008
71000000	84000000	7054.742
72000000	84000000	7594.3267
73000000	84000000	7749.9087
74000000	84000000	7545.004
75000000	84000000	8294.033
76000000	84000000	9052.147
77000000	84000000	9623.027
78000000	84000000	10835.316
79000000	84000000	16568.26
80000000	84000000	19460.082
81000000	84000000	31781.547
82000000	84000000	56297.086
83000000	84000000	131920.42
84000000	84000000	513909.4
0	85000000	537.4699
1000000	85000000	690.91003
2000000	85000000	524.65216
3000000	85000000	596.04236
4000000	85000000	551.1679
5000000	85000000	589.9431
6000000	85000000	931.7844
7000000	85000000	751.81757
8000000	85000000	914.7537
9000000	85000000	689.6551
10000000	85000000	604.29816
11000000	85000000	591.36743
12000000	85000000	818.7422
13000000	85000000	589.9048
14000000	85000000	796.3402
15000000	85000000	825.5718
16000000	85000000	789.0966
17000000	85000000	649.0116
18000000	85000000	621.84
19000000	85000000	721.671
20000000	85000000	691.99066
21000000	85000000	678.0527
22000000	85000000	583.7276
23000000	85000000	663.9726
24000000	85000000	767.8051
25000000	85000000	965.72064
26000000	85000000	707.2299
27000000	85000000	700.42615
28000000	85000000	750.1651
29000000	85000000	735.3577
30000000	85000000	689.2203
31000000	85000000	796.04016
32000000	85000000	813.7762
33000000	85000000	1041.8407
34000000	85000000	982.46277
35000000	85000000	1049.3567
36000000	85000000	1016.35333
37000000	85000000	870.8973
38000000	85000000	971.4036
39000000	85000000	935.43115
40000000	85000000	1099.4698
41000000	85000000	1538.0547
42000000	85000000	1667.3314
43000000	85000000	1171.3069
44000000	85000000	1321.4825
45000000	85000000	1656.7623
46000000	85000000	2307.7944
47000000	85000000	3145.4158
48000000	85000000	2912.7437
49000000	85000000	2935.2976
50000000	85000000	3164.3499
51000000	85000000	4375.906
52000000	85000000	3084.047
53000000	85000000	2653.9136
54000000	85000000	2740.4795
55000000	85000000	3159.9033
56000000	85000000	3050.7546
57000000	85000000	2774.5588
58000000	85000000	3087.2957
59000000	85000000	4073.1658
60000000	85000000	3504.09
61000000	85000000	3700.2473
62000000	85000000	4569.1646
63000000	85000000	4966.0723
64000000	85000000	4231.8647
65000000	85000000	4888.393
66000000	85000000	4705.2866
67000000	85000000	5629.5195
68000000	85000000	5672.2607
69000000	85000000	4798.2886
70000000	85000000	6519.3213
71000000	85000000	6026.4497
72000000	85000000	6321.4033
73000000	85000000	6063.865
74000000	85000000	6419.206
75000000	85000000	7468.0503
76000000	85000000	8133.3257
77000000	85000000	8002.4873
78000000	85000000	11344.065
79000000	85000000	12508.167
80000000	85000000	12843.317
81000000	85000000	18245.666
82000000	85000000	26627.521
83000000	85000000	34891.484
84000000	85000000	165564.84
85000000	85000000	517171.22
0	86000000	404.27338
1000000	86000000	461.26532
2000000	86000000	498.97153
3000000	86000000	579.6344
4000000	86000000	664.83905
5000000	86000000	709.9775
6000000	86000000	715.024
7000000	86000000	795.1967
8000000	86000000	652.5035
9000000	86000000	521.12366
10000000	86000000	505.3703
11000000	86000000	458.47577
12000000	86000000	697.2329
13000000	86000000	672.1269
14000000	86000000	870.4057
15000000	86000000	725.8522
16000000	86000000	609.28094
17000000	86000000	602.3738
18000000	86000000	614.178
19000000	86000000	670.201
20000000	86000000	712.4508
21000000	86000000	542.51733
22000000	86000000	527.6722
23000000	86000000	544.0314
24000000	86000000	666.60425
25000000	86000000	713.34076
26000000	86000000	561.25995
27000000	86000000	555.2523
28000000	86000000	559.415
29000000	86000000	652.9387
30000000	86000000	820.4046
31000000	86000000	702.5641
32000000	86000000	578.919
33000000	86000000	841.7442
34000000	86000000	1147.9839
35000000	86000000	1000.81635
36000000	86000000	750.8137
37000000	86000000	877.3628
38000000	86000000	791.4215
39000000	86000000	858.3201
40000000	86000000	808.532
41000000	86000000	1292.0836
42000000	86000000	1377.527
43000000	86000000	1047.3052
44000000	86000000	1240.0245
45000000	86000000	1406.1825
46000000	86000000	1648.7974
47000000	86000000	2902.2622
48000000	86000000	3430.9197
49000000	86000000	3947.9868
50000000	86000000	4068.641
51000000	86000000	3637.346
52000000	86000000	2199.751
53000000	86000000	2222.659
54000000	86000000	2247.2527
55000000	86000000	2897.7588
56000000	86000000	3120.0664
57000000	86000000	3312.6875
58000000	86000000	3555.2651
59000000	86000000	3393.956
60000000	86000000	4247.964
61000000	86000000	4704.9546
62000000	86000000	4697.3247
63000000	86000000	4925.941
64000000	86000000	4549.8677
65000000	86000000	5023.06
66000000	86000000	5061.593
67000000	86000000	5044.5654
68000000	86000000	5984.4683
69000000	86000000	6453.6494
70000000	86000000	7062.9976
71000000	86000000	7667.622
72000000	86000000	7942.8013
73000000	86000000	8019.182
74000000	86000000	7928.007
75000000	86000000	8540.61
76000000	86000000	8441.84
77000000	86000000	8319.827
78000000	86000000	9024.644
79000000	86000000	11584.415
80000000	86000000	12890.722
81000000	86000000	15626.684
82000000	86000000	18058.473
83000000	86000000	21029.81
84000000	86000000	34634.797
85000000	86000000	108338.15
86000000	86000000	543815.94
0	87000000	457.10178
1000000	87000000	568.3461
2000000	87000000	483.16327
3000000	87000000	590.40045
4000000	87000000	541.09265
5000000	87000000	542.8318
6000000	87000000	856.0647
7000000	87000000	704.7909
8000000	87000000	885.85034
9000000	87000000	673.4168
10000000	87000000	591.2555
11000000	87000000	601.8194
12000000	87000000	786.73486
13000000	87000000	543.3164
14000000	87000000	832.0696
15000000	87000000	845.2791
16000000	87000000	791.28925
17000000	87000000	717.0853
18000000	87000000	561.5136
19000000	87000000	733.3913
20000000	87000000	733.4493
21000000	87000000	708.4187
22000000	87000000	617.37085
23000000	87000000	694.23346
24000000	87000000	766.59674
25000000	87000000	935.46967
26000000	87000000	713.811
27000000	87000000	670.63196
28000000	87000000	725.4438
29000000	87000000	689.281
30000000	87000000	706.7798
31000000	87000000	797.2372
32000000	87000000	882.6264
33000000	87000000	1052.7893
34000000	87000000	994.4322
35000000	87000000	1089.7213
36000000	87000000	988.9693
37000000	87000000	883.6621
38000000	87000000	974.704
39000000	87000000	986.78625
40000000	87000000	1150.003
41000000	87000000	1554.8024
42000000	87000000	1694.8063
43000000	87000000	1137.1938
44000000	87000000	1321.8657
45000000	87000000	1623.3334
46000000	87000000	2026.747
47000000	87000000	2924.0442
48000000	87000000	2896.1353
49000000	87000000	2734.742
50000000	87000000	3011.9458
51000000	87000000	4109.113
52000000	87000000	2770.9854
53000000	87000000	2518.1702
54000000	87000000	2536.0266
55000000	87000000	3043.801
56000000	87000000	3121.634
57000000	87000000	2716.4556
58000000	87000000	2987.6328
59000000	87000000	3951.3152
60000000	87000000	3451.0134
61000000	87000000	3605.7542
62000000	87000000	4520.4453
63000000	87000000	4979.7637
64000000	87000000	4019.9385
65000000	87000000	4648.0293
66000000	87000000	4357.476
67000000	87000000	5314.819
68000000	87000000	5003.307
69000000	87000000	4265.244
70000000	87000000	5974.7827
71000000	87000000	5202.758
72000000	87000000	5434.9116
73000000	87000000	5177.4424
74000000	87000000	5526.831
75000000	87000000	6084.126
76000000	87000000	6434.586
77000000	87000000	5963.234
78000000	87000000	7875.157
79000000	87000000	7636.722
80000000	87000000	8025.071
81000000	87000000	9492.401
82000000	87000000	11134.376
83000000	87000000	11017.0625
84000000	87000000	15618.707
85000000	87000000	28876.09
86000000	87000000	99290.85
87000000	87000000	530862.1
0	88000000	305.16254
1000000	88000000	387.94742
2000000	88000000	422.98758
3000000	88000000	517.66656
4000000	88000000	684.56
5000000	88000000	792.63007
6000000	88000000	659.4019
7000000	88000000	873.5777
8000000	88000000	555.5864
9000000	88000000	405.20422
10000000	88000000	483.47275
11000000	88000000	462.47864
12000000	88000000	676.28735
13000000	88000000	809.2393
14000000	88000000	1003.6679
15000000	88000000	784.60345
16000000	88000000	549.8998
17000000	88000000	610.0883
18000000	88000000	836.633
19000000	88000000	638.47864
20000000	88000000	705.9658
21000000	88000000	512.5829
22000000	88000000	507.86737
23000000	88000000	552.5929
24000000	88000000	702.89307
25000000	88000000	658.45483
26000000	88000000	499.43704
27000000	88000000	450.0502
28000000	88000000	444.287
29000000	88000000	722.7005
30000000	88000000	1023.08185
31000000	88000000	732.0795
32000000	88000000	496.09537
33000000	88000000	728.6379
34000000	88000000	1487.9695
35000000	88000000	981.9015
36000000	88000000	694.2815
37000000	88000000	1112.8223
38000000	88000000	820.22943
39000000	88000000	747.6873
40000000	88000000	645.33716
41000000	88000000	1251.1058
42000000	88000000	1303.1399
43000000	88000000	927.64746
44000000	88000000	1190.0537
45000000	88000000	1125.9661
46000000	88000000	1285.2878
47000000	88000000	2656.778
48000000	88000000	3562.7883
49000000	88000000	4035.6787
50000000	88000000	4132.227
51000000	88000000	2621.258
52000000	88000000	1749.8455
53000000	88000000	1937.5247
54000000	88000000	2125.5034
55000000	88000000	2468.7485
56000000	88000000	3533.5815
57000000	88000000	3654.2249
58000000	88000000	3916.2332
59000000	88000000	2564.819
60000000	88000000	4102.389
61000000	88000000	4700.1924
62000000	88000000	4130.779
63000000	88000000	4067.5964
64000000	88000000	4774.562
65000000	88000000	4658.4614
66000000	88000000	4451.274
67000000	88000000	4113.4507
68000000	88000000	5285.7896
69000000	88000000	6247.5557
70000000	88000000	5467.1055
71000000	88000000	7085.609
72000000	88000000	7233.1304
73000000	88000000	7729.76
74000000	88000000	7327.964
75000000	88000000	6927.0747
76000000	88000000	6778.072
77000000	88000000	7099.4297
78000000	88000000	6009.274
79000000	88000000	8163.6665
80000000	88000000	9824.032
81000000	88000000	11526.218
82000000	88000000	11866.209
83000000	88000000	12570.334
84000000	88000000	13368.448
85000000	88000000	16821.752
86000000	88000000	42021.43
87000000	88000000	184478.39
88000000	88000000	540677.25
0	89000000	564.2271
1000000	89000000	708.95233
2000000	89000000	507.12656
3000000	89000000	577.4103
4000000	89000000	544.47626
5000000	89000000	594.34247
6000000	89000000	999.0089
7000000	89000000	756.2606
8000000	89000000	1046.3846
9000000	89000000	810.9006
10000000	89000000	798.2856
11000000	89000000	705.97394
12000000	89000000	980.52905
13000000	89000000	583.1207
14000000	89000000	860.92957
15000000	89000000	919.024
16000000	89000000	937.28534
17000000	89000000	744.6403
18000000	89000000	575.1327
19000000	89000000	812.37506
20000000	89000000	827.0887
21000000	89000000	879.1106
22000000	89000000	688.0177
23000000	89000000	811.1301
24000000	89000000	920.3157
25000000	89000000	1051.486
26000000	89000000	829.6384
27000000	89000000	855.69727
28000000	89000000	838.74646
29000000	89000000	836.97217
30000000	89000000	696.1761
31000000	89000000	967.5233
32000000	89000000	1072.637
33000000	89000000	1199.5118
34000000	89000000	1030.8655
35000000	89000000	1288.143
36000000	89000000	1212.5286
37000000	89000000	962.6007
38000000	89000000	1099.1315
39000000	89000000	1146.997
40000000	89000000	1419.7849
41000000	89000000	1810.0923
42000000	89000000	1891.1968
43000000	89000000	1461.3391
44000000	89000000	1539.5714
45000000	89000000	1970.2286
46000000	89000000	2495.7974
47000000	89000000	2902.7976
48000000	89000000	2376.7114
49000000	89000000	2352.7258
50000000	89000000	2720.8748
51000000	89000000	4574.7573
52000000	89000000	3496.1982
53000000	89000000	2975.4739
54000000	89000000	2912.0505
55000000	89000000	3261.756
56000000	89000000	2943.7642
57000000	89000000	2513.8118
58000000	89000000	2874.2942
59000000	89000000	4218.8896
60000000	89000000	3206.646
61000000	89000000	3004.1936
62000000	89000000	4216.767
63000000	89000000	4807.9297
64000000	89000000	3727.4065
65000000	89000000	4196.18
66000000	89000000	4026.5613
67000000	89000000	5123.563
68000000	89000000	4473.235
69000000	89000000	3552.7107
70000000	89000000	5476.862
71000000	89000000	4541.635
72000000	89000000	4840.269
73000000	89000000	4502.8926
74000000	89000000	4769.8867
75000000	89000000	5586.558
76000000	89000000	5814.589
77000000	89000000	5522.1963
78000000	89000000	7565.9893
79000000	89000000	6325.9253
80000000	89000000	6568.9717
81000000	89000000	7040.7837
82000000	89000000	8187.855
83000000	89000000	7484.7837
84000000	89000000	10553.771
85000000	89000000	15188.664
86000000	89000000	21995.0
87000000	89000000	48178.902
88000000	89000000	83433.82
89000000	89000000	579280.3
0	90000000	536.1752
1000000	90000000	693.9817
2000000	90000000	553.59576
3000000	90000000	581.44556
4000000	90000000	580.6486
5000000	90000000	635.24976
6000000	90000000	973.888
7000000	90000000	803.0914
8000000	90000000	1022.7864
9000000	90000000	799.68555
10000000	90000000	755.46466
11000000	90000000	722.987
12000000	90000000	950.4687
13000000	90000000	603.37646
14000000	90000000	982.51556
15000000	90000000	972.2476
16000000	90000000	949.6806
17000000	90000000	782.6963
18000000	90000000	700.11707
19000000	90000000	787.5954
20000000	90000000	855.8434
21000000	90000000	807.30817
22000000	90000000	676.61896
23000000	90000000	766.545
24000000	90000000	895.40106
25000000	90000000	1013.7632
26000000	90000000	811.4795
27000000	90000000	825.8096
28000000	90000000	931.00696
29000000	90000000	770.96124
30000000	90000000	783.46466
31000000	90000000	964.10046
32000000	90000000	984.4211
33000000	90000000	1172.8364
34000000	90000000	1162.8313
35000000	90000000	1222.1643
36000000	90000000	1152.7312
37000000	90000000	984.2622
38000000	90000000	1081.2479
39000000	90000000	1139.2814
40000000	90000000	1414.9296
41000000	90000000	1739.7623
42000000	90000000	1850.4904
43000000	90000000	1325.1322
44000000	90000000	1522.1156
45000000	90000000	1834.5955
46000000	90000000	2527.1445
47000000	90000000	2858.1223
48000000	90000000	2665.121
49000000	90000000	2565.2336
50000000	90000000	2808.3398
51000000	90000000	3861.0718
52000000	90000000	3074.568
53000000	90000000	2852.9136
54000000	90000000	2657.8286
55000000	90000000	3200.1748
56000000	90000000	3546.3425
57000000	90000000	2948.4058
58000000	90000000	3112.0508
59000000	90000000	3840.1135
60000000	90000000	3301.3792
61000000	90000000	3259.3635
62000000	90000000	4069.4395
63000000	90000000	4511.7476
64000000	90000000	3846.2515
65000000	90000000	4221.528
66000000	90000000	3965.822
67000000	90000000	4543.498
68000000	90000000	4449.8584
69000000	90000000	3745.342
70000000	90000000	5088.1885
71000000	90000000	4432.8003
72000000	90000000	4610.7764
73000000	90000000	4379.504
74000000	90000000	4564.472
75000000	90000000	5169.667
76000000	90000000	5556.918
77000000	90000000	5169.5864
78000000	90000000	6388.062
79000000	90000000	5861.901
80000000	90000000	5766.2554
81000000	90000000	6545.657
82000000	90000000	7715.687
83000000	90000000	7022.449
84000000	90000000	8479.773
85000000	90000000	11571.659
86000000	90000000	13741.394
87000000	90000000	21320.885
88000000	90000000	24351.902
89000000	90000000	128188.445
90000000	90000000	542189.8
0	91000000	409.86856
1000000	91000000	513.9352
2000000	91000000	564.96356
3000000	91000000	603.0238
4000000	91000000	713.5625
5000000	91000000	785.78754
6000000	91000000	743.12134
7000000	91000000	851.9493
8000000	91000000	745.34656
9000000	91000000	584.8558
10000000	91000000	544.59076
11000000	91000000	568.8708
12000000	91000000	801.1877
13000000	91000000	752.635
14000000	91000000	1005.1528
15000000	91000000	835.6983
16000000	91000000	670.27625
17000000	91000000	725.7285
18000000	91000000	765.28906
19000000	91000000	715.07495
20000000	91000000	830.33484
21000000	91000000	589.59076
22000000	91000000	622.81824
23000000	91000000	619.07404
24000000	91000000	710.4319
25000000	91000000	757.4839
26000000	91000000	626.62524
27000000	91000000	552.91583
28000000	91000000	613.46063
29000000	91000000	732.2216
30000000	91000000	990.7013
31000000	91000000	740.3743
32000000	91000000	685.92816
33000000	91000000	935.61053
34000000	91000000	1384.6632
35000000	91000000	1127.576
36000000	91000000	848.6729
37000000	91000000	1087.8927
38000000	91000000	972.8978
39000000	91000000	916.49475
40000000	91000000	913.90814
41000000	91000000	1465.3403
42000000	91000000	1489.928
43000000	91000000	1108.0481
44000000	91000000	1425.7312
45000000	91000000	1503.6616
46000000	91000000	1648.0436
47000000	91000000	2744.8882
48000000	91000000	3094.1619
49000000	91000000	3258.0205
50000000	91000000	3348.7546
51000000	91000000	2816.769
52000000	91000000	2036.8787
53000000	91000000	2265.859
54000000	91000000	2263.1504
55000000	91000000	2731.7966
56000000	91000000	3409.238
57000000	91000000	3309.6504
58000000	91000000	3522.7493
59000000	91000000	2983.508
60000000	91000000	3433.9612
61000000	91000000	3807.2788
62000000	91000000	3860.305
63000000	91000000	4197.331
64000000	91000000	4007.0986
65000000	91000000	3810.125
66000000	91000000	3697.7283
67000000	91000000	3820.4722
68000000	91000000	4494.136
69000000	91000000	4839.548
70000000	91000000	4732.093
71000000	91000000	5106.922
72000000	91000000	5490.881
73000000	91000000	5532.1978
74000000	91000000	5341.097
75000000	91000000	5518.631
76000000	91000000	5671.816
77000000	91000000	5571.335
78000000	91000000	5242.5312
79000000	91000000	5845.8813
80000000	91000000	6431.797
81000000	91000000	7099.2656
82000000	91000000	7376.1343
83000000	91000000	7091.426
84000000	91000000	7737.488
85000000	91000000	8743.708
86000000	91000000	12268.575
87000000	91000000	13632.724
88000000	91000000	19248.121
89000000	91000000	30930.303
90000000	91000000	133901.1
91000000	91000000	528426.1
0	92000000	469.07425
1000000	92000000	650.87213
2000000	92000000	527.73285
3000000	92000000	609.7731
4000000	92000000	583.10364
5000000	92000000	663.3041
6000000	92000000	940.2529
7000000	92000000	880.0074
8000000	92000000	988.6799
9000000	92000000	791.837
10000000	92000000	755.3558
11000000	92000000	677.1359
12000000	92000000	965.1071
13000000	92000000	766.7424
14000000	92000000	922.381
15000000	92000000	940.7087
16000000	92000000	916.3959
17000000	92000000	792.8686
18000000	92000000	746.41846
19000000	92000000	856.46783
20000000	92000000	880.52606
21000000	92000000	796.37885
22000000	92000000	750.1078
23000000	92000000	786.2059
24000000	92000000	909.816
25000000	92000000	1066.7358
26000000	92000000	859.13495
27000000	92000000	765.4348
28000000	92000000	864.55115
29000000	92000000	875.24194
30000000	92000000	948.55396
31000000	92000000	927.12787
32000000	92000000	931.63104
33000000	92000000	1090.9365
34000000	92000000	1254.7607
35000000	92000000	1180.3038
36000000	92000000	1101.6957
37000000	92000000	1091.8121
38000000	92000000	1023.10345
39000000	92000000	1101.3798
40000000	92000000	1207.0728
41000000	92000000	1737.5859
42000000	92000000	1782.9075
43000000	92000000	1392.8512
44000000	92000000	1618.2819
45000000	92000000	1802.1013
46000000	92000000	2280.4343
47000000	92000000	2809.6223
48000000	92000000	2654.2776
49000000	92000000	2561.5542
50000000	92000000	2714.8726
51000000	92000000	3497.9268
52000000	92000000	2717.5466
53000000	92000000	2697.0928
54000000	92000000	2713.0515
55000000	92000000	2868.5974
56000000	92000000	2921.6177
57000000	92000000	2757.8267
58000000	92000000	3007.099
59000000	92000000	3212.288
60000000	92000000	2981.9458
61000000	92000000	3083.7686
62000000	92000000	3916.8716
63000000	92000000	4168.6016
64000000	92000000	3731.8684
65000000	92000000	3983.6284
66000000	92000000	3554.9104
67000000	92000000	4115.449
68000000	92000000	4146.1567
69000000	92000000	3665.1702
70000000	92000000	4594.775
71000000	92000000	4348.2915
72000000	92000000	4610.2505
73000000	92000000	4615.247
74000000	92000000	4609.1904
75000000	92000000	4998.8076
76000000	92000000	4985.6406
77000000	92000000	4949.978
78000000	92000000	5569.0723
79000000	92000000	5292.669
80000000	92000000	5398.083
81000000	92000000	5958.456
82000000	92000000	5998.482
83000000	92000000	5618.77
84000000	92000000	6720.331
85000000	92000000	8609.283
86000000	92000000	10619.626
87000000	92000000	12063.885
88000000	92000000	13647.102
89000000	92000000	21651.488
90000000	92000000	43324.41
91000000	92000000	151242.56
92000000	92000000	536767.4
0	93000000	729.0876
1000000	93000000	995.21436
2000000	93000000	617.75116
3000000	93000000	655.79486
4000000	93000000	450.88147
5000000	93000000	541.37396
6000000	93000000	1150.9996
7000000	93000000	848.9137
8000000	93000000	1366.0854
9000000	93000000	1155.6208
10000000	93000000	1048.9877
11000000	93000000	930.6316
12000000	93000000	1105.7517
13000000	93000000	537.3369
14000000	93000000	815.11206
15000000	93000000	1082.6675
16000000	93000000	1273.8452
17000000	93000000	800.55206
18000000	93000000	608.3502
19000000	93000000	951.098
20000000	93000000	871.30865
21000000	93000000	1065.2996
22000000	93000000	886.9177
23000000	93000000	1034.6392
24000000	93000000	1095.0242
25000000	93000000	1308.2997
26000000	93000000	1126.7644
27000000	93000000	1137.2998
28000000	93000000	1328.1173
29000000	93000000	931.77075
30000000	93000000	699.61304
31000000	93000000	1204.1216
32000000	93000000	1417.5157
33000000	93000000	1510.7302
34000000	93000000	975.84827
35000000	93000000	1555.0046
36000000	93000000	1696.2268
37000000	93000000	891.9575
38000000	93000000	1349.5269
39000000	93000000	1483.0157
40000000	93000000	2025.9749
41000000	93000000	2241.8533
42000000	93000000	2111.2896
43000000	93000000	1724.7526
44000000	93000000	1852.0812
45000000	93000000	2552.376
46000000	93000000	3465.4695
47000000	93000000	3022.055
48000000	93000000	1885.3538
49000000	93000000	1590.3358
50000000	93000000	1874.8145
51000000	93000000	4681.6797
52000000	93000000	4325.599
53000000	93000000	3679.8447
54000000	93000000	3221.858
55000000	93000000	3327.9578
56000000	93000000	2610.7366
57000000	93000000	1966.3081
58000000	93000000	2250.0305
59000000	93000000	4047.8616
60000000	93000000	2482.642
61000000	93000000	2161.325
62000000	93000000	3804.612
63000000	93000000	4817.5166
64000000	93000000	3217.6667
65000000	93000000	3683.6306
66000000	93000000	3650.2983
67000000	93000000	4903.948
68000000	93000000	3628.2178
69000000	93000000	2422.3608
70000000	93000000	4523.558
71000000	93000000	3157.8284
72000000	93000000	3082.1892
73000000	93000000	2926.9707
74000000	93000000	3305.8176
75000000	93000000	3933.093
76000000	93000000	4248.7114
77000000	93000000	4097.6704
78000000	93000000	6790.544
79000000	93000000	4346.0244
80000000	93000000	4069.2634
81000000	93000000	4070.5137
82000000	93000000	4823.055
83000000	93000000	3980.3035
84000000	93000000	5955.3413
85000000	93000000	8947.75
86000000	93000000	8342.794
87000000	93000000	11228.09
88000000	93000000	8337.043
89000000	93000000	18942.25
90000000	93000000	25866.768
91000000	93000000	38311.723
92000000	93000000	136272.95
93000000	93000000	562051.3
0	94000000	457.74646
1000000	94000000	627.3423
2000000	94000000	700.3278
3000000	94000000	780.5408
4000000	94000000	743.70703
5000000	94000000	914.5581
6000000	94000000	1077.388
7000000	94000000	1020.7119
8000000	94000000	889.04364
9000000	94000000	689.6918
10000000	94000000	686.7838
11000000	94000000	726.19354
12000000	94000000	947.49207
13000000	94000000	764.58905
14000000	94000000	1035.2529
15000000	94000000	1002.5546
16000000	94000000	858.2303
17000000	94000000	859.3742
18000000	94000000	884.1282
19000000	94000000	849.10175
20000000	94000000	910.1205
21000000	94000000	762.1289
22000000	94000000	735.3786
23000000	94000000	740.50287
24000000	94000000	878.4986
25000000	94000000	934.7291
26000000	94000000	782.62604
27000000	94000000	656.14545
28000000	94000000	741.33777
29000000	94000000	941.71204
30000000	94000000	1023.5314
31000000	94000000	1004.6464
32000000	94000000	820.89954
33000000	94000000	1110.6956
34000000	94000000	1453.3339
35000000	94000000	1272.648
36000000	94000000	1045.263
37000000	94000000	1217.7827
38000000	94000000	1097.5784
39000000	94000000	1084.8163
40000000	94000000	1051.2133
41000000	94000000	1778.2369
42000000	94000000	1605.0979
43000000	94000000	1327.6102
44000000	94000000	1539.8894
45000000	94000000	1729.8077
46000000	94000000	2133.479
47000000	94000000	3633.1143
48000000	94000000	3654.6045
49000000	94000000	3102.3113
50000000	94000000	3327.221
51000000	94000000	3827.2622
52000000	94000000	2826.5823
53000000	94000000	2937.0188
54000000	94000000	3112.169
55000000	94000000	3461.7954
56000000	94000000	3452.281
57000000	94000000	3355.8083
58000000	94000000	3644.3665
59000000	94000000	3697.5488
60000000	94000000	3458.599
61000000	94000000	3749.8188
62000000	94000000	4702.463
63000000	94000000	4811.154
64000000	94000000	4538.5757
65000000	94000000	4569.9067
66000000	94000000	3925.6748
67000000	94000000	4713.089
68000000	94000000	4919.7637
69000000	94000000	3911.0286
70000000	94000000	4717.3696
71000000	94000000	4537.171
72000000	94000000	4314.4805
73000000	94000000	4207.7935
74000000	94000000	4585.997
75000000	94000000	4999.823
76000000	94000000	5362.489
77000000	94000000	5385.8516
78000000	94000000	5729.8286
79000000	94000000	5028.37
80000000	94000000	5068.27
81000000	94000000	5381.52
82000000	94000000	5675.813
83000000	94000000	5306.617
84000000	94000000	6678.497
85000000	94000000	8508.774
86000000	94000000	9156.79
87000000	94000000	9882.469
88000000	94000000	10247.041
89000000	94000000	13358.249
90000000	94000000	16010.576
91000000	94000000	21142.11
92000000	94000000	28364.578
93000000	94000000	119723.26
94000000	94000000	535783.4
0	95000000	305.18054
1000000	95000000	397.70004
2000000	95000000	587.61835
3000000	95000000	667.74567
4000000	95000000	1039.4711
5000000	95000000	1079.1039
6000000	95000000	760.5759
7000000	95000000	884.7462
8000000	95000000	590.9826
9000000	95000000	411.45636
10000000	95000000	436.49594
11000000	95000000	458.1409
12000000	95000000	693.7239
13000000	95000000	707.71375
14000000	95000000	974.2495
15000000	95000000	765.2277
16000000	95000000	565.119
17000000	95000000	665.054
18000000	95000000	807.6284
19000000	95000000	622.27563
20000000	95000000	627.9818
21000000	95000000	469.04785
22000000	95000000	478.52502
23000000	95000000	470.6613
24000000	95000000	557.0425
25000000	95000000	600.4552
26000000	95000000	441.8174
27000000	95000000	407.19736
28000000	95000000	426.60114
29000000	95000000	647.5718
30000000	95000000	924.3805
31000000	95000000	635.38403
32000000	95000000	465.59485
33000000	95000000	752.8149
34000000	95000000	1369.948
35000000	95000000	919.9087
36000000	95000000	651.74896
37000000	95000000	964.10333
38000000	95000000	715.0926
39000000	95000000	639.3981
40000000	95000000	565.5942
41000000	95000000	1083.4891
42000000	95000000	1136.3351
43000000	95000000	817.5533
44000000	95000000	1062.6223
45000000	95000000	1087.1365
46000000	95000000	1236.8881
47000000	95000000	2813.7837
48000000	95000000	4218.8
49000000	95000000	4591.691
50000000	95000000	4646.5537
51000000	95000000	3020.5
52000000	95000000	1625.2678
53000000	95000000	1756.7574
54000000	95000000	2085.551
55000000	95000000	2635.8652
56000000	95000000	3193.16
57000000	95000000	3876.9568
58000000	95000000	4028.476
59000000	95000000	2919.9731
60000000	95000000	4172.7207
61000000	95000000	4667.1616
62000000	95000000	4552.4116
63000000	95000000	4227.15
64000000	95000000	4536.1484
65000000	95000000	4345.677
66000000	95000000	3756.3042
67000000	95000000	3976.7754
68000000	95000000	5506.842
69000000	95000000	6168.111
70000000	95000000	5469.344
71000000	95000000	6238.14
72000000	95000000	6209.7803
73000000	95000000	6606.169
74000000	95000000	6227.7554
75000000	95000000	6360.8457
76000000	95000000	6441.424
77000000	95000000	6414.9546
78000000	95000000	5556.9507
79000000	95000000	6155.43
80000000	95000000	6844.9414
81000000	95000000	7511.966
82000000	95000000	7431.0415
83000000	95000000	7313.8813
84000000	95000000	7674.2837
85000000	95000000	7897.651
86000000	95000000	10134.447
87000000	95000000	8959.912
88000000	95000000	10949.062
89000000	95000000	10348.373
90000000	95000000	12639.897
91000000	95000000	17261.494
92000000	95000000	17900.93
93000000	95000000	24165.7
94000000	95000000	123325.21
95000000	95000000	513066.25
0	96000000	174.77538
1000000	96000000	240.7699
2000000	96000000	483.4755
3000000	96000000	537.0165
4000000	96000000	1296.8705
5000000	96000000	1278.4181
6000000	96000000	387.8909
7000000	96000000	615.9558
8000000	96000000	244.60213
9000000	96000000	218.0698
10000000	96000000	259.58322
11000000	96000000	265.89575
12000000	96000000	444.7752
13000000	96000000	556.8047
14000000	96000000	823.5815
15000000	96000000	522.89746
16000000	96000000	278.14847
17000000	96000000	415.74005
18000000	96000000	630.8359
19000000	96000000	367.51083
20000000	96000000	398.35336
21000000	96000000	252.7857
22000000	96000000	303.5357
23000000	96000000	299.59515
24000000	96000000	323.849
25000000	96000000	315.2717
26000000	96000000	271.54803
27000000	96000000	228.94017
28000000	96000000	229.15968
29000000	96000000	423.86646
30000000	96000000	748.91974
31000000	96000000	385.7558
32000000	96000000	238.02676
33000000	96000000	376.43683
34000000	96000000	1135.0382
35000000	96000000	544.1885
36000000	96000000	342.93643
37000000	96000000	621.0178
38000000	96000000	433.79187
39000000	96000000	385.01108
40000000	96000000	312.02634
41000000	96000000	541.6073
42000000	96000000	554.90955
43000000	96000000	446.08212
44000000	96000000	512.59174
45000000	96000000	577.17664
46000000	96000000	575.7848
47000000	96000000	1598.1299
48000000	96000000	3393.2107
49000000	96000000	5879.225
50000000	96000000	5613.1074
51000000	96000000	1461.6277
52000000	96000000	747.7993
53000000	96000000	852.59143
54000000	96000000	924.4503
55000000	96000000	1436.1127
56000000	96000000	2759.1575
57000000	96000000	3322.0994
58000000	96000000	3400.5496
59000000	96000000	1527.8937
60000000	96000000	4174.651
61000000	96000000	4976.8438
62000000	96000000	2798.3955
63000000	96000000	2628.1692
64000000	96000000	3333.797
65000000	96000000	3187.482
66000000	96000000	3286.0227
67000000	96000000	2613.2927
68000000	96000000	4539.2036
69000000	96000000	8876.474
70000000	96000000	4721.314
71000000	96000000	6944.209
72000000	96000000	7157.1377
73000000	96000000	8811.98
74000000	96000000	6943.3433
75000000	96000000	6534.0005
76000000	96000000	6009.819
77000000	96000000	5970.747
78000000	96000000	4215.8447
79000000	96000000	6504.418
80000000	96000000	8561.009
81000000	96000000	8520.742
82000000	96000000	7777.7734
83000000	96000000	8530.89
84000000	96000000	7325.782
85000000	96000000	5497.0957
86000000	96000000	8978.941
87000000	96000000	6115.5522
88000000	96000000	10389.214
89000000	96000000	6424.79
90000000	96000000	8029.783
91000000	96000000	12231.074
92000000	96000000	10360.925
93000000	96000000	8354.781
94000000	96000000	22061.152
95000000	96000000	99867.19
96000000	96000000	577459.9
0	97000000	260.98413
1000000	97000000	367.30652
2000000	97000000	400.97665
3000000	97000000	417.64117
4000000	97000000	587.5416
5000000	97000000	572.82446
6000000	97000000	584.55396
7000000	97000000	483.175
8000000	97000000	548.2982
9000000	97000000	352.95172
10000000	97000000	344.6693
11000000	97000000	339.26175
12000000	97000000	574.98474
13000000	97000000	477.7414
14000000	97000000	617.1339
15000000	97000000	541.06
16000000	97000000	433.38187
17000000	97000000	418.9861
18000000	97000000	429.09814
19000000	97000000	442.9031
20000000	97000000	423.67953
21000000	97000000	427.3537
22000000	97000000	333.8513
23000000	97000000	390.00388
24000000	97000000	379.89102
25000000	97000000	485.2788
26000000	97000000	379.09317
27000000	97000000	384.4921
28000000	97000000	408.95212
29000000	97000000	467.06943
30000000	97000000	494.2207
31000000	97000000	475.4968
32000000	97000000	398.57843
33000000	97000000	617.9873
34000000	97000000	760.0374
35000000	97000000	690.23047
36000000	97000000	570.4309
37000000	97000000	573.37024
38000000	97000000	529.375
39000000	97000000	550.9892
40000000	97000000	613.5579
41000000	97000000	865.8905
42000000	97000000	935.6159
43000000	97000000	643.7946
44000000	97000000	747.8136
45000000	97000000	878.77966
46000000	97000000	1048.5171
47000000	97000000	1823.0875
48000000	97000000	2379.9595
49000000	97000000	2894.033
50000000	97000000	3232.3083
51000000	97000000	2602.4443
52000000	97000000	1464.0565
53000000	97000000	1243.9016
54000000	97000000	1405.0231
55000000	97000000	1926.3563
56000000	97000000	2438.3647
57000000	97000000	2422.7617
58000000	97000000	2618.5032
59000000	97000000	2650.27
60000000	97000000	3247.853
61000000	97000000	3320.9497
62000000	97000000	3586.1167
63000000	97000000	3468.9036
64000000	97000000	3143.843
65000000	97000000	3399.6184
66000000	97000000	3189.3875
67000000	97000000	3485.2876
68000000	97000000	4273.294
69000000	97000000	4991.13
70000000	97000000	5264.8657
71000000	97000000	5232.606
72000000	97000000	5346.55
73000000	97000000	5347.1323
74000000	97000000	5187.0684
75000000	97000000	5505.1245
76000000	97000000	5462.527
77000000	97000000	5123.7637
78000000	97000000	5241.6807
79000000	97000000	5804.278
80000000	97000000	5936.1377
81000000	97000000	6271.4214
82000000	97000000	6628.599
83000000	97000000	6145.069
84000000	97000000	6425.4614
85000000	97000000	6337.944
86000000	97000000	8122.0806
87000000	97000000	7290.6665
88000000	97000000	7711.0737
89000000	97000000	8177.31
90000000	97000000	8995.617
91000000	97000000	9992.202
92000000	97000000	10011.462
93000000	97000000	11338.249
94000000	97000000	18584.826
95000000	97000000	44910.926
96000000	97000000	119323.49
97000000	97000000	494104.3
0	98000000	213.23883
1000000	98000000	336.058
2000000	98000000	363.70178
3000000	98000000	344.18982
4000000	98000000	542.10565
5000000	98000000	540.56104
6000000	98000000	488.9017
7000000	98000000	468.6509
8000000	98000000	462.71268
9000000	98000000	311.79593
10000000	98000000	356.531
11000000	98000000	341.08905
12000000	98000000	500.3398
13000000	98000000	501.33777
14000000	98000000	628.9648
15000000	98000000	547.3446
16000000	98000000	425.27594
17000000	98000000	399.32208
18000000	98000000	474.47028
19000000	98000000	421.21512
20000000	98000000	425.21362
21000000	98000000	398.44427
22000000	98000000	356.20236
23000000	98000000	342.8372
24000000	98000000	389.22232
25000000	98000000	554.6874
26000000	98000000	361.54712
27000000	98000000	362.17648
28000000	98000000	368.85498
29000000	98000000	432.35724
30000000	98000000	538.6479
31000000	98000000	475.40457
32000000	98000000	429.73795
33000000	98000000	567.2005
34000000	98000000	859.30493
35000000	98000000	620.5546
36000000	98000000	517.3451
37000000	98000000	568.46747
38000000	98000000	507.4726
39000000	98000000	504.8197
40000000	98000000	506.46133
41000000	98000000	863.14014
42000000	98000000	954.2655
43000000	98000000	562.48376
44000000	98000000	725.84265
45000000	98000000	812.68005
46000000	98000000	1051.2587
47000000	98000000	1752.8983
48000000	98000000	2334.3281
49000000	98000000	2929.0986
50000000	98000000	3147.9453
51000000	98000000	2456.227
52000000	98000000	1346.4545
53000000	98000000	1196.3257
54000000	98000000	1286.5336
55000000	98000000	1699.973
56000000	98000000	2440.3872
57000000	98000000	2500.39
58000000	98000000	2662.5022
59000000	98000000	2342.2183
60000000	98000000	3230.9563
61000000	98000000	3523.4668
62000000	98000000	3216.1965
63000000	98000000	3418.3618
64000000	98000000	3221.7158
65000000	98000000	3318.5818
66000000	98000000	3264.1362
67000000	98000000	3386.1548
68000000	98000000	4417.4385
69000000	98000000	5137.2573
70000000	98000000	5279.9927
71000000	98000000	5602.393
72000000	98000000	5756.7734
73000000	98000000	6030.7686
74000000	98000000	5439.2197
75000000	98000000	5463.447
76000000	98000000	5365.7007
77000000	98000000	5078.48
78000000	98000000	4966.9907
79000000	98000000	5751.9346
80000000	98000000	6199.2627
81000000	98000000	6852.5024
82000000	98000000	6745.852
83000000	98000000	6577.97
84000000	98000000	6402.9077
85000000	98000000	6337.7383
86000000	98000000	8036.252
87000000	98000000	6703.0146
88000000	98000000	8229.873
89000000	98000000	7457.5923
90000000	98000000	8334.526
91000000	98000000	9274.146
92000000	98000000	9122.851
93000000	98000000	9910.748
94000000	98000000	15423.91
95000000	98000000	31102.076
96000000	98000000	57808.67
97000000	98000000	200778.5
98000000	98000000	501901.56
0	99000000	214.18747
1000000	99000000	271.16803
2000000	99000000	338.99533
3000000	99000000	362.443
4000000	99000000	613.6307
5000000	99000000	716.7149
6000000	99000000	439.2275
7000000	99000000	600.84705
8000000	99000000	369.26132
9000000	99000000	255.40947
10000000	99000000	313.30835
11000000	99000000	326.62277
12000000	99000000	502.3463
13000000	99000000	501.27466
14000000	99000000	728.3
15000000	99000000	555.4448
16000000	99000000	362.24707
17000000	99000000	474.04276
18000000	99000000	565.94
19000000	99000000	451.7969
20000000	99000000	450.76898
21000000	99000000	333.84958
22000000	99000000	360.9225
23000000	99000000	346.14523
24000000	99000000	398.81787
25000000	99000000	452.7819
26000000	99000000	325.5877
27000000	99000000	287.90433
28000000	99000000	308.33026
29000000	99000000	459.19028
30000000	99000000	707.644
31000000	99000000	460.39465
32000000	99000000	311.19086
33000000	99000000	467.64084
34000000	99000000	970.8158
35000000	99000000	643.70667
36000000	99000000	439.5449
37000000	99000000	692.2101
38000000	99000000	494.1063
39000000	99000000	462.2064
40000000	99000000	424.88727
41000000	99000000	772.2811
42000000	99000000	833.67706
43000000	99000000	578.36957
44000000	99000000	737.4737
45000000	99000000	729.0007
46000000	99000000	823.14294
47000000	99000000	1837.4476
48000000	99000000	2856.6987
49000000	99000000	3508.2205
50000000	99000000	3545.855
51000000	99000000	1845.215
52000000	99000000	966.186
53000000	99000000	1140.009
54000000	99000000	1186.5361
55000000	99000000	1664.6433
56000000	99000000	2513.159
57000000	99000000	2865.9287
58000000	99000000	3041.375
59000000	99000000	1916.2925
60000000	99000000	3492.641
61000000	99000000	3904.9102
62000000	99000000	3245.837
63000000	99000000	3004.7827
64000000	99000000	3699.8945
65000000	99000000	3791.0532
66000000	99000000	3738.7258
67000000	99000000	3317.4114
68000000	99000000	4701.4526
69000000	99000000	6066.6284
70000000	99000000	5292.371
71000000	99000000	6618.6484
72000000	99000000	6735.3447
73000000	99000000	6999.486
74000000	99000000	6573.3022
75000000	99000000	6501.93
76000000	99000000	5970.558
77000000	99000000	5933.996
78000000	99000000	4893.5913
79000000	99000000	6315.303
80000000	99000000	7201.162
81000000	99000000	7578.231
82000000	99000000	7079.6494
83000000	99000000	6981.607
84000000	99000000	6552.437
85000000	99000000	5997.718
86000000	99000000	8273.13
87000000	99000000	6315.355
88000000	99000000	8849.737
89000000	99000000	6333.295
90000000	99000000	7226.6523
91000000	99000000	9253.999
92000000	99000000	8162.137
93000000	99000000	6826.489
94000000	99000000	12449.352
95000000	99000000	21626.662
96000000	99000000	32885.96
97000000	99000000	40533.508
98000000	99000000	97195.305
99000000	99000000	555585.0
0	100000000	627.8926
1000000	100000000	810.8805
2000000	100000000	456.89676
3000000	100000000	531.84155
4000000	100000000	353.15298
5000000	100000000	424.35983
6000000	100000000	988.0629
7000000	100000000	509.82645
8000000	100000000	1023.0687
9000000	100000000	836.4658
10000000	100000000	731.27985
11000000	100000000	635.4786
12000000	100000000	837.9421
13000000	100000000	400.78223
14000000	100000000	635.0858
15000000	100000000	765.5496
16000000	100000000	952.7735
17000000	100000000	585.1061
18000000	100000000	350.06567
19000000	100000000	693.7365
20000000	100000000	603.4653
21000000	100000000	812.7918
22000000	100000000	630.0844
23000000	100000000	706.53326
24000000	100000000	804.6795
25000000	100000000	1006.345
26000000	100000000	861.69476
27000000	100000000	904.9888
28000000	100000000	1081.4723
29000000	100000000	770.2534
30000000	100000000	429.81296
31000000	100000000	816.3486
32000000	100000000	1104.3556
33000000	100000000	1055.1525
34000000	100000000	570.37695
35000000	100000000	1029.4869
36000000	100000000	1312.1803
37000000	100000000	605.92993
38000000	100000000	960.1249
39000000	100000000	1126.3455
40000000	100000000	1519.1227
41000000	100000000	1560.6567
42000000	100000000	1574.4713
43000000	100000000	1122.9867
44000000	100000000	1212.0254
45000000	100000000	1776.3326
46000000	100000000	2562.6318
47000000	100000000	2156.6099
48000000	100000000	1514.6508
49000000	100000000	1360.8661
50000000	100000000	1635.7562
51000000	100000000	3856.983
52000000	100000000	3368.7024
53000000	100000000	2493.232
54000000	100000000	2388.7217
55000000	100000000	2418.7598
56000000	100000000	2087.463
57000000	100000000	1568.9524
58000000	100000000	1798.8967
59000000	100000000	3322.154
60000000	100000000	2088.3303
61000000	100000000	1936.6412
62000000	100000000	3315.4011
63000000	100000000	3926.414
64000000	100000000	2709.209
65000000	100000000	3426.4448
66000000	100000000	3239.297
67000000	100000000	4416.0303
68000000	100000000	3473.404
69000000	100000000	2371.3167
70000000	100000000	4949.329
71000000	100000000	3329.7056
72000000	100000000	3333.299
73000000	100000000	3053.303
74000000	100000000	3321.783
75000000	100000000	4143.3594
76000000	100000000	4334.0654
77000000	100000000	3807.124
78000000	100000000	6572.672
79000000	100000000	4267.8643
80000000	100000000	3754.86
81000000	100000000	3923.305
82000000	100000000	4405.6597
83000000	100000000	3919.6243
84000000	100000000	5095.797
85000000	100000000	7008.6846
86000000	100000000	6155.4863
87000000	100000000	7565.4507
88000000	100000000	4836.385
89000000	100000000	8744.265
90000000	100000000	8581.341
91000000	100000000	6546.4575
92000000	100000000	7798.895
93000000	100000000	12921.284
94000000	100000000	11283.963
95000000	100000000	11260.179
96000000	100000000	8787.47
97000000	100000000	20197.217
98000000	100000000	26265.92
99000000	100000000	95222.46
100000000	100000000	602999.44
0	101000000	507.98743
1000000	101000000	629.2128
2000000	101000000	420.51065
3000000	101000000	525.7744
4000000	101000000	318.97464
5000000	101000000	361.12976
6000000	101000000	752.23065
7000000	101000000	481.6257
8000000	101000000	933.4215
9000000	101000000	661.9888
10000000	101000000	569.7467
11000000	101000000	525.476
12000000	101000000	720.7683
13000000	101000000	396.797
14000000	101000000	602.75653
15000000	101000000	684.27576
16000000	101000000	726.7977
17000000	101000000	484.4237
18000000	101000000	363.97052
19000000	101000000	555.19824
20000000	101000000	558.93616
21000000	101000000	658.4468
22000000	101000000	557.2317
23000000	101000000	596.01935
24000000	101000000	725.65314
25000000	101000000	919.83575
26000000	101000000	667.3158
27000000	101000000	714.12616
28000000	101000000	824.3847
29000000	101000000	581.7783
30000000	101000000	414.56494
31000000	101000000	726.7893
32000000	101000000	886.2711
33000000	101000000	885.77496
34000000	101000000	587.4218
35000000	101000000	876.7703
36000000	101000000	879.3617
37000000	101000000	554.2957
38000000	101000000	754.8479
39000000	101000000	833.3267
40000000	101000000	1209.3104
41000000	101000000	1222.4574
42000000	101000000	1430.7085
43000000	101000000	961.28625
44000000	101000000	984.8949
45000000	101000000	1400.8593
46000000	101000000	1989.346
47000000	101000000	1810.4421
48000000	101000000	1467.452
49000000	101000000	1456.5239
50000000	101000000	1662.4509
51000000	101000000	3406.201
52000000	101000000	2516.4185
53000000	101000000	1928.011
54000000	101000000	1856.3512
55000000	101000000	2057.3203
56000000	101000000	2168.7336
57000000	101000000	1569.6558
58000000	101000000	1758.3862
59000000	101000000	3158.8528
60000000	101000000	2111.5828
61000000	101000000	2053.3127
62000000	101000000	2974.934
63000000	101000000	3409.849
64000000	101000000	2719.2024
65000000	101000000	3492.387
66000000	101000000	3690.5684
67000000	101000000	4403.686
68000000	101000000	3396.8635
69000000	101000000	2456.5784
70000000	101000000	4399.825
71000000	101000000	3227.8784
72000000	101000000	3254.5813
73000000	101000000	3056.9512
74000000	101000000	3439.8208
75000000	101000000	4341.434
76000000	101000000	4598.489
77000000	101000000	3939.2375
78000000	101000000	5805.6206
79000000	101000000	4348.7847
80000000	101000000	3891.3418
81000000	101000000	3766.7185
82000000	101000000	4684.098
83000000	101000000	4086.4153
84000000	101000000	5164.093
85000000	101000000	6939.336
86000000	101000000	6092.8267
87000000	101000000	7498.266
88000000	101000000	4895.5645
89000000	101000000	7883.2285
90000000	101000000	8242.773
91000000	101000000	6271.354
92000000	101000000	7403.773
93000000	101000000	10829.064
94000000	101000000	9868.978
95000000	101000000	9395.126
96000000	101000000	7514.679
97000000	101000000	15826.53
98000000	101000000	17995.48
99000000	101000000	34049.816
100000000	101000000	147847.22
101000000	101000000	606468.5
0	102000000	200.09843
1000000	102000000	232.38399
2000000	102000000	302.80515
3000000	102000000	307.29623
4000000	102000000	536.07635
5000000	102000000	603.92596
6000000	102000000	395.66595
7000000	102000000	507.0074
8000000	102000000	342.8492
9000000	102000000	257.63278
10000000	102000000	253.02896
11000000	102000000	260.52835
12000000	102000000	438.1603
13000000	102000000	365.4947
14000000	102000000	596.7867
15000000	102000000	456.97318
16000000	102000000	346.6135
17000000	102000000	355.0882
18000000	102000000	470.3309
19000000	102000000	373.00815
20000000	102000000	409.29584
21000000	102000000	271.85706
22000000	102000000	301.98926
23000000	102000000	317.3682
24000000	102000000	354.49506
25000000	102000000	383.4512
26000000	102000000	296.95886
27000000	102000000	292.77393
28000000	102000000	276.39957
29000000	102000000	397.56348
30000000	102000000	552.88416
31000000	102000000	410.42004
32000000	102000000	300.18555
33000000	102000000	444.03394
34000000	102000000	786.51666
35000000	102000000	544.54724
36000000	102000000	384.77618
37000000	102000000	594.88666
38000000	102000000	432.62674
39000000	102000000	400.85016
40000000	102000000	349.4498
41000000	102000000	597.3299
42000000	102000000	661.3653
43000000	102000000	483.8142
44000000	102000000	597.3217
45000000	102000000	680.2645
46000000	102000000	636.9336
47000000	102000000	1533.5171
48000000	102000000	2423.1084
49000000	102000000	2865.1838
50000000	102000000	3067.8545
51000000	102000000	1603.9995
52000000	102000000	851.0382
53000000	102000000	985.60547
54000000	102000000	1084.2689
55000000	102000000	1306.106
56000000	102000000	2148.8113
57000000	102000000	2509.0852
58000000	102000000	2576.208
59000000	102000000	1628.549
60000000	102000000	2984.7317
61000000	102000000	3636.4314
62000000	102000000	3006.6582
63000000	102000000	2880.3538
64000000	102000000	3390.9097
65000000	102000000	3698.9456
66000000	102000000	3815.1687
67000000	102000000	3390.8887
68000000	102000000	4590.8086
69000000	102000000	5546.7095
70000000	102000000	5251.298
71000000	102000000	6175.5483
72000000	102000000	6379.2495
73000000	102000000	6610.0864
74000000	102000000	6500.1274
75000000	102000000	6228.4385
76000000	102000000	5820.0347
77000000	102000000	6052.1006
78000000	102000000	4635.8003
79000000	102000000	6290.8096
80000000	102000000	6612.729
81000000	102000000	7346.0557
82000000	102000000	6721.0713
83000000	102000000	6694.599
84000000	102000000	6585.687
85000000	102000000	5738.438
86000000	102000000	8096.0264
87000000	102000000	5832.0674
88000000	102000000	8146.4565
89000000	102000000	5325.0537
90000000	102000000	5769.8115
91000000	102000000	7272.958
92000000	102000000	6723.0864
93000000	102000000	5067.4644
94000000	102000000	8134.309
95000000	102000000	12204.833
96000000	102000000	15899.69
97000000	102000000	15481.129
98000000	102000000	20754.465
99000000	102000000	40482.53
100000000	102000000	29968.246
101000000	102000000	98808.62
102000000	102000000	563829.8
0	103000000	160.16801
1000000	103000000	190.47076
2000000	103000000	263.20032
3000000	103000000	298.43494
4000000	103000000	495.55472
5000000	103000000	574.9333
6000000	103000000	380.71964
7000000	103000000	370.04507
8000000	103000000	302.15182
9000000	103000000	212.64444
10000000	103000000	241.78304
11000000	103000000	219.59904
12000000	103000000	333.00098
13000000	103000000	487.87662
14000000	103000000	628.36035
15000000	103000000	435.14377
16000000	103000000	216.11049
17000000	103000000	350.06567
18000000	103000000	414.2967
19000000	103000000	336.11465
20000000	103000000	368.90942
21000000	103000000	284.1965
22000000	103000000	261.6381
23000000	103000000	233.4386
24000000	103000000	318.3397
25000000	103000000	377.8984
26000000	103000000	278.08295
27000000	103000000	205.14348
28000000	103000000	255.38539
29000000	103000000	403.7461
30000000	103000000	530.9768
31000000	103000000	375.65448
32000000	103000000	208.52475
33000000	103000000	365.17355
34000000	103000000	807.3885
35000000	103000000	503.5594
36000000	103000000	349.0583
37000000	103000000	515.9432
38000000	103000000	379.7612
39000000	103000000	343.4379
40000000	103000000	316.49146
41000000	103000000	565.7001
42000000	103000000	664.4281
43000000	103000000	468.78348
44000000	103000000	582.20575
45000000	103000000	579.5131
46000000	103000000	622.7159
47000000	103000000	1358.0411
48000000	103000000	2374.9768
49000000	103000000	2996.712
50000000	103000000	3095.6877
51000000	103000000	1401.392
52000000	103000000	770.99774
53000000	103000000	818.11426
54000000	103000000	920.19
55000000	103000000	1254.3038
56000000	103000000	2016.8988
57000000	103000000	2420.3188
58000000	103000000	2450.5789
59000000	103000000	1460.4845
60000000	103000000	3234.5627
61000000	103000000	3769.9563
62000000	103000000	2789.101
63000000	103000000	2737.975
64000000	103000000	3247.0356
65000000	103000000	3294.8113
66000000	103000000	3448.6277
67000000	103000000	3090.8547
68000000	103000000	4159.064
69000000	103000000	5942.984
70000000	103000000	4979.113
71000000	103000000	6021.822
72000000	103000000	6702.0576
73000000	103000000	6789.5537
74000000	103000000	6330.944
75000000	103000000	6096.2324
76000000	103000000	5526.053
77000000	103000000	5447.747
78000000	103000000	4415.9165
79000000	103000000	6191.3647
80000000	103000000	6504.435
81000000	103000000	7037.065
82000000	103000000	6344.3696
83000000	103000000	6637.132
84000000	103000000	6317.8774
85000000	103000000	5451.185
86000000	103000000	7436.541
87000000	103000000	5109.9414
88000000	103000000	7671.2075
89000000	103000000	5095.463
90000000	103000000	5207.6406
91000000	103000000	7081.3975
92000000	103000000	6105.0063
93000000	103000000	4555.693
94000000	103000000	7156.051
95000000	103000000	11453.374
96000000	103000000	16295.427
97000000	103000000	13360.322
98000000	103000000	17227.014
99000000	103000000	28747.4
100000000	103000000	16623.35
101000000	103000000	30874.1
102000000	103000000	132018.77
103000000	103000000	605376.8
0	104000000	170.0897
1000000	104000000	244.07008
2000000	104000000	318.88284
3000000	104000000	350.61432
4000000	104000000	479.46243
5000000	104000000	594.28625
6000000	104000000	386.63138
7000000	104000000	441.01822
8000000	104000000	339.15662
9000000	104000000	248.48567
10000000	104000000	302.26224
11000000	104000000	262.59747
12000000	104000000	414.25098
13000000	104000000	405.28082
14000000	104000000	609.9013
15000000	104000000	436.06818
16000000	104000000	292.9145
17000000	104000000	357.53888
18000000	104000000	424.4166
19000000	104000000	382.74048
20000000	104000000	377.60687
21000000	104000000	315.04868
22000000	104000000	240.84418
23000000	104000000	278.88644
24000000	104000000	308.9843
25000000	104000000	371.3234
26000000	104000000	282.1255
27000000	104000000	274.68195
28000000	104000000	304.31354
29000000	104000000	366.05283
30000000	104000000	510.54483
31000000	104000000	364.03763
32000000	104000000	313.31213
33000000	104000000	352.419
34000000	104000000	665.12787
35000000	104000000	501.8745
36000000	104000000	357.1028
37000000	104000000	491.22385
38000000	104000000	391.9346
39000000	104000000	386.16602
40000000	104000000	316.46542
41000000	104000000	701.92035
42000000	104000000	618.0222
43000000	104000000	481.54797
44000000	104000000	504.03214
45000000	104000000	627.3679
46000000	104000000	633.58514
47000000	104000000	1356.7412
48000000	104000000	2144.8833
49000000	104000000	3021.994
50000000	104000000	2837.7104
51000000	104000000	1632.6515
52000000	104000000	872.26807
53000000	104000000	849.1245
54000000	104000000	983.6545
55000000	104000000	1234.5387
56000000	104000000	2186.9644
57000000	104000000	2363.264
58000000	104000000	2422.0684
59000000	104000000	1645.4591
60000000	104000000	3025.8242
61000000	104000000	3448.8054
62000000	104000000	2718.7068
63000000	104000000	2711.9753
64000000	104000000	3092.4685
65000000	104000000	3376.2117
66000000	104000000	3257.4673
67000000	104000000	3440.1675
68000000	104000000	3985.7148
69000000	104000000	5551.1016
70000000	104000000	4810.8374
71000000	104000000	5454.2954
72000000	104000000	5562.4653
73000000	104000000	5877.494
74000000	104000000	5663.1724
75000000	104000000	5524.8213
76000000	104000000	5298.6904
77000000	104000000	5016.8486
78000000	104000000	4515.272
79000000	104000000	5872.85
80000000	104000000	6087.926
81000000	104000000	6445.5825
82000000	104000000	5876.2383
83000000	104000000	6273.8384
84000000	104000000	5997.192
85000000	104000000	5425.6494
86000000	104000000	7337.721
87000000	104000000	5377.0195
88000000	104000000	7257.151
89000000	104000000	5469.6377
90000000	104000000	5584.2812
91000000	104000000	7019.314
92000000	104000000	6204.4634
93000000	104000000	5095.721
94000000	104000000	7137.9536
95000000	104000000	10653.634
96000000	104000000	14267.8545
97000000	104000000	12154.151
98000000	104000000	13916.434
99000000	104000000	19169.371
100000000	104000000	13236.278
101000000	104000000	19048.137
102000000	104000000	42017.637
103000000	104000000	92033.84
104000000	104000000	574788.5
0	105000000	161.90851
1000000	105000000	267.11682
2000000	105000000	262.19748
3000000	105000000	324.0176
4000000	105000000	457.70444
5000000	105000000	514.5603
6000000	105000000	378.65918
7000000	105000000	355.3796
8000000	105000000	372.31943
9000000	105000000	260.28534
10000000	105000000	275.99976
11000000	105000000	245.12315
12000000	105000000	374.5842
13000000	105000000	427.1523
14000000	105000000	551.9808
15000000	105000000	437.09714
16000000	105000000	318.49844
17000000	105000000	359.37845
18000000	105000000	381.58798
19000000	105000000	340.99786
20000000	105000000	320.75705
21000000	105000000	283.82147
22000000	105000000	279.58096
23000000	105000000	286.43054
24000000	105000000	318.861
25000000	105000000	420.197
26000000	105000000	295.89975
27000000	105000000	276.41785
28000000	105000000	272.98322
29000000	105000000	343.86115
30000000	105000000	421.36014
31000000	105000000	354.50696
32000000	105000000	299.77267
33000000	105000000	401.4446
34000000	105000000	648.08466
35000000	105000000	474.35556
36000000	105000000	376.18436
37000000	105000000	427.13126
38000000	105000000	350.38882
39000000	105000000	415.46295
40000000	105000000	390.68536
41000000	105000000	627.2896
42000000	105000000	739.09924
43000000	105000000	450.344
44000000	105000000	558.9202
45000000	105000000	645.0082
46000000	105000000	609.2539
47000000	105000000	1303.1893
48000000	105000000	1929.0577
49000000	105000000	2669.6191
50000000	105000000	2822.5474
51000000	105000000	1735.3795
52000000	105000000	950.3471
53000000	105000000	821.7717
54000000	105000000	966.6807
55000000	105000000	1209.1063
56000000	105000000	2059.5989
57000000	105000000	2168.3027
58000000	105000000	2267.4292
59000000	105000000	1768.5338
60000000	105000000	2966.802
61000000	105000000	2995.0168
62000000	105000000	2657.4583
63000000	105000000	2697.4893
64000000	105000000	2846.3445
65000000	105000000	3091.0386
66000000	105000000	3374.9873
67000000	105000000	3155.9197
68000000	105000000	3887.9583
69000000	105000000	4996.692
70000000	105000000	4411.777
71000000	105000000	5028.9385
72000000	105000000	5300.6255
73000000	105000000	5486.825
74000000	105000000	5223.2637
75000000	105000000	5085.5137
76000000	105000000	4826.471
77000000	105000000	4936.3564
78000000	105000000	4463.995
79000000	105000000	5395.908
80000000	105000000	5949.534
81000000	105000000	6128.41
82000000	105000000	5604.2036
83000000	105000000	5627.974
84000000	105000000	5621.5903
85000000	105000000	5206.888
86000000	105000000	6881.936
87000000	105000000	5488.1147
88000000	105000000	6935.109
89000000	105000000	5575.6587
90000000	105000000	5702.2886
91000000	105000000	6826.617
92000000	105000000	6095.051
93000000	105000000	5211.189
94000000	105000000	6653.4062
95000000	105000000	9455.965
96000000	105000000	12432.596
97000000	105000000	11308.206
98000000	105000000	12278.093
99000000	105000000	15498.509
100000000	105000000	10302.99
101000000	105000000	13819.674
102000000	105000000	22912.451
103000000	105000000	33025.477
104000000	105000000	132794.17
105000000	105000000	567179.9
0	106000000	168.63782
1000000	106000000	224.4196
2000000	106000000	292.7096
3000000	106000000	343.25354
4000000	106000000	610.67236
5000000	106000000	664.19586
6000000	106000000	345.98315
7000000	106000000	423.5872
8000000	106000000	288.89346
9000000	106000000	211.38902
10000000	106000000	262.03107
11000000	106000000	251.73195
12000000	106000000	402.01556
13000000	106000000	425.2197
14000000	106000000	583.9056
15000000	106000000	400.49536
16000000	106000000	234.70651
17000000	106000000	338.79614
18000000	106000000	460.3975
19000000	106000000	321.2371
20000000	106000000	399.713
21000000	106000000	233.59085
22000000	106000000	242.05316
23000000	106000000	248.61275
24000000	106000000	303.76245
25000000	106000000	357.4892
26000000	106000000	254.02263
27000000	106000000	242.18741
28000000	106000000	222.57433
29000000	106000000	334.276
30000000	106000000	563.19946
31000000	106000000	334.81027
32000000	106000000	244.5619
33000000	106000000	358.39682
34000000	106000000	762.162
35000000	106000000	458.30707
36000000	106000000	331.06265
37000000	106000000	494.1785
38000000	106000000	377.8601
39000000	106000000	328.10022
40000000	106000000	313.61597
41000000	106000000	544.4677
42000000	106000000	590.95917
43000000	106000000	445.85263
44000000	106000000	487.49173
45000000	106000000	570.33734
46000000	106000000	541.256
47000000	106000000	1276.1322
48000000	106000000	2462.7507
49000000	106000000	3245.6133
50000000	106000000	3362.6707
51000000	106000000	1473.334
52000000	106000000	786.1685
53000000	106000000	774.17377
54000000	106000000	859.3117
55000000	106000000	1140.6892
56000000	106000000	2055.5342
57000000	106000000	2609.516
58000000	106000000	2580.9075
59000000	106000000	1384.9354
60000000	106000000	3245.2234
61000000	106000000	3728.9092
62000000	106000000	2575.0515
63000000	106000000	2516.4028
64000000	106000000	3221.7612
65000000	106000000	3138.2297
66000000	106000000	3136.8599
67000000	106000000	2673.7615
68000000	106000000	3795.8445
69000000	106000000	6170.0244
70000000	106000000	4376.794
71000000	106000000	5662.4146
72000000	106000000	6222.4985
73000000	106000000	6807.3247
74000000	106000000	5820.8394
75000000	106000000	5426.114
76000000	106000000	4868.7876
77000000	106000000	4977.681
78000000	106000000	3853.703
79000000	106000000	5472.2295
80000000	106000000	6383.8013
81000000	106000000	6628.9087
82000000	106000000	5876.791
83000000	106000000	6226.1436
84000000	106000000	5448.645
85000000	106000000	4467.4175
86000000	106000000	6746.321
87000000	106000000	4626.609
88000000	106000000	7260.3096
89000000	106000000	4649.6567
90000000	106000000	5018.375
91000000	106000000	6469.3506
92000000	106000000	5420.641
93000000	106000000	3878.95
94000000	106000000	6232.6113
95000000	106000000	9932.959
96000000	106000000	14498.751
97000000	106000000	9994.059
98000000	106000000	11322.052
99000000	106000000	14689.789
100000000	106000000	7281.21
101000000	106000000	8521.332
102000000	106000000	20288.703
103000000	106000000	27503.127
104000000	106000000	57134.363
105000000	106000000	138923.53
106000000	106000000	537786.75
0	107000000	219.84274
1000000	107000000	315.29318
2000000	107000000	366.71246
3000000	107000000	419.74612
4000000	107000000	538.4561
5000000	107000000	622.7849
6000000	107000000	525.5523
7000000	107000000	500.38226
8000000	107000000	414.99487
9000000	107000000	321.6986
10000000	107000000	307.18567
11000000	107000000	315.82227
12000000	107000000	520.32416
13000000	107000000	457.13202
14000000	107000000	717.1817
15000000	107000000	502.53162
16000000	107000000	368.41687
17000000	107000000	418.73834
18000000	107000000	513.0494
19000000	107000000	471.90747
20000000	107000000	461.77905
21000000	107000000	344.24942
22000000	107000000	353.79218
23000000	107000000	348.2605
24000000	107000000	422.17615
25000000	107000000	486.27582
26000000	107000000	364.3573
27000000	107000000	317.537
28000000	107000000	315.6814
29000000	107000000	480.51978
30000000	107000000	613.0053
31000000	107000000	428.249
32000000	107000000	374.92337
33000000	107000000	459.52225
34000000	107000000	825.51373
35000000	107000000	639.7728
36000000	107000000	447.24512
37000000	107000000	572.33655
38000000	107000000	465.05667
39000000	107000000	492.9246
40000000	107000000	409.26416
41000000	107000000	766.2496
42000000	107000000	864.33356
43000000	107000000	591.8798
44000000	107000000	688.72943
45000000	107000000	716.8774
46000000	107000000	845.6073
47000000	107000000	1728.3335
48000000	107000000	2542.037
49000000	107000000	2958.1165
50000000	107000000	2950.551
51000000	107000000	1993.8892
52000000	107000000	1037.2993
53000000	107000000	1070.9579
54000000	107000000	1272.7152
55000000	107000000	1610.2762
56000000	107000000	2306.1375
57000000	107000000	2438.2798
58000000	107000000	2535.8074
59000000	107000000	2013.5748
60000000	107000000	2989.8174
61000000	107000000	3415.301
62000000	107000000	2944.5671
63000000	107000000	2924.982
64000000	107000000	3321.7107
65000000	107000000	3464.5073
66000000	107000000	3352.154
67000000	107000000	3406.2844
68000000	107000000	3961.0098
69000000	107000000	4687.881
70000000	107000000	4489.525
71000000	107000000	4974.5674
72000000	107000000	5045.2505
73000000	107000000	4985.0156
74000000	107000000	4865.978
75000000	107000000	5058.168
76000000	107000000	4895.767
77000000	107000000	4894.0293
78000000	107000000	4213.7817
79000000	107000000	4771.4663
80000000	107000000	5121.8193
81000000	107000000	5447.6157
82000000	107000000	5246.0093
83000000	107000000	5041.452
84000000	107000000	5239.6724
85000000	107000000	5220.306
86000000	107000000	6401.352
87000000	107000000	5349.4575
88000000	107000000	6715.572
89000000	107000000	5271.035
90000000	107000000	5484.8433
91000000	107000000	6210.7686
92000000	107000000	5802.7915
93000000	107000000	4868.857
94000000	107000000	7145.7334
95000000	107000000	9303.486
96000000	107000000	9402.951
97000000	107000000	8897.403
98000000	107000000	9497.928
99000000	107000000	11669.023
100000000	107000000	8112.4272
101000000	107000000	9638.221
102000000	107000000	15513.527
103000000	107000000	17949.578
104000000	107000000	28044.232
105000000	107000000	43723.234
106000000	107000000	140055.16
107000000	107000000	536646.06
0	108000000	311.7889
1000000	108000000	465.8785
2000000	108000000	464.69437
3000000	108000000	506.6375
4000000	108000000	523.5923
5000000	108000000	614.2951
6000000	108000000	684.9147
7000000	108000000	644.1776
8000000	108000000	663.3766
9000000	108000000	480.02637
10000000	108000000	468.65466
11000000	108000000	453.21014
12000000	108000000	660.0766
13000000	108000000	595.0482
14000000	108000000	820.8878
15000000	108000000	699.10504
16000000	108000000	550.5871
17000000	108000000	581.4539
18000000	108000000	543.5052
19000000	108000000	625.5857
20000000	108000000	640.4123
21000000	108000000	546.61475
22000000	108000000	460.73163
23000000	108000000	498.34296
24000000	108000000	604.3979
25000000	108000000	714.01355
26000000	108000000	538.96594
27000000	108000000	472.4242
28000000	108000000	504.49982
29000000	108000000	593.849
30000000	108000000	666.28296
31000000	108000000	623.6651
32000000	108000000	603.25757
33000000	108000000	734.96045
34000000	108000000	937.14996
35000000	108000000	799.679
36000000	108000000	698.9383
37000000	108000000	783.2671
38000000	108000000	690.23737
39000000	108000000	673.26227
40000000	108000000	713.56494
41000000	108000000	1210.0531
42000000	108000000	1283.4613
43000000	108000000	816.28644
44000000	108000000	969.5312
45000000	108000000	1081.9279
46000000	108000000	1344.8198
47000000	108000000	2116.5393
48000000	108000000	2423.713
49000000	108000000	2308.3743
50000000	108000000	2446.218
51000000	108000000	2599.5696
52000000	108000000	1882.2477
53000000	108000000	1729.3835
54000000	108000000	1730.9104
55000000	108000000	2154.5925
56000000	108000000	2749.1765
57000000	108000000	2346.9385
58000000	108000000	2547.1433
59000000	108000000	2688.8716
60000000	108000000	2601.4631
61000000	108000000	2873.916
62000000	108000000	3341.8992
63000000	108000000	3546.4067
64000000	108000000	3457.0974
65000000	108000000	3484.358
66000000	108000000	3264.1675
67000000	108000000	3620.4988
68000000	108000000	3957.3674
69000000	108000000	3230.7507
70000000	108000000	3826.384
71000000	108000000	3735.22
72000000	108000000	3491.553
73000000	108000000	3522.2598
74000000	108000000	3712.9875
75000000	108000000	4175.8213
76000000	108000000	4362.851
77000000	108000000	4163.3545
78000000	108000000	4245.9546
79000000	108000000	4060.419
80000000	108000000	3687.5913
81000000	108000000	4171.708
82000000	108000000	4417.5615
83000000	108000000	3963.0906
84000000	108000000	4408.118
85000000	108000000	5290.59
86000000	108000000	5556.566
87000000	108000000	5898.346
88000000	108000000	5671.311
89000000	108000000	6000.2847
90000000	108000000	6531.2666
91000000	108000000	6020.189
92000000	108000000	6170.079
93000000	108000000	6313.0264
94000000	108000000	8264.158
95000000	108000000	7887.529
96000000	108000000	6159.455
97000000	108000000	7827.009
98000000	108000000	8126.661
99000000	108000000	8919.923
100000000	108000000	9285.075
101000000	108000000	11226.261
102000000	108000000	11014.458
103000000	108000000	11662.687
104000000	108000000	16842.646
105000000	108000000	24734.768
106000000	108000000	41744.465
107000000	108000000	154737.86
108000000	108000000	607271.5
0	109000000	872.7484
1000000	109000000	1361.2922
2000000	109000000	803.4674
3000000	109000000	769.8592
4000000	109000000	512.2295
5000000	109000000	553.3922
6000000	109000000	1638.3777
7000000	109000000	1080.1924
8000000	109000000	1705.8494
9000000	109000000	1573.169
10000000	109000000	1474.9197
11000000	109000000	1348.3297
12000000	109000000	1360.8806
13000000	109000000	563.12476
14000000	109000000	925.92676
15000000	109000000	1251.6431
16000000	109000000	1787.4626
17000000	109000000	1151.4038
18000000	109000000	717.9752
19000000	109000000	1421.3446
20000000	109000000	1308.0994
21000000	109000000	1532.7885
22000000	109000000	1209.7507
23000000	109000000	1459.647
24000000	109000000	1493.0227
25000000	109000000	1697.684
26000000	109000000	1738.0309
27000000	109000000	1535.3425
28000000	109000000	1683.2084
29000000	109000000	1329.7539
30000000	109000000	820.82684
31000000	109000000	1557.102
32000000	109000000	1809.4266
33000000	109000000	1866.5214
34000000	109000000	1034.7482
35000000	109000000	1777.7887
36000000	109000000	2223.912
37000000	109000000	1289.6902
38000000	109000000	1785.526
39000000	109000000	1954.736
40000000	109000000	2321.04
41000000	109000000	2636.5903
42000000	109000000	2299.4917
43000000	109000000	2303.1853
44000000	109000000	2575.5144
45000000	109000000	3013.3875
46000000	109000000	4049.4407
47000000	109000000	3116.891
48000000	109000000	1780.48
49000000	109000000	1207.2458
50000000	109000000	1512.2468
51000000	109000000	4002.2349
52000000	109000000	4986.622
53000000	109000000	4532.688
54000000	109000000	4213.8184
55000000	109000000	3571.3416
56000000	109000000	2076.715
57000000	109000000	1704.4517
58000000	109000000	1904.8682
59000000	109000000	3291.1858
60000000	109000000	1914.8027
61000000	109000000	1735.433
62000000	109000000	3235.488
63000000	109000000	3811.4768
64000000	109000000	2721.0625
65000000	109000000	3080.4497
66000000	109000000	2641.9517
67000000	109000000	3767.2546
68000000	109000000	2651.5403
69000000	109000000	1518.3153
70000000	109000000	3250.6086
71000000	109000000	2054.5947
72000000	109000000	1900.824
73000000	109000000	1754.8817
74000000	109000000	1993.0956
75000000	109000000	2604.7097
76000000	109000000	2977.3796
77000000	109000000	2782.7505
78000000	109000000	4852.2065
79000000	109000000	2486.4443
80000000	109000000	2039.9827
81000000	109000000	2102.2546
82000000	109000000	2470.284
83000000	109000000	2102.4744
84000000	109000000	3341.2751
85000000	109000000	5086.1562
86000000	109000000	4277.441
87000000	109000000	5316.5396
88000000	109000000	3436.2996
89000000	109000000	6732.0195
90000000	109000000	6174.5586
91000000	109000000	4797.6445
92000000	109000000	5968.901
93000000	109000000	9605.727
94000000	109000000	7419.669
95000000	109000000	5077.5244
96000000	109000000	2722.4607
97000000	109000000	4793.3
98000000	109000000	4719.444
99000000	109000000	4309.5586
100000000	109000000	11346.351
101000000	109000000	9904.533
102000000	109000000	4936.4263
103000000	109000000	5144.1455
104000000	109000000	7126.9453
105000000	109000000	8769.878
106000000	109000000	9726.405
107000000	109000000	20157.846
108000000	109000000	66062.02
109000000	109000000	626132.44
0	110000000	1051.6525
1000000	110000000	1699.0144
2000000	110000000	1106.221
3000000	110000000	1050.9949
4000000	110000000	664.18365
5000000	110000000	760.7321
6000000	110000000	2008.0476
7000000	110000000	1548.6453
8000000	110000000	2024.7362
9000000	110000000	1987.0867
10000000	110000000	1880.7532
11000000	110000000	1911.3473
12000000	110000000	1608.6846
13000000	110000000	733.7121
14000000	110000000	1194.3137
15000000	110000000	1539.194
16000000	110000000	2293.221
17000000	110000000	1724.2987
18000000	110000000	1277.7966
19000000	110000000	1846.1147
20000000	110000000	1899.6095
21000000	110000000	1968.9404
22000000	110000000	1822.1995
23000000	110000000	1908.5068
24000000	110000000	1973.6411
25000000	110000000	2006.1775
26000000	110000000	2221.3994
27000000	110000000	2025.6614
28000000	110000000	1855.7638
29000000	110000000	1666.9099
30000000	110000000	1434.3794
31000000	110000000	2048.06
32000000	110000000	2269.825
33000000	110000000	2308.3284
34000000	110000000	1590.9852
35000000	110000000	2071.25
36000000	110000000	2610.6946
37000000	110000000	2171.7803
38000000	110000000	2434.214
39000000	110000000	2480.4749
40000000	110000000	2606.0476
41000000	110000000	3185.0056
42000000	110000000	2598.9727
43000000	110000000	3087.6497
44000000	110000000	3493.0947
45000000	110000000	3541.3706
46000000	110000000	4123.1797
47000000	110000000	3028.682
48000000	110000000	1719.8851
49000000	110000000	977.47296
50000000	110000000	1114.445
51000000	110000000	2911.059
52000000	110000000	4568.8467
53000000	110000000	5087.244
54000000	110000000	4923.9536
55000000	110000000	3494.682
56000000	110000000	1811.5281
57000000	110000000	1528.3414
58000000	110000000	1640.2485
59000000	110000000	2597.1982
60000000	110000000	1502.3959
61000000	110000000	1324.473
62000000	110000000	2268.0337
63000000	110000000	2739.4617
64000000	110000000	2137.5132
65000000	110000000	2206.2966
66000000	110000000	1894.4583
67000000	110000000	2591.861
68000000	110000000	1717.6146
69000000	110000000	958.84906
70000000	110000000	1685.8499
71000000	110000000	1162.9542
72000000	110000000	1061.9387
73000000	110000000	993.2287
74000000	110000000	1159.362
75000000	110000000	1406.5796
76000000	110000000	1671.1752
77000000	110000000	1627.5295
78000000	110000000	2702.716
79000000	110000000	1390.2621
80000000	110000000	1228.0872
81000000	110000000	1231.551
82000000	110000000	1488.3895
83000000	110000000	1256.0248
84000000	110000000	1957.9067
85000000	110000000	3298.234
86000000	110000000	2578.2554
87000000	110000000	3286.808
88000000	110000000	2401.9712
89000000	110000000	4252.961
90000000	110000000	4073.445
91000000	110000000	3254.0376
92000000	110000000	4152.8716
93000000	110000000	5992.789
94000000	110000000	4985.5454
95000000	110000000	3204.9387
96000000	110000000	1736.5277
97000000	110000000	2722.0515
98000000	110000000	2589.1965
99000000	110000000	2482.684
100000000	110000000	6119.4834
101000000	110000000	5255.3843
102000000	110000000	2636.6755
103000000	110000000	2741.0764
104000000	110000000	3476.9849
105000000	110000000	3819.6472
106000000	110000000	4393.6313
107000000	110000000	6977.461
108000000	110000000	12346.203
109000000	110000000	128699.68
110000000	110000000	646215.44
0	111000000	951.755
1000000	111000000	1325.0541
2000000	111000000	983.37537
3000000	111000000	871.061
4000000	111000000	682.2993
5000000	111000000	762.92444
6000000	111000000	1513.8275
7000000	111000000	1492.5913
8000000	111000000	1767.0283
9000000	111000000	1633.8192
10000000	111000000	1417.1759
11000000	111000000	1524.495
12000000	111000000	1435.4532
13000000	111000000	820.87
14000000	111000000	1196.7225
15000000	111000000	1391.2101
16000000	111000000	1741.2892
17000000	111000000	1436.3451
18000000	111000000	1182.736
19000000	111000000	1492.6652
20000000	111000000	1630.1553
21000000	111000000	1454.5822
22000000	111000000	1506.1951
23000000	111000000	1612.7017
24000000	111000000	1642.8652
25000000	111000000	1635.4701
26000000	111000000	1694.4337
27000000	111000000	1532.4353
28000000	111000000	1521.0171
29000000	111000000	1430.3463
30000000	111000000	1368.0847
31000000	111000000	1728.4807
32000000	111000000	1943.2626
33000000	111000000	1901.4418
34000000	111000000	1690.7053
35000000	111000000	1887.2445
36000000	111000000	2016.2594
37000000	111000000	1922.9677
38000000	111000000	2124.1106
39000000	111000000	1951.5558
40000000	111000000	2464.216
41000000	111000000	2768.4114
42000000	111000000	2588.1958
43000000	111000000	2558.4075
44000000	111000000	2769.4517
45000000	111000000	3099.4314
46000000	111000000	3150.9114
47000000	111000000	2655.4817
48000000	111000000	1583.6245
49000000	111000000	1095.86
50000000	111000000	1180.0409
51000000	111000000	2618.6511
52000000	111000000	3530.1301
53000000	111000000	3764.9993
54000000	111000000	3574.382
55000000	111000000	2862.4758
56000000	111000000	2134.5232
57000000	111000000	1707.8861
58000000	111000000	1800.44
59000000	111000000	2733.6565
60000000	111000000	1566.1984
61000000	111000000	1309.4794
62000000	111000000	2271.7732
63000000	111000000	2806.7437
64000000	111000000	2068.0696
65000000	111000000	2154.567
66000000	111000000	2081.5347
67000000	111000000	2610.3599
68000000	111000000	1701.3296
69000000	111000000	1097.5858
70000000	111000000	1736.8961
71000000	111000000	1245.7523
72000000	111000000	1103.1177
73000000	111000000	1096.3033
74000000	111000000	1237.1353
75000000	111000000	1587.7438
76000000	111000000	1933.6914
77000000	111000000	1721.7203
78000000	111000000	2446.003
79000000	111000000	1584.555
80000000	111000000	1370.505
81000000	111000000	1339.0118
82000000	111000000	1637.8882
83000000	111000000	1441.0879
84000000	111000000	2020.1066
85000000	111000000	3105.007
86000000	111000000	2656.9739
87000000	111000000	3251.251
88000000	111000000	2462.383
89000000	111000000	4279.4805
90000000	111000000	4055.4143
91000000	111000000	3354.4724
92000000	111000000	3970.698
93000000	111000000	5707.6743
94000000	111000000	4655.9595
95000000	111000000	3115.714
96000000	111000000	1946.748
97000000	111000000	2867.442
98000000	111000000	2725.6255
99000000	111000000	2645.037
100000000	111000000	5490.85
101000000	111000000	5767.1055
102000000	111000000	2877.6042
103000000	111000000	2821.4
104000000	111000000	3540.5942
105000000	111000000	4209.296
106000000	111000000	4300.396
107000000	111000000	6585.5317
108000000	111000000	10573.762
109000000	111000000	30738.01
110000000	111000000	133207.7
111000000	111000000	643632.94
0	112000000	784.86584
1000000	112000000	1048.0597
2000000	112000000	1204.3142
3000000	112000000	1188.0967
4000000	112000000	1240.9319
5000000	112000000	1431.7533
6000000	112000000	1591.7096
7000000	112000000	2148.8682
8000000	112000000	1388.4637
9000000	112000000	1142.2507
10000000	112000000	1260.2325
11000000	112000000	1484.6262
12000000	112000000	1619.524
13000000	112000000	1452.2097
14000000	112000000	1799.2799
15000000	112000000	1652.8756
16000000	112000000	1516.4879
17000000	112000000	1853.3856
18000000	112000000	2176.5093
19000000	112000000	1743.17
20000000	112000000	1846.4415
21000000	112000000	1301.3757
22000000	112000000	1591.898
23000000	112000000	1540.188
24000000	112000000	1420.8251
25000000	112000000	1387.0168
26000000	112000000	1418.2913
27000000	112000000	1127.1766
28000000	112000000	1195.3204
29000000	112000000	1784.1975
30000000	112000000	2518.5076
31000000	112000000	1784.8126
32000000	112000000	1374.4379
33000000	112000000	1736.825
34000000	112000000	2684.6257
35000000	112000000	1890.2902
36000000	112000000	1753.6155
37000000	112000000	2963.8784
38000000	112000000	2063.099
39000000	112000000	1797.5643
40000000	112000000	1620.2039
41000000	112000000	2308.7075
42000000	112000000	2253.342
43000000	112000000	2092.1206
44000000	112000000	2676.3738
45000000	112000000	2502.7327
46000000	112000000	2558.9
47000000	112000000	3548.6907
48000000	112000000	2971.6936
49000000	112000000	2001.4698
50000000	112000000	2075.4429
51000000	112000000	2473.0332
52000000	112000000	2861.1936
53000000	112000000	3531.7798
54000000	112000000	3799.5352
55000000	112000000	3256.0935
56000000	112000000	2896.7449
57000000	112000000	2694.2239
58000000	112000000	2904.4983
59000000	112000000	2592.981
60000000	112000000	2140.9968
61000000	112000000	2264.6392
62000000	112000000	2926.6382
63000000	112000000	3124.1736
64000000	112000000	3039.5723
65000000	112000000	2680.8813
66000000	112000000	2379.3242
67000000	112000000	2462.3447
68000000	112000000	2245.6091
69000000	112000000	1630.6713
70000000	112000000	1928.3362
71000000	112000000	1821.8092
72000000	112000000	1569.6194
73000000	112000000	1645.4104
74000000	112000000	1717.97
75000000	112000000	1914.2274
76000000	112000000	2295.6584
77000000	112000000	2392.0347
78000000	112000000	2483.5227
79000000	112000000	1849.4845
80000000	112000000	1831.7991
81000000	112000000	1807.6642
82000000	112000000	2102.7021
83000000	112000000	1801.9661
84000000	112000000	2304.0337
85000000	112000000	3135.025
86000000	112000000	3028.8389
87000000	112000000	3172.7588
88000000	112000000	3202.9246
89000000	112000000	3731.6465
90000000	112000000	3919.461
91000000	112000000	3951.4514
92000000	112000000	4210.0303
93000000	112000000	4711.7617
94000000	112000000	5347.137
95000000	112000000	4194.1807
96000000	112000000	2792.8152
97000000	112000000	3033.7524
98000000	112000000	3084.3503
99000000	112000000	3716.5742
100000000	112000000	4752.4097
101000000	112000000	4890.4844
102000000	112000000	3918.0378
103000000	112000000	3914.5317
104000000	112000000	4457.3364
105000000	112000000	4871.3057
106000000	112000000	5645.3564
107000000	112000000	7725.271
108000000	112000000	10753.071
109000000	112000000	18885.693
110000000	112000000	37283.36
111000000	112000000	132715.6
112000000	112000000	563224.9
0	113000000	721.2714
1000000	113000000	1142.0555
2000000	113000000	843.6866
3000000	113000000	997.14813
4000000	113000000	759.8407
5000000	113000000	897.6696
6000000	113000000	1522.3936
7000000	113000000	1307.9642
8000000	113000000	1448.6129
9000000	113000000	1237.0337
10000000	113000000	1314.2407
11000000	113000000	1227.2792
12000000	113000000	1506.3767
13000000	113000000	990.3325
14000000	113000000	1340.828
15000000	113000000	1416.6022
16000000	113000000	1478.2244
17000000	113000000	1362.1442
18000000	113000000	1231.5193
19000000	113000000	1459.0297
20000000	113000000	1494.4436
21000000	113000000	1374.6176
22000000	113000000	1204.5226
23000000	113000000	1304.6451
24000000	113000000	1399.2466
25000000	113000000	1456.277
26000000	113000000	1307.5516
27000000	113000000	1276.6881
28000000	113000000	1330.9451
29000000	113000000	1491.1758
30000000	113000000	1420.8707
31000000	113000000	1503.8966
32000000	113000000	1454.7957
33000000	113000000	1702.9507
34000000	113000000	1617.2737
35000000	113000000	1824.7716
36000000	113000000	1772.1298
37000000	113000000	1756.5421
38000000	113000000	1720.289
39000000	113000000	1775.3462
40000000	113000000	1638.1953
41000000	113000000	2217.8635
42000000	113000000	2023.3925
43000000	113000000	1875.0042
44000000	113000000	2297.7756
45000000	113000000	2399.243
46000000	113000000	2672.2957
47000000	113000000	2968.104
48000000	113000000	2076.4514
49000000	113000000	1576.4329
50000000	113000000	1652.1337
51000000	113000000	2739.869
52000000	113000000	2987.8562
53000000	113000000	3241.8828
54000000	113000000	3226.3176
55000000	113000000	2853.723
56000000	113000000	2171.2705
57000000	113000000	2069.393
58000000	113000000	2056.5361
59000000	113000000	2500.6843
60000000	113000000	1813.4847
61000000	113000000	1909.3466
62000000	113000000	2730.3052
63000000	113000000	2982.4585
64000000	113000000	2475.4973
65000000	113000000	2565.9902
66000000	113000000	2092.8499
67000000	113000000	2663.2295
68000000	113000000	2191.0037
69000000	113000000	1512.1584
70000000	113000000	2421.525
71000000	113000000	1917.4319
72000000	113000000	2023.387
73000000	113000000	1730.8142
74000000	113000000	1892.3394
75000000	113000000	2040.9637
76000000	113000000	2337.7432
77000000	113000000	2218.0676
78000000	113000000	2933.6309
79000000	113000000	2140.0837
80000000	113000000	1917.9205
81000000	113000000	1910.5272
82000000	113000000	2100.835
83000000	113000000	1779.8523
84000000	113000000	2477.1924
85000000	113000000	3174.102
86000000	113000000	3051.1929
87000000	113000000	3535.4443
88000000	113000000	2863.628
89000000	113000000	4018.1897
90000000	113000000	3861.9495
91000000	113000000	3614.6528
92000000	113000000	4053.9753
93000000	113000000	5064.6787
94000000	113000000	4957.637
95000000	113000000	3882.986
96000000	113000000	2629.6196
97000000	113000000	3384.671
98000000	113000000	3452.2744
99000000	113000000	3591.7715
100000000	113000000	5647.874
101000000	113000000	5111.023
102000000	113000000	3978.5576
103000000	113000000	4115.2563
104000000	113000000	5045.0547
105000000	113000000	5279.1987
106000000	113000000	5583.6523
107000000	113000000	7443.171
108000000	113000000	9714.65
109000000	113000000	17013.355
110000000	113000000	20967.992
111000000	113000000	31815.064
112000000	113000000	127344.1
113000000	113000000	573125.94
0	114000000	633.86743
1000000	114000000	956.61414
2000000	114000000	932.26215
3000000	114000000	924.2366
4000000	114000000	915.6228
5000000	114000000	1004.5717
6000000	114000000	1383.9227
7000000	114000000	1355.4779
8000000	114000000	1268.736
9000000	114000000	940.4921
10000000	114000000	1079.5498
11000000	114000000	1083.2904
12000000	114000000	1315.3351
13000000	114000000	1034.3461
14000000	114000000	1352.6427
15000000	114000000	1270.3214
16000000	114000000	1231.5552
17000000	114000000	1162.9126
18000000	114000000	1272.6622
19000000	114000000	1368.2129
20000000	114000000	1345.8923
21000000	114000000	1134.3615
22000000	114000000	1079.6246
23000000	114000000	1147.5786
24000000	114000000	1208.6421
25000000	114000000	1241.999
26000000	114000000	1077.7948
27000000	114000000	1044.7635
28000000	114000000	1091.908
29000000	114000000	1274.6676
30000000	114000000	1404.775
31000000	114000000	1374.0588
32000000	114000000	1308.8673
33000000	114000000	1528.9744
34000000	114000000	1766.4783
35000000	114000000	1648.6912
36000000	114000000	1535.42
37000000	114000000	1763.3615
38000000	114000000	1560.128
39000000	114000000	1442.2415
40000000	114000000	1403.9615
41000000	114000000	1899.217
42000000	114000000	1918.788
43000000	114000000	1631.0007
44000000	114000000	1939.774
45000000	114000000	2112.4148
46000000	114000000	2346.0852
47000000	114000000	2873.0352
48000000	114000000	2330.473
49000000	114000000	1814.0621
50000000	114000000	1859.843
51000000	114000000	2418.9692
52000000	114000000	2556.9429
53000000	114000000	2816.5588
54000000	114000000	2872.9001
55000000	114000000	2676.2336
56000000	114000000	2274.0193
57000000	114000000	2016.634
58000000	114000000	2227.8926
59000000	114000000	2274.094
60000000	114000000	1975.2416
61000000	114000000	2036.325
62000000	114000000	2683.7878
63000000	114000000	3034.8916
64000000	114000000	2517.201
65000000	114000000	2450.836
66000000	114000000	2198.1555
67000000	114000000	2555.5642
68000000	114000000	2128.8513
69000000	114000000	1782.294
70000000	114000000	2407.7024
71000000	114000000	2148.3977
72000000	114000000	1940.7307
73000000	114000000	1866.7717
74000000	114000000	1940.9108
75000000	114000000	2195.6653
76000000	114000000	2296.1218
77000000	114000000	2379.003
78000000	114000000	2890.2861
79000000	114000000	2093.3794
80000000	114000000	1989.786
81000000	114000000	1962.5687
82000000	114000000	2166.6096
83000000	114000000	1922.7382
84000000	114000000	2547.0957
85000000	114000000	3158.463
86000000	114000000	3167.149
87000000	114000000	3250.0725
88000000	114000000	2979.767
89000000	114000000	3836.9478
90000000	114000000	3790.608
91000000	114000000	3565.9392
92000000	114000000	3849.9536
93000000	114000000	4803.8213
94000000	114000000	4884.2095
95000000	114000000	4050.4307
96000000	114000000	3079.2583
97000000	114000000	3526.0115
98000000	114000000	3522.8486
99000000	114000000	3892.9897
100000000	114000000	5331.265
101000000	114000000	4923.212
102000000	114000000	4441.8086
103000000	114000000	4406.332
104000000	114000000	5479.418
105000000	114000000	5710.219
106000000	114000000	5995.011
107000000	114000000	7427.0796
108000000	114000000	9121.603
109000000	114000000	13410.093
110000000	114000000	13985.257
111000000	114000000	18819.008
112000000	114000000	40392.28
113000000	114000000	149980.61
114000000	114000000	554864.1
0	115000000	385.31482
1000000	115000000	712.8478
2000000	115000000	880.62787
3000000	115000000	940.16266
4000000	115000000	1073.8496
5000000	115000000	1284.6906
6000000	115000000	1230.3053
7000000	115000000	1592.3627
8000000	115000000	1011.5041
9000000	115000000	755.4846
10000000	115000000	851.9726
11000000	115000000	964.3344
12000000	115000000	1244.3352
13000000	115000000	1318.5593
14000000	115000000	1482.9895
15000000	115000000	1259.5826
16000000	115000000	1012.86487
17000000	115000000	1265.2019
18000000	115000000	1533.5348
19000000	115000000	1326.602
20000000	115000000	1334.4299
21000000	115000000	949.4166
22000000	115000000	957.5929
23000000	115000000	994.46674
24000000	115000000	955.4232
25000000	115000000	1005.28864
26000000	115000000	923.33417
27000000	115000000	750.9964
28000000	115000000	752.6801
29000000	115000000	1252.273
30000000	115000000	1680.8805
31000000	115000000	1228.0164
32000000	115000000	869.6182
33000000	115000000	1264.2329
34000000	115000000	2118.7073
35000000	115000000	1482.3142
36000000	115000000	1200.4637
37000000	115000000	1798.6191
38000000	115000000	1283.2931
39000000	115000000	1177.6234
40000000	115000000	979.63257
41000000	115000000	1638.0254
42000000	115000000	1670.5264
43000000	115000000	1467.9752
44000000	115000000	1688.5889
45000000	115000000	1649.0563
46000000	115000000	1754.2555
47000000	115000000	3040.309
48000000	115000000	3107.708
49000000	115000000	2499.301
50000000	115000000	2564.139
51000000	115000000	2139.5862
52000000	115000000	2064.1475
53000000	115000000	2517.9915
54000000	115000000	2671.1377
55000000	115000000	2759.4622
56000000	115000000	2791.6902
57000000	115000000	2928.167
58000000	115000000	3020.5283
59000000	115000000	2237.322
60000000	115000000	2570.523
61000000	115000000	2850.5847
62000000	115000000	2981.722
63000000	115000000	3110.054
64000000	115000000	3256.6936
65000000	115000000	2968.47
66000000	115000000	2472.3398
67000000	115000000	2529.9648
68000000	115000000	2750.147
69000000	115000000	2487.5708
70000000	115000000	2818.016
71000000	115000000	2721.0095
72000000	115000000	2671.1135
73000000	115000000	2689.829
74000000	115000000	2724.9136
75000000	115000000	2854.3892
76000000	115000000	3023.4412
77000000	115000000	2893.5024
78000000	115000000	2915.823
79000000	115000000	2750.152
80000000	115000000	2550.7224
81000000	115000000	2770.5642
82000000	115000000	2647.7395
83000000	115000000	2649.6787
84000000	115000000	2776.107
85000000	115000000	3290.6804
86000000	115000000	3675.064
87000000	115000000	3430.026
88000000	115000000	3824.7673
89000000	115000000	3739.1748
90000000	115000000	3704.1033
91000000	115000000	4275.386
92000000	115000000	4158.6675
93000000	115000000	4302.2837
94000000	115000000	5469.5127
95000000	115000000	5349.019
96000000	115000000	4201.239
97000000	115000000	4232.6426
98000000	115000000	4461.902
99000000	115000000	5348.4453
100000000	115000000	4574.563
101000000	115000000	4578.3047
102000000	115000000	5892.3267
103000000	115000000	6216.2676
104000000	115000000	7064.035
105000000	115000000	7181.077
106000000	115000000	8439.395
107000000	115000000	9260.362
108000000	115000000	9883.817
109000000	115000000	10694.917
110000000	115000000	10621.028
111000000	115000000	12683.292
112000000	115000000	25249.674
113000000	115000000	40320.145
114000000	115000000	146198.8
115000000	115000000	533119.06
0	116000000	470.42252
1000000	116000000	692.7341
2000000	116000000	807.35223
3000000	116000000	968.5543
4000000	116000000	1015.67957
5000000	116000000	1194.5217
6000000	116000000	1188.0011
7000000	116000000	1421.2905
8000000	116000000	1019.2956
9000000	116000000	732.2958
10000000	116000000	834.0386
11000000	116000000	864.0557
12000000	116000000	1243.2604
13000000	116000000	1049.6371
14000000	116000000	1487.4153
15000000	116000000	1300.7593
16000000	116000000	989.5875
17000000	116000000	1233.0668
18000000	116000000	1405.5516
19000000	116000000	1176.0383
20000000	116000000	1310.9943
21000000	116000000	848.5789
22000000	116000000	939.7922
23000000	116000000	898.3398
24000000	116000000	999.19525
25000000	116000000	982.74207
26000000	116000000	842.87994
27000000	116000000	748.2455
28000000	116000000	703.94135
29000000	116000000	1031.4329
30000000	116000000	1529.3893
31000000	116000000	1175.6404
32000000	116000000	827.4165
33000000	116000000	1210.1907
34000000	116000000	1935.1184
35000000	116000000	1323.3826
36000000	116000000	1118.39
37000000	116000000	1682.597
38000000	116000000	1260.3053
39000000	116000000	1173.3097
40000000	116000000	988.7523
41000000	116000000	1609.3914
42000000	116000000	1650.0203
43000000	116000000	1284.7577
44000000	116000000	1639.5475
45000000	116000000	1572.8282
46000000	116000000	1675.1525
47000000	116000000	2928.1316
48000000	116000000	3035.5386
49000000	116000000	2416.6062
50000000	116000000	2434.2715
51000000	116000000	2291.181
52000000	116000000	2005.1285
53000000	116000000	2371.3193
54000000	116000000	2658.2952
55000000	116000000	2794.7346
56000000	116000000	2963.0515
57000000	116000000	2913.0374
58000000	116000000	3029.8293
59000000	116000000	2496.5007
60000000	116000000	2536.739
61000000	116000000	2703.7566
62000000	116000000	3112.1106
63000000	116000000	3084.3357
64000000	116000000	3195.54
65000000	116000000	3008.9565
66000000	116000000	2629.3247
67000000	116000000	2611.2231
68000000	116000000	2832.3484
69000000	116000000	2273.999
70000000	116000000	2627.0542
71000000	116000000	2609.2866
72000000	116000000	2593.937
73000000	116000000	2403.7114
74000000	116000000	2500.4192
75000000	116000000	2748.0254
76000000	116000000	2893.5251
77000000	116000000	2728.7153
78000000	116000000	2719.7458
79000000	116000000	2628.306
80000000	116000000	2625.2468
81000000	116000000	2770.9653
82000000	116000000	2745.2537
83000000	116000000	2509.6335
84000000	116000000	2813.3005
85000000	116000000	3381.7454
86000000	116000000	3493.7566
87000000	116000000	3423.355
88000000	116000000	3888.3203
89000000	116000000	3746.4744
90000000	116000000	4071.229
91000000	116000000	4129.592
92000000	116000000	4212.065
93000000	116000000	4214.4663
94000000	116000000	5701.705
95000000	116000000	5393.1797
96000000	116000000	3788.9854
97000000	116000000	4244.536
98000000	116000000	4393.272
99000000	116000000	5146.838
100000000	116000000	4705.549
101000000	116000000	5074.661
102000000	116000000	5689.027
103000000	116000000	5721.1914
104000000	116000000	6427.156
105000000	116000000	6718.4697
106000000	116000000	7124.5933
107000000	116000000	8543.689
108000000	116000000	10100.19
109000000	116000000	9553.316
110000000	116000000	9471.098
111000000	116000000	11304.103
112000000	116000000	18993.508
113000000	116000000	22439.654
114000000	116000000	38513.61
115000000	116000000	129617.04
116000000	116000000	547254.3
0	117000000	654.0796
1000000	117000000	958.6316
2000000	117000000	782.0034
3000000	117000000	856.41943
4000000	117000000	708.75745
5000000	117000000	796.7071
6000000	117000000	1393.7502
7000000	117000000	1082.7238
8000000	117000000	1396.4792
9000000	117000000	1061.227
10000000	117000000	971.46454
11000000	117000000	971.4739
12000000	117000000	1258.7311
13000000	117000000	781.7197
14000000	117000000	1118.4452
15000000	117000000	1224.4474
16000000	117000000	1360.7726
17000000	117000000	1097.4264
18000000	117000000	872.77075
19000000	117000000	1147.6941
20000000	117000000	1068.2297
21000000	117000000	1077.8422
22000000	117000000	921.1841
23000000	117000000	1012.63007
24000000	117000000	1060.6818
25000000	117000000	1231.1024
26000000	117000000	997.91125
27000000	117000000	1043.7964
28000000	117000000	1144.7826
29000000	117000000	1017.9326
30000000	117000000	971.4815
31000000	117000000	1284.2112
32000000	117000000	1252.3142
33000000	117000000	1395.7849
34000000	117000000	1235.7145
35000000	117000000	1438.3866
36000000	117000000	1269.435
37000000	117000000	1192.634
38000000	117000000	1332.9009
39000000	117000000	1307.518
40000000	117000000	1577.7545
41000000	117000000	1713.7749
42000000	117000000	1985.059
43000000	117000000	1429.8672
44000000	117000000	1607.7312
45000000	117000000	1880.733
46000000	117000000	2331.007
47000000	117000000	2538.7249
48000000	117000000	1972.7966
49000000	117000000	1538.6306
50000000	117000000	1606.406
51000000	117000000	2928.4282
52000000	117000000	2682.4192
53000000	117000000	2642.667
54000000	117000000	2663.492
55000000	117000000	2656.4644
56000000	117000000	2483.1082
57000000	117000000	2015.2534
58000000	117000000	2092.4446
59000000	117000000	2949.1523
60000000	117000000	1912.5557
61000000	117000000	1871.1182
62000000	117000000	2707.3064
63000000	117000000	3093.7717
64000000	117000000	2546.1526
65000000	117000000	2544.7625
66000000	117000000	2488.9656
67000000	117000000	3016.709
68000000	117000000	2472.2705
69000000	117000000	1584.2301
70000000	117000000	2443.6611
71000000	117000000	1754.8816
72000000	117000000	1823.2307
73000000	117000000	1564.744
74000000	117000000	1841.1504
75000000	117000000	2160.3308
76000000	117000000	2548.8237
77000000	117000000	2239.9575
78000000	117000000	3100.422
79000000	117000000	2164.6519
80000000	117000000	1912.7601
81000000	117000000	2006.3378
82000000	117000000	2431.752
83000000	117000000	2001.023
84000000	117000000	2564.1968
85000000	117000000	3703.2312
86000000	117000000	3309.6145
87000000	117000000	3886.7366
88000000	117000000	2879.3562
89000000	117000000	4221.882
90000000	117000000	4696.1636
91000000	117000000	3732.3613
92000000	117000000	4101.202
93000000	117000000	5643.8496
94000000	117000000	5464.1714
95000000	117000000	4275.245
96000000	117000000	2414.792
97000000	117000000	4187.355
98000000	117000000	3881.3406
99000000	117000000	3750.6646
100000000	117000000	6343.332
101000000	117000000	6838.3643
102000000	117000000	3917.3242
103000000	117000000	3775.4685
104000000	117000000	4751.3574
105000000	117000000	5419.213
106000000	117000000	4603.114
107000000	117000000	6421.1704
108000000	117000000	8957.842
109000000	117000000	10809.611
110000000	117000000	9528.427
111000000	117000000	11151.878
112000000	117000000	12725.905
113000000	117000000	14584.128
114000000	117000000	19663.213
115000000	117000000	27839.742
116000000	117000000	126766.59
117000000	117000000	607085.6
0	118000000	482.74054
1000000	118000000	644.0105
2000000	118000000	782.51086
3000000	118000000	857.2987
4000000	118000000	1025.9333
5000000	118000000	1206.0635
6000000	118000000	1087.2561
7000000	118000000	1193.66
8000000	118000000	795.4513
9000000	118000000	626.09534
10000000	118000000	607.023
11000000	118000000	665.6312
12000000	118000000	996.2525
13000000	118000000	839.98956
14000000	118000000	1200.5273
15000000	118000000	1024.9697
16000000	118000000	774.80945
17000000	118000000	937.6404
18000000	118000000	1044.6771
19000000	118000000	931.1422
20000000	118000000	949.5705
21000000	118000000	702.04095
22000000	118000000	655.3432
23000000	118000000	662.1552
24000000	118000000	738.07367
25000000	118000000	776.6347
26000000	118000000	637.0477
27000000	118000000	554.9913
28000000	118000000	572.4386
29000000	118000000	855.52136
30000000	118000000	1162.1948
31000000	118000000	887.3807
32000000	118000000	654.03644
33000000	118000000	916.2563
34000000	118000000	1526.148
35000000	118000000	1131.3102
36000000	118000000	862.3494
37000000	118000000	1227.2485
38000000	118000000	927.3085
39000000	118000000	876.6171
40000000	118000000	747.59314
41000000	118000000	1229.6837
42000000	118000000	1278.1227
43000000	118000000	1056.136
44000000	118000000	1287.9308
45000000	118000000	1225.121
46000000	118000000	1264.4238
47000000	118000000	2366.0034
48000000	118000000	2890.105
49000000	118000000	2804.0017
50000000	118000000	2956.839
51000000	118000000	2372.7405
52000000	118000000	1643.3531
53000000	118000000	1818.5734
54000000	118000000	2007.1666
55000000	118000000	2328.5078
56000000	118000000	2513.286
57000000	118000000	2616.4895
58000000	118000000	2696.4546
59000000	118000000	2189.9114
60000000	118000000	2703.3113
61000000	118000000	2868.9004
62000000	118000000	2929.0098
63000000	118000000	2890.727
64000000	118000000	2793.3743
65000000	118000000	2995.1812
66000000	118000000	2490.8403
67000000	118000000	2595.4697
68000000	118000000	2923.1562
69000000	118000000	2903.2266
70000000	118000000	2946.0315
71000000	118000000	3172.9062
72000000	118000000	2957.0596
73000000	118000000	3022.7769
74000000	118000000	3137.842
75000000	118000000	3064.5576
76000000	118000000	3232.4973
77000000	118000000	3093.6096
78000000	118000000	2952.4004
79000000	118000000	2923.2427
80000000	118000000	3066.2393
81000000	118000000	3210.4138
82000000	118000000	3146.5815
83000000	118000000	2984.6548
84000000	118000000	3241.1663
85000000	118000000	3525.602
86000000	118000000	4046.751
87000000	118000000	3602.668
88000000	118000000	3805.0876
89000000	118000000	3885.855
90000000	118000000	3820.8203
91000000	118000000	4238.8384
92000000	118000000	4067.1
93000000	118000000	3954.9565
94000000	118000000	5628.355
95000000	118000000	6359.1753
96000000	118000000	5621.252
97000000	118000000	5281.727
98000000	118000000	5168.095
99000000	118000000	6217.083
100000000	118000000	4982.8423
101000000	118000000	5113.049
102000000	118000000	6481.2925
103000000	118000000	6910.862
104000000	118000000	7707.4995
105000000	118000000	7588.637
106000000	118000000	8462.218
107000000	118000000	9055.711
108000000	118000000	9099.245
109000000	118000000	7602.5996
110000000	118000000	6101.2754
111000000	118000000	6853.5776
112000000	118000000	10150.87
113000000	118000000	11433.291
114000000	118000000	14879.147
115000000	118000000	24450.934
116000000	118000000	39401.355
117000000	118000000	119953.69
118000000	118000000	539118.9
0	119000000	375.0271
1000000	119000000	585.63745
2000000	119000000	795.2842
3000000	119000000	916.15924
4000000	119000000	1199.586
5000000	119000000	1354.4983
6000000	119000000	969.9738
7000000	119000000	1126.6162
8000000	119000000	775.38495
9000000	119000000	514.0353
10000000	119000000	577.5427
11000000	119000000	603.21185
12000000	119000000	925.07806
13000000	119000000	907.935
14000000	119000000	1286.6741
15000000	119000000	991.19806
16000000	119000000	679.8607
17000000	119000000	881.497
18000000	119000000	989.153
19000000	119000000	793.04767
20000000	119000000	861.33734
21000000	119000000	587.8712
22000000	119000000	575.48175
23000000	119000000	625.33295
24000000	119000000	653.5932
25000000	119000000	665.4611
26000000	119000000	512.1364
27000000	119000000	491.13144
28000000	119000000	522.4218
29000000	119000000	815.08185
30000000	119000000	1088.9296
31000000	119000000	766.0969
32000000	119000000	581.54987
33000000	119000000	838.9759
34000000	119000000	1481.0035
35000000	119000000	1056.7565
36000000	119000000	729.92804
37000000	119000000	1013.1894
38000000	119000000	830.31213
39000000	119000000	798.3491
40000000	119000000	648.73785
41000000	119000000	1154.7107
42000000	119000000	1258.4104
43000000	119000000	903.66626
44000000	119000000	1079.5648
45000000	119000000	1105.7644
46000000	119000000	1120.103
47000000	119000000	2163.0264
48000000	119000000	2900.9883
49000000	119000000	3163.3154
50000000	119000000	3316.6057
51000000	119000000	2301.1567
52000000	119000000	1454.0074
53000000	119000000	1549.7463
54000000	119000000	1635.7223
55000000	119000000	2087.3813
56000000	119000000	2636.7222
57000000	119000000	2617.157
58000000	119000000	2808.2832
59000000	119000000	2193.0344
60000000	119000000	2793.488
61000000	119000000	2894.9111
62000000	119000000	2827.4954
63000000	119000000	2667.5398
64000000	119000000	2692.8584
65000000	119000000	2752.6086
66000000	119000000	2446.6936
67000000	119000000	2531.1887
68000000	119000000	2964.014
69000000	119000000	3088.8933
70000000	119000000	2936.9575
71000000	119000000	3141.982
72000000	119000000	3093.615
73000000	119000000	3172.774
74000000	119000000	2948.5537
75000000	119000000	3190.6023
76000000	119000000	3220.4385
77000000	119000000	3107.7542
78000000	119000000	2837.3
79000000	119000000	3066.3186
80000000	119000000	3224.0293
81000000	119000000	3192.048
82000000	119000000	3377.8608
83000000	119000000	3242.6843
84000000	119000000	3347.5105
85000000	119000000	3487.4668
86000000	119000000	3955.855
87000000	119000000	3578.8594
88000000	119000000	3972.7292
89000000	119000000	3744.9697
90000000	119000000	4101.426
91000000	119000000	4467.342
92000000	119000000	4011.7983
93000000	119000000	3842.822
94000000	119000000	5433.2407
95000000	119000000	6636.572
96000000	119000000	6477.8716
97000000	119000000	5873.9326
98000000	119000000	5838.5747
99000000	119000000	6581.316
100000000	119000000	4976.593
101000000	119000000	5377.815
102000000	119000000	6507.5674
103000000	119000000	6812.2764
104000000	119000000	7861.9067
105000000	119000000	8023.2324
106000000	119000000	8745.0625
107000000	119000000	9008.812
108000000	119000000	8512.823
109000000	119000000	6310.219
110000000	119000000	4849.4287
111000000	119000000	5884.764
112000000	119000000	8582.121
113000000	119000000	9443.449
114000000	119000000	11817.719
115000000	119000000	17328.988
116000000	119000000	23213.809
117000000	119000000	30322.045
118000000	119000000	148364.89
119000000	119000000	562107.94
0	120000000	360.8622
1000000	120000000	634.09955
2000000	120000000	781.0196
3000000	120000000	952.5077
4000000	120000000	1026.8984
5000000	120000000	1321.309
6000000	120000000	1229.5121
7000000	120000000	1264.0216
8000000	120000000	797.4976
9000000	120000000	573.206
10000000	120000000	693.7523
11000000	120000000	680.26776
12000000	120000000	1041.7357
13000000	120000000	1015.12415
14000000	120000000	1188.5961
15000000	120000000	1088.4829
16000000	120000000	829.56226
17000000	120000000	1022.7981
18000000	120000000	1127.301
19000000	120000000	975.8493
20000000	120000000	957.2121
21000000	120000000	708.00446
22000000	120000000	802.9456
23000000	120000000	690.29956
24000000	120000000	826.0245
25000000	120000000	808.05676
26000000	120000000	612.43994
27000000	120000000	545.2701
28000000	120000000	528.18427
29000000	120000000	868.17
30000000	120000000	1161.3713
31000000	120000000	848.8699
32000000	120000000	649.8556
33000000	120000000	946.5308
34000000	120000000	1546.4114
35000000	120000000	1067.8916
36000000	120000000	876.6872
37000000	120000000	1387.0481
38000000	120000000	954.2127
39000000	120000000	865.91583
40000000	120000000	744.0764
41000000	120000000	1382.928
42000000	120000000	1277.5033
43000000	120000000	998.1179
44000000	120000000	1278.9475
45000000	120000000	1187.1919
46000000	120000000	1436.2253
47000000	120000000	2649.7056
48000000	120000000	3003.2896
49000000	120000000	2486.0767
50000000	120000000	2595.924
51000000	120000000	2288.8035
52000000	120000000	1699.425
53000000	120000000	2010.7742
54000000	120000000	2229.8235
55000000	120000000	2345.1729
56000000	120000000	2449.2654
57000000	120000000	2533.8315
58000000	120000000	2647.4072
59000000	120000000	2160.776
60000000	120000000	2185.1172
61000000	120000000	2448.5125
62000000	120000000	3023.5706
63000000	120000000	2652.0447
64000000	120000000	2746.889
65000000	120000000	2696.7104
66000000	120000000	2171.7888
67000000	120000000	2256.2312
68000000	120000000	2683.1348
69000000	120000000	1965.6809
70000000	120000000	2358.9597
71000000	120000000	2357.8198
72000000	120000000	2223.365
73000000	120000000	1967.5428
74000000	120000000	2130.554
75000000	120000000	2262.9282
76000000	120000000	2572.5845
77000000	120000000	2543.8667
78000000	120000000	2504.7798
79000000	120000000	2125.5425
80000000	120000000	2061.6377
81000000	120000000	2333.6553
82000000	120000000	2435.306
83000000	120000000	2186.4194
84000000	120000000	2463.7986
85000000	120000000	3333.4302
86000000	120000000	3406.3232
87000000	120000000	3338.9717
88000000	120000000	3521.7405
89000000	120000000	3486.986
90000000	120000000	3756.1372
91000000	120000000	3918.0278
92000000	120000000	3855.5544
93000000	120000000	4044.324
94000000	120000000	6047.608
95000000	120000000	5786.4976
96000000	120000000	3714.7356
97000000	120000000	4309.2793
98000000	120000000	4233.9395
99000000	120000000	4701.2573
100000000	120000000	4366.2476
101000000	120000000	4644.229
102000000	120000000	5125.3496
103000000	120000000	4764.5884
104000000	120000000	5297.5938
105000000	120000000	5383.685
106000000	120000000	5693.907
107000000	120000000	6984.731
108000000	120000000	7928.3726
109000000	120000000	6864.5713
110000000	120000000	5759.9585
111000000	120000000	6340.637
112000000	120000000	9639.485
113000000	120000000	9100.483
114000000	120000000	10631.204
115000000	120000000	14321.122
116000000	120000000	18611.725
117000000	120000000	21917.791
118000000	120000000	45179.5
119000000	120000000	120436.84
120000000	120000000	646490.6
0	121000000	851.1721
1000000	121000000	1632.5941
2000000	121000000	5087.636
3000000	121000000	4654.9546
4000000	121000000	8334.761
5000000	121000000	6487.092
6000000	121000000	1619.4667
7000000	121000000	2067.0398
8000000	121000000	1097.6683
9000000	121000000	891.622
10000000	121000000	863.067
11000000	121000000	1055.5437
12000000	121000000	1519.5602
13000000	121000000	2046.2242
14000000	121000000	2810.7278
15000000	121000000	1844.8857
16000000	121000000	1095.1918
17000000	121000000	1459.4176
18000000	121000000	2016.1013
19000000	121000000	1373.9967
20000000	121000000	1419.8496
21000000	121000000	936.27637
22000000	121000000	1031.3403
23000000	121000000	1122.9978
24000000	121000000	874.2674
25000000	121000000	962.24445
26000000	121000000	990.6629
27000000	121000000	998.95197
28000000	121000000	907.4404
29000000	121000000	1438.9757
30000000	121000000	2297.392
31000000	121000000	1268.3599
32000000	121000000	1062.6112
33000000	121000000	1292.2394
34000000	121000000	3014.9426
35000000	121000000	1723.7444
36000000	121000000	1137.9469
37000000	121000000	1753.685
38000000	121000000	1323.8097
39000000	121000000	1220.1166
40000000	121000000	1170.6309
41000000	121000000	1584.7988
42000000	121000000	1642.4686
43000000	121000000	1443.4978
44000000	121000000	1373.8568
45000000	121000000	1457.0504
46000000	121000000	1426.7612
47000000	121000000	2856.1233
48000000	121000000	4966.13
49000000	121000000	7699.135
50000000	121000000	7841.063
51000000	121000000	2583.7314
52000000	121000000	1508.9858
53000000	121000000	1550.6372
54000000	121000000	1635.8809
55000000	121000000	2192.6738
56000000	121000000	3835.7678
57000000	121000000	3901.98
58000000	121000000	4126.5566
59000000	121000000	2391.259
60000000	121000000	3936.0168
61000000	121000000	4484.942
62000000	121000000	2800.9841
63000000	121000000	2671.175
64000000	121000000	2920.845
65000000	121000000	2321.219
66000000	121000000	2580.0806
67000000	121000000	2296.629
68000000	121000000	3254.3948
69000000	121000000	5930.147
70000000	121000000	2847.4429
71000000	121000000	3850.2559
72000000	121000000	3726.6763
73000000	121000000	4804.376
74000000	121000000	3466.7021
75000000	121000000	3994.3755
76000000	121000000	3479.804
77000000	121000000	3665.415
78000000	121000000	2509.486
79000000	121000000	3421.6611
80000000	121000000	4337.4087
81000000	121000000	4270.8164
82000000	121000000	4015.0122
83000000	121000000	3945.1848
84000000	121000000	3754.212
85000000	121000000	3477.2688
86000000	121000000	5049.6133
87000000	121000000	3622.6614
88000000	121000000	4888.369
89000000	121000000	4102.045
90000000	121000000	4333.973
91000000	121000000	5931.5605
92000000	121000000	4543.0737
93000000	121000000	3554.5054
94000000	121000000	6244.0146
95000000	121000000	8857.043
96000000	121000000	16593.65
97000000	121000000	7414.575
98000000	121000000	6575.11
99000000	121000000	8116.765
100000000	121000000	3919.7703
101000000	121000000	4488.313
102000000	121000000	6851.603
103000000	121000000	7756.289
104000000	121000000	9101.256
105000000	121000000	9352.264
106000000	121000000	11565.4795
107000000	121000000	9138.803
108000000	121000000	8058.1206
109000000	121000000	5127.537
110000000	121000000	4825.819
111000000	121000000	7291.654
112000000	121000000	9009.5205
113000000	121000000	8242.707
114000000	121000000	10266.37
115000000	121000000	13373.36
116000000	121000000	13922.287
117000000	121000000	13251.547
118000000	121000000	23678.812
119000000	121000000	32939.277
120000000	121000000	30840.2
121000000	121000000	484576.7
0	142000000	97.45834
1000000	142000000	225.04239
2000000	142000000	242.98772
3000000	142000000	242.82439
4000000	142000000	453.3538
5000000	142000000	227.29259
6000000	142000000	155.59163
7000000	142000000	248.0614
8000000	142000000	200.04626
9000000	142000000	183.59247
10000000	142000000	93.11335
11000000	142000000	200.86769
12000000	142000000	164.02814
13000000	142000000	172.92877
14000000	142000000	244.24797
15000000	142000000	133.64008
16000000	142000000	143.97589
17000000	142000000	160.00485
18000000	142000000	171.67383
19000000	142000000	157.32123
20000000	142000000	209.62405
21000000	142000000	154.57132
22000000	142000000	143.90997
23000000	142000000	159.79692
24000000	142000000	108.71029
25000000	142000000	202.04108
26000000	142000000	123.37989
27000000	142000000	208.04137
28000000	142000000	169.52269
29000000	142000000	126.23343
30000000	142000000	109.212326
31000000	142000000	182.51364
32000000	142000000	182.50185
33000000	142000000	116.00763
34000000	142000000	161.85458
35000000	142000000	116.35581
36000000	142000000	163.37961
37000000	142000000	144.3397
38000000	142000000	180.39348
39000000	142000000	141.8373
40000000	142000000	180.24481
41000000	142000000	190.22394
42000000	142000000	194.62459
43000000	142000000	80.47618
44000000	142000000	225.20071
45000000	142000000	253.88614
46000000	142000000	173.0587
47000000	142000000	241.85416
48000000	142000000	236.39871
49000000	142000000	341.59796
50000000	142000000	326.435
51000000	142000000	128.74876
52000000	142000000	208.9258
53000000	142000000	136.01164
54000000	142000000	138.25018
55000000	142000000	124.09974
56000000	142000000	238.68407
57000000	142000000	203.97578
58000000	142000000	213.30704
59000000	142000000	136.02081
60000000	142000000	289.43423
61000000	142000000	184.43633
62000000	142000000	188.89809
63000000	142000000	166.70332
64000000	142000000	155.97966
65000000	142000000	141.18398
66000000	142000000	113.06068
67000000	142000000	186.20891
68000000	142000000	122.45271
69000000	142000000	272.43088
70000000	142000000	60.08864
71000000	142000000	154.71353
72000000	142000000	106.67516
73000000	142000000	173.84875
74000000	142000000	124.71233
75000000	142000000	174.26755
76000000	142000000	162.21422
77000000	142000000	79.957794
78000000	142000000	126.64467
79000000	142000000	154.71437
80000000	142000000	132.46603
81000000	142000000	255.11375
82000000	142000000	193.56413
83000000	142000000	141.2692
84000000	142000000	193.12256
85000000	142000000	204.08786
86000000	142000000	95.33747
87000000	142000000	102.78595
88000000	142000000	188.21545
89000000	142000000	115.80685
90000000	142000000	178.18497
91000000	142000000	189.47385
92000000	142000000	209.42204
93000000	142000000	181.24413
94000000	142000000	227.97293
95000000	142000000	254.38539
96000000	142000000	292.61212
97000000	142000000	162.24097
98000000	142000000	187.00438
99000000	142000000	194.31342
100000000	142000000	89.69765
101000000	142000000	174.32236
102000000	142000000	165.15823
103000000	142000000	262.19717
104000000	142000000	170.47293
105000000	142000000	269.03207
106000000	142000000	280.21368
107000000	142000000	240.99475
108000000	142000000	190.76509
109000000	142000000	168.97899
110000000	142000000	138.55687
111000000	142000000	195.29695
112000000	142000000	262.64267
113000000	142000000	240.96552
114000000	142000000	178.67688
115000000	142000000	171.63687
116000000	142000000	247.0342
117000000	142000000	199.10399
118000000	142000000	294.97913
119000000	142000000	334.46243
120000000	142000000	92.62415
121000000	142000000	9278.499
142000000	142000000	1369428.2
0	143000000	514.62115
1000000	143000000	855.5894
2000000	143000000	1154.7698
3000000	143000000	1170.7181
4000000	143000000	1670.1622
5000000	143000000	1064.5259
6000000	143000000	931.1346
7000000	143000000	876.6045
8000000	143000000	301.80817
9000000	143000000	332.38135
10000000	143000000	413.0093
11000000	143000000	498.0519
12000000	143000000	397.40436
13000000	143000000	273.94104
14000000	143000000	773.83936
15000000	143000000	555.7198
16000000	143000000	364.9216
17000000	143000000	601.98627
18000000	143000000	515.2795
19000000	143000000	419.7334
20000000	143000000	691.8146
21000000	143000000	520.3286
22000000	143000000	398.9503
23000000	143000000	309.39154
24000000	143000000	532.288
25000000	143000000	304.81772
26000000	143000000	307.13467
27000000	143000000	372.5504
28000000	143000000	387.8989
29000000	143000000	338.41028
30000000	143000000	692.02454
31000000	143000000	357.9639
32000000	143000000	357.94077
33000000	143000000	508.90363
34000000	143000000	693.78314
35000000	143000000	614.4077
36000000	143000000	460.11368
37000000	143000000	428.72318
38000000	143000000	489.8847
39000000	143000000	449.37643
40000000	143000000	390.72607
41000000	143000000	573.9786
42000000	143000000	812.81714
43000000	143000000	509.93777
44000000	143000000	384.18845
45000000	143000000	536.2503
46000000	143000000	461.721
47000000	143000000	989.7462
48000000	143000000	814.0988
49000000	143000000	1604.7433
50000000	143000000	1225.7524
51000000	143000000	1004.08276
52000000	143000000	391.14032
53000000	143000000	861.83856
54000000	143000000	657.0173
55000000	143000000	870.61145
56000000	143000000	787.7203
57000000	143000000	937.0579
58000000	143000000	1222.8954
59000000	143000000	976.8162
60000000	143000000	952.27014
61000000	143000000	1095.6393
62000000	143000000	724.47205
63000000	143000000	825.2473
64000000	143000000	1021.3115
65000000	143000000	607.0589
66000000	143000000	644.7687
67000000	143000000	884.9353
68000000	143000000	711.2621
69000000	143000000	1044.8414
70000000	143000000	647.2784
71000000	143000000	490.1716
72000000	143000000	482.81985
73000000	143000000	901.30383
74000000	143000000	658.5337
75000000	143000000	985.9351
76000000	143000000	881.0326
77000000	143000000	723.79004
78000000	143000000	501.55292
79000000	143000000	857.80493
80000000	143000000	932.6353
81000000	143000000	808.2649
82000000	143000000	919.8902
83000000	143000000	447.57654
84000000	143000000	1187.7303
85000000	143000000	1447.1567
86000000	143000000	981.6729
87000000	143000000	1009.5209
88000000	143000000	857.2016
89000000	143000000	900.58594
90000000	143000000	1285.8854
91000000	143000000	1306.5376
92000000	143000000	1074.2413
93000000	143000000	1148.4545
94000000	143000000	1789.988
95000000	143000000	2216.3826
96000000	143000000	2428.0383
97000000	143000000	1615.4927
98000000	143000000	1303.4497
99000000	143000000	1559.6062
100000000	143000000	1010.43494
101000000	143000000	1012.54504
102000000	143000000	959.31555
103000000	143000000	1068.0519
104000000	143000000	1404.2635
105000000	143000000	1704.7231
106000000	143000000	1676.9325
107000000	143000000	1870.6542
108000000	143000000	1571.4193
109000000	143000000	1921.027
110000000	143000000	1371.8225
111000000	143000000	1767.8575
112000000	143000000	2295.499
113000000	143000000	1813.1692
114000000	143000000	1981.3274
115000000	143000000	2650.9714
116000000	143000000	2410.6138
117000000	143000000	2793.5952
118000000	143000000	3288.2964
119000000	143000000	4556.545
120000000	143000000	4157.304
121000000	143000000	37635.824
142000000	143000000	6137.7896
143000000	143000000	1048943.9
0	144000000	721.65326
1000000	144000000	944.8371
2000000	144000000	868.5517
3000000	144000000	963.9113
4000000	144000000	779.9088
5000000	144000000	884.6944
6000000	144000000	1365.256
7000000	144000000	1116.9333
8000000	144000000	1159.6382
9000000	144000000	969.0962
10000000	144000000	1050.7671
11000000	144000000	983.60565
12000000	144000000	1264.5973
13000000	144000000	723.47784
14000000	144000000	970.37897
15000000	144000000	1122.5428
16000000	144000000	1383.8021
17000000	144000000	1275.134
18000000	144000000	883.149
19000000	144000000	1122.0038
20000000	144000000	1039.9811
21000000	144000000	946.40784
22000000	144000000	807.2036
23000000	144000000	942.659
24000000	144000000	1075.7339
25000000	144000000	1100.6732
26000000	144000000	988.64075
27000000	144000000	859.996
28000000	144000000	849.39984
29000000	144000000	983.61847
30000000	144000000	919.88306
31000000	144000000	978.847
32000000	144000000	942.10345
33000000	144000000	1153.7108
34000000	144000000	1000.3869
35000000	144000000	1137.2909
36000000	144000000	1161.3914
37000000	144000000	985.9656
38000000	144000000	1185.0153
39000000	144000000	1054.4688
40000000	144000000	1097.9377
41000000	144000000	1406.5457
42000000	144000000	1440.4884
43000000	144000000	1156.0553
44000000	144000000	1516.1893
45000000	144000000	1641.8314
46000000	144000000	1576.1882
47000000	144000000	2001.2927
48000000	144000000	1383.6323
49000000	144000000	1133.0157
50000000	144000000	1267.6686
51000000	144000000	1848.0332
52000000	144000000	1776.2834
53000000	144000000	1798.7346
54000000	144000000	1811.9596
55000000	144000000	1701.3253
56000000	144000000	1223.9192
57000000	144000000	1264.1936
58000000	144000000	1268.0985
59000000	144000000	1577.2722
60000000	144000000	1276.0188
61000000	144000000	985.8663
62000000	144000000	1596.7726
63000000	144000000	1691.8912
64000000	144000000	1369.8158
65000000	144000000	1453.8944
66000000	144000000	1185.4531
67000000	144000000	1436.2788
68000000	144000000	1237.6863
69000000	144000000	872.7384
70000000	144000000	1284.0981
71000000	144000000	959.4507
72000000	144000000	978.34924
73000000	144000000	926.8588
74000000	144000000	1021.9644
75000000	144000000	1194.5464
76000000	144000000	1202.0114
77000000	144000000	1245.8767
78000000	144000000	1589.5206
79000000	144000000	1139.8909
80000000	144000000	1026.6501
81000000	144000000	1005.17334
82000000	144000000	1061.5312
83000000	144000000	1078.7505
84000000	144000000	1393.0092
85000000	144000000	2661.9001
86000000	144000000	2250.2114
87000000	144000000	2173.7095
88000000	144000000	1729.9122
89000000	144000000	2254.4956
90000000	144000000	2264.9915
91000000	144000000	2064.8914
92000000	144000000	2452.3447
93000000	144000000	3012.9355
94000000	144000000	3241.112
95000000	144000000	2754.8477
96000000	144000000	1683.8473
97000000	144000000	2497.0947
98000000	144000000	2204.471
99000000	144000000	2172.6475
100000000	144000000	3050.8337
101000000	144000000	3005.438
102000000	144000000	2075.9626
103000000	144000000	1934.5668
104000000	144000000	2222.9226
105000000	144000000	2476.8582
106000000	144000000	2144.0718
107000000	144000000	3137.1553
108000000	144000000	3610.516
109000000	144000000	4701.0
110000000	144000000	4078.2583
111000000	144000000	4191.6885
112000000	144000000	4597.1035
113000000	144000000	4975.9272
114000000	144000000	4963.6616
115000000	144000000	5721.5483
116000000	144000000	6776.1733
117000000	144000000	8323.547
118000000	144000000	10586.295
119000000	144000000	14822.486
120000000	144000000	46219.926
121000000	144000000	29612.02
142000000	144000000	253.14772
143000000	144000000	16842.756
144000000	144000000	622456.9
0	145000000	1192.5247
1000000	145000000	1628.1204
2000000	145000000	1010.6557
3000000	145000000	968.32416
4000000	145000000	674.754
5000000	145000000	838.69904
6000000	145000000	1778.0443
7000000	145000000	1228.3636
8000000	145000000	1759.6545
9000000	145000000	1584.9824
10000000	145000000	1418.0526
11000000	145000000	1504.8168
12000000	145000000	1495.2489
13000000	145000000	798.8979
14000000	145000000	1110.9523
15000000	145000000	1378.4043
16000000	145000000	2373.963
17000000	145000000	1883.6548
18000000	145000000	971.8339
19000000	145000000	1511.7788
20000000	145000000	1346.0707
21000000	145000000	1393.7162
22000000	145000000	1101.2158
23000000	145000000	1298.793
24000000	145000000	1449.0188
25000000	145000000	1487.8657
26000000	145000000	1481.7264
27000000	145000000	1469.4984
28000000	145000000	1674.1735
29000000	145000000	1155.6101
30000000	145000000	932.13293
31000000	145000000	1339.4115
32000000	145000000	1556.9653
33000000	145000000	1560.525
34000000	145000000	1053.5912
35000000	145000000	1514.041
36000000	145000000	1705.7891
37000000	145000000	1214.5685
38000000	145000000	1400.1577
39000000	145000000	1499.7639
40000000	145000000	1768.6132
41000000	145000000	1867.1433
42000000	145000000	1695.6886
43000000	145000000	1716.8121
44000000	145000000	1922.5634
45000000	145000000	2263.2898
46000000	145000000	2438.9485
47000000	145000000	1913.2487
48000000	145000000	1314.5002
49000000	145000000	998.4307
50000000	145000000	1017.0235
51000000	145000000	2102.8916
52000000	145000000	2352.859
53000000	145000000	2337.7449
54000000	145000000	2070.5005
55000000	145000000	1774.9745
56000000	145000000	1329.3829
57000000	145000000	1053.2983
58000000	145000000	1095.7762
59000000	145000000	1542.1034
60000000	145000000	1028.165
61000000	145000000	1015.3174
62000000	145000000	1509.8433
63000000	145000000	1557.7444
64000000	145000000	1233.082
65000000	145000000	1352.334
66000000	145000000	1110.7844
67000000	145000000	1490.2135
68000000	145000000	1204.587
69000000	145000000	678.26666
70000000	145000000	1133.1144
71000000	145000000	826.51245
72000000	145000000	781.2253
73000000	145000000	710.4012
74000000	145000000	944.6737
75000000	145000000	919.2065
76000000	145000000	1145.7988
77000000	145000000	1012.20526
78000000	145000000	1575.6342
79000000	145000000	986.57697
80000000	145000000	806.50574
81000000	145000000	867.946
82000000	145000000	1029.3131
83000000	145000000	808.86633
84000000	145000000	1170.8085
85000000	145000000	5306.5693
86000000	145000000	2696.2124
87000000	145000000	1769.9675
88000000	145000000	1465.4255
89000000	145000000	2209.5034
90000000	145000000	2169.7217
91000000	145000000	1835.7539
92000000	145000000	2243.4236
93000000	145000000	3135.8835
94000000	145000000	2788.8267
95000000	145000000	2134.8926
96000000	145000000	1240.7145
97000000	145000000	1823.1622
98000000	145000000	1734.5201
99000000	145000000	1662.2878
100000000	145000000	2920.4346
101000000	145000000	2485.4514
102000000	145000000	1642.3638
103000000	145000000	1525.3171
104000000	145000000	1671.1921
105000000	145000000	1797.9324
106000000	145000000	1737.7074
107000000	145000000	2269.686
108000000	145000000	2920.8743
109000000	145000000	5071.1265
110000000	145000000	4609.8774
111000000	145000000	4434.0376
112000000	145000000	4467.345
113000000	145000000	4694.628
114000000	145000000	4611.701
115000000	145000000	5080.1836
116000000	145000000	5685.28
117000000	145000000	7154.625
118000000	145000000	8015.1284
119000000	145000000	10922.26
120000000	145000000	42757.547
121000000	145000000	14331.63
142000000	145000000	182.94055
143000000	145000000	11707.959
144000000	145000000	155581.55
145000000	145000000	602968.8
0	146000000	432.23862
1000000	146000000	873.00305
2000000	146000000	1001.973
3000000	146000000	1012.49414
4000000	146000000	1131.3461
5000000	146000000	1164.6003
6000000	146000000	1163.5532
7000000	146000000	1325.4916
8000000	146000000	997.5137
9000000	146000000	827.8491
10000000	146000000	844.7075
11000000	146000000	967.3316
12000000	146000000	1212.1013
13000000	146000000	976.1289
14000000	146000000	1313.2313
15000000	146000000	1160.4004
16000000	146000000	1273.7811
17000000	146000000	1636.433
18000000	146000000	1427.0256
19000000	146000000	1336.336
20000000	146000000	1276.8365
21000000	146000000	853.03125
22000000	146000000	857.9166
23000000	146000000	931.1501
24000000	146000000	893.1301
25000000	146000000	856.17535
26000000	146000000	793.3944
27000000	146000000	689.2798
28000000	146000000	672.11017
29000000	146000000	1013.4517
30000000	146000000	1391.7742
31000000	146000000	1040.7451
32000000	146000000	833.4433
33000000	146000000	1026.9576
34000000	146000000	1612.268
35000000	146000000	1276.7236
36000000	146000000	1039.8578
37000000	146000000	1281.3647
38000000	146000000	1148.8877
39000000	146000000	918.2704
40000000	146000000	819.6233
41000000	146000000	1338.2803
42000000	146000000	1255.0276
43000000	146000000	1217.5482
44000000	146000000	1439.8146
45000000	146000000	1376.2386
46000000	146000000	1090.7072
47000000	146000000	1506.2377
48000000	146000000	1182.8416
49000000	146000000	938.325
50000000	146000000	1034.1255
51000000	146000000	990.8624
52000000	146000000	1035.4612
53000000	146000000	1139.0803
54000000	146000000	1158.624
55000000	146000000	1049.2247
56000000	146000000	1020.7837
57000000	146000000	941.07654
58000000	146000000	909.18176
59000000	146000000	752.1257
60000000	146000000	754.0458
61000000	146000000	746.9523
62000000	146000000	838.35675
63000000	146000000	928.9858
64000000	146000000	810.3793
65000000	146000000	752.7941
66000000	146000000	732.6186
67000000	146000000	741.8415
68000000	146000000	603.0431
69000000	146000000	671.4398
70000000	146000000	608.4502
71000000	146000000	603.74207
72000000	146000000	668.8582
73000000	146000000	639.0426
74000000	146000000	591.424
75000000	146000000	681.8406
76000000	146000000	594.6377
77000000	146000000	663.1887
78000000	146000000	652.8656
79000000	146000000	621.5681
80000000	146000000	587.50165
81000000	146000000	549.87463
82000000	146000000	643.8589
83000000	146000000	552.29504
84000000	146000000	685.0852
85000000	146000000	1110.0293
86000000	146000000	1062.5721
87000000	146000000	909.3662
88000000	146000000	930.97034
89000000	146000000	973.2635
90000000	146000000	1053.6936
91000000	146000000	1169.0259
92000000	146000000	1211.4165
93000000	146000000	1186.6179
94000000	146000000	1310.2433
95000000	146000000	1208.8153
96000000	146000000	1059.402
97000000	146000000	999.2361
98000000	146000000	904.78394
99000000	146000000	931.19354
100000000	146000000	959.2434
101000000	146000000	863.50604
102000000	146000000	977.453
103000000	146000000	941.7336
104000000	146000000	992.70544
105000000	146000000	934.9216
106000000	146000000	1014.12915
107000000	146000000	1099.377
108000000	146000000	1307.5542
109000000	146000000	1707.282
110000000	146000000	1943.8033
111000000	146000000	2021.5845
112000000	146000000	2690.161
113000000	146000000	2220.6938
114000000	146000000	2353.342
115000000	146000000	2776.7546
116000000	146000000	2438.262
117000000	146000000	2193.6956
118000000	146000000	2580.6619
119000000	146000000	2585.3164
120000000	146000000	3139.674
121000000	146000000	6607.3413
142000000	146000000	334.75513
143000000	146000000	6925.0215
144000000	146000000	16578.617
145000000	146000000	18791.98
146000000	146000000	726241.5
0	147000000	494.1157
1000000	147000000	886.53314
2000000	147000000	950.84326
3000000	147000000	908.8909
4000000	147000000	958.9608
5000000	147000000	1124.32
6000000	147000000	1184.5936
7000000	147000000	1506.309
8000000	147000000	930.2015
9000000	147000000	836.4059
10000000	147000000	900.741
11000000	147000000	1106.5171
12000000	147000000	1196.0736
13000000	147000000	1078.4053
14000000	147000000	1354.5555
15000000	147000000	1214.5223
16000000	147000000	1386.925
17000000	147000000	1705.0991
18000000	147000000	1596.9359
19000000	147000000	1368.9706
20000000	147000000	1328.4974
21000000	147000000	903.68054
22000000	147000000	937.1139
23000000	147000000	915.49603
24000000	147000000	1025.1637
25000000	147000000	996.54834
26000000	147000000	863.24304
27000000	147000000	806.21405
28000000	147000000	683.28925
29000000	147000000	1036.8096
30000000	147000000	1400.8828
31000000	147000000	1035.0675
32000000	147000000	766.6671
33000000	147000000	1068.1907
34000000	147000000	1634.9365
35000000	147000000	1194.6006
36000000	147000000	1027.1388
37000000	147000000	1496.9989
38000000	147000000	1139.3284
39000000	147000000	1008.2032
40000000	147000000	812.35986
41000000	147000000	1266.1707
42000000	147000000	1279.6359
43000000	147000000	1293.41
44000000	147000000	1611.216
45000000	147000000	1440.2423
46000000	147000000	1166.4948
47000000	147000000	1537.3549
48000000	147000000	1280.3599
49000000	147000000	1076.7692
50000000	147000000	983.8244
51000000	147000000	938.4661
52000000	147000000	1094.8875
53000000	147000000	1383.3008
54000000	147000000	1352.3589
55000000	147000000	1197.255
56000000	147000000	1057.3535
57000000	147000000	941.6037
58000000	147000000	922.3401
59000000	147000000	805.48566
60000000	147000000	748.39294
61000000	147000000	739.89453
62000000	147000000	1028.2856
63000000	147000000	936.57513
64000000	147000000	893.62646
65000000	147000000	837.49243
66000000	147000000	713.6587
67000000	147000000	745.8254
68000000	147000000	718.6195
69000000	147000000	523.4134
70000000	147000000	637.93823
71000000	147000000	641.2475
72000000	147000000	651.3321
73000000	147000000	588.9465
74000000	147000000	625.971
75000000	147000000	609.6425
76000000	147000000	711.9888
77000000	147000000	689.738
78000000	147000000	629.2491
79000000	147000000	596.1477
80000000	147000000	579.8193
81000000	147000000	602.46686
82000000	147000000	620.10565
83000000	147000000	612.3831
84000000	147000000	666.9638
85000000	147000000	1346.6265
86000000	147000000	1185.4473
87000000	147000000	862.98596
88000000	147000000	978.7088
89000000	147000000	1074.4717
90000000	147000000	1078.0588
91000000	147000000	1179.8871
92000000	147000000	1225.5903
93000000	147000000	1245.1248
94000000	147000000	1551.321
95000000	147000000	1184.9476
96000000	147000000	894.36816
97000000	147000000	965.9261
98000000	147000000	870.3703
99000000	147000000	971.3804
100000000	147000000	938.3396
101000000	147000000	902.9671
102000000	147000000	908.53064
103000000	147000000	1014.10016
104000000	147000000	1008.63934
105000000	147000000	1002.5383
106000000	147000000	996.85
107000000	147000000	1064.8406
108000000	147000000	1261.2063
109000000	147000000	1812.733
110000000	147000000	2232.5884
111000000	147000000	2258.9778
112000000	147000000	2850.0906
113000000	147000000	2559.4612
114000000	147000000	2492.7217
115000000	147000000	2780.2964
116000000	147000000	2736.8936
117000000	147000000	2408.2856
118000000	147000000	2622.1975
119000000	147000000	2575.8154
120000000	147000000	3536.1353
121000000	147000000	5371.597
142000000	147000000	155.99713
143000000	147000000	10214.259
144000000	147000000	28681.566
145000000	147000000	34787.27
146000000	147000000	215187.89
147000000	147000000	701011.2
0	148000000	572.5631
1000000	148000000	849.92993
2000000	148000000	1140.179
3000000	148000000	1196.2019
4000000	148000000	1698.9332
5000000	148000000	1741.7388
6000000	148000000	1458.1965
7000000	148000000	1056.9783
8000000	148000000	959.3977
9000000	148000000	616.34106
10000000	148000000	843.99915
11000000	148000000	615.6981
12000000	148000000	947.4615
13000000	148000000	1161.0837
14000000	148000000	946.1177
15000000	148000000	1135.633
16000000	148000000	1063.3561
17000000	148000000	1661.8225
18000000	148000000	955.4926
19000000	148000000	875.6097
20000000	148000000	879.66516
21000000	148000000	583.778
22000000	148000000	702.03723
23000000	148000000	670.5709
24000000	148000000	796.26105
25000000	148000000	799.3958
26000000	148000000	599.1115
27000000	148000000	455.49057
28000000	148000000	426.83044
29000000	148000000	880.1589
30000000	148000000	1077.0002
31000000	148000000	722.13354
32000000	148000000	481.39127
33000000	148000000	966.13806
34000000	148000000	1749.9534
35000000	148000000	805.65356
36000000	148000000	777.0192
37000000	148000000	953.9875
38000000	148000000	713.74493
39000000	148000000	666.6298
40000000	148000000	501.59827
41000000	148000000	798.25464
42000000	148000000	957.79156
43000000	148000000	742.96155
44000000	148000000	806.9111
45000000	148000000	1207.4606
46000000	148000000	1009.0671
47000000	148000000	1598.4917
48000000	148000000	1811.5188
49000000	148000000	1809.1503
50000000	148000000	1856.9077
51000000	148000000	1770.4578
52000000	148000000	1410.7463
53000000	148000000	1187.1776
54000000	148000000	1066.0298
55000000	148000000	1316.8077
56000000	148000000	1402.2574
57000000	148000000	1181.2286
58000000	148000000	1483.3424
59000000	148000000	1324.2489
60000000	148000000	1289.3236
61000000	148000000	1306.0702
62000000	148000000	1151.4878
63000000	148000000	1232.9619
64000000	148000000	1387.6505
65000000	148000000	1320.3475
66000000	148000000	1224.0737
67000000	148000000	1093.9684
68000000	148000000	822.1758
69000000	148000000	1119.1594
70000000	148000000	1422.1576
71000000	148000000	1168.6302
72000000	148000000	844.14197
73000000	148000000	756.0665
74000000	148000000	837.3474
75000000	148000000	1128.2843
76000000	148000000	1196.1133
77000000	148000000	1495.5249
78000000	148000000	1222.3372
79000000	148000000	1038.7881
80000000	148000000	1037.6421
81000000	148000000	743.756
82000000	148000000	1005.18585
83000000	148000000	1111.5399
84000000	148000000	1086.9141
85000000	148000000	2716.1165
86000000	148000000	2220.4084
87000000	148000000	1423.3903
88000000	148000000	1332.8318
89000000	148000000	1510.9286
90000000	148000000	1495.4688
91000000	148000000	1711.8185
92000000	148000000	1506.5442
93000000	148000000	2104.2488
94000000	148000000	2545.5588
95000000	148000000	2828.8787
96000000	148000000	2315.4985
97000000	148000000	1838.233
98000000	148000000	1946.1654
99000000	148000000	1891.7644
100000000	148000000	1681.2832
101000000	148000000	1316.7456
102000000	148000000	2183.1675
103000000	148000000	2169.129
104000000	148000000	1459.3582
105000000	148000000	1731.0791
106000000	148000000	2312.578
107000000	148000000	2730.5344
108000000	148000000	2561.6816
109000000	148000000	3153.4204
110000000	148000000	2769.1045
111000000	148000000	2083.9807
112000000	148000000	4104.567
113000000	148000000	3539.152
114000000	148000000	3049.1812
115000000	148000000	4996.776
116000000	148000000	4851.5356
117000000	148000000	4607.2896
118000000	148000000	6024.1973
119000000	148000000	7831.7324
120000000	148000000	13098.769
121000000	148000000	23523.418
142000000	148000000	1147.7063
143000000	148000000	19999.23
144000000	148000000	46337.86
145000000	148000000	42714.31
146000000	148000000	15815.995
147000000	148000000	18635.004
148000000	148000000	743384.8
0	149000000	604.936
1000000	149000000	1195.1755
2000000	149000000	1156.3752
3000000	149000000	1119.3972
4000000	149000000	1336.2268
5000000	149000000	1569.8179
6000000	149000000	1108.6719
7000000	149000000	1007.9667
8000000	149000000	1004.5919
9000000	149000000	1023.29724
10000000	149000000	835.102
11000000	149000000	849.6455
12000000	149000000	1030.3655
13000000	149000000	690.03656
14000000	149000000	1049.5919
15000000	149000000	1039.5458
16000000	149000000	1225.6129
17000000	149000000	1183.823
18000000	149000000	873.8841
19000000	149000000	862.1837
20000000	149000000	788.3317
21000000	149000000	820.54425
22000000	149000000	801.5476
23000000	149000000	861.99023
24000000	149000000	899.49554
25000000	149000000	930.51575
26000000	149000000	1043.2537
27000000	149000000	1099.9866
28000000	149000000	1284.8882
29000000	149000000	791.5418
30000000	149000000	833.5334
31000000	149000000	928.1067
32000000	149000000	1152.6274
33000000	149000000	1056.3718
34000000	149000000	931.68445
35000000	149000000	897.2663
36000000	149000000	1058.9592
37000000	149000000	790.22784
38000000	149000000	901.00287
39000000	149000000	955.86456
40000000	149000000	1182.493
41000000	149000000	1111.8954
42000000	149000000	880.82947
43000000	149000000	987.15765
44000000	149000000	1058.2614
45000000	149000000	1320.399
46000000	149000000	1318.8043
47000000	149000000	1256.1216
48000000	149000000	1382.7258
49000000	149000000	1589.1364
50000000	149000000	1438.1124
51000000	149000000	1097.1191
52000000	149000000	1113.3715
53000000	149000000	1137.141
54000000	149000000	863.6087
55000000	149000000	852.2733
56000000	149000000	1096.0383
57000000	149000000	1098.7964
58000000	149000000	1078.905
59000000	149000000	797.7754
60000000	149000000	822.833
61000000	149000000	1027.2706
62000000	149000000	867.106
63000000	149000000	835.4535
64000000	149000000	796.2827
65000000	149000000	802.89166
66000000	149000000	700.34937
67000000	149000000	699.78314
68000000	149000000	754.26215
69000000	149000000	858.22034
70000000	149000000	726.1645
71000000	149000000	656.5494
72000000	149000000	671.79816
73000000	149000000	639.6524
74000000	149000000	695.11456
75000000	149000000	650.4392
76000000	149000000	715.5332
77000000	149000000	640.2806
78000000	149000000	762.0348
79000000	149000000	612.4561
80000000	149000000	693.5843
81000000	149000000	581.70215
82000000	149000000	648.24554
83000000	149000000	637.5242
84000000	149000000	796.51874
85000000	149000000	1231.7123
86000000	149000000	1071.076
87000000	149000000	931.6176
88000000	149000000	941.0288
89000000	149000000	1088.2433
90000000	149000000	1158.6835
91000000	149000000	1264.3293
92000000	149000000	1224.112
93000000	149000000	1423.4752
94000000	149000000	1600.8842
95000000	149000000	1780.4048
96000000	149000000	1877.1752
97000000	149000000	1186.88
98000000	149000000	1158.3903
99000000	149000000	1294.7407
100000000	149000000	1181.7039
101000000	149000000	1054.4373
102000000	149000000	1025.1575
103000000	149000000	1113.8582
104000000	149000000	1201.7521
105000000	149000000	1249.5963
106000000	149000000	1473.0983
107000000	149000000	1492.8313
108000000	149000000	1459.5875
109000000	149000000	1960.4994
110000000	149000000	1870.9152
111000000	149000000	2051.606
112000000	149000000	2374.8267
113000000	149000000	2106.1936
114000000	149000000	2231.342
115000000	149000000	2790.4844
116000000	149000000	2690.598
117000000	149000000	2554.5974
118000000	149000000	3408.68
119000000	149000000	3950.8496
120000000	149000000	4889.8345
121000000	149000000	16587.26
142000000	149000000	606.29895
143000000	149000000	8712.691
144000000	149000000	12160.086
145000000	149000000	14602.047
146000000	149000000	20264.809
147000000	149000000	15176.517
148000000	149000000	71802.914
149000000	149000000	722332.94
0	150000000	1419.5712
1000000	150000000	2437.043
2000000	150000000	827.65155
3000000	150000000	718.05054
4000000	150000000	378.60376
5000000	150000000	394.20886
6000000	150000000	1493.6876
7000000	150000000	757.87317
8000000	150000000	2074.7336
9000000	150000000	2489.6106
10000000	150000000	1965.1322
11000000	150000000	1706.3739
12000000	150000000	1581.3114
13000000	150000000	443.91928
14000000	150000000	707.2043
15000000	150000000	1230.1111
16000000	150000000	2480.0264
17000000	150000000	1136.1768
18000000	150000000	553.5435
19000000	150000000	1456.596
20000000	150000000	1101.1777
21000000	150000000	1765.5128
22000000	150000000	1402.4705
23000000	150000000	1739.9314
24000000	150000000	1706.8938
25000000	150000000	1943.9061
26000000	150000000	2472.2783
27000000	150000000	2917.0862
28000000	150000000	3210.0317
29000000	150000000	1383.8616
30000000	150000000	549.68494
31000000	150000000	1665.0286
32000000	150000000	2751.5562
33000000	150000000	2057.825
34000000	150000000	562.68427
35000000	150000000	1660.4303
36000000	150000000	2467.7407
37000000	150000000	813.39514
38000000	150000000	1577.3022
39000000	150000000	1986.6249
40000000	150000000	2831.199
41000000	150000000	1820.8035
42000000	150000000	1523.3374
43000000	150000000	1914.9968
44000000	150000000	1861.727
45000000	150000000	2421.4536
46000000	150000000	2902.7495
47000000	150000000	980.9861
48000000	150000000	365.53342
49000000	150000000	323.10565
50000000	150000000	344.1889
51000000	150000000	1303.4576
52000000	150000000	2210.4958
53000000	150000000	1844.6139
54000000	150000000	1446.0063
55000000	150000000	1053.8956
56000000	150000000	554.1994
57000000	150000000	390.94922
58000000	150000000	389.36563
59000000	150000000	901.57556
60000000	150000000	421.9089
61000000	150000000	334.14832
62000000	150000000	691.6685
63000000	150000000	815.00586
64000000	150000000	482.29138
65000000	150000000	581.1652
66000000	150000000	532.2044
67000000	150000000	773.40985
68000000	150000000	405.29184
69000000	150000000	256.82724
70000000	150000000	575.06305
71000000	150000000	256.5919
72000000	150000000	272.9629
73000000	150000000	247.52864
74000000	150000000	279.3771
75000000	150000000	338.20978
76000000	150000000	458.18948
77000000	150000000	379.54388
78000000	150000000	895.86523
79000000	150000000	360.3462
80000000	150000000	301.8411
81000000	150000000	281.16653
82000000	150000000	365.34094
83000000	150000000	325.4656
84000000	150000000	455.1275
85000000	150000000	845.98737
86000000	150000000	634.18616
87000000	150000000	782.68036
88000000	150000000	457.0352
89000000	150000000	1042.1628
90000000	150000000	1033.8888
91000000	150000000	682.81274
92000000	150000000	944.0357
93000000	150000000	1827.0813
94000000	150000000	863.6801
95000000	150000000	517.28284
96000000	150000000	277.31213
97000000	150000000	573.5833
98000000	150000000	524.2818
99000000	150000000	348.61008
100000000	150000000	1581.6335
101000000	150000000	1085.2214
102000000	150000000	388.24387
103000000	150000000	340.31985
104000000	150000000	364.35135
105000000	150000000	397.04333
106000000	150000000	359.66327
107000000	150000000	515.07745
108000000	150000000	738.411
109000000	150000000	2668.908
110000000	150000000	2792.772
111000000	150000000	2358.631
112000000	150000000	1757.7803
113000000	150000000	2012.9718
114000000	150000000	1742.7935
115000000	150000000	1211.3486
116000000	150000000	1196.1973
117000000	150000000	1964.8717
118000000	150000000	959.5367
119000000	150000000	929.97473
120000000	150000000	1178.1744
121000000	150000000	1586.2952
142000000	150000000	246.51947
143000000	150000000	2186.901
144000000	150000000	5857.3804
145000000	150000000	12633.311
146000000	150000000	12631.075
147000000	150000000	9214.957
148000000	150000000	3922.797
149000000	150000000	162650.92
150000000	150000000	734744.5
0	151000000	1457.8947
1000000	151000000	2226.7432
2000000	151000000	1116.8661
3000000	151000000	992.5927
4000000	151000000	608.83685
5000000	151000000	658.21814
6000000	151000000	1887.588
7000000	151000000	1188.0267
8000000	151000000	2019.6946
9000000	151000000	2062.5312
10000000	151000000	1848.1179
11000000	151000000	1795.4423
12000000	151000000	1773.1633
13000000	151000000	679.23364
14000000	151000000	1033.16
15000000	151000000	1421.8765
16000000	151000000	2249.2131
17000000	151000000	1560.3124
18000000	151000000	921.97736
19000000	151000000	1785.2848
20000000	151000000	1474.4679
21000000	151000000	1884.36
22000000	151000000	1508.594
23000000	151000000	1676.7119
24000000	151000000	1776.5297
25000000	151000000	1821.9413
26000000	151000000	2249.9956
27000000	151000000	2216.3582
28000000	151000000	2313.1777
29000000	151000000	1556.4448
30000000	151000000	950.7241
31000000	151000000	1756.2504
32000000	151000000	2363.3042
33000000	151000000	2117.9497
34000000	151000000	1022.4293
35000000	151000000	1794.8768
36000000	151000000	2384.0964
37000000	151000000	1249.984
38000000	151000000	1821.2775
39000000	151000000	1803.3038
40000000	151000000	2277.7124
41000000	151000000	1972.7605
42000000	151000000	1725.5596
43000000	151000000	2043.79
44000000	151000000	2112.9275
45000000	151000000	2278.911
46000000	151000000	2582.7227
47000000	151000000	1396.307
48000000	151000000	689.7424
49000000	151000000	498.1061
50000000	151000000	529.4419
51000000	151000000	1326.7445
52000000	151000000	1946.7986
53000000	151000000	1909.587
54000000	151000000	1725.8289
55000000	151000000	1221.5679
56000000	151000000	709.78064
57000000	151000000	548.04175
58000000	151000000	538.18207
59000000	151000000	1041.2498
60000000	151000000	544.23505
61000000	151000000	474.9277
62000000	151000000	781.8396
63000000	151000000	908.16064
64000000	151000000	604.83936
65000000	151000000	755.1261
66000000	151000000	554.63055
67000000	151000000	849.8368
68000000	151000000	552.6068
69000000	151000000	333.1207
70000000	151000000	588.53735
71000000	151000000	339.3999
72000000	151000000	329.852
73000000	151000000	316.989
74000000	151000000	361.30634
75000000	151000000	429.62805
76000000	151000000	481.2507
77000000	151000000	479.20416
78000000	151000000	807.0136
79000000	151000000	443.91592
80000000	151000000	350.55887
81000000	151000000	374.7838
82000000	151000000	436.7599
83000000	151000000	371.88797
84000000	151000000	543.9924
85000000	151000000	978.6762
86000000	151000000	710.0963
87000000	151000000	866.7204
88000000	151000000	578.05176
89000000	151000000	1107.698
90000000	151000000	1048.1641
91000000	151000000	803.8319
92000000	151000000	1106.7646
93000000	151000000	1594.611
94000000	151000000	1116.6046
95000000	151000000	698.89514
96000000	151000000	388.93192
97000000	151000000	624.6637
98000000	151000000	604.2861
99000000	151000000	520.7277
100000000	151000000	1351.796
101000000	151000000	1046.4855
102000000	151000000	463.53027
103000000	151000000	413.1978
104000000	151000000	484.38248
105000000	151000000	515.86456
106000000	151000000	439.73154
107000000	151000000	655.56036
108000000	151000000	968.2335
109000000	151000000	2735.4553
110000000	151000000	3031.6045
111000000	151000000	2431.8447
112000000	151000000	2195.6804
113000000	151000000	2322.5435
114000000	151000000	2078.8877
115000000	151000000	1818.9751
116000000	151000000	1696.1787
117000000	151000000	2157.5576
118000000	151000000	1447.1411
119000000	151000000	1354.7046
120000000	151000000	1701.6565
121000000	151000000	2304.7676
142000000	151000000	228.56438
143000000	151000000	2956.9448
144000000	151000000	6291.7153
145000000	151000000	11179.949
146000000	151000000	12673.003
147000000	151000000	10658.301
148000000	151000000	5227.347
149000000	151000000	22211.045
150000000	151000000	118998.516
151000000	151000000	713141.0
0	152000000	517.8717
1000000	152000000	926.9569
2000000	152000000	1526.6996
3000000	152000000	1562.4926
4000000	152000000	1953.9628
5000000	152000000	2349.8381
6000000	152000000	1595.7721
7000000	152000000	2520.8247
8000000	152000000	1051.244
9000000	152000000	853.2857
10000000	152000000	1121.4026
11000000	152000000	1378.743
12000000	152000000	1904.3076
13000000	152000000	1917.8427
14000000	152000000	2405.7454
15000000	152000000	1857.2277
16000000	152000000	1214.217
17000000	152000000	2028.2092
18000000	152000000	2921.6335
19000000	152000000	1865.8159
20000000	152000000	2026.5702
21000000	152000000	1141.6202
22000000	152000000	1441.2227
23000000	152000000	1268.2091
24000000	152000000	1209.5327
25000000	152000000	1172.5502
26000000	152000000	1021.48724
27000000	152000000	754.4586
28000000	152000000	684.80585
29000000	152000000	1712.7258
30000000	152000000	2815.5352
31000000	152000000	1602.6881
32000000	152000000	891.11926
33000000	152000000	1395.017
34000000	152000000	3208.8188
35000000	152000000	1755.1417
36000000	152000000	1109.0074
37000000	152000000	2578.3809
38000000	152000000	1470.1023
39000000	152000000	1344.9745
40000000	152000000	767.8504
41000000	152000000	1676.915
42000000	152000000	1635.9023
43000000	152000000	1427.2803
44000000	152000000	1956.2369
45000000	152000000	1377.1394
46000000	152000000	1046.371
47000000	152000000	1862.4434
48000000	152000000	1863.6411
49000000	152000000	1547.0376
50000000	152000000	1520.73
51000000	152000000	948.292
52000000	152000000	957.16797
53000000	152000000	1389.5167
54000000	152000000	1519.6183
55000000	152000000	1279.0668
56000000	152000000	1540.387
57000000	152000000	1564.9847
58000000	152000000	1487.6082
59000000	152000000	790.86554
60000000	152000000	1056.7468
61000000	152000000	1190.2903
62000000	152000000	1130.8937
63000000	152000000	1055.4878
64000000	152000000	1143.2655
65000000	152000000	1028.8729
66000000	152000000	804.6562
67000000	152000000	747.9558
68000000	152000000	798.66473
69000000	152000000	824.3416
70000000	152000000	683.5026
71000000	152000000	759.7914
72000000	152000000	722.535
73000000	152000000	705.44196
74000000	152000000	652.7172
75000000	152000000	761.72485
76000000	152000000	788.88116
77000000	152000000	808.2466
78000000	152000000	654.5091
79000000	152000000	723.99365
80000000	152000000	690.2709
81000000	152000000	760.8947
82000000	152000000	696.76385
83000000	152000000	766.4126
84000000	152000000	697.5111
85000000	152000000	985.52466
86000000	152000000	1055.2843
87000000	152000000	911.242
88000000	152000000	1219.5188
89000000	152000000	940.9229
90000000	152000000	1035.4097
91000000	152000000	1358.3491
92000000	152000000	1251.2832
93000000	152000000	1005.5493
94000000	152000000	1473.0449
95000000	152000000	1469.4795
96000000	152000000	1199.475
97000000	152000000	928.4588
98000000	152000000	928.3073
99000000	152000000	1211.0668
100000000	152000000	793.36346
101000000	152000000	739.0557
102000000	152000000	1156.4683
103000000	152000000	1069.0195
104000000	152000000	1027.4146
105000000	152000000	960.7364
106000000	152000000	1163.9757
107000000	152000000	1264.0681
108000000	152000000	1343.2931
109000000	152000000	1418.9463
110000000	152000000	1916.651
111000000	152000000	2120.482
112000000	152000000	3480.8323
113000000	152000000	2488.59
114000000	152000000	2673.77
115000000	152000000	3246.9348
116000000	152000000	3249.0203
117000000	152000000	2129.6392
118000000	152000000	2652.8713
119000000	152000000	2832.1467
120000000	152000000	3024.5493
121000000	152000000	6630.3477
142000000	152000000	210.96404
143000000	152000000	3973.192
144000000	152000000	6422.969
145000000	152000000	7281.379
146000000	152000000	19725.588
147000000	152000000	17685.7
148000000	152000000	9915.229
149000000	152000000	9640.711
150000000	152000000	9944.794
151000000	152000000	79030.29
152000000	152000000	640941.1
0	153000000	1172.9762
1000000	153000000	1904.5537
2000000	153000000	1352.4849
3000000	153000000	1235.8899
4000000	153000000	1001.6539
5000000	153000000	1080.9539
6000000	153000000	1838.7549
7000000	153000000	1511.2378
8000000	153000000	1747.7931
9000000	153000000	1686.1674
10000000	153000000	1588.984
11000000	153000000	1645.1697
12000000	153000000	1823.9038
13000000	153000000	1113.6438
14000000	153000000	1441.1936
15000000	153000000	1595.256
16000000	153000000	1849.6757
17000000	153000000	1603.6241
18000000	153000000	1507.9537
19000000	153000000	1882.418
20000000	153000000	1658.1931
21000000	153000000	1528.6487
22000000	153000000	1542.9767
23000000	153000000	1599.0928
24000000	153000000	1627.5623
25000000	153000000	1717.2794
26000000	153000000	1765.9689
27000000	153000000	1790.3767
28000000	153000000	1761.0443
29000000	153000000	1549.9751
30000000	153000000	1547.1472
31000000	153000000	1788.4358
32000000	153000000	1828.7864
33000000	153000000	1846.4924
34000000	153000000	1625.517
35000000	153000000	1822.6052
36000000	153000000	1849.9714
37000000	153000000	1818.7799
38000000	153000000	1679.9441
39000000	153000000	1544.8927
40000000	153000000	1704.9082
41000000	153000000	1725.6135
42000000	153000000	1694.6772
43000000	153000000	1867.0452
44000000	153000000	2009.481
45000000	153000000	1964.9202
46000000	153000000	1829.6478
47000000	153000000	1496.5985
48000000	153000000	1055.4111
49000000	153000000	678.3839
50000000	153000000	678.51404
51000000	153000000	1131.844
52000000	153000000	1479.4124
53000000	153000000	1602.177
54000000	153000000	1437.8246
55000000	153000000	1196.9744
56000000	153000000	970.8435
57000000	153000000	799.81396
58000000	153000000	801.5528
59000000	153000000	1005.22455
60000000	153000000	650.20715
61000000	153000000	629.03107
62000000	153000000	856.8318
63000000	153000000	920.9174
64000000	153000000	770.46533
65000000	153000000	828.75183
66000000	153000000	717.6319
67000000	153000000	812.9656
68000000	153000000	620.1964
69000000	153000000	429.8708
70000000	153000000	622.416
71000000	153000000	504.489
72000000	153000000	409.57205
73000000	153000000	365.37134
74000000	153000000	413.1701
75000000	153000000	491.13937
76000000	153000000	528.15845
77000000	153000000	536.5371
78000000	153000000	794.02545
79000000	153000000	464.46945
80000000	153000000	453.2862
81000000	153000000	433.2579
82000000	153000000	555.4057
83000000	153000000	408.23767
84000000	153000000	557.73474
85000000	153000000	874.08636
86000000	153000000	734.0305
87000000	153000000	869.047
88000000	153000000	710.148
89000000	153000000	1026.869
90000000	153000000	1070.6702
91000000	153000000	982.4058
92000000	153000000	1151.1035
93000000	153000000	1404.0873
94000000	153000000	1170.0177
95000000	153000000	863.2672
96000000	153000000	528.1535
97000000	153000000	685.3938
98000000	153000000	668.0877
99000000	153000000	662.4529
100000000	153000000	1144.7035
101000000	153000000	971.51184
102000000	153000000	617.2491
103000000	153000000	566.0709
104000000	153000000	573.7488
105000000	153000000	594.60645
106000000	153000000	618.04803
107000000	153000000	841.61383
108000000	153000000	1018.12915
109000000	153000000	1952.8461
110000000	153000000	2501.4365
111000000	153000000	2374.0798
112000000	153000000	2424.448
113000000	153000000	2312.9268
114000000	153000000	2130.2231
115000000	153000000	2075.1116
116000000	153000000	2073.721
117000000	153000000	2216.6619
118000000	153000000	1711.7694
119000000	153000000	1784.1431
120000000	153000000	1958.4551
121000000	153000000	3178.7153
142000000	153000000	269.9668
143000000	153000000	2330.018
144000000	153000000	5242.291
145000000	153000000	7738.2217
146000000	153000000	10491.274
147000000	153000000	9854.905
148000000	153000000	5836.322
149000000	153000000	8021.8623
150000000	153000000	14690.405
151000000	153000000	39271.473
152000000	153000000	130927.95
153000000	153000000	649556.9
0	154000000	1444.9579
1000000	154000000	2145.1982
2000000	154000000	1048.3958
3000000	154000000	876.2338
4000000	154000000	540.3116
5000000	154000000	566.1681
6000000	154000000	1712.7366
7000000	154000000	1067.8406
8000000	154000000	1923.5813
9000000	154000000	2281.0286
10000000	154000000	1985.2726
11000000	154000000	2009.1239
12000000	154000000	1629.5927
13000000	154000000	673.4919
14000000	154000000	915.928
15000000	154000000	1480.6683
16000000	154000000	2260.714
17000000	154000000	1586.6357
18000000	154000000	1026.5686
19000000	154000000	1782.7421
20000000	154000000	1502.6094
21000000	154000000	1893.1754
22000000	154000000	1619.8202
23000000	154000000	1868.4756
24000000	154000000	1817.2385
25000000	154000000	1911.7532
26000000	154000000	2462.713
27000000	154000000	2383.3508
28000000	154000000	2464.0867
29000000	154000000	1497.5845
30000000	154000000	1001.75024
31000000	154000000	1726.2803
32000000	154000000	2387.2249
33000000	154000000	2028.4515
34000000	154000000	1055.6327
35000000	154000000	1707.1694
36000000	154000000	2284.1028
37000000	154000000	1424.0283
38000000	154000000	1868.1975
39000000	154000000	1837.0236
40000000	154000000	2325.3416
41000000	154000000	1793.3678
42000000	154000000	1618.1516
43000000	154000000	2095.979
44000000	154000000	2103.575
45000000	154000000	2373.8538
46000000	154000000	2217.9546
47000000	154000000	1246.4332
48000000	154000000	582.2251
49000000	154000000	419.52502
50000000	154000000	451.0579
51000000	154000000	1102.8745
52000000	154000000	1880.917
53000000	154000000	1768.1477
54000000	154000000	1675.8694
55000000	154000000	1140.6859
56000000	154000000	747.6738
57000000	154000000	571.9739
58000000	154000000	520.54865
59000000	154000000	976.9309
60000000	154000000	507.70486
61000000	154000000	432.84335
62000000	154000000	748.237
63000000	154000000	879.00085
64000000	154000000	627.5912
65000000	154000000	747.59015
66000000	154000000	612.20825
67000000	154000000	796.0671
68000000	154000000	512.2637
69000000	154000000	318.8821
70000000	154000000	570.3691
71000000	154000000	342.8304
72000000	154000000	278.74652
73000000	154000000	295.45084
74000000	154000000	348.36926
75000000	154000000	369.109
76000000	154000000	464.9525
77000000	154000000	465.72723
78000000	154000000	776.41656
79000000	154000000	434.2542
80000000	154000000	351.0525
81000000	154000000	350.54486
82000000	154000000	454.2649
83000000	154000000	305.92453
84000000	154000000	517.1909
85000000	154000000	884.11786
86000000	154000000	573.27936
87000000	154000000	743.7525
88000000	154000000	574.41565
89000000	154000000	924.66925
90000000	154000000	934.05786
91000000	154000000	696.91595
92000000	154000000	943.3862
93000000	154000000	1343.6003
94000000	154000000	956.0221
95000000	154000000	567.9642
96000000	154000000	337.95422
97000000	154000000	529.4609
98000000	154000000	492.23776
99000000	154000000	461.37296
100000000	154000000	1168.4762
101000000	154000000	964.5337
102000000	154000000	391.4822
103000000	154000000	386.3299
104000000	154000000	412.0928
105000000	154000000	392.61554
106000000	154000000	408.9336
107000000	154000000	576.7431
108000000	154000000	815.7161
109000000	154000000	2234.6338
110000000	154000000	2590.2065
111000000	154000000	2209.1338
112000000	154000000	1717.1473
113000000	154000000	1846.1953
114000000	154000000	1757.2933
115000000	154000000	1436.6136
116000000	154000000	1424.4453
117000000	154000000	1781.5892
118000000	154000000	1151.4727
119000000	154000000	1018.72626
120000000	154000000	1301.1371
121000000	154000000	1836.7776
142000000	154000000	211.1978
143000000	154000000	1163.7009
144000000	154000000	4063.3262
145000000	154000000	7112.0635
146000000	154000000	5778.7856
147000000	154000000	5645.3223
148000000	154000000	3699.211
149000000	154000000	6153.93
150000000	154000000	15117.398
151000000	154000000	24785.135
152000000	154000000	22098.873
153000000	154000000	118472.445
154000000	154000000	714600.8
0	155000000	1805.0396
1000000	155000000	2910.5754
2000000	155000000	924.3148
3000000	155000000	732.81793
4000000	155000000	390.24045
5000000	155000000	363.24655
6000000	155000000	1517.7133
7000000	155000000	692.41925
8000000	155000000	1980.3881
9000000	155000000	2690.3801
10000000	155000000	2229.465
11000000	155000000	1941.7719
12000000	155000000	1505.2474
13000000	155000000	384.34055
14000000	155000000	658.48676
15000000	155000000	1300.8904
16000000	155000000	2418.809
17000000	155000000	1196.7867
18000000	155000000	579.27844
19000000	155000000	1481.4211
20000000	155000000	1188.635
21000000	155000000	1898.5564
22000000	155000000	1438.5345
23000000	155000000	1919.9594
24000000	155000000	1894.8849
25000000	155000000	1963.9495
26000000	155000000	2665.3225
27000000	155000000	3192.584
28000000	155000000	3447.2883
29000000	155000000	1402.7921
30000000	155000000	592.81744
31000000	155000000	1662.6917
32000000	155000000	2941.8381
33000000	155000000	2015.3552
34000000	155000000	609.58386
35000000	155000000	1569.0365
36000000	155000000	2592.2532
37000000	155000000	940.8086
38000000	155000000	1760.8661
39000000	155000000	2074.1084
40000000	155000000	2925.034
41000000	155000000	1703.5078
42000000	155000000	1510.936
43000000	155000000	1987.3474
44000000	155000000	1948.7579
45000000	155000000	2543.2397
46000000	155000000	2686.9548
47000000	155000000	897.6057
48000000	155000000	356.71298
49000000	155000000	283.95007
50000000	155000000	330.7185
51000000	155000000	1188.6183
52000000	155000000	2014.8688
53000000	155000000	1723.058
54000000	155000000	1381.2202
55000000	155000000	961.5681
56000000	155000000	503.2798
57000000	155000000	374.88034
58000000	155000000	375.0984
59000000	155000000	870.50134
60000000	155000000	375.88004
61000000	155000000	289.7006
62000000	155000000	599.1543
63000000	155000000	711.61755
64000000	155000000	435.56036
65000000	155000000	496.5414
66000000	155000000	517.06
67000000	155000000	687.1073
68000000	155000000	401.25513
69000000	155000000	245.13669
70000000	155000000	513.65076
71000000	155000000	243.56503
72000000	155000000	220.1545
73000000	155000000	229.66954
74000000	155000000	260.59445
75000000	155000000	288.35892
76000000	155000000	383.30762
77000000	155000000	349.55972
78000000	155000000	752.39746
79000000	155000000	344.96048
80000000	155000000	251.63301
81000000	155000000	229.55452
82000000	155000000	370.2231
83000000	155000000	265.672
84000000	155000000	436.01962
85000000	155000000	669.5893
86000000	155000000	482.86703
87000000	155000000	681.82214
88000000	155000000	393.17657
89000000	155000000	861.2497
90000000	155000000	816.58514
91000000	155000000	588.7954
92000000	155000000	843.94446
93000000	155000000	1379.7505
94000000	155000000	692.23425
95000000	155000000	401.3842
96000000	155000000	229.8825
97000000	155000000	445.78
98000000	155000000	420.9526
99000000	155000000	265.76535
100000000	155000000	1164.6157
101000000	155000000	827.85864
102000000	155000000	283.53824
103000000	155000000	276.96295
104000000	155000000	313.30655
105000000	155000000	293.85626
106000000	155000000	240.86351
107000000	155000000	358.4532
108000000	155000000	601.1853
109000000	155000000	2185.397
110000000	155000000	2493.9324
111000000	155000000	1803.7911
112000000	155000000	1323.0765
113000000	155000000	1513.9719
114000000	155000000	1423.8473
115000000	155000000	974.764
116000000	155000000	868.332
117000000	155000000	1377.7969
118000000	155000000	721.90924
119000000	155000000	684.2679
120000000	155000000	774.61646
121000000	155000000	1457.3035
142000000	155000000	165.60283
143000000	155000000	1018.4802
144000000	155000000	2659.5093
145000000	155000000	6059.2646
146000000	155000000	3179.698
147000000	155000000	3198.9124
148000000	155000000	2256.494
149000000	155000000	5719.563
150000000	155000000	17333.826
151000000	155000000	17491.557
152000000	155000000	6751.604
153000000	155000000	25628.592
154000000	155000000	132685.69
155000000	155000000	779643.4
0	156000000	1608.3549
1000000	156000000	2578.466
2000000	156000000	1087.9558
3000000	156000000	911.8042
4000000	156000000	466.91125
5000000	156000000	495.07797
6000000	156000000	1694.6498
7000000	156000000	888.5638
8000000	156000000	1946.76
9000000	156000000	2396.9778
10000000	156000000	1946.0421
11000000	156000000	1838.7426
12000000	156000000	1588.5415
13000000	156000000	489.77548
14000000	156000000	789.9014
15000000	156000000	1276.8248
16000000	156000000	2219.9854
17000000	156000000	1235.9232
18000000	156000000	741.79474
19000000	156000000	1529.5
20000000	156000000	1263.23
21000000	156000000	1748.2885
22000000	156000000	1529.1141
23000000	156000000	1810.9849
24000000	156000000	1868.4442
25000000	156000000	1890.4419
26000000	156000000	2609.4639
27000000	156000000	2643.018
28000000	156000000	2578.6997
29000000	156000000	1345.8014
30000000	156000000	792.0347
31000000	156000000	1622.0549
32000000	156000000	2449.8672
33000000	156000000	1996.9696
34000000	156000000	790.0493
35000000	156000000	1426.612
36000000	156000000	2337.6877
37000000	156000000	1148.7671
38000000	156000000	1666.4056
39000000	156000000	1848.2461
40000000	156000000	2383.9443
41000000	156000000	1815.1897
42000000	156000000	1546.2883
43000000	156000000	2045.758
44000000	156000000	2137.1182
45000000	156000000	2359.5327
46000000	156000000	2435.641
47000000	156000000	1180.1968
48000000	156000000	506.59525
49000000	156000000	328.41693
50000000	156000000	339.7546
51000000	156000000	1101.5914
52000000	156000000	1845.0444
53000000	156000000	1843.04
54000000	156000000	1594.1981
55000000	156000000	1132.6917
56000000	156000000	586.75336
57000000	156000000	446.4107
58000000	156000000	464.0305
59000000	156000000	886.56
60000000	156000000	449.59134
61000000	156000000	362.09573
62000000	156000000	671.40674
63000000	156000000	771.06555
64000000	156000000	550.01514
65000000	156000000	599.4291
66000000	156000000	562.24725
67000000	156000000	741.23505
68000000	156000000	443.65326
69000000	156000000	252.09814
70000000	156000000	508.3458
71000000	156000000	273.15466
72000000	156000000	246.6363
73000000	156000000	241.83061
74000000	156000000	280.32938
75000000	156000000	342.4752
76000000	156000000	405.7298
77000000	156000000	372.2507
78000000	156000000	705.73004
79000000	156000000	316.78525
80000000	156000000	282.5996
81000000	156000000	262.7429
82000000	156000000	370.22632
83000000	156000000	309.17438
84000000	156000000	422.03116
85000000	156000000	815.7415
86000000	156000000	565.46063
87000000	156000000	775.04456
88000000	156000000	473.3601
89000000	156000000	953.38574
90000000	156000000	909.55725
91000000	156000000	668.2316
92000000	156000000	961.77795
93000000	156000000	1373.3152
94000000	156000000	884.4744
95000000	156000000	527.88416
96000000	156000000	275.73657
97000000	156000000	456.095
98000000	156000000	451.22656
99000000	156000000	336.39944
100000000	156000000	1211.9381
101000000	156000000	918.338
102000000	156000000	348.29437
103000000	156000000	276.92688
104000000	156000000	353.64993
105000000	156000000	351.84433
106000000	156000000	316.0785
107000000	156000000	428.14786
108000000	156000000	726.9386
109000000	156000000	2403.5466
110000000	156000000	3057.8655
111000000	156000000	2252.1902
112000000	156000000	1790.2101
113000000	156000000	1796.2892
114000000	156000000	1592.6509
115000000	156000000	1231.8634
116000000	156000000	1257.5702
117000000	156000000	1729.7423
118000000	156000000	987.7532
119000000	156000000	895.60767
120000000	156000000	1060.6912
121000000	156000000	1535.1906
142000000	156000000	142.5152
143000000	156000000	1274.8918
144000000	156000000	3562.526
145000000	156000000	7039.4067
146000000	156000000	4258.873
147000000	156000000	4271.574
148000000	156000000	3187.2546
149000000	156000000	5941.644
150000000	156000000	13703.617
151000000	156000000	15600.825
152000000	156000000	8220.157
153000000	156000000	19476.504
154000000	156000000	31657.691
155000000	156000000	127991.6
156000000	156000000	731591.3
0	157000000	612.9225
1000000	157000000	926.0339
2000000	157000000	826.00226
3000000	157000000	827.4136
4000000	157000000	704.7678
5000000	157000000	807.3928
6000000	157000000	1187.3678
7000000	157000000	1191.6416
8000000	157000000	1310.9667
9000000	157000000	1110.5906
10000000	157000000	1027.0461
11000000	157000000	1122.1069
12000000	157000000	1327.8529
13000000	157000000	804.5986
14000000	157000000	1120.3907
15000000	157000000	1173.0004
16000000	157000000	1211.943
17000000	157000000	1185.8531
18000000	157000000	1141.6361
19000000	157000000	1218.671
20000000	157000000	1231.0974
21000000	157000000	1108.4694
22000000	157000000	1055.0503
23000000	157000000	1105.017
24000000	157000000	1314.501
25000000	157000000	1406.1759
26000000	157000000	1175.2029
27000000	157000000	1018.54956
28000000	157000000	978.5013
29000000	157000000	1076.8512
30000000	157000000	1138.2654
31000000	157000000	1196.07
32000000	157000000	1078.7676
33000000	157000000	1266.925
34000000	157000000	1332.2034
35000000	157000000	1207.7516
36000000	157000000	1115.0687
37000000	157000000	1326.2167
38000000	157000000	1177.7756
39000000	157000000	1158.4214
40000000	157000000	1103.0668
41000000	157000000	1552.0608
42000000	157000000	1547.5065
43000000	157000000	1197.7421
44000000	157000000	1436.7616
45000000	157000000	1390.3964
46000000	157000000	1417.5618
47000000	157000000	1289.6132
48000000	157000000	1021.3762
49000000	157000000	780.3591
50000000	157000000	728.70734
51000000	157000000	1187.0863
52000000	157000000	1282.6003
53000000	157000000	1428.9994
54000000	157000000	1291.6575
55000000	157000000	1188.1136
56000000	157000000	1035.8276
57000000	157000000	887.2342
58000000	157000000	836.81354
59000000	157000000	1008.72784
60000000	157000000	702.3224
61000000	157000000	714.4611
62000000	157000000	919.21674
63000000	157000000	1030.0264
64000000	157000000	927.70197
65000000	157000000	910.01355
66000000	157000000	868.6995
67000000	157000000	959.12067
68000000	157000000	706.51843
69000000	157000000	505.55484
70000000	157000000	653.54767
71000000	157000000	565.75146
72000000	157000000	485.2769
73000000	157000000	484.38293
74000000	157000000	468.46545
75000000	157000000	587.66406
76000000	157000000	626.15247
77000000	157000000	695.2929
78000000	157000000	818.10114
79000000	157000000	618.58765
80000000	157000000	505.13046
81000000	157000000	528.4412
82000000	157000000	587.6688
83000000	157000000	512.5685
84000000	157000000	691.4951
85000000	157000000	1038.766
86000000	157000000	891.23706
87000000	157000000	1064.4127
88000000	157000000	938.9931
89000000	157000000	1205.2742
90000000	157000000	1203.4388
91000000	157000000	1115.1761
92000000	157000000	1158.7152
93000000	157000000	1443.3035
94000000	157000000	1460.5342
95000000	157000000	1000.8098
96000000	157000000	611.4369
97000000	157000000	888.43225
98000000	157000000	767.3814
99000000	157000000	759.7728
100000000	157000000	1201.4031
101000000	157000000	1169.9102
102000000	157000000	794.2938
103000000	157000000	641.1503
104000000	157000000	720.404
105000000	157000000	708.1741
106000000	157000000	724.31726
107000000	157000000	1002.99255
108000000	157000000	1408.196
109000000	157000000	1901.6963
110000000	157000000	2223.829
111000000	157000000	2373.9023
112000000	157000000	2480.3738
113000000	157000000	2180.6013
114000000	157000000	2048.2737
115000000	157000000	1934.194
116000000	157000000	2253.2349
117000000	157000000	2476.838
118000000	157000000	1964.2709
119000000	157000000	1918.8107
120000000	157000000	2393.3398
121000000	157000000	3332.9512
142000000	157000000	155.6606
143000000	157000000	2527.5073
144000000	157000000	4776.192
145000000	157000000	6261.778
146000000	157000000	6791.648
147000000	157000000	6698.847
148000000	157000000	5609.4688
149000000	157000000	5042.996
150000000	157000000	5597.3574
151000000	157000000	9608.526
152000000	157000000	15483.961
153000000	157000000	15393.418
154000000	157000000	14286.333
155000000	157000000	12352.318
156000000	157000000	93864.07
157000000	157000000	639883.06
0	158000000	390.8104
1000000	158000000	606.2935
2000000	158000000	707.9006
3000000	158000000	726.8302
4000000	158000000	799.37665
5000000	158000000	913.1141
6000000	158000000	838.0187
7000000	158000000	1051.3171
8000000	158000000	822.4138
9000000	158000000	651.365
10000000	158000000	688.0987
11000000	158000000	746.037
12000000	158000000	996.8773
13000000	158000000	818.73566
14000000	158000000	1099.7338
15000000	158000000	904.3314
16000000	158000000	793.7307
17000000	158000000	959.4023
18000000	158000000	1034.9081
19000000	158000000	976.0086
20000000	158000000	935.9596
21000000	158000000	703.174
22000000	158000000	789.24536
23000000	158000000	787.9739
24000000	158000000	965.10925
25000000	158000000	912.3146
26000000	158000000	742.1347
27000000	158000000	633.68945
28000000	158000000	593.1503
29000000	158000000	800.0369
30000000	158000000	1080.1396
31000000	158000000	885.64154
32000000	158000000	718.6587
33000000	158000000	900.31635
34000000	158000000	1268.5654
35000000	158000000	1029.2421
36000000	158000000	791.8766
37000000	158000000	1141.804
38000000	158000000	937.0103
39000000	158000000	838.33997
40000000	158000000	703.9254
41000000	158000000	1127.2632
42000000	158000000	1157.2593
43000000	158000000	949.1515
44000000	158000000	1015.7242
45000000	158000000	1055.1631
46000000	158000000	841.6033
47000000	158000000	1206.1891
48000000	158000000	1097.2424
49000000	158000000	1057.4299
50000000	158000000	1049.8989
51000000	158000000	946.1345
52000000	158000000	895.72034
53000000	158000000	985.40485
54000000	158000000	994.0526
55000000	158000000	1009.0266
56000000	158000000	1134.0773
57000000	158000000	991.84784
58000000	158000000	1022.7432
59000000	158000000	859.8809
60000000	158000000	866.5401
61000000	158000000	928.76575
62000000	158000000	898.5306
63000000	158000000	918.46405
64000000	158000000	960.82495
65000000	158000000	967.4867
66000000	158000000	877.7972
67000000	158000000	960.0459
68000000	158000000	863.44366
69000000	158000000	788.5387
70000000	158000000	803.0548
71000000	158000000	855.01215
72000000	158000000	790.3219
73000000	158000000	824.4227
74000000	158000000	820.8918
75000000	158000000	841.8525
76000000	158000000	928.87115
77000000	158000000	852.198
78000000	158000000	875.93164
79000000	158000000	879.781
80000000	158000000	749.9183
81000000	158000000	795.42505
82000000	158000000	856.0997
83000000	158000000	767.6219
84000000	158000000	845.24634
85000000	158000000	1030.611
86000000	158000000	1108.3651
87000000	158000000	1010.0001
88000000	158000000	1173.7452
89000000	158000000	1181.37
90000000	158000000	1156.8519
91000000	158000000	1231.5212
92000000	158000000	1264.2181
93000000	158000000	1194.018
94000000	158000000	1391.8071
95000000	158000000	1202.2511
96000000	158000000	1090.2733
97000000	158000000	1105.9254
98000000	158000000	1100.2621
99000000	158000000	1189.1011
100000000	158000000	1010.5571
101000000	158000000	1154.2922
102000000	158000000	1207.7029
103000000	158000000	1141.665
104000000	158000000	1220.1411
105000000	158000000	1232.9432
106000000	158000000	1211.7944
107000000	158000000	1343.6139
108000000	158000000	1411.6641
109000000	158000000	1458.0507
110000000	158000000	1409.4684
111000000	158000000	1829.5336
112000000	158000000	2126.855
113000000	158000000	1834.1007
114000000	158000000	1962.8455
115000000	158000000	2213.375
116000000	158000000	2323.5293
117000000	158000000	2021.4297
118000000	158000000	2180.1985
119000000	158000000	2427.6897
120000000	158000000	2403.3396
121000000	158000000	4897.681
142000000	158000000	253.44708
143000000	158000000	2846.9448
144000000	158000000	4043.4539
145000000	158000000	4839.269
146000000	158000000	7654.134
147000000	158000000	6870.563
148000000	158000000	5975.2954
149000000	158000000	5150.769
150000000	158000000	3564.7585
151000000	158000000	6708.522
152000000	158000000	15373.214
153000000	158000000	11137.866
154000000	158000000	8214.425
155000000	158000000	5951.039
156000000	158000000	16792.979
157000000	158000000	127681.625
158000000	158000000	624824.6
0	159000000	382.1732
1000000	159000000	613.53467
2000000	159000000	850.76086
3000000	159000000	790.55255
4000000	159000000	1010.9535
5000000	159000000	1036.1655
6000000	159000000	1020.1234
7000000	159000000	1157.1427
8000000	159000000	820.9274
9000000	159000000	678.3104
10000000	159000000	755.4812
11000000	159000000	829.26843
12000000	159000000	1040.5029
13000000	159000000	960.67426
14000000	159000000	1210.3992
15000000	159000000	1018.47845
16000000	159000000	847.77686
17000000	159000000	1002.7885
18000000	159000000	1192.8665
19000000	159000000	964.8065
20000000	159000000	996.53595
21000000	159000000	727.9045
22000000	159000000	790.2281
23000000	159000000	780.7981
24000000	159000000	836.9069
25000000	159000000	921.63654
26000000	159000000	784.1536
27000000	159000000	638.46277
28000000	159000000	669.16296
29000000	159000000	950.1326
30000000	159000000	1236.3611
31000000	159000000	934.8038
32000000	159000000	667.78973
33000000	159000000	919.8228
34000000	159000000	1436.5123
35000000	159000000	1044.7312
36000000	159000000	830.507
37000000	159000000	1162.3499
38000000	159000000	941.5894
39000000	159000000	841.36414
40000000	159000000	664.2971
41000000	159000000	1072.4005
42000000	159000000	1111.7625
43000000	159000000	972.61884
44000000	159000000	1090.1299
45000000	159000000	992.0775
46000000	159000000	896.3391
47000000	159000000	1380.2709
48000000	159000000	1296.4762
49000000	159000000	1163.5763
50000000	159000000	1192.0344
51000000	159000000	953.3454
52000000	159000000	898.19525
53000000	159000000	1042.161
54000000	159000000	1114.1183
55000000	159000000	1099.9165
56000000	159000000	1247.9678
57000000	159000000	1112.2012
58000000	159000000	1146.5793
59000000	159000000	905.91986
60000000	159000000	967.64966
61000000	159000000	1065.5004
62000000	159000000	1026.6467
63000000	159000000	1060.334
64000000	159000000	1142.7338
65000000	159000000	1176.9535
66000000	159000000	986.99536
67000000	159000000	977.4631
68000000	159000000	1042.3087
69000000	159000000	922.3884
70000000	159000000	931.3059
71000000	159000000	1026.805
72000000	159000000	950.4596
73000000	159000000	852.901
74000000	159000000	897.87994
75000000	159000000	1041.3301
76000000	159000000	1119.6781
77000000	159000000	1003.5622
78000000	159000000	1013.94165
79000000	159000000	904.02673
80000000	159000000	900.10925
81000000	159000000	847.45935
82000000	159000000	925.083
83000000	159000000	860.63684
84000000	159000000	972.6248
85000000	159000000	1178.6882
86000000	159000000	1237.2866
87000000	159000000	1115.1462
88000000	159000000	1255.3749
89000000	159000000	1123.5172
90000000	159000000	1232.0281
91000000	159000000	1384.0249
92000000	159000000	1252.3257
93000000	159000000	1204.294
94000000	159000000	1480.7009
95000000	159000000	1393.399
96000000	159000000	1328.2832
97000000	159000000	1156.6504
98000000	159000000	1212.8865
99000000	159000000	1370.3558
100000000	159000000	1129.6636
101000000	159000000	1129.3666
102000000	159000000	1426.3755
103000000	159000000	1246.7559
104000000	159000000	1403.8346
105000000	159000000	1311.7507
106000000	159000000	1348.8285
107000000	159000000	1488.4332
108000000	159000000	1569.752
109000000	159000000	1560.0676
110000000	159000000	1616.2659
111000000	159000000	1740.9347
112000000	159000000	2245.8838
113000000	159000000	2037.02
114000000	159000000	2159.4526
115000000	159000000	2492.9148
116000000	159000000	2431.0261
117000000	159000000	2016.5376
118000000	159000000	2489.9304
119000000	159000000	2626.245
120000000	159000000	2742.8606
121000000	159000000	5341.7
142000000	159000000	255.35619
143000000	159000000	3337.261
144000000	159000000	4396.2144
145000000	159000000	5099.1143
146000000	159000000	8655.789
147000000	159000000	7999.3853
148000000	159000000	6670.5557
149000000	159000000	5769.9844
150000000	159000000	3725.9443
151000000	159000000	7197.905
152000000	159000000	16033.367
153000000	159000000	10440.459
154000000	159000000	6996.7583
155000000	159000000	5021.4424
156000000	159000000	12773.142
157000000	159000000	43639.598
158000000	159000000	134991.73
159000000	159000000	582502.9
0	160000000	937.16376
1000000	160000000	1289.0142
2000000	160000000	660.72687
3000000	160000000	631.5748
4000000	160000000	373.78323
5000000	160000000	390.86725
6000000	160000000	1124.1006
7000000	160000000	677.94714
8000000	160000000	1347.2808
9000000	160000000	1416.3289
10000000	160000000	1077.2861
11000000	160000000	1052.851
12000000	160000000	1144.1543
13000000	160000000	492.3032
14000000	160000000	653.9749
15000000	160000000	962.5485
16000000	160000000	1411.4395
17000000	160000000	910.2621
18000000	160000000	508.2798
19000000	160000000	979.34406
20000000	160000000	875.92474
21000000	160000000	1073.7029
22000000	160000000	978.4784
23000000	160000000	1129.5464
24000000	160000000	1111.1357
25000000	160000000	1331.5
26000000	160000000	1296.5947
27000000	160000000	1406.3258
28000000	160000000	1444.2449
29000000	160000000	873.54144
30000000	160000000	556.8774
31000000	160000000	1084.7058
32000000	160000000	1462.0151
33000000	160000000	1314.9307
34000000	160000000	602.80414
35000000	160000000	1062.2024
36000000	160000000	1374.6824
37000000	160000000	710.8817
38000000	160000000	1145.1442
39000000	160000000	1261.2612
40000000	160000000	1683.0693
41000000	160000000	1439.293
42000000	160000000	1311.6301
43000000	160000000	1240.8954
44000000	160000000	1236.8566
45000000	160000000	1584.0419
46000000	160000000	1806.8136
47000000	160000000	1110.0533
48000000	160000000	558.68164
49000000	160000000	449.79993
50000000	160000000	456.16656
51000000	160000000	1357.0974
52000000	160000000	1589.6888
53000000	160000000	1585.3053
54000000	160000000	1380.8037
55000000	160000000	1236.1925
56000000	160000000	793.50385
57000000	160000000	613.2081
58000000	160000000	647.73785
59000000	160000000	1241.8947
60000000	160000000	644.8151
61000000	160000000	532.0644
62000000	160000000	901.9366
63000000	160000000	1138.2017
64000000	160000000	710.4824
65000000	160000000	858.9826
66000000	160000000	932.98627
67000000	160000000	1200.0115
68000000	160000000	761.50854
69000000	160000000	366.8316
70000000	160000000	857.5991
71000000	160000000	450.23474
72000000	160000000	470.86218
73000000	160000000	404.33646
74000000	160000000	482.85162
75000000	160000000	644.4763
76000000	160000000	804.8522
77000000	160000000	635.6248
78000000	160000000	1273.1034
79000000	160000000	635.22595
80000000	160000000	483.82025
81000000	160000000	500.49054
82000000	160000000	668.6062
83000000	160000000	521.48425
84000000	160000000	771.8648
85000000	160000000	1286.7035
86000000	160000000	842.2818
87000000	160000000	1225.0887
88000000	160000000	673.34985
89000000	160000000	1361.101
90000000	160000000	1390.2869
91000000	160000000	913.8149
92000000	160000000	1292.322
93000000	160000000	1960.708
94000000	160000000	1381.5361
95000000	160000000	860.99146
96000000	160000000	392.44705
97000000	160000000	883.2839
98000000	160000000	816.78064
99000000	160000000	594.97815
100000000	160000000	1865.8027
101000000	160000000	1838.039
102000000	160000000	601.83246
103000000	160000000	520.37354
104000000	160000000	660.024
105000000	160000000	713.701
106000000	160000000	511.7276
107000000	160000000	824.2074
108000000	160000000	1283.1184
109000000	160000000	2530.1804
110000000	160000000	2459.4043
111000000	160000000	2308.6497
112000000	160000000	1848.8097
113000000	160000000	2021.3955
114000000	160000000	1915.6031
115000000	160000000	1542.4274
116000000	160000000	1613.5841
117000000	160000000	2512.7231
118000000	160000000	1484.6178
119000000	160000000	1388.0468
120000000	160000000	1732.1343
121000000	160000000	2079.041
142000000	160000000	129.7683
143000000	160000000	1425.2811
144000000	160000000	3866.6611
145000000	160000000	7065.36
146000000	160000000	4214.126
147000000	160000000	4333.1123
148000000	160000000	3310.9185
149000000	160000000	4841.146
150000000	160000000	7786.857
151000000	160000000	8742.378
152000000	160000000	5391.91
153000000	160000000	8354.12
154000000	160000000	8280.165
155000000	160000000	9157.54
156000000	160000000	17008.426
157000000	160000000	21932.635
158000000	160000000	22473.166
159000000	160000000	84051.36
160000000	160000000	702563.56
0	161000000	1071.4344
1000000	161000000	1493.6394
2000000	161000000	796.789
3000000	161000000	769.3076
4000000	161000000	440.64398
5000000	161000000	462.40857
6000000	161000000	1214.9691
7000000	161000000	690.8844
8000000	161000000	1475.6954
9000000	161000000	1437.7234
10000000	161000000	1096.4231
11000000	161000000	1050.5856
12000000	161000000	1082.6737
13000000	161000000	437.3143
14000000	161000000	677.7029
15000000	161000000	975.93054
16000000	161000000	1503.4777
17000000	161000000	801.3882
18000000	161000000	494.2062
19000000	161000000	935.1172
20000000	161000000	832.46606
21000000	161000000	1084.8972
22000000	161000000	920.9924
23000000	161000000	1154.2417
24000000	161000000	1167.3
25000000	161000000	1262.2599
26000000	161000000	1288.3492
27000000	161000000	1466.9702
28000000	161000000	1654.0491
29000000	161000000	906.07196
30000000	161000000	537.4833
31000000	161000000	1075.5098
32000000	161000000	1587.1035
33000000	161000000	1329.6833
34000000	161000000	577.84814
35000000	161000000	1057.1809
36000000	161000000	1444.8429
37000000	161000000	714.7325
38000000	161000000	1075.5038
39000000	161000000	1142.6469
40000000	161000000	1836.766
41000000	161000000	1459.2032
42000000	161000000	1269.1658
43000000	161000000	1247.8927
44000000	161000000	1227.6716
45000000	161000000	1613.015
46000000	161000000	2058.9766
47000000	161000000	1214.0792
48000000	161000000	595.79816
49000000	161000000	489.09662
50000000	161000000	536.06067
51000000	161000000	1570.205
52000000	161000000	1811.1025
53000000	161000000	1621.329
54000000	161000000	1399.7751
55000000	161000000	1167.0043
56000000	161000000	861.1252
57000000	161000000	533.7431
58000000	161000000	621.1009
59000000	161000000	1262.2172
60000000	161000000	593.71204
61000000	161000000	519.48065
62000000	161000000	956.6016
63000000	161000000	1194.6614
64000000	161000000	777.56683
65000000	161000000	908.9296
66000000	161000000	850.5564
67000000	161000000	1093.1226
68000000	161000000	632.3139
69000000	161000000	412.97446
70000000	161000000	809.0992
71000000	161000000	484.963
72000000	161000000	434.76654
73000000	161000000	344.6286
74000000	161000000	430.58035
75000000	161000000	564.35223
76000000	161000000	646.3838
77000000	161000000	630.9974
78000000	161000000	1148.7451
79000000	161000000	569.3075
80000000	161000000	472.0608
81000000	161000000	429.42184
82000000	161000000	569.3717
83000000	161000000	441.21616
84000000	161000000	786.5028
85000000	161000000	1271.5153
86000000	161000000	903.0273
87000000	161000000	1189.7738
88000000	161000000	666.9313
89000000	161000000	1506.5492
90000000	161000000	1418.3762
91000000	161000000	1031.8955
92000000	161000000	1369.0798
93000000	161000000	2256.0344
94000000	161000000	1448.1138
95000000	161000000	911.03125
96000000	161000000	444.36652
97000000	161000000	948.67725
98000000	161000000	841.6093
99000000	161000000	653.2294
100000000	161000000	2027.4672
101000000	161000000	1602.3291
102000000	161000000	553.96704
103000000	161000000	549.6215
104000000	161000000	616.45264
105000000	161000000	685.7789
106000000	161000000	536.06476
107000000	161000000	745.5657
108000000	161000000	1269.8912
109000000	161000000	2820.4407
110000000	161000000	2714.4907
111000000	161000000	2304.2124
112000000	161000000	2005.3215
113000000	161000000	2173.8467
114000000	161000000	2023.8574
115000000	161000000	1581.8684
116000000	161000000	1744.42
117000000	161000000	2626.5115
118000000	161000000	1604.095
119000000	161000000	1693.6497
120000000	161000000	2113.72
121000000	161000000	3150.3938
142000000	161000000	165.66257
143000000	161000000	2755.5198
144000000	161000000	4328.6733
145000000	161000000	7927.365
146000000	161000000	4343.984
147000000	161000000	4344.972
148000000	161000000	4405.738
149000000	161000000	5628.6963
150000000	161000000	8397.52
151000000	161000000	8345.661
152000000	161000000	4871.786
153000000	161000000	7389.8545
154000000	161000000	7676.4033
155000000	161000000	9016.258
156000000	161000000	13351.517
157000000	161000000	12549.213
158000000	161000000	11763.958
159000000	161000000	19051.926
160000000	161000000	113798.125
161000000	161000000	664563.7
0	162000000	334.61694
1000000	162000000	637.95544
2000000	162000000	645.99194
3000000	162000000	671.3904
4000000	162000000	661.97125
5000000	162000000	831.1422
6000000	162000000	939.9066
7000000	162000000	931.46094
8000000	162000000	698.7911
9000000	162000000	580.23785
10000000	162000000	622.9954
11000000	162000000	659.42004
12000000	162000000	770.01544
13000000	162000000	730.55804
14000000	162000000	837.2073
15000000	162000000	798.24
16000000	162000000	678.3094
17000000	162000000	752.393
18000000	162000000	789.05524
19000000	162000000	833.58966
20000000	162000000	771.36346
21000000	162000000	609.1635
22000000	162000000	594.53796
23000000	162000000	635.3236
24000000	162000000	693.979
25000000	162000000	695.41846
26000000	162000000	582.539
27000000	162000000	524.1776
28000000	162000000	497.69086
29000000	162000000	683.606
30000000	162000000	837.9842
31000000	162000000	675.6909
32000000	162000000	533.97925
33000000	162000000	695.3681
34000000	162000000	978.972
35000000	162000000	770.3406
36000000	162000000	671.518
37000000	162000000	842.7572
38000000	162000000	664.76416
39000000	162000000	660.61145
40000000	162000000	599.8825
41000000	162000000	921.67224
42000000	162000000	886.6606
43000000	162000000	753.6449
44000000	162000000	816.9154
45000000	162000000	851.48834
46000000	162000000	893.31836
47000000	162000000	1467.6251
48000000	162000000	1420.4812
49000000	162000000	1140.4999
50000000	162000000	1130.5396
51000000	162000000	1290.6693
52000000	162000000	996.8948
53000000	162000000	1111.0234
54000000	162000000	1189.5204
55000000	162000000	1167.9058
56000000	162000000	1164.2334
57000000	162000000	1046.8525
58000000	162000000	1097.1992
59000000	162000000	1080.2345
60000000	162000000	986.1095
61000000	162000000	992.2067
62000000	162000000	1270.7211
63000000	162000000	1245.8273
64000000	162000000	1127.9066
65000000	162000000	1131.7767
66000000	162000000	927.59705
67000000	162000000	1072.973
68000000	162000000	1045.5997
69000000	162000000	832.2044
70000000	162000000	975.2206
71000000	162000000	911.12164
72000000	162000000	827.16125
73000000	162000000	802.62787
74000000	162000000	837.7665
75000000	162000000	948.7905
76000000	162000000	986.9468
77000000	162000000	1011.83887
78000000	162000000	1053.0359
79000000	162000000	858.0064
80000000	162000000	814.70953
81000000	162000000	815.38416
82000000	162000000	877.69214
83000000	162000000	831.9468
84000000	162000000	932.03424
85000000	162000000	1397.9631
86000000	162000000	1255.2587
87000000	162000000	1188.5359
88000000	162000000	1280.1588
89000000	162000000	1377.6665
90000000	162000000	1368.0967
91000000	162000000	1269.813
92000000	162000000	1396.9863
93000000	162000000	1586.3887
94000000	162000000	1904.2986
95000000	162000000	1718.3507
96000000	162000000	1115.7396
97000000	162000000	1318.2218
98000000	162000000	1255.1023
99000000	162000000	1316.9209
100000000	162000000	1383.6382
101000000	162000000	1402.6293
102000000	162000000	1174.8007
103000000	162000000	1214.4813
104000000	162000000	1244.4153
105000000	162000000	1315.9438
106000000	162000000	1261.879
107000000	162000000	1533.642
108000000	162000000	1756.4845
109000000	162000000	1905.2408
110000000	162000000	1618.7614
111000000	162000000	1624.2882
112000000	162000000	2091.2334
113000000	162000000	2000.0034
114000000	162000000	2087.595
115000000	162000000	2421.2712
116000000	162000000	2566.6543
117000000	162000000	2467.7922
118000000	162000000	2611.7307
119000000	162000000	2788.0068
120000000	162000000	3395.8906
121000000	162000000	5331.408
142000000	162000000	234.7596
143000000	162000000	3266.1545
144000000	162000000	4539.316
145000000	162000000	5479.3438
146000000	162000000	5883.783
147000000	162000000	6185.086
148000000	162000000	7350.03
149000000	162000000	5145.39
150000000	162000000	2947.2688
151000000	162000000	4668.475
152000000	162000000	8509.319
153000000	162000000	5774.102
154000000	162000000	3963.4263
155000000	162000000	2886.2678
156000000	162000000	5087.893
157000000	162000000	11571.146
158000000	162000000	14346.854
159000000	162000000	21414.594
160000000	162000000	17724.408
161000000	162000000	94239.21
162000000	162000000	547388.3
0	163000000	201.59497
1000000	163000000	332.27475
2000000	163000000	569.59033
3000000	163000000	622.4006
4000000	163000000	1036.6646
5000000	163000000	1121.8292
6000000	163000000	540.10785
7000000	163000000	685.9762
8000000	163000000	350.60938
9000000	163000000	266.58417
10000000	163000000	322.7832
11000000	163000000	377.50052
12000000	163000000	569.8525
13000000	163000000	737.0006
14000000	163000000	851.32416
15000000	163000000	595.17535
16000000	163000000	353.27335
17000000	163000000	505.0206
18000000	163000000	655.4418
19000000	163000000	467.7584
20000000	163000000	499.96268
21000000	163000000	314.22192
22000000	163000000	313.72018
23000000	163000000	336.2429
24000000	163000000	379.60013
25000000	163000000	316.01865
26000000	163000000	297.0167
27000000	163000000	284.52676
28000000	163000000	256.9505
29000000	163000000	452.9721
30000000	163000000	666.0402
31000000	163000000	397.06158
32000000	163000000	280.80762
33000000	163000000	413.41385
34000000	163000000	880.1238
35000000	163000000	473.07022
36000000	163000000	336.98358
37000000	163000000	585.87976
38000000	163000000	412.66898
39000000	163000000	341.9557
40000000	163000000	302.46796
41000000	163000000	479.73898
42000000	163000000	529.10364
43000000	163000000	390.3363
44000000	163000000	469.84903
45000000	163000000	419.53214
46000000	163000000	398.58145
47000000	163000000	938.02734
48000000	163000000	1472.488
49000000	163000000	1838.7661
50000000	163000000	1772.1785
51000000	163000000	756.57477
52000000	163000000	452.15085
53000000	163000000	525.82117
54000000	163000000	620.32916
55000000	163000000	710.36017
56000000	163000000	1031.0741
57000000	163000000	1190.4943
58000000	163000000	1161.763
59000000	163000000	686.9123
60000000	163000000	1164.8483
61000000	163000000	1349.2665
62000000	163000000	1003.0893
63000000	163000000	822.6869
64000000	163000000	982.40674
65000000	163000000	955.97174
66000000	163000000	772.9767
67000000	163000000	740.4709
68000000	163000000	1043.756
69000000	163000000	1429.791
70000000	163000000	979.7861
71000000	163000000	1125.6184
72000000	163000000	1196.7826
73000000	163000000	1232.7084
74000000	163000000	1091.1857
75000000	163000000	1094.7482
76000000	163000000	1019.0293
77000000	163000000	1016.81055
78000000	163000000	789.29034
79000000	163000000	925.6054
80000000	163000000	1151.1537
81000000	163000000	1073.1361
82000000	163000000	1067.8562
83000000	163000000	1177.0624
84000000	163000000	1037.9966
85000000	163000000	843.2817
86000000	163000000	1236.7994
87000000	163000000	939.173
88000000	163000000	1219.5876
89000000	163000000	923.6541
90000000	163000000	1047.4873
91000000	163000000	1303.3903
92000000	163000000	1052.0441
93000000	163000000	831.6923
94000000	163000000	1396.6743
95000000	163000000	1939.2374
96000000	163000000	2389.7942
97000000	163000000	1508.9575
98000000	163000000	1555.2958
99000000	163000000	1760.2291
100000000	163000000	951.1682
101000000	163000000	865.2089
102000000	163000000	1613.9254
103000000	163000000	1725.27
104000000	163000000	1771.0409
105000000	163000000	1685.4896
106000000	163000000	2101.9875
107000000	163000000	1857.7853
108000000	163000000	1506.2921
109000000	163000000	879.515
110000000	163000000	737.52216
111000000	163000000	792.03284
112000000	163000000	1349.8091
113000000	163000000	1236.4396
114000000	163000000	1422.1008
115000000	163000000	2011.993
116000000	163000000	2003.458
117000000	163000000	1441.4802
118000000	163000000	2748.1099
119000000	163000000	3159.8176
120000000	163000000	2710.4133
121000000	163000000	9776.17
142000000	163000000	463.3197
143000000	163000000	4056.0781
144000000	163000000	3114.7686
145000000	163000000	3015.5923
146000000	163000000	5361.9165
147000000	163000000	4918.1475
148000000	163000000	7981.7485
149000000	163000000	6331.7295
150000000	163000000	1564.6108
151000000	163000000	2687.98
152000000	163000000	7958.997
153000000	163000000	3879.4822
154000000	163000000	2336.2932
155000000	163000000	1683.237
156000000	163000000	2518.6238
157000000	163000000	6652.4478
158000000	163000000	11532.109
159000000	163000000	15813.303
160000000	163000000	7042.0938
161000000	163000000	15279.78
162000000	163000000	111781.84
163000000	163000000	508982.38
0	164000000	192.61156
1000000	164000000	289.9506
2000000	164000000	637.2258
3000000	164000000	668.0957
4000000	164000000	1382.4451
5000000	164000000	1423.1217
6000000	164000000	449.42764
7000000	164000000	723.41705
8000000	164000000	309.55457
9000000	164000000	231.26227
10000000	164000000	286.65332
11000000	164000000	317.6539
12000000	164000000	495.0661
13000000	164000000	703.2521
14000000	164000000	1036.846
15000000	164000000	573.3165
16000000	164000000	309.7178
17000000	164000000	427.58817
18000000	164000000	707.764
19000000	164000000	427.6743
20000000	164000000	423.253
21000000	164000000	253.34831
22000000	164000000	312.78937
23000000	164000000	314.80203
24000000	164000000	341.4301
25000000	164000000	287.4107
26000000	164000000	251.21039
27000000	164000000	233.0835
28000000	164000000	233.02167
29000000	164000000	427.3656
30000000	164000000	773.08624
31000000	164000000	354.76462
32000000	164000000	234.84297
33000000	164000000	329.6624
34000000	164000000	963.985
35000000	164000000	426.75183
36000000	164000000	298.05682
37000000	164000000	562.64496
38000000	164000000	299.71207
39000000	164000000	339.61823
40000000	164000000	223.90344
41000000	164000000	412.0975
42000000	164000000	411.54413
43000000	164000000	339.50824
44000000	164000000	395.0369
45000000	164000000	361.3153
46000000	164000000	363.48718
47000000	164000000	856.0119
48000000	164000000	1498.8876
49000000	164000000	2245.6123
50000000	164000000	2183.5813
51000000	164000000	645.91736
52000000	164000000	331.33862
53000000	164000000	414.582
54000000	164000000	459.1059
55000000	164000000	632.7008
56000000	164000000	1133.9487
57000000	164000000	1327.9935
58000000	164000000	1195.2172
59000000	164000000	554.19183
60000000	164000000	1233.7412
61000000	164000000	1440.5166
62000000	164000000	938.6108
63000000	164000000	774.5565
64000000	164000000	949.70874
65000000	164000000	825.5874
66000000	164000000	727.0628
67000000	164000000	669.9733
68000000	164000000	997.1241
69000000	164000000	1643.0471
70000000	164000000	897.52155
71000000	164000000	1208.3705
72000000	164000000	1280.6014
73000000	164000000	1306.4661
74000000	164000000	1172.3358
75000000	164000000	1014.789
76000000	164000000	922.1415
77000000	164000000	979.40393
78000000	164000000	654.61475
79000000	164000000	839.39575
80000000	164000000	1090.8289
81000000	164000000	1064.0115
82000000	164000000	1046.9547
83000000	164000000	1091.2845
84000000	164000000	896.3372
85000000	164000000	821.1024
86000000	164000000	1154.9781
87000000	164000000	870.7707
88000000	164000000	1278.2312
89000000	164000000	744.24255
90000000	164000000	869.1015
91000000	164000000	1300.0415
92000000	164000000	935.8024
93000000	164000000	626.8524
94000000	164000000	1256.7285
95000000	164000000	1967.5083
96000000	164000000	3080.577
97000000	164000000	1421.759
98000000	164000000	1482.607
99000000	164000000	1617.3607
100000000	164000000	664.7765
101000000	164000000	735.421
102000000	164000000	1497.0923
103000000	164000000	1751.036
104000000	164000000	1836.8279
105000000	164000000	1763.8153
106000000	164000000	2216.9736
107000000	164000000	1743.494
108000000	164000000	1255.7604
109000000	164000000	684.545
110000000	164000000	610.2078
111000000	164000000	674.39526
112000000	164000000	1308.3536
113000000	164000000	1058.9285
114000000	164000000	1289.1422
115000000	164000000	1886.0631
116000000	164000000	1882.6725
117000000	164000000	1251.8447
118000000	164000000	2662.032
119000000	164000000	3230.0706
120000000	164000000	2585.6875
121000000	164000000	12563.436
142000000	164000000	389.80347
143000000	164000000	4404.819
144000000	164000000	2415.9097
145000000	164000000	2369.57
146000000	164000000	5087.6763
147000000	164000000	4814.294
148000000	164000000	7917.1226
149000000	164000000	6908.0854
150000000	164000000	1190.6619
151000000	164000000	2121.7935
152000000	164000000	7965.9263
153000000	164000000	3409.3308
154000000	164000000	1805.0118
155000000	164000000	1386.1641
156000000	164000000	2091.418
157000000	164000000	6012.281
158000000	164000000	10250.926
159000000	164000000	13622.5205
160000000	164000000	4433.9243
161000000	164000000	8020.68
162000000	164000000	37975.82
163000000	164000000	192501.48
164000000	164000000	569845.0
0	165000000	312.0131
1000000	165000000	492.53622
2000000	165000000	549.17926
3000000	165000000	594.0446
4000000	165000000	760.80457
5000000	165000000	867.6696
6000000	165000000	747.1904
7000000	165000000	796.3316
8000000	165000000	524.66583
9000000	165000000	426.52457
10000000	165000000	470.8966
11000000	165000000	477.29825
12000000	165000000	679.0416
13000000	165000000	590.3773
14000000	165000000	760.93427
15000000	165000000	689.3386
16000000	165000000	559.6535
17000000	165000000	602.6373
18000000	165000000	683.4978
19000000	165000000	586.9436
20000000	165000000	578.31433
21000000	165000000	454.07825
22000000	165000000	412.05606
23000000	165000000	448.9619
24000000	165000000	485.51474
25000000	165000000	524.9912
26000000	165000000	453.1775
27000000	165000000	398.24307
28000000	165000000	441.86646
29000000	165000000	514.1806
30000000	165000000	694.64575
31000000	165000000	535.5631
32000000	165000000	457.9692
33000000	165000000	539.2739
34000000	165000000	835.1267
35000000	165000000	632.11896
36000000	165000000	519.20276
37000000	165000000	653.28406
38000000	165000000	538.83344
39000000	165000000	498.2961
40000000	165000000	478.9523
41000000	165000000	622.8608
42000000	165000000	661.6896
43000000	165000000	494.00894
44000000	165000000	637.5451
45000000	165000000	632.9903
46000000	165000000	676.62476
47000000	165000000	1223.1145
48000000	165000000	1375.0504
49000000	165000000	1248.4764
50000000	165000000	1315.3446
51000000	165000000	989.9281
52000000	165000000	754.7057
53000000	165000000	755.27924
54000000	165000000	799.045
55000000	165000000	853.6294
56000000	165000000	1082.8241
57000000	165000000	1031.5546
58000000	165000000	1061.9098
59000000	165000000	877.1078
60000000	165000000	944.2864
61000000	165000000	1129.6721
62000000	165000000	1126.421
63000000	165000000	1035.2266
64000000	165000000	1080.0516
65000000	165000000	1042.2876
66000000	165000000	835.0798
67000000	165000000	902.1358
68000000	165000000	1031.2539
69000000	165000000	996.9024
70000000	165000000	1020.4329
71000000	165000000	977.4815
72000000	165000000	909.28284
73000000	165000000	948.37524
74000000	165000000	905.7114
75000000	165000000	960.6628
76000000	165000000	967.0947
77000000	165000000	927.17725
78000000	165000000	893.43225
79000000	165000000	813.1112
80000000	165000000	809.3995
81000000	165000000	803.4328
82000000	165000000	894.58325
83000000	165000000	807.4886
84000000	165000000	958.80426
85000000	165000000	1155.6124
86000000	165000000	1090.9026
87000000	165000000	1115.6328
88000000	165000000	1073.8317
89000000	165000000	1071.1057
90000000	165000000	1174.5746
91000000	165000000	1139.6267
92000000	165000000	1118.8546
93000000	165000000	1121.1388
94000000	165000000	1529.0747
95000000	165000000	1710.8129
96000000	165000000	1288.5419
97000000	165000000	1296.2388
98000000	165000000	1234.4772
99000000	165000000	1259.6044
100000000	165000000	1240.1558
101000000	165000000	1168.045
102000000	165000000	1361.6597
103000000	165000000	1273.4637
104000000	165000000	1380.8451
105000000	165000000	1289.4194
106000000	165000000	1311.2549
107000000	165000000	1568.0121
108000000	165000000	1557.6442
109000000	165000000	1376.2632
110000000	165000000	1090.8196
111000000	165000000	1092.3978
112000000	165000000	1464.8822
113000000	165000000	1482.3136
114000000	165000000	1592.0781
115000000	165000000	2038.7268
116000000	165000000	2075.3267
117000000	165000000	1878.4497
118000000	165000000	2400.406
119000000	165000000	2690.222
120000000	165000000	2905.0076
121000000	165000000	5130.2007
142000000	165000000	222.77563
143000000	165000000	3344.9233
144000000	165000000	3406.0542
145000000	165000000	3774.2966
146000000	165000000	4667.9204
147000000	165000000	4676.0337
148000000	165000000	7145.539
149000000	165000000	5166.159
150000000	165000000	2122.128
151000000	165000000	3379.4841
152000000	165000000	6612.5625
153000000	165000000	4186.458
154000000	165000000	2737.1206
155000000	165000000	2013.627
156000000	165000000	3206.4272
157000000	165000000	6697.9263
158000000	165000000	8436.59
159000000	165000000	11758.2295
160000000	165000000	7228.8906
161000000	165000000	11417.603
162000000	165000000	30828.22
163000000	165000000	52566.285
164000000	165000000	77572.11
165000000	165000000	533745.1
0	166000000	246.6528
1000000	166000000	386.06796
2000000	166000000	509.52332
3000000	166000000	576.3337
4000000	166000000	690.04456
5000000	166000000	755.0675
6000000	166000000	662.1147
7000000	166000000	703.3029
8000000	166000000	519.1052
9000000	166000000	441.1193
10000000	166000000	400.91397
11000000	166000000	439.81976
12000000	166000000	621.30585
13000000	166000000	512.44696
14000000	166000000	804.4453
15000000	166000000	663.8706
16000000	166000000	483.38257
17000000	166000000	584.35657
18000000	166000000	671.2607
19000000	166000000	550.6822
20000000	166000000	612.79315
21000000	166000000	395.53027
22000000	166000000	460.74362
23000000	166000000	454.76218
24000000	166000000	473.00803
25000000	166000000	530.7543
26000000	166000000	414.1774
27000000	166000000	379.8958
28000000	166000000	357.53094
29000000	166000000	514.2139
30000000	166000000	642.8934
31000000	166000000	498.6681
32000000	166000000	396.7371
33000000	166000000	510.29504
34000000	166000000	850.9817
35000000	166000000	645.8048
36000000	166000000	466.7027
37000000	166000000	669.33624
38000000	166000000	567.17816
39000000	166000000	490.74304
40000000	166000000	444.9285
41000000	166000000	711.2612
42000000	166000000	711.64215
43000000	166000000	543.9885
44000000	166000000	620.1745
45000000	166000000	628.08905
46000000	166000000	617.1492
47000000	166000000	1147.6827
48000000	166000000	1234.7769
49000000	166000000	1211.3293
50000000	166000000	1252.6014
51000000	166000000	924.23016
52000000	166000000	739.2913
53000000	166000000	731.1525
54000000	166000000	764.00244
55000000	166000000	863.8573
56000000	166000000	981.621
57000000	166000000	1008.61444
58000000	166000000	1057.2448
59000000	166000000	852.3425
60000000	166000000	956.47864
61000000	166000000	1041.3951
62000000	166000000	1057.7494
63000000	166000000	1018.37195
64000000	166000000	1025.381
65000000	166000000	978.9037
66000000	166000000	908.40405
67000000	166000000	897.7944
68000000	166000000	1007.20715
69000000	166000000	1113.4617
70000000	166000000	1023.3337
71000000	166000000	1138.7379
72000000	166000000	1076.4995
73000000	166000000	1035.9158
74000000	166000000	1020.1332
75000000	166000000	1052.7672
76000000	166000000	1031.1766
77000000	166000000	952.892
78000000	166000000	856.07007
79000000	166000000	933.05145
80000000	166000000	953.4175
81000000	166000000	982.0331
82000000	166000000	937.1328
83000000	166000000	975.8578
84000000	166000000	956.42163
85000000	166000000	1051.7135
86000000	166000000	1186.5734
87000000	166000000	1049.1063
88000000	166000000	1201.7932
89000000	166000000	1037.1143
90000000	166000000	1069.3652
91000000	166000000	1217.9291
92000000	166000000	1181.7548
93000000	166000000	1042.2415
94000000	166000000	1517.513
95000000	166000000	1591.1941
96000000	166000000	1416.837
97000000	166000000	1367.7037
98000000	166000000	1264.0789
99000000	166000000	1496.5017
100000000	166000000	1072.7975
101000000	166000000	1093.6533
102000000	166000000	1518.5254
103000000	166000000	1348.1649
104000000	166000000	1522.062
105000000	166000000	1443.6396
106000000	166000000	1675.6992
107000000	166000000	1679.2169
108000000	166000000	1522.9543
109000000	166000000	1317.3745
110000000	166000000	1069.4794
111000000	166000000	1136.012
112000000	166000000	1546.735
113000000	166000000	1409.7921
114000000	166000000	1588.4418
115000000	166000000	1936.1875
116000000	166000000	1925.0057
117000000	166000000	1711.2657
118000000	166000000	2338.347
119000000	166000000	2492.281
120000000	166000000	2488.097
121000000	166000000	5372.048
142000000	166000000	240.95009
143000000	166000000	2810.6663
144000000	166000000	3092.294
145000000	166000000	3303.0938
146000000	166000000	4712.3643
147000000	166000000	4717.6807
148000000	166000000	5542.7847
149000000	166000000	4230.847
150000000	166000000	1713.4478
151000000	166000000	2949.9783
152000000	166000000	6578.2437
153000000	166000000	3902.6465
154000000	166000000	2394.2668
155000000	166000000	1765.7195
156000000	166000000	2741.7979
157000000	166000000	6110.342
158000000	166000000	8299.566
159000000	166000000	10257.478
160000000	166000000	5340.433
161000000	166000000	8117.0103
162000000	166000000	20480.738
163000000	166000000	29412.51
164000000	166000000	37226.11
165000000	166000000	158185.25
166000000	166000000	526177.5
0	167000000	482.35233
1000000	167000000	780.5774
2000000	167000000	488.39774
3000000	167000000	464.27924
4000000	167000000	331.9067
5000000	167000000	368.83386
6000000	167000000	900.52185
7000000	167000000	611.54504
8000000	167000000	1099.8452
9000000	167000000	973.9162
10000000	167000000	797.79517
11000000	167000000	751.11017
12000000	167000000	814.17596
13000000	167000000	388.18576
14000000	167000000	570.8933
15000000	167000000	771.891
16000000	167000000	1006.96075
17000000	167000000	705.9077
18000000	167000000	433.998
19000000	167000000	735.6366
20000000	167000000	617.9621
21000000	167000000	841.05457
22000000	167000000	675.0379
23000000	167000000	769.27686
24000000	167000000	884.4412
25000000	167000000	893.8021
26000000	167000000	937.4207
27000000	167000000	910.037
28000000	167000000	960.51935
29000000	167000000	679.1314
30000000	167000000	468.89938
31000000	167000000	780.61914
32000000	167000000	1021.72
33000000	167000000	910.1102
34000000	167000000	548.46625
35000000	167000000	856.7423
36000000	167000000	993.4655
37000000	167000000	578.97235
38000000	167000000	795.9452
39000000	167000000	825.5188
40000000	167000000	1134.5461
41000000	167000000	1157.5558
42000000	167000000	1113.2747
43000000	167000000	935.9013
44000000	167000000	948.03394
45000000	167000000	1197.8168
46000000	167000000	1463.2567
47000000	167000000	1182.2957
48000000	167000000	734.6977
49000000	167000000	573.43475
50000000	167000000	598.38165
51000000	167000000	1573.3593
52000000	167000000	1649.687
53000000	167000000	1338.9728
54000000	167000000	1291.3705
55000000	167000000	1173.0386
56000000	167000000	823.0531
57000000	167000000	665.304
58000000	167000000	677.44366
59000000	167000000	1309.633
60000000	167000000	733.4122
61000000	167000000	660.3082
62000000	167000000	1059.142
63000000	167000000	1287.4777
64000000	167000000	863.11334
65000000	167000000	1030.1456
66000000	167000000	950.3571
67000000	167000000	1222.0946
68000000	167000000	860.2372
69000000	167000000	529.3338
70000000	167000000	1057.9559
71000000	167000000	636.01324
72000000	167000000	605.8664
73000000	167000000	562.93585
74000000	167000000	661.0887
75000000	167000000	772.6191
76000000	167000000	891.21967
77000000	167000000	679.3323
78000000	167000000	1287.8611
79000000	167000000	696.68933
80000000	167000000	684.27734
81000000	167000000	615.5229
82000000	167000000	781.3282
83000000	167000000	626.1155
84000000	167000000	929.09503
85000000	167000000	1469.8036
86000000	167000000	1066.5093
87000000	167000000	1318.503
88000000	167000000	815.0958
89000000	167000000	1570.8647
90000000	167000000	1480.2648
91000000	167000000	1102.3501
92000000	167000000	1382.8041
93000000	167000000	2069.389
94000000	167000000	1587.516
95000000	167000000	1091.335
96000000	167000000	595.79816
97000000	167000000	1070.9562
98000000	167000000	1028.7195
99000000	167000000	851.35767
100000000	167000000	2004.6132
101000000	167000000	1800.9875
102000000	167000000	768.286
103000000	167000000	809.9211
104000000	167000000	944.69507
105000000	167000000	970.1458
106000000	167000000	722.48425
107000000	167000000	1040.2428
108000000	167000000	1610.7423
109000000	167000000	2599.319
110000000	167000000	2070.6357
111000000	167000000	2024.4747
112000000	167000000	1723.1602
113000000	167000000	1863.0535
114000000	167000000	1753.3547
115000000	167000000	1513.5812
116000000	167000000	1698.8833
117000000	167000000	2509.3438
118000000	167000000	1696.6215
119000000	167000000	1767.5275
120000000	167000000	1977.7466
121000000	167000000	2393.927
142000000	167000000	101.70713
143000000	167000000	1611.1696
144000000	167000000	3522.5215
145000000	167000000	5494.927
146000000	167000000	3310.4236
147000000	167000000	3524.2822
148000000	167000000	4213.712
149000000	167000000	3410.121
150000000	167000000	4372.37
151000000	167000000	5078.9795
152000000	167000000	3704.848
153000000	167000000	4461.643
154000000	167000000	3983.7058
155000000	167000000	3827.7961
156000000	167000000	5258.519
157000000	167000000	6542.202
158000000	167000000	5839.177
159000000	167000000	6410.702
160000000	167000000	9550.438
161000000	167000000	13890.7
162000000	167000000	14756.874
163000000	167000000	10640.535
164000000	167000000	9700.073
165000000	167000000	34888.285
166000000	167000000	109307.445
167000000	167000000	598938.56
0	168000000	400.58838
1000000	168000000	554.03894
2000000	168000000	393.4532
3000000	168000000	405.9279
4000000	168000000	358.4243
5000000	168000000	385.8872
6000000	168000000	706.1552
7000000	168000000	642.1648
8000000	168000000	884.257
9000000	168000000	770.3517
10000000	168000000	696.8856
11000000	168000000	643.15967
12000000	168000000	676.6926
13000000	168000000	434.37695
14000000	168000000	625.8573
15000000	168000000	693.78766
16000000	168000000	743.8497
17000000	168000000	600.3013
18000000	168000000	499.05487
19000000	168000000	638.8466
20000000	168000000	640.2384
21000000	168000000	713.93365
22000000	168000000	598.453
23000000	168000000	720.6798
24000000	168000000	820.8953
25000000	168000000	846.11414
26000000	168000000	726.7428
27000000	168000000	712.6032
28000000	168000000	711.31506
29000000	168000000	558.77686
30000000	168000000	512.0282
31000000	168000000	659.3984
32000000	168000000	698.79803
33000000	168000000	774.08875
34000000	168000000	633.48334
35000000	168000000	684.1828
36000000	168000000	802.90424
37000000	168000000	601.7851
38000000	168000000	787.08826
39000000	168000000	769.2383
40000000	168000000	934.2113
41000000	168000000	1104.5718
42000000	168000000	1109.0579
43000000	168000000	906.5978
44000000	168000000	861.1261
45000000	168000000	1086.2388
46000000	168000000	1169.175
47000000	168000000	972.53296
48000000	168000000	665.39136
49000000	168000000	614.2889
50000000	168000000	650.17566
51000000	168000000	1251.7689
52000000	168000000	1298.7107
53000000	168000000	1196.5355
54000000	168000000	1123.936
55000000	168000000	963.2579
56000000	168000000	876.3259
57000000	168000000	692.56396
58000000	168000000	709.7643
59000000	168000000	1062.2783
60000000	168000000	693.02527
61000000	168000000	616.9424
62000000	168000000	905.8446
63000000	168000000	1099.1908
64000000	168000000	824.56665
65000000	168000000	876.5194
66000000	168000000	802.6094
67000000	168000000	1005.4533
68000000	168000000	716.5378
69000000	168000000	516.9195
70000000	168000000	815.0526
71000000	168000000	567.47705
72000000	168000000	591.1553
73000000	168000000	614.4306
74000000	168000000	574.31525
75000000	168000000	691.7852
76000000	168000000	740.18085
77000000	168000000	726.75775
78000000	168000000	931.7565
79000000	168000000	585.14484
80000000	168000000	610.022
81000000	168000000	533.5024
82000000	168000000	699.273
83000000	168000000	600.3245
84000000	168000000	775.31915
85000000	168000000	1081.8806
86000000	168000000	956.2057
87000000	168000000	1076.461
88000000	168000000	822.9917
89000000	168000000	1271.1558
90000000	168000000	1276.62
91000000	168000000	1131.9393
92000000	168000000	1235.6906
93000000	168000000	1611.5316
94000000	168000000	1386.0526
95000000	168000000	963.018
96000000	168000000	612.1086
97000000	168000000	912.974
98000000	168000000	887.1553
99000000	168000000	747.66925
100000000	168000000	1440.6188
101000000	168000000	1387.4413
102000000	168000000	795.53784
103000000	168000000	696.0298
104000000	168000000	805.80994
105000000	168000000	959.9108
106000000	168000000	770.51794
107000000	168000000	959.6186
108000000	168000000	1269.8263
109000000	168000000	1956.865
110000000	168000000	1687.7902
111000000	168000000	1836.4266
112000000	168000000	1549.5332
113000000	168000000	1538.1266
114000000	168000000	1524.1028
115000000	168000000	1414.6514
116000000	168000000	1611.0986
117000000	168000000	1992.3854
118000000	168000000	1584.8167
119000000	168000000	1659.2582
120000000	168000000	1694.7246
121000000	168000000	2639.3027
142000000	168000000	117.10153
143000000	168000000	1885.9536
144000000	168000000	2818.094
145000000	168000000	4013.5364
146000000	168000000	3310.0664
147000000	168000000	3167.427
148000000	168000000	2972.9954
149000000	168000000	2968.6445
150000000	168000000	3103.178
151000000	168000000	3715.5159
152000000	168000000	4124.923
153000000	168000000	3674.1523
154000000	168000000	3328.495
155000000	168000000	2819.5098
156000000	168000000	3824.8516
157000000	168000000	5820.865
158000000	168000000	5363.67
159000000	168000000	5832.048
160000000	168000000	6685.943
161000000	168000000	8382.202
162000000	168000000	10350.437
163000000	168000000	8395.476
164000000	168000000	8657.609
165000000	168000000	15273.891
166000000	168000000	22854.01
167000000	168000000	93252.61
168000000	168000000	546231.4
0	169000000	379.60074
1000000	169000000	523.97687
2000000	169000000	383.35532
3000000	169000000	406.64923
4000000	169000000	317.573
5000000	169000000	360.1099
6000000	169000000	671.12225
7000000	169000000	492.18414
8000000	169000000	780.8302
9000000	169000000	678.77136
10000000	169000000	623.8044
11000000	169000000	573.7458
12000000	169000000	663.94495
13000000	169000000	319.3166
14000000	169000000	513.0769
15000000	169000000	578.3653
16000000	169000000	711.9915
17000000	169000000	536.6614
18000000	169000000	392.5995
19000000	169000000	596.9998
20000000	169000000	577.58875
21000000	169000000	645.5379
22000000	169000000	537.9532
23000000	169000000	583.98944
24000000	169000000	659.5198
25000000	169000000	811.9336
26000000	169000000	644.5677
27000000	169000000	649.04065
28000000	169000000	680.6711
29000000	169000000	518.57513
30000000	169000000	427.7458
31000000	169000000	577.7404
32000000	169000000	648.41156
33000000	169000000	708.285
34000000	169000000	503.5154
35000000	169000000	671.417
36000000	169000000	704.7146
37000000	169000000	487.24338
38000000	169000000	646.1254
39000000	169000000	644.9424
40000000	169000000	826.86414
41000000	169000000	1005.9306
42000000	169000000	985.48285
43000000	169000000	730.62134
44000000	169000000	775.9474
45000000	169000000	968.5403
46000000	169000000	1040.6609
47000000	169000000	924.57825
48000000	169000000	633.42145
49000000	169000000	519.9756
50000000	169000000	604.862
51000000	169000000	1112.679
52000000	169000000	1114.6143
53000000	169000000	1035.202
54000000	169000000	984.97906
55000000	169000000	866.22815
56000000	169000000	762.67834
57000000	169000000	575.56146
58000000	169000000	675.2158
59000000	169000000	997.59705
60000000	169000000	670.6274
61000000	169000000	560.73584
62000000	169000000	889.7951
63000000	169000000	1064.1473
64000000	169000000	762.3521
65000000	169000000	845.8175
66000000	169000000	823.00616
67000000	169000000	968.837
68000000	169000000	706.5984
69000000	169000000	546.07324
70000000	169000000	884.172
71000000	169000000	668.4507
72000000	169000000	725.4767
73000000	169000000	578.6484
74000000	169000000	612.89105
75000000	169000000	725.1019
76000000	169000000	751.17
77000000	169000000	689.11395
78000000	169000000	1024.0161
79000000	169000000	668.45435
80000000	169000000	668.83167
81000000	169000000	657.7975
82000000	169000000	727.755
83000000	169000000	588.4556
84000000	169000000	817.11017
85000000	169000000	1069.1508
86000000	169000000	920.0978
87000000	169000000	1125.4333
88000000	169000000	820.66486
89000000	169000000	1247.4999
90000000	169000000	1236.4039
91000000	169000000	1001.3668
92000000	169000000	1149.7484
93000000	169000000	1479.0021
94000000	169000000	1256.8647
95000000	169000000	966.0616
96000000	169000000	639.21124
97000000	169000000	1022.12067
98000000	169000000	961.4655
99000000	169000000	802.8235
100000000	169000000	1472.5415
101000000	169000000	1369.7085
102000000	169000000	802.9239
103000000	169000000	768.3761
104000000	169000000	963.52747
105000000	169000000	959.91095
106000000	169000000	778.8255
107000000	169000000	967.879
108000000	169000000	1242.7881
109000000	169000000	1774.919
110000000	169000000	1445.8918
111000000	169000000	1512.5107
112000000	169000000	1355.3698
113000000	169000000	1443.4734
114000000	169000000	1369.5557
115000000	169000000	1295.27
116000000	169000000	1391.5542
117000000	169000000	1853.8407
118000000	169000000	1416.5596
119000000	169000000	1527.575
120000000	169000000	1553.99
121000000	169000000	2323.1736
142000000	169000000	147.95511
143000000	169000000	1937.5381
144000000	169000000	2690.716
145000000	169000000	3633.4993
146000000	169000000	2882.1555
147000000	169000000	2882.0198
148000000	169000000	3625.9275
149000000	169000000	2625.8047
150000000	169000000	2709.8826
151000000	169000000	3220.5957
152000000	169000000	3532.321
153000000	169000000	3373.734
154000000	169000000	2968.5725
155000000	169000000	2544.6821
156000000	169000000	3443.0552
157000000	169000000	4921.9673
158000000	169000000	5019.6484
159000000	169000000	5385.6484
160000000	169000000	6216.6377
161000000	169000000	7296.776
162000000	169000000	8994.592
163000000	169000000	7643.832
164000000	169000000	7246.1626
165000000	169000000	12631.71
166000000	169000000	16765.055
167000000	169000000	34873.984
168000000	169000000	218245.75
169000000	169000000	515117.62
0	170000000	334.60895
1000000	170000000	369.49506
2000000	170000000	386.344
3000000	170000000	364.99136
4000000	170000000	505.34164
5000000	170000000	541.1905
6000000	170000000	485.71747
7000000	170000000	685.9515
8000000	170000000	529.45135
9000000	170000000	468.07266
10000000	170000000	485.23407
11000000	170000000	475.6001
12000000	170000000	554.96674
13000000	170000000	455.58154
14000000	170000000	648.5817
15000000	170000000	627.773
16000000	170000000	472.7854
17000000	170000000	542.5543
18000000	170000000	593.4099
19000000	170000000	539.5765
20000000	170000000	603.0273
21000000	170000000	464.03238
22000000	170000000	461.37848
23000000	170000000	470.77963
24000000	170000000	579.5144
25000000	170000000	562.20337
26000000	170000000	495.20654
27000000	170000000	443.69583
28000000	170000000	429.32016
29000000	170000000	493.14972
30000000	170000000	577.2969
31000000	170000000	506.0933
32000000	170000000	478.58618
33000000	170000000	566.0464
34000000	170000000	796.1746
35000000	170000000	572.53735
36000000	170000000	501.69876
37000000	170000000	634.7948
38000000	170000000	578.1811
39000000	170000000	518.7999
40000000	170000000	567.89197
41000000	170000000	777.8151
42000000	170000000	788.50574
43000000	170000000	656.562
44000000	170000000	723.4337
45000000	170000000	706.7424
46000000	170000000	661.3605
47000000	170000000	887.9213
48000000	170000000	885.71173
49000000	170000000	903.3448
50000000	170000000	951.85034
51000000	170000000	797.89404
52000000	170000000	711.8281
53000000	170000000	813.7405
54000000	170000000	784.2493
55000000	170000000	819.9145
56000000	170000000	1056.8135
57000000	170000000	898.6297
58000000	170000000	902.2408
59000000	170000000	766.6322
60000000	170000000	810.57495
61000000	170000000	846.4034
62000000	170000000	921.6293
63000000	170000000	1005.15686
64000000	170000000	928.9647
65000000	170000000	925.5893
66000000	170000000	862.4454
67000000	170000000	823.9434
68000000	170000000	850.21277
69000000	170000000	938.7634
70000000	170000000	963.3039
71000000	170000000	1015.0391
72000000	170000000	1024.1631
73000000	170000000	1021.84863
74000000	170000000	979.30634
75000000	170000000	974.9181
76000000	170000000	946.4809
77000000	170000000	895.7927
78000000	170000000	835.191
79000000	170000000	929.58105
80000000	170000000	941.12646
81000000	170000000	913.3233
82000000	170000000	908.032
83000000	170000000	830.1888
84000000	170000000	876.99756
85000000	170000000	995.0617
86000000	170000000	1110.806
87000000	170000000	991.61554
88000000	170000000	1092.879
89000000	170000000	1055.3912
90000000	170000000	1233.6393
91000000	170000000	1186.6407
92000000	170000000	1114.6334
93000000	170000000	1106.9515
94000000	170000000	1171.5405
95000000	170000000	1125.2528
96000000	170000000	1162.371
97000000	170000000	1165.2733
98000000	170000000	1145.5228
99000000	170000000	1244.4597
100000000	170000000	1019.43115
101000000	170000000	1103.1947
102000000	170000000	1344.6304
103000000	170000000	1310.2148
104000000	170000000	1279.5334
105000000	170000000	1341.3207
106000000	170000000	1354.2046
107000000	170000000	1324.6917
108000000	170000000	1315.1158
109000000	170000000	1202.2281
110000000	170000000	915.80975
111000000	170000000	1186.4568
112000000	170000000	1381.7113
113000000	170000000	1206.1667
114000000	170000000	1332.2023
115000000	170000000	1477.9658
116000000	170000000	1515.5956
117000000	170000000	1472.5803
118000000	170000000	1735.8547
119000000	170000000	1862.3376
120000000	170000000	1627.841
121000000	170000000	4017.3796
142000000	170000000	197.56525
143000000	170000000	1840.9902
144000000	170000000	2344.1116
145000000	170000000	2716.3752
146000000	170000000	3670.903
147000000	170000000	3245.3772
148000000	170000000	3920.974
149000000	170000000	2919.2996
150000000	170000000	1722.6102
151000000	170000000	2512.5352
152000000	170000000	4875.375
153000000	170000000	3192.6965
154000000	170000000	2233.4097
155000000	170000000	1664.9885
156000000	170000000	2286.9385
157000000	170000000	4419.034
158000000	170000000	5961.1973
159000000	170000000	6638.394
160000000	170000000	4076.9158
161000000	170000000	4955.3394
162000000	170000000	8840.464
163000000	170000000	11404.589
164000000	170000000	12104.628
165000000	170000000	13525.61
166000000	170000000	17977.977
167000000	170000000	16227.739
168000000	170000000	34956.54
169000000	170000000	128519.51
170000000	170000000	599147.7
0	171000000	308.5484
1000000	171000000	497.002
2000000	171000000	432.85144
3000000	171000000	447.82733
4000000	171000000	409.2976
5000000	171000000	473.85895
6000000	171000000	672.73566
7000000	171000000	677.4307
8000000	171000000	704.48834
9000000	171000000	599.7866
10000000	171000000	606.1847
11000000	171000000	575.8066
12000000	171000000	639.71515
13000000	171000000	438.51883
14000000	171000000	632.3664
15000000	171000000	646.2001
16000000	171000000	656.73584
17000000	171000000	577.26575
18000000	171000000	583.22595
19000000	171000000	662.7378
20000000	171000000	687.82196
21000000	171000000	641.4012
22000000	171000000	607.9435
23000000	171000000	591.0462
24000000	171000000	679.83746
25000000	171000000	657.39575
26000000	171000000	644.4331
27000000	171000000	570.514
28000000	171000000	601.8342
29000000	171000000	610.66595
30000000	171000000	573.1911
31000000	171000000	620.30505
32000000	171000000	590.6141
33000000	171000000	694.50275
34000000	171000000	756.7835
35000000	171000000	722.4479
36000000	171000000	657.0271
37000000	171000000	724.5566
38000000	171000000	685.182
39000000	171000000	738.53467
40000000	171000000	672.70374
41000000	171000000	941.3651
42000000	171000000	903.86395
43000000	171000000	728.0712
44000000	171000000	881.7669
45000000	171000000	905.24066
46000000	171000000	935.6498
47000000	171000000	1059.3402
48000000	171000000	816.98267
49000000	171000000	790.7459
50000000	171000000	754.76184
51000000	171000000	962.56177
52000000	171000000	1042.9644
53000000	171000000	964.8926
54000000	171000000	998.3552
55000000	171000000	989.0461
56000000	171000000	884.9685
57000000	171000000	787.1588
58000000	171000000	866.39496
59000000	171000000	899.7351
60000000	171000000	782.2037
61000000	171000000	812.0975
62000000	171000000	996.5333
63000000	171000000	1064.5164
64000000	171000000	940.6629
65000000	171000000	955.0281
66000000	171000000	941.42914
67000000	171000000	963.4687
68000000	171000000	896.7438
69000000	171000000	822.3968
70000000	171000000	1088.2336
71000000	171000000	946.3427
72000000	171000000	903.57574
73000000	171000000	800.09125
74000000	171000000	848.4442
75000000	171000000	887.271
76000000	171000000	913.5142
77000000	171000000	882.6633
78000000	171000000	1090.9368
79000000	171000000	808.43787
80000000	171000000	836.04767
81000000	171000000	760.2159
82000000	171000000	775.3147
83000000	171000000	635.05365
84000000	171000000	909.26843
85000000	171000000	1066.432
86000000	171000000	1040.6674
87000000	171000000	1001.837
88000000	171000000	1003.37976
89000000	171000000	1157.1938
90000000	171000000	1103.6038
91000000	171000000	1132.5836
92000000	171000000	1143.0428
93000000	171000000	1299.8936
94000000	171000000	1350.8844
95000000	171000000	1196.3291
96000000	171000000	840.30914
97000000	171000000	1011.9773
98000000	171000000	915.08594
99000000	171000000	1012.9679
100000000	171000000	1214.0306
101000000	171000000	1166.3048
102000000	171000000	1043.2277
103000000	171000000	1079.365
104000000	171000000	990.3399
105000000	171000000	1025.3987
106000000	171000000	1042.1776
107000000	171000000	1183.3563
108000000	171000000	1214.9425
109000000	171000000	1614.1038
110000000	171000000	1296.8281
111000000	171000000	1361.8052
112000000	171000000	1431.4178
113000000	171000000	1462.8138
114000000	171000000	1466.3805
115000000	171000000	1651.9443
116000000	171000000	1595.4806
117000000	171000000	1724.074
118000000	171000000	1699.5381
119000000	171000000	1656.1892
120000000	171000000	1802.167
121000000	171000000	2806.5742
142000000	171000000	262.70694
143000000	171000000	2064.1584
144000000	171000000	2759.1785
145000000	171000000	3292.8967
146000000	171000000	3676.9832
147000000	171000000	3572.2341
148000000	171000000	4127.4673
149000000	171000000	2701.5615
150000000	171000000	2379.5962
151000000	171000000	3120.1885
152000000	171000000	4543.4624
153000000	171000000	3547.8567
154000000	171000000	2748.5168
155000000	171000000	2197.1697
156000000	171000000	2953.7764
157000000	171000000	4893.75
158000000	171000000	5725.8726
159000000	171000000	6378.2803
160000000	171000000	4919.711
161000000	171000000	5767.6855
162000000	171000000	9304.744
163000000	171000000	9244.064
164000000	171000000	9443.853
165000000	171000000	11866.493
166000000	171000000	13869.415
167000000	171000000	15116.657
168000000	171000000	23536.45
169000000	171000000	41340.91
170000000	171000000	105461.414
171000000	171000000	531116.7
0	172000000	391.08972
1000000	172000000	581.1363
2000000	172000000	364.38745
3000000	172000000	373.53607
4000000	172000000	309.07712
5000000	172000000	374.164
6000000	172000000	579.88776
7000000	172000000	530.455
8000000	172000000	811.5181
9000000	172000000	652.37744
10000000	172000000	589.5743
11000000	172000000	569.0309
12000000	172000000	606.50287
13000000	172000000	328.43167
14000000	172000000	572.37213
15000000	172000000	591.8048
16000000	172000000	660.6747
17000000	172000000	478.8045
18000000	172000000	386.10977
19000000	172000000	578.30194
20000000	172000000	595.58136
21000000	172000000	609.0324
22000000	172000000	560.4127
23000000	172000000	585.77075
24000000	172000000	690.23804
25000000	172000000	748.8781
26000000	172000000	646.2887
27000000	172000000	642.5526
28000000	172000000	677.6796
29000000	172000000	508.6432
30000000	172000000	419.8571
31000000	172000000	571.86884
32000000	172000000	587.00616
33000000	172000000	653.5952
34000000	172000000	542.46924
35000000	172000000	638.9007
36000000	172000000	669.80475
37000000	172000000	509.02786
38000000	172000000	648.90436
39000000	172000000	694.3098
40000000	172000000	806.41437
41000000	172000000	928.17114
42000000	172000000	983.7114
43000000	172000000	724.77094
44000000	172000000	804.7388
45000000	172000000	905.61554
46000000	172000000	997.7539
47000000	172000000	842.73505
48000000	172000000	649.8499
49000000	172000000	525.00854
50000000	172000000	569.9774
51000000	172000000	979.30804
52000000	172000000	1041.1593
53000000	172000000	1005.7718
54000000	172000000	896.4932
55000000	172000000	812.167
56000000	172000000	799.70087
57000000	172000000	597.9662
58000000	172000000	643.15027
59000000	172000000	986.6728
60000000	172000000	614.8347
61000000	172000000	595.347
62000000	172000000	796.70544
63000000	172000000	977.5914
64000000	172000000	757.80457
65000000	172000000	858.17474
66000000	172000000	811.46533
67000000	172000000	907.9013
68000000	172000000	734.2708
69000000	172000000	458.55276
70000000	172000000	737.7448
71000000	172000000	569.90106
72000000	172000000	553.18414
73000000	172000000	596.9364
74000000	172000000	602.33124
75000000	172000000	680.6327
76000000	172000000	718.74036
77000000	172000000	649.77167
78000000	172000000	846.6955
79000000	172000000	640.9941
80000000	172000000	543.7452
81000000	172000000	562.66833
82000000	172000000	622.58734
83000000	172000000	481.97144
84000000	172000000	721.3889
85000000	172000000	1028.8634
86000000	172000000	856.4218
87000000	172000000	1075.8824
88000000	172000000	838.88873
89000000	172000000	1155.1895
90000000	172000000	1098.0273
91000000	172000000	861.39764
92000000	172000000	1049.3392
93000000	172000000	1337.1085
94000000	172000000	1133.1389
95000000	172000000	835.7484
96000000	172000000	541.65247
97000000	172000000	806.1868
98000000	172000000	807.7128
99000000	172000000	715.47314
100000000	172000000	1127.4673
101000000	172000000	1190.8143
102000000	172000000	676.675
103000000	172000000	691.88416
104000000	172000000	783.3084
105000000	172000000	833.73413
106000000	172000000	721.0323
107000000	172000000	832.7273
108000000	172000000	1140.6826
109000000	172000000	1558.3685
110000000	172000000	1347.3251
111000000	172000000	1522.1149
112000000	172000000	1299.2046
113000000	172000000	1318.5094
114000000	172000000	1241.5417
115000000	172000000	1176.0842
116000000	172000000	1264.9563
117000000	172000000	1654.5999
118000000	172000000	1273.0753
119000000	172000000	1266.3446
120000000	172000000	1275.3813
121000000	172000000	2177.427
142000000	172000000	136.14256
143000000	172000000	1294.0022
144000000	172000000	2326.3838
145000000	172000000	3088.9102
146000000	172000000	2701.752
147000000	172000000	2661.6926
148000000	172000000	2452.2292
149000000	172000000	2200.854
150000000	172000000	2293.5632
151000000	172000000	2741.9849
152000000	172000000	3286.1355
153000000	172000000	3026.7568
154000000	172000000	2573.7642
155000000	172000000	2147.615
156000000	172000000	2956.8179
157000000	172000000	4707.219
158000000	172000000	4535.461
159000000	172000000	4596.558
160000000	172000000	5039.709
161000000	172000000	5549.186
162000000	172000000	6622.2803
163000000	172000000	5222.562
164000000	172000000	4992.4297
165000000	172000000	6821.858
166000000	172000000	7522.5464
167000000	172000000	11040.164
168000000	172000000	13874.171
169000000	172000000	17054.037
170000000	172000000	22367.008
171000000	172000000	124023.89
172000000	172000000	556609.9
0	173000000	378.03482
1000000	173000000	573.221
2000000	173000000	415.09583
3000000	173000000	413.1622
4000000	173000000	300.81332
5000000	173000000	375.66116
6000000	173000000	638.54987
7000000	173000000	557.59106
8000000	173000000	861.3643
9000000	173000000	723.4476
10000000	173000000	658.1518
11000000	173000000	638.37866
12000000	173000000	617.1257
13000000	173000000	330.4212
14000000	173000000	544.1607
15000000	173000000	621.3378
16000000	173000000	777.726
17000000	173000000	588.75433
18000000	173000000	390.2011
19000000	173000000	633.07855
20000000	173000000	581.2292
21000000	173000000	648.70416
22000000	173000000	572.94855
23000000	173000000	614.4856
24000000	173000000	715.57886
25000000	173000000	735.6043
26000000	173000000	736.8657
27000000	173000000	644.8039
28000000	173000000	707.0885
29000000	173000000	527.3171
30000000	173000000	446.37817
31000000	173000000	636.7885
32000000	173000000	692.1819
33000000	173000000	729.2086
34000000	173000000	549.85876
35000000	173000000	716.2884
36000000	173000000	767.5286
37000000	173000000	533.44574
38000000	173000000	679.7426
39000000	173000000	742.53656
40000000	173000000	856.16235
41000000	173000000	965.0828
42000000	173000000	945.57715
43000000	173000000	812.39215
44000000	173000000	805.59753
45000000	173000000	1022.90393
46000000	173000000	1056.7814
47000000	173000000	878.2006
48000000	173000000	593.5979
49000000	173000000	540.1684
50000000	173000000	549.2168
51000000	173000000	1026.9885
52000000	173000000	1161.5879
53000000	173000000	1081.7357
54000000	173000000	947.3994
55000000	173000000	900.0951
56000000	173000000	745.816
57000000	173000000	589.01135
58000000	173000000	610.2656
59000000	173000000	1052.8875
60000000	173000000	646.7504
61000000	173000000	512.7155
62000000	173000000	864.6999
63000000	173000000	1063.35
64000000	173000000	756.51825
65000000	173000000	813.6423
66000000	173000000	822.53485
67000000	173000000	1033.5027
68000000	173000000	709.8408
69000000	173000000	461.01157
70000000	173000000	765.5385
71000000	173000000	560.11584
72000000	173000000	622.64984
73000000	173000000	565.3628
74000000	173000000	586.4739
75000000	173000000	680.26483
76000000	173000000	739.08246
77000000	173000000	640.9793
78000000	173000000	975.21576
79000000	173000000	593.4593
80000000	173000000	606.44324
81000000	173000000	553.23346
82000000	173000000	629.8572
83000000	173000000	552.54083
84000000	173000000	739.31805
85000000	173000000	1022.8544
86000000	173000000	876.2397
87000000	173000000	909.92267
88000000	173000000	718.922
89000000	173000000	1118.0276
90000000	173000000	1050.4053
91000000	173000000	865.6163
92000000	173000000	1011.7654
93000000	173000000	1306.2557
94000000	173000000	1085.0742
95000000	173000000	761.98645
96000000	173000000	509.2595
97000000	173000000	756.186
98000000	173000000	758.69196
99000000	173000000	650.999
100000000	173000000	1316.9854
101000000	173000000	1193.7596
102000000	173000000	708.2614
103000000	173000000	615.071
104000000	173000000	768.5239
105000000	173000000	819.3867
106000000	173000000	701.8088
107000000	173000000	809.12445
108000000	173000000	1052.3959
109000000	173000000	1717.0454
110000000	173000000	1386.9285
111000000	173000000	1449.3553
112000000	173000000	1211.6
113000000	173000000	1313.7589
114000000	173000000	1213.3116
115000000	173000000	1160.4718
116000000	173000000	1275.9368
117000000	173000000	1554.431
118000000	173000000	1212.952
119000000	173000000	1228.1665
120000000	173000000	1297.412
121000000	173000000	2341.2646
142000000	173000000	196.4597
143000000	173000000	1524.9634
144000000	173000000	2280.2925
145000000	173000000	3151.7417
146000000	173000000	2549.4617
147000000	173000000	2423.4006
148000000	173000000	2349.6038
149000000	173000000	2196.8757
150000000	173000000	2576.306
151000000	173000000	3006.1865
152000000	173000000	2918.6614
153000000	173000000	2934.5234
154000000	173000000	2593.8108
155000000	173000000	2370.4453
156000000	173000000	2975.7666
157000000	173000000	4416.1094
158000000	173000000	4019.8086
159000000	173000000	4313.307
160000000	173000000	4917.2983
161000000	173000000	5537.9175
162000000	173000000	5941.451
163000000	173000000	4813.5215
164000000	173000000	4454.3086
165000000	173000000	6132.4204
166000000	173000000	6365.871
167000000	173000000	9410.99
168000000	173000000	10750.939
169000000	173000000	12455.943
170000000	173000000	14070.663
171000000	173000000	37828.88
172000000	173000000	182218.52
173000000	173000000	566971.4
0	174000000	365.16913
1000000	174000000	505.9302
2000000	174000000	345.1038
3000000	174000000	357.03195
4000000	174000000	321.39053
5000000	174000000	366.2025
6000000	174000000	622.51495
7000000	174000000	552.5909
8000000	174000000	833.0443
9000000	174000000	661.2571
10000000	174000000	701.6212
11000000	174000000	614.81006
12000000	174000000	696.71136
13000000	174000000	365.15894
14000000	174000000	520.8287
15000000	174000000	627.7808
16000000	174000000	723.25134
17000000	174000000	658.27216
18000000	174000000	438.97012
19000000	174000000	563.96747
20000000	174000000	605.72504
21000000	174000000	638.6791
22000000	174000000	525.22534
23000000	174000000	648.6427
24000000	174000000	651.4759
25000000	174000000	668.1319
26000000	174000000	702.67755
27000000	174000000	632.45874
28000000	174000000	708.7559
29000000	174000000	568.8797
30000000	174000000	475.10025
31000000	174000000	561.3323
32000000	174000000	716.9356
33000000	174000000	686.01086
34000000	174000000	543.2718
35000000	174000000	671.5147
36000000	174000000	768.67255
37000000	174000000	597.2621
38000000	174000000	663.6463
39000000	174000000	699.8976
40000000	174000000	853.0912
41000000	174000000	937.1087
42000000	174000000	943.01666
43000000	174000000	724.0325
44000000	174000000	772.3009
45000000	174000000	891.2768
46000000	174000000	1080.2479
47000000	174000000	935.0085
48000000	174000000	695.1682
49000000	174000000	621.6434
50000000	174000000	619.6258
51000000	174000000	1241.5662
52000000	174000000	1280.0889
53000000	174000000	1112.5383
54000000	174000000	1107.9115
55000000	174000000	994.7236
56000000	174000000	826.1196
57000000	174000000	713.11395
58000000	174000000	758.6059
59000000	174000000	1393.358
60000000	174000000	833.51495
61000000	174000000	669.83923
62000000	174000000	1189.5367
63000000	174000000	1393.4958
64000000	174000000	925.2047
65000000	174000000	952.979
66000000	174000000	844.38776
67000000	174000000	1192.4154
68000000	174000000	861.2617
69000000	174000000	629.6771
70000000	174000000	982.2542
71000000	174000000	704.97424
72000000	174000000	670.6895
73000000	174000000	624.80035
74000000	174000000	740.53235
75000000	174000000	856.1305
76000000	174000000	751.6615
77000000	174000000	727.9527
78000000	174000000	1055.624
79000000	174000000	709.8908
80000000	174000000	694.03516
81000000	174000000	670.23303
82000000	174000000	747.935
83000000	174000000	649.32043
84000000	174000000	906.86444
85000000	174000000	1227.5966
86000000	174000000	1071.6671
87000000	174000000	1080.9786
88000000	174000000	793.3829
89000000	174000000	1250.6111
90000000	174000000	1115.5719
91000000	174000000	847.2616
92000000	174000000	1208.3827
93000000	174000000	1449.3397
94000000	174000000	1214.2572
95000000	174000000	995.57074
96000000	174000000	595.98267
97000000	174000000	919.5847
98000000	174000000	857.4563
99000000	174000000	831.7364
100000000	174000000	1436.4541
101000000	174000000	1305.4231
102000000	174000000	802.3885
103000000	174000000	776.0747
104000000	174000000	797.354
105000000	174000000	980.991
106000000	174000000	811.18225
107000000	174000000	1038.8203
108000000	174000000	1215.1304
109000000	174000000	1699.6619
110000000	174000000	1446.9447
111000000	174000000	1291.6593
112000000	174000000	1152.625
113000000	174000000	1335.1908
114000000	174000000	1328.5762
115000000	174000000	1331.5249
116000000	174000000	1309.3583
117000000	174000000	1460.4442
118000000	174000000	1364.4087
119000000	174000000	1424.1941
120000000	174000000	1564.6923
121000000	174000000	2394.7266
142000000	174000000	119.412605
143000000	174000000	1444.5302
144000000	174000000	2295.7534
145000000	174000000	3191.4766
146000000	174000000	2491.0972
147000000	174000000	2585.712
148000000	174000000	2705.953
149000000	174000000	2289.6338
150000000	174000000	2335.2136
151000000	174000000	2877.695
152000000	174000000	3193.1272
153000000	174000000	2677.2551
154000000	174000000	2195.5815
155000000	174000000	2068.4412
156000000	174000000	2654.5295
157000000	174000000	4203.839
158000000	174000000	4033.0745
159000000	174000000	4438.379
160000000	174000000	4210.4404
161000000	174000000	5372.4956
162000000	174000000	6560.252
163000000	174000000	5586.715
164000000	174000000	5161.4863
165000000	174000000	6795.5854
166000000	174000000	6912.0137
167000000	174000000	9251.832
168000000	174000000	10293.448
169000000	174000000	11283.916
170000000	174000000	11752.678
171000000	174000000	24073.7
172000000	174000000	56783.492
173000000	174000000	143407.69
174000000	174000000	585171.4
0	175000000	299.92313
1000000	175000000	444.44067
2000000	175000000	431.82217
3000000	175000000	455.99606
4000000	175000000	529.00916
5000000	175000000	601.36896
6000000	175000000	691.868
7000000	175000000	775.9069
8000000	175000000	599.57227
9000000	175000000	492.0032
10000000	175000000	512.0553
11000000	175000000	544.07446
12000000	175000000	677.7848
13000000	175000000	509.04132
14000000	175000000	677.2489
15000000	175000000	657.1389
16000000	175000000	609.5219
17000000	175000000	651.101
18000000	175000000	693.4621
19000000	175000000	589.61926
20000000	175000000	633.8882
21000000	175000000	478.5292
22000000	175000000	504.73386
23000000	175000000	527.4023
24000000	175000000	577.59534
25000000	175000000	633.35706
26000000	175000000	514.35754
27000000	175000000	450.9494
28000000	175000000	438.52835
29000000	175000000	570.63245
30000000	175000000	663.42316
31000000	175000000	540.7445
32000000	175000000	452.80063
33000000	175000000	563.8093
34000000	175000000	862.1831
35000000	175000000	632.0875
36000000	175000000	531.2112
37000000	175000000	779.2781
38000000	175000000	595.83997
39000000	175000000	591.3587
40000000	175000000	477.51947
41000000	175000000	821.748
42000000	175000000	863.6205
43000000	175000000	586.49084
44000000	175000000	734.9973
45000000	175000000	763.9591
46000000	175000000	810.2032
47000000	175000000	1160.1277
48000000	175000000	1215.4424
49000000	175000000	883.2395
50000000	175000000	913.3493
51000000	175000000	1039.1772
52000000	175000000	804.3336
53000000	175000000	980.54333
54000000	175000000	1042.6031
55000000	175000000	1080.2616
56000000	175000000	1070.6692
57000000	175000000	964.51337
58000000	175000000	1113.9121
59000000	175000000	1073.7927
60000000	175000000	923.1903
61000000	175000000	924.4987
62000000	175000000	1204.4188
63000000	175000000	1195.2833
64000000	175000000	1136.1853
65000000	175000000	977.19
66000000	175000000	786.94617
67000000	175000000	883.6574
68000000	175000000	896.22864
69000000	175000000	673.3997
70000000	175000000	808.5013
71000000	175000000	698.6589
72000000	175000000	707.1434
73000000	175000000	682.6145
74000000	175000000	740.89294
75000000	175000000	746.489
76000000	175000000	770.2037
77000000	175000000	806.05743
78000000	175000000	808.2922
79000000	175000000	632.4191
80000000	175000000	594.35284
81000000	175000000	660.7773
82000000	175000000	729.389
83000000	175000000	603.92285
84000000	175000000	811.6867
85000000	175000000	977.60474
86000000	175000000	992.1258
87000000	175000000	973.7111
88000000	175000000	890.5562
89000000	175000000	1015.92206
90000000	175000000	1034.7225
91000000	175000000	925.19916
92000000	175000000	1042.3856
93000000	175000000	1059.7623
94000000	175000000	1344.0005
95000000	175000000	1232.1508
96000000	175000000	686.8403
97000000	175000000	814.0571
98000000	175000000	830.71674
99000000	175000000	871.505
100000000	175000000	993.7439
101000000	175000000	955.53546
102000000	175000000	856.31793
103000000	175000000	784.84674
104000000	175000000	838.9387
105000000	175000000	825.5328
106000000	175000000	819.8512
107000000	175000000	1078.6158
108000000	175000000	1280.323
109000000	175000000	1321.4735
110000000	175000000	1179.7888
111000000	175000000	1116.1735
112000000	175000000	1422.1666
113000000	175000000	1255.0083
114000000	175000000	1353.953
115000000	175000000	1485.5732
116000000	175000000	1634.9686
117000000	175000000	1532.9729
118000000	175000000	1555.0724
119000000	175000000	1689.8278
120000000	175000000	1897.416
121000000	175000000	3020.799
142000000	175000000	201.27055
143000000	175000000	2028.9692
144000000	175000000	2404.2139
145000000	175000000	2892.3015
146000000	175000000	2994.1436
147000000	175000000	3359.1216
148000000	175000000	3547.3645
149000000	175000000	2671.8801
150000000	175000000	1521.5245
151000000	175000000	2483.2915
152000000	175000000	4650.9414
153000000	175000000	3063.4065
154000000	175000000	1980.0763
155000000	175000000	1399.0831
156000000	175000000	2186.6353
157000000	175000000	4810.423
158000000	175000000	4841.6753
159000000	175000000	5616.235
160000000	175000000	3769.9148
161000000	175000000	4571.7393
162000000	175000000	8359.787
163000000	175000000	7263.9683
164000000	175000000	7286.2695
165000000	175000000	8971.129
166000000	175000000	8827.8
167000000	175000000	7799.9736
168000000	175000000	8695.199
169000000	175000000	9081.939
170000000	175000000	11388.05
171000000	175000000	17917.604
172000000	175000000	22994.408
173000000	175000000	29037.111
174000000	175000000	84981.71
175000000	175000000	556951.75
0	176000000	228.99614
1000000	176000000	340.4009
2000000	176000000	406.58127
3000000	176000000	463.0633
4000000	176000000	564.61707
5000000	176000000	757.5601
6000000	176000000	565.3118
7000000	176000000	753.80194
8000000	176000000	431.80734
9000000	176000000	375.7491
10000000	176000000	404.75555
11000000	176000000	426.65878
12000000	176000000	602.6817
13000000	176000000	671.56934
14000000	176000000	800.1561
15000000	176000000	627.2057
16000000	176000000	420.05283
17000000	176000000	514.9876
18000000	176000000	777.566
19000000	176000000	510.7074
20000000	176000000	558.3942
21000000	176000000	384.00143
22000000	176000000	463.18506
23000000	176000000	422.40598
24000000	176000000	455.7186
25000000	176000000	531.2481
26000000	176000000	391.71487
27000000	176000000	288.69373
28000000	176000000	324.56067
29000000	176000000	523.8181
30000000	176000000	775.1889
31000000	176000000	448.41956
32000000	176000000	355.64944
33000000	176000000	469.15393
34000000	176000000	929.3282
35000000	176000000	536.356
36000000	176000000	390.9992
37000000	176000000	714.5165
38000000	176000000	496.19394
39000000	176000000	451.76947
40000000	176000000	396.58377
41000000	176000000	595.06757
42000000	176000000	732.7288
43000000	176000000	462.22842
44000000	176000000	552.89404
45000000	176000000	571.69543
46000000	176000000	580.52203
47000000	176000000	1002.3835
48000000	176000000	1441.9869
49000000	176000000	1280.083
50000000	176000000	1220.3643
51000000	176000000	802.838
52000000	176000000	593.182
53000000	176000000	692.4323
54000000	176000000	759.6612
55000000	176000000	873.0492
56000000	176000000	1149.8997
57000000	176000000	1268.0903
58000000	176000000	1262.9539
59000000	176000000	843.4039
60000000	176000000	1129.1046
61000000	176000000	1270.7577
62000000	176000000	1134.9335
63000000	176000000	1054.7334
64000000	176000000	1210.4767
65000000	176000000	1080.1215
66000000	176000000	823.53564
67000000	176000000	799.1031
68000000	176000000	972.07074
69000000	176000000	1145.4885
70000000	176000000	942.4379
71000000	176000000	1032.5195
72000000	176000000	984.70715
73000000	176000000	1028.9598
74000000	176000000	932.012
75000000	176000000	834.7894
76000000	176000000	856.45734
77000000	176000000	876.7519
78000000	176000000	741.8703
79000000	176000000	747.2553
80000000	176000000	832.89014
81000000	176000000	834.7413
82000000	176000000	811.3222
83000000	176000000	814.2847
84000000	176000000	798.5579
85000000	176000000	876.30524
86000000	176000000	1044.2261
87000000	176000000	911.71655
88000000	176000000	1077.9758
89000000	176000000	834.8808
90000000	176000000	960.4397
91000000	176000000	995.1604
92000000	176000000	979.2688
93000000	176000000	811.31433
94000000	176000000	1139.2562
95000000	176000000	1297.1459
96000000	176000000	1148.6376
97000000	176000000	1072.1664
98000000	176000000	1111.9282
99000000	176000000	1107.1938
100000000	176000000	804.01404
101000000	176000000	767.05585
102000000	176000000	1119.7418
103000000	176000000	1122.1459
104000000	176000000	1104.8702
105000000	176000000	1136.9738
106000000	176000000	1220.8076
107000000	176000000	1206.844
108000000	176000000	1194.0544
109000000	176000000	941.04016
110000000	176000000	791.8681
111000000	176000000	780.2879
112000000	176000000	1318.4879
113000000	176000000	1069.4745
114000000	176000000	1186.6139
115000000	176000000	1631.0225
116000000	176000000	1620.4281
117000000	176000000	1249.4061
118000000	176000000	1724.211
119000000	176000000	1964.7012
120000000	176000000	1898.2811
121000000	176000000	4095.6438
142000000	176000000	223.13675
143000000	176000000	2191.5564
144000000	176000000	2042.204
145000000	176000000	2176.7236
146000000	176000000	3144.3447
147000000	176000000	3461.8013
148000000	176000000	4719.3037
149000000	176000000	3349.529
150000000	176000000	1096.699
151000000	176000000	1931.9014
152000000	176000000	4875.515
153000000	176000000	2637.599
154000000	176000000	1555.2692
155000000	176000000	1095.8137
156000000	176000000	1589.79
157000000	176000000	3815.6414
158000000	176000000	4953.6445
159000000	176000000	5931.308
160000000	176000000	2784.0366
161000000	176000000	3461.7285
162000000	176000000	7955.382
163000000	176000000	9734.62
164000000	176000000	10798.884
165000000	176000000	10000.587
166000000	176000000	9680.412
167000000	176000000	6181.7827
168000000	176000000	7096.613
169000000	176000000	7347.916
170000000	176000000	12197.036
171000000	176000000	14518.374
172000000	176000000	12786.442
173000000	176000000	14213.021
174000000	176000000	26822.121
175000000	176000000	133256.48
176000000	176000000	506225.2
0	177000000	185.4134
1000000	177000000	247.8709
2000000	177000000	484.40015
3000000	177000000	459.8564
4000000	177000000	845.6095
5000000	177000000	1004.366
6000000	177000000	511.52835
7000000	177000000	886.5482
8000000	177000000	354.83185
9000000	177000000	286.25418
10000000	177000000	399.97955
11000000	177000000	397.01474
12000000	177000000	569.0537
13000000	177000000	790.7425
14000000	177000000	869.15674
15000000	177000000	606.34985
16000000	177000000	370.98328
17000000	177000000	537.7197
18000000	177000000	919.20575
19000000	177000000	473.411
20000000	177000000	532.6178
21000000	177000000	348.24106
22000000	177000000	384.56284
23000000	177000000	340.45773
24000000	177000000	430.46292
25000000	177000000	426.76877
26000000	177000000	322.9728
27000000	177000000	270.80804
28000000	177000000	255.56017
29000000	177000000	506.56744
30000000	177000000	896.7142
31000000	177000000	402.056
32000000	177000000	263.66904
33000000	177000000	377.0719
34000000	177000000	1071.5463
35000000	177000000	514.578
36000000	177000000	309.919
37000000	177000000	785.8753
38000000	177000000	443.8332
39000000	177000000	386.30283
40000000	177000000	317.26648
41000000	177000000	547.837
42000000	177000000	631.58685
43000000	177000000	419.02432
44000000	177000000	549.8626
45000000	177000000	470.7754
46000000	177000000	460.57434
47000000	177000000	947.4939
48000000	177000000	1511.8461
49000000	177000000	1723.2013
50000000	177000000	1608.8904
51000000	177000000	673.3456
52000000	177000000	426.95712
53000000	177000000	591.97174
54000000	177000000	684.3696
55000000	177000000	822.79395
56000000	177000000	1209.9209
57000000	177000000	1466.4646
58000000	177000000	1380.1753
59000000	177000000	654.66315
60000000	177000000	1158.1388
61000000	177000000	1382.776
62000000	177000000	1002.4713
63000000	177000000	924.3289
64000000	177000000	1204.6991
65000000	177000000	977.46515
66000000	177000000	869.4434
67000000	177000000	682.6245
68000000	177000000	931.8597
69000000	177000000	1208.8804
70000000	177000000	825.49603
71000000	177000000	1054.7211
72000000	177000000	1039.1564
73000000	177000000	1076.1091
74000000	177000000	914.3676
75000000	177000000	894.9143
76000000	177000000	766.8861
77000000	177000000	923.00665
78000000	177000000	657.30145
79000000	177000000	693.2537
80000000	177000000	862.1571
81000000	177000000	941.12396
82000000	177000000	834.62744
83000000	177000000	900.0027
84000000	177000000	754.1646
85000000	177000000	722.05505
86000000	177000000	1028.6068
87000000	177000000	771.9045
88000000	177000000	1155.5077
89000000	177000000	759.0014
90000000	177000000	870.2852
91000000	177000000	1075.8356
92000000	177000000	877.72906
93000000	177000000	617.03723
94000000	177000000	1099.6735
95000000	177000000	1435.9762
96000000	177000000	1537.5284
97000000	177000000	1060.5892
98000000	177000000	1062.3279
99000000	177000000	1271.1772
100000000	177000000	631.6998
101000000	177000000	643.8982
102000000	177000000	1106.6316
103000000	177000000	1224.5646
104000000	177000000	1232.4269
105000000	177000000	1120.9387
106000000	177000000	1338.9937
107000000	177000000	1299.4568
108000000	177000000	1065.8636
109000000	177000000	704.6697
110000000	177000000	619.12
111000000	177000000	718.8893
112000000	177000000	1216.9938
113000000	177000000	1020.4183
114000000	177000000	1111.2357
115000000	177000000	1586.4984
116000000	177000000	1617.72
117000000	177000000	1092.709
118000000	177000000	1761.2537
119000000	177000000	2078.6162
120000000	177000000	1777.6218
121000000	177000000	5349.359
142000000	177000000	353.73126
143000000	177000000	1988.3566
144000000	177000000	1959.3951
145000000	177000000	1791.5022
146000000	177000000	3176.4526
147000000	177000000	3188.2456
148000000	177000000	4280.806
149000000	177000000	3586.1858
150000000	177000000	812.60516
151000000	177000000	1542.9233
152000000	177000000	5427.704
153000000	177000000	2410.5127
154000000	177000000	1369.9867
155000000	177000000	785.2053
156000000	177000000	1375.8141
157000000	177000000	3708.601
158000000	177000000	4974.07
159000000	177000000	6328.344
160000000	177000000	2270.4548
161000000	177000000	2730.7927
162000000	177000000	7331.028
163000000	177000000	11156.214
164000000	177000000	13451.524
165000000	177000000	10160.237
166000000	177000000	10084.907
167000000	177000000	4729.096
168000000	177000000	5966.3213
169000000	177000000	5889.4136
170000000	177000000	11074.656
171000000	177000000	11540.576
172000000	177000000	8953.138
173000000	177000000	8996.8545
174000000	177000000	14806.994
175000000	177000000	40688.84
176000000	177000000	133005.08
177000000	177000000	557637.2
0	178000000	268.40112
1000000	178000000	426.35812
2000000	178000000	390.1862
3000000	178000000	415.0803
4000000	178000000	462.57068
5000000	178000000	526.487
6000000	178000000	633.7213
7000000	178000000	645.1091
8000000	178000000	593.4475
9000000	178000000	466.59406
10000000	178000000	491.64777
11000000	178000000	452.83734
12000000	178000000	638.6597
13000000	178000000	500.88083
14000000	178000000	696.7484
15000000	178000000	601.2475
16000000	178000000	550.5576
17000000	178000000	533.72406
18000000	178000000	560.3134
19000000	178000000	566.15265
20000000	178000000	577.30646
21000000	178000000	475.2324
22000000	178000000	481.74515
23000000	178000000	462.845
24000000	178000000	574.3765
25000000	178000000	639.5666
26000000	178000000	465.3272
27000000	178000000	419.18817
28000000	178000000	463.28946
29000000	178000000	531.1545
30000000	178000000	611.91486
31000000	178000000	512.5485
32000000	178000000	428.3341
33000000	178000000	483.88998
34000000	178000000	669.9796
35000000	178000000	595.7697
36000000	178000000	493.90936
37000000	178000000	610.8333
38000000	178000000	521.2784
39000000	178000000	475.92923
40000000	178000000	456.75623
41000000	178000000	744.09656
42000000	178000000	777.1128
43000000	178000000	583.37646
44000000	178000000	616.092
45000000	178000000	660.80646
46000000	178000000	672.0911
47000000	178000000	927.32806
48000000	178000000	1027.8103
49000000	178000000	989.9833
50000000	178000000	1034.487
51000000	178000000	889.72986
52000000	178000000	762.9693
53000000	178000000	818.0423
54000000	178000000	865.69617
55000000	178000000	840.1188
56000000	178000000	969.0069
57000000	178000000	905.5815
58000000	178000000	947.2501
59000000	178000000	841.34863
60000000	178000000	898.5925
61000000	178000000	973.18536
62000000	178000000	1025.3475
63000000	178000000	1009.23376
64000000	178000000	980.6031
65000000	178000000	956.73175
66000000	178000000	927.66815
67000000	178000000	838.9829
68000000	178000000	876.0379
69000000	178000000	821.08356
70000000	178000000	858.23755
71000000	178000000	903.5886
72000000	178000000	907.40283
73000000	178000000	906.532
74000000	178000000	935.62933
75000000	178000000	873.5751
76000000	178000000	818.65546
77000000	178000000	772.3428
78000000	178000000	840.8818
79000000	178000000	782.37976
80000000	178000000	760.37573
81000000	178000000	771.44147
82000000	178000000	830.63556
83000000	178000000	692.5878
84000000	178000000	809.1195
85000000	178000000	929.3829
86000000	178000000	917.82904
87000000	178000000	958.54517
88000000	178000000	984.189
89000000	178000000	937.8032
90000000	178000000	952.30334
91000000	178000000	944.1316
92000000	178000000	992.5027
93000000	178000000	923.7105
94000000	178000000	1122.0159
95000000	178000000	1168.6393
96000000	178000000	891.8673
97000000	178000000	1026.7896
98000000	178000000	1044.2306
99000000	178000000	1041.9869
100000000	178000000	886.84033
101000000	178000000	956.49176
102000000	178000000	1182.8641
103000000	178000000	1076.0258
104000000	178000000	1040.9592
105000000	178000000	966.59814
106000000	178000000	1088.0829
107000000	178000000	1176.354
108000000	178000000	1199.29
109000000	178000000	1110.0907
110000000	178000000	875.84045
111000000	178000000	972.36835
112000000	178000000	1182.5985
113000000	178000000	1149.8953
114000000	178000000	1197.2006
115000000	178000000	1422.1433
116000000	178000000	1516.4418
117000000	178000000	1365.8833
118000000	178000000	1564.5742
119000000	178000000	1684.4713
120000000	178000000	1685.9247
121000000	178000000	2896.482
142000000	178000000	205.61943
143000000	178000000	1920.0759
144000000	178000000	2163.6343
145000000	178000000	2428.7593
146000000	178000000	2986.4177
147000000	178000000	2982.6316
148000000	178000000	3351.5305
149000000	178000000	2512.8542
150000000	178000000	1299.7745
151000000	178000000	2044.8676
152000000	178000000	3986.84
153000000	178000000	2619.4573
154000000	178000000	1829.5083
155000000	178000000	1221.1249
156000000	178000000	1816.7502
157000000	178000000	3871.1506
158000000	178000000	4796.2573
159000000	178000000	5354.222
160000000	178000000	3301.8906
161000000	178000000	3535.8303
162000000	178000000	6819.098
163000000	178000000	7188.1343
164000000	178000000	7040.8247
165000000	178000000	7432.219
166000000	178000000	7518.8247
167000000	178000000	6017.371
168000000	178000000	6064.457
169000000	178000000	6454.882
170000000	178000000	8863.364
171000000	178000000	9986.257
172000000	178000000	8826.454
173000000	178000000	8839.666
174000000	178000000	13384.43
175000000	178000000	25124.252
176000000	178000000	43548.316
177000000	178000000	98315.14
178000000	178000000	563776.2
0	179000000	413.0209
1000000	179000000	616.2448
2000000	179000000	466.4375
3000000	179000000	477.77176
4000000	179000000	432.12357
5000000	179000000	477.08472
6000000	179000000	754.681
7000000	179000000	644.6703
8000000	179000000	851.1683
9000000	179000000	693.3278
10000000	179000000	710.2929
11000000	179000000	593.21735
12000000	179000000	751.4702
13000000	179000000	425.36554
14000000	179000000	642.27673
15000000	179000000	698.04407
16000000	179000000	775.71216
17000000	179000000	638.37494
18000000	179000000	490.82867
19000000	179000000	675.0583
20000000	179000000	660.842
21000000	179000000	652.7709
22000000	179000000	562.1659
23000000	179000000	591.9641
24000000	179000000	633.507
25000000	179000000	765.5643
26000000	179000000	671.4836
27000000	179000000	660.2421
28000000	179000000	738.5198
29000000	179000000	574.10443
30000000	179000000	544.55743
31000000	179000000	645.9822
32000000	179000000	710.0709
33000000	179000000	721.9761
34000000	179000000	629.77765
35000000	179000000	752.5915
36000000	179000000	718.2135
37000000	179000000	642.4459
38000000	179000000	689.6481
39000000	179000000	730.5622
40000000	179000000	789.4475
41000000	179000000	910.0443
42000000	179000000	939.8989
43000000	179000000	720.26324
44000000	179000000	795.4904
45000000	179000000	957.23584
46000000	179000000	1017.10944
47000000	179000000	1127.0967
48000000	179000000	812.37634
49000000	179000000	669.2006
50000000	179000000	763.18445
51000000	179000000	1203.6672
52000000	179000000	1114.5038
53000000	179000000	1120.5671
54000000	179000000	1029.4109
55000000	179000000	998.5221
56000000	179000000	889.505
57000000	179000000	729.02576
58000000	179000000	792.9003
59000000	179000000	1027.9276
60000000	179000000	703.6949
61000000	179000000	781.96844
62000000	179000000	1056.2825
63000000	179000000	1135.6721
64000000	179000000	923.5925
65000000	179000000	953.0789
66000000	179000000	903.66925
67000000	179000000	1006.19806
68000000	179000000	821.96545
69000000	179000000	729.1837
70000000	179000000	988.33075
71000000	179000000	782.8995
72000000	179000000	808.86835
73000000	179000000	767.202
74000000	179000000	773.68604
75000000	179000000	817.8453
76000000	179000000	853.9917
77000000	179000000	777.9107
78000000	179000000	1034.0117
79000000	179000000	685.4706
80000000	179000000	706.6331
81000000	179000000	626.72614
82000000	179000000	717.41254
83000000	179000000	651.5441
84000000	179000000	809.0117
85000000	179000000	1098.2006
86000000	179000000	1025.6217
87000000	179000000	1119.4587
88000000	179000000	857.6051
89000000	179000000	1220.555
90000000	179000000	1121.2596
91000000	179000000	1039.4751
92000000	179000000	1098.5317
93000000	179000000	1343.7249
94000000	179000000	1226.6846
95000000	179000000	1064.8724
96000000	179000000	732.14777
97000000	179000000	999.4071
98000000	179000000	968.7465
99000000	179000000	807.361
100000000	179000000	1415.9683
101000000	179000000	1146.0323
102000000	179000000	843.09485
103000000	179000000	824.2205
104000000	179000000	871.48816
105000000	179000000	985.9926
106000000	179000000	841.5087
107000000	179000000	953.46735
108000000	179000000	1207.5834
109000000	179000000	1605.7463
110000000	179000000	1274.2196
111000000	179000000	1212.1277
112000000	179000000	1310.0657
113000000	179000000	1403.2479
114000000	179000000	1359.9932
115000000	179000000	1394.3641
116000000	179000000	1426.7285
117000000	179000000	1555.2323
118000000	179000000	1367.6293
119000000	179000000	1523.4851
120000000	179000000	1576.9984
121000000	179000000	2537.5808
142000000	179000000	182.37022
143000000	179000000	1283.9889
144000000	179000000	2387.9631
145000000	179000000	3096.8142
146000000	179000000	2748.6294
147000000	179000000	2758.4514
148000000	179000000	3061.1897
149000000	179000000	2527.736
150000000	179000000	2296.069
151000000	179000000	2882.2065
152000000	179000000	3439.6929
153000000	179000000	2944.805
154000000	179000000	2416.5261
155000000	179000000	2130.552
156000000	179000000	2598.2317
157000000	179000000	3842.1604
158000000	179000000	4119.504
159000000	179000000	4791.294
160000000	179000000	4341.897
161000000	179000000	5187.2427
162000000	179000000	6514.749
163000000	179000000	5487.285
164000000	179000000	5111.8247
165000000	179000000	6570.5635
166000000	179000000	6184.218
167000000	179000000	7321.156
168000000	179000000	6652.757
169000000	179000000	6929.6924
170000000	179000000	7742.0435
171000000	179000000	9544.444
172000000	179000000	8315.51
173000000	179000000	9207.589
174000000	179000000	11826.973
175000000	179000000	17308.818
176000000	179000000	21536.7
177000000	179000000	29585.72
178000000	179000000	132178.14
179000000	179000000	532904.4
0	180000000	481.04056
1000000	180000000	667.4077
2000000	180000000	448.14032
3000000	180000000	412.46964
4000000	180000000	335.1684
5000000	180000000	340.6162
6000000	180000000	755.68475
7000000	180000000	572.2893
8000000	180000000	977.0398
9000000	180000000	863.0346
10000000	180000000	785.98413
11000000	180000000	698.4749
12000000	180000000	727.2854
13000000	180000000	344.7964
14000000	180000000	565.84924
15000000	180000000	658.23096
16000000	180000000	884.08997
17000000	180000000	566.3859
18000000	180000000	405.9153
19000000	180000000	663.60535
20000000	180000000	655.44
21000000	180000000	735.46326
22000000	180000000	630.5588
23000000	180000000	690.7001
24000000	180000000	777.99756
25000000	180000000	843.51404
26000000	180000000	777.0834
27000000	180000000	813.46893
28000000	180000000	823.3458
29000000	180000000	584.88995
30000000	180000000	410.38345
31000000	180000000	698.004
32000000	180000000	827.37213
33000000	180000000	801.0388
34000000	180000000	524.89465
35000000	180000000	788.4674
36000000	180000000	908.17
37000000	180000000	604.5177
38000000	180000000	751.69885
39000000	180000000	812.4194
40000000	180000000	1067.4366
41000000	180000000	1169.2905
42000000	180000000	1193.7683
43000000	180000000	866.99963
44000000	180000000	922.4344
45000000	180000000	1092.6677
46000000	180000000	1322.8184
47000000	180000000	1042.0089
48000000	180000000	595.0234
49000000	180000000	495.67374
50000000	180000000	546.18195
51000000	180000000	1407.6793
52000000	180000000	1438.7936
53000000	180000000	1351.7712
54000000	180000000	1223.8081
55000000	180000000	1088.628
56000000	180000000	801.2151
57000000	180000000	590.42584
58000000	180000000	674.70984
59000000	180000000	1181.9312
60000000	180000000	640.7309
61000000	180000000	547.7539
62000000	180000000	981.4465
63000000	180000000	1181.0662
64000000	180000000	771.6333
65000000	180000000	814.133
66000000	180000000	714.1167
67000000	180000000	957.1802
68000000	180000000	595.8723
69000000	180000000	448.62656
70000000	180000000	772.1367
71000000	180000000	500.4673
72000000	180000000	494.66098
73000000	180000000	432.3518
74000000	180000000	506.59277
75000000	180000000	612.3172
76000000	180000000	703.7334
77000000	180000000	624.9585
78000000	180000000	990.62476
79000000	180000000	533.90656
80000000	180000000	491.29865
81000000	180000000	480.76703
82000000	180000000	622.43024
83000000	180000000	483.07648
84000000	180000000	680.4681
85000000	180000000	1004.9096
86000000	180000000	847.4288
87000000	180000000	1060.248
88000000	180000000	664.2778
89000000	180000000	1245.3793
90000000	180000000	1153.6135
91000000	180000000	979.0397
92000000	180000000	1084.5687
93000000	180000000	1539.0072
94000000	180000000	1168.3611
95000000	180000000	794.51044
96000000	180000000	395.16946
97000000	180000000	899.6863
98000000	180000000	794.74194
99000000	180000000	599.3042
100000000	180000000	1519.9729
101000000	180000000	1281.7334
102000000	180000000	516.98267
103000000	180000000	532.70844
104000000	180000000	601.8365
105000000	180000000	678.9566
106000000	180000000	523.54443
107000000	180000000	721.77405
108000000	180000000	1109.6924
109000000	180000000	1898.4552
110000000	180000000	1521.3811
111000000	180000000	1614.3768
112000000	180000000	1344.8575
113000000	180000000	1406.0791
114000000	180000000	1339.4944
115000000	180000000	1164.866
116000000	180000000	1225.1124
117000000	180000000	1649.0195
118000000	180000000	1148.8767
119000000	180000000	1200.3705
120000000	180000000	1362.4988
121000000	180000000	2143.3516
142000000	180000000	85.801796
143000000	180000000	1359.209
144000000	180000000	2422.7617
145000000	180000000	3286.3975
146000000	180000000	2146.5122
147000000	180000000	2299.7886
148000000	180000000	2232.3606
149000000	180000000	2139.3867
150000000	180000000	2887.2869
151000000	180000000	3178.9292
152000000	180000000	2555.177
153000000	180000000	2785.7488
154000000	180000000	2619.5493
155000000	180000000	2521.4465
156000000	180000000	3173.522
157000000	180000000	3793.5732
158000000	180000000	3330.8032
159000000	180000000	3430.5005
160000000	180000000	4685.5513
161000000	180000000	5646.7173
162000000	180000000	5201.9487
163000000	180000000	3325.2585
164000000	180000000	2832.7583
165000000	180000000	4434.0093
166000000	180000000	4332.041
167000000	180000000	7430.396
168000000	180000000	6844.524
169000000	180000000	6686.444
170000000	180000000	5271.4707
171000000	180000000	7143.631
172000000	180000000	7260.3667
173000000	180000000	8027.1206
174000000	180000000	9792.819
175000000	180000000	11028.135
176000000	180000000	10667.435
177000000	180000000	11220.394
178000000	180000000	23849.893
179000000	180000000	118489.7
180000000	180000000	580838.2
0	181000000	423.4676
1000000	181000000	624.44183
2000000	181000000	497.5943
3000000	181000000	514.2705
4000000	181000000	474.18423
5000000	181000000	491.92276
6000000	181000000	743.9332
7000000	181000000	796.39087
8000000	181000000	923.6864
9000000	181000000	767.07385
10000000	181000000	750.9723
11000000	181000000	734.3178
12000000	181000000	770.0916
13000000	181000000	441.60944
14000000	181000000	754.7872
15000000	181000000	733.49225
16000000	181000000	837.7806
17000000	181000000	712.0104
18000000	181000000	608.1875
19000000	181000000	710.08856
20000000	181000000	807.63837
21000000	181000000	725.38983
22000000	181000000	737.7504
23000000	181000000	766.0703
24000000	181000000	851.3001
25000000	181000000	858.0894
26000000	181000000	763.16943
27000000	181000000	732.2724
28000000	181000000	720.083
29000000	181000000	629.18195
30000000	181000000	681.284
31000000	181000000	727.4526
32000000	181000000	727.4056
33000000	181000000	784.32996
34000000	181000000	842.6255
35000000	181000000	769.4561
36000000	181000000	802.6193
37000000	181000000	805.9716
38000000	181000000	796.92676
39000000	181000000	830.3821
40000000	181000000	895.2743
41000000	181000000	1160.7532
42000000	181000000	1128.229
43000000	181000000	925.65875
44000000	181000000	1049.832
45000000	181000000	1182.7296
46000000	181000000	1131.7584
47000000	181000000	1133.0801
48000000	181000000	857.9415
49000000	181000000	628.55255
50000000	181000000	668.1858
51000000	181000000	1081.1078
52000000	181000000	1225.611
53000000	181000000	1323.6705
54000000	181000000	1306.8137
55000000	181000000	1171.029
56000000	181000000	1037.1094
57000000	181000000	840.42816
58000000	181000000	919.8746
59000000	181000000	1125.3687
60000000	181000000	646.63293
61000000	181000000	717.03925
62000000	181000000	998.1275
63000000	181000000	1150.8506
64000000	181000000	879.8851
65000000	181000000	904.81573
66000000	181000000	811.0124
67000000	181000000	963.6636
68000000	181000000	770.10266
69000000	181000000	502.79025
70000000	181000000	698.9935
71000000	181000000	537.60175
72000000	181000000	563.4213
73000000	181000000	528.89526
74000000	181000000	586.25446
75000000	181000000	596.8503
76000000	181000000	673.92523
77000000	181000000	660.8925
78000000	181000000	847.15
79000000	181000000	566.10657
80000000	181000000	495.9188
81000000	181000000	559.8786
82000000	181000000	616.0382
83000000	181000000	566.71655
84000000	181000000	659.8806
85000000	181000000	898.6384
86000000	181000000	800.3424
87000000	181000000	988.0414
88000000	181000000	786.432
89000000	181000000	1088.2472
90000000	181000000	1123.6202
91000000	181000000	965.1726
92000000	181000000	1089.3704
93000000	181000000	1336.3386
94000000	181000000	1320.7577
95000000	181000000	815.2642
96000000	181000000	507.72345
97000000	181000000	738.5247
98000000	181000000	717.5196
99000000	181000000	668.5386
100000000	181000000	1129.7329
101000000	181000000	992.2158
102000000	181000000	631.5995
103000000	181000000	533.94666
104000000	181000000	638.0625
105000000	181000000	627.78284
106000000	181000000	532.831
107000000	181000000	755.05
108000000	181000000	1115.8589
109000000	181000000	1614.7063
110000000	181000000	1691.9323
111000000	181000000	1633.3713
112000000	181000000	1596.1783
113000000	181000000	1482.5166
114000000	181000000	1408.9702
115000000	181000000	1316.5664
116000000	181000000	1417.6302
117000000	181000000	1648.5885
118000000	181000000	1298.3744
119000000	181000000	1344.494
120000000	181000000	1412.149
121000000	181000000	2586.9092
142000000	181000000	225.86183
143000000	181000000	1706.4008
144000000	181000000	2531.8276
145000000	181000000	3081.0413
146000000	181000000	2780.0051
147000000	181000000	2704.6946
148000000	181000000	2493.457
149000000	181000000	2281.1987
150000000	181000000	2239.278
151000000	181000000	2678.8596
152000000	181000000	3569.2666
153000000	181000000	3082.6802
154000000	181000000	2519.241
155000000	181000000	2106.7085
156000000	181000000	2975.4424
157000000	181000000	4297.723
158000000	181000000	3850.0063
159000000	181000000	4199.7505
160000000	181000000	4132.321
161000000	181000000	4711.208
162000000	181000000	5265.238
163000000	181000000	3809.793
164000000	181000000	3664.8186
165000000	181000000	4528.341
166000000	181000000	4704.621
167000000	181000000	5691.5107
168000000	181000000	6098.3945
169000000	181000000	5518.257
170000000	181000000	5274.688
171000000	181000000	6413.9805
172000000	181000000	6388.1543
173000000	181000000	6410.535
174000000	181000000	7432.048
175000000	181000000	10100.489
176000000	181000000	10275.577
177000000	181000000	11639.293
178000000	181000000	15563.837
179000000	181000000	28293.852
180000000	181000000	150939.92
181000000	181000000	575035.44
0	182000000	425.81
1000000	182000000	671.4761
2000000	182000000	470.27896
3000000	182000000	505.39856
4000000	182000000	443.7635
5000000	182000000	456.1763
6000000	182000000	874.0324
7000000	182000000	845.8745
8000000	182000000	1060.9366
9000000	182000000	970.8277
10000000	182000000	881.625
11000000	182000000	806.9941
12000000	182000000	849.9413
13000000	182000000	499.7903
14000000	182000000	707.4432
15000000	182000000	750.7201
16000000	182000000	935.3731
17000000	182000000	681.44507
18000000	182000000	633.3531
19000000	182000000	821.0568
20000000	182000000	871.7913
21000000	182000000	845.49225
22000000	182000000	804.01746
23000000	182000000	915.7243
24000000	182000000	997.6814
25000000	182000000	1011.9875
26000000	182000000	908.3271
27000000	182000000	838.7602
28000000	182000000	807.37616
29000000	182000000	709.90393
30000000	182000000	624.6119
31000000	182000000	836.3456
32000000	182000000	862.46985
33000000	182000000	842.7396
34000000	182000000	775.11884
35000000	182000000	805.1916
36000000	182000000	905.9579
37000000	182000000	787.3229
38000000	182000000	922.4409
39000000	182000000	993.0729
40000000	182000000	966.1815
41000000	182000000	1192.4718
42000000	182000000	1227.981
43000000	182000000	1048.2854
44000000	182000000	1143.0669
45000000	182000000	1309.0721
46000000	182000000	1319.9335
47000000	182000000	1190.4247
48000000	182000000	717.9543
49000000	182000000	550.45447
50000000	182000000	626.9957
51000000	182000000	1092.5245
52000000	182000000	1479.0287
53000000	182000000	1419.5685
54000000	182000000	1366.8182
55000000	182000000	1186.4156
56000000	182000000	931.1127
57000000	182000000	696.631
58000000	182000000	792.216
59000000	182000000	1049.0602
60000000	182000000	658.87524
61000000	182000000	567.77216
62000000	182000000	952.67035
63000000	182000000	1062.8392
64000000	182000000	874.519
65000000	182000000	921.1757
66000000	182000000	831.1733
67000000	182000000	969.3832
68000000	182000000	627.2293
69000000	182000000	442.41937
70000000	182000000	679.00665
71000000	182000000	492.27994
72000000	182000000	493.78806
73000000	182000000	423.31827
74000000	182000000	479.45523
75000000	182000000	600.9459
76000000	182000000	659.3717
77000000	182000000	626.77966
78000000	182000000	884.12415
79000000	182000000	481.78616
80000000	182000000	449.3508
81000000	182000000	471.13977
82000000	182000000	493.44055
83000000	182000000	415.47757
84000000	182000000	593.76056
85000000	182000000	918.5913
86000000	182000000	792.66174
87000000	182000000	873.62787
88000000	182000000	726.891
89000000	182000000	1101.3793
90000000	182000000	1149.2389
91000000	182000000	958.20074
92000000	182000000	1107.4132
93000000	182000000	1376.3673
94000000	182000000	1209.621
95000000	182000000	779.2215
96000000	182000000	485.52213
97000000	182000000	640.61115
98000000	182000000	617.1011
99000000	182000000	568.4503
100000000	182000000	1125.4008
101000000	182000000	991.07855
102000000	182000000	558.0082
103000000	182000000	519.93207
104000000	182000000	557.9223
105000000	182000000	522.0127
106000000	182000000	467.6656
107000000	182000000	693.5683
108000000	182000000	1003.28345
109000000	182000000	1743.0977
110000000	182000000	1756.2002
111000000	182000000	1800.4467
112000000	182000000	1658.9834
113000000	182000000	1514.6465
114000000	182000000	1423.1394
115000000	182000000	1305.6417
116000000	182000000	1452.871
117000000	182000000	1621.7316
118000000	182000000	1236.3304
119000000	182000000	1194.4672
120000000	182000000	1400.0721
121000000	182000000	2012.6249
142000000	182000000	139.16394
143000000	182000000	1587.2635
144000000	182000000	2625.643
145000000	182000000	3461.2927
146000000	182000000	2709.3008
147000000	182000000	2935.1455
148000000	182000000	2779.7769
149000000	182000000	2207.117
150000000	182000000	2575.3591
151000000	182000000	2983.49
152000000	182000000	3477.9688
153000000	182000000	3284.6833
154000000	182000000	3094.206
155000000	182000000	2627.438
156000000	182000000	3460.2896
157000000	182000000	4433.087
158000000	182000000	3844.4548
159000000	182000000	4200.2925
160000000	182000000	4661.185
161000000	182000000	5029.8228
162000000	182000000	5182.7886
163000000	182000000	3331.2815
164000000	182000000	3008.474
165000000	182000000	4191.959
166000000	182000000	4369.1074
167000000	182000000	6088.2446
168000000	182000000	6398.603
169000000	182000000	5662.154
170000000	182000000	5189.5596
171000000	182000000	6921.91
172000000	182000000	6654.504
173000000	182000000	6743.204
174000000	182000000	7476.8745
175000000	182000000	9259.569
176000000	182000000	8322.83
177000000	182000000	9028.707
178000000	182000000	12116.262
179000000	182000000	19228.02
180000000	182000000	39407.504
181000000	182000000	123397.086
182000000	182000000	581885.8
0	183000000	548.70386
1000000	183000000	738.11255
2000000	183000000	441.653
3000000	183000000	488.51907
4000000	183000000	299.83282
5000000	183000000	350.91156
6000000	183000000	829.8254
7000000	183000000	643.09467
8000000	183000000	1165.2029
9000000	183000000	999.3102
10000000	183000000	896.8178
11000000	183000000	771.8565
12000000	183000000	818.6438
13000000	183000000	348.6892
14000000	183000000	563.83594
15000000	183000000	740.16345
16000000	183000000	965.93835
17000000	183000000	601.78827
18000000	183000000	432.2844
19000000	183000000	736.346
20000000	183000000	671.0741
21000000	183000000	881.136
22000000	183000000	717.90405
23000000	183000000	854.346
24000000	183000000	898.28284
25000000	183000000	1038.5057
26000000	183000000	947.8106
27000000	183000000	898.90576
28000000	183000000	1031.3828
29000000	183000000	595.77716
30000000	183000000	431.84625
31000000	183000000	762.66003
32000000	183000000	934.65906
33000000	183000000	862.98456
34000000	183000000	537.0346
35000000	183000000	805.1626
36000000	183000000	888.47485
37000000	183000000	591.7716
38000000	183000000	788.21765
39000000	183000000	939.7049
40000000	183000000	1176.0288
41000000	183000000	1188.404
42000000	183000000	1118.9293
43000000	183000000	971.5134
44000000	183000000	1013.8751
45000000	183000000	1289.7966
46000000	183000000	1471.1763
47000000	183000000	1033.1292
48000000	183000000	553.1076
49000000	183000000	443.25595
50000000	183000000	471.10358
51000000	183000000	1370.905
52000000	183000000	1567.4628
53000000	183000000	1446.7601
54000000	183000000	1401.0615
55000000	183000000	1127.4349
56000000	183000000	788.3247
57000000	183000000	620.1423
58000000	183000000	647.1553
59000000	183000000	1233.1416
60000000	183000000	627.9178
61000000	183000000	526.14374
62000000	183000000	920.8514
63000000	183000000	1181.9341
64000000	183000000	834.0733
65000000	183000000	913.45776
66000000	183000000	849.12427
67000000	183000000	1130.4642
68000000	183000000	746.34326
69000000	183000000	428.04367
70000000	183000000	872.3607
71000000	183000000	501.36502
72000000	183000000	454.93637
73000000	183000000	404.76062
74000000	183000000	451.76935
75000000	183000000	616.07104
76000000	183000000	709.088
77000000	183000000	621.8674
78000000	183000000	1062.9075
79000000	183000000	581.38403
80000000	183000000	447.48117
81000000	183000000	474.67303
82000000	183000000	571.19073
83000000	183000000	506.35156
84000000	183000000	655.95374
85000000	183000000	1130.7191
86000000	183000000	855.70013
87000000	183000000	1121.5995
88000000	183000000	657.98663
89000000	183000000	1331.5859
90000000	183000000	1322.0542
91000000	183000000	884.34863
92000000	183000000	1146.9539
93000000	183000000	1766.3711
94000000	183000000	1214.7357
95000000	183000000	701.12396
96000000	183000000	355.76086
97000000	183000000	794.7829
98000000	183000000	643.46906
99000000	183000000	475.25882
100000000	183000000	1474.3162
101000000	183000000	1361.1084
102000000	183000000	491.96268
103000000	183000000	460.51746
104000000	183000000	510.24902
105000000	183000000	529.5535
106000000	183000000	443.94098
107000000	183000000	661.693
108000000	183000000	1022.0804
109000000	183000000	1952.2057
110000000	183000000	1823.9237
111000000	183000000	1784.8488
112000000	183000000	1441.4796
113000000	183000000	1437.1226
114000000	183000000	1327.2637
115000000	183000000	1141.9095
116000000	183000000	1239.7205
117000000	183000000	1806.2347
118000000	183000000	1084.8667
119000000	183000000	991.458
120000000	183000000	1211.547
121000000	183000000	1639.4381
142000000	183000000	143.24022
143000000	183000000	1219.6447
144000000	183000000	2348.69
145000000	183000000	3583.3738
146000000	183000000	2034.2571
147000000	183000000	2201.8406
148000000	183000000	1961.0641
149000000	183000000	2185.917
150000000	183000000	3150.556
151000000	183000000	3174.4766
152000000	183000000	2350.6528
153000000	183000000	3082.5613
154000000	183000000	3179.8376
155000000	183000000	3125.4053
156000000	183000000	3969.9707
157000000	183000000	4248.711
158000000	183000000	3166.7249
159000000	183000000	3370.2136
160000000	183000000	5597.5176
161000000	183000000	6164.7876
162000000	183000000	4788.6943
163000000	183000000	2545.0159
164000000	183000000	2052.7605
165000000	183000000	3913.4353
166000000	183000000	3657.6094
167000000	183000000	7315.3164
168000000	183000000	6362.9893
169000000	183000000	5886.0703
170000000	183000000	4531.142
171000000	183000000	6186.5283
172000000	183000000	6566.133
173000000	183000000	6748.4663
174000000	183000000	7025.562
175000000	183000000	7279.9087
176000000	183000000	5993.3823
177000000	183000000	5496.8726
178000000	183000000	8423.611
179000000	183000000	13976.004
180000000	183000000	21883.713
181000000	183000000	29369.266
182000000	183000000	122582.1
183000000	183000000	603001.1
0	184000000	316.78326
1000000	184000000	433.85995
2000000	184000000	314.21484
3000000	184000000	372.1334
4000000	184000000	370.68015
5000000	184000000	360.70782
6000000	184000000	540.54126
7000000	184000000	519.8058
8000000	184000000	629.78674
9000000	184000000	502.9033
10000000	184000000	502.3047
11000000	184000000	448.46866
12000000	184000000	545.5373
13000000	184000000	311.98904
14000000	184000000	500.88937
15000000	184000000	502.139
16000000	184000000	552.9964
17000000	184000000	393.64413
18000000	184000000	421.13968
19000000	184000000	442.22775
20000000	184000000	532.90796
21000000	184000000	480.5313
22000000	184000000	434.51285
23000000	184000000	489.2317
24000000	184000000	576.45245
25000000	184000000	591.3098
26000000	184000000	507.7386
27000000	184000000	480.66916
28000000	184000000	484.4636
29000000	184000000	400.46994
30000000	184000000	392.44193
31000000	184000000	490.61786
32000000	184000000	483.5889
33000000	184000000	513.32465
34000000	184000000	479.53732
35000000	184000000	468.42337
36000000	184000000	523.7487
37000000	184000000	532.6571
38000000	184000000	501.82544
39000000	184000000	571.0063
40000000	184000000	572.0145
41000000	184000000	760.12787
42000000	184000000	708.33057
43000000	184000000	567.9644
44000000	184000000	667.9464
45000000	184000000	745.3271
46000000	184000000	839.2957
47000000	184000000	917.7577
48000000	184000000	725.49133
49000000	184000000	682.8577
50000000	184000000	665.1904
51000000	184000000	1060.5516
52000000	184000000	1035.6454
53000000	184000000	949.0927
54000000	184000000	922.1979
55000000	184000000	940.51447
56000000	184000000	837.22034
57000000	184000000	739.95856
58000000	184000000	785.12274
59000000	184000000	1034.3374
60000000	184000000	715.0542
61000000	184000000	715.6883
62000000	184000000	1010.3928
63000000	184000000	1134.365
64000000	184000000	977.72644
65000000	184000000	1024.8816
66000000	184000000	928.52203
67000000	184000000	1100.3928
68000000	184000000	883.69104
69000000	184000000	704.22754
70000000	184000000	866.5534
71000000	184000000	795.8553
72000000	184000000	789.37213
73000000	184000000	641.90784
74000000	184000000	747.51886
75000000	184000000	846.33057
76000000	184000000	898.70667
77000000	184000000	833.85565
78000000	184000000	1069.7284
79000000	184000000	711.66
80000000	184000000	697.8721
81000000	184000000	625.82935
82000000	184000000	702.4049
83000000	184000000	676.14404
84000000	184000000	877.06714
85000000	184000000	1134.6093
86000000	184000000	1041.6124
87000000	184000000	1100.6921
88000000	184000000	932.4101
89000000	184000000	1245.1193
90000000	184000000	1191.129
91000000	184000000	990.1194
92000000	184000000	1153.5583
93000000	184000000	1255.7181
94000000	184000000	1299.0654
95000000	184000000	999.44635
96000000	184000000	619.5372
97000000	184000000	923.7366
98000000	184000000	864.371
99000000	184000000	772.99255
100000000	184000000	1167.1217
101000000	184000000	1124.5874
102000000	184000000	807.71985
103000000	184000000	710.40137
104000000	184000000	764.0664
105000000	184000000	787.5621
106000000	184000000	752.05316
107000000	184000000	909.82526
108000000	184000000	1242.4194
109000000	184000000	1435.2424
110000000	184000000	1194.6217
111000000	184000000	1240.4857
112000000	184000000	1280.9646
113000000	184000000	1188.342
114000000	184000000	1170.4402
115000000	184000000	1103.6375
116000000	184000000	1289.7642
117000000	184000000	1425.8253
118000000	184000000	1220.7533
119000000	184000000	1170.9333
120000000	184000000	1316.1454
121000000	184000000	2208.7378
142000000	184000000	193.7023
143000000	184000000	1291.9955
144000000	184000000	2128.8242
145000000	184000000	2460.3857
146000000	184000000	2256.6562
147000000	184000000	2245.3323
148000000	184000000	2720.9126
149000000	184000000	1834.4957
150000000	184000000	1614.3596
151000000	184000000	1970.6564
152000000	184000000	2742.9104
153000000	184000000	2189.4795
154000000	184000000	1866.4135
155000000	184000000	1390.88
156000000	184000000	2085.697
157000000	184000000	3670.289
158000000	184000000	3506.2014
159000000	184000000	3885.4927
160000000	184000000	3611.2705
161000000	184000000	4038.5815
162000000	184000000	5743.599
163000000	184000000	4059.864
164000000	184000000	3891.7761
165000000	184000000	4962.551
166000000	184000000	4927.47
167000000	184000000	6029.2686
168000000	184000000	5856.152
169000000	184000000	5479.8447
170000000	184000000	5121.4624
171000000	184000000	6579.6904
172000000	184000000	6193.7783
173000000	184000000	6121.5996
174000000	184000000	7011.8506
175000000	184000000	8679.7295
176000000	184000000	8276.341
177000000	184000000	8570.815
178000000	184000000	10259.624
179000000	184000000	13058.489
180000000	184000000	14339.6
181000000	184000000	18260.803
182000000	184000000	31221.773
183000000	184000000	112278.58
184000000	184000000	562686.2
0	185000000	244.7656
1000000	185000000	341.40625
2000000	185000000	260.89786
3000000	185000000	270.8856
4000000	185000000	281.249
5000000	185000000	296.82492
6000000	185000000	425.97092
7000000	185000000	368.1679
8000000	185000000	455.8583
9000000	185000000	354.2742
10000000	185000000	284.41605
11000000	185000000	341.4557
12000000	185000000	370.3665
13000000	185000000	264.1067
14000000	185000000	371.1165
15000000	185000000	361.43198
16000000	185000000	373.3213
17000000	185000000	292.22403
18000000	185000000	261.2701
19000000	185000000	333.00574
20000000	185000000	326.37494
21000000	185000000	323.61282
22000000	185000000	318.69193
23000000	185000000	313.65073
24000000	185000000	386.39374
25000000	185000000	461.38364
26000000	185000000	375.96832
27000000	185000000	360.09702
28000000	185000000	329.8638
29000000	185000000	321.31818
30000000	185000000	265.0192
31000000	185000000	307.94714
32000000	185000000	334.4727
33000000	185000000	387.96448
34000000	185000000	339.28528
35000000	185000000	348.49973
36000000	185000000	342.8626
37000000	185000000	269.12518
38000000	185000000	327.11017
39000000	185000000	383.18027
40000000	185000000	416.3009
41000000	185000000	483.2791
42000000	185000000	518.822
43000000	185000000	415.1553
44000000	185000000	408.31778
45000000	185000000	480.6178
46000000	185000000	573.12476
47000000	185000000	675.1326
48000000	185000000	701.15326
49000000	185000000	711.2018
50000000	185000000	721.359
51000000	185000000	848.04047
52000000	185000000	669.1082
53000000	185000000	604.70984
54000000	185000000	563.0495
55000000	185000000	666.97284
56000000	185000000	690.5855
57000000	185000000	652.12244
58000000	185000000	666.0282
59000000	185000000	806.02637
60000000	185000000	769.6038
61000000	185000000	796.92444
62000000	185000000	928.24835
63000000	185000000	982.32715
64000000	185000000	885.1235
65000000	185000000	997.0054
66000000	185000000	989.99023
67000000	185000000	1028.0131
68000000	185000000	1030.6702
69000000	185000000	905.13904
70000000	185000000	1179.5607
71000000	185000000	995.0322
72000000	185000000	1179.2334
73000000	185000000	989.63464
74000000	185000000	981.9673
75000000	185000000	1088.6858
76000000	185000000	1054.6766
77000000	185000000	1009.49316
78000000	185000000	1091.7427
79000000	185000000	1008.1648
80000000	185000000	944.1119
81000000	185000000	943.3009
82000000	185000000	910.27
83000000	185000000	866.61346
84000000	185000000	995.88257
85000000	185000000	1095.384
86000000	185000000	1157.5583
87000000	185000000	1070.6075
88000000	185000000	929.4326
89000000	185000000	1070.8483
90000000	185000000	1024.0311
91000000	185000000	1003.1676
92000000	185000000	1033.6459
93000000	185000000	1150.2843
94000000	185000000	1091.9521
95000000	185000000	1054.3782
96000000	185000000	919.3247
97000000	185000000	1096.1477
98000000	185000000	1048.4832
99000000	185000000	994.4977
100000000	185000000	1125.3588
101000000	185000000	1132.978
102000000	185000000	1114.0559
103000000	185000000	1025.8956
104000000	185000000	1093.4951
105000000	185000000	1085.0305
106000000	185000000	1035.0251
107000000	185000000	1133.6277
108000000	185000000	1140.7867
109000000	185000000	1087.9606
110000000	185000000	691.26575
111000000	185000000	729.10114
112000000	185000000	793.94666
113000000	185000000	836.2148
114000000	185000000	861.10547
115000000	185000000	995.01556
116000000	185000000	1035.2693
117000000	185000000	1088.9067
118000000	185000000	1214.7057
119000000	185000000	1272.4849
120000000	185000000	1120.6847
121000000	185000000	2288.2256
142000000	185000000	220.45386
143000000	185000000	882.25714
144000000	185000000	1531.0217
145000000	185000000	1764.5488
146000000	185000000	1906.6884
147000000	185000000	1918.3353
148000000	185000000	2103.4111
149000000	185000000	1633.6833
150000000	185000000	1225.8795
151000000	185000000	1576.6625
152000000	185000000	2275.6606
153000000	185000000	1772.4535
154000000	185000000	1369.6831
155000000	185000000	1091.0192
156000000	185000000	1468.9738
157000000	185000000	2779.504
158000000	185000000	3387.5264
159000000	185000000	3923.7783
160000000	185000000	3014.243
161000000	185000000	3280.6877
162000000	185000000	5006.0254
163000000	185000000	5073.6753
164000000	185000000	4797.038
165000000	185000000	5150.872
166000000	185000000	5422.875
167000000	185000000	5099.6274
168000000	185000000	4801.9653
169000000	185000000	5129.919
170000000	185000000	5851.2524
171000000	185000000	6482.662
172000000	185000000	5281.287
173000000	185000000	5735.85
174000000	185000000	6724.6177
175000000	185000000	7476.143
176000000	185000000	8692.345
177000000	185000000	9057.419
178000000	185000000	10420.41
179000000	185000000	11416.48
180000000	185000000	10509.5205
181000000	185000000	11277.182
182000000	185000000	14682.201
183000000	185000000	26773.146
184000000	185000000	124888.32
185000000	185000000	568143.25
0	186000000	199.03651
1000000	186000000	301.46506
2000000	186000000	199.56935
3000000	186000000	222.55814
4000000	186000000	212.3995
5000000	186000000	254.50252
6000000	186000000	357.25616
7000000	186000000	277.41302
8000000	186000000	361.0663
9000000	186000000	297.77783
10000000	186000000	289.112
11000000	186000000	239.4248
12000000	186000000	292.57367
13000000	186000000	227.46394
14000000	186000000	313.14508
15000000	186000000	256.73874
16000000	186000000	285.06735
17000000	186000000	237.81082
18000000	186000000	184.84158
19000000	186000000	286.32608
20000000	186000000	236.73001
21000000	186000000	273.87637
22000000	186000000	207.35135
23000000	186000000	257.20718
24000000	186000000	280.17126
25000000	186000000	336.69235
26000000	186000000	289.19208
27000000	186000000	286.48685
28000000	186000000	274.81766
29000000	186000000	224.86345
30000000	186000000	181.45737
31000000	186000000	244.58415
32000000	186000000	227.42148
33000000	186000000	270.5883
34000000	186000000	290.67413
35000000	186000000	297.03787
36000000	186000000	302.56125
37000000	186000000	211.71774
38000000	186000000	245.3111
39000000	186000000	308.32718
40000000	186000000	312.28522
41000000	186000000	374.37936
42000000	186000000	379.40936
43000000	186000000	310.13748
44000000	186000000	298.61902
45000000	186000000	368.1286
46000000	186000000	503.1928
47000000	186000000	561.95245
48000000	186000000	588.1009
49000000	186000000	649.5233
50000000	186000000	691.77924
51000000	186000000	798.07623
52000000	186000000	527.6016
53000000	186000000	460.44382
54000000	186000000	437.87335
55000000	186000000	590.0432
56000000	186000000	582.47095
57000000	186000000	504.12534
58000000	186000000	554.8232
59000000	186000000	712.84143
60000000	186000000	663.5466
61000000	186000000	700.26965
62000000	186000000	768.1214
63000000	186000000	867.724
64000000	186000000	754.8086
65000000	186000000	896.42535
66000000	186000000	846.50555
67000000	186000000	1043.11
68000000	186000000	915.5538
69000000	186000000	833.8227
70000000	186000000	1095.7206
71000000	186000000	1024.2158
72000000	186000000	1000.1504
73000000	186000000	851.78345
74000000	186000000	915.18097
75000000	186000000	1032.8048
76000000	186000000	1013.1085
77000000	186000000	909.78986
78000000	186000000	1099.2325
79000000	186000000	1024.2213
80000000	186000000	813.12366
81000000	186000000	868.6629
82000000	186000000	855.5295
83000000	186000000	733.50055
84000000	186000000	968.5236
85000000	186000000	977.9229
86000000	186000000	1044.4774
87000000	186000000	1043.8921
88000000	186000000	919.842
89000000	186000000	989.4027
90000000	186000000	898.448
91000000	186000000	878.46625
92000000	186000000	915.45776
93000000	186000000	911.78174
94000000	186000000	873.8685
95000000	186000000	920.17444
96000000	186000000	813.1905
97000000	186000000	1002.44476
98000000	186000000	1011.10095
99000000	186000000	980.668
100000000	186000000	1092.9126
101000000	186000000	1070.0527
102000000	186000000	1070.4928
103000000	186000000	1011.31464
104000000	186000000	984.2676
105000000	186000000	1015.0612
106000000	186000000	936.00543
107000000	186000000	1017.3048
108000000	186000000	1040.6791
109000000	186000000	853.63513
110000000	186000000	473.91632
111000000	186000000	547.57324
112000000	186000000	564.2889
113000000	186000000	678.7465
114000000	186000000	762.79974
115000000	186000000	886.7203
116000000	186000000	816.79504
117000000	186000000	929.42773
118000000	186000000	1095.9421
119000000	186000000	1102.1635
120000000	186000000	907.3449
121000000	186000000	1833.6885
142000000	186000000	106.504684
143000000	186000000	1199.7645
144000000	186000000	1282.8528
145000000	186000000	1496.9908
146000000	186000000	1576.5787
147000000	186000000	1627.1421
148000000	186000000	2294.2695
149000000	186000000	1403.1249
150000000	186000000	944.1155
151000000	186000000	1250.0499
152000000	186000000	1811.014
153000000	186000000	1341.7908
154000000	186000000	1129.006
155000000	186000000	953.92334
156000000	186000000	1107.3435
157000000	186000000	2161.9988
158000000	186000000	3155.8938
159000000	186000000	3556.6333
160000000	186000000	2964.6555
161000000	186000000	2858.9446
162000000	186000000	4709.283
163000000	186000000	5122.7837
164000000	186000000	4449.98
165000000	186000000	5265.4985
166000000	186000000	5298.8315
167000000	186000000	4963.045
168000000	186000000	4441.5625
169000000	186000000	4997.4966
170000000	186000000	5608.1196
171000000	186000000	6844.166
172000000	186000000	5098.25
173000000	186000000	5539.955
174000000	186000000	6841.5986
175000000	186000000	6759.5137
176000000	186000000	8173.745
177000000	186000000	8025.5684
178000000	186000000	9432.15
179000000	186000000	10413.863
180000000	186000000	8640.753
181000000	186000000	8228.013
182000000	186000000	9913.654
183000000	186000000	13789.769
184000000	186000000	30895.418
185000000	186000000	102356.53
186000000	186000000	556697.0
0	187000000	111.427185
1000000	187000000	173.01074
2000000	187000000	167.21182
3000000	187000000	193.54927
4000000	187000000	274.33856
5000000	187000000	285.1955
6000000	187000000	265.8168
7000000	187000000	220.0472
8000000	187000000	268.1535
9000000	187000000	213.0091
10000000	187000000	196.03217
11000000	187000000	191.09502
12000000	187000000	215.68831
13000000	187000000	136.3551
14000000	187000000	271.1083
15000000	187000000	214.37387
16000000	187000000	194.12881
17000000	187000000	193.97797
18000000	187000000	179.53749
19000000	187000000	186.07271
20000000	187000000	169.42172
21000000	187000000	141.6857
22000000	187000000	159.57233
23000000	187000000	169.05078
24000000	187000000	206.89339
25000000	187000000	211.65509
26000000	187000000	160.52121
27000000	187000000	164.75476
28000000	187000000	203.84583
29000000	187000000	169.97621
30000000	187000000	168.99951
31000000	187000000	179.89102
32000000	187000000	177.82362
33000000	187000000	213.20135
34000000	187000000	188.05632
35000000	187000000	205.28407
36000000	187000000	217.92986
37000000	187000000	167.51778
38000000	187000000	181.86534
39000000	187000000	178.94293
40000000	187000000	213.18575
41000000	187000000	229.27411
42000000	187000000	295.06622
43000000	187000000	206.23141
44000000	187000000	194.64597
45000000	187000000	269.1448
46000000	187000000	286.56085
47000000	187000000	441.00082
48000000	187000000	576.2235
49000000	187000000	632.5116
50000000	187000000	720.7072
51000000	187000000	509.5471
52000000	187000000	316.74802
53000000	187000000	278.83902
54000000	187000000	338.27438
55000000	187000000	344.9325
56000000	187000000	535.2035
57000000	187000000	537.9957
58000000	187000000	555.03864
59000000	187000000	553.42554
60000000	187000000	671.49396
61000000	187000000	736.2336
62000000	187000000	678.4927
63000000	187000000	749.24396
64000000	187000000	688.7476
65000000	187000000	765.7514
66000000	187000000	853.1544
67000000	187000000	806.3224
68000000	187000000	840.0242
69000000	187000000	934.4363
70000000	187000000	862.7926
71000000	187000000	1023.21045
72000000	187000000	1012.9709
73000000	187000000	951.4633
74000000	187000000	971.88965
75000000	187000000	914.2721
76000000	187000000	920.92773
77000000	187000000	982.1833
78000000	187000000	840.0712
79000000	187000000	850.90094
80000000	187000000	898.2704
81000000	187000000	844.8649
82000000	187000000	900.01746
83000000	187000000	946.13055
84000000	187000000	944.5714
85000000	187000000	849.44977
86000000	187000000	1003.57306
87000000	187000000	838.83826
88000000	187000000	951.67084
89000000	187000000	836.7702
90000000	187000000	784.45624
91000000	187000000	815.9929
92000000	187000000	767.8554
93000000	187000000	701.45874
94000000	187000000	705.7442
95000000	187000000	982.86163
96000000	187000000	1018.49023
97000000	187000000	1082.8168
98000000	187000000	1077.8871
99000000	187000000	1116.9518
100000000	187000000	867.5844
101000000	187000000	853.3599
102000000	187000000	1072.753
103000000	187000000	1105.3401
104000000	187000000	981.9283
105000000	187000000	1110.1625
106000000	187000000	1104.7487
107000000	187000000	1019.01135
108000000	187000000	864.9099
109000000	187000000	552.55695
110000000	187000000	326.73386
111000000	187000000	383.88132
112000000	187000000	394.19443
113000000	187000000	450.0681
114000000	187000000	569.42035
115000000	187000000	702.90356
116000000	187000000	672.0171
117000000	187000000	612.2781
118000000	187000000	953.6286
119000000	187000000	1090.5033
120000000	187000000	752.2559
121000000	187000000	2354.328
142000000	187000000	229.13293
143000000	187000000	939.4661
144000000	187000000	901.2305
145000000	187000000	1018.40094
146000000	187000000	1378.7814
147000000	187000000	1361.2489
148000000	187000000	1696.8214
149000000	187000000	1324.0814
150000000	187000000	636.79443
151000000	187000000	833.5361
152000000	187000000	1750.7924
153000000	187000000	1028.3823
154000000	187000000	707.03015
155000000	187000000	554.19073
156000000	187000000	695.06537
157000000	187000000	1638.5665
158000000	187000000	2870.9426
159000000	187000000	3253.0525
160000000	187000000	1931.8558
161000000	187000000	1803.8589
162000000	187000000	3812.4402
163000000	187000000	5384.766
164000000	187000000	5763.033
165000000	187000000	4729.061
166000000	187000000	5346.0654
167000000	187000000	3570.5679
168000000	187000000	3389.8513
169000000	187000000	3817.222
170000000	187000000	5790.932
171000000	187000000	5261.0835
172000000	187000000	4260.9297
173000000	187000000	4101.2246
174000000	187000000	5311.7593
175000000	187000000	5686.2466
176000000	187000000	8041.5347
177000000	187000000	8498.472
178000000	187000000	8404.401
179000000	187000000	7791.549
180000000	187000000	5870.207
181000000	187000000	5797.9565
182000000	187000000	6059.3667
183000000	187000000	7262.7515
184000000	187000000	14271.891
185000000	187000000	29571.031
186000000	187000000	108866.71
187000000	187000000	532247.94
0	188000000	109.921005
1000000	188000000	178.1817
2000000	188000000	150.98225
3000000	188000000	178.61478
4000000	188000000	255.4258
5000000	188000000	256.8039
6000000	188000000	214.09558
7000000	188000000	205.31746
8000000	188000000	198.55223
9000000	188000000	179.85481
10000000	188000000	177.6945
11000000	188000000	146.5706
12000000	188000000	206.33336
13000000	188000000	183.33981
14000000	188000000	273.36255
15000000	188000000	209.13725
16000000	188000000	183.1726
17000000	188000000	171.89363
18000000	188000000	157.75499
19000000	188000000	150.16939
20000000	188000000	172.59398
21000000	188000000	149.05849
22000000	188000000	139.99472
23000000	188000000	138.17729
24000000	188000000	192.61201
25000000	188000000	210.94942
26000000	188000000	176.53099
27000000	188000000	165.27171
28000000	188000000	147.8619
29000000	188000000	161.65125
30000000	188000000	147.81366
31000000	188000000	170.56384
32000000	188000000	161.143
33000000	188000000	155.80301
34000000	188000000	216.48523
35000000	188000000	186.35373
36000000	188000000	165.84486
37000000	188000000	180.70512
38000000	188000000	163.93195
39000000	188000000	176.6124
40000000	188000000	182.32257
41000000	188000000	224.35713
42000000	188000000	268.20444
43000000	188000000	191.21628
44000000	188000000	192.25745
45000000	188000000	211.26436
46000000	188000000	240.39053
47000000	188000000	396.89737
48000000	188000000	555.0513
49000000	188000000	693.50476
50000000	188000000	715.0844
51000000	188000000	499.97864
52000000	188000000	264.77655
53000000	188000000	249.12872
54000000	188000000	271.31677
55000000	188000000	337.12585
56000000	188000000	539.7585
57000000	188000000	516.25366
58000000	188000000	584.2756
59000000	188000000	436.9251
60000000	188000000	681.0169
61000000	188000000	755.1179
62000000	188000000	575.918
63000000	188000000	690.9765
64000000	188000000	665.70337
65000000	188000000	768.43774
66000000	188000000	895.18
67000000	188000000	736.4726
68000000	188000000	820.38275
69000000	188000000	1042.1252
70000000	188000000	907.6104
71000000	188000000	1017.3222
72000000	188000000	1078.7229
73000000	188000000	1155.0894
74000000	188000000	1085.8964
75000000	188000000	943.4512
76000000	188000000	889.17426
77000000	188000000	868.84436
78000000	188000000	795.6165
79000000	188000000	914.3735
80000000	188000000	970.13885
81000000	188000000	908.6428
82000000	188000000	938.21515
83000000	188000000	846.0649
84000000	188000000	950.201
85000000	188000000	772.1095
86000000	188000000	1074.2139
87000000	188000000	728.96716
88000000	188000000	1047.6207
89000000	188000000	735.24854
90000000	188000000	672.5819
91000000	188000000	787.4333
92000000	188000000	801.738
93000000	188000000	562.8393
94000000	188000000	656.0051
95000000	188000000	803.3631
96000000	188000000	1157.9353
97000000	188000000	1014.79816
98000000	188000000	1000.59454
99000000	188000000	1122.1074
100000000	188000000	679.84827
101000000	188000000	675.04193
102000000	188000000	1276.0052
103000000	188000000	1204.0278
104000000	188000000	1082.1095
105000000	188000000	1072.1371
106000000	188000000	1287.3628
107000000	188000000	1055.1758
108000000	188000000	738.4275
109000000	188000000	449.33804
110000000	188000000	274.26276
111000000	188000000	279.42938
112000000	188000000	378.764
113000000	188000000	463.3839
114000000	188000000	557.55396
115000000	188000000	664.96533
116000000	188000000	604.5029
117000000	188000000	565.90326
118000000	188000000	862.063
119000000	188000000	935.53644
120000000	188000000	699.9399
121000000	188000000	2437.7305
142000000	188000000	185.08336
143000000	188000000	879.58636
144000000	188000000	836.0009
145000000	188000000	795.6255
146000000	188000000	1447.175
147000000	188000000	1229.2728
148000000	188000000	1242.6924
149000000	188000000	1239.687
150000000	188000000	473.78632
151000000	188000000	649.637
152000000	188000000	1549.7919
153000000	188000000	941.1869
154000000	188000000	647.5036
155000000	188000000	477.27676
156000000	188000000	585.47034
157000000	188000000	1501.0891
158000000	188000000	2990.585
159000000	188000000	3214.1953
160000000	188000000	1487.0446
161000000	188000000	1500.8484
162000000	188000000	3591.797
163000000	188000000	5417.6504
164000000	188000000	5632.8
165000000	188000000	4651.2144
166000000	188000000	5536.5337
167000000	188000000	3028.4263
168000000	188000000	3165.8643
169000000	188000000	3603.1682
170000000	188000000	5969.203
171000000	188000000	5084.5264
172000000	188000000	3795.8064
173000000	188000000	3754.4912
174000000	188000000	4738.383
175000000	188000000	5227.797
176000000	188000000	7859.678
177000000	188000000	8486.378
178000000	188000000	8139.4272
179000000	188000000	6741.185
180000000	188000000	4793.5317
181000000	188000000	4878.158
182000000	188000000	4939.8384
183000000	188000000	5469.5234
184000000	188000000	11205.561
185000000	188000000	21608.541
186000000	188000000	52417.38
187000000	188000000	185515.89
188000000	188000000	540945.44
0	189000000	129.60129
1000000	189000000	144.64432
2000000	189000000	153.4042
3000000	189000000	173.15508
4000000	189000000	280.40717
5000000	189000000	262.8317
6000000	189000000	215.84808
7000000	189000000	250.9306
8000000	189000000	199.86984
9000000	189000000	167.92938
10000000	189000000	178.85582
11000000	189000000	165.17336
12000000	189000000	198.16731
13000000	189000000	157.5671
14000000	189000000	259.56552
15000000	189000000	202.399
16000000	189000000	168.76923
17000000	189000000	168.44797
18000000	189000000	136.17534
19000000	189000000	156.5999
20000000	189000000	145.83308
21000000	189000000	172.71979
22000000	189000000	140.87196
23000000	189000000	118.0555
24000000	189000000	153.32573
25000000	189000000	196.17662
26000000	189000000	174.48935
27000000	189000000	157.70724
28000000	189000000	150.2889
29000000	189000000	142.04109
30000000	189000000	173.4714
31000000	189000000	154.10086
32000000	189000000	146.38635
33000000	189000000	168.77222
34000000	189000000	212.42264
35000000	189000000	170.49104
36000000	189000000	148.8662
37000000	189000000	175.94931
38000000	189000000	153.58002
39000000	189000000	160.6737
40000000	189000000	161.1962
41000000	189000000	187.37933
42000000	189000000	257.507
43000000	189000000	194.21822
44000000	189000000	180.45267
45000000	189000000	205.62917
46000000	189000000	231.48137
47000000	189000000	381.17996
48000000	189000000	552.798
49000000	189000000	743.1781
50000000	189000000	685.9808
51000000	189000000	455.10107
52000000	189000000	287.65442
53000000	189000000	255.89746
54000000	189000000	254.06601
55000000	189000000	281.5977
56000000	189000000	529.00824
57000000	189000000	497.29068
58000000	189000000	523.79224
59000000	189000000	400.6204
60000000	189000000	680.96484
61000000	189000000	734.09375
62000000	189000000	652.2359
63000000	189000000	666.5918
64000000	189000000	689.8756
65000000	189000000	824.00586
66000000	189000000	922.1434
67000000	189000000	758.15393
68000000	189000000	806.6566
69000000	189000000	1046.592
70000000	189000000	942.8978
71000000	189000000	1055.3696
72000000	189000000	1071.8154
73000000	189000000	1230.6577
74000000	189000000	990.96893
75000000	189000000	947.2039
76000000	189000000	825.19336
77000000	189000000	879.32263
78000000	189000000	687.6889
79000000	189000000	912.49963
80000000	189000000	974.289
81000000	189000000	922.53107
82000000	189000000	893.7636
83000000	189000000	952.3534
84000000	189000000	822.4849
85000000	189000000	762.50055
86000000	189000000	1024.8124
87000000	189000000	812.5224
88000000	189000000	988.9978
89000000	189000000	626.8944
90000000	189000000	639.18677
91000000	189000000	783.88995
92000000	189000000	757.38025
93000000	189000000	528.16254
94000000	189000000	653.1878
95000000	189000000	870.7701
96000000	189000000	1012.94507
97000000	189000000	950.3274
98000000	189000000	994.7227
99000000	189000000	1064.2266
100000000	189000000	597.8777
101000000	189000000	615.314
102000000	189000000	1163.2225
103000000	189000000	1184.3812
104000000	189000000	954.6461
105000000	189000000	1004.8256
106000000	189000000	1237.5048
107000000	189000000	1048.6744
108000000	189000000	779.8364
109000000	189000000	447.95193
110000000	189000000	257.18872
111000000	189000000	281.69415
112000000	189000000	346.58905
113000000	189000000	449.50452
114000000	189000000	491.34717
115000000	189000000	732.2854
116000000	189000000	649.71796
117000000	189000000	493.1183
118000000	189000000	865.24695
119000000	189000000	904.3702
120000000	189000000	640.95435
121000000	189000000	2333.9565
142000000	189000000	151.54218
143000000	189000000	1013.595
144000000	189000000	770.52905
145000000	189000000	693.7887
146000000	189000000	1466.4141
147000000	189000000	1293.3416
148000000	189000000	1568.629
149000000	189000000	1052.622
150000000	189000000	467.6964
151000000	189000000	700.76825
152000000	189000000	1546.4474
153000000	189000000	920.20856
154000000	189000000	573.91785
155000000	189000000	398.7001
156000000	189000000	547.49774
157000000	189000000	1420.2456
158000000	189000000	2759.2776
159000000	189000000	3185.0947
160000000	189000000	1294.895
161000000	189000000	1444.1896
162000000	189000000	3587.8787
163000000	189000000	5680.269
164000000	189000000	5665.5415
165000000	189000000	4747.1514
166000000	189000000	5699.563
167000000	189000000	2950.9392
168000000	189000000	3303.347
169000000	189000000	3448.2698
170000000	189000000	6121.6562
171000000	189000000	5597.3774
172000000	189000000	3730.7449
173000000	189000000	3590.7979
174000000	189000000	4733.414
175000000	189000000	5142.163
176000000	189000000	8089.188
177000000	189000000	8478.932
178000000	189000000	7975.993
179000000	189000000	6407.2695
180000000	189000000	3848.419
181000000	189000000	4292.236
182000000	189000000	4278.357
183000000	189000000	4379.7764
184000000	189000000	9568.402
185000000	189000000	17305.143
186000000	189000000	30747.963
187000000	189000000	53317.184
188000000	189000000	104544.34
189000000	189000000	552813.9
0	190000000	102.45069
1000000	190000000	143.48503
2000000	190000000	146.9003
3000000	190000000	150.5522
4000000	190000000	241.42075
5000000	190000000	252.03433
6000000	190000000	227.56436
7000000	190000000	205.38788
8000000	190000000	169.80238
9000000	190000000	158.23363
10000000	190000000	177.46637
11000000	190000000	141.30371
12000000	190000000	209.03346
13000000	190000000	169.93146
14000000	190000000	227.99231
15000000	190000000	186.67822
16000000	190000000	175.04086
17000000	190000000	142.60535
18000000	190000000	157.34158
19000000	190000000	161.2172
20000000	190000000	170.06209
21000000	190000000	164.25551
22000000	190000000	159.09259
23000000	190000000	135.11644
24000000	190000000	144.99434
25000000	190000000	208.43315
26000000	190000000	171.59079
27000000	190000000	158.7527
28000000	190000000	152.37953
29000000	190000000	155.77803
30000000	190000000	142.26057
31000000	190000000	144.19518
32000000	190000000	142.99423
33000000	190000000	156.61829
34000000	190000000	194.51434
35000000	190000000	207.40573
36000000	190000000	169.25969
37000000	190000000	168.22636
38000000	190000000	164.89932
39000000	190000000	197.07524
40000000	190000000	159.99397
41000000	190000000	204.9364
42000000	190000000	224.40681
43000000	190000000	159.38869
44000000	190000000	191.21043
45000000	190000000	208.87167
46000000	190000000	237.2918
47000000	190000000	373.07434
48000000	190000000	511.5796
49000000	190000000	673.5078
50000000	190000000	610.0565
51000000	190000000	472.57227
52000000	190000000	269.5436
53000000	190000000	230.00955
54000000	190000000	229.8459
55000000	190000000	317.22882
56000000	190000000	463.63947
57000000	190000000	467.07257
58000000	190000000	502.78506
59000000	190000000	430.209
60000000	190000000	657.87463
61000000	190000000	747.61316
62000000	190000000	643.43585
63000000	190000000	632.8741
64000000	190000000	734.2995
65000000	190000000	779.8764
66000000	190000000	857.28656
67000000	190000000	727.6702
68000000	190000000	772.3525
69000000	190000000	1002.6796
70000000	190000000	883.23535
71000000	190000000	965.226
72000000	190000000	1055.2272
73000000	190000000	925.32874
74000000	190000000	950.0057
75000000	190000000	831.20233
76000000	190000000	853.1482
77000000	190000000	859.8534
78000000	190000000	719.20276
79000000	190000000	832.64453
80000000	190000000	902.10864
81000000	190000000	811.9105
82000000	190000000	890.77594
83000000	190000000	845.0302
84000000	190000000	820.8882
85000000	190000000	770.2204
86000000	190000000	1018.0075
87000000	190000000	731.4597
88000000	190000000	1093.5894
89000000	190000000	658.2573
90000000	190000000	636.5913
91000000	190000000	741.1931
92000000	190000000	683.695
93000000	190000000	508.07587
94000000	190000000	655.0761
95000000	190000000	826.9562
96000000	190000000	974.3893
97000000	190000000	815.153
98000000	190000000	894.0288
99000000	190000000	991.1401
100000000	190000000	591.7193
101000000	190000000	617.4799
102000000	190000000	1149.2793
103000000	190000000	1119.6332
104000000	190000000	888.2359
105000000	190000000	1000.0936
106000000	190000000	1131.311
107000000	190000000	935.1544
108000000	190000000	685.31384
109000000	190000000	447.0406
110000000	190000000	264.7904
111000000	190000000	290.737
112000000	190000000	341.49887
113000000	190000000	422.64072
114000000	190000000	458.68555
115000000	190000000	639.83673
116000000	190000000	588.02545
117000000	190000000	442.00674
118000000	190000000	787.9571
119000000	190000000	813.25555
120000000	190000000	630.78094
121000000	190000000	1752.0732
142000000	190000000	78.12725
143000000	190000000	792.086
144000000	190000000	767.1064
145000000	190000000	784.29755
146000000	190000000	1306.8115
147000000	190000000	1140.7872
148000000	190000000	1376.9814
149000000	190000000	1009.4783
150000000	190000000	474.57806
151000000	190000000	677.7257
152000000	190000000	1468.8296
153000000	190000000	839.89996
154000000	190000000	562.8056
155000000	190000000	440.78018
156000000	190000000	560.9464
157000000	190000000	1336.6439
158000000	190000000	2710.636
159000000	190000000	3019.9155
160000000	190000000	1335.688
161000000	190000000	1377.1
162000000	190000000	3442.8645
163000000	190000000	4900.07
164000000	190000000	5230.8203
165000000	190000000	4508.8823
166000000	190000000	5356.694
167000000	190000000	2995.7927
168000000	190000000	2945.0364
169000000	190000000	3581.3438
170000000	190000000	5596.3574
171000000	190000000	5238.9556
172000000	190000000	3699.012
173000000	190000000	3551.7544
174000000	190000000	4586.047
175000000	190000000	4892.282
176000000	190000000	7059.958
177000000	190000000	7154.8784
178000000	190000000	7081.093
179000000	190000000	5866.6724
180000000	190000000	3776.5107
181000000	190000000	3985.5178
182000000	190000000	3877.392
183000000	190000000	4021.4084
184000000	190000000	7871.4727
185000000	190000000	13492.75
186000000	190000000	20853.848
187000000	190000000	28991.307
188000000	190000000	38331.293
189000000	190000000	125373.03
190000000	190000000	529380.8
0	191000000	139.34943
1000000	191000000	147.81477
2000000	191000000	134.7288
3000000	191000000	205.20592
4000000	191000000	240.2565
5000000	191000000	267.58774
6000000	191000000	217.83566
7000000	191000000	226.36877
8000000	191000000	209.41722
9000000	191000000	169.92644
10000000	191000000	188.47177
11000000	191000000	175.6026
12000000	191000000	205.64775
13000000	191000000	185.4448
14000000	191000000	278.29623
15000000	191000000	221.68655
16000000	191000000	174.98259
17000000	191000000	164.88292
18000000	191000000	165.93137
19000000	191000000	178.6969
20000000	191000000	152.2056
21000000	191000000	163.16872
22000000	191000000	120.56697
23000000	191000000	174.93257
24000000	191000000	174.86758
25000000	191000000	198.60883
26000000	191000000	161.84315
27000000	191000000	164.89906
28000000	191000000	200.72888
29000000	191000000	150.9894
30000000	191000000	142.73605
31000000	191000000	156.11272
32000000	191000000	195.71075
33000000	191000000	199.76393
34000000	191000000	174.84534
35000000	191000000	180.6671
36000000	191000000	161.82082
37000000	191000000	172.9256
38000000	191000000	156.6022
39000000	191000000	171.1159
40000000	191000000	178.0306
41000000	191000000	214.91986
42000000	191000000	252.5876
43000000	191000000	189.38228
44000000	191000000	212.47357
45000000	191000000	282.34537
46000000	191000000	238.0849
47000000	191000000	371.47742
48000000	191000000	588.30505
49000000	191000000	678.9584
50000000	191000000	648.26166
51000000	191000000	496.51083
52000000	191000000	299.1539
53000000	191000000	271.04855
54000000	191000000	279.1388
55000000	191000000	329.13953
56000000	191000000	526.5828
57000000	191000000	527.7076
58000000	191000000	476.55313
59000000	191000000	457.0454
60000000	191000000	668.5163
61000000	191000000	733.9686
62000000	191000000	626.36755
63000000	191000000	675.9694
64000000	191000000	758.28595
65000000	191000000	824.6025
66000000	191000000	919.93616
67000000	191000000	823.7052
68000000	191000000	906.8973
69000000	191000000	984.0793
70000000	191000000	906.96
71000000	191000000	914.23987
72000000	191000000	1056.1199
73000000	191000000	970.29047
74000000	191000000	1040.1892
75000000	191000000	1011.15686
76000000	191000000	875.9865
77000000	191000000	849.793
78000000	191000000	718.66547
79000000	191000000	841.65826
80000000	191000000	883.8884
81000000	191000000	871.1301
82000000	191000000	854.61975
83000000	191000000	878.1907
84000000	191000000	779.67114
85000000	191000000	781.6396
86000000	191000000	998.4149
87000000	191000000	767.4434
88000000	191000000	996.5745
89000000	191000000	695.7383
90000000	191000000	670.11194
91000000	191000000	778.38684
92000000	191000000	671.06445
93000000	191000000	560.1405
94000000	191000000	604.5389
95000000	191000000	805.60364
96000000	191000000	862.9237
97000000	191000000	876.1309
98000000	191000000	932.5071
99000000	191000000	1041.886
100000000	191000000	653.2882
101000000	191000000	641.3055
102000000	191000000	1031.3076
103000000	191000000	996.66205
104000000	191000000	939.1926
105000000	191000000	993.7351
106000000	191000000	999.5621
107000000	191000000	970.7547
108000000	191000000	792.71674
109000000	191000000	455.6877
110000000	191000000	241.4509
111000000	191000000	271.76285
112000000	191000000	330.2126
113000000	191000000	464.32297
114000000	191000000	514.94904
115000000	191000000	660.0255
116000000	191000000	605.3279
117000000	191000000	573.18475
118000000	191000000	831.8275
119000000	191000000	928.05804
120000000	191000000	595.96796
121000000	191000000	1626.781
142000000	191000000	122.20547
143000000	191000000	774.35565
144000000	191000000	763.5086
145000000	191000000	786.3596
146000000	191000000	1348.8281
147000000	191000000	1168.6904
148000000	191000000	1192.3119
149000000	191000000	882.38837
150000000	191000000	506.25278
151000000	191000000	726.3852
152000000	191000000	1508.2195
153000000	191000000	857.28754
154000000	191000000	622.82996
155000000	191000000	479.22812
156000000	191000000	574.2362
157000000	191000000	1387.5791
158000000	191000000	2642.2385
159000000	191000000	3103.4978
160000000	191000000	1478.5804
161000000	191000000	1462.8589
162000000	191000000	3342.5383
163000000	191000000	4661.268
164000000	191000000	4669.5894
165000000	191000000	4275.5205
166000000	191000000	5120.806
167000000	191000000	3078.7026
168000000	191000000	2931.4373
169000000	191000000	3424.49
170000000	191000000	5572.345
171000000	191000000	5106.19
172000000	191000000	3564.2708
173000000	191000000	3589.4404
174000000	191000000	4345.1494
175000000	191000000	4538.727
176000000	191000000	6294.735
177000000	191000000	6401.2476
178000000	191000000	6471.4287
179000000	191000000	5594.1055
180000000	191000000	3642.136
181000000	191000000	3708.8252
182000000	191000000	3523.2173
183000000	191000000	3759.7832
184000000	191000000	7124.0396
185000000	191000000	11269.895
186000000	191000000	14923.852
187000000	191000000	17516.36
188000000	191000000	21011.908
189000000	191000000	38472.06
190000000	191000000	137835.8
191000000	191000000	569710.5
0	192000000	230.54893
1000000	192000000	257.17862
2000000	192000000	205.18143
3000000	192000000	182.90643
4000000	192000000	179.35474
5000000	192000000	209.36781
6000000	192000000	291.38867
7000000	192000000	243.95424
8000000	192000000	303.22668
9000000	192000000	257.30078
10000000	192000000	224.4814
11000000	192000000	226.04263
12000000	192000000	303.1045
13000000	192000000	141.37424
14000000	192000000	240.20393
15000000	192000000	265.00055
16000000	192000000	255.44365
17000000	192000000	195.16916
18000000	192000000	143.33443
19000000	192000000	179.74362
20000000	192000000	210.57086
21000000	192000000	206.6899
22000000	192000000	198.06595
23000000	192000000	196.42113
24000000	192000000	264.04282
25000000	192000000	281.14792
26000000	192000000	198.66736
27000000	192000000	252.05165
28000000	192000000	274.23062
29000000	192000000	196.60257
30000000	192000000	152.92297
31000000	192000000	229.48431
32000000	192000000	249.42334
33000000	192000000	257.04474
34000000	192000000	196.74228
35000000	192000000	232.75076
36000000	192000000	231.13812
37000000	192000000	177.9443
38000000	192000000	228.61154
39000000	192000000	215.13551
40000000	192000000	290.09033
41000000	192000000	269.43076
42000000	192000000	348.07495
43000000	192000000	228.63745
44000000	192000000	272.09424
45000000	192000000	363.10596
46000000	192000000	356.47372
47000000	192000000	474.3242
48000000	192000000	410.83975
49000000	192000000	522.4715
50000000	192000000	552.66693
51000000	192000000	634.6357
52000000	192000000	449.96805
53000000	192000000	358.65796
54000000	192000000	365.2222
55000000	192000000	385.7761
56000000	192000000	461.87943
57000000	192000000	367.21814
58000000	192000000	437.81674
59000000	192000000	544.17474
60000000	192000000	547.20984
61000000	192000000	553.40204
62000000	192000000	617.3726
63000000	192000000	662.21344
64000000	192000000	589.2953
65000000	192000000	733.5785
66000000	192000000	984.08826
67000000	192000000	936.0595
68000000	192000000	822.1686
69000000	192000000	745.22687
70000000	192000000	910.57434
71000000	192000000	832.90247
72000000	192000000	739.56213
73000000	192000000	702.6595
74000000	192000000	769.3695
75000000	192000000	830.12933
76000000	192000000	813.8276
77000000	192000000	790.37415
78000000	192000000	837.0968
79000000	192000000	822.1424
80000000	192000000	698.9238
81000000	192000000	640.40234
82000000	192000000	651.49493
83000000	192000000	674.52026
84000000	192000000	723.21985
85000000	192000000	771.8608
86000000	192000000	835.7941
87000000	192000000	857.11084
88000000	192000000	743.9853
89000000	192000000	730.66724
90000000	192000000	781.0463
91000000	192000000	629.2947
92000000	192000000	655.69226
93000000	192000000	725.09845
94000000	192000000	628.94904
95000000	192000000	664.83185
96000000	192000000	549.69434
97000000	192000000	694.2259
98000000	192000000	741.6377
99000000	192000000	755.7528
100000000	192000000	822.7567
101000000	192000000	849.01685
102000000	192000000	886.25885
103000000	192000000	805.2925
104000000	192000000	713.438
105000000	192000000	792.41315
106000000	192000000	672.6259
107000000	192000000	836.28766
108000000	192000000	808.31635
109000000	192000000	694.011
110000000	192000000	415.7405
111000000	192000000	409.58594
112000000	192000000	426.28522
113000000	192000000	542.7875
114000000	192000000	519.0271
115000000	192000000	585.5294
116000000	192000000	616.70105
117000000	192000000	720.35815
118000000	192000000	653.339
119000000	192000000	735.3594
120000000	192000000	649.2837
121000000	192000000	1212.9556
142000000	192000000	118.93225
143000000	192000000	678.2534
144000000	192000000	832.22546
145000000	192000000	1041.1863
146000000	192000000	1146.7505
147000000	192000000	1159.5475
148000000	192000000	1407.4243
149000000	192000000	960.4486
150000000	192000000	793.4545
151000000	192000000	1003.86456
152000000	192000000	1379.7533
153000000	192000000	1052.1975
154000000	192000000	835.6694
155000000	192000000	725.8944
156000000	192000000	965.03754
157000000	192000000	1635.7264
158000000	192000000	2435.9058
159000000	192000000	2901.5562
160000000	192000000	2558.784
161000000	192000000	2230.3374
162000000	192000000	3344.8882
163000000	192000000	3678.762
164000000	192000000	3209.8086
165000000	192000000	4087.9673
166000000	192000000	4133.227
167000000	192000000	3916.8254
168000000	192000000	3273.2834
169000000	192000000	3728.581
170000000	192000000	4469.4653
171000000	192000000	4598.4644
172000000	192000000	3986.05
173000000	192000000	3871.078
174000000	192000000	4548.8276
175000000	192000000	4325.26
176000000	192000000	4857.8247
177000000	192000000	4606.3257
178000000	192000000	5552.3755
179000000	192000000	5532.2983
180000000	192000000	4166.9375
181000000	192000000	4006.3596
182000000	192000000	4108.326
183000000	192000000	5122.945
184000000	192000000	7123.414
185000000	192000000	9972.043
186000000	192000000	13427.404
187000000	192000000	13611.026
188000000	192000000	15110.171
189000000	192000000	25625.04
190000000	192000000	51055.703
191000000	192000000	112198.695
192000000	192000000	552719.6
0	193000000	178.43355
1000000	193000000	238.73117
2000000	193000000	237.90315
3000000	193000000	202.39186
4000000	193000000	225.95943
5000000	193000000	246.91872
6000000	193000000	294.17743
7000000	193000000	180.84525
8000000	193000000	300.59888
9000000	193000000	258.9267
10000000	193000000	238.66982
11000000	193000000	237.02348
12000000	193000000	277.4529
13000000	193000000	195.5533
14000000	193000000	254.95688
15000000	193000000	236.58167
16000000	193000000	266.7023
17000000	193000000	166.93732
18000000	193000000	180.99727
19000000	193000000	203.31862
20000000	193000000	203.18526
21000000	193000000	214.33087
22000000	193000000	183.08017
23000000	193000000	210.34256
24000000	193000000	242.67296
25000000	193000000	282.87308
26000000	193000000	224.9434
27000000	193000000	236.72096
28000000	193000000	264.73077
29000000	193000000	179.87386
30000000	193000000	175.44946
31000000	193000000	197.49998
32000000	193000000	219.95023
33000000	193000000	226.81082
34000000	193000000	186.61908
35000000	193000000	237.05072
36000000	193000000	255.13757
37000000	193000000	179.74059
38000000	193000000	221.10982
39000000	193000000	231.17114
40000000	193000000	274.83374
41000000	193000000	300.4728
42000000	193000000	301.0722
43000000	193000000	218.60458
44000000	193000000	251.86554
45000000	193000000	356.47287
46000000	193000000	416.9052
47000000	193000000	480.7891
48000000	193000000	506.9806
49000000	193000000	564.5285
50000000	193000000	593.7537
51000000	193000000	679.4347
52000000	193000000	437.74554
53000000	193000000	423.82166
54000000	193000000	363.85727
55000000	193000000	388.549
56000000	193000000	459.4921
57000000	193000000	406.40488
58000000	193000000	467.1134
59000000	193000000	605.5003
60000000	193000000	562.2869
61000000	193000000	631.9065
62000000	193000000	655.29065
63000000	193000000	737.2219
64000000	193000000	637.23193
65000000	193000000	768.95197
66000000	193000000	814.6035
67000000	193000000	871.2509
68000000	193000000	834.1372
69000000	193000000	795.27716
70000000	193000000	950.0074
71000000	193000000	788.6857
72000000	193000000	810.7758
73000000	193000000	747.226
74000000	193000000	798.416
75000000	193000000	835.18964
76000000	193000000	784.91046
77000000	193000000	664.3013
78000000	193000000	862.6925
79000000	193000000	738.7026
80000000	193000000	746.606
81000000	193000000	766.41626
82000000	193000000	703.5699
83000000	193000000	606.6759
84000000	193000000	781.79614
85000000	193000000	844.65625
86000000	193000000	854.7841
87000000	193000000	835.77484
88000000	193000000	782.94696
89000000	193000000	805.0234
90000000	193000000	767.6082
91000000	193000000	634.98663
92000000	193000000	760.4049
93000000	193000000	727.65
94000000	193000000	654.37164
95000000	193000000	711.17676
96000000	193000000	625.7742
97000000	193000000	751.3418
98000000	193000000	761.2935
99000000	193000000	809.18555
100000000	193000000	855.4713
101000000	193000000	796.8609
102000000	193000000	893.8093
103000000	193000000	772.51575
104000000	193000000	785.7923
105000000	193000000	758.1603
106000000	193000000	705.84204
107000000	193000000	824.062
108000000	193000000	728.6649
109000000	193000000	624.1097
110000000	193000000	392.6438
111000000	193000000	418.65958
112000000	193000000	445.75073
113000000	193000000	522.27515
114000000	193000000	549.4998
115000000	193000000	601.9174
116000000	193000000	592.7627
117000000	193000000	674.9486
118000000	193000000	777.7456
119000000	193000000	702.4098
120000000	193000000	611.82806
121000000	193000000	1500.6458
142000000	193000000	171.82242
143000000	193000000	816.5653
144000000	193000000	886.06573
145000000	193000000	1038.9718
146000000	193000000	1123.9908
147000000	193000000	1207.7776
148000000	193000000	1328.7638
149000000	193000000	1005.11237
150000000	193000000	824.1031
151000000	193000000	964.12585
152000000	193000000	1322.8353
153000000	193000000	1026.6464
154000000	193000000	847.522
155000000	193000000	665.1455
156000000	193000000	919.11237
157000000	193000000	1607.284
158000000	193000000	2341.2354
159000000	193000000	2978.1736
160000000	193000000	2227.745
161000000	193000000	2298.2168
162000000	193000000	3497.875
163000000	193000000	3743.7166
164000000	193000000	3586.589
165000000	193000000	4075.6025
166000000	193000000	4363.1216
167000000	193000000	4069.7896
168000000	193000000	3253.8
169000000	193000000	3752.0447
170000000	193000000	4315.563
171000000	193000000	4809.8223
172000000	193000000	3728.739
173000000	193000000	3778.8835
174000000	193000000	4773.5938
175000000	193000000	4299.826
176000000	193000000	4961.2896
177000000	193000000	4680.921
178000000	193000000	5345.0674
179000000	193000000	5608.583
180000000	193000000	4255.8564
181000000	193000000	3800.301
182000000	193000000	3763.9136
183000000	193000000	4625.123
184000000	193000000	6732.7407
185000000	193000000	9050.888
186000000	193000000	11995.454
187000000	193000000	11589.58
188000000	193000000	12219.021
189000000	193000000	18020.004
190000000	193000000	25600.943
191000000	193000000	37427.484
192000000	193000000	134209.27
193000000	193000000	542897.5
0	194000000	122.083954
1000000	194000000	157.47838
2000000	194000000	157.44075
3000000	194000000	184.69751
4000000	194000000	259.58838
5000000	194000000	311.19064
6000000	194000000	221.78989
7000000	194000000	225.01945
8000000	194000000	211.09117
9000000	194000000	199.39352
10000000	194000000	165.30856
11000000	194000000	179.946
12000000	194000000	212.55983
13000000	194000000	168.07045
14000000	194000000	258.08118
15000000	194000000	211.06401
16000000	194000000	201.5006
17000000	194000000	155.50961
18000000	194000000	136.99326
19000000	194000000	172.75174
20000000	194000000	172.04271
21000000	194000000	176.51877
22000000	194000000	138.70135
23000000	194000000	154.1571
24000000	194000000	174.17255
25000000	194000000	185.7674
26000000	194000000	178.15736
27000000	194000000	180.51172
28000000	194000000	189.16896
29000000	194000000	162.32431
30000000	194000000	149.78108
31000000	194000000	147.54013
32000000	194000000	158.79248
33000000	194000000	159.58244
34000000	194000000	217.14587
35000000	194000000	207.32593
36000000	194000000	174.0804
37000000	194000000	149.63689
38000000	194000000	165.86343
39000000	194000000	158.07083
40000000	194000000	193.00638
41000000	194000000	217.1603
42000000	194000000	270.55142
43000000	194000000	169.1767
44000000	194000000	190.8131
45000000	194000000	243.70703
46000000	194000000	263.2131
47000000	194000000	368.25974
48000000	194000000	530.10657
49000000	194000000	673.1606
50000000	194000000	634.528
51000000	194000000	468.44153
52000000	194000000	289.2012
53000000	194000000	233.83028
54000000	194000000	277.69
55000000	194000000	327.37878
56000000	194000000	436.8926
57000000	194000000	481.07504
58000000	194000000	522.56366
59000000	194000000	468.86716
60000000	194000000	617.4235
61000000	194000000	705.0685
62000000	194000000	556.571
63000000	194000000	608.9248
64000000	194000000	669.72406
65000000	194000000	788.0205
66000000	194000000	799.95776
67000000	194000000	766.8083
68000000	194000000	748.45624
69000000	194000000	852.86096
70000000	194000000	901.7035
71000000	194000000	943.97034
72000000	194000000	884.7206
73000000	194000000	901.1444
74000000	194000000	980.44305
75000000	194000000	890.41077
76000000	194000000	759.75616
77000000	194000000	800.7978
78000000	194000000	718.00555
79000000	194000000	800.2907
80000000	194000000	875.46246
81000000	194000000	784.7289
82000000	194000000	747.8011
83000000	194000000	805.49524
84000000	194000000	743.42694
85000000	194000000	746.8191
86000000	194000000	854.0073
87000000	194000000	685.96796
88000000	194000000	814.0281
89000000	194000000	680.7771
90000000	194000000	559.30396
91000000	194000000	693.2732
92000000	194000000	617.7231
93000000	194000000	484.09232
94000000	194000000	604.9774
95000000	194000000	712.8713
96000000	194000000	857.68823
97000000	194000000	804.93365
98000000	194000000	798.0871
99000000	194000000	946.78955
100000000	194000000	576.01825
101000000	194000000	592.35956
102000000	194000000	943.4904
103000000	194000000	834.87463
104000000	194000000	861.5547
105000000	194000000	844.46344
106000000	194000000	923.94293
107000000	194000000	868.19086
108000000	194000000	642.7396
109000000	194000000	450.83194
110000000	194000000	281.6726
111000000	194000000	237.4134
112000000	194000000	301.62216
113000000	194000000	390.32623
114000000	194000000	425.7814
115000000	194000000	558.8297
116000000	194000000	509.63937
117000000	194000000	425.1083
118000000	194000000	722.03876
119000000	194000000	759.9319
120000000	194000000	548.1336
121000000	194000000	1580.9797
142000000	194000000	59.069874
143000000	194000000	888.9544
144000000	194000000	708.58276
145000000	194000000	723.8474
146000000	194000000	1158.5026
147000000	194000000	1141.0394
148000000	194000000	1189.8263
149000000	194000000	914.7643
150000000	194000000	453.63068
151000000	194000000	638.04407
152000000	194000000	1325.9067
153000000	194000000	775.6864
154000000	194000000	562.84076
155000000	194000000	417.83963
156000000	194000000	498.64078
157000000	194000000	1340.1543
158000000	194000000	2209.4753
159000000	194000000	2705.185
160000000	194000000	1321.7642
161000000	194000000	1341.7366
162000000	194000000	2927.115
163000000	194000000	4098.5474
164000000	194000000	4310.496
165000000	194000000	3675.1387
166000000	194000000	4307.5063
167000000	194000000	2719.8655
168000000	194000000	2580.9949
169000000	194000000	2896.4194
170000000	194000000	4566.1865
171000000	194000000	4010.326
172000000	194000000	3026.3438
173000000	194000000	2946.8452
174000000	194000000	3734.9504
175000000	194000000	3740.4148
176000000	194000000	5171.5757
177000000	194000000	5212.3516
178000000	194000000	5303.8945
179000000	194000000	4483.684
180000000	194000000	3020.6162
181000000	194000000	3039.4578
182000000	194000000	2794.0515
183000000	194000000	2888.7314
184000000	194000000	5310.924
185000000	194000000	8113.325
186000000	194000000	9555.354
187000000	194000000	10912.957
188000000	194000000	13315.381
189000000	194000000	18154.201
190000000	194000000	22222.857
191000000	194000000	27032.547
192000000	194000000	45491.965
193000000	194000000	127821.29
194000000	194000000	548708.94
0	195000000	164.32234
1000000	195000000	161.51793
2000000	195000000	158.54335
3000000	195000000	174.6413
4000000	195000000	259.4409
5000000	195000000	293.16647
6000000	195000000	207.98091
7000000	195000000	220.42947
8000000	195000000	199.25061
9000000	195000000	166.12978
10000000	195000000	179.48502
11000000	195000000	155.21107
12000000	195000000	192.58365
13000000	195000000	216.70844
14000000	195000000	228.59921
15000000	195000000	213.5283
16000000	195000000	185.01831
17000000	195000000	157.22011
18000000	195000000	150.69798
19000000	195000000	181.1135
20000000	195000000	174.33308
21000000	195000000	162.44681
22000000	195000000	152.47186
23000000	195000000	118.93758
24000000	195000000	149.9678
25000000	195000000	161.77917
26000000	195000000	172.2858
27000000	195000000	168.17363
28000000	195000000	171.23955
29000000	195000000	152.66025
30000000	195000000	150.54727
31000000	195000000	148.5194
32000000	195000000	165.1429
33000000	195000000	176.89204
34000000	195000000	200.44438
35000000	195000000	201.48723
36000000	195000000	157.5891
37000000	195000000	154.16045
38000000	195000000	177.3273
39000000	195000000	184.85548
40000000	195000000	184.15971
41000000	195000000	200.6125
42000000	195000000	287.83862
43000000	195000000	188.25333
44000000	195000000	190.64236
45000000	195000000	258.38565
46000000	195000000	276.433
47000000	195000000	378.85422
48000000	195000000	522.7058
49000000	195000000	702.1031
50000000	195000000	684.27454
51000000	195000000	487.41547
52000000	195000000	253.16351
53000000	195000000	287.58746
54000000	195000000	300.0382
55000000	195000000	342.9465
56000000	195000000	503.04984
57000000	195000000	497.75305
58000000	195000000	517.9548
59000000	195000000	416.53403
60000000	195000000	660.48566
61000000	195000000	759.57495
62000000	195000000	629.2918
63000000	195000000	655.20807
64000000	195000000	686.6271
65000000	195000000	838.2201
66000000	195000000	828.4637
67000000	195000000	806.12036
68000000	195000000	860.7349
69000000	195000000	1038.9047
70000000	195000000	828.0375
71000000	195000000	957.0707
72000000	195000000	1054.1754
73000000	195000000	1041.4131
74000000	195000000	977.4931
75000000	195000000	784.4884
76000000	195000000	809.42926
77000000	195000000	815.13654
78000000	195000000	745.9218
79000000	195000000	865.4222
80000000	195000000	897.4164
81000000	195000000	840.7035
82000000	195000000	767.3968
83000000	195000000	796.6518
84000000	195000000	806.0251
85000000	195000000	710.8022
86000000	195000000	930.2653
87000000	195000000	746.14874
88000000	195000000	873.2372
89000000	195000000	617.4417
90000000	195000000	618.4603
91000000	195000000	694.804
92000000	195000000	662.57715
93000000	195000000	483.16522
94000000	195000000	611.12366
95000000	195000000	785.3755
96000000	195000000	836.24713
97000000	195000000	776.29297
98000000	195000000	913.5292
99000000	195000000	912.0442
100000000	195000000	559.9864
101000000	195000000	593.13794
102000000	195000000	995.3407
103000000	195000000	1036.9364
104000000	195000000	925.2158
105000000	195000000	929.69403
106000000	195000000	930.0266
107000000	195000000	915.903
108000000	195000000	681.5392
109000000	195000000	411.74045
110000000	195000000	247.4295
111000000	195000000	265.71713
112000000	195000000	347.91306
113000000	195000000	400.7962
114000000	195000000	422.03976
115000000	195000000	549.94464
116000000	195000000	557.9101
117000000	195000000	464.02438
118000000	195000000	757.23834
119000000	195000000	745.30164
120000000	195000000	508.61267
121000000	195000000	1566.9142
142000000	195000000	186.94832
143000000	195000000	246.79149
144000000	195000000	761.3666
145000000	195000000	698.60205
146000000	195000000	1227.553
147000000	195000000	1139.7676
148000000	195000000	1255.2142
149000000	195000000	944.3143
150000000	195000000	436.77054
151000000	195000000	581.9718
152000000	195000000	1408.3866
153000000	195000000	827.22345
154000000	195000000	485.81357
155000000	195000000	346.2496
156000000	195000000	519.1676
157000000	195000000	1258.1921
158000000	195000000	2329.324
159000000	195000000	2753.4858
160000000	195000000	1247.748
161000000	195000000	1211.6448
162000000	195000000	2972.1604
163000000	195000000	4518.807
164000000	195000000	4435.4746
165000000	195000000	3802.9568
166000000	195000000	4397.496
167000000	195000000	2504.0344
168000000	195000000	2581.4243
169000000	195000000	2793.9946
170000000	195000000	4705.912
171000000	195000000	4306.855
172000000	195000000	3028.0151
173000000	195000000	2875.1284
174000000	195000000	3834.8389
175000000	195000000	3754.6147
176000000	195000000	5469.5107
177000000	195000000	5748.3916
178000000	195000000	5383.8096
179000000	195000000	4429.5234
180000000	195000000	2892.0667
181000000	195000000	2835.9656
182000000	195000000	2871.501
183000000	195000000	2784.348
184000000	195000000	5190.246
185000000	195000000	7996.094
186000000	195000000	9248.93
187000000	195000000	10908.309
188000000	195000000	12543.745
189000000	195000000	16691.14
190000000	195000000	19310.701
191000000	195000000	21154.715
192000000	195000000	28203.05
193000000	195000000	46494.45
194000000	195000000	150165.8
195000000	195000000	556987.75
0	196000000	135.29324
1000000	196000000	163.20598
2000000	196000000	187.16472
3000000	196000000	178.9068
4000000	196000000	240.7389
5000000	196000000	312.21985
6000000	196000000	223.44292
7000000	196000000	215.11261
8000000	196000000	227.09082
9000000	196000000	195.85764
10000000	196000000	185.86906
11000000	196000000	181.85725
12000000	196000000	216.15953
13000000	196000000	219.36748
14000000	196000000	260.37262
15000000	196000000	217.10793
16000000	196000000	165.40938
17000000	196000000	160.84648
18000000	196000000	158.30356
19000000	196000000	185.49776
20000000	196000000	141.73877
21000000	196000000	149.83493
22000000	196000000	139.50027
23000000	196000000	149.16336
24000000	196000000	166.05203
25000000	196000000	179.61563
26000000	196000000	174.6529
27000000	196000000	164.97037
28000000	196000000	165.00441
29000000	196000000	139.44771
30000000	196000000	171.2151
31000000	196000000	136.0451
32000000	196000000	168.48534
33000000	196000000	197.35326
34000000	196000000	239.27344
35000000	196000000	165.70445
36000000	196000000	178.5773
37000000	196000000	152.8721
38000000	196000000	164.07166
39000000	196000000	184.6794
40000000	196000000	171.65643
41000000	196000000	208.13553
42000000	196000000	259.1705
43000000	196000000	173.35603
44000000	196000000	186.58127
45000000	196000000	275.47726
46000000	196000000	218.44226
47000000	196000000	424.02386
48000000	196000000	563.8466
49000000	196000000	751.0703
50000000	196000000	718.80927
51000000	196000000	455.12433
52000000	196000000	280.9422
53000000	196000000	250.01521
54000000	196000000	282.91824
55000000	196000000	371.71155
56000000	196000000	482.7355
57000000	196000000	558.0254
58000000	196000000	526.591
59000000	196000000	418.02234
60000000	196000000	652.2545
61000000	196000000	789.6329
62000000	196000000	636.77966
63000000	196000000	599.99695
64000000	196000000	710.82715
65000000	196000000	782.0446
66000000	196000000	862.1572
67000000	196000000	744.2966
68000000	196000000	864.6086
69000000	196000000	1095.4554
70000000	196000000	1013.0732
71000000	196000000	1086.8398
72000000	196000000	1151.1486
73000000	196000000	1114.399
74000000	196000000	1078.5656
75000000	196000000	954.57513
76000000	196000000	948.4537
77000000	196000000	951.4175
78000000	196000000	692.6315
79000000	196000000	922.0599
80000000	196000000	904.66156
81000000	196000000	856.1377
82000000	196000000	865.1962
83000000	196000000	847.0018
84000000	196000000	820.60175
85000000	196000000	710.3887
86000000	196000000	978.92633
87000000	196000000	712.9536
88000000	196000000	1010.22205
89000000	196000000	607.7822
90000000	196000000	608.4469
91000000	196000000	720.26654
92000000	196000000	657.3492
93000000	196000000	459.83173
94000000	196000000	580.75903
95000000	196000000	817.4018
96000000	196000000	1010.51965
97000000	196000000	907.00433
98000000	196000000	803.87256
99000000	196000000	987.8396
100000000	196000000	546.74176
101000000	196000000	588.30334
102000000	196000000	976.39667
103000000	196000000	1108.0964
104000000	196000000	893.5701
105000000	196000000	880.0265
106000000	196000000	1077.5669
107000000	196000000	948.28424
108000000	196000000	781.685
109000000	196000000	395.40662
110000000	196000000	228.82648
111000000	196000000	211.01515
112000000	196000000	329.05478
113000000	196000000	408.04724
114000000	196000000	399.1483
115000000	196000000	613.1321
116000000	196000000	563.36255
117000000	196000000	468.38123
118000000	196000000	765.64545
119000000	196000000	730.0815
120000000	196000000	605.2238
121000000	196000000	1636.7736
142000000	196000000	114.557
143000000	196000000	570.343
144000000	196000000	810.69824
145000000	196000000	665.55304
146000000	196000000	1281.0228
147000000	196000000	1092.7454
148000000	196000000	1400.9739
149000000	196000000	1001.3018
150000000	196000000	406.41852
151000000	196000000	566.21063
152000000	196000000	1440.7546
153000000	196000000	768.70654
154000000	196000000	522.2003
155000000	196000000	365.1234
156000000	196000000	509.2523
157000000	196000000	1285.3663
158000000	196000000	2443.574
159000000	196000000	2751.8782
160000000	196000000	1180.2699
161000000	196000000	1130.0519
162000000	196000000	2903.7576
163000000	196000000	4606.7896
164000000	196000000	4554.8345
165000000	196000000	3983.7605
166000000	196000000	4660.3276
167000000	196000000	2472.4001
168000000	196000000	2368.3638
169000000	196000000	2779.189
170000000	196000000	4699.749
171000000	196000000	4190.7114
172000000	196000000	2693.559
173000000	196000000	2595.6233
174000000	196000000	3418.822
175000000	196000000	3769.3674
176000000	196000000	5516.435
177000000	196000000	5694.386
178000000	196000000	5347.805
179000000	196000000	4431.918
180000000	196000000	2650.572
181000000	196000000	2799.4502
182000000	196000000	2640.7024
183000000	196000000	2710.1665
184000000	196000000	5005.652
185000000	196000000	8419.645
186000000	196000000	9367.329
187000000	196000000	10858.8
188000000	196000000	12882.226
189000000	196000000	16663.016
190000000	196000000	18072.762
191000000	196000000	18694.873
192000000	196000000	21038.764
193000000	196000000	28112.072
194000000	196000000	46289.285
195000000	196000000	110535.15
196000000	196000000	578279.7
0	197000000	148.78188
1000000	197000000	238.34077
2000000	197000000	202.33633
3000000	197000000	218.79395
4000000	197000000	255.91571
5000000	197000000	299.84415
6000000	197000000	283.0558
7000000	197000000	245.78798
8000000	197000000	255.22269
9000000	197000000	250.2464
10000000	197000000	246.27267
11000000	197000000	206.98787
12000000	197000000	270.66232
13000000	197000000	247.49678
14000000	197000000	312.99896
15000000	197000000	287.85617
16000000	197000000	229.68735
17000000	197000000	201.51997
18000000	197000000	197.5951
19000000	197000000	240.80179
20000000	197000000	226.01152
21000000	197000000	225.64795
22000000	197000000	191.54735
23000000	197000000	213.45557
24000000	197000000	237.62358
25000000	197000000	240.14258
26000000	197000000	203.82619
27000000	197000000	205.05923
28000000	197000000	257.71844
29000000	197000000	211.24037
30000000	197000000	192.77664
31000000	197000000	193.05011
32000000	197000000	232.8392
33000000	197000000	238.06273
34000000	197000000	238.733
35000000	197000000	249.7938
36000000	197000000	201.61337
37000000	197000000	195.21803
38000000	197000000	225.2316
39000000	197000000	223.02763
40000000	197000000	257.42447
41000000	197000000	284.17685
42000000	197000000	334.25754
43000000	197000000	235.47508
44000000	197000000	263.7973
45000000	197000000	313.30008
46000000	197000000	384.82074
47000000	197000000	539.98346
48000000	197000000	553.1048
49000000	197000000	656.8081
50000000	197000000	741.97626
51000000	197000000	640.6789
52000000	197000000	408.83636
53000000	197000000	383.09235
54000000	197000000	347.2523
55000000	197000000	463.82196
56000000	197000000	572.7597
57000000	197000000	537.1539
58000000	197000000	508.22916
59000000	197000000	558.5842
60000000	197000000	680.6284
61000000	197000000	782.6606
62000000	197000000	797.96576
63000000	197000000	814.7742
64000000	197000000	764.37067
65000000	197000000	902.9349
66000000	197000000	894.50323
67000000	197000000	912.0338
68000000	197000000	954.55615
69000000	197000000	1040.8407
70000000	197000000	1117.3022
71000000	197000000	1129.2777
72000000	197000000	1149.8547
73000000	197000000	1085.7314
74000000	197000000	1150.2631
75000000	197000000	1029.0061
76000000	197000000	980.38715
77000000	197000000	918.10455
78000000	197000000	940.10754
79000000	197000000	1018.56976
80000000	197000000	921.8104
81000000	197000000	910.1108
82000000	197000000	904.5037
83000000	197000000	841.09125
84000000	197000000	946.9079
85000000	197000000	949.1595
86000000	197000000	1069.7491
87000000	197000000	915.59973
88000000	197000000	882.2037
89000000	197000000	790.74725
90000000	197000000	729.9224
91000000	197000000	809.06213
92000000	197000000	754.7391
93000000	197000000	620.2489
94000000	197000000	717.2405
95000000	197000000	794.9037
96000000	197000000	815.24133
97000000	197000000	879.70746
98000000	197000000	887.8573
99000000	197000000	910.69336
100000000	197000000	742.8683
101000000	197000000	716.3172
102000000	197000000	1071.5691
103000000	197000000	1031.4243
104000000	197000000	1016.9168
105000000	197000000	956.6116
106000000	197000000	966.0696
107000000	197000000	961.61816
108000000	197000000	834.36206
109000000	197000000	532.6255
110000000	197000000	373.80206
111000000	197000000	395.04117
112000000	197000000	422.04034
113000000	197000000	450.63196
114000000	197000000	592.14197
115000000	197000000	628.8584
116000000	197000000	621.12885
117000000	197000000	614.4257
118000000	197000000	835.5958
119000000	197000000	845.03827
120000000	197000000	694.6369
121000000	197000000	1440.981
142000000	197000000	39.143238
143000000	197000000	702.7555
144000000	197000000	962.28644
145000000	197000000	886.7164
146000000	197000000	1289.6344
147000000	197000000	1214.5566
148000000	197000000	1445.4921
149000000	197000000	870.2182
150000000	197000000	611.93146
151000000	197000000	752.3825
152000000	197000000	1344.6086
153000000	197000000	953.9545
154000000	197000000	713.8774
155000000	197000000	584.4433
156000000	197000000	688.2143
157000000	197000000	1511.579
158000000	197000000	2465.2795
159000000	197000000	2871.3557
160000000	197000000	1704.71
161000000	197000000	1596.8506
162000000	197000000	3189.2703
163000000	197000000	4017.725
164000000	197000000	3735.6265
165000000	197000000	3746.207
166000000	197000000	3966.3943
167000000	197000000	2977.973
168000000	197000000	2693.834
169000000	197000000	3045.874
170000000	197000000	4147.5415
171000000	197000000	4065.4817
172000000	197000000	2979.6772
173000000	197000000	2912.9668
174000000	197000000	3813.3364
175000000	197000000	3778.2961
176000000	197000000	4759.663
177000000	197000000	4594.9033
178000000	197000000	4984.859
179000000	197000000	4419.7603
180000000	197000000	3353.261
181000000	197000000	3086.3386
182000000	197000000	3065.6604
183000000	197000000	3484.0825
184000000	197000000	5455.8467
185000000	197000000	7897.8384
186000000	197000000	9541.452
187000000	197000000	9730.07
188000000	197000000	10777.593
189000000	197000000	12789.652
190000000	197000000	13673.782
191000000	197000000	14523.8
192000000	197000000	15177.875
193000000	197000000	17724.03
194000000	197000000	21840.37
195000000	197000000	31723.893
196000000	197000000	107676.086
197000000	197000000	562619.8
0	198000000	272.73862
1000000	198000000	372.62247
2000000	198000000	257.57755
3000000	198000000	270.8342
4000000	198000000	207.51889
5000000	198000000	244.29225
6000000	198000000	406.39713
7000000	198000000	281.24142
8000000	198000000	532.2851
9000000	198000000	437.12607
10000000	198000000	323.11807
11000000	198000000	303.87674
12000000	198000000	398.73056
13000000	198000000	164.00316
14000000	198000000	348.77637
15000000	198000000	324.12793
16000000	198000000	410.08167
17000000	198000000	229.48517
18000000	198000000	166.88683
19000000	198000000	305.86887
20000000	198000000	261.5419
21000000	198000000	323.52643
22000000	198000000	281.07492
23000000	198000000	309.7233
24000000	198000000	347.5567
25000000	198000000	432.58734
26000000	198000000	353.50143
27000000	198000000	364.51212
28000000	198000000	396.22168
29000000	198000000	229.17009
30000000	198000000	175.73859
31000000	198000000	282.9488
32000000	198000000	360.75665
33000000	198000000	364.6059
34000000	198000000	213.1541
35000000	198000000	345.52267
36000000	198000000	385.2504
37000000	198000000	226.37292
38000000	198000000	299.695
39000000	198000000	328.13193
40000000	198000000	500.87802
41000000	198000000	475.7301
42000000	198000000	530.6307
43000000	198000000	385.3658
44000000	198000000	366.82477
45000000	198000000	510.51038
46000000	198000000	677.1806
47000000	198000000	567.78723
48000000	198000000	382.55734
49000000	198000000	438.42624
50000000	198000000	514.28534
51000000	198000000	978.3675
52000000	198000000	748.57007
53000000	198000000	587.01697
54000000	198000000	536.01105
55000000	198000000	544.09546
56000000	198000000	619.7193
57000000	198000000	410.99707
58000000	198000000	467.1315
59000000	198000000	889.8898
60000000	198000000	542.06757
61000000	198000000	516.1478
62000000	198000000	761.41864
63000000	198000000	909.7174
64000000	198000000	626.63635
65000000	198000000	863.58765
66000000	198000000	946.04193
67000000	198000000	1089.5026
68000000	198000000	785.3215
69000000	198000000	599.22107
70000000	198000000	971.9587
71000000	198000000	667.49255
72000000	198000000	717.89844
73000000	198000000	635.4224
74000000	198000000	674.75134
75000000	198000000	794.2385
76000000	198000000	793.3472
77000000	198000000	722.43506
78000000	198000000	981.53815
79000000	198000000	784.15765
80000000	198000000	770.24915
81000000	198000000	601.21234
82000000	198000000	732.41284
83000000	198000000	560.0706
84000000	198000000	735.4445
85000000	198000000	966.4101
86000000	198000000	821.5319
87000000	198000000	1054.7094
88000000	198000000	654.0153
89000000	198000000	910.3904
90000000	198000000	900.3462
91000000	198000000	703.87476
92000000	198000000	820.49896
93000000	198000000	1053.8788
94000000	198000000	764.65814
95000000	198000000	610.0599
96000000	198000000	417.23856
97000000	198000000	793.478
98000000	198000000	715.2239
99000000	198000000	578.8332
100000000	198000000	1094.2621
101000000	198000000	1171.7283
102000000	198000000	638.0897
103000000	198000000	588.7572
104000000	198000000	612.24115
105000000	198000000	817.0253
106000000	198000000	524.2403
107000000	198000000	730.6297
108000000	198000000	911.11926
109000000	198000000	891.07355
110000000	198000000	613.13513
111000000	198000000	657.5848
112000000	198000000	582.93854
113000000	198000000	686.52124
114000000	198000000	647.2609
115000000	198000000	544.37213
116000000	198000000	626.8049
117000000	198000000	857.0197
118000000	198000000	672.63245
119000000	198000000	704.0786
120000000	198000000	668.186
121000000	198000000	1075.1788
142000000	198000000	95.6736
143000000	198000000	875.6746
144000000	198000000	1098.0784
145000000	198000000	1308.3469
146000000	198000000	969.88135
147000000	198000000	971.75085
148000000	198000000	776.20264
149000000	198000000	955.42426
150000000	198000000	1134.1765
151000000	198000000	1183.3356
152000000	198000000	1029.8955
153000000	198000000	1187.9683
154000000	198000000	1031.3223
155000000	198000000	1034.1117
156000000	198000000	1204.313
157000000	198000000	1924.8893
158000000	198000000	1970.9259
159000000	198000000	2094.228
160000000	198000000	2907.6892
161000000	198000000	2842.5037
162000000	198000000	2908.795
163000000	198000000	2193.9956
164000000	198000000	1940.538
165000000	198000000	2873.2495
166000000	198000000	2632.8445
167000000	198000000	4171.1074
168000000	198000000	3388.1611
169000000	198000000	3546.1475
170000000	198000000	3137.3757
171000000	198000000	3396.5745
172000000	198000000	3565.741
173000000	198000000	3517.7742
174000000	198000000	4166.0854
175000000	198000000	3424.7832
176000000	198000000	3355.3862
177000000	198000000	2723.8826
178000000	198000000	3723.1267
179000000	198000000	4451.524
180000000	198000000	4643.163
181000000	198000000	3648.223
182000000	198000000	3840.8655
183000000	198000000	5500.132
184000000	198000000	6013.27
185000000	198000000	6496.3057
186000000	198000000	8008.8467
187000000	198000000	6822.205
188000000	198000000	6248.594
189000000	198000000	6408.5166
190000000	198000000	6948.3877
191000000	198000000	7786.059
192000000	198000000	10423.241
193000000	198000000	11810.533
194000000	198000000	11030.171
195000000	198000000	13829.33
196000000	198000000	21925.266
197000000	198000000	120272.055
198000000	198000000	559843.75
0	199000000	237.35193
1000000	199000000	343.98764
2000000	199000000	288.8098
3000000	199000000	278.09708
4000000	199000000	268.59387
5000000	199000000	322.0613
6000000	199000000	475.32553
7000000	199000000	444.84528
8000000	199000000	564.12225
9000000	199000000	464.77426
10000000	199000000	373.27545
11000000	199000000	355.98322
12000000	199000000	445.23782
13000000	199000000	321.40704
14000000	199000000	438.9098
15000000	199000000	403.89282
16000000	199000000	419.84723
17000000	199000000	337.44397
18000000	199000000	315.31055
19000000	199000000	363.7737
20000000	199000000	375.33475
21000000	199000000	389.13864
22000000	199000000	368.35104
23000000	199000000	399.41388
24000000	199000000	464.58826
25000000	199000000	482.8056
26000000	199000000	382.9448
27000000	199000000	367.82703
28000000	199000000	397.46716
29000000	199000000	333.25806
30000000	199000000	328.97256
31000000	199000000	350.08337
32000000	199000000	378.4666
33000000	199000000	340.57684
34000000	199000000	387.16656
35000000	199000000	373.79425
36000000	199000000	356.01385
37000000	199000000	359.9112
38000000	199000000	365.83618
39000000	199000000	352.70557
40000000	199000000	486.09125
41000000	199000000	519.0074
42000000	199000000	622.54034
43000000	199000000	437.5463
44000000	199000000	503.77103
45000000	199000000	552.329
46000000	199000000	591.051
47000000	199000000	692.67535
48000000	199000000	665.97595
49000000	199000000	614.8915
50000000	199000000	636.9347
51000000	199000000	796.905
52000000	199000000	713.0202
53000000	199000000	671.20776
54000000	199000000	644.59784
55000000	199000000	667.24603
56000000	199000000	777.2919
57000000	199000000	622.5923
58000000	199000000	697.213
59000000	199000000	783.70966
60000000	199000000	658.1624
61000000	199000000	734.71924
62000000	199000000	845.8603
63000000	199000000	940.527
64000000	199000000	823.7308
65000000	199000000	904.5247
66000000	199000000	855.397
67000000	199000000	966.6641
68000000	199000000	780.8752
69000000	199000000	745.7296
70000000	199000000	780.9989
71000000	199000000	730.0351
72000000	199000000	777.9312
73000000	199000000	717.13727
74000000	199000000	741.99927
75000000	199000000	731.1578
76000000	199000000	755.2174
77000000	199000000	723.6517
78000000	199000000	767.0238
79000000	199000000	712.6867
80000000	199000000	723.04333
81000000	199000000	730.59735
82000000	199000000	719.9079
83000000	199000000	660.37177
84000000	199000000	722.97534
85000000	199000000	885.70197
86000000	199000000	827.16516
87000000	199000000	927.8564
88000000	199000000	817.6265
89000000	199000000	909.87695
90000000	199000000	944.9943
91000000	199000000	842.1788
92000000	199000000	865.7096
93000000	199000000	942.82654
94000000	199000000	869.9767
95000000	199000000	703.0908
96000000	199000000	498.30743
97000000	199000000	694.0679
98000000	199000000	723.90045
99000000	199000000	718.56946
100000000	199000000	803.86273
101000000	199000000	875.1648
102000000	199000000	706.5479
103000000	199000000	676.9697
104000000	199000000	686.6744
105000000	199000000	708.3695
106000000	199000000	622.5748
107000000	199000000	815.51447
108000000	199000000	891.285
109000000	199000000	884.8633
110000000	199000000	650.1903
111000000	199000000	708.97473
112000000	199000000	805.36066
113000000	199000000	671.79114
114000000	199000000	702.3524
115000000	199000000	718.79456
116000000	199000000	806.50336
117000000	199000000	854.0468
118000000	199000000	743.6048
119000000	199000000	727.74176
120000000	199000000	759.8439
121000000	199000000	1345.6985
142000000	199000000	98.59778
143000000	199000000	833.0205
144000000	199000000	1333.6318
145000000	199000000	1320.1963
146000000	199000000	1272.1227
147000000	199000000	1279.7252
148000000	199000000	1434.3512
149000000	199000000	1065.8108
150000000	199000000	970.71686
151000000	199000000	1128.8644
152000000	199000000	1738.5342
153000000	199000000	1295.8727
154000000	199000000	1098.1543
155000000	199000000	932.73773
156000000	199000000	1150.8584
157000000	199000000	2262.4343
158000000	199000000	2487.458
159000000	199000000	2599.0894
160000000	199000000	2322.0637
161000000	199000000	2261.4873
162000000	199000000	3251.842
163000000	199000000	2836.5728
164000000	199000000	2571.948
165000000	199000000	3079.3242
166000000	199000000	3048.1362
167000000	199000000	3372.3875
168000000	199000000	3537.6858
169000000	199000000	3439.281
170000000	199000000	3595.25
171000000	199000000	3700.41
172000000	199000000	3720.0298
173000000	199000000	3283.4436
174000000	199000000	3727.7805
175000000	199000000	3952.5015
176000000	199000000	4024.2534
177000000	199000000	4090.586
178000000	199000000	4154.237
179000000	199000000	4184.3413
180000000	199000000	4057.3716
181000000	199000000	4220.7163
182000000	199000000	4367.641
183000000	199000000	5097.628
184000000	199000000	6219.6025
185000000	199000000	6190.682
186000000	199000000	6483.451
187000000	199000000	6609.602
188000000	199000000	6297.2334
189000000	199000000	6729.0293
190000000	199000000	6994.0205
191000000	199000000	7495.364
192000000	199000000	8476.833
193000000	199000000	9254.88
194000000	199000000	10508.398
195000000	199000000	13155.703
196000000	199000000	18950.113
197000000	199000000	45984.277
198000000	199000000	200305.88
199000000	199000000	515227.06
0	200000000	606.9735
1000000	200000000	870.97614
2000000	200000000	490.4491
3000000	200000000	510.65268
4000000	200000000	313.8171
5000000	200000000	334.91257
6000000	200000000	880.9357
7000000	200000000	627.38824
8000000	200000000	1132.631
9000000	200000000	966.6384
10000000	200000000	825.43427
11000000	200000000	727.5778
12000000	200000000	822.56464
13000000	200000000	363.6642
14000000	200000000	550.1184
15000000	200000000	732.3286
16000000	200000000	902.897
17000000	200000000	606.6447
18000000	200000000	415.1058
19000000	200000000	671.7298
20000000	200000000	643.58844
21000000	200000000	748.5735
22000000	200000000	643.8344
23000000	200000000	766.1615
24000000	200000000	874.49084
25000000	200000000	987.5111
26000000	200000000	841.1207
27000000	200000000	912.3223
28000000	200000000	932.3881
29000000	200000000	603.9728
30000000	200000000	368.06152
31000000	200000000	672.7411
32000000	200000000	806.25305
33000000	200000000	754.2572
34000000	200000000	417.38354
35000000	200000000	636.04474
36000000	200000000	836.1978
37000000	200000000	519.52423
38000000	200000000	705.2248
39000000	200000000	816.0628
40000000	200000000	1061.1855
41000000	200000000	1052.1079
42000000	200000000	1026.0869
43000000	200000000	804.2473
44000000	200000000	889.7339
45000000	200000000	1117.2671
46000000	200000000	1384.2885
47000000	200000000	1014.7794
48000000	200000000	566.1407
49000000	200000000	463.98743
50000000	200000000	497.74936
51000000	200000000	1278.476
52000000	200000000	1411.0375
53000000	200000000	1280.528
54000000	200000000	1188.8033
55000000	200000000	1029.5732
56000000	200000000	795.55176
57000000	200000000	527.9448
58000000	200000000	544.7025
59000000	200000000	1078.9138
60000000	200000000	576.2574
61000000	200000000	523.0574
62000000	200000000	833.8976
63000000	200000000	1050.8741
64000000	200000000	798.1838
65000000	200000000	914.37213
66000000	200000000	848.63226
67000000	200000000	1044.2452
68000000	200000000	737.8782
69000000	200000000	425.6266
70000000	200000000	729.027
71000000	200000000	501.59375
72000000	200000000	505.3696
73000000	200000000	420.5666
74000000	200000000	496.51297
75000000	200000000	581.93744
76000000	200000000	647.5882
77000000	200000000	579.28235
78000000	200000000	1000.44507
79000000	200000000	514.1103
80000000	200000000	441.66797
81000000	200000000	384.45322
82000000	200000000	539.1585
83000000	200000000	442.771
84000000	200000000	659.73346
85000000	200000000	907.11774
86000000	200000000	727.7472
87000000	200000000	999.30536
88000000	200000000	599.42633
89000000	200000000	1113.8053
90000000	200000000	1044.0857
91000000	200000000	735.61487
92000000	200000000	935.66644
93000000	200000000	1264.803
94000000	200000000	931.583
95000000	200000000	574.4017
96000000	200000000	277.2478
97000000	200000000	622.387
98000000	200000000	546.5373
99000000	200000000	423.3045
100000000	200000000	1118.8915
101000000	200000000	1008.136
102000000	200000000	453.0784
103000000	200000000	371.13
104000000	200000000	416.41116
105000000	200000000	443.66745
106000000	200000000	342.48828
107000000	200000000	512.6528
108000000	200000000	796.1751
109000000	200000000	1441.5312
110000000	200000000	1269.8893
111000000	200000000	1293.7924
112000000	200000000	1070.9635
113000000	200000000	1097.9443
114000000	200000000	920.1115
115000000	200000000	760.93964
116000000	200000000	863.97815
117000000	200000000	1286.0377
118000000	200000000	762.6026
119000000	200000000	747.55066
120000000	200000000	826.5916
121000000	200000000	1043.9169
142000000	200000000	165.9112
143000000	200000000	642.4595
144000000	200000000	1824.3649
145000000	200000000	2270.827
146000000	200000000	1326.7323
147000000	200000000	1403.3569
148000000	200000000	1438.8729
149000000	200000000	1458.9276
150000000	200000000	2178.1758
151000000	200000000	2216.14
152000000	200000000	1598.2822
153000000	200000000	2073.6538
154000000	200000000	2168.7246
155000000	200000000	2100.5786
156000000	200000000	2742.1006
157000000	200000000	2918.6064
158000000	200000000	2239.125
159000000	200000000	2390.7126
160000000	200000000	4124.973
161000000	200000000	3968.726
162000000	200000000	3160.2937
163000000	200000000	1733.7083
164000000	200000000	1401.975
165000000	200000000	2765.5056
166000000	200000000	2379.4163
167000000	200000000	4769.086
168000000	200000000	3835.2017
169000000	200000000	3671.5151
170000000	200000000	2634.7822
171000000	200000000	3494.9792
172000000	200000000	3682.986
173000000	200000000	3839.903
174000000	200000000	4662.427
175000000	200000000	3937.4116
176000000	200000000	2986.9578
177000000	200000000	2408.8638
178000000	200000000	3391.8936
179000000	200000000	4503.894
180000000	200000000	5102.406
181000000	200000000	5229.0063
182000000	200000000	5505.718
183000000	200000000	7369.275
184000000	200000000	6134.1685
185000000	200000000	4897.9165
186000000	200000000	5006.923
187000000	200000000	3609.589
188000000	200000000	3319.6401
189000000	200000000	3279.4988
190000000	200000000	3518.534
191000000	200000000	4043.958
192000000	200000000	6273.941
193000000	200000000	6739.3433
194000000	200000000	5548.1953
195000000	200000000	6246.248
196000000	200000000	8137.995
197000000	200000000	16411.709
198000000	200000000	41987.785
199000000	200000000	120800.76
200000000	200000000	607288.9
0	201000000	867.2213
1000000	201000000	1146.7472
2000000	201000000	977.8104
3000000	201000000	944.49097
4000000	201000000	634.5826
5000000	201000000	787.89075
6000000	201000000	1568.249
7000000	201000000	1594.3955
8000000	201000000	1561.9229
9000000	201000000	1511.0403
10000000	201000000	1620.686
11000000	201000000	1676.9738
12000000	201000000	1336.207
13000000	201000000	800.3337
14000000	201000000	1005.8021
15000000	201000000	1187.7854
16000000	201000000	1495.4789
17000000	201000000	1442.1537
18000000	201000000	1321.7665
19000000	201000000	1472.0028
20000000	201000000	1564.0135
21000000	201000000	1456.7896
22000000	201000000	1584.8286
23000000	201000000	1514.0608
24000000	201000000	1485.3219
25000000	201000000	1435.654
26000000	201000000	1532.0298
27000000	201000000	1253.9344
28000000	201000000	1066.3141
29000000	201000000	1160.5687
30000000	201000000	1251.2415
31000000	201000000	1260.1981
32000000	201000000	1206.6271
33000000	201000000	1170.0166
34000000	201000000	1204.0262
35000000	201000000	1130.4498
36000000	201000000	1388.2037
37000000	201000000	1648.3142
38000000	201000000	1425.6918
39000000	201000000	1398.8237
40000000	201000000	1306.2839
41000000	201000000	1763.9966
42000000	201000000	1494.8387
43000000	201000000	1574.9247
44000000	201000000	2003.5082
45000000	201000000	1705.3173
46000000	201000000	1666.84
47000000	201000000	1502.294
48000000	201000000	987.17267
49000000	201000000	536.1641
50000000	201000000	572.8149
51000000	201000000	1097.9296
52000000	201000000	1747.41
53000000	201000000	2197.3293
54000000	201000000	2158.2139
55000000	201000000	1486.4095
56000000	201000000	850.557
57000000	201000000	734.29395
58000000	201000000	759.67096
59000000	201000000	993.6024
60000000	201000000	571.2406
61000000	201000000	573.36957
62000000	201000000	933.5362
63000000	201000000	950.7313
64000000	201000000	816.4069
65000000	201000000	795.3574
66000000	201000000	637.61884
67000000	201000000	773.69104
68000000	201000000	547.73663
69000000	201000000	301.69867
70000000	201000000	483.3726
71000000	201000000	353.40216
72000000	201000000	310.83755
73000000	201000000	278.25137
74000000	201000000	306.4423
75000000	201000000	394.65314
76000000	201000000	425.40405
77000000	201000000	412.01843
78000000	201000000	622.38086
79000000	201000000	330.3359
80000000	201000000	334.97507
81000000	201000000	278.6773
82000000	201000000	353.25507
83000000	201000000	288.14807
84000000	201000000	444.7283
85000000	201000000	708.75385
86000000	201000000	600.44
87000000	201000000	666.47723
88000000	201000000	578.3828
89000000	201000000	860.46063
90000000	201000000	857.2496
91000000	201000000	718.7014
92000000	201000000	835.76337
93000000	201000000	1029.0654
94000000	201000000	915.80927
95000000	201000000	515.0792
96000000	201000000	253.29703
97000000	201000000	359.9528
98000000	201000000	348.86758
99000000	201000000	368.99286
100000000	201000000	737.53467
101000000	201000000	609.24615
102000000	201000000	317.17444
103000000	201000000	241.26584
104000000	201000000	273.29193
105000000	201000000	297.37173
106000000	201000000	276.30698
107000000	201000000	392.38495
108000000	201000000	603.45447
109000000	201000000	1490.36
110000000	201000000	2179.1157
111000000	201000000	1793.0695
112000000	201000000	1830.4393
113000000	201000000	1421.3246
114000000	201000000	1195.648
115000000	201000000	1111.687
116000000	201000000	1145.6592
117000000	201000000	1174.5759
118000000	201000000	860.0893
119000000	201000000	753.2193
120000000	201000000	1049.5907
121000000	201000000	1247.6796
142000000	201000000	163.116
143000000	201000000	697.6702
144000000	201000000	2744.7954
145000000	201000000	2899.624
146000000	201000000	2154.8108
147000000	201000000	2479.7634
148000000	201000000	1540.1229
149000000	201000000	1669.0442
150000000	201000000	2458.7407
151000000	201000000	3025.5603
152000000	201000000	3098.5332
153000000	201000000	3241.9612
154000000	201000000	3326.6497
155000000	201000000	2783.822
156000000	201000000	4105.0522
157000000	201000000	3761.9849
158000000	201000000	2571.5996
159000000	201000000	3107.5999
160000000	201000000	3781.191
161000000	201000000	3740.6504
162000000	201000000	3550.219
163000000	201000000	1705.9539
164000000	201000000	1497.1788
165000000	201000000	2596.0618
166000000	201000000	2535.7244
167000000	201000000	3979.6558
168000000	201000000	3733.6501
169000000	201000000	3094.8003
170000000	201000000	2543.4458
171000000	201000000	3553.503
172000000	201000000	3372.018
173000000	201000000	3364.6472
174000000	201000000	3677.201
175000000	201000000	4375.094
176000000	201000000	3234.6455
177000000	201000000	2938.3008
178000000	201000000	3248.3462
179000000	201000000	3983.0374
180000000	201000000	4813.647
181000000	201000000	5935.5337
182000000	201000000	6746.76
183000000	201000000	6787.148
184000000	201000000	5223.4434
185000000	201000000	3342.3608
186000000	201000000	2813.5146
187000000	201000000	2045.0211
188000000	201000000	1791.5461
189000000	201000000	2004.041
190000000	201000000	2071.0798
191000000	201000000	2230.2532
192000000	201000000	2961.266
193000000	201000000	3288.5996
194000000	201000000	2858.885
195000000	201000000	3334.8792
196000000	201000000	3996.2805
197000000	201000000	6305.09
198000000	201000000	9600.589
199000000	201000000	19908.006
200000000	201000000	108720.164
201000000	201000000	572838.25
0	202000000	1129.858
1000000	202000000	1661.0446
2000000	202000000	971.2536
3000000	202000000	893.94836
4000000	202000000	544.14465
5000000	202000000	619.51434
6000000	202000000	1719.1879
7000000	202000000	1513.2958
8000000	202000000	2125.3054
9000000	202000000	2210.2654
10000000	202000000	2150.175
11000000	202000000	2043.7126
12000000	202000000	1584.2671
13000000	202000000	700.44415
14000000	202000000	977.7578
15000000	202000000	1315.4888
16000000	202000000	2112.6045
17000000	202000000	1550.965
18000000	202000000	1132.0793
19000000	202000000	1693.7393
20000000	202000000	1698.9052
21000000	202000000	2032.5728
22000000	202000000	1703.1409
23000000	202000000	1899.8312
24000000	202000000	1918.0392
25000000	202000000	2049.8318
26000000	202000000	2144.0454
27000000	202000000	1860.3662
28000000	202000000	1717.0242
29000000	202000000	1354.2166
30000000	202000000	1076.206
31000000	202000000	1627.0602
32000000	202000000	1826.966
33000000	202000000	1587.8301
34000000	202000000	1042.455
35000000	202000000	1424.7147
36000000	202000000	1972.0454
37000000	202000000	1567.2302
38000000	202000000	1746.107
39000000	202000000	1824.6238
40000000	202000000	1889.2134
41000000	202000000	2102.6306
42000000	202000000	1732.8915
43000000	202000000	1968.088
44000000	202000000	2291.7075
45000000	202000000	2251.3296
46000000	202000000	2122.857
47000000	202000000	1323.1859
48000000	202000000	656.69135
49000000	202000000	410.69022
50000000	202000000	458.9087
51000000	202000000	1176.2319
52000000	202000000	1982.5558
53000000	202000000	2234.7957
54000000	202000000	2088.792
55000000	202000000	1309.3096
56000000	202000000	732.77484
57000000	202000000	550.8969
58000000	202000000	577.45074
59000000	202000000	972.6299
60000000	202000000	497.10825
61000000	202000000	442.49164
62000000	202000000	699.2443
63000000	202000000	904.579
64000000	202000000	632.2386
65000000	202000000	731.7878
66000000	202000000	548.5688
67000000	202000000	705.3741
68000000	202000000	468.82632
69000000	202000000	268.42953
70000000	202000000	467.51077
71000000	202000000	291.18826
72000000	202000000	260.42905
73000000	202000000	260.58606
74000000	202000000	261.7946
75000000	202000000	293.9627
76000000	202000000	376.1177
77000000	202000000	397.27283
78000000	202000000	594.5393
79000000	202000000	250.22398
80000000	202000000	269.22333
81000000	202000000	283.65237
82000000	202000000	277.38773
83000000	202000000	244.14871
84000000	202000000	384.37167
85000000	202000000	643.46265
86000000	202000000	560.82227
87000000	202000000	595.8111
88000000	202000000	498.02744
89000000	202000000	727.79407
90000000	202000000	759.9887
91000000	202000000	602.03546
92000000	202000000	751.91486
93000000	202000000	1091.244
94000000	202000000	708.19006
95000000	202000000	417.7964
96000000	202000000	215.38556
97000000	202000000	347.31934
98000000	202000000	339.3836
99000000	202000000	307.0377
100000000	202000000	765.15094
101000000	202000000	580.5065
102000000	202000000	247.0224
103000000	202000000	213.90587
104000000	202000000	267.903
105000000	202000000	250.28638
106000000	202000000	216.57231
107000000	202000000	331.1301
108000000	202000000	547.16266
109000000	202000000	1625.2561
110000000	202000000	2150.6882
111000000	202000000	1737.8253
112000000	202000000	1613.8251
113000000	202000000	1409.7188
114000000	202000000	1186.605
115000000	202000000	1008.732
116000000	202000000	1029.3165
117000000	202000000	1144.7668
118000000	202000000	739.30695
119000000	202000000	695.0784
120000000	202000000	876.28534
121000000	202000000	1055.9655
142000000	202000000	88.07584
143000000	202000000	744.1241
144000000	202000000	2763.062
145000000	202000000	2998.5488
146000000	202000000	2093.4858
147000000	202000000	2219.3347
148000000	202000000	1281.2833
149000000	202000000	1714.4734
150000000	202000000	3641.2522
151000000	202000000	3827.4915
152000000	202000000	2756.7603
153000000	202000000	3403.197
154000000	202000000	4322.076
155000000	202000000	3967.7383
156000000	202000000	4750.742
157000000	202000000	3460.508
158000000	202000000	2196.2847
159000000	202000000	2554.7205
160000000	202000000	3895.1865
161000000	202000000	3962.9458
162000000	202000000	2604.1694
163000000	202000000	1288.9209
164000000	202000000	1019.86273
165000000	202000000	1953.8622
166000000	202000000	1838.7482
167000000	202000000	3475.4124
168000000	202000000	3105.6877
169000000	202000000	2794.4226
170000000	202000000	2037.9261
171000000	202000000	2914.7756
172000000	202000000	2858.9868
173000000	202000000	3033.432
174000000	202000000	3298.2715
175000000	202000000	3063.246
176000000	202000000	2109.7427
177000000	202000000	1852.9954
178000000	202000000	2415.3936
179000000	202000000	3267.9702
180000000	202000000	4186.0146
181000000	202000000	4475.272
182000000	202000000	5458.339
183000000	202000000	5635.339
184000000	202000000	3773.371
185000000	202000000	2622.5337
186000000	202000000	2095.4915
187000000	202000000	1409.7982
188000000	202000000	1388.0928
189000000	202000000	1401.1539
190000000	202000000	1437.1201
191000000	202000000	1669.9371
192000000	202000000	2312.3157
193000000	202000000	2421.993
194000000	202000000	2006.2433
195000000	202000000	2199.4456
196000000	202000000	2398.9885
197000000	202000000	3821.979
198000000	202000000	5707.4175
199000000	202000000	8192.456
200000000	202000000	19711.785
201000000	202000000	125203.16
202000000	202000000	641203.2
0	203000000	994.74994
1000000	203000000	1390.3447
2000000	203000000	1132.1716
3000000	203000000	1097.6908
4000000	203000000	818.8869
5000000	203000000	939.82324
6000000	203000000	1740.1227
7000000	203000000	1968.4994
8000000	203000000	1893.4386
9000000	203000000	1863.7998
10000000	203000000	1883.0867
11000000	203000000	2030.9313
12000000	203000000	1766.7528
13000000	203000000	915.8806
14000000	203000000	1310.756
15000000	203000000	1536.4938
16000000	203000000	1858.2233
17000000	203000000	1761.712
18000000	203000000	1736.6975
19000000	203000000	1922.9595
20000000	203000000	2063.4907
21000000	203000000	1829.3049
22000000	203000000	1972.9958
23000000	203000000	1902.1897
24000000	203000000	1932.3313
25000000	203000000	1847.7593
26000000	203000000	1904.6278
27000000	203000000	1645.794
28000000	203000000	1505.1187
29000000	203000000	1545.0977
30000000	203000000	1690.3341
31000000	203000000	1749.6139
32000000	203000000	1513.5529
33000000	203000000	1675.2878
34000000	203000000	1630.2518
35000000	203000000	1435.1836
36000000	203000000	1716.6093
37000000	203000000	1995.5869
38000000	203000000	1741.2157
39000000	203000000	1711.7405
40000000	203000000	1632.4294
41000000	203000000	2011.4683
42000000	203000000	1853.9171
43000000	203000000	1878.0111
44000000	203000000	2354.9473
45000000	203000000	2036.5637
46000000	203000000	1747.8971
47000000	203000000	1452.7045
48000000	203000000	816.54504
49000000	203000000	540.5799
50000000	203000000	553.9174
51000000	203000000	1048.0438
52000000	203000000	1544.0653
53000000	203000000	1940.068
54000000	203000000	1881.4049
55000000	203000000	1251.8632
56000000	203000000	754.0347
57000000	203000000	660.7749
58000000	203000000	659.6653
59000000	203000000	840.7062
60000000	203000000	521.1838
61000000	203000000	473.00287
62000000	203000000	741.5255
63000000	203000000	826.92346
64000000	203000000	614.3716
65000000	203000000	635.4847
66000000	203000000	558.9787
67000000	203000000	645.5087
68000000	203000000	424.2302
69000000	203000000	253.25839
70000000	203000000	413.4118
71000000	203000000	304.29453
72000000	203000000	257.4157
73000000	203000000	227.95345
74000000	203000000	265.06003
75000000	203000000	290.90875
76000000	203000000	350.3262
77000000	203000000	370.91168
78000000	203000000	488.40778
79000000	203000000	280.4298
80000000	203000000	272.45758
81000000	203000000	220.58986
82000000	203000000	265.00183
83000000	203000000	250.6115
84000000	203000000	352.23767
85000000	203000000	577.18396
86000000	203000000	458.66946
87000000	203000000	545.4411
88000000	203000000	467.2703
89000000	203000000	693.4659
90000000	203000000	716.95154
91000000	203000000	612.9366
92000000	203000000	765.33545
93000000	203000000	900.12024
94000000	203000000	723.9875
95000000	203000000	452.0971
96000000	203000000	254.7106
97000000	203000000	324.46268
98000000	203000000	298.0903
99000000	203000000	333.7211
100000000	203000000	611.1268
101000000	203000000	545.292
102000000	203000000	299.36
103000000	203000000	242.68053
104000000	203000000	256.39862
105000000	203000000	261.68753
106000000	203000000	273.76462
107000000	203000000	332.72565
108000000	203000000	506.1544
109000000	203000000	1251.2083
110000000	203000000	1868.8801
111000000	203000000	1667.009
112000000	203000000	1674.4069
113000000	203000000	1375.3469
114000000	203000000	1147.6862
115000000	203000000	1054.9369
116000000	203000000	1031.9565
117000000	203000000	1132.0283
118000000	203000000	792.9445
119000000	203000000	757.57855
120000000	203000000	866.82227
121000000	203000000	1319.8749
142000000	203000000	149.42313
143000000	203000000	863.27747
144000000	203000000	2809.7034
145000000	203000000	2503.1638
146000000	203000000	2141.5247
147000000	203000000	2326.2104
148000000	203000000	1283.5844
149000000	203000000	1675.1564
150000000	203000000	2665.7837
151000000	203000000	3099.8125
152000000	203000000	3486.6729
153000000	203000000	3506.1035
154000000	203000000	3760.813
155000000	203000000	3035.4692
156000000	203000000	3765.8176
157000000	203000000	3246.9177
158000000	203000000	2486.211
159000000	203000000	2851.7773
160000000	203000000	3422.439
161000000	203000000	3203.989
162000000	203000000	2501.9294
163000000	203000000	1380.5397
164000000	203000000	1208.6412
165000000	203000000	1905.047
166000000	203000000	1958.139
167000000	203000000	2839.7861
168000000	203000000	2656.187
169000000	203000000	2312.0386
170000000	203000000	2040.1381
171000000	203000000	2735.4639
172000000	203000000	2541.1772
173000000	203000000	2583.5896
174000000	203000000	2753.8928
175000000	203000000	2905.12
176000000	203000000	2417.233
177000000	203000000	2180.0347
178000000	203000000	2418.1582
179000000	203000000	3039.8818
180000000	203000000	3515.5903
181000000	203000000	4315.6724
182000000	203000000	4853.8115
183000000	203000000	4659.569
184000000	203000000	3369.4395
185000000	203000000	2197.9517
186000000	203000000	1887.567
187000000	203000000	1437.7601
188000000	203000000	1350.2297
189000000	203000000	1359.7634
190000000	203000000	1425.7485
191000000	203000000	1674.2502
192000000	203000000	2122.7002
193000000	203000000	2178.1816
194000000	203000000	1913.5552
195000000	203000000	1982.6677
196000000	203000000	2340.2324
197000000	203000000	3401.5579
198000000	203000000	4351.353
199000000	203000000	6556.258
200000000	203000000	11874.719
201000000	203000000	37486.33
202000000	203000000	113429.67
203000000	203000000	633044.1
0	204000000	905.0005
1000000	204000000	1335.3663
2000000	204000000	1299.2251
3000000	204000000	1226.92
4000000	204000000	987.43506
5000000	204000000	1177.9655
6000000	204000000	1842.5101
7000000	204000000	2348.6335
8000000	204000000	1746.6458
9000000	204000000	1814.539
10000000	204000000	1970.1566
11000000	204000000	2119.863
12000000	204000000	1748.2456
13000000	204000000	1242.0355
14000000	204000000	1525.3143
15000000	204000000	1653.7455
16000000	204000000	1845.9415
17000000	204000000	1983.734
18000000	204000000	2244.4758
19000000	204000000	2099.499
20000000	204000000	2239.4731
21000000	204000000	1824.7357
22000000	204000000	2138.207
23000000	204000000	2026.9058
24000000	204000000	2035.703
25000000	204000000	1862.5056
26000000	204000000	1840.3301
27000000	204000000	1470.6946
28000000	204000000	1289.3179
29000000	204000000	1763.7491
30000000	204000000	2234.253
31000000	204000000	1848.665
32000000	204000000	1496.1017
33000000	204000000	1594.2139
34000000	204000000	1961.1578
35000000	204000000	1576.5491
36000000	204000000	1572.7349
37000000	204000000	2618.922
38000000	204000000	1892.6302
39000000	204000000	1716.12
40000000	204000000	1443.9614
41000000	204000000	1994.415
42000000	204000000	1889.6582
43000000	204000000	1755.0618
44000000	204000000	2321.0852
45000000	204000000	1958.6912
46000000	204000000	1636.7323
47000000	204000000	1554.9443
48000000	204000000	1009.451
49000000	204000000	614.0658
50000000	204000000	547.20215
51000000	204000000	903.8849
52000000	204000000	1435.5625
53000000	204000000	1948.3497
54000000	204000000	2043.1433
55000000	204000000	1221.4661
56000000	204000000	853.4428
57000000	204000000	780.7548
58000000	204000000	711.5918
59000000	204000000	772.75525
60000000	204000000	533.76953
61000000	204000000	513.9762
62000000	204000000	746.2464
63000000	204000000	835.7392
64000000	204000000	751.786
65000000	204000000	673.3442
66000000	204000000	579.2658
67000000	204000000	587.9695
68000000	204000000	442.0357
69000000	204000000	257.01364
70000000	204000000	403.00543
71000000	204000000	304.28207
72000000	204000000	258.3648
73000000	204000000	239.61673
74000000	204000000	250.45198
75000000	204000000	316.08917
76000000	204000000	353.072
77000000	204000000	348.92194
78000000	204000000	498.15552
79000000	204000000	266.7297
80000000	204000000	267.12253
81000000	204000000	286.80618
82000000	204000000	299.9751
83000000	204000000	282.2367
84000000	204000000	358.04593
85000000	204000000	542.9273
86000000	204000000	452.14688
87000000	204000000	586.5018
88000000	204000000	503.4219
89000000	204000000	625.8883
90000000	204000000	686.10205
91000000	204000000	622.6502
92000000	204000000	717.2517
93000000	204000000	819.70984
94000000	204000000	773.5955
95000000	204000000	436.98065
96000000	204000000	272.65692
97000000	204000000	313.3165
98000000	204000000	331.47647
99000000	204000000	349.2697
100000000	204000000	557.5227
101000000	204000000	453.5136
102000000	204000000	279.59546
103000000	204000000	264.36502
104000000	204000000	262.27982
105000000	204000000	275.72153
106000000	204000000	249.97552
107000000	204000000	345.58194
108000000	204000000	514.81256
109000000	204000000	1172.9597
110000000	204000000	1815.4851
111000000	204000000	1580.1553
112000000	204000000	1863.5073
113000000	204000000	1294.2753
114000000	204000000	1236.6139
115000000	204000000	1180.1455
116000000	204000000	1135.7897
117000000	204000000	1100.4084
118000000	204000000	797.1945
119000000	204000000	747.72974
120000000	204000000	886.62823
121000000	204000000	1273.2585
142000000	204000000	170.2219
143000000	204000000	862.88965
144000000	204000000	3437.242
145000000	204000000	2436.6025
146000000	204000000	2310.4507
147000000	204000000	2651.223
148000000	204000000	1714.3636
149000000	204000000	1597.8202
150000000	204000000	2426.6597
151000000	204000000	3042.137
152000000	204000000	4125.49
153000000	204000000	3627.928
154000000	204000000	3459.2253
155000000	204000000	2682.4656
156000000	204000000	3680.3071
157000000	204000000	3528.4146
158000000	204000000	2656.9543
159000000	204000000	3080.0737
160000000	204000000	3052.3157
161000000	204000000	3056.8452
162000000	204000000	2614.76
163000000	204000000	1572.6487
164000000	204000000	1389.6636
165000000	204000000	2094.9834
166000000	204000000	2058.8743
167000000	204000000	2635.174
168000000	204000000	2624.5005
169000000	204000000	2183.5298
170000000	204000000	2230.6785
171000000	204000000	2764.1594
172000000	204000000	2501.3313
173000000	204000000	2429.0972
174000000	204000000	2507.7234
175000000	204000000	3127.3804
176000000	204000000	2621.4526
177000000	204000000	2574.5698
178000000	204000000	2592.0999
179000000	204000000	2998.045
180000000	204000000	3093.7546
181000000	204000000	4324.2607
182000000	204000000	4870.4736
183000000	204000000	4223.08
184000000	204000000	3355.571
185000000	204000000	2215.833
186000000	204000000	1848.087
187000000	204000000	1400.2576
188000000	204000000	1292.4722
189000000	204000000	1374.5273
190000000	204000000	1455.262
191000000	204000000	1600.6653
192000000	204000000	2077.6484
193000000	204000000	2163.2466
194000000	204000000	1884.9087
195000000	204000000	2045.509
196000000	204000000	2399.3086
197000000	204000000	3205.0999
198000000	204000000	3821.2693
199000000	204000000	6054.7827
200000000	204000000	10110.637
201000000	204000000	29941.092
202000000	204000000	40182.555
203000000	204000000	142273.53
204000000	204000000	588443.06
0	205000000	1001.55774
1000000	205000000	1519.5232
2000000	205000000	1057.9109
3000000	205000000	935.7946
4000000	205000000	612.0038
5000000	205000000	683.9301
6000000	205000000	1669.7688
7000000	205000000	1650.7455
8000000	205000000	2004.5881
9000000	205000000	2112.7546
10000000	205000000	1944.4613
11000000	205000000	1909.312
12000000	205000000	1672.5114
13000000	205000000	802.95734
14000000	205000000	1075.5339
15000000	205000000	1409.6018
16000000	205000000	1986.6823
17000000	205000000	1617.8386
18000000	205000000	1310.858
19000000	205000000	1694.535
20000000	205000000	1764.3612
21000000	205000000	1813.4286
22000000	205000000	1782.9493
23000000	205000000	1843.9084
24000000	205000000	1972.5411
25000000	205000000	1923.3873
26000000	205000000	2035.6504
27000000	205000000	1770.527
28000000	205000000	1570.5032
29000000	205000000	1441.501
30000000	205000000	1271.4131
31000000	205000000	1671.8983
32000000	205000000	1676.6744
33000000	205000000	1617.0437
34000000	205000000	1249.8009
35000000	205000000	1413.7405
36000000	205000000	1705.2505
37000000	205000000	1730.3302
38000000	205000000	1678.6847
39000000	205000000	1701.328
40000000	205000000	1788.3573
41000000	205000000	1946.1619
42000000	205000000	1763.5945
43000000	205000000	1757.4512
44000000	205000000	2147.4385
45000000	205000000	1937.9747
46000000	205000000	1877.2092
47000000	205000000	1334.1663
48000000	205000000	690.70044
49000000	205000000	425.57565
50000000	205000000	433.89783
51000000	205000000	1081.3981
52000000	205000000	1645.3861
53000000	205000000	1926.29
54000000	205000000	1857.1249
55000000	205000000	1192.7897
56000000	205000000	713.8331
57000000	205000000	585.46594
58000000	205000000	558.62897
59000000	205000000	869.2915
60000000	205000000	462.9705
61000000	205000000	461.82138
62000000	205000000	652.94147
63000000	205000000	835.67377
64000000	205000000	614.4712
65000000	205000000	606.43774
66000000	205000000	555.5332
67000000	205000000	659.4706
68000000	205000000	459.61798
69000000	205000000	232.54182
70000000	205000000	412.96487
71000000	205000000	246.36047
72000000	205000000	220.2342
73000000	205000000	192.87213
74000000	205000000	277.02136
75000000	205000000	281.8283
76000000	205000000	363.73465
77000000	205000000	336.57034
78000000	205000000	557.5433
79000000	205000000	309.50494
80000000	205000000	258.79337
81000000	205000000	241.47673
82000000	205000000	276.81955
83000000	205000000	259.45114
84000000	205000000	311.01794
85000000	205000000	559.45355
86000000	205000000	442.99783
87000000	205000000	610.6783
88000000	205000000	488.28436
89000000	205000000	651.6928
90000000	205000000	763.7811
91000000	205000000	578.0693
92000000	205000000	764.6337
93000000	205000000	1020.2293
94000000	205000000	731.3377
95000000	205000000	387.20355
96000000	205000000	227.09944
97000000	205000000	331.22986
98000000	205000000	313.29382
99000000	205000000	288.0967
100000000	205000000	677.7491
101000000	205000000	554.3922
102000000	205000000	260.78223
103000000	205000000	206.00015
104000000	205000000	229.9385
105000000	205000000	255.5984
106000000	205000000	221.22647
107000000	205000000	333.76724
108000000	205000000	496.239
109000000	205000000	1352.6969
110000000	205000000	1882.1028
111000000	205000000	1641.1598
112000000	205000000	1490.6241
113000000	205000000	1333.2947
114000000	205000000	1099.0239
115000000	205000000	890.5497
116000000	205000000	969.47205
117000000	205000000	1225.5571
118000000	205000000	681.5466
119000000	205000000	653.42535
120000000	205000000	855.20276
121000000	205000000	1180.5717
142000000	205000000	137.24025
143000000	205000000	1304.4354
144000000	205000000	7188.7944
145000000	205000000	2506.7192
146000000	205000000	1971.4772
147000000	205000000	1998.3683
148000000	205000000	1267.0112
149000000	205000000	1675.9181
150000000	205000000	2989.4426
151000000	205000000	3196.1018
152000000	205000000	2810.7236
153000000	205000000	3290.1023
154000000	205000000	3819.6377
155000000	205000000	3304.3994
156000000	205000000	4235.62
157000000	205000000	3346.2253
158000000	205000000	2294.7659
159000000	205000000	2518.3125
160000000	205000000	3474.3057
161000000	205000000	3476.4458
162000000	205000000	2284.7322
163000000	205000000	1110.0875
164000000	205000000	932.62915
165000000	205000000	1771.4976
166000000	205000000	1806.1418
167000000	205000000	3042.1294
168000000	205000000	2587.837
169000000	205000000	2362.3213
170000000	205000000	1798.0028
171000000	205000000	2514.171
172000000	205000000	2603.146
173000000	205000000	2582.8655
174000000	205000000	2742.8447
175000000	205000000	2688.349
176000000	205000000	2037.8373
177000000	205000000	1898.2285
178000000	205000000	2210.4192
179000000	205000000	2984.5315
180000000	205000000	3445.1638
181000000	205000000	3952.4805
182000000	205000000	4690.468
183000000	205000000	4897.0034
184000000	205000000	3319.09
185000000	205000000	2162.152
186000000	205000000	1786.2039
187000000	205000000	1217.4136
188000000	205000000	1250.704
189000000	205000000	1259.9518
190000000	205000000	1275.8525
191000000	205000000	1459.468
192000000	205000000	2076.8538
193000000	205000000	2131.3528
194000000	205000000	1712.065
195000000	205000000	1748.6162
196000000	205000000	2076.0015
197000000	205000000	2881.8613
198000000	205000000	4019.0674
199000000	205000000	5180.6816
200000000	205000000	10083.669
201000000	205000000	21251.12
202000000	205000000	26247.37
203000000	205000000	38949.32
204000000	205000000	131237.53
205000000	205000000	647145.3
0	206000000	1020.26355
1000000	206000000	1301.8866
2000000	206000000	660.9882
3000000	206000000	658.8257
4000000	206000000	320.33286
5000000	206000000	341.70422
6000000	206000000	1177.8613
7000000	206000000	812.0549
8000000	206000000	1827.2107
9000000	206000000	1799.4498
10000000	206000000	1376.436
11000000	206000000	1255.2632
12000000	206000000	1239.7533
13000000	206000000	424.5753
14000000	206000000	656.3788
15000000	206000000	1056.97
16000000	206000000	1599.5426
17000000	206000000	1006.6638
18000000	206000000	553.6732
19000000	206000000	1123.1906
20000000	206000000	1026.6587
21000000	206000000	1385.585
22000000	206000000	1072.8665
23000000	206000000	1339.566
24000000	206000000	1483.1473
25000000	206000000	1568.8627
26000000	206000000	1465.9296
27000000	206000000	1513.8448
28000000	206000000	1585.8474
29000000	206000000	870.1845
30000000	206000000	611.69086
31000000	206000000	1101.5991
32000000	206000000	1488.263
33000000	206000000	1251.575
34000000	206000000	643.80414
35000000	206000000	991.93463
36000000	206000000	1276.7452
37000000	206000000	837.0461
38000000	206000000	1222.3762
39000000	206000000	1228.5112
40000000	206000000	1638.1658
41000000	206000000	1431.6952
42000000	206000000	1467.919
43000000	206000000	1275.1575
44000000	206000000	1432.7904
45000000	206000000	1679.5607
46000000	206000000	1679.0779
47000000	206000000	930.9069
48000000	206000000	437.40808
49000000	206000000	296.4344
50000000	206000000	320.33835
51000000	206000000	1029.3655
52000000	206000000	1558.296
53000000	206000000	1392.3286
54000000	206000000	1189.7809
55000000	206000000	991.1496
56000000	206000000	623.66144
57000000	206000000	424.63837
58000000	206000000	390.70587
59000000	206000000	821.90955
60000000	206000000	402.0013
61000000	206000000	392.68738
62000000	206000000	574.6437
63000000	206000000	731.18054
64000000	206000000	494.65894
65000000	206000000	625.18164
66000000	206000000	592.1855
67000000	206000000	709.0534
68000000	206000000	393.55435
69000000	206000000	189.2207
70000000	206000000	425.37766
71000000	206000000	221.58102
72000000	206000000	247.87836
73000000	206000000	182.69789
74000000	206000000	249.49152
75000000	206000000	309.4361
76000000	206000000	342.55865
77000000	206000000	290.96338
78000000	206000000	552.7794
79000000	206000000	303.35663
80000000	206000000	204.7751
81000000	206000000	218.40048
82000000	206000000	336.62784
83000000	206000000	238.45567
84000000	206000000	319.58987
85000000	206000000	565.70026
86000000	206000000	473.02225
87000000	206000000	602.5105
88000000	206000000	392.30975
89000000	206000000	736.6715
90000000	206000000	807.11066
91000000	206000000	508.52396
92000000	206000000	703.9283
93000000	206000000	981.6588
94000000	206000000	629.6849
95000000	206000000	333.9703
96000000	206000000	158.22395
97000000	206000000	318.90475
98000000	206000000	265.27728
99000000	206000000	250.46645
100000000	206000000	702.48004
101000000	206000000	654.87476
102000000	206000000	225.27612
103000000	206000000	172.43234
104000000	206000000	209.27284
105000000	206000000	247.69815
106000000	206000000	187.92088
107000000	206000000	302.009
108000000	206000000	465.76505
109000000	206000000	1172.4365
110000000	206000000	1533.4915
111000000	206000000	1386.1555
112000000	206000000	1038.6019
113000000	206000000	1043.5508
114000000	206000000	919.01086
115000000	206000000	742.943
116000000	206000000	750.0621
117000000	206000000	1119.2902
118000000	206000000	603.5281
119000000	206000000	530.34106
120000000	206000000	753.2994
121000000	206000000	998.45776
142000000	206000000	104.92088
143000000	206000000	2437.7166
144000000	206000000	13650.333
145000000	206000000	2479.093
146000000	206000000	1347.6609
147000000	206000000	1413.2163
148000000	206000000	1115.3998
149000000	206000000	1747.7607
150000000	206000000	2998.032
151000000	206000000	2755.1987
152000000	206000000	1655.7921
153000000	206000000	2715.0999
154000000	206000000	3183.533
155000000	206000000	3128.141
156000000	206000000	3825.7864
157000000	206000000	2796.6702
158000000	206000000	1707.6907
159000000	206000000	1773.0968
160000000	206000000	3590.53
161000000	206000000	3461.4868
162000000	206000000	1748.9868
163000000	206000000	813.2442
164000000	206000000	655.3112
165000000	206000000	1478.376
166000000	206000000	1323.2153
167000000	206000000	2892.4937
168000000	206000000	2410.875
169000000	206000000	2289.5464
170000000	206000000	1517.0104
171000000	206000000	1988.7467
172000000	206000000	2308.7349
173000000	206000000	2401.6936
174000000	206000000	2355.4526
175000000	206000000	2059.0005
176000000	206000000	1425.5411
177000000	206000000	1279.377
178000000	206000000	1821.1791
179000000	206000000	2571.4875
180000000	206000000	3269.1443
181000000	206000000	3401.8696
182000000	206000000	4121.9385
183000000	206000000	4597.5337
184000000	206000000	2971.3228
185000000	206000000	2117.5574
186000000	206000000	1773.5361
187000000	206000000	1235.4434
188000000	206000000	1028.7502
189000000	206000000	1093.8076
190000000	206000000	1166.8945
191000000	206000000	1345.4885
192000000	206000000	2427.2737
193000000	206000000	2293.8582
194000000	206000000	1613.4426
195000000	206000000	1585.768
196000000	206000000	1679.1935
197000000	206000000	2481.3677
198000000	206000000	4352.14
199000000	206000000	4480.677
200000000	206000000	9346.321
201000000	206000000	12248.104
202000000	206000000	15091.034
203000000	206000000	16348.833
204000000	206000000	24783.21
205000000	206000000	96656.75
206000000	206000000	683943.1
0	207000000	743.7531
1000000	207000000	1046.1185
2000000	207000000	655.7243
3000000	207000000	647.93115
4000000	207000000	490.10074
5000000	207000000	535.08545
6000000	207000000	1204.704
7000000	207000000	1007.4464
8000000	207000000	1544.0669
9000000	207000000	1439.8988
10000000	207000000	1129.926
11000000	207000000	1100.0846
12000000	207000000	1196.9048
13000000	207000000	556.986
14000000	207000000	834.1287
15000000	207000000	1046.2919
16000000	207000000	1312.6532
17000000	207000000	893.17346
18000000	207000000	652.8357
19000000	207000000	974.50867
20000000	207000000	1065.2297
21000000	207000000	1137.0012
22000000	207000000	1008.4679
23000000	207000000	1055.6548
24000000	207000000	1219.0544
25000000	207000000	1345.8962
26000000	207000000	1154.591
27000000	207000000	1168.5063
28000000	207000000	1124.8245
29000000	207000000	822.4683
30000000	207000000	666.2876
31000000	207000000	1074.335
32000000	207000000	1118.1439
33000000	207000000	1114.7318
34000000	207000000	771.61566
35000000	207000000	1016.26886
36000000	207000000	1174.1388
37000000	207000000	843.423
38000000	207000000	1091.7664
39000000	207000000	1054.4442
40000000	207000000	1311.3994
41000000	207000000	1467.4642
42000000	207000000	1458.5801
43000000	207000000	1236.87
44000000	207000000	1323.2711
45000000	207000000	1472.5895
46000000	207000000	1493.0194
47000000	207000000	1130.7603
48000000	207000000	631.6802
49000000	207000000	463.48
50000000	207000000	513.6036
51000000	207000000	1143.1903
52000000	207000000	1485.5688
53000000	207000000	1406.591
54000000	207000000	1356.9303
55000000	207000000	1064.8716
56000000	207000000	731.5503
57000000	207000000	559.32526
58000000	207000000	626.9132
59000000	207000000	1034.0956
60000000	207000000	589.19006
61000000	207000000	473.63498
62000000	207000000	788.4382
63000000	207000000	942.35626
64000000	207000000	650.85
65000000	207000000	789.20966
66000000	207000000	674.18243
67000000	207000000	826.69617
68000000	207000000	522.3237
69000000	207000000	298.31555
70000000	207000000	597.3567
71000000	207000000	409.65213
72000000	207000000	366.1421
73000000	207000000	350.8281
74000000	207000000	383.5918
75000000	207000000	455.10654
76000000	207000000	500.28546
77000000	207000000	443.47885
78000000	207000000	691.79266
79000000	207000000	397.30862
80000000	207000000	338.2527
81000000	207000000	376.3669
82000000	207000000	321.20334
83000000	207000000	352.02075
84000000	207000000	496.43582
85000000	207000000	725.0267
86000000	207000000	565.3865
87000000	207000000	707.7592
88000000	207000000	526.3489
89000000	207000000	866.97784
90000000	207000000	804.8607
91000000	207000000	661.6983
92000000	207000000	835.1288
93000000	207000000	1093.9093
94000000	207000000	836.09283
95000000	207000000	472.41772
96000000	207000000	264.4264
97000000	207000000	437.82193
98000000	207000000	378.7575
99000000	207000000	374.39056
100000000	207000000	786.0353
101000000	207000000	752.8481
102000000	207000000	300.72394
103000000	207000000	319.5445
104000000	207000000	335.38153
105000000	207000000	335.68082
106000000	207000000	269.6778
107000000	207000000	387.06085
108000000	207000000	593.40027
109000000	207000000	1295.3314
110000000	207000000	1420.2483
111000000	207000000	1491.2179
112000000	207000000	1199.9337
113000000	207000000	1160.6921
114000000	207000000	1029.16
115000000	207000000	892.73755
116000000	207000000	957.387
117000000	207000000	1171.9911
118000000	207000000	748.4754
119000000	207000000	702.6515
120000000	207000000	842.5891
121000000	207000000	1140.29
142000000	207000000	148.80234
143000000	207000000	848.5982
144000000	207000000	4764.3647
145000000	207000000	2435.496
146000000	207000000	1794.7349
147000000	207000000	1769.8945
148000000	207000000	1273.844
149000000	207000000	1585.2584
150000000	207000000	2451.5725
151000000	207000000	2586.5876
152000000	207000000	2223.1484
153000000	207000000	2556.7427
154000000	207000000	2795.3262
155000000	207000000	2404.9185
156000000	207000000	2980.3914
157000000	207000000	3023.446
158000000	207000000	2270.473
159000000	207000000	2386.8484
160000000	207000000	3491.3716
161000000	207000000	3378.1528
162000000	207000000	2556.2932
163000000	207000000	1340.5277
164000000	207000000	1083.5907
165000000	207000000	1920.7412
166000000	207000000	2001.2076
167000000	207000000	3492.3975
168000000	207000000	3020.775
169000000	207000000	2827.5205
170000000	207000000	2208.4658
171000000	207000000	2898.872
172000000	207000000	3054.0115
173000000	207000000	3175.0
174000000	207000000	3330.1875
175000000	207000000	2872.6255
176000000	207000000	2289.1592
177000000	207000000	2006.4966
178000000	207000000	2616.1445
179000000	207000000	3392.9614
180000000	207000000	4039.155
181000000	207000000	4193.964
182000000	207000000	4773.8823
183000000	207000000	5177.076
184000000	207000000	4100.1377
185000000	207000000	3060.427
186000000	207000000	2583.6223
187000000	207000000	2062.6843
188000000	207000000	1828.6835
189000000	207000000	1980.2574
190000000	207000000	2168.184
191000000	207000000	2409.54
192000000	207000000	3358.5808
193000000	207000000	3413.4846
194000000	207000000	2544.0588
195000000	207000000	2781.5142
196000000	207000000	2916.196
197000000	207000000	4025.358
198000000	207000000	5777.211
199000000	207000000	6229.398
200000000	207000000	9444.78
201000000	207000000	12117.11
202000000	207000000	12567.257
203000000	207000000	13629.541
204000000	207000000	17750.53
205000000	207000000	30808.775
206000000	207000000	185527.78
207000000	207000000	610535.3
0	208000000	343.51855
1000000	208000000	583.5858
2000000	208000000	668.3113
3000000	208000000	771.72845
4000000	208000000	912.24054
5000000	208000000	1132.896
6000000	208000000	1006.8971
7000000	208000000	1385.2043
8000000	208000000	838.6264
9000000	208000000	633.9152
10000000	208000000	762.6823
11000000	208000000	765.1818
12000000	208000000	1105.3097
13000000	208000000	1035.2415
14000000	208000000	1272.4568
15000000	208000000	1073.1831
16000000	208000000	753.9738
17000000	208000000	986.96643
18000000	208000000	1359.6047
19000000	208000000	936.71075
20000000	208000000	1009.3591
21000000	208000000	675.3608
22000000	208000000	744.2687
23000000	208000000	736.0965
24000000	208000000	748.941
25000000	208000000	809.04004
26000000	208000000	633.8392
27000000	208000000	529.8576
28000000	208000000	508.21585
29000000	208000000	842.62335
30000000	208000000	1228.1697
31000000	208000000	794.3023
32000000	208000000	581.28375
33000000	208000000	710.7082
34000000	208000000	1385.5017
35000000	208000000	817.8145
36000000	208000000	616.2483
37000000	208000000	1166.6764
38000000	208000000	795.16815
39000000	208000000	681.6701
40000000	208000000	548.54254
41000000	208000000	989.01996
42000000	208000000	1058.7086
43000000	208000000	762.43085
44000000	208000000	972.6004
45000000	208000000	819.9223
46000000	208000000	852.30804
47000000	208000000	1452.0933
48000000	208000000	1514.6897
49000000	208000000	1111.1316
50000000	208000000	1122.1992
51000000	208000000	945.85345
52000000	208000000	854.3702
53000000	208000000	1126.9945
54000000	208000000	1217.5262
55000000	208000000	1208.122
56000000	208000000	1258.6223
57000000	208000000	1313.8291
58000000	208000000	1225.82
59000000	208000000	866.80164
60000000	208000000	918.3579
61000000	208000000	1028.3517
62000000	208000000	1087.1771
63000000	208000000	1023.913
64000000	208000000	1241.8339
65000000	208000000	1016.4413
66000000	208000000	834.98016
67000000	208000000	765.73486
68000000	208000000	758.75714
69000000	208000000	669.0513
70000000	208000000	689.859
71000000	208000000	619.98846
72000000	208000000	603.6555
73000000	208000000	538.5014
74000000	208000000	579.13275
75000000	208000000	562.0212
76000000	208000000	641.7808
77000000	208000000	677.7415
78000000	208000000	718.3042
79000000	208000000	557.2352
80000000	208000000	502.73407
81000000	208000000	546.5173
82000000	208000000	503.58002
83000000	208000000	477.19434
84000000	208000000	546.2867
85000000	208000000	654.93066
86000000	208000000	772.0987
87000000	208000000	676.2881
88000000	208000000	777.9352
89000000	208000000	705.944
90000000	208000000	735.23083
91000000	208000000	747.3586
92000000	208000000	717.2422
93000000	208000000	730.953
94000000	208000000	883.40906
95000000	208000000	767.66833
96000000	208000000	516.8651
97000000	208000000	529.0702
98000000	208000000	545.105
99000000	208000000	577.2819
100000000	208000000	582.97943
101000000	208000000	526.6687
102000000	208000000	571.7499
103000000	208000000	469.95154
104000000	208000000	466.39612
105000000	208000000	492.95352
106000000	208000000	470.32843
107000000	208000000	590.5713
108000000	208000000	730.0383
109000000	208000000	833.3572
110000000	208000000	904.814
111000000	208000000	945.1532
112000000	208000000	1380.2732
113000000	208000000	1071.7974
114000000	208000000	1117.1373
115000000	208000000	1263.9783
116000000	208000000	1344.256
117000000	208000000	1047.9205
118000000	208000000	1124.0869
119000000	208000000	1044.1724
120000000	208000000	1237.2523
121000000	208000000	2109.7139
142000000	208000000	105.2005
143000000	208000000	1393.8075
144000000	208000000	2628.0015
145000000	208000000	1775.8247
146000000	208000000	2315.2524
147000000	208000000	2429.2515
148000000	208000000	2769.1755
149000000	208000000	1613.7031
150000000	208000000	1071.6746
151000000	208000000	1701.5898
152000000	208000000	3888.1646
153000000	208000000	2425.805
154000000	208000000	1595.9657
155000000	208000000	1002.2849
156000000	208000000	1601.9805
157000000	208000000	3155.6594
158000000	208000000	3200.1807
159000000	208000000	3777.9836
160000000	208000000	2175.2092
161000000	208000000	2129.755
162000000	208000000	3901.8071
163000000	208000000	3268.2402
164000000	208000000	3186.2993
165000000	208000000	3659.5461
166000000	208000000	3364.0884
167000000	208000000	2758.5461
168000000	208000000	2751.709
169000000	208000000	2437.0164
170000000	208000000	3119.0476
171000000	208000000	3392.623
172000000	208000000	2834.4067
173000000	208000000	2717.968
174000000	208000000	3256.9827
175000000	208000000	5072.754
176000000	208000000	5329.5176
177000000	208000000	5399.067
178000000	208000000	4372.185
179000000	208000000	3892.5942
180000000	208000000	3186.7358
181000000	208000000	4373.5117
182000000	208000000	4437.2715
183000000	208000000	3767.8867
184000000	208000000	4736.5176
185000000	208000000	4042.0227
186000000	208000000	3627.9204
187000000	208000000	3340.2883
188000000	208000000	3426.2732
189000000	208000000	3796.9998
190000000	208000000	3875.0017
191000000	208000000	4042.095
192000000	208000000	4130.209
193000000	208000000	4536.083
194000000	208000000	4591.728
195000000	208000000	4909.4424
196000000	208000000	5778.0063
197000000	208000000	6475.879
198000000	208000000	5476.828
199000000	208000000	8245.218
200000000	208000000	8004.635
201000000	208000000	12461.975
202000000	208000000	9347.915
203000000	208000000	11712.418
204000000	208000000	16751.965
205000000	208000000	16281.331
206000000	208000000	18102.705
207000000	208000000	75115.945
208000000	208000000	525382.6
0	209000000	407.07043
1000000	209000000	514.4441
2000000	209000000	622.79614
3000000	209000000	706.1576
4000000	209000000	851.58356
5000000	209000000	1085.1943
6000000	209000000	920.67096
7000000	209000000	1091.3179
8000000	209000000	762.17206
9000000	209000000	587.7141
10000000	209000000	585.74805
11000000	209000000	668.43744
12000000	209000000	940.2749
13000000	209000000	854.0713
14000000	209000000	1152.487
15000000	209000000	932.0565
16000000	209000000	657.44147
17000000	209000000	787.41956
18000000	209000000	1042.693
19000000	209000000	792.177
20000000	209000000	865.2185
21000000	209000000	596.2749
22000000	209000000	622.1614
23000000	209000000	595.2935
24000000	209000000	670.2249
25000000	209000000	744.5205
26000000	209000000	520.81305
27000000	209000000	481.70657
28000000	209000000	480.02286
29000000	209000000	711.9656
30000000	209000000	970.1217
31000000	209000000	698.3166
32000000	209000000	523.15173
33000000	209000000	667.8909
34000000	209000000	1140.6243
35000000	209000000	740.49725
36000000	209000000	607.10315
37000000	209000000	998.278
38000000	209000000	684.3862
39000000	209000000	624.4589
40000000	209000000	542.95764
41000000	209000000	859.72894
42000000	209000000	968.4643
43000000	209000000	688.17487
44000000	209000000	810.3428
45000000	209000000	775.433
46000000	209000000	794.3047
47000000	209000000	1276.3917
48000000	209000000	1488.0703
49000000	209000000	1135.9287
50000000	209000000	1130.0875
51000000	209000000	932.4264
52000000	209000000	815.3
53000000	209000000	988.8053
54000000	209000000	1049.8027
55000000	209000000	1094.2346
56000000	209000000	1195.668
57000000	209000000	1162.2612
58000000	209000000	1128.3135
59000000	209000000	906.72186
60000000	209000000	919.8912
61000000	209000000	997.4415
62000000	209000000	1004.2099
63000000	209000000	1037.3892
64000000	209000000	1075.8655
65000000	209000000	979.3341
66000000	209000000	877.7908
67000000	209000000	785.6524
68000000	209000000	767.2028
69000000	209000000	733.24603
70000000	209000000	735.6491
71000000	209000000	664.7746
72000000	209000000	665.7713
73000000	209000000	628.9076
74000000	209000000	581.9138
75000000	209000000	624.9615
76000000	209000000	650.40594
77000000	209000000	681.8078
78000000	209000000	671.0512
79000000	209000000	545.7949
80000000	209000000	497.21588
81000000	209000000	575.2291
82000000	209000000	561.30066
83000000	209000000	464.97324
84000000	209000000	555.93243
85000000	209000000	707.6303
86000000	209000000	746.64716
87000000	209000000	700.55096
88000000	209000000	857.5284
89000000	209000000	720.2164
90000000	209000000	775.2653
91000000	209000000	799.2706
92000000	209000000	819.8462
93000000	209000000	762.1475
94000000	209000000	918.0849
95000000	209000000	778.9521
96000000	209000000	586.3265
97000000	209000000	545.5284
98000000	209000000	540.4314
99000000	209000000	594.45764
100000000	209000000	560.2949
101000000	209000000	577.2492
102000000	209000000	551.1759
103000000	209000000	540.7101
104000000	209000000	547.0219
105000000	209000000	487.19446
106000000	209000000	512.7156
107000000	209000000	630.487
108000000	209000000	711.7364
109000000	209000000	782.6666
110000000	209000000	819.7095
111000000	209000000	848.0119
112000000	209000000	1231.4674
113000000	209000000	995.42975
114000000	209000000	995.9196
115000000	209000000	1097.154
116000000	209000000	1204.7297
117000000	209000000	1013.85095
118000000	209000000	1037.8401
119000000	209000000	1122.3235
120000000	209000000	1133.1886
121000000	209000000	2234.4045
142000000	209000000	144.72533
143000000	209000000	1192.1688
144000000	209000000	2068.2898
145000000	209000000	1672.7992
146000000	209000000	2087.3376
147000000	209000000	2146.9824
148000000	209000000	2307.8333
149000000	209000000	1611.4904
150000000	209000000	925.87604
151000000	209000000	1516.6877
152000000	209000000	3441.32
153000000	209000000	2128.8596
154000000	209000000	1514.4697
155000000	209000000	916.3111
156000000	209000000	1423.8141
157000000	209000000	2785.7517
158000000	209000000	2966.1362
159000000	209000000	3482.628
160000000	209000000	2316.7898
161000000	209000000	2195.949
162000000	209000000	3792.8982
163000000	209000000	3228.012
164000000	209000000	3311.319
165000000	209000000	3648.483
166000000	209000000	3471.7651
167000000	209000000	2829.9392
168000000	209000000	2709.9749
169000000	209000000	2484.4814
170000000	209000000	3111.2405
171000000	209000000	3377.286
172000000	209000000	2826.695
173000000	209000000	2684.6465
174000000	209000000	3385.0828
175000000	209000000	4758.26
176000000	209000000	4955.4087
177000000	209000000	5273.937
178000000	209000000	4486.0283
179000000	209000000	4094.331
180000000	209000000	3294.0527
181000000	209000000	4261.4565
182000000	209000000	4074.3823
183000000	209000000	3878.5598
184000000	209000000	4719.7583
185000000	209000000	4297.86
186000000	209000000	4124.935
187000000	209000000	3763.5642
188000000	209000000	3724.3093
189000000	209000000	4068.694
190000000	209000000	4009.8538
191000000	209000000	4490.456
192000000	209000000	4763.9004
193000000	209000000	4919.151
194000000	209000000	4887.444
195000000	209000000	5516.1294
196000000	209000000	6075.7974
197000000	209000000	6812.704
198000000	209000000	5943.835
199000000	209000000	8044.5923
200000000	209000000	7533.9126
201000000	209000000	9440.107
202000000	209000000	7201.0215
203000000	209000000	9009.808
204000000	209000000	11567.1045
205000000	209000000	10242.299
206000000	209000000	10269.04
207000000	209000000	22427.062
208000000	209000000	137110.8
209000000	209000000	527208.3
0	210000000	281.4962
1000000	210000000	448.50464
2000000	210000000	503.71255
3000000	210000000	585.4896
4000000	210000000	694.316
5000000	210000000	804.0322
6000000	210000000	744.2809
7000000	210000000	938.98456
8000000	210000000	656.0082
9000000	210000000	494.39993
10000000	210000000	543.5545
11000000	210000000	568.76337
12000000	210000000	820.2316
13000000	210000000	757.11115
14000000	210000000	933.11816
15000000	210000000	777.0842
16000000	210000000	597.9576
17000000	210000000	696.87946
18000000	210000000	753.2651
19000000	210000000	662.34534
20000000	210000000	708.2438
21000000	210000000	480.2381
22000000	210000000	534.8964
23000000	210000000	523.90356
24000000	210000000	583.2213
25000000	210000000	572.1622
26000000	210000000	475.87097
27000000	210000000	419.94345
28000000	210000000	407.1785
29000000	210000000	565.9565
30000000	210000000	812.6888
31000000	210000000	573.1463
32000000	210000000	455.7923
33000000	210000000	579.5279
34000000	210000000	949.1774
35000000	210000000	582.83203
36000000	210000000	507.50107
37000000	210000000	771.8268
38000000	210000000	575.8907
39000000	210000000	551.9889
40000000	210000000	438.70068
41000000	210000000	777.4754
42000000	210000000	768.9871
43000000	210000000	618.2231
44000000	210000000	745.0051
45000000	210000000	714.4493
46000000	210000000	672.93945
47000000	210000000	1098.4021
48000000	210000000	1233.742
49000000	210000000	1038.9506
50000000	210000000	1031.0879
51000000	210000000	796.7452
52000000	210000000	719.81616
53000000	210000000	915.5533
54000000	210000000	899.25433
55000000	210000000	880.4848
56000000	210000000	1046.8131
57000000	210000000	1091.1835
58000000	210000000	1085.837
59000000	210000000	777.48694
60000000	210000000	865.102
61000000	210000000	951.53815
62000000	210000000	1047.3868
63000000	210000000	997.8488
64000000	210000000	1018.66675
65000000	210000000	981.4608
66000000	210000000	789.9353
67000000	210000000	792.60785
68000000	210000000	792.0779
69000000	210000000	766.39294
70000000	210000000	751.96497
71000000	210000000	793.7834
72000000	210000000	745.0428
73000000	210000000	684.73676
74000000	210000000	629.42993
75000000	210000000	685.76697
76000000	210000000	744.0202
77000000	210000000	733.4771
78000000	210000000	678.65015
79000000	210000000	576.2311
80000000	210000000	588.0135
81000000	210000000	605.00415
82000000	210000000	660.97174
83000000	210000000	558.90515
84000000	210000000	571.97144
85000000	210000000	681.6719
86000000	210000000	763.0656
87000000	210000000	687.2091
88000000	210000000	743.5663
89000000	210000000	734.60547
90000000	210000000	770.1915
91000000	210000000	785.83435
92000000	210000000	727.68634
93000000	210000000	652.0801
94000000	210000000	808.247
95000000	210000000	786.967
96000000	210000000	518.5425
97000000	210000000	560.2211
98000000	210000000	600.4068
99000000	210000000	671.1368
100000000	210000000	573.6131
101000000	210000000	567.9927
102000000	210000000	630.1934
103000000	210000000	584.2211
104000000	210000000	572.2086
105000000	210000000	597.1134
106000000	210000000	539.5747
107000000	210000000	646.25824
108000000	210000000	758.6414
109000000	210000000	770.64417
110000000	210000000	736.95483
111000000	210000000	777.0032
112000000	210000000	1042.5042
113000000	210000000	889.22986
114000000	210000000	918.9948
115000000	210000000	1044.0137
116000000	210000000	1101.3857
117000000	210000000	913.2207
118000000	210000000	925.7514
119000000	210000000	984.357
120000000	210000000	994.0972
121000000	210000000	2155.3057
142000000	210000000	114.337074
143000000	210000000	1086.7462
144000000	210000000	1660.1758
145000000	210000000	1416.1143
146000000	210000000	1955.9482
147000000	210000000	1810.2174
148000000	210000000	1544.0947
149000000	210000000	1384.5159
150000000	210000000	832.8626
151000000	210000000	1291.6934
152000000	210000000	2977.2292
153000000	210000000	1826.4337
154000000	210000000	1256.3307
155000000	210000000	792.5649
156000000	210000000	1146.9769
157000000	210000000	2405.6885
158000000	210000000	2737.307
159000000	210000000	3306.423
160000000	210000000	1825.9625
161000000	210000000	1799.0803
162000000	210000000	3264.0635
163000000	210000000	3113.912
164000000	210000000	3144.2195
165000000	210000000	3367.7815
166000000	210000000	3346.5737
167000000	210000000	2400.1853
168000000	210000000	2534.078
169000000	210000000	2286.996
170000000	210000000	3095.2495
171000000	210000000	3207.0713
172000000	210000000	2438.6672
173000000	210000000	2316.0886
174000000	210000000	2678.403
175000000	210000000	4224.068
176000000	210000000	4560.025
177000000	210000000	4816.774
178000000	210000000	4140.8896
179000000	210000000	3876.7212
180000000	210000000	2840.8884
181000000	210000000	3803.3115
182000000	210000000	3632.8503
183000000	210000000	3334.8928
184000000	210000000	4352.8228
185000000	210000000	4271.3623
186000000	210000000	4234.4365
187000000	210000000	4018.8767
188000000	210000000	4233.1094
189000000	210000000	5005.259
190000000	210000000	5150.766
191000000	210000000	5234.7144
192000000	210000000	5176.679
193000000	210000000	5427.072
194000000	210000000	5414.8105
195000000	210000000	6459.8276
196000000	210000000	7093.3467
197000000	210000000	7173.9756
198000000	210000000	5348.4136
199000000	210000000	7382.4863
200000000	210000000	6155.794
201000000	210000000	8089.9717
202000000	210000000	5972.5044
203000000	210000000	7029.4375
204000000	210000000	8654.332
205000000	210000000	7566.6733
206000000	210000000	6358.7505
207000000	210000000	13056.777
208000000	210000000	39401.863
209000000	210000000	90262.61
210000000	210000000	521588.78
0	211000000	422.64438
1000000	211000000	676.4562
2000000	211000000	557.8713
3000000	211000000	544.9279
4000000	211000000	498.45908
5000000	211000000	572.25616
6000000	211000000	885.7001
7000000	211000000	736.6439
8000000	211000000	944.48615
9000000	211000000	827.4021
10000000	211000000	757.72186
11000000	211000000	653.5079
12000000	211000000	856.55615
13000000	211000000	499.95636
14000000	211000000	700.5564
15000000	211000000	751.4296
16000000	211000000	829.23596
17000000	211000000	652.22046
18000000	211000000	597.74506
19000000	211000000	686.47424
20000000	211000000	623.8714
21000000	211000000	683.468
22000000	211000000	627.91376
23000000	211000000	662.0357
24000000	211000000	671.4453
25000000	211000000	782.9215
26000000	211000000	755.3753
27000000	211000000	642.2354
28000000	211000000	706.33356
29000000	211000000	576.33154
30000000	211000000	566.4837
31000000	211000000	680.6465
32000000	211000000	673.21265
33000000	211000000	706.4457
34000000	211000000	681.6698
35000000	211000000	733.80853
36000000	211000000	722.4155
37000000	211000000	661.23987
38000000	211000000	680.0442
39000000	211000000	677.8173
40000000	211000000	828.44855
41000000	211000000	925.84064
42000000	211000000	884.64343
43000000	211000000	742.8572
44000000	211000000	874.9813
45000000	211000000	949.0998
46000000	211000000	1065.7225
47000000	211000000	1088.2582
48000000	211000000	851.2598
49000000	211000000	710.1489
50000000	211000000	702.1656
51000000	211000000	1146.156
52000000	211000000	1228.2437
53000000	211000000	1094.8613
54000000	211000000	1058.7554
55000000	211000000	1032.6409
56000000	211000000	841.43616
57000000	211000000	776.17126
58000000	211000000	806.7123
59000000	211000000	977.7307
60000000	211000000	691.9582
61000000	211000000	667.51263
62000000	211000000	985.731
63000000	211000000	1026.8184
64000000	211000000	820.5604
65000000	211000000	854.94556
66000000	211000000	780.6449
67000000	211000000	876.13934
68000000	211000000	677.67914
69000000	211000000	498.6685
70000000	211000000	754.1619
71000000	211000000	621.6072
72000000	211000000	546.84424
73000000	211000000	529.49396
74000000	211000000	543.19244
75000000	211000000	590.6206
76000000	211000000	618.73755
77000000	211000000	596.3717
78000000	211000000	787.0298
79000000	211000000	516.3643
80000000	211000000	441.79688
81000000	211000000	489.8053
82000000	211000000	432.05606
83000000	211000000	462.48126
84000000	211000000	542.8831
85000000	211000000	737.13776
86000000	211000000	774.1995
87000000	211000000	726.3078
88000000	211000000	649.18115
89000000	211000000	820.9124
90000000	211000000	777.7794
91000000	211000000	627.3996
92000000	211000000	813.2192
93000000	211000000	961.51733
94000000	211000000	800.69104
95000000	211000000	611.9791
96000000	211000000	418.24777
97000000	211000000	534.094
98000000	211000000	504.60712
99000000	211000000	464.84686
100000000	211000000	838.99554
101000000	211000000	692.5681
102000000	211000000	448.23282
103000000	211000000	409.2786
104000000	211000000	514.5999
105000000	211000000	441.00845
106000000	211000000	423.59686
107000000	211000000	541.0002
108000000	211000000	663.9906
109000000	211000000	1108.9285
110000000	211000000	996.3038
111000000	211000000	914.15515
112000000	211000000	991.9027
113000000	211000000	1014.2523
114000000	211000000	871.93097
115000000	211000000	914.9081
116000000	211000000	927.6242
117000000	211000000	1012.59607
118000000	211000000	833.3086
119000000	211000000	784.0026
120000000	211000000	882.1211
121000000	211000000	1422.3403
142000000	211000000	203.49251
143000000	211000000	798.2195
144000000	211000000	1651.0312
145000000	211000000	1943.4537
146000000	211000000	1498.6052
147000000	211000000	1562.3052
148000000	211000000	1512.6846
149000000	211000000	1292.5632
150000000	211000000	1593.1283
151000000	211000000	1784.0118
152000000	211000000	2040.0447
153000000	211000000	1776.3197
154000000	211000000	1713.1055
155000000	211000000	1399.0537
156000000	211000000	1749.334
157000000	211000000	2293.1785
158000000	211000000	2008.1881
159000000	211000000	2458.163
160000000	211000000	2581.3484
161000000	211000000	2880.737
162000000	211000000	2941.3926
163000000	211000000	2045.5503
164000000	211000000	1978.8185
165000000	211000000	2515.3289
166000000	211000000	2390.6511
167000000	211000000	3265.1758
168000000	211000000	2743.2795
169000000	211000000	2637.8208
170000000	211000000	2373.6711
171000000	211000000	2857.5635
172000000	211000000	2639.4575
173000000	211000000	2693.7612
174000000	211000000	3096.0393
175000000	211000000	3496.0413
176000000	211000000	3211.3354
177000000	211000000	3069.97
178000000	211000000	3326.6318
179000000	211000000	3717.4758
180000000	211000000	3825.5137
181000000	211000000	3741.4062
182000000	211000000	4047.8403
183000000	211000000	4443.453
184000000	211000000	4449.778
185000000	211000000	3827.0999
186000000	211000000	3771.4788
187000000	211000000	3066.9778
188000000	211000000	3000.738
189000000	211000000	3341.7793
190000000	211000000	3620.6367
191000000	211000000	3800.6763
192000000	211000000	4209.0845
193000000	211000000	4686.8467
194000000	211000000	3990.6704
195000000	211000000	4433.86
196000000	211000000	4703.5547
197000000	211000000	5329.966
198000000	211000000	5633.301
199000000	211000000	6249.8315
200000000	211000000	7325.1226
201000000	211000000	8057.888
202000000	211000000	6735.4
203000000	211000000	6575.651
204000000	211000000	7020.8203
205000000	211000000	7373.0474
206000000	211000000	7640.945
207000000	211000000	12542.561
208000000	211000000	22288.887
209000000	211000000	33931.984
210000000	211000000	153903.64
211000000	211000000	506978.16
0	212000000	812.50116
1000000	212000000	1038.6929
2000000	212000000	538.5389
3000000	212000000	572.2531
4000000	212000000	292.80496
5000000	212000000	323.57318
6000000	212000000	1108.2406
7000000	212000000	639.08777
8000000	212000000	1485.132
9000000	212000000	1284.3464
10000000	212000000	1003.5283
11000000	212000000	824.1009
12000000	212000000	927.2219
13000000	212000000	306.9847
14000000	212000000	550.6979
15000000	212000000	832.9727
16000000	212000000	1185.925
17000000	212000000	639.8836
18000000	212000000	330.7771
19000000	212000000	712.73065
20000000	212000000	640.1954
21000000	212000000	891.02606
22000000	212000000	696.1565
23000000	212000000	862.926
24000000	212000000	913.845
25000000	212000000	1110.5336
26000000	212000000	945.6321
27000000	212000000	1058.3516
28000000	212000000	1150.9957
29000000	212000000	641.2442
30000000	212000000	349.69254
31000000	212000000	765.25684
32000000	212000000	1136.1547
33000000	212000000	902.60596
34000000	212000000	394.3686
35000000	212000000	773.437
36000000	212000000	1009.74426
37000000	212000000	464.77847
38000000	212000000	800.4209
39000000	212000000	884.81165
40000000	212000000	1339.0182
41000000	212000000	1104.1836
42000000	212000000	1085.3563
43000000	212000000	898.0907
44000000	212000000	891.1298
45000000	212000000	1224.8679
46000000	212000000	1705.3147
47000000	212000000	980.33014
48000000	212000000	492.23547
49000000	212000000	350.36893
50000000	212000000	392.05023
51000000	212000000	1556.5247
52000000	212000000	1756.2809
53000000	212000000	1317.06
54000000	212000000	1240.7494
55000000	212000000	1039.9698
56000000	212000000	717.95996
57000000	212000000	444.17554
58000000	212000000	512.90015
59000000	212000000	1244.8881
60000000	212000000	534.8855
61000000	212000000	459.2877
62000000	212000000	818.9199
63000000	212000000	1113.8599
64000000	212000000	702.2915
65000000	212000000	776.5585
66000000	212000000	717.1906
67000000	212000000	1044.7319
68000000	212000000	605.44116
69000000	212000000	308.83914
70000000	212000000	743.3706
71000000	212000000	393.66336
72000000	212000000	335.45667
73000000	212000000	327.94543
74000000	212000000	341.1053
75000000	212000000	501.85278
76000000	212000000	541.18976
77000000	212000000	490.26245
78000000	212000000	908.4424
79000000	212000000	418.07886
80000000	212000000	346.05508
81000000	212000000	362.30417
82000000	212000000	426.6575
83000000	212000000	341.34265
84000000	212000000	522.5401
85000000	212000000	894.0533
86000000	212000000	636.5452
87000000	212000000	895.3025
88000000	212000000	489.11713
89000000	212000000	1015.8626
90000000	212000000	955.9759
91000000	212000000	660.40027
92000000	212000000	837.953
93000000	212000000	1394.2335
94000000	212000000	739.0166
95000000	212000000	496.74594
96000000	212000000	240.75987
97000000	212000000	508.36334
98000000	212000000	435.74377
99000000	212000000	328.08286
100000000	212000000	1123.6672
101000000	212000000	982.6266
102000000	212000000	280.1597
103000000	212000000	254.15309
104000000	212000000	285.14008
105000000	212000000	350.2313
106000000	212000000	251.78952
107000000	212000000	408.802
108000000	212000000	612.0747
109000000	212000000	1435.9493
110000000	212000000	1332.3234
111000000	212000000	1209.2062
112000000	212000000	948.92596
113000000	212000000	1014.7516
114000000	212000000	876.3809
115000000	212000000	671.16724
116000000	212000000	733.6242
117000000	212000000	1193.8796
118000000	212000000	629.24146
119000000	212000000	678.18384
120000000	212000000	677.1966
121000000	212000000	1030.9587
142000000	212000000	134.86568
143000000	212000000	569.7181
144000000	212000000	1567.8721
145000000	212000000	2370.9717
146000000	212000000	1085.9816
147000000	212000000	1144.6337
148000000	212000000	1131.8992
149000000	212000000	1380.4067
150000000	212000000	2628.0754
151000000	212000000	2320.2861
152000000	212000000	1057.8617
153000000	212000000	1914.052
154000000	212000000	2329.939
155000000	212000000	2593.1692
156000000	212000000	2690.0068
157000000	212000000	2192.2188
158000000	212000000	1543.3672
159000000	212000000	1537.0587
160000000	212000000	3691.314
161000000	212000000	4208.693
162000000	212000000	2291.909
163000000	212000000	1060.0973
164000000	212000000	784.24695
165000000	212000000	1870.7606
166000000	212000000	1606.3892
167000000	212000000	4214.325
168000000	212000000	3141.293
169000000	212000000	2858.4238
170000000	212000000	1820.0743
171000000	212000000	2615.7598
172000000	212000000	2896.0466
173000000	212000000	3193.8394
174000000	212000000	3622.1143
175000000	212000000	2724.121
176000000	212000000	1821.2457
177000000	212000000	1462.0585
178000000	212000000	2337.8193
179000000	212000000	3614.7559
180000000	212000000	4628.906
181000000	212000000	3759.353
182000000	212000000	4256.495
183000000	212000000	6039.8877
184000000	212000000	4212.4106
185000000	212000000	3393.5454
186000000	212000000	3500.3267
187000000	212000000	2202.3467
188000000	212000000	1877.669
189000000	212000000	1797.4456
190000000	212000000	1875.1184
191000000	212000000	2147.7083
192000000	212000000	3590.1416
193000000	212000000	3987.5405
194000000	212000000	2542.3057
195000000	212000000	2548.042
196000000	212000000	2503.6196
197000000	212000000	3585.5513
198000000	212000000	6591.4937
199000000	212000000	5269.101
200000000	212000000	8973.984
201000000	212000000	7318.916
202000000	212000000	7067.9287
203000000	212000000	5584.6187
204000000	212000000	5511.753
205000000	212000000	7384.699
206000000	212000000	9254.878
207000000	212000000	11424.03
208000000	212000000	9469.691
209000000	212000000	13525.671
210000000	212000000	21255.904
211000000	212000000	148217.67
212000000	212000000	626135.2
0	213000000	394.38354
1000000	213000000	600.8554
2000000	213000000	473.51965
3000000	213000000	506.4049
4000000	213000000	512.87134
5000000	213000000	634.2555
6000000	213000000	755.1167
7000000	213000000	634.2093
8000000	213000000	752.91473
9000000	213000000	593.75946
10000000	213000000	518.56213
11000000	213000000	461.9078
12000000	213000000	647.11505
13000000	213000000	442.87338
14000000	213000000	634.0299
15000000	213000000	634.6361
16000000	213000000	609.516
17000000	213000000	449.11115
18000000	213000000	399.64392
19000000	213000000	442.85266
20000000	213000000	439.71326
21000000	213000000	452.72348
22000000	213000000	412.3345
23000000	213000000	446.1723
24000000	213000000	482.42612
25000000	213000000	535.80804
26000000	213000000	479.57812
27000000	213000000	516.0314
28000000	213000000	575.669
29000000	213000000	419.5984
30000000	213000000	407.95227
31000000	213000000	419.82983
32000000	213000000	540.06256
33000000	213000000	515.15405
34000000	213000000	493.85822
35000000	213000000	482.3802
36000000	213000000	530.92053
37000000	213000000	425.0537
38000000	213000000	457.97964
39000000	213000000	475.23224
40000000	213000000	612.0794
41000000	213000000	702.8733
42000000	213000000	690.20087
43000000	213000000	487.35437
44000000	213000000	554.4377
45000000	213000000	668.9663
46000000	213000000	879.1951
47000000	213000000	1037.7389
48000000	213000000	1034.8728
49000000	213000000	888.00464
50000000	213000000	869.3634
51000000	213000000	1156.9194
52000000	213000000	946.5041
53000000	213000000	838.29663
54000000	213000000	869.9923
55000000	213000000	916.59
56000000	213000000	889.893
57000000	213000000	836.3936
58000000	213000000	905.44104
59000000	213000000	1010.7967
60000000	213000000	804.25006
61000000	213000000	843.56537
62000000	213000000	1028.8751
63000000	213000000	1085.31
64000000	213000000	949.8914
65000000	213000000	966.5767
66000000	213000000	845.6146
67000000	213000000	959.0375
68000000	213000000	893.1632
69000000	213000000	712.10425
70000000	213000000	922.30756
71000000	213000000	720.208
72000000	213000000	677.92487
73000000	213000000	619.87744
74000000	213000000	634.075
75000000	213000000	694.2867
76000000	213000000	712.17126
77000000	213000000	733.1107
78000000	213000000	890.58844
79000000	213000000	542.8953
80000000	213000000	514.80676
81000000	213000000	530.0517
82000000	213000000	574.1187
83000000	213000000	520.20197
84000000	213000000	682.8139
85000000	213000000	828.35516
86000000	213000000	806.33765
87000000	213000000	847.3015
88000000	213000000	702.06226
89000000	213000000	841.03906
90000000	213000000	841.2356
91000000	213000000	745.60974
92000000	213000000	787.35583
93000000	213000000	924.06415
94000000	213000000	850.7297
95000000	213000000	700.9764
96000000	213000000	500.3782
97000000	213000000	608.9871
98000000	213000000	611.7491
99000000	213000000	486.09235
100000000	213000000	828.3354
101000000	213000000	829.5771
102000000	213000000	552.669
103000000	213000000	473.80676
104000000	213000000	510.87555
105000000	213000000	510.08502
106000000	213000000	492.95883
107000000	213000000	584.1155
108000000	213000000	723.3816
109000000	213000000	925.711
110000000	213000000	708.7125
111000000	213000000	712.93335
112000000	213000000	761.9491
113000000	213000000	791.00024
114000000	213000000	751.702
115000000	213000000	785.9346
116000000	213000000	843.07874
117000000	213000000	930.4724
118000000	213000000	768.895
119000000	213000000	823.43695
120000000	213000000	895.11475
121000000	213000000	1567.23
142000000	213000000	77.39594
143000000	213000000	796.93225
144000000	213000000	1289.467
145000000	213000000	1470.2529
146000000	213000000	1248.7742
147000000	213000000	1340.5328
148000000	213000000	1437.1687
149000000	213000000	1329.0829
150000000	213000000	1265.7502
151000000	213000000	1319.4789
152000000	213000000	1739.2513
153000000	213000000	1474.718
154000000	213000000	1243.3896
155000000	213000000	1184.2594
156000000	213000000	1373.5819
157000000	213000000	1904.5967
158000000	213000000	1915.9495
159000000	213000000	2217.5408
160000000	213000000	2333.3481
161000000	213000000	2630.8503
162000000	213000000	3143.7485
163000000	213000000	2531.8538
164000000	213000000	2615.4175
165000000	213000000	3252.1558
166000000	213000000	2844.2573
167000000	213000000	3211.2432
168000000	213000000	2689.1487
169000000	213000000	2575.7876
170000000	213000000	2522.7683
171000000	213000000	2889.5317
172000000	213000000	2626.3103
173000000	213000000	2627.7068
174000000	213000000	3144.4995
175000000	213000000	3823.5996
176000000	213000000	3786.7698
177000000	213000000	3864.2104
178000000	213000000	3506.854
179000000	213000000	3888.6687
180000000	213000000	3695.5134
181000000	213000000	3517.8142
182000000	213000000	3484.4607
183000000	213000000	4171.7974
184000000	213000000	4630.4155
185000000	213000000	4640.4727
186000000	213000000	4725.8345
187000000	213000000	3998.0342
188000000	213000000	3903.3105
189000000	213000000	4387.053
190000000	213000000	4439.9004
191000000	213000000	4689.365
192000000	213000000	5393.7217
193000000	213000000	5754.556
194000000	213000000	4895.6694
195000000	213000000	5334.0063
196000000	213000000	5832.4497
197000000	213000000	6729.252
198000000	213000000	6847.9707
199000000	213000000	6941.9463
200000000	213000000	7001.872
201000000	213000000	5708.073
202000000	213000000	4333.4805
203000000	213000000	4130.204
204000000	213000000	4599.78
205000000	213000000	4593.6357
206000000	213000000	4840.6323
207000000	213000000	7556.8564
208000000	213000000	14078.592
209000000	213000000	17360.879
210000000	213000000	24551.799
211000000	213000000	36106.027
212000000	213000000	123195.07
213000000	213000000	493100.1
0	214000000	205.4526
1000000	214000000	319.7279
2000000	214000000	322.6941
3000000	214000000	399.6768
4000000	214000000	506.18948
5000000	214000000	583.6151
6000000	214000000	479.68628
7000000	214000000	503.96002
8000000	214000000	375.89835
9000000	214000000	305.2651
10000000	214000000	306.05106
11000000	214000000	301.83496
12000000	214000000	423.7131
13000000	214000000	421.0323
14000000	214000000	494.53912
15000000	214000000	474.6713
16000000	214000000	326.60092
17000000	214000000	323.35184
18000000	214000000	352.51706
19000000	214000000	317.88245
20000000	214000000	339.99054
21000000	214000000	258.15808
22000000	214000000	260.38132
23000000	214000000	259.37332
24000000	214000000	282.57812
25000000	214000000	324.79935
26000000	214000000	283.38644
27000000	214000000	255.40927
28000000	214000000	270.96512
29000000	214000000	267.2668
30000000	214000000	306.43457
31000000	214000000	297.27805
32000000	214000000	260.10147
33000000	214000000	314.77042
34000000	214000000	382.4795
35000000	214000000	335.1152
36000000	214000000	286.20956
37000000	214000000	339.10474
38000000	214000000	293.05954
39000000	214000000	267.00168
40000000	214000000	307.5857
41000000	214000000	396.1712
42000000	214000000	400.308
43000000	214000000	298.6838
44000000	214000000	378.04895
45000000	214000000	361.0007
46000000	214000000	425.94614
47000000	214000000	819.5371
48000000	214000000	1084.9037
49000000	214000000	994.67487
50000000	214000000	994.0087
51000000	214000000	729.5596
52000000	214000000	484.7073
53000000	214000000	492.686
54000000	214000000	593.4111
55000000	214000000	613.50684
56000000	214000000	835.37103
57000000	214000000	846.68146
58000000	214000000	905.6815
59000000	214000000	771.38824
60000000	214000000	853.7589
61000000	214000000	947.728
62000000	214000000	981.2265
63000000	214000000	946.6294
64000000	214000000	1006.8431
65000000	214000000	911.7567
66000000	214000000	816.7478
67000000	214000000	784.1751
68000000	214000000	950.76764
69000000	214000000	865.9403
70000000	214000000	925.9638
71000000	214000000	878.54504
72000000	214000000	856.545
73000000	214000000	850.2984
74000000	214000000	834.3901
75000000	214000000	797.2103
76000000	214000000	746.19916
77000000	214000000	792.6031
78000000	214000000	686.2527
79000000	214000000	621.3013
80000000	214000000	681.74335
81000000	214000000	655.415
82000000	214000000	711.2207
83000000	214000000	626.0314
84000000	214000000	625.3571
85000000	214000000	714.1795
86000000	214000000	781.2805
87000000	214000000	677.5183
88000000	214000000	739.768
89000000	214000000	641.4358
90000000	214000000	689.5422
91000000	214000000	679.06604
92000000	214000000	658.22876
93000000	214000000	555.1849
94000000	214000000	714.2652
95000000	214000000	695.8313
96000000	214000000	605.6872
97000000	214000000	616.2577
98000000	214000000	645.1968
99000000	214000000	641.5668
100000000	214000000	570.8277
101000000	214000000	584.01605
102000000	214000000	605.62177
103000000	214000000	617.24457
104000000	214000000	666.6156
105000000	214000000	572.4737
106000000	214000000	619.84045
107000000	214000000	711.6176
108000000	214000000	701.21924
109000000	214000000	525.042
110000000	214000000	389.54263
111000000	214000000	436.55838
112000000	214000000	588.90564
113000000	214000000	575.9504
114000000	214000000	594.18365
115000000	214000000	685.1179
116000000	214000000	753.43604
117000000	214000000	679.84845
118000000	214000000	787.2843
119000000	214000000	881.8498
120000000	214000000	792.0472
121000000	214000000	1870.3082
142000000	214000000	131.95995
143000000	214000000	1093.4464
144000000	214000000	994.41614
145000000	214000000	935.35706
146000000	214000000	1140.1112
147000000	214000000	1171.8484
148000000	214000000	1967.9635
149000000	214000000	1203.5632
150000000	214000000	563.0213
151000000	214000000	781.2904
152000000	214000000	1647.3977
153000000	214000000	1005.0103
154000000	214000000	682.15515
155000000	214000000	535.3768
156000000	214000000	701.1863
157000000	214000000	1497.4696
158000000	214000000	1926.1249
159000000	214000000	2242.3604
160000000	214000000	1385.5511
161000000	214000000	1425.8356
162000000	214000000	2919.385
163000000	214000000	3247.311
164000000	214000000	3246.481
165000000	214000000	3366.5312
166000000	214000000	3037.9358
167000000	214000000	2227.004
168000000	214000000	2127.0164
169000000	214000000	2031.3375
170000000	214000000	2691.476
171000000	214000000	2845.5137
172000000	214000000	2039.1833
173000000	214000000	2048.3325
174000000	214000000	2627.2578
175000000	214000000	3732.3176
176000000	214000000	4260.3975
177000000	214000000	4612.451
178000000	214000000	3884.822
179000000	214000000	3516.0574
180000000	214000000	2404.9312
181000000	214000000	2920.2966
182000000	214000000	2713.9019
183000000	214000000	2884.3572
184000000	214000000	4194.5435
185000000	214000000	4952.6367
186000000	214000000	5386.45
187000000	214000000	5214.1553
188000000	214000000	5234.397
189000000	214000000	6509.3296
190000000	214000000	6225.6826
191000000	214000000	6431.937
192000000	214000000	6027.92
193000000	214000000	6436.876
194000000	214000000	6707.2827
195000000	214000000	7454.7295
196000000	214000000	8562.746
197000000	214000000	8483.097
198000000	214000000	5943.705
199000000	214000000	6944.102
200000000	214000000	5064.11
201000000	214000000	4351.5996
202000000	214000000	2909.7532
203000000	214000000	2997.0664
204000000	214000000	3538.1707
205000000	214000000	3162.1138
206000000	214000000	2765.3247
207000000	214000000	5058.8237
208000000	214000000	13253.617
209000000	214000000	16064.404
210000000	214000000	21299.635
211000000	214000000	18637.066
212000000	214000000	16981.793
213000000	214000000	129476.95
214000000	214000000	496220.56
0	215000000	111.148346
1000000	215000000	239.97165
2000000	215000000	284.6781
3000000	215000000	287.77054
4000000	215000000	486.9763
5000000	215000000	508.29752
6000000	215000000	328.2781
7000000	215000000	383.01212
8000000	215000000	260.73923
9000000	215000000	196.42003
10000000	215000000	237.87236
11000000	215000000	227.09161
12000000	215000000	331.22256
13000000	215000000	348.42224
14000000	215000000	451.04898
15000000	215000000	310.54056
16000000	215000000	267.09903
17000000	215000000	238.36552
18000000	215000000	267.92166
19000000	215000000	281.4064
20000000	215000000	257.99637
21000000	215000000	199.42128
22000000	215000000	207.20789
23000000	215000000	202.49295
24000000	215000000	228.80104
25000000	215000000	237.00534
26000000	215000000	183.92952
27000000	215000000	185.68565
28000000	215000000	169.70569
29000000	215000000	213.73337
30000000	215000000	283.35904
31000000	215000000	202.20422
32000000	215000000	196.24435
33000000	215000000	244.25217
34000000	215000000	353.97913
35000000	215000000	255.44818
36000000	215000000	233.94714
37000000	215000000	271.61502
38000000	215000000	207.69278
39000000	215000000	209.21118
40000000	215000000	181.76173
41000000	215000000	266.53214
42000000	215000000	294.60617
43000000	215000000	228.43196
44000000	215000000	265.72516
45000000	215000000	269.1739
46000000	215000000	279.43198
47000000	215000000	586.1334
48000000	215000000	927.2092
49000000	215000000	1047.8422
50000000	215000000	970.7102
51000000	215000000	506.01303
52000000	215000000	350.91214
53000000	215000000	314.37094
54000000	215000000	382.3503
55000000	215000000	476.15433
56000000	215000000	771.2676
57000000	215000000	757.2052
58000000	215000000	765.72235
59000000	215000000	516.05817
60000000	215000000	870.93286
61000000	215000000	968.89777
62000000	215000000	789.1639
63000000	215000000	775.92804
64000000	215000000	819.4807
65000000	215000000	889.0391
66000000	215000000	870.36084
67000000	215000000	750.3589
68000000	215000000	914.7316
69000000	215000000	1195.3748
70000000	215000000	911.4398
71000000	215000000	1060.1476
72000000	215000000	1025.4188
73000000	215000000	1020.18585
74000000	215000000	976.65094
75000000	215000000	844.6746
76000000	215000000	848.3595
77000000	215000000	801.1648
78000000	215000000	628.29004
79000000	215000000	779.3083
80000000	215000000	718.4388
81000000	215000000	837.6288
82000000	215000000	786.43665
83000000	215000000	704.87085
84000000	215000000	734.60034
85000000	215000000	648.39215
86000000	215000000	815.4717
87000000	215000000	643.5616
88000000	215000000	823.7352
89000000	215000000	555.91266
90000000	215000000	557.71136
91000000	215000000	607.5923
92000000	215000000	557.2925
93000000	215000000	455.89618
94000000	215000000	549.3836
95000000	215000000	731.3416
96000000	215000000	840.6451
97000000	215000000	750.6972
98000000	215000000	691.00433
99000000	215000000	780.06256
100000000	215000000	510.3509
101000000	215000000	478.24725
102000000	215000000	808.37006
103000000	215000000	818.0555
104000000	215000000	738.7934
105000000	215000000	765.35315
106000000	215000000	823.7944
107000000	215000000	786.0635
108000000	215000000	585.9668
109000000	215000000	384.29742
110000000	215000000	244.931
111000000	215000000	323.48935
112000000	215000000	416.252
113000000	215000000	461.45856
114000000	215000000	427.92892
115000000	215000000	628.8365
116000000	215000000	623.19824
117000000	215000000	485.50198
118000000	215000000	742.60486
119000000	215000000	859.5216
120000000	215000000	617.96533
121000000	215000000	1893.0166
142000000	215000000	142.96176
143000000	215000000	947.0543
144000000	215000000	744.86523
145000000	215000000	694.07
146000000	215000000	1109.4028
147000000	215000000	1023.97144
148000000	215000000	883.52435
149000000	215000000	997.6866
150000000	215000000	364.368
151000000	215000000	568.04535
152000000	215000000	1382.1031
153000000	215000000	744.2423
154000000	215000000	505.81616
155000000	215000000	336.62427
156000000	215000000	444.57928
157000000	215000000	1030.7621
158000000	215000000	1821.0079
159000000	215000000	2175.7021
160000000	215000000	973.8196
161000000	215000000	980.09125
162000000	215000000	2258.298
163000000	215000000	3486.0652
164000000	215000000	3554.9927
165000000	215000000	2880.9214
166000000	215000000	3032.7534
167000000	215000000	1682.967
168000000	215000000	1581.4644
169000000	215000000	1759.3793
170000000	215000000	2803.2124
171000000	215000000	2467.5835
172000000	215000000	1618.3552
173000000	215000000	1614.3268
174000000	215000000	2252.03
175000000	215000000	2871.3755
176000000	215000000	4135.3135
177000000	215000000	4647.138
178000000	215000000	3649.605
179000000	215000000	3012.3572
180000000	215000000	1825.5282
181000000	215000000	2097.3667
182000000	215000000	1955.336
183000000	215000000	1969.5238
184000000	215000000	3328.7908
185000000	215000000	4881.539
186000000	215000000	5545.572
187000000	215000000	6597.544
188000000	215000000	7270.019
189000000	215000000	8622.265
190000000	215000000	8473.582
191000000	215000000	8285.648
192000000	215000000	6737.175
193000000	215000000	7300.849
194000000	215000000	8744.294
195000000	215000000	9834.266
196000000	215000000	11422.443
197000000	215000000	10083.072
198000000	215000000	5511.4136
199000000	215000000	6195.876
200000000	215000000	3614.041
201000000	215000000	2809.9675
202000000	215000000	1918.5546
203000000	215000000	2181.2817
204000000	215000000	2437.34
205000000	215000000	2098.3904
206000000	215000000	1885.2965
207000000	215000000	3706.3499
208000000	215000000	9388.828
209000000	215000000	11461.416
210000000	215000000	14729.051
211000000	215000000	11264.584
212000000	215000000	7565.416
213000000	215000000	33258.195
214000000	215000000	129078.445
215000000	215000000	535712.5
0	216000000	150.86816
1000000	216000000	195.27151
2000000	216000000	233.51993
3000000	216000000	263.21512
4000000	216000000	380.10803
5000000	216000000	450.48724
6000000	216000000	325.37234
7000000	216000000	375.45505
8000000	216000000	259.61646
9000000	216000000	200.86748
10000000	216000000	221.90282
11000000	216000000	207.0619
12000000	216000000	319.56186
13000000	216000000	348.71243
14000000	216000000	419.05084
15000000	216000000	324.60864
16000000	216000000	218.1864
17000000	216000000	229.76678
18000000	216000000	262.8111
19000000	216000000	264.1134
20000000	216000000	247.64757
21000000	216000000	175.91847
22000000	216000000	161.58627
23000000	216000000	184.44252
24000000	216000000	208.94899
25000000	216000000	215.17297
26000000	216000000	176.63486
27000000	216000000	176.87158
28000000	216000000	171.49751
29000000	216000000	212.4224
30000000	216000000	242.47287
31000000	216000000	182.6925
32000000	216000000	162.50085
33000000	216000000	205.02994
34000000	216000000	302.52805
35000000	216000000	248.8527
36000000	216000000	183.03136
37000000	216000000	223.8093
38000000	216000000	185.8194
39000000	216000000	212.63426
40000000	216000000	178.54436
41000000	216000000	288.9366
42000000	216000000	282.1836
43000000	216000000	201.07538
44000000	216000000	239.233
45000000	216000000	234.43456
46000000	216000000	278.289
47000000	216000000	548.0479
48000000	216000000	871.752
49000000	216000000	973.1509
50000000	216000000	991.45197
51000000	216000000	524.0875
52000000	216000000	309.8824
53000000	216000000	302.5267
54000000	216000000	337.91846
55000000	216000000	388.91394
56000000	216000000	604.0666
57000000	216000000	704.22797
58000000	216000000	757.2372
59000000	216000000	435.53482
60000000	216000000	806.7658
61000000	216000000	960.7869
62000000	216000000	761.8294
63000000	216000000	671.0442
64000000	216000000	801.9038
65000000	216000000	798.6355
66000000	216000000	798.64844
67000000	216000000	702.9411
68000000	216000000	826.8313
69000000	216000000	1095.214
70000000	216000000	872.4188
71000000	216000000	987.9406
72000000	216000000	1078.3508
73000000	216000000	1066.189
74000000	216000000	944.96844
75000000	216000000	806.27014
76000000	216000000	722.18304
77000000	216000000	766.39264
78000000	216000000	589.4379
79000000	216000000	655.4793
80000000	216000000	791.46356
81000000	216000000	823.7591
82000000	216000000	755.5131
83000000	216000000	744.5482
84000000	216000000	606.7108
85000000	216000000	566.5425
86000000	216000000	709.2818
87000000	216000000	537.6427
88000000	216000000	747.57513
89000000	216000000	504.36374
90000000	216000000	475.45273
91000000	216000000	568.0056
92000000	216000000	476.5364
93000000	216000000	358.097
94000000	216000000	491.8104
95000000	216000000	645.0992
96000000	216000000	837.827
97000000	216000000	628.8277
98000000	216000000	636.8733
99000000	216000000	827.9983
100000000	216000000	436.0515
101000000	216000000	392.94785
102000000	216000000	804.01306
103000000	216000000	789.65125
104000000	216000000	735.4385
105000000	216000000	734.3005
106000000	216000000	812.3832
107000000	216000000	731.8974
108000000	216000000	534.6657
109000000	216000000	340.14026
110000000	216000000	238.126
111000000	216000000	261.4088
112000000	216000000	375.21762
113000000	216000000	346.0262
114000000	216000000	359.0904
115000000	216000000	538.8262
116000000	216000000	594.15314
117000000	216000000	469.27988
118000000	216000000	710.3222
119000000	216000000	743.935
120000000	216000000	616.9316
121000000	216000000	1491.0071
142000000	216000000	69.6353
143000000	216000000	661.8667
144000000	216000000	615.6634
145000000	216000000	612.5997
146000000	216000000	907.2686
147000000	216000000	938.4131
148000000	216000000	1297.4442
149000000	216000000	973.8517
150000000	216000000	361.53363
151000000	216000000	476.03278
152000000	216000000	1244.7207
153000000	216000000	631.4247
154000000	216000000	419.71008
155000000	216000000	316.67712
156000000	216000000	402.64383
157000000	216000000	938.1061
158000000	216000000	1582.5125
159000000	216000000	1871.1653
160000000	216000000	827.857
161000000	216000000	821.231
162000000	216000000	2033.2902
163000000	216000000	3151.5469
164000000	216000000	3414.1228
165000000	216000000	2511.8948
166000000	216000000	2707.7996
167000000	216000000	1313.0494
168000000	216000000	1418.0104
169000000	216000000	1534.5581
170000000	216000000	2603.3967
171000000	216000000	2341.178
172000000	216000000	1558.885
173000000	216000000	1469.4037
174000000	216000000	2053.7363
175000000	216000000	2404.995
176000000	216000000	3958.2605
177000000	216000000	4427.634
178000000	216000000	3549.844
179000000	216000000	2641.1223
180000000	216000000	1593.8821
181000000	216000000	1837.7346
182000000	216000000	1630.4615
183000000	216000000	1603.9662
184000000	216000000	3002.7173
185000000	216000000	4672.354
186000000	216000000	5043.0625
187000000	216000000	6015.692
188000000	216000000	6989.4355
189000000	216000000	8766.31
190000000	216000000	8537.946
191000000	216000000	8089.1997
192000000	216000000	6101.8047
193000000	216000000	6800.636
194000000	216000000	8628.613
195000000	216000000	10035.744
196000000	216000000	11384.258
197000000	216000000	9280.571
198000000	216000000	4734.174
199000000	216000000	5656.7573
200000000	216000000	3103.4233
201000000	216000000	2337.36
202000000	216000000	1622.9695
203000000	216000000	1846.5497
204000000	216000000	2037.6805
205000000	216000000	1823.7295
206000000	216000000	1572.9131
207000000	216000000	3055.1694
208000000	216000000	8061.235
209000000	216000000	8822.41
210000000	216000000	10999.637
211000000	216000000	7653.8423
212000000	216000000	4701.849
213000000	216000000	17258.7
214000000	216000000	34919.06
215000000	216000000	104523.88
216000000	216000000	543627.06
0	217000000	144.44644
1000000	217000000	254.92233
2000000	217000000	240.87329
3000000	217000000	304.0137
4000000	217000000	466.5572
5000000	217000000	491.71686
6000000	217000000	431.93213
7000000	217000000	409.07285
8000000	217000000	345.91153
9000000	217000000	234.1617
10000000	217000000	215.88171
11000000	217000000	263.5038
12000000	217000000	369.7752
13000000	217000000	353.94336
14000000	217000000	413.72403
15000000	217000000	351.04843
16000000	217000000	259.11853
17000000	217000000	255.14671
18000000	217000000	256.35693
19000000	217000000	251.57959
20000000	217000000	227.47032
21000000	217000000	217.84537
22000000	217000000	212.34184
23000000	217000000	199.24689
24000000	217000000	254.24008
25000000	217000000	271.95148
26000000	217000000	239.77795
27000000	217000000	182.90056
28000000	217000000	217.35599
29000000	217000000	195.31897
30000000	217000000	265.92508
31000000	217000000	217.144
32000000	217000000	222.65022
33000000	217000000	259.7979
34000000	217000000	339.6767
35000000	217000000	258.68256
36000000	217000000	238.30699
37000000	217000000	244.49254
38000000	217000000	219.16862
39000000	217000000	225.23792
40000000	217000000	194.83667
41000000	217000000	301.117
42000000	217000000	369.94052
43000000	217000000	207.31406
44000000	217000000	288.84628
45000000	217000000	341.4516
46000000	217000000	332.6739
47000000	217000000	584.6321
48000000	217000000	883.55396
49000000	217000000	1079.9283
50000000	217000000	1025.2393
51000000	217000000	687.8018
52000000	217000000	381.0381
53000000	217000000	407.975
54000000	217000000	410.72568
55000000	217000000	518.0142
56000000	217000000	744.3743
57000000	217000000	763.3572
58000000	217000000	775.3199
59000000	217000000	563.52344
60000000	217000000	857.96136
61000000	217000000	1040.963
62000000	217000000	818.86694
63000000	217000000	805.2059
64000000	217000000	835.56116
65000000	217000000	847.6912
66000000	217000000	789.9786
67000000	217000000	753.4877
68000000	217000000	965.7939
69000000	217000000	1036.7719
70000000	217000000	853.6988
71000000	217000000	954.0783
72000000	217000000	1029.309
73000000	217000000	980.4745
74000000	217000000	886.061
75000000	217000000	782.771
76000000	217000000	745.8032
77000000	217000000	761.8388
78000000	217000000	655.8485
79000000	217000000	756.1692
80000000	217000000	760.3992
81000000	217000000	724.9536
82000000	217000000	686.4825
83000000	217000000	669.2684
84000000	217000000	639.8166
85000000	217000000	667.73224
86000000	217000000	785.99805
87000000	217000000	642.01556
88000000	217000000	698.6472
89000000	217000000	584.0266
90000000	217000000	605.73987
91000000	217000000	585.25055
92000000	217000000	565.88434
93000000	217000000	498.88113
94000000	217000000	579.2344
95000000	217000000	726.01404
96000000	217000000	705.1162
97000000	217000000	614.65295
98000000	217000000	665.1979
99000000	217000000	706.28265
100000000	217000000	496.9575
101000000	217000000	502.38477
102000000	217000000	744.55994
103000000	217000000	733.6037
104000000	217000000	705.65424
105000000	217000000	697.7983
106000000	217000000	682.3025
107000000	217000000	691.4116
108000000	217000000	624.72003
109000000	217000000	424.0808
110000000	217000000	301.62253
111000000	217000000	301.27103
112000000	217000000	430.50027
113000000	217000000	434.73715
114000000	217000000	430.8633
115000000	217000000	598.49567
116000000	217000000	556.5299
117000000	217000000	490.828
118000000	217000000	741.38763
119000000	217000000	780.1666
120000000	217000000	670.0646
121000000	217000000	1764.0343
142000000	217000000	96.514595
143000000	217000000	458.67398
144000000	217000000	750.3983
145000000	217000000	693.35046
146000000	217000000	896.4097
147000000	217000000	923.00037
148000000	217000000	1245.4159
149000000	217000000	852.76917
150000000	217000000	408.1763
151000000	217000000	563.5973
152000000	217000000	1268.0798
153000000	217000000	694.8023
154000000	217000000	485.08954
155000000	217000000	397.04465
156000000	217000000	489.01666
157000000	217000000	1178.2692
158000000	217000000	1535.5011
159000000	217000000	1868.7074
160000000	217000000	989.1471
161000000	217000000	959.11847
162000000	217000000	2254.0815
163000000	217000000	3068.2175
164000000	217000000	3099.1702
165000000	217000000	2801.4336
166000000	217000000	2645.9392
167000000	217000000	1707.1238
168000000	217000000	1585.804
169000000	217000000	1729.2542
170000000	217000000	2529.5574
171000000	217000000	2364.0151
172000000	217000000	1667.4706
173000000	217000000	1680.5237
174000000	217000000	2350.2312
175000000	217000000	2890.122
176000000	217000000	3870.5916
177000000	217000000	4102.4116
178000000	217000000	3462.3008
179000000	217000000	2773.7656
180000000	217000000	1883.3251
181000000	217000000	1977.2781
182000000	217000000	1946.6993
183000000	217000000	1953.3622
184000000	217000000	3426.7678
185000000	217000000	4732.852
186000000	217000000	5299.3955
187000000	217000000	5800.413
188000000	217000000	6244.013
189000000	217000000	7091.132
190000000	217000000	7089.971
191000000	217000000	6843.9385
192000000	217000000	5862.359
193000000	217000000	6535.511
194000000	217000000	7391.6826
195000000	217000000	8201.978
196000000	217000000	9466.601
197000000	217000000	8423.309
198000000	217000000	5291.6606
199000000	217000000	5884.843
200000000	217000000	3726.5989
201000000	217000000	2528.982
202000000	217000000	1793.3751
203000000	217000000	1956.8969
204000000	217000000	2267.0227
205000000	217000000	2008.9021
206000000	217000000	1817.9502
207000000	217000000	3324.9814
208000000	217000000	7738.357
209000000	217000000	8627.087
210000000	217000000	9689.102
211000000	217000000	7554.4473
212000000	217000000	5255.1816
213000000	217000000	14690.21
214000000	217000000	23592.404
215000000	217000000	40451.473
216000000	217000000	136782.8
217000000	217000000	546841.9
0	218000000	162.59196
1000000	218000000	209.6891
2000000	218000000	254.04979
3000000	218000000	293.43265
4000000	218000000	415.40717
5000000	218000000	499.86707
6000000	218000000	348.8642
7000000	218000000	391.15604
8000000	218000000	314.4679
9000000	218000000	210.40083
10000000	218000000	218.1414
11000000	218000000	235.2915
12000000	218000000	342.15045
13000000	218000000	386.7141
14000000	218000000	421.1562
15000000	218000000	345.995
16000000	218000000	234.06552
17000000	218000000	248.12616
18000000	218000000	272.29547
19000000	218000000	246.88528
20000000	218000000	262.29044
21000000	218000000	193.40614
22000000	218000000	206.88458
23000000	218000000	205.14413
24000000	218000000	233.63312
25000000	218000000	257.15656
26000000	218000000	197.07843
27000000	218000000	184.93817
28000000	218000000	223.64731
29000000	218000000	231.62344
30000000	218000000	222.90599
31000000	218000000	222.12158
32000000	218000000	191.56749
33000000	218000000	241.36838
34000000	218000000	295.0343
35000000	218000000	241.61627
36000000	218000000	202.01103
37000000	218000000	231.51884
38000000	218000000	213.13803
39000000	218000000	242.67201
40000000	218000000	186.88928
41000000	218000000	274.91232
42000000	218000000	321.2424
43000000	218000000	224.71927
44000000	218000000	286.85358
45000000	218000000	288.38403
46000000	218000000	304.56006
47000000	218000000	549.43427
48000000	218000000	881.0826
49000000	218000000	990.94104
50000000	218000000	914.10223
51000000	218000000	541.029
52000000	218000000	337.76865
53000000	218000000	347.60883
54000000	218000000	373.57278
55000000	218000000	464.42053
56000000	218000000	676.7317
57000000	218000000	727.6573
58000000	218000000	776.62933
59000000	218000000	511.79193
60000000	218000000	806.10004
61000000	218000000	935.37317
62000000	218000000	815.20746
63000000	218000000	726.72327
64000000	218000000	785.10254
65000000	218000000	766.75934
66000000	218000000	730.8088
67000000	218000000	703.9345
68000000	218000000	807.3827
69000000	218000000	969.57166
70000000	218000000	872.79083
71000000	218000000	955.56396
72000000	218000000	1009.3903
73000000	218000000	945.84216
74000000	218000000	916.3512
75000000	218000000	811.2288
76000000	218000000	793.3692
77000000	218000000	751.7176
78000000	218000000	618.1186
79000000	218000000	665.8779
80000000	218000000	761.7312
81000000	218000000	750.6596
82000000	218000000	685.36194
83000000	218000000	654.3954
84000000	218000000	593.9762
85000000	218000000	604.38574
86000000	218000000	703.051
87000000	218000000	569.16815
88000000	218000000	675.1924
89000000	218000000	497.76917
90000000	218000000	502.8291
91000000	218000000	536.46606
92000000	218000000	495.9335
93000000	218000000	394.58698
94000000	218000000	558.36035
95000000	218000000	625.3083
96000000	218000000	709.25824
97000000	218000000	554.0925
98000000	218000000	629.27765
99000000	218000000	630.42175
100000000	218000000	421.3398
101000000	218000000	431.08243
102000000	218000000	700.56805
103000000	218000000	707.9976
104000000	218000000	693.46136
105000000	218000000	655.74084
106000000	218000000	724.43884
107000000	218000000	705.7384
108000000	218000000	559.32104
109000000	218000000	385.2908
110000000	218000000	270.19617
111000000	218000000	263.4276
112000000	218000000	460.9976
113000000	218000000	406.28494
114000000	218000000	412.2531
115000000	218000000	546.03687
116000000	218000000	544.01526
117000000	218000000	457.36438
118000000	218000000	654.99713
119000000	218000000	687.3978
120000000	218000000	558.9274
121000000	218000000	1685.5059
142000000	218000000	169.8927
143000000	218000000	884.2893
144000000	218000000	582.2792
145000000	218000000	614.30396
146000000	218000000	939.42
147000000	218000000	926.5765
148000000	218000000	855.5241
149000000	218000000	837.0258
150000000	218000000	379.07217
151000000	218000000	531.41284
152000000	218000000	1279.2731
153000000	218000000	696.9011
154000000	218000000	456.64838
155000000	218000000	345.43515
156000000	218000000	451.7168
157000000	218000000	933.4412
158000000	218000000	1497.9032
159000000	218000000	1868.3544
160000000	218000000	855.8478
161000000	218000000	926.1625
162000000	218000000	2027.1124
163000000	218000000	2970.6853
164000000	218000000	3121.5264
165000000	218000000	2484.735
166000000	218000000	2504.0325
167000000	218000000	1404.0472
168000000	218000000	1446.5186
169000000	218000000	1424.3013
170000000	218000000	2309.2808
171000000	218000000	2152.9802
172000000	218000000	1491.0267
173000000	218000000	1449.807
174000000	218000000	1959.4341
175000000	218000000	2526.1758
176000000	218000000	3546.4097
177000000	218000000	3979.4817
178000000	218000000	3141.5203
179000000	218000000	2525.7266
180000000	218000000	1648.7065
181000000	218000000	1913.0376
182000000	218000000	1695.3376
183000000	218000000	1679.7876
184000000	218000000	3103.8362
185000000	218000000	4438.17
186000000	218000000	4938.6123
187000000	218000000	5573.262
188000000	218000000	6346.3896
189000000	218000000	7692.221
190000000	218000000	7650.7666
191000000	218000000	7228.999
192000000	218000000	5614.3677
193000000	218000000	6221.029
194000000	218000000	7513.7314
195000000	218000000	8902.141
196000000	218000000	9609.346
197000000	218000000	8075.4097
198000000	218000000	4276.761
199000000	218000000	5234.608
200000000	218000000	3065.34
201000000	218000000	2390.1133
202000000	218000000	1714.2875
203000000	218000000	1788.6816
204000000	218000000	2054.662
205000000	218000000	1782.973
206000000	218000000	1517.0298
207000000	218000000	2858.5762
208000000	218000000	7053.604
209000000	218000000	7656.4883
210000000	218000000	8650.214
211000000	218000000	6192.3604
212000000	218000000	3770.4167
213000000	218000000	11984.597
214000000	218000000	19101.318
215000000	218000000	30345.207
216000000	218000000	59554.332
217000000	218000000	102939.0
218000000	218000000	493758.62
0	219000000	203.98938
1000000	219000000	334.5082
2000000	219000000	282.8342
3000000	219000000	339.75674
4000000	219000000	409.63193
5000000	219000000	425.64914
6000000	219000000	477.4764
7000000	219000000	368.8178
8000000	219000000	445.81976
9000000	219000000	295.06915
10000000	219000000	302.39163
11000000	219000000	266.4848
12000000	219000000	389.0819
13000000	219000000	316.7115
14000000	219000000	464.5345
15000000	219000000	385.16287
16000000	219000000	318.30612
17000000	219000000	268.83978
18000000	219000000	220.73929
19000000	219000000	277.8367
20000000	219000000	277.65448
21000000	219000000	247.38835
22000000	219000000	215.32306
23000000	219000000	236.91612
24000000	219000000	270.52783
25000000	219000000	331.32736
26000000	219000000	243.83455
27000000	219000000	257.3651
28000000	219000000	274.4363
29000000	219000000	234.36671
30000000	219000000	249.12909
31000000	219000000	282.24994
32000000	219000000	260.9151
33000000	219000000	295.93048
34000000	219000000	298.9206
35000000	219000000	306.3321
36000000	219000000	249.35217
37000000	219000000	261.10648
38000000	219000000	245.25865
39000000	219000000	293.16766
40000000	219000000	309.01324
41000000	219000000	329.72327
42000000	219000000	408.81396
43000000	219000000	303.55035
44000000	219000000	301.6856
45000000	219000000	396.71033
46000000	219000000	445.93356
47000000	219000000	662.44055
48000000	219000000	800.69586
49000000	219000000	790.5024
50000000	219000000	820.8595
51000000	219000000	783.1853
52000000	219000000	497.55426
53000000	219000000	443.9307
54000000	219000000	428.12137
55000000	219000000	511.38733
56000000	219000000	785.4849
57000000	219000000	685.4393
58000000	219000000	670.70374
59000000	219000000	731.3339
60000000	219000000	756.9019
61000000	219000000	834.66583
62000000	219000000	864.2462
63000000	219000000	895.48474
64000000	219000000	795.7948
65000000	219000000	875.64984
66000000	219000000	926.2492
67000000	219000000	939.872
68000000	219000000	872.0374
69000000	219000000	908.79315
70000000	219000000	911.44745
71000000	219000000	927.2158
72000000	219000000	919.53906
73000000	219000000	814.08167
74000000	219000000	826.60925
75000000	219000000	842.6891
76000000	219000000	746.88904
77000000	219000000	744.15027
78000000	219000000	755.8895
79000000	219000000	732.41595
80000000	219000000	763.9193
81000000	219000000	670.54486
82000000	219000000	699.1172
83000000	219000000	673.9643
84000000	219000000	666.5229
85000000	219000000	799.9994
86000000	219000000	750.6517
87000000	219000000	716.01465
88000000	219000000	717.886
89000000	219000000	656.9442
90000000	219000000	665.3021
91000000	219000000	610.18896
92000000	219000000	604.6741
93000000	219000000	615.4734
94000000	219000000	681.71564
95000000	219000000	666.6053
96000000	219000000	557.7801
97000000	219000000	729.95703
98000000	219000000	692.31976
99000000	219000000	665.99756
100000000	219000000	628.7519
101000000	219000000	665.1329
102000000	219000000	735.9449
103000000	219000000	565.9532
104000000	219000000	645.6134
105000000	219000000	706.8193
106000000	219000000	583.45856
107000000	219000000	755.4544
108000000	219000000	662.5703
109000000	219000000	559.79047
110000000	219000000	378.942
111000000	219000000	414.24933
112000000	219000000	503.8255
113000000	219000000	467.9151
114000000	219000000	512.2847
115000000	219000000	570.45276
116000000	219000000	609.8142
117000000	219000000	628.8357
118000000	219000000	676.37366
119000000	219000000	724.1256
120000000	219000000	614.9345
121000000	219000000	1448.9971
142000000	219000000	201.25447
143000000	219000000	708.4723
144000000	219000000	807.2112
145000000	219000000	794.5415
146000000	219000000	861.67395
147000000	219000000	829.89606
148000000	219000000	1097.906
149000000	219000000	775.4458
150000000	219000000	526.3079
151000000	219000000	690.5125
152000000	219000000	1139.5657
153000000	219000000	838.46484
154000000	219000000	644.1654
155000000	219000000	500.81796
156000000	219000000	648.1392
157000000	219000000	1254.2494
158000000	219000000	1598.2467
159000000	219000000	1860.2557
160000000	219000000	1325.831
161000000	219000000	1379.5391
162000000	219000000	2241.2249
163000000	219000000	2449.9482
164000000	219000000	2261.5588
165000000	219000000	2333.9846
166000000	219000000	2387.692
167000000	219000000	2032.9673
168000000	219000000	1814.3469
169000000	219000000	1896.8134
170000000	219000000	2329.4844
171000000	219000000	2344.5083
172000000	219000000	1872.0988
173000000	219000000	1926.5757
174000000	219000000	2550.8965
175000000	219000000	2703.5994
176000000	219000000	3193.062
177000000	219000000	3190.7031
178000000	219000000	3124.8604
179000000	219000000	2920.5393
180000000	219000000	2310.3652
181000000	219000000	2398.41
182000000	219000000	2202.8281
183000000	219000000	2567.4597
184000000	219000000	3731.9536
185000000	219000000	4691.336
186000000	219000000	5311.8657
187000000	219000000	5584.567
188000000	219000000	5497.7036
189000000	219000000	6168.7207
190000000	219000000	6143.016
191000000	219000000	6129.9053
192000000	219000000	5863.616
193000000	219000000	6023.1724
194000000	219000000	6514.216
195000000	219000000	6936.4077
196000000	219000000	7647.755
197000000	219000000	7323.813
198000000	219000000	5637.351
199000000	219000000	5602.2026
200000000	219000000	4103.9067
201000000	219000000	2615.8408
202000000	219000000	1950.0872
203000000	219000000	2044.703
204000000	219000000	2167.8035
205000000	219000000	2124.801
206000000	219000000	2117.1697
207000000	219000000	3643.0752
208000000	219000000	6242.6997
209000000	219000000	6850.806
210000000	219000000	7311.1006
211000000	219000000	6406.0444
212000000	219000000	5380.2026
213000000	219000000	10945.232
214000000	219000000	14148.174
215000000	219000000	18128.629
216000000	219000000	24952.484
217000000	219000000	35009.582
218000000	219000000	178219.31
219000000	219000000	560814.4
0	220000000	335.27518
1000000	220000000	447.04245
2000000	220000000	421.66068
3000000	220000000	429.09125
4000000	220000000	430.429
5000000	220000000	480.16916
6000000	220000000	633.15967
7000000	220000000	494.94775
8000000	220000000	560.302
9000000	220000000	450.3393
10000000	220000000	446.47427
11000000	220000000	434.71432
12000000	220000000	526.10077
13000000	220000000	350.1006
14000000	220000000	525.0906
15000000	220000000	517.21564
16000000	220000000	492.6744
17000000	220000000	351.64066
18000000	220000000	335.04388
19000000	220000000	396.26907
20000000	220000000	362.16867
21000000	220000000	392.63962
22000000	220000000	377.88004
23000000	220000000	355.1364
24000000	220000000	434.15842
25000000	220000000	475.3821
26000000	220000000	382.32715
27000000	220000000	408.93307
28000000	220000000	433.5219
29000000	220000000	378.69022
30000000	220000000	326.66916
31000000	220000000	363.55215
32000000	220000000	397.65906
33000000	220000000	443.371
34000000	220000000	403.47742
35000000	220000000	469.36197
36000000	220000000	418.6411
37000000	220000000	363.35373
38000000	220000000	397.77243
39000000	220000000	476.72006
40000000	220000000	505.99615
41000000	220000000	582.42993
42000000	220000000	592.2488
43000000	220000000	445.08865
44000000	220000000	503.91934
45000000	220000000	587.43054
46000000	220000000	722.9109
47000000	220000000	934.1864
48000000	220000000	791.3526
49000000	220000000	710.04584
50000000	220000000	745.35284
51000000	220000000	978.70575
52000000	220000000	773.6766
53000000	220000000	751.1338
54000000	220000000	766.28467
55000000	220000000	773.1636
56000000	220000000	766.6194
57000000	220000000	644.58453
58000000	220000000	711.55164
59000000	220000000	856.3668
60000000	220000000	690.35345
61000000	220000000	727.4945
62000000	220000000	937.0847
63000000	220000000	1007.73285
64000000	220000000	881.3529
65000000	220000000	896.18036
66000000	220000000	821.9584
67000000	220000000	918.3736
68000000	220000000	821.0852
69000000	220000000	690.1421
70000000	220000000	994.4335
71000000	220000000	800.7209
72000000	220000000	758.5548
73000000	220000000	739.05035
74000000	220000000	699.86975
75000000	220000000	734.42285
76000000	220000000	741.8295
77000000	220000000	717.75525
78000000	220000000	847.26587
79000000	220000000	621.73956
80000000	220000000	596.8568
81000000	220000000	591.08844
82000000	220000000	635.3279
83000000	220000000	570.934
84000000	220000000	566.5026
85000000	220000000	791.7497
86000000	220000000	708.5652
87000000	220000000	767.9134
88000000	220000000	605.95386
89000000	220000000	762.5001
90000000	220000000	737.75793
91000000	220000000	662.6841
92000000	220000000	675.8218
93000000	220000000	802.84344
94000000	220000000	794.8316
95000000	220000000	593.426
96000000	220000000	439.05334
97000000	220000000	659.3951
98000000	220000000	597.785
99000000	220000000	551.344
100000000	220000000	788.282
101000000	220000000	721.7652
102000000	220000000	545.54913
103000000	220000000	549.0731
104000000	220000000	540.26904
105000000	220000000	532.3795
106000000	220000000	507.5867
107000000	220000000	549.1656
108000000	220000000	709.6987
109000000	220000000	845.19836
110000000	220000000	620.0823
111000000	220000000	616.6489
112000000	220000000	650.15216
113000000	220000000	733.5991
114000000	220000000	750.674
115000000	220000000	741.67163
116000000	220000000	665.1349
117000000	220000000	781.9403
118000000	220000000	769.32007
119000000	220000000	717.8611
120000000	220000000	695.0965
121000000	220000000	1357.6445
142000000	220000000	176.93646
143000000	220000000	461.65366
144000000	220000000	1063.5479
145000000	220000000	1145.0831
146000000	220000000	1064.695
147000000	220000000	1049.5734
148000000	220000000	1100.6399
149000000	220000000	1012.5673
150000000	220000000	878.9946
151000000	220000000	1086.388
152000000	220000000	1365.8776
153000000	220000000	1120.6061
154000000	220000000	975.3634
155000000	220000000	871.9068
156000000	220000000	977.75116
157000000	220000000	1554.0812
158000000	220000000	1801.331
159000000	220000000	1990.1704
160000000	220000000	1946.108
161000000	220000000	2105.9585
162000000	220000000	2530.9907
163000000	220000000	2183.735
164000000	220000000	1921.3058
165000000	220000000	2382.327
166000000	220000000	2358.7039
167000000	220000000	2684.568
168000000	220000000	2263.8113
169000000	220000000	2217.951
170000000	220000000	2287.3577
171000000	220000000	2765.0308
172000000	220000000	2254.4226
173000000	220000000	2337.9924
174000000	220000000	2804.8887
175000000	220000000	2860.1555
176000000	220000000	3031.47
177000000	220000000	2846.1555
178000000	220000000	3010.687
179000000	220000000	3606.094
180000000	220000000	3208.6072
181000000	220000000	2864.1904
182000000	220000000	3175.0044
183000000	220000000	3695.8013
184000000	220000000	4357.6484
185000000	220000000	4807.929
186000000	220000000	5824.512
187000000	220000000	4814.5044
188000000	220000000	4614.8247
189000000	220000000	5041.0977
190000000	220000000	5146.1616
191000000	220000000	5297.4443
192000000	220000000	5379.049
193000000	220000000	6029.4614
194000000	220000000	5149.525
195000000	220000000	5644.529
196000000	220000000	6261.222
197000000	220000000	6675.807
198000000	220000000	5829.287
199000000	220000000	5545.1885
200000000	220000000	5194.1387
201000000	220000000	3949.4033
202000000	220000000	2983.4983
203000000	220000000	2820.953
204000000	220000000	2898.6982
205000000	220000000	2938.0845
206000000	220000000	2877.9993
207000000	220000000	4240.2314
208000000	220000000	6356.275
209000000	220000000	7178.3213
210000000	220000000	7476.964
211000000	220000000	7289.93
212000000	220000000	6963.558
213000000	220000000	10934.492
214000000	220000000	12808.736
215000000	220000000	13352.614
216000000	220000000	16356.555
217000000	220000000	22307.246
218000000	220000000	42790.68
219000000	220000000	76952.336
220000000	220000000	551056.5
0	221000000	293.3965
1000000	221000000	494.5647
2000000	221000000	410.40558
3000000	221000000	412.27612
4000000	221000000	409.89737
5000000	221000000	430.95636
6000000	221000000	623.79736
7000000	221000000	522.74896
8000000	221000000	725.9601
9000000	221000000	545.1819
10000000	221000000	468.52817
11000000	221000000	427.42743
12000000	221000000	607.5029
13000000	221000000	374.33533
14000000	221000000	576.9308
15000000	221000000	504.33804
16000000	221000000	498.6586
17000000	221000000	375.89148
18000000	221000000	297.6577
19000000	221000000	390.28525
20000000	221000000	381.64664
21000000	221000000	413.81494
22000000	221000000	369.02618
23000000	221000000	415.39636
24000000	221000000	430.12665
25000000	221000000	578.44946
26000000	221000000	382.80322
27000000	221000000	430.24405
28000000	221000000	473.89166
29000000	221000000	358.30774
30000000	221000000	358.52856
31000000	221000000	397.69998
32000000	221000000	434.30215
33000000	221000000	435.9728
34000000	221000000	443.85718
35000000	221000000	462.87924
36000000	221000000	420.80603
37000000	221000000	376.33575
38000000	221000000	430.0237
39000000	221000000	441.63846
40000000	221000000	556.49524
41000000	221000000	643.567
42000000	221000000	776.90625
43000000	221000000	472.2382
44000000	221000000	502.88428
45000000	221000000	604.98517
46000000	221000000	686.2965
47000000	221000000	762.7687
48000000	221000000	635.6441
49000000	221000000	611.9587
50000000	221000000	646.83154
51000000	221000000	895.3035
52000000	221000000	788.2511
53000000	221000000	701.9323
54000000	221000000	662.9465
55000000	221000000	698.40314
56000000	221000000	834.03577
57000000	221000000	619.3287
58000000	221000000	692.8304
59000000	221000000	806.4966
60000000	221000000	635.78827
61000000	221000000	641.5029
62000000	221000000	730.2973
63000000	221000000	803.86774
64000000	221000000	694.0748
65000000	221000000	766.79193
66000000	221000000	777.9818
67000000	221000000	868.4516
68000000	221000000	657.4108
69000000	221000000	583.3534
70000000	221000000	717.38074
71000000	221000000	619.9073
72000000	221000000	654.0842
73000000	221000000	579.1037
74000000	221000000	580.44855
75000000	221000000	632.767
76000000	221000000	582.02496
77000000	221000000	535.46014
78000000	221000000	658.12976
79000000	221000000	503.46948
80000000	221000000	496.26764
81000000	221000000	500.07602
82000000	221000000	554.6257
83000000	221000000	481.4871
84000000	221000000	570.64343
85000000	221000000	679.6046
86000000	221000000	637.57587
87000000	221000000	709.04865
88000000	221000000	579.7727
89000000	221000000	731.6794
90000000	221000000	723.7446
91000000	221000000	617.3822
92000000	221000000	616.7368
93000000	221000000	743.96497
94000000	221000000	658.1738
95000000	221000000	505.07816
96000000	221000000	335.5822
97000000	221000000	543.2464
98000000	221000000	551.17755
99000000	221000000	496.9518
100000000	221000000	678.9403
101000000	221000000	751.372
102000000	221000000	471.16165
103000000	221000000	378.56088
104000000	221000000	454.5535
105000000	221000000	497.5198
106000000	221000000	432.50113
107000000	221000000	493.34692
108000000	221000000	660.7124
109000000	221000000	719.88605
110000000	221000000	635.3675
111000000	221000000	750.3206
112000000	221000000	713.56024
113000000	221000000	600.2005
114000000	221000000	641.215
115000000	221000000	597.9068
116000000	221000000	686.7463
117000000	221000000	785.3348
118000000	221000000	645.58307
119000000	221000000	673.1798
120000000	221000000	628.0613
121000000	221000000	1355.905
142000000	221000000	117.623024
143000000	221000000	558.98926
144000000	221000000	903.62866
145000000	221000000	1019.65405
146000000	221000000	967.12427
147000000	221000000	957.1434
148000000	221000000	789.74817
149000000	221000000	895.8633
150000000	221000000	869.36664
151000000	221000000	970.69666
152000000	221000000	1226.8582
153000000	221000000	1114.6011
154000000	221000000	1010.97266
155000000	221000000	908.2721
156000000	221000000	1018.1572
157000000	221000000	1589.938
158000000	221000000	1723.1857
159000000	221000000	1716.8638
160000000	221000000	1977.8812
161000000	221000000	1890.6986
162000000	221000000	2033.3024
163000000	221000000	1611.9031
164000000	221000000	1602.6603
165000000	221000000	1902.8468
166000000	221000000	1842.6428
167000000	221000000	2235.5657
168000000	221000000	2093.3684
169000000	221000000	2009.0387
170000000	221000000	2140.1597
171000000	221000000	2190.044
172000000	221000000	2239.3376
173000000	221000000	2146.921
174000000	221000000	2326.877
175000000	221000000	2415.0288
176000000	221000000	2406.7808
177000000	221000000	2329.0422
178000000	221000000	2459.2983
179000000	221000000	2749.468
180000000	221000000	2747.8699
181000000	221000000	2926.0388
182000000	221000000	2929.461
183000000	221000000	3475.9573
184000000	221000000	3706.6477
185000000	221000000	3639.718
186000000	221000000	3629.739
187000000	221000000	3728.4001
188000000	221000000	3607.1418
189000000	221000000	3609.1665
190000000	221000000	3808.906
191000000	221000000	3973.2903
192000000	221000000	4538.9663
193000000	221000000	4118.088
194000000	221000000	4102.763
195000000	221000000	4413.9946
196000000	221000000	4363.6826
197000000	221000000	4454.3516
198000000	221000000	5179.8525
199000000	221000000	5066.7856
200000000	221000000	4485.7393
201000000	221000000	3334.2815
202000000	221000000	2723.0552
203000000	221000000	2584.097
204000000	221000000	2699.1465
205000000	221000000	2844.896
206000000	221000000	3035.2869
207000000	221000000	4084.6028
208000000	221000000	5404.5356
209000000	221000000	5764.4243
210000000	221000000	5746.9595
211000000	221000000	5401.8066
212000000	221000000	5769.9907
213000000	221000000	8123.345
214000000	221000000	8455.152
215000000	221000000	8611.027
216000000	221000000	9927.151
217000000	221000000	12057.011
218000000	221000000	16240.382
219000000	221000000	23931.014
220000000	221000000	97175.8
221000000	221000000	535562.25
0	222000000	377.55203
1000000	222000000	537.0619
2000000	222000000	443.88205
3000000	222000000	483.3057
4000000	222000000	421.84518
5000000	222000000	470.80328
6000000	222000000	693.25
7000000	222000000	574.7293
8000000	222000000	747.0869
9000000	222000000	573.95123
10000000	222000000	510.51462
11000000	222000000	505.94485
12000000	222000000	624.8849
13000000	222000000	416.7843
14000000	222000000	573.39484
15000000	222000000	590.5856
16000000	222000000	554.35406
17000000	222000000	425.85538
18000000	222000000	389.57806
19000000	222000000	483.35626
20000000	222000000	475.7798
21000000	222000000	454.2475
22000000	222000000	429.30005
23000000	222000000	409.55008
24000000	222000000	497.1286
25000000	222000000	607.72644
26000000	222000000	452.69183
27000000	222000000	468.64334
28000000	222000000	492.12833
29000000	222000000	435.04095
30000000	222000000	370.60464
31000000	222000000	437.95767
32000000	222000000	467.22745
33000000	222000000	510.6351
34000000	222000000	468.78833
35000000	222000000	462.80374
36000000	222000000	460.60547
37000000	222000000	406.57184
38000000	222000000	467.9265
39000000	222000000	501.65842
40000000	222000000	563.0449
41000000	222000000	707.9939
42000000	222000000	755.0189
43000000	222000000	547.37085
44000000	222000000	563.259
45000000	222000000	674.8877
46000000	222000000	786.2496
47000000	222000000	874.35724
48000000	222000000	686.6256
49000000	222000000	646.868
50000000	222000000	695.04944
51000000	222000000	919.05
52000000	222000000	851.7817
53000000	222000000	791.567
54000000	222000000	792.6364
55000000	222000000	777.76227
56000000	222000000	779.9597
57000000	222000000	588.12506
58000000	222000000	650.6251
59000000	222000000	842.30334
60000000	222000000	583.6759
61000000	222000000	590.07886
62000000	222000000	781.4756
63000000	222000000	855.015
64000000	222000000	704.81934
65000000	222000000	754.21075
66000000	222000000	684.07495
67000000	222000000	757.1634
68000000	222000000	667.2098
69000000	222000000	591.5118
70000000	222000000	730.3326
71000000	222000000	624.5216
72000000	222000000	674.6423
73000000	222000000	562.252
74000000	222000000	529.84875
75000000	222000000	589.7086
76000000	222000000	615.7373
77000000	222000000	591.81146
78000000	222000000	668.5157
79000000	222000000	502.13638
80000000	222000000	492.27878
81000000	222000000	478.86606
82000000	222000000	499.07474
83000000	222000000	424.55557
84000000	222000000	511.983
85000000	222000000	664.75256
86000000	222000000	628.01184
87000000	222000000	631.9384
88000000	222000000	567.7301
89000000	222000000	719.184
90000000	222000000	728.9276
91000000	222000000	590.3131
92000000	222000000	619.3111
93000000	222000000	774.4944
94000000	222000000	669.1875
95000000	222000000	537.87915
96000000	222000000	323.87845
97000000	222000000	481.1562
98000000	222000000	470.0642
99000000	222000000	422.92865
100000000	222000000	662.25934
101000000	222000000	634.08093
102000000	222000000	400.4982
103000000	222000000	377.1669
104000000	222000000	412.88187
105000000	222000000	464.09546
106000000	222000000	360.46664
107000000	222000000	490.67963
108000000	222000000	591.2167
109000000	222000000	822.76
110000000	222000000	674.54407
111000000	222000000	734.30066
112000000	222000000	699.83105
113000000	222000000	695.66864
114000000	222000000	701.8785
115000000	222000000	646.2018
116000000	222000000	738.1369
117000000	222000000	824.31744
118000000	222000000	648.4274
119000000	222000000	603.34216
120000000	222000000	584.8017
121000000	222000000	1187.7463
142000000	222000000	111.20995
143000000	222000000	640.6204
144000000	222000000	1062.2896
145000000	222000000	1115.5399
146000000	222000000	1067.4001
147000000	222000000	1150.2267
148000000	222000000	1323.6765
149000000	222000000	945.1519
150000000	222000000	995.5458
151000000	222000000	1134.7001
152000000	222000000	1307.01
153000000	222000000	1234.6996
154000000	222000000	1174.7206
155000000	222000000	954.968
156000000	222000000	1215.268
157000000	222000000	1651.9938
158000000	222000000	1648.5674
159000000	222000000	1786.8722
160000000	222000000	2020.0912
161000000	222000000	1932.6709
162000000	222000000	2104.4539
163000000	222000000	1618.2161
164000000	222000000	1483.5792
165000000	222000000	1917.1106
166000000	222000000	1876.2661
167000000	222000000	2307.4707
168000000	222000000	2002.4639
169000000	222000000	2004.8022
170000000	222000000	1919.7694
171000000	222000000	2167.5156
172000000	222000000	2024.4895
173000000	222000000	2128.9954
174000000	222000000	2414.4575
175000000	222000000	2525.8345
176000000	222000000	2369.5889
177000000	222000000	2280.7656
178000000	222000000	2418.502
179000000	222000000	2747.7969
180000000	222000000	2780.1057
181000000	222000000	2945.5605
182000000	222000000	3048.6963
183000000	222000000	3357.26
184000000	222000000	3639.5432
185000000	222000000	3391.7769
186000000	222000000	3441.4612
187000000	222000000	3114.9714
188000000	222000000	3041.8188
189000000	222000000	3225.161
190000000	222000000	3332.5352
191000000	222000000	3534.402
192000000	222000000	3866.009
193000000	222000000	3915.4277
194000000	222000000	3558.308
195000000	222000000	3881.0137
196000000	222000000	3969.4456
197000000	222000000	4189.207
198000000	222000000	4250.548
199000000	222000000	4509.728
200000000	222000000	4580.116
201000000	222000000	4056.2751
202000000	222000000	3016.1423
203000000	222000000	2866.5012
204000000	222000000	3060.3406
205000000	222000000	3125.874
206000000	222000000	3159.6458
207000000	222000000	4202.422
208000000	222000000	5509.07
209000000	222000000	5785.5347
210000000	222000000	5742.2354
211000000	222000000	5520.8657
212000000	222000000	5822.1216
213000000	222000000	7974.407
214000000	222000000	7927.5176
215000000	222000000	7503.822
216000000	222000000	8142.4033
217000000	222000000	10116.598
218000000	222000000	12609.141
219000000	222000000	16936.203
220000000	222000000	50938.676
221000000	222000000	226099.98
222000000	222000000	503209.3
0	223000000	444.2451
1000000	223000000	532.9469
2000000	223000000	511.1289
3000000	223000000	620.52185
4000000	223000000	646.406
5000000	223000000	778.6183
6000000	223000000	801.6072
7000000	223000000	938.3472
8000000	223000000	814.3874
9000000	223000000	577.1796
10000000	223000000	597.0259
11000000	223000000	567.08655
12000000	223000000	767.20575
13000000	223000000	524.6383
14000000	223000000	753.7707
15000000	223000000	732.9738
16000000	223000000	579.79205
17000000	223000000	542.4852
18000000	223000000	553.1528
19000000	223000000	569.1456
20000000	223000000	643.0849
21000000	223000000	551.185
22000000	223000000	505.83682
23000000	223000000	490.4262
24000000	223000000	605.91895
25000000	223000000	626.4656
26000000	223000000	521.96576
27000000	223000000	475.9331
28000000	223000000	450.33652
29000000	223000000	558.40936
30000000	223000000	590.95917
31000000	223000000	524.2014
32000000	223000000	506.06567
33000000	223000000	533.3779
34000000	223000000	673.40295
35000000	223000000	593.61035
36000000	223000000	540.87775
37000000	223000000	596.3986
38000000	223000000	577.23596
39000000	223000000	602.86456
40000000	223000000	550.7001
41000000	223000000	814.5974
42000000	223000000	765.9154
43000000	223000000	593.57654
44000000	223000000	702.8333
45000000	223000000	776.63684
46000000	223000000	858.6941
47000000	223000000	1052.2515
48000000	223000000	1078.8191
49000000	223000000	816.06854
50000000	223000000	856.2244
51000000	223000000	891.526
52000000	223000000	854.0171
53000000	223000000	958.3047
54000000	223000000	987.53613
55000000	223000000	894.285
56000000	223000000	1020.446
57000000	223000000	860.8202
58000000	223000000	875.731
59000000	223000000	795.7668
60000000	223000000	707.7202
61000000	223000000	708.8334
62000000	223000000	816.6372
63000000	223000000	906.7667
64000000	223000000	905.9405
65000000	223000000	780.8569
66000000	223000000	679.8727
67000000	223000000	689.5308
68000000	223000000	741.1557
69000000	223000000	615.5013
70000000	223000000	634.5105
71000000	223000000	641.01373
72000000	223000000	629.3294
73000000	223000000	595.41547
74000000	223000000	582.28125
75000000	223000000	620.01056
76000000	223000000	600.2122
77000000	223000000	566.8801
78000000	223000000	605.95844
79000000	223000000	442.5237
80000000	223000000	479.85767
81000000	223000000	464.50623
82000000	223000000	542.323
83000000	223000000	422.19138
84000000	223000000	490.7388
85000000	223000000	626.65106
86000000	223000000	554.7338
87000000	223000000	665.5608
88000000	223000000	569.9503
89000000	223000000	632.12506
90000000	223000000	733.33057
91000000	223000000	640.94684
92000000	223000000	694.5082
93000000	223000000	699.4147
94000000	223000000	771.0748
95000000	223000000	551.9461
96000000	223000000	422.7326
97000000	223000000	467.0253
98000000	223000000	438.06662
99000000	223000000	470.43954
100000000	223000000	603.8271
101000000	223000000	558.6862
102000000	223000000	426.27808
103000000	223000000	427.4137
104000000	223000000	435.36392
105000000	223000000	410.13052
106000000	223000000	410.25864
107000000	223000000	534.71405
108000000	223000000	746.3294
109000000	223000000	793.06287
110000000	223000000	772.4889
111000000	223000000	774.8398
112000000	223000000	927.6365
113000000	223000000	764.6938
114000000	223000000	724.56744
115000000	223000000	757.7626
116000000	223000000	893.09064
117000000	223000000	827.7242
118000000	223000000	746.0137
119000000	223000000	717.8664
120000000	223000000	771.72046
121000000	223000000	1642.7681
142000000	223000000	61.92163
143000000	223000000	850.128
144000000	223000000	1180.6718
145000000	223000000	1262.4462
146000000	223000000	1383.8466
147000000	223000000	1387.632
148000000	223000000	1559.0854
149000000	223000000	1043.2499
150000000	223000000	918.91327
151000000	223000000	1213.4988
152000000	223000000	1938.1376
153000000	223000000	1466.0874
154000000	223000000	1269.8386
155000000	223000000	923.6627
156000000	223000000	1204.8615
157000000	223000000	1994.7251
158000000	223000000	1849.785
159000000	223000000	2096.7273
160000000	223000000	1828.6311
161000000	223000000	1864.0979
162000000	223000000	2598.3896
163000000	223000000	2093.5503
164000000	223000000	2061.6099
165000000	223000000	2196.4539
166000000	223000000	2160.2808
167000000	223000000	2210.602
168000000	223000000	2196.118
169000000	223000000	1991.1167
170000000	223000000	2164.93
171000000	223000000	2469.5442
172000000	223000000	2163.335
173000000	223000000	1952.6569
174000000	223000000	2121.5676
175000000	223000000	3139.2803
176000000	223000000	3036.222
177000000	223000000	3328.514
178000000	223000000	2873.5742
179000000	223000000	2845.32
180000000	223000000	2753.3176
181000000	223000000	3528.4167
182000000	223000000	3475.0728
183000000	223000000	3439.2488
184000000	223000000	3970.0645
185000000	223000000	3475.9822
186000000	223000000	3220.465
187000000	223000000	3025.959
188000000	223000000	3024.0708
189000000	223000000	3455.4038
190000000	223000000	3415.9988
191000000	223000000	3605.147
192000000	223000000	3468.1943
193000000	223000000	3531.1562
194000000	223000000	3600.22
195000000	223000000	3806.538
196000000	223000000	4035.7026
197000000	223000000	4027.0127
198000000	223000000	3434.9653
199000000	223000000	4755.3223
200000000	223000000	4508.4297
201000000	223000000	5315.029
202000000	223000000	3577.8403
203000000	223000000	3663.2234
204000000	223000000	4029.6648
205000000	223000000	3751.842
206000000	223000000	3189.4668
207000000	223000000	4348.2227
208000000	223000000	7400.9097
209000000	223000000	7110.807
210000000	223000000	7355.5596
211000000	223000000	6160.4746
212000000	223000000	5000.313
213000000	223000000	8534.531
214000000	223000000	9216.678
215000000	223000000	8081.2573
216000000	223000000	8855.362
217000000	223000000	10528.045
218000000	223000000	12158.15
219000000	223000000	13562.234
220000000	223000000	28871.1
221000000	223000000	45777.043
222000000	223000000	123143.49
223000000	223000000	550010.25
0	224000000	752.51385
1000000	224000000	846.842
2000000	224000000	625.96277
3000000	224000000	727.87305
4000000	224000000	498.0979
5000000	224000000	540.16693
6000000	224000000	1105.6211
7000000	224000000	742.50775
8000000	224000000	1084.995
9000000	224000000	913.3083
10000000	224000000	812.4583
11000000	224000000	757.23114
12000000	224000000	890.48413
13000000	224000000	464.43494
14000000	224000000	688.9479
15000000	224000000	797.62225
16000000	224000000	907.8102
17000000	224000000	586.9045
18000000	224000000	444.2434
19000000	224000000	699.7318
20000000	224000000	620.56573
21000000	224000000	708.49646
22000000	224000000	604.4539
23000000	224000000	637.24756
24000000	224000000	772.7376
25000000	224000000	834.1931
26000000	224000000	777.8388
27000000	224000000	749.4914
28000000	224000000	822.6213
29000000	224000000	557.4357
30000000	224000000	448.30017
31000000	224000000	673.1977
32000000	224000000	781.3681
33000000	224000000	755.7552
34000000	224000000	535.2303
35000000	224000000	731.52686
36000000	224000000	774.52856
37000000	224000000	560.83075
38000000	224000000	725.93787
39000000	224000000	776.58295
40000000	224000000	962.37683
41000000	224000000	958.7379
42000000	224000000	913.651
43000000	224000000	755.6536
44000000	224000000	790.65643
45000000	224000000	1039.1511
46000000	224000000	1254.2493
47000000	224000000	1070.2778
48000000	224000000	730.2561
49000000	224000000	668.6597
50000000	224000000	643.13965
51000000	224000000	1167.9165
52000000	224000000	1201.638
53000000	224000000	1089.2181
54000000	224000000	1090.9534
55000000	224000000	998.26117
56000000	224000000	815.86145
57000000	224000000	574.275
58000000	224000000	612.8688
59000000	224000000	968.0747
60000000	224000000	632.9427
61000000	224000000	547.75964
62000000	224000000	858.3845
63000000	224000000	1016.89874
64000000	224000000	751.1902
65000000	224000000	810.6775
66000000	224000000	787.7573
67000000	224000000	932.00714
68000000	224000000	725.01184
69000000	224000000	459.48038
70000000	224000000	848.3458
71000000	224000000	593.76044
72000000	224000000	586.01776
73000000	224000000	502.1166
74000000	224000000	616.5941
75000000	224000000	631.3853
76000000	224000000	665.1578
77000000	224000000	566.8371
78000000	224000000	915.0648
79000000	224000000	527.65875
80000000	224000000	447.40033
81000000	224000000	462.2366
82000000	224000000	498.44086
83000000	224000000	457.55167
84000000	224000000	579.34265
85000000	224000000	835.52545
86000000	224000000	642.6657
87000000	224000000	767.92737
88000000	224000000	491.12985
89000000	224000000	808.7229
90000000	224000000	856.4984
91000000	224000000	631.6656
92000000	224000000	697.5778
93000000	224000000	998.4265
94000000	224000000	717.8408
95000000	224000000	524.0478
96000000	224000000	326.59476
97000000	224000000	575.07965
98000000	224000000	450.8726
99000000	224000000	384.2844
100000000	224000000	882.3913
101000000	224000000	743.05475
102000000	224000000	441.04535
103000000	224000000	368.66733
104000000	224000000	462.00146
105000000	224000000	451.58728
106000000	224000000	386.26233
107000000	224000000	475.5006
108000000	224000000	669.5326
109000000	224000000	1124.86
110000000	224000000	949.07043
111000000	224000000	945.9898
112000000	224000000	846.6214
113000000	224000000	920.18243
114000000	224000000	842.50366
115000000	224000000	735.6456
116000000	224000000	827.8171
117000000	224000000	936.65216
118000000	224000000	690.1966
119000000	224000000	709.426
120000000	224000000	677.0251
121000000	224000000	1340.4202
142000000	224000000	114.77099
143000000	224000000	892.53046
144000000	224000000	1251.5955
145000000	224000000	1692.8331
146000000	224000000	1173.6957
147000000	224000000	1214.0365
148000000	224000000	1234.7096
149000000	224000000	1149.8812
150000000	224000000	1708.1602
151000000	224000000	1763.9628
152000000	224000000	1348.8617
153000000	224000000	1668.8652
154000000	224000000	1683.1462
155000000	224000000	1741.8761
156000000	224000000	1821.4037
157000000	224000000	1896.4028
158000000	224000000	1729.835
159000000	224000000	1864.5468
160000000	224000000	2566.366
161000000	224000000	2761.475
162000000	224000000	2313.8882
163000000	224000000	1547.2362
164000000	224000000	1265.7919
165000000	224000000	2044.1228
166000000	224000000	1824.0358
167000000	224000000	2944.3167
168000000	224000000	2307.82
169000000	224000000	2240.5864
170000000	224000000	1817.3799
171000000	224000000	2438.0037
172000000	224000000	2189.994
173000000	224000000	2368.9478
174000000	224000000	2653.7803
175000000	224000000	2435.837
176000000	224000000	2268.746
177000000	224000000	1950.5284
178000000	224000000	2524.6792
179000000	224000000	3205.9104
180000000	224000000	3372.7737
181000000	224000000	3125.779
182000000	224000000	3506.48
183000000	224000000	4127.879
184000000	224000000	3713.1472
185000000	224000000	3415.398
186000000	224000000	3891.8735
187000000	224000000	2981.479
188000000	224000000	2644.9663
189000000	224000000	2912.1865
190000000	224000000	2984.304
191000000	224000000	3247.5742
192000000	224000000	4178.185
193000000	224000000	4352.0664
194000000	224000000	3278.793
195000000	224000000	3436.1597
196000000	224000000	3386.322
197000000	224000000	3831.1633
198000000	224000000	4533.6216
199000000	224000000	3894.8274
200000000	224000000	5159.7046
201000000	224000000	4669.294
202000000	224000000	3978.263
203000000	224000000	3389.6392
204000000	224000000	3389.7751
205000000	224000000	3907.0142
206000000	224000000	4021.8562
207000000	224000000	4886.4897
208000000	224000000	4901.7847
209000000	224000000	5338.2896
210000000	224000000	5257.076
211000000	224000000	6063.178
212000000	224000000	6994.747
213000000	224000000	7301.4604
214000000	224000000	6600.482
215000000	224000000	5991.325
216000000	224000000	5966.3496
217000000	224000000	7550.9443
218000000	224000000	7764.1836
219000000	224000000	10109.98
220000000	224000000	17973.363
221000000	224000000	18663.244
222000000	224000000	28355.46
223000000	224000000	103573.68
224000000	224000000	583276.75
0	225000000	445.2249
1000000	225000000	558.465
2000000	225000000	647.6526
3000000	225000000	643.88184
4000000	225000000	715.24646
5000000	225000000	754.58075
6000000	225000000	880.88275
7000000	225000000	892.88885
8000000	225000000	746.0274
9000000	225000000	612.7767
10000000	225000000	658.1166
11000000	225000000	662.5789
12000000	225000000	806.6423
13000000	225000000	677.1438
14000000	225000000	827.6635
15000000	225000000	690.919
16000000	225000000	655.8546
17000000	225000000	588.3575
18000000	225000000	621.81256
19000000	225000000	655.7464
20000000	225000000	716.51874
21000000	225000000	609.04376
22000000	225000000	597.85297
23000000	225000000	584.87714
24000000	225000000	633.68427
25000000	225000000	712.026
26000000	225000000	641.8639
27000000	225000000	541.9097
28000000	225000000	553.17206
29000000	225000000	615.9702
30000000	225000000	604.0513
31000000	225000000	601.5187
32000000	225000000	558.0916
33000000	225000000	663.9119
34000000	225000000	739.09955
35000000	225000000	711.90454
36000000	225000000	623.758
37000000	225000000	707.3788
38000000	225000000	599.5767
39000000	225000000	624.82245
40000000	225000000	614.78156
41000000	225000000	834.4285
42000000	225000000	846.103
43000000	225000000	720.4077
44000000	225000000	825.865
45000000	225000000	880.00836
46000000	225000000	846.1741
47000000	225000000	1092.0527
48000000	225000000	941.7742
49000000	225000000	891.35443
50000000	225000000	921.9855
51000000	225000000	873.5307
52000000	225000000	872.0189
53000000	225000000	948.0031
54000000	225000000	932.98553
55000000	225000000	897.2574
56000000	225000000	896.6552
57000000	225000000	803.70776
58000000	225000000	787.5257
59000000	225000000	721.7027
60000000	225000000	754.1128
61000000	225000000	836.17725
62000000	225000000	889.5571
63000000	225000000	967.9305
64000000	225000000	868.31915
65000000	225000000	904.28754
66000000	225000000	853.33514
67000000	225000000	892.1903
68000000	225000000	892.05634
69000000	225000000	871.66174
70000000	225000000	1005.8706
71000000	225000000	927.6584
72000000	225000000	907.0318
73000000	225000000	857.12134
74000000	225000000	869.518
75000000	225000000	860.29395
76000000	225000000	868.84705
77000000	225000000	753.6615
78000000	225000000	801.7169
79000000	225000000	709.3154
80000000	225000000	665.66797
81000000	225000000	699.27106
82000000	225000000	662.01886
83000000	225000000	587.7465
84000000	225000000	682.8198
85000000	225000000	793.4464
86000000	225000000	697.6354
87000000	225000000	704.3451
88000000	225000000	693.2429
89000000	225000000	761.6223
90000000	225000000	699.6638
91000000	225000000	738.6568
92000000	225000000	750.7288
93000000	225000000	718.57587
94000000	225000000	710.26465
95000000	225000000	665.1087
96000000	225000000	567.4401
97000000	225000000	611.46967
98000000	225000000	583.3673
99000000	225000000	639.1396
100000000	225000000	599.0466
101000000	225000000	582.10675
102000000	225000000	665.579
103000000	225000000	572.0161
104000000	225000000	654.1768
105000000	225000000	648.17
106000000	225000000	605.0079
107000000	225000000	666.4686
108000000	225000000	658.59283
109000000	225000000	838.77356
110000000	225000000	773.985
111000000	225000000	796.5956
112000000	225000000	910.52405
113000000	225000000	793.17834
114000000	225000000	799.741
115000000	225000000	898.9138
116000000	225000000	869.6218
117000000	225000000	798.20197
118000000	225000000	868.4348
119000000	225000000	862.1977
120000000	225000000	847.7925
121000000	225000000	1810.3229
142000000	225000000	122.712715
143000000	225000000	1307.7311
144000000	225000000	1263.8568
145000000	225000000	1375.3868
146000000	225000000	1615.3848
147000000	225000000	1571.2263
148000000	225000000	1123.5293
149000000	225000000	1184.9342
150000000	225000000	1054.1139
151000000	225000000	1388.1797
152000000	225000000	2126.0085
153000000	225000000	1551.0492
154000000	225000000	1339.3729
155000000	225000000	975.5468
156000000	225000000	1234.2803
157000000	225000000	1862.8644
158000000	225000000	2107.7913
159000000	225000000	2442.4836
160000000	225000000	1678.5515
161000000	225000000	1738.2899
162000000	225000000	2419.0452
163000000	225000000	2290.4763
164000000	225000000	2173.803
165000000	225000000	2195.0505
166000000	225000000	2275.1157
167000000	225000000	2005.7748
168000000	225000000	2033.8113
169000000	225000000	1958.2148
170000000	225000000	2352.6963
171000000	225000000	2499.7207
172000000	225000000	2011.4222
173000000	225000000	1912.6343
174000000	225000000	2213.6067
175000000	225000000	2632.1511
176000000	225000000	2769.772
177000000	225000000	3024.9214
178000000	225000000	2867.8237
179000000	225000000	2991.3447
180000000	225000000	2464.7673
181000000	225000000	2893.9106
182000000	225000000	3086.1177
183000000	225000000	2846.523
184000000	225000000	3495.0305
185000000	225000000	3694.8928
186000000	225000000	3949.1794
187000000	225000000	4078.4136
188000000	225000000	4212.5396
189000000	225000000	4930.1606
190000000	225000000	4971.2954
191000000	225000000	5138.158
192000000	225000000	4669.883
193000000	225000000	4869.474
194000000	225000000	5065.5176
195000000	225000000	5461.3286
196000000	225000000	5695.303
197000000	225000000	5207.5073
198000000	225000000	3562.1333
199000000	225000000	4120.3647
200000000	225000000	3623.686
201000000	225000000	4273.034
202000000	225000000	3375.053
203000000	225000000	3438.3337
204000000	225000000	3626.8347
205000000	225000000	3282.5994
206000000	225000000	2748.0813
207000000	225000000	3838.831
208000000	225000000	6062.973
209000000	225000000	6350.891
210000000	225000000	6394.171
211000000	225000000	5315.002
212000000	225000000	4064.5996
213000000	225000000	6604.8633
214000000	225000000	8059.8477
215000000	225000000	8871.571
216000000	225000000	9581.751
217000000	225000000	10253.603
218000000	225000000	11001.66
219000000	225000000	10957.315
220000000	225000000	14232.703
221000000	225000000	14099.535
222000000	225000000	17269.318
223000000	225000000	35926.82
224000000	225000000	137741.05
225000000	225000000	503159.34
0	226000000	879.1217
1000000	226000000	1385.3854
2000000	226000000	868.60046
3000000	226000000	928.1421
4000000	226000000	536.7334
5000000	226000000	608.7337
6000000	226000000	1528.2258
7000000	226000000	919.3512
8000000	226000000	1484.7723
9000000	226000000	1339.7756
10000000	226000000	1154.7847
11000000	226000000	1044.5878
12000000	226000000	1203.1178
13000000	226000000	517.0945
14000000	226000000	786.53546
15000000	226000000	1042.1152
16000000	226000000	1282.2294
17000000	226000000	860.46094
18000000	226000000	551.1672
19000000	226000000	895.6636
20000000	226000000	791.36194
21000000	226000000	981.45654
22000000	226000000	813.5776
23000000	226000000	929.7726
24000000	226000000	998.10443
25000000	226000000	1180.9628
26000000	226000000	1092.9629
27000000	226000000	1087.9791
28000000	226000000	1164.484
29000000	226000000	795.58075
30000000	226000000	592.5858
31000000	226000000	919.9876
32000000	226000000	1060.2562
33000000	226000000	1088.6945
34000000	226000000	624.90393
35000000	226000000	895.19257
36000000	226000000	1090.395
37000000	226000000	672.3628
38000000	226000000	912.5114
39000000	226000000	1065.9656
40000000	226000000	1302.0406
41000000	226000000	1259.5096
42000000	226000000	1136.1636
43000000	226000000	1062.832
44000000	226000000	1164.8507
45000000	226000000	1390.4142
46000000	226000000	1663.4355
47000000	226000000	1276.1403
48000000	226000000	726.86053
49000000	226000000	509.8454
50000000	226000000	584.763
51000000	226000000	1428.1526
52000000	226000000	1549.7649
53000000	226000000	1486.5043
54000000	226000000	1408.7828
55000000	226000000	1105.9662
56000000	226000000	707.7695
57000000	226000000	591.63385
58000000	226000000	606.70184
59000000	226000000	1090.041
60000000	226000000	562.5562
61000000	226000000	536.8552
62000000	226000000	929.02344
63000000	226000000	1032.7864
64000000	226000000	672.41205
65000000	226000000	861.68054
66000000	226000000	815.60815
67000000	226000000	1042.4626
68000000	226000000	738.423
69000000	226000000	396.59488
70000000	226000000	797.7705
71000000	226000000	521.4192
72000000	226000000	504.67487
73000000	226000000	445.41302
74000000	226000000	500.33017
75000000	226000000	587.16547
76000000	226000000	646.16345
77000000	226000000	562.7181
78000000	226000000	963.3054
79000000	226000000	506.96484
80000000	226000000	399.40298
81000000	226000000	464.73346
82000000	226000000	507.35324
83000000	226000000	386.7834
84000000	226000000	577.47833
85000000	226000000	833.305
86000000	226000000	665.4829
87000000	226000000	826.77765
88000000	226000000	538.18225
89000000	226000000	886.96844
90000000	226000000	834.7383
91000000	226000000	674.8823
92000000	226000000	814.08246
93000000	226000000	1138.1144
94000000	226000000	826.9177
95000000	226000000	499.98038
96000000	226000000	288.533
97000000	226000000	532.7829
98000000	226000000	460.3945
99000000	226000000	400.91708
100000000	226000000	990.16187
101000000	226000000	818.8151
102000000	226000000	360.10547
103000000	226000000	336.01132
104000000	226000000	363.1976
105000000	226000000	415.63983
106000000	226000000	327.0136
107000000	226000000	444.9869
108000000	226000000	686.4162
109000000	226000000	1375.4122
110000000	226000000	1360.1187
111000000	226000000	1130.4188
112000000	226000000	1122.5211
113000000	226000000	1074.8042
114000000	226000000	1025.5258
115000000	226000000	837.2088
116000000	226000000	871.64923
117000000	226000000	1134.0269
118000000	226000000	788.9461
119000000	226000000	755.087
120000000	226000000	902.44855
121000000	226000000	1308.034
142000000	226000000	127.7842
143000000	226000000	863.68567
144000000	226000000	1644.5098
145000000	226000000	2255.5947
146000000	226000000	1438.1876
147000000	226000000	1457.7039
148000000	226000000	1458.5535
149000000	226000000	1523.2145
150000000	226000000	2385.4067
151000000	226000000	2343.6882
152000000	226000000	1548.1575
153000000	226000000	2145.5002
154000000	226000000	2297.5234
155000000	226000000	2234.9014
156000000	226000000	2510.5327
157000000	226000000	2240.7483
158000000	226000000	1644.0432
159000000	226000000	2014.7122
160000000	226000000	3229.1006
161000000	226000000	3520.9758
162000000	226000000	2412.682
163000000	226000000	1315.2435
164000000	226000000	1047.0946
165000000	226000000	2012.9237
166000000	226000000	1710.3522
167000000	226000000	3258.2993
168000000	226000000	2419.015
169000000	226000000	2347.7642
170000000	226000000	1763.6011
171000000	226000000	2332.3
172000000	226000000	2353.3267
173000000	226000000	2549.5637
174000000	226000000	2717.7864
175000000	226000000	2493.5432
176000000	226000000	1946.6355
177000000	226000000	1608.778
178000000	226000000	2359.0696
179000000	226000000	3172.74
180000000	226000000	3522.7932
181000000	226000000	3234.6606
182000000	226000000	3598.1404
183000000	226000000	4446.4897
184000000	226000000	3520.2363
185000000	226000000	2998.5146
186000000	226000000	3148.4504
187000000	226000000	2201.571
188000000	226000000	2013.1357
189000000	226000000	2002.6445
190000000	226000000	2256.7441
191000000	226000000	2475.726
192000000	226000000	3515.4343
193000000	226000000	3763.4846
194000000	226000000	2505.9626
195000000	226000000	2648.3384
196000000	226000000	2585.031
197000000	226000000	3245.1216
198000000	226000000	4123.594
199000000	226000000	3474.0652
200000000	226000000	5692.178
201000000	226000000	5545.133
202000000	226000000	5045.651
203000000	226000000	4232.187
204000000	226000000	4390.764
205000000	226000000	4702.2485
206000000	226000000	4876.855
207000000	226000000	5320.8755
208000000	226000000	4707.1455
209000000	226000000	4963.7583
210000000	226000000	4582.915
211000000	226000000	6100.079
212000000	226000000	7703.2744
213000000	226000000	6360.0034
214000000	226000000	5147.108
215000000	226000000	4245.7197
216000000	226000000	4312.3325
217000000	226000000	5237.18
218000000	226000000	4904.169
219000000	226000000	6365.6484
220000000	226000000	9803.511
221000000	226000000	8905.802
222000000	226000000	11214.219
223000000	226000000	15344.289
224000000	226000000	33962.562
225000000	226000000	129225.42
226000000	226000000	548882.56
0	227000000	576.85895
1000000	227000000	852.3594
2000000	227000000	1195.5294
3000000	227000000	1226.5453
4000000	227000000	1393.1586
5000000	227000000	1350.6412
6000000	227000000	1165.0692
7000000	227000000	1224.6708
8000000	227000000	890.7593
9000000	227000000	734.9192
10000000	227000000	755.4734
11000000	227000000	793.5446
12000000	227000000	915.9031
13000000	227000000	737.7332
14000000	227000000	1083.3962
15000000	227000000	877.27466
16000000	227000000	766.0714
17000000	227000000	772.6459
18000000	227000000	848.30286
19000000	227000000	801.6257
20000000	227000000	842.3055
21000000	227000000	616.83594
22000000	227000000	632.0594
23000000	227000000	599.537
24000000	227000000	703.8228
25000000	227000000	709.7174
26000000	227000000	656.76105
27000000	227000000	592.06464
28000000	227000000	561.30475
29000000	227000000	686.03564
30000000	227000000	780.53125
31000000	227000000	718.28723
32000000	227000000	652.57306
33000000	227000000	763.6343
34000000	227000000	992.79407
35000000	227000000	805.9415
36000000	227000000	660.1309
37000000	227000000	895.5351
38000000	227000000	731.0387
39000000	227000000	667.1659
40000000	227000000	786.7156
41000000	227000000	995.0379
42000000	227000000	964.26154
43000000	227000000	806.5704
44000000	227000000	909.7357
45000000	227000000	955.6559
46000000	227000000	982.4715
47000000	227000000	1297.3352
48000000	227000000	1087.2998
49000000	227000000	1063.6266
50000000	227000000	991.21234
51000000	227000000	956.01483
52000000	227000000	905.9512
53000000	227000000	976.34595
54000000	227000000	968.74725
55000000	227000000	949.44525
56000000	227000000	856.6848
57000000	227000000	791.8346
58000000	227000000	878.8108
59000000	227000000	833.376
60000000	227000000	743.37854
61000000	227000000	717.50665
62000000	227000000	851.7169
63000000	227000000	903.4019
64000000	227000000	823.06616
65000000	227000000	806.7795
66000000	227000000	732.57104
67000000	227000000	735.7613
68000000	227000000	669.863
69000000	227000000	685.27875
70000000	227000000	682.19867
71000000	227000000	685.5979
72000000	227000000	706.7418
73000000	227000000	635.92004
74000000	227000000	578.49976
75000000	227000000	645.4682
76000000	227000000	642.4111
77000000	227000000	583.679
78000000	227000000	667.87396
79000000	227000000	533.38104
80000000	227000000	565.8098
81000000	227000000	514.897
82000000	227000000	513.0566
83000000	227000000	463.67783
84000000	227000000	557.95795
85000000	227000000	646.2262
86000000	227000000	687.74725
87000000	227000000	622.30865
88000000	227000000	626.6549
89000000	227000000	651.3237
90000000	227000000	713.4066
91000000	227000000	706.37756
92000000	227000000	698.90967
93000000	227000000	740.8716
94000000	227000000	806.06976
95000000	227000000	665.75836
96000000	227000000	530.38605
97000000	227000000	529.7755
98000000	227000000	524.00397
99000000	227000000	528.5783
100000000	227000000	569.5187
101000000	227000000	573.53796
102000000	227000000	518.6877
103000000	227000000	467.00116
104000000	227000000	479.82816
105000000	227000000	566.0958
106000000	227000000	519.04565
107000000	227000000	631.6618
108000000	227000000	592.20026
109000000	227000000	805.5363
110000000	227000000	879.28687
111000000	227000000	994.34393
112000000	227000000	1056.4484
113000000	227000000	944.5328
114000000	227000000	889.7666
115000000	227000000	980.799
116000000	227000000	1074.2527
117000000	227000000	940.29474
118000000	227000000	954.5162
119000000	227000000	1078.3013
120000000	227000000	1041.0828
121000000	227000000	3808.7595
142000000	227000000	193.74467
143000000	227000000	2080.2087
144000000	227000000	1453.7563
145000000	227000000	1611.5748
146000000	227000000	1910.1294
147000000	227000000	1884.3582
148000000	227000000	2195.1785
149000000	227000000	1713.9053
150000000	227000000	1066.426
151000000	227000000	1518.3916
152000000	227000000	2561.6118
153000000	227000000	1814.8306
154000000	227000000	1371.2211
155000000	227000000	979.9016
156000000	227000000	1342.9263
157000000	227000000	1959.1151
158000000	227000000	2246.9773
159000000	227000000	2467.179
160000000	227000000	1790.3328
161000000	227000000	2457.5986
162000000	227000000	2820.8752
163000000	227000000	2509.3916
164000000	227000000	2560.0757
165000000	227000000	2344.782
166000000	227000000	2394.801
167000000	227000000	2069.7654
168000000	227000000	2090.4434
169000000	227000000	1939.6952
170000000	227000000	2248.0483
171000000	227000000	2293.747
172000000	227000000	1895.222
173000000	227000000	1919.6321
174000000	227000000	2079.407
175000000	227000000	2593.2095
176000000	227000000	2858.9392
177000000	227000000	3022.065
178000000	227000000	2638.2295
179000000	227000000	2748.4
180000000	227000000	2710.4062
181000000	227000000	2980.09
182000000	227000000	2996.0466
183000000	227000000	2833.567
184000000	227000000	3073.676
185000000	227000000	3008.2954
186000000	227000000	2900.5315
187000000	227000000	3052.8242
188000000	227000000	3069.4792
189000000	227000000	3366.8665
190000000	227000000	3297.0818
191000000	227000000	3373.3328
192000000	227000000	3010.5684
193000000	227000000	3206.4023
194000000	227000000	3270.8674
195000000	227000000	3674.2856
196000000	227000000	3845.8115
197000000	227000000	3666.3718
198000000	227000000	2959.9958
199000000	227000000	3683.7373
200000000	227000000	3487.612
201000000	227000000	4440.991
202000000	227000000	3477.3396
203000000	227000000	3534.9932
204000000	227000000	3857.0894
205000000	227000000	3433.3875
206000000	227000000	2768.2083
207000000	227000000	3998.1143
208000000	227000000	5944.7153
209000000	227000000	6298.081
210000000	227000000	5748.2456
211000000	227000000	4877.406
212000000	227000000	3897.9558
213000000	227000000	5835.407
214000000	227000000	6346.0747
215000000	227000000	6201.612
216000000	227000000	6336.5103
217000000	227000000	6848.438
218000000	227000000	6807.2866
219000000	227000000	7152.669
220000000	227000000	8853.487
221000000	227000000	8397.16
222000000	227000000	9305.652
223000000	227000000	13838.906
224000000	227000000	16672.568
225000000	227000000	34558.77
226000000	227000000	136405.27
227000000	227000000	526784.1
0	228000000	672.1468
1000000	228000000	1367.8807
2000000	228000000	2361.7207
3000000	228000000	2180.643
4000000	228000000	2097.1392
5000000	228000000	1948.1431
6000000	228000000	1639.5527
7000000	228000000	1542.788
8000000	228000000	952.489
9000000	228000000	850.0806
10000000	228000000	844.20544
11000000	228000000	1050.8289
12000000	228000000	1130.1202
13000000	228000000	854.8165
14000000	228000000	1250.4597
15000000	228000000	1142.9568
16000000	228000000	969.95416
17000000	228000000	1046.9777
18000000	228000000	1089.584
19000000	228000000	987.4615
20000000	228000000	949.33984
21000000	228000000	697.44495
22000000	228000000	752.3714
23000000	228000000	800.1518
24000000	228000000	792.4578
25000000	228000000	768.9062
26000000	228000000	743.44763
27000000	228000000	642.57275
28000000	228000000	628.90295
29000000	228000000	805.3568
30000000	228000000	1086.1758
31000000	228000000	858.97723
32000000	228000000	706.8934
33000000	228000000	887.5067
34000000	228000000	1180.2444
35000000	228000000	913.5507
36000000	228000000	810.83734
37000000	228000000	1059.8298
38000000	228000000	881.0366
39000000	228000000	806.9247
40000000	228000000	776.69507
41000000	228000000	1067.4
42000000	228000000	964.6812
43000000	228000000	949.6563
44000000	228000000	1019.88306
45000000	228000000	1031.2231
46000000	228000000	994.8449
47000000	228000000	1443.4014
48000000	228000000	1272.3029
49000000	228000000	1049.1284
50000000	228000000	996.3028
51000000	228000000	885.60406
52000000	228000000	924.25195
53000000	228000000	1125.6476
54000000	228000000	1188.523
55000000	228000000	1022.4979
56000000	228000000	869.879
57000000	228000000	826.8559
58000000	228000000	844.25214
59000000	228000000	778.66565
60000000	228000000	656.3796
61000000	228000000	652.04315
62000000	228000000	782.20056
63000000	228000000	857.6586
64000000	228000000	741.48553
65000000	228000000	662.6734
66000000	228000000	567.24475
67000000	228000000	688.96893
68000000	228000000	583.55725
69000000	228000000	541.1306
70000000	228000000	573.0692
71000000	228000000	485.42636
72000000	228000000	458.7493
73000000	228000000	475.7612
74000000	228000000	447.89758
75000000	228000000	476.40488
76000000	228000000	505.18777
77000000	228000000	485.85727
78000000	228000000	545.4301
79000000	228000000	360.63712
80000000	228000000	322.82666
81000000	228000000	366.04047
82000000	228000000	356.65918
83000000	228000000	366.93048
84000000	228000000	435.79102
85000000	228000000	564.3988
86000000	228000000	506.89682
87000000	228000000	566.8078
88000000	228000000	463.79782
89000000	228000000	614.2107
90000000	228000000	588.9573
91000000	228000000	581.9533
92000000	228000000	580.9214
93000000	228000000	714.41187
94000000	228000000	801.8336
95000000	228000000	638.1475
96000000	228000000	451.6233
97000000	228000000	449.7015
98000000	228000000	389.68494
99000000	228000000	404.9157
100000000	228000000	569.0625
101000000	228000000	517.7111
102000000	228000000	337.3172
103000000	228000000	375.85373
104000000	228000000	367.85117
105000000	228000000	361.00305
106000000	228000000	371.86008
107000000	228000000	446.19437
108000000	228000000	608.70496
109000000	228000000	857.06445
110000000	228000000	942.77704
111000000	228000000	892.7139
112000000	228000000	1109.0267
113000000	228000000	942.38654
114000000	228000000	944.0517
115000000	228000000	934.4801
116000000	228000000	978.36835
117000000	228000000	881.49084
118000000	228000000	914.8495
119000000	228000000	957.333
120000000	228000000	1195.3634
121000000	228000000	4139.5864
142000000	228000000	192.26811
143000000	228000000	1859.5227
144000000	228000000	1636.4994
145000000	228000000	1756.6289
146000000	228000000	2150.7695
147000000	228000000	2048.6255
148000000	228000000	2751.7246
149000000	228000000	2376.6086
150000000	228000000	1257.4077
151000000	228000000	1726.0396
152000000	228000000	2757.987
153000000	228000000	1927.7528
154000000	228000000	1561.4957
155000000	228000000	1174.7056
156000000	228000000	1573.7208
157000000	228000000	2012.9133
158000000	228000000	1996.8933
159000000	228000000	2505.6426
160000000	228000000	2056.5352
161000000	228000000	3395.4253
162000000	228000000	3044.5
163000000	228000000	2306.1482
164000000	228000000	2433.3887
165000000	228000000	2466.7744
166000000	228000000	2327.328
167000000	228000000	2156.8962
168000000	228000000	1922.8662
169000000	228000000	1709.7357
170000000	228000000	1918.4543
171000000	228000000	2170.4595
172000000	228000000	1840.3771
173000000	228000000	1846.6083
174000000	228000000	1795.8944
175000000	228000000	2608.605
176000000	228000000	2572.9036
177000000	228000000	2809.7783
178000000	228000000	2380.3838
179000000	228000000	2688.2676
180000000	228000000	2516.8608
181000000	228000000	2953.6929
182000000	228000000	2982.3215
183000000	228000000	2751.421
184000000	228000000	2874.3215
185000000	228000000	2428.4778
186000000	228000000	2262.4587
187000000	228000000	2011.948
188000000	228000000	1913.3436
189000000	228000000	2108.2424
190000000	228000000	2102.1108
191000000	228000000	2098.4634
192000000	228000000	2275.9219
193000000	228000000	2409.6335
194000000	228000000	2200.4346
195000000	228000000	2304.7603
196000000	228000000	2454.5037
197000000	228000000	2684.553
198000000	228000000	2492.0913
199000000	228000000	3038.1348
200000000	228000000	3472.8552
201000000	228000000	5337.581
202000000	228000000	4004.3977
203000000	228000000	4207.738
204000000	228000000	4735.7227
205000000	228000000	3861.6106
206000000	228000000	2942.0764
207000000	228000000	3984.3323
208000000	228000000	6112.902
209000000	228000000	6107.0493
210000000	228000000	5457.7383
211000000	228000000	4935.6997
212000000	228000000	3913.7576
213000000	228000000	5577.2124
214000000	228000000	5650.768
215000000	228000000	4590.9487
216000000	228000000	4539.9834
217000000	228000000	5030.852
218000000	228000000	5079.8013
219000000	228000000	5110.197
220000000	228000000	7400.289
221000000	228000000	6427.0728
222000000	228000000	7906.5933
223000000	228000000	12130.848
224000000	228000000	12970.206
225000000	228000000	19592.494
226000000	228000000	35409.227
227000000	228000000	132167.27
228000000	228000000	531163.25
0	229000000	619.8566
1000000	229000000	1085.316
2000000	229000000	1273.3934
3000000	229000000	1463.8954
4000000	229000000	1267.5387
5000000	229000000	1466.1384
6000000	229000000	1593.4191
7000000	229000000	1569.7545
8000000	229000000	1203.7924
9000000	229000000	904.74664
10000000	229000000	965.1203
11000000	229000000	1016.7782
12000000	229000000	1254.4026
13000000	229000000	890.14514
14000000	229000000	1138.5201
15000000	229000000	1160.8446
16000000	229000000	1052.3002
17000000	229000000	1031.6807
18000000	229000000	1070.9419
19000000	229000000	1015.5487
20000000	229000000	985.1118
21000000	229000000	845.89966
22000000	229000000	866.0922
23000000	229000000	837.6223
24000000	229000000	890.91095
25000000	229000000	897.6513
26000000	229000000	832.9373
27000000	229000000	749.5959
28000000	229000000	663.21594
29000000	229000000	912.26
30000000	229000000	1011.0174
31000000	229000000	889.5927
32000000	229000000	751.81885
33000000	229000000	907.6226
34000000	229000000	1143.8691
35000000	229000000	877.2399
36000000	229000000	904.1022
37000000	229000000	1135.6276
38000000	229000000	925.79144
39000000	229000000	850.8947
40000000	229000000	786.9335
41000000	229000000	1180.5717
42000000	229000000	1132.2372
43000000	229000000	933.3243
44000000	229000000	1111.3601
45000000	229000000	1133.5334
46000000	229000000	1244.5375
47000000	229000000	1429.0696
48000000	229000000	1161.7319
49000000	229000000	849.5004
50000000	229000000	901.2501
51000000	229000000	1069.7631
52000000	229000000	1119.4595
53000000	229000000	1326.9204
54000000	229000000	1349.6909
55000000	229000000	1115.1516
56000000	229000000	976.1405
57000000	229000000	873.22473
58000000	229000000	858.19037
59000000	229000000	882.71814
60000000	229000000	655.2234
61000000	229000000	652.38806
62000000	229000000	909.11334
63000000	229000000	904.7113
64000000	229000000	771.793
65000000	229000000	744.4056
66000000	229000000	609.7038
67000000	229000000	699.22296
68000000	229000000	568.4442
69000000	229000000	454.4334
70000000	229000000	577.15204
71000000	229000000	404.44574
72000000	229000000	411.52213
73000000	229000000	352.67075
74000000	229000000	422.36673
75000000	229000000	411.61697
76000000	229000000	438.41785
77000000	229000000	477.45755
78000000	229000000	582.7843
79000000	229000000	351.28595
80000000	229000000	378.41696
81000000	229000000	389.72314
82000000	229000000	379.50552
83000000	229000000	311.24005
84000000	229000000	399.53497
85000000	229000000	612.87787
86000000	229000000	517.4035
87000000	229000000	589.1983
88000000	229000000	542.11523
89000000	229000000	639.2386
90000000	229000000	657.8878
91000000	229000000	618.1672
92000000	229000000	649.8597
93000000	229000000	795.3668
94000000	229000000	802.9798
95000000	229000000	589.591
96000000	229000000	386.41022
97000000	229000000	443.17484
98000000	229000000	405.1987
99000000	229000000	434.6514
100000000	229000000	598.6994
101000000	229000000	553.58136
102000000	229000000	319.36133
103000000	229000000	324.03748
104000000	229000000	344.56955
105000000	229000000	325.0613
106000000	229000000	312.1404
107000000	229000000	455.93707
108000000	229000000	608.7105
109000000	229000000	961.96533
110000000	229000000	1043.9199
111000000	229000000	981.9759
112000000	229000000	1184.7516
113000000	229000000	1043.9172
114000000	229000000	939.79736
115000000	229000000	979.18787
116000000	229000000	1009.0249
117000000	229000000	983.4874
118000000	229000000	930.1165
119000000	229000000	973.4896
120000000	229000000	1228.1448
121000000	229000000	2593.1453
142000000	229000000	156.62952
143000000	229000000	1663.87
144000000	229000000	1827.7085
145000000	229000000	1874.4865
146000000	229000000	1779.9244
147000000	229000000	1928.2972
148000000	229000000	2551.7898
149000000	229000000	1815.4696
150000000	229000000	1380.0339
151000000	229000000	1765.5614
152000000	229000000	2472.2446
153000000	229000000	1932.8086
154000000	229000000	1691.2069
155000000	229000000	1271.9581
156000000	229000000	1663.2913
157000000	229000000	2296.7993
158000000	229000000	2060.3035
159000000	229000000	2368.224
160000000	229000000	2250.1416
161000000	229000000	3060.4978
162000000	229000000	2933.706
163000000	229000000	1953.8098
164000000	229000000	1855.2251
165000000	229000000	2296.0708
166000000	229000000	2172.1182
167000000	229000000	2416.8289
168000000	229000000	2085.2588
169000000	229000000	1866.1049
170000000	229000000	1866.046
171000000	229000000	2197.0579
172000000	229000000	2000.7635
173000000	229000000	2016.4509
174000000	229000000	2202.9907
175000000	229000000	2777.4675
176000000	229000000	2635.7412
177000000	229000000	2639.4355
178000000	229000000	2556.6555
179000000	229000000	2849.8193
180000000	229000000	2600.641
181000000	229000000	3093.1309
182000000	229000000	3260.6677
183000000	229000000	2978.4912
184000000	229000000	3094.2607
185000000	229000000	2320.8403
186000000	229000000	2147.9492
187000000	229000000	1769.7262
188000000	229000000	1601.1522
189000000	229000000	1704.4207
190000000	229000000	1675.1647
191000000	229000000	1806.868
192000000	229000000	2066.415
193000000	229000000	2106.6057
194000000	229000000	1820.7795
195000000	229000000	2010.2714
196000000	229000000	2016.4619
197000000	229000000	2477.9924
198000000	229000000	2342.0576
199000000	229000000	3132.861
200000000	229000000	3837.8845
201000000	229000000	5628.6265
202000000	229000000	4410.245
203000000	229000000	4297.9575
204000000	229000000	4849.212
205000000	229000000	4354.775
206000000	229000000	3442.1648
207000000	229000000	4430.5093
208000000	229000000	6506.6987
209000000	229000000	6045.559
210000000	229000000	5395.241
211000000	229000000	5212.2847
212000000	229000000	4530.218
213000000	229000000	5573.853
214000000	229000000	5178.567
215000000	229000000	3936.1936
216000000	229000000	3957.913
217000000	229000000	4584.3984
218000000	229000000	4361.139
219000000	229000000	4586.7485
220000000	229000000	6504.7314
221000000	229000000	5810.5205
222000000	229000000	6896.3687
223000000	229000000	10268.087
224000000	229000000	9958.339
225000000	229000000	12647.925
226000000	229000000	19145.438
227000000	229000000	31467.855
228000000	229000000	137036.72
229000000	229000000	519186.47
0	230000000	556.88275
1000000	230000000	883.0697
2000000	230000000	1050.7565
3000000	230000000	1187.0912
4000000	230000000	1158.0546
5000000	230000000	1396.9801
6000000	230000000	1530.2222
7000000	230000000	1696.7394
8000000	230000000	1119.0847
9000000	230000000	847.34357
10000000	230000000	964.5077
11000000	230000000	948.63074
12000000	230000000	1290.2765
13000000	230000000	950.66077
14000000	230000000	1327.9766
15000000	230000000	1161.7269
16000000	230000000	1000.48065
17000000	230000000	1049.6855
18000000	230000000	1234.6959
19000000	230000000	1005.6768
20000000	230000000	1087.8163
21000000	230000000	788.7848
22000000	230000000	846.18054
23000000	230000000	791.19965
24000000	230000000	828.5929
25000000	230000000	891.0638
26000000	230000000	733.1618
27000000	230000000	668.7238
28000000	230000000	624.3513
29000000	230000000	828.33093
30000000	230000000	1136.4435
31000000	230000000	842.36444
32000000	230000000	665.79913
33000000	230000000	868.52747
34000000	230000000	1292.5164
35000000	230000000	925.6104
36000000	230000000	854.6579
37000000	230000000	1168.2551
38000000	230000000	857.70306
39000000	230000000	872.69214
40000000	230000000	760.6938
41000000	230000000	1183.3561
42000000	230000000	1089.5765
43000000	230000000	866.66016
44000000	230000000	1098.4565
45000000	230000000	1012.21936
46000000	230000000	1079.6393
47000000	230000000	1563.7208
48000000	230000000	1358.5898
49000000	230000000	917.7395
50000000	230000000	906.60516
51000000	230000000	1094.264
52000000	230000000	1096.3445
53000000	230000000	1331.1486
54000000	230000000	1365.3654
55000000	230000000	1200.4995
56000000	230000000	1074.6013
57000000	230000000	1057.2625
58000000	230000000	1029.8738
59000000	230000000	914.9961
60000000	230000000	780.4964
61000000	230000000	797.9021
62000000	230000000	971.6797
63000000	230000000	1019.98755
64000000	230000000	920.8454
65000000	230000000	874.189
66000000	230000000	703.59686
67000000	230000000	689.16833
68000000	230000000	601.04736
69000000	230000000	532.3564
70000000	230000000	587.7632
71000000	230000000	515.3422
72000000	230000000	522.4699
73000000	230000000	445.54532
74000000	230000000	463.81805
75000000	230000000	484.4038
76000000	230000000	504.55582
77000000	230000000	507.61404
78000000	230000000	566.74884
79000000	230000000	380.22406
80000000	230000000	419.71323
81000000	230000000	365.43372
82000000	230000000	450.14655
83000000	230000000	387.3511
84000000	230000000	444.8511
85000000	230000000	662.4352
86000000	230000000	556.70483
87000000	230000000	569.51044
88000000	230000000	587.7518
89000000	230000000	595.2979
90000000	230000000	650.6248
91000000	230000000	642.89825
92000000	230000000	678.12866
93000000	230000000	725.60223
94000000	230000000	827.00745
95000000	230000000	638.9522
96000000	230000000	355.4563
97000000	230000000	433.0857
98000000	230000000	439.5758
99000000	230000000	435.7079
100000000	230000000	577.31335
101000000	230000000	531.0897
102000000	230000000	399.1818
103000000	230000000	366.69128
104000000	230000000	380.8655
105000000	230000000	389.7805
106000000	230000000	390.80386
107000000	230000000	445.42288
108000000	230000000	540.3721
109000000	230000000	869.7272
110000000	230000000	1030.6927
111000000	230000000	984.4737
112000000	230000000	1247.1553
113000000	230000000	996.7779
114000000	230000000	1057.2607
115000000	230000000	1167.8282
116000000	230000000	1180.9004
117000000	230000000	969.7727
118000000	230000000	958.59424
119000000	230000000	900.3182
120000000	230000000	1132.5159
121000000	230000000	2183.1768
142000000	230000000	166.64767
143000000	230000000	1143.9609
144000000	230000000	1632.9695
145000000	230000000	1798.3694
146000000	230000000	1825.3556
147000000	230000000	1991.1641
148000000	230000000	2470.9285
149000000	230000000	1680.0248
150000000	230000000	1111.1462
151000000	230000000	1602.3632
152000000	230000000	2734.6636
153000000	230000000	1936.8923
154000000	230000000	1552.4485
155000000	230000000	1141.2153
156000000	230000000	1467.7196
157000000	230000000	2234.4368
158000000	230000000	2108.6736
159000000	230000000	2488.6301
160000000	230000000	2044.5823
161000000	230000000	2266.975
162000000	230000000	3008.4746
163000000	230000000	2102.9585
164000000	230000000	1990.9011
165000000	230000000	2388.2627
166000000	230000000	2357.9458
167000000	230000000	2281.3245
168000000	230000000	2019.2672
169000000	230000000	1846.3104
170000000	230000000	2028.0537
171000000	230000000	2439.076
172000000	230000000	2082.7903
173000000	230000000	2046.1857
174000000	230000000	2271.0059
175000000	230000000	3168.52
176000000	230000000	3066.3848
177000000	230000000	3086.0935
178000000	230000000	2748.4197
179000000	230000000	2742.6475
180000000	230000000	2554.395
181000000	230000000	3247.1719
182000000	230000000	3342.0632
183000000	230000000	3080.2214
184000000	230000000	3215.2908
185000000	230000000	2612.0662
186000000	230000000	2347.769
187000000	230000000	1897.67
188000000	230000000	1928.4496
189000000	230000000	2094.3523
190000000	230000000	2125.0615
191000000	230000000	2148.2324
192000000	230000000	2294.8103
193000000	230000000	2347.155
194000000	230000000	2167.9424
195000000	230000000	2382.0095
196000000	230000000	2640.5012
197000000	230000000	2724.2827
198000000	230000000	2500.24
199000000	230000000	3299.368
200000000	230000000	3731.45
201000000	230000000	5927.6016
202000000	230000000	4237.6494
203000000	230000000	4493.049
204000000	230000000	5204.642
205000000	230000000	4149.936
206000000	230000000	3217.3516
207000000	230000000	4546.301
208000000	230000000	7570.0957
209000000	230000000	6847.775
210000000	230000000	6470.2354
211000000	230000000	5542.24
212000000	230000000	4315.531
213000000	230000000	6007.2485
214000000	230000000	5897.2437
215000000	230000000	4764.089
216000000	230000000	4655.9985
217000000	230000000	5143.7563
218000000	230000000	4933.4136
219000000	230000000	4961.446
220000000	230000000	6572.6514
221000000	230000000	5899.234
222000000	230000000	6834.552
223000000	230000000	9988.397
224000000	230000000	8752.963
225000000	230000000	11287.28
226000000	230000000	14359.019
227000000	230000000	21331.62
228000000	230000000	41259.1
229000000	230000000	169779.69
230000000	230000000	509410.22
0	231000000	601.4308
1000000	231000000	803.0998
2000000	231000000	909.51685
3000000	231000000	1016.2021
4000000	231000000	1049.2545
5000000	231000000	1176.3787
6000000	231000000	1484.4418
7000000	231000000	1445.8392
8000000	231000000	1035.0151
9000000	231000000	808.5376
10000000	231000000	917.3074
11000000	231000000	907.1927
12000000	231000000	1203.5378
13000000	231000000	900.5762
14000000	231000000	1257.5637
15000000	231000000	1105.5272
16000000	231000000	917.4444
17000000	231000000	915.6488
18000000	231000000	1059.6786
19000000	231000000	990.50696
20000000	231000000	914.609
21000000	231000000	766.3983
22000000	231000000	739.155
23000000	231000000	781.61743
24000000	231000000	803.055
25000000	231000000	876.08356
26000000	231000000	701.3512
27000000	231000000	631.1934
28000000	231000000	676.13245
29000000	231000000	797.1732
30000000	231000000	923.2731
31000000	231000000	831.4531
32000000	231000000	636.28986
33000000	231000000	867.90265
34000000	231000000	1127.7714
35000000	231000000	956.04626
36000000	231000000	799.1414
37000000	231000000	1076.9023
38000000	231000000	823.23376
39000000	231000000	783.4136
40000000	231000000	775.63
41000000	231000000	1091.19
42000000	231000000	1129.4203
43000000	231000000	868.1682
44000000	231000000	985.3529
45000000	231000000	987.0108
46000000	231000000	1078.909
47000000	231000000	1595.5106
48000000	231000000	1335.4409
49000000	231000000	965.05426
50000000	231000000	1032.0547
51000000	231000000	1174.7854
52000000	231000000	1151.1543
53000000	231000000	1277.6339
54000000	231000000	1397.731
55000000	231000000	1266.0848
56000000	231000000	1133.0438
57000000	231000000	1076.5018
58000000	231000000	1028.7451
59000000	231000000	993.6134
60000000	231000000	840.2276
61000000	231000000	872.95233
62000000	231000000	1118.5247
63000000	231000000	1104.1051
64000000	231000000	986.0949
65000000	231000000	964.7596
66000000	231000000	787.06067
67000000	231000000	834.5451
68000000	231000000	724.9009
69000000	231000000	499.67963
70000000	231000000	724.8538
71000000	231000000	613.46674
72000000	231000000	536.17944
73000000	231000000	477.94916
74000000	231000000	560.673
75000000	231000000	559.9618
76000000	231000000	600.82385
77000000	231000000	600.9219
78000000	231000000	689.5978
79000000	231000000	427.70096
80000000	231000000	451.27234
81000000	231000000	400.42932
82000000	231000000	425.64722
83000000	231000000	372.78088
84000000	231000000	509.13562
85000000	231000000	709.10675
86000000	231000000	691.8349
87000000	231000000	745.671
88000000	231000000	606.0466
89000000	231000000	747.8819
90000000	231000000	705.7059
91000000	231000000	657.30756
92000000	231000000	744.34863
93000000	231000000	883.1485
94000000	231000000	831.16095
95000000	231000000	664.1683
96000000	231000000	389.86575
97000000	231000000	501.90164
98000000	231000000	436.5484
99000000	231000000	452.52563
100000000	231000000	591.10876
101000000	231000000	547.62085
102000000	231000000	401.2304
103000000	231000000	451.84354
104000000	231000000	422.7102
105000000	231000000	406.92136
106000000	231000000	436.87506
107000000	231000000	517.834
108000000	231000000	647.74915
109000000	231000000	975.9038
110000000	231000000	924.2152
111000000	231000000	955.12946
112000000	231000000	1199.4849
113000000	231000000	1026.9633
114000000	231000000	1052.7498
115000000	231000000	1140.3754
116000000	231000000	1077.764
117000000	231000000	1082.5604
118000000	231000000	987.51697
119000000	231000000	981.57715
120000000	231000000	1130.2644
121000000	231000000	2022.5223
142000000	231000000	143.19574
143000000	231000000	967.8513
144000000	231000000	1607.455
145000000	231000000	1870.6936
146000000	231000000	1844.2327
147000000	231000000	2019.7463
148000000	231000000	1946.9347
149000000	231000000	1527.3427
150000000	231000000	1137.4722
151000000	231000000	1597.1915
152000000	231000000	2557.639
153000000	231000000	1892.6824
154000000	231000000	1516.1556
155000000	231000000	1127.775
156000000	231000000	1442.4751
157000000	231000000	2129.5789
158000000	231000000	2095.1736
159000000	231000000	2471.6138
160000000	231000000	2096.628
161000000	231000000	2289.8337
162000000	231000000	3105.5388
163000000	231000000	2186.8018
164000000	231000000	2117.0918
165000000	231000000	2637.0527
166000000	231000000	2521.255
167000000	231000000	2495.6282
168000000	231000000	2252.1562
169000000	231000000	2131.011
170000000	231000000	2148.6199
171000000	231000000	2610.068
172000000	231000000	2207.2769
173000000	231000000	2279.391
174000000	231000000	2581.7756
175000000	231000000	3333.056
176000000	231000000	3307.6326
177000000	231000000	3208.9185
178000000	231000000	3133.1406
179000000	231000000	3192.1287
180000000	231000000	2875.0935
181000000	231000000	3312.5876
182000000	231000000	3320.9624
183000000	231000000	3204.5977
184000000	231000000	3455.4343
185000000	231000000	2881.9365
186000000	231000000	2741.0498
187000000	231000000	2289.8242
188000000	231000000	2124.142
189000000	231000000	2351.3767
190000000	231000000	2430.7485
191000000	231000000	2352.024
192000000	231000000	2628.2705
193000000	231000000	2749.2156
194000000	231000000	2455.6257
195000000	231000000	2808.5244
196000000	231000000	2862.5276
197000000	231000000	3298.757
198000000	231000000	3018.8733
199000000	231000000	3770.0808
200000000	231000000	4080.0137
201000000	231000000	5330.502
202000000	231000000	4093.28
203000000	231000000	4032.805
204000000	231000000	4513.2017
205000000	231000000	3911.9788
206000000	231000000	3212.025
207000000	231000000	4438.505
208000000	231000000	7544.5493
209000000	231000000	7422.2144
210000000	231000000	6822.2715
211000000	231000000	6014.2896
212000000	231000000	4930.396
213000000	231000000	6747.7695
214000000	231000000	6742.373
215000000	231000000	5468.724
216000000	231000000	5198.7656
217000000	231000000	5911.262
218000000	231000000	5634.9126
219000000	231000000	5920.446
220000000	231000000	7752.887
221000000	231000000	6422.802
222000000	231000000	7277.654
223000000	231000000	9662.136
224000000	231000000	9109.323
225000000	231000000	11277.889
226000000	231000000	12903.394
227000000	231000000	17316.781
228000000	231000000	25322.06
229000000	231000000	41867.785
230000000	231000000	117685.36
231000000	231000000	525930.8
0	232000000	261.4146
1000000	232000000	471.0517
2000000	232000000	735.3587
3000000	232000000	852.59906
4000000	232000000	1367.5408
5000000	232000000	1633.0496
6000000	232000000	921.6408
7000000	232000000	1430.3851
8000000	232000000	658.87213
9000000	232000000	469.84134
10000000	232000000	559.2839
11000000	232000000	558.871
12000000	232000000	1032.4652
13000000	232000000	1247.9789
14000000	232000000	1413.7955
15000000	232000000	980.17957
16000000	232000000	543.42395
17000000	232000000	811.4269
18000000	232000000	1324.3254
19000000	232000000	797.9662
20000000	232000000	850.1124
21000000	232000000	498.82764
22000000	232000000	572.12616
23000000	232000000	514.52216
24000000	232000000	542.48206
25000000	232000000	584.33575
26000000	232000000	469.40094
27000000	232000000	345.73837
28000000	232000000	356.37338
29000000	232000000	666.0347
30000000	232000000	1236.2875
31000000	232000000	582.8099
32000000	232000000	377.13687
33000000	232000000	559.93463
34000000	232000000	1437.4247
35000000	232000000	728.242
36000000	232000000	496.49426
37000000	232000000	1027.5442
38000000	232000000	630.352
39000000	232000000	564.339
40000000	232000000	346.24777
41000000	232000000	804.41174
42000000	232000000	885.6133
43000000	232000000	621.891
44000000	232000000	803.20166
45000000	232000000	666.5915
46000000	232000000	616.8961
47000000	232000000	1319.6648
48000000	232000000	1744.7523
49000000	232000000	1474.8425
50000000	232000000	1378.265
51000000	232000000	806.43884
52000000	232000000	695.04926
53000000	232000000	907.72424
54000000	232000000	1036.3414
55000000	232000000	1006.2688
56000000	232000000	1364.2941
57000000	232000000	1502.6497
58000000	232000000	1471.2635
59000000	232000000	738.3901
60000000	232000000	1044.0278
61000000	232000000	1223.5425
62000000	232000000	1037.1813
63000000	232000000	992.11835
64000000	232000000	1136.6196
65000000	232000000	939.98956
66000000	232000000	738.6671
67000000	232000000	628.30426
68000000	232000000	733.1642
69000000	232000000	851.6227
70000000	232000000	672.33856
71000000	232000000	711.41394
72000000	232000000	721.18225
73000000	232000000	638.91656
74000000	232000000	650.4528
75000000	232000000	637.9624
76000000	232000000	598.2772
77000000	232000000	709.0724
78000000	232000000	495.39835
79000000	232000000	455.752
80000000	232000000	561.17444
81000000	232000000	537.66205
82000000	232000000	476.32077
83000000	232000000	497.34488
84000000	232000000	518.0168
85000000	232000000	548.3603
86000000	232000000	731.7866
87000000	232000000	564.2106
88000000	232000000	759.53534
89000000	232000000	557.72424
90000000	232000000	671.4051
91000000	232000000	754.8707
92000000	232000000	695.4842
93000000	232000000	513.16364
94000000	232000000	784.311
95000000	232000000	726.0053
96000000	232000000	596.6688
97000000	232000000	505.12247
98000000	232000000	495.63437
99000000	232000000	645.30896
100000000	232000000	404.81555
101000000	232000000	385.0184
102000000	232000000	548.4855
103000000	232000000	529.267
104000000	232000000	527.4858
105000000	232000000	503.9959
106000000	232000000	598.0177
107000000	232000000	544.8443
108000000	232000000	562.8627
109000000	232000000	592.2799
110000000	232000000	628.82544
111000000	232000000	679.7567
112000000	232000000	1184.2755
113000000	232000000	831.9794
114000000	232000000	877.7086
115000000	232000000	1207.4838
116000000	232000000	1203.138
117000000	232000000	749.3202
118000000	232000000	1027.7603
119000000	232000000	1071.2229
120000000	232000000	1091.3956
121000000	232000000	2571.2185
142000000	232000000	131.0018
143000000	232000000	899.2682
144000000	232000000	1176.1659
145000000	232000000	1151.9893
146000000	232000000	1726.0454
147000000	232000000	1715.2491
148000000	232000000	1786.6395
149000000	232000000	1607.6195
150000000	232000000	554.50073
151000000	232000000	906.8522
152000000	232000000	3113.4263
153000000	232000000	1462.5443
154000000	232000000	938.5962
155000000	232000000	555.25006
156000000	232000000	774.1803
157000000	232000000	1864.9132
158000000	232000000	2297.7256
159000000	232000000	2615.439
160000000	232000000	1152.8088
161000000	232000000	1197.194
162000000	232000000	2757.3853
163000000	232000000	2887.3435
164000000	232000000	3154.1611
165000000	232000000	2728.9004
166000000	232000000	2807.6523
167000000	232000000	1541.2063
168000000	232000000	1775.2483
169000000	232000000	1684.7787
170000000	232000000	2449.2727
171000000	232000000	2317.3394
172000000	232000000	1847.9619
173000000	232000000	1594.0785
174000000	232000000	2055.971
175000000	232000000	3417.1467
176000000	232000000	4149.0576
177000000	232000000	4996.614
178000000	232000000	3278.1228
179000000	232000000	2646.7896
180000000	232000000	1907.8539
181000000	232000000	2940.1262
182000000	232000000	2733.8494
183000000	232000000	2090.8916
184000000	232000000	3046.1365
185000000	232000000	2665.4229
186000000	232000000	2566.5837
187000000	232000000	2690.8477
188000000	232000000	2647.7498
189000000	232000000	2998.632
190000000	232000000	2981.7737
191000000	232000000	2896.0046
192000000	232000000	2332.224
193000000	232000000	2633.617
194000000	232000000	2966.5884
195000000	232000000	3310.2034
196000000	232000000	3721.835
197000000	232000000	3477.3262
198000000	232000000	2216.975
199000000	232000000	3737.2263
200000000	232000000	2657.8013
201000000	232000000	4182.314
202000000	232000000	2646.537
203000000	232000000	3212.301
204000000	232000000	4100.34
205000000	232000000	2906.4146
206000000	232000000	1800.2686
207000000	232000000	3316.628
208000000	232000000	9074.703
209000000	232000000	8429.483
210000000	232000000	7940.053
211000000	232000000	5255.029
212000000	232000000	2637.3525
213000000	232000000	6861.948
214000000	232000000	7986.443
215000000	232000000	7353.151
216000000	232000000	7233.8877
217000000	232000000	7536.5054
218000000	232000000	7559.851
219000000	232000000	6173.7607
220000000	232000000	7054.198
221000000	232000000	6287.5195
222000000	232000000	6565.5244
223000000	232000000	10014.067
224000000	232000000	6284.9927
225000000	232000000	10574.638
226000000	232000000	7177.5225
227000000	232000000	14900.744
228000000	232000000	17341.734
229000000	232000000	21490.217
230000000	232000000	36315.418
231000000	232000000	94385.44
232000000	232000000	525244.94
0	233000000	426.91287
1000000	233000000	701.65076
2000000	233000000	692.52356
3000000	233000000	769.87854
4000000	233000000	721.734
5000000	233000000	827.58405
6000000	233000000	1083.226
7000000	233000000	1039.9142
8000000	233000000	1091.4832
9000000	233000000	759.91693
10000000	233000000	758.9763
11000000	233000000	690.86304
12000000	233000000	967.1422
13000000	233000000	725.3267
14000000	233000000	990.0388
15000000	233000000	948.4147
16000000	233000000	802.16077
17000000	233000000	681.99896
18000000	233000000	691.47784
19000000	233000000	800.0853
20000000	233000000	744.2033
21000000	233000000	653.86066
22000000	233000000	584.0402
23000000	233000000	653.4717
24000000	233000000	719.81995
25000000	233000000	782.565
26000000	233000000	611.6145
27000000	233000000	540.73083
28000000	233000000	601.0273
29000000	233000000	628.8578
30000000	233000000	633.17755
31000000	233000000	665.12585
32000000	233000000	589.69183
33000000	233000000	682.1553
34000000	233000000	789.13885
35000000	233000000	773.7
36000000	233000000	681.376
37000000	233000000	691.9383
38000000	233000000	726.7547
39000000	233000000	692.78467
40000000	233000000	756.96356
41000000	233000000	1065.1221
42000000	233000000	1122.2913
43000000	233000000	733.46313
44000000	233000000	845.87646
45000000	233000000	974.83826
46000000	233000000	991.9942
47000000	233000000	1188.4008
48000000	233000000	944.6069
49000000	233000000	744.6379
50000000	233000000	867.1006
51000000	233000000	1201.9652
52000000	233000000	1008.9953
53000000	233000000	1130.0621
54000000	233000000	1045.6992
55000000	233000000	1103.9792
56000000	233000000	1099.3622
57000000	233000000	895.26074
58000000	233000000	953.5777
59000000	233000000	1077.9541
60000000	233000000	790.7371
61000000	233000000	751.4815
62000000	233000000	966.65265
63000000	233000000	1098.0419
64000000	233000000	893.15485
65000000	233000000	877.4389
66000000	233000000	796.2977
67000000	233000000	833.45245
68000000	233000000	656.47626
69000000	233000000	535.72516
70000000	233000000	659.5888
71000000	233000000	569.1939
72000000	233000000	518.33496
73000000	233000000	517.1945
74000000	233000000	536.7765
75000000	233000000	585.89404
76000000	233000000	604.0872
77000000	233000000	568.0563
78000000	233000000	660.8201
79000000	233000000	470.63953
80000000	233000000	446.2588
81000000	233000000	482.0661
82000000	233000000	491.4916
83000000	233000000	433.78406
84000000	233000000	520.06946
85000000	233000000	721.2099
86000000	233000000	648.9525
87000000	233000000	727.4632
88000000	233000000	642.6026
89000000	233000000	810.2138
90000000	233000000	789.8858
91000000	233000000	717.0216
92000000	233000000	739.20337
93000000	233000000	799.1227
94000000	233000000	773.0211
95000000	233000000	595.3999
96000000	233000000	368.61566
97000000	233000000	559.3953
98000000	233000000	478.65002
99000000	233000000	485.11877
100000000	233000000	626.6134
101000000	233000000	642.9988
102000000	233000000	457.4883
103000000	233000000	347.4592
104000000	233000000	401.1955
105000000	233000000	433.90863
106000000	233000000	366.36792
107000000	233000000	489.54068
108000000	233000000	657.5885
109000000	233000000	840.09607
110000000	233000000	849.42346
111000000	233000000	985.6924
112000000	233000000	1042.3706
113000000	233000000	924.46075
114000000	233000000	891.8208
115000000	233000000	877.1576
116000000	233000000	1009.9831
117000000	233000000	1072.498
118000000	233000000	842.66296
119000000	233000000	864.6969
120000000	233000000	918.87476
121000000	233000000	1654.5549
142000000	233000000	166.39574
143000000	233000000	1023.35675
144000000	233000000	1306.7682
145000000	233000000	1516.8315
146000000	233000000	1383.5079
147000000	233000000	1420.2753
148000000	233000000	1429.3837
149000000	233000000	1104.7532
150000000	233000000	996.8682
151000000	233000000	1306.3281
152000000	233000000	1901.5946
153000000	233000000	1531.1974
154000000	233000000	1330.5363
155000000	233000000	1067.627
156000000	233000000	1190.9618
157000000	233000000	1990.4467
158000000	233000000	1928.5305
159000000	233000000	2004.1205
160000000	233000000	2023.3688
161000000	233000000	2056.9802
162000000	233000000	2339.0063
163000000	233000000	1654.643
164000000	233000000	1666.2275
165000000	233000000	2018.2766
166000000	233000000	2056.386
167000000	233000000	2314.9805
168000000	233000000	2245.4536
169000000	233000000	2064.64
170000000	233000000	2157.081
171000000	233000000	2245.5977
172000000	233000000	2202.8728
173000000	233000000	2261.1445
174000000	233000000	2690.0068
175000000	233000000	2753.4153
176000000	233000000	2718.6326
177000000	233000000	2600.1538
178000000	233000000	2691.9014
179000000	233000000	2819.5286
180000000	233000000	2899.545
181000000	233000000	3169.5972
182000000	233000000	3221.7307
183000000	233000000	3201.1165
184000000	233000000	3223.2727
185000000	233000000	2767.5154
186000000	233000000	2460.77
187000000	233000000	2229.6924
188000000	233000000	2063.9712
189000000	233000000	2014.6155
190000000	233000000	2085.6123
191000000	233000000	2256.7275
192000000	233000000	2538.4937
193000000	233000000	2642.7507
194000000	233000000	2342.7341
195000000	233000000	2375.1375
196000000	233000000	2523.121
197000000	233000000	2938.4495
198000000	233000000	3412.1077
199000000	233000000	3950.1821
200000000	233000000	3895.8894
201000000	233000000	4084.6953
202000000	233000000	3275.6294
203000000	233000000	3270.449
204000000	233000000	3378.823
205000000	233000000	3296.6455
206000000	233000000	2977.9023
207000000	233000000	4346.342
208000000	233000000	5939.8237
209000000	233000000	5841.5874
210000000	233000000	5682.5444
211000000	233000000	5203.5312
212000000	233000000	4617.3076
213000000	233000000	5800.076
214000000	233000000	5504.95
215000000	233000000	4752.0493
216000000	233000000	4345.8516
217000000	233000000	4987.3394
218000000	233000000	4734.1704
219000000	233000000	5703.4336
220000000	233000000	6638.5527
221000000	233000000	6727.633
222000000	233000000	6315.6
223000000	233000000	7846.6196
224000000	233000000	7352.163
225000000	233000000	7941.393
226000000	233000000	8710.946
227000000	233000000	11163.348
228000000	233000000	11894.563
229000000	233000000	14629.103
230000000	233000000	20406.443
231000000	233000000	42275.95
232000000	233000000	141387.17
233000000	233000000	532013.75
0	234000000	769.852
1000000	234000000	1203.9176
2000000	234000000	885.22235
3000000	234000000	889.3879
4000000	234000000	669.03186
5000000	234000000	735.24524
6000000	234000000	1387.6307
7000000	234000000	1144.0071
8000000	234000000	1565.2241
9000000	234000000	1328.4213
10000000	234000000	1145.0803
11000000	234000000	1230.7738
12000000	234000000	1419.7821
13000000	234000000	810.0786
14000000	234000000	1222.5691
15000000	234000000	1572.314
16000000	234000000	4713.2144
17000000	234000000	5330.216
18000000	234000000	1369.3806
19000000	234000000	1288.1416
20000000	234000000	1142.2008
21000000	234000000	1094.4923
22000000	234000000	924.1115
23000000	234000000	958.2445
24000000	234000000	1041.063
25000000	234000000	1188.4647
26000000	234000000	1006.7618
27000000	234000000	962.812
28000000	234000000	999.5124
29000000	234000000	745.3815
30000000	234000000	717.2449
31000000	234000000	951.1167
32000000	234000000	994.84485
33000000	234000000	958.29785
34000000	234000000	763.82385
35000000	234000000	867.9811
36000000	234000000	952.57336
37000000	234000000	732.9739
38000000	234000000	906.2527
39000000	234000000	928.34326
40000000	234000000	1209.2024
41000000	234000000	1175.2927
42000000	234000000	1188.9169
43000000	234000000	920.11774
44000000	234000000	1023.5759
45000000	234000000	1268.1644
46000000	234000000	1438.5127
47000000	234000000	1115.5026
48000000	234000000	729.9057
49000000	234000000	538.8109
50000000	234000000	598.7238
51000000	234000000	1216.3744
52000000	234000000	1346.5612
53000000	234000000	1309.9775
54000000	234000000	1236.7518
55000000	234000000	1014.03143
56000000	234000000	843.27814
57000000	234000000	639.1527
58000000	234000000	691.7433
59000000	234000000	1047.3387
60000000	234000000	616.13354
61000000	234000000	526.3776
62000000	234000000	795.26276
63000000	234000000	957.278
64000000	234000000	684.4251
65000000	234000000	759.82275
66000000	234000000	722.7874
67000000	234000000	921.1567
68000000	234000000	596.1204
69000000	234000000	380.43073
70000000	234000000	582.8355
71000000	234000000	362.375
72000000	234000000	415.1302
73000000	234000000	375.7758
74000000	234000000	368.74536
75000000	234000000	461.5857
76000000	234000000	437.8699
77000000	234000000	473.93234
78000000	234000000	712.08105
79000000	234000000	399.93427
80000000	234000000	349.95477
81000000	234000000	325.59216
82000000	234000000	394.31946
83000000	234000000	321.15335
84000000	234000000	453.45584
85000000	234000000	693.21674
86000000	234000000	522.60284
87000000	234000000	653.0558
88000000	234000000	479.74228
89000000	234000000	760.89935
90000000	234000000	805.0852
91000000	234000000	601.9597
92000000	234000000	723.89734
93000000	234000000	967.9436
94000000	234000000	721.0583
95000000	234000000	449.79297
96000000	234000000	251.21841
97000000	234000000	383.1993
98000000	234000000	397.51956
99000000	234000000	321.2662
100000000	234000000	744.64233
101000000	234000000	635.9011
102000000	234000000	279.56427
103000000	234000000	275.73035
104000000	234000000	280.50763
105000000	234000000	349.48694
106000000	234000000	279.4439
107000000	234000000	339.62808
108000000	234000000	539.6838
109000000	234000000	1040.8267
110000000	234000000	1049.9576
111000000	234000000	1112.1847
112000000	234000000	1039.6036
113000000	234000000	922.4811
114000000	234000000	760.41675
115000000	234000000	739.8398
116000000	234000000	792.7463
117000000	234000000	1033.0938
118000000	234000000	656.2888
119000000	234000000	609.156
120000000	234000000	708.5729
121000000	234000000	1218.3439
142000000	234000000	98.6913
143000000	234000000	511.65652
144000000	234000000	1301.458
145000000	234000000	1640.0215
146000000	234000000	1096.076
147000000	234000000	1150.3888
148000000	234000000	971.3644
149000000	234000000	1106.4109
150000000	234000000	1680.0084
151000000	234000000	1588.8073
152000000	234000000	1340.7397
153000000	234000000	1601.4255
154000000	234000000	1724.9438
155000000	234000000	1659.6597
156000000	234000000	1907.4496
157000000	234000000	1863.5618
158000000	234000000	1508.3419
159000000	234000000	1531.2788
160000000	234000000	2314.428
161000000	234000000	2360.728
162000000	234000000	1838.6307
163000000	234000000	974.3302
164000000	234000000	940.1192
165000000	234000000	1463.3822
166000000	234000000	1354.6389
167000000	234000000	2438.6333
168000000	234000000	2121.2444
169000000	234000000	1842.0286
170000000	234000000	1545.3763
171000000	234000000	1913.5955
172000000	234000000	2053.0186
173000000	234000000	2096.6018
174000000	234000000	2333.2598
175000000	234000000	2191.0876
176000000	234000000	1648.7255
177000000	234000000	1555.0765
178000000	234000000	1858.2715
179000000	234000000	2417.7441
180000000	234000000	2721.602
181000000	234000000	2867.04
182000000	234000000	3164.9517
183000000	234000000	3520.6548
184000000	234000000	2802.8403
185000000	234000000	2061.7625
186000000	234000000	1802.8107
187000000	234000000	1382.6937
188000000	234000000	1182.7367
189000000	234000000	1211.6583
190000000	234000000	1270.7959
191000000	234000000	1390.2773
192000000	234000000	1972.9094
193000000	234000000	1906.4343
194000000	234000000	1433.5475
195000000	234000000	1433.8304
196000000	234000000	1426.3108
197000000	234000000	1933.2948
198000000	234000000	2917.5608
199000000	234000000	3016.2214
200000000	234000000	4172.6694
201000000	234000000	4314.98
202000000	234000000	3792.2666
203000000	234000000	3449.6655
204000000	234000000	3448.9155
205000000	234000000	3887.636
206000000	234000000	3924.6423
207000000	234000000	4558.8066
208000000	234000000	4296.352
209000000	234000000	4206.7744
210000000	234000000	3952.6145
211000000	234000000	4644.583
212000000	234000000	5893.0127
213000000	234000000	4858.741
214000000	234000000	3651.4292
215000000	234000000	2825.118
216000000	234000000	2686.3865
217000000	234000000	3146.7874
218000000	234000000	2987.5662
219000000	234000000	3828.295
220000000	234000000	5126.348
221000000	234000000	5135.729
222000000	234000000	5156.2607
223000000	234000000	5904.5835
224000000	234000000	6438.544
225000000	234000000	5698.3706
226000000	234000000	8303.947
227000000	234000000	7430.204
228000000	234000000	8662.555
229000000	234000000	10760.338
230000000	234000000	13483.976
231000000	234000000	21427.12
232000000	234000000	32893.402
233000000	234000000	134848.0
234000000	234000000	543577.5
0	235000000	1072.0966
1000000	235000000	1506.0903
2000000	235000000	752.1286
3000000	235000000	742.8201
4000000	235000000	387.67987
5000000	235000000	436.2224
6000000	235000000	1403.1606
7000000	235000000	818.3248
8000000	235000000	1820.0208
9000000	235000000	1625.6552
10000000	235000000	1327.4294
11000000	235000000	1111.9
12000000	235000000	1216.3143
13000000	235000000	422.46814
14000000	235000000	647.5859
15000000	235000000	1010.938
16000000	235000000	1500.2031
17000000	235000000	736.2782
18000000	235000000	444.2511
19000000	235000000	863.4615
20000000	235000000	760.12555
21000000	235000000	1047.0879
22000000	235000000	845.286
23000000	235000000	967.4157
24000000	235000000	1060.3933
25000000	235000000	1238.6089
26000000	235000000	1142.6868
27000000	235000000	1328.8971
28000000	235000000	1492.5071
29000000	235000000	784.0576
30000000	235000000	432.2285
31000000	235000000	995.1407
32000000	235000000	1285.5193
33000000	235000000	1117.4402
34000000	235000000	453.76215
35000000	235000000	874.7067
36000000	235000000	1281.0472
37000000	235000000	541.7824
38000000	235000000	920.2631
39000000	235000000	1062.8981
40000000	235000000	1560.5963
41000000	235000000	1257.9701
42000000	235000000	1184.109
43000000	235000000	1041.8181
44000000	235000000	1078.0903
45000000	235000000	1497.2601
46000000	235000000	1957.656
47000000	235000000	1037.371
48000000	235000000	514.8235
49000000	235000000	349.26932
50000000	235000000	449.63055
51000000	235000000	1445.8958
52000000	235000000	1897.9281
53000000	235000000	1501.521
54000000	235000000	1381.6294
55000000	235000000	1045.407
56000000	235000000	697.23236
57000000	235000000	510.84564
58000000	235000000	522.38916
59000000	235000000	1073.2383
60000000	235000000	502.58005
61000000	235000000	421.93723
62000000	235000000	806.1006
63000000	235000000	978.2949
64000000	235000000	610.56885
65000000	235000000	777.1147
66000000	235000000	739.60956
67000000	235000000	973.0779
68000000	235000000	564.97406
69000000	235000000	318.2647
70000000	235000000	658.32446
71000000	235000000	392.0068
72000000	235000000	334.43097
73000000	235000000	299.17633
74000000	235000000	320.34348
75000000	235000000	411.83713
76000000	235000000	493.02
77000000	235000000	448.7201
78000000	235000000	883.1024
79000000	235000000	349.89227
80000000	235000000	279.8516
81000000	235000000	294.6602
82000000	235000000	402.28638
83000000	235000000	289.9035
84000000	235000000	471.96054
85000000	235000000	776.57996
86000000	235000000	546.0103
87000000	235000000	785.1787
88000000	235000000	435.50934
89000000	235000000	874.76855
90000000	235000000	901.2972
91000000	235000000	554.5321
92000000	235000000	734.2296
93000000	235000000	1206.0558
94000000	235000000	730.5972
95000000	235000000	421.71054
96000000	235000000	196.075
97000000	235000000	412.5355
98000000	235000000	376.97073
99000000	235000000	298.38992
100000000	235000000	988.3941
101000000	235000000	816.0532
102000000	235000000	282.4392
103000000	235000000	249.42331
104000000	235000000	244.16953
105000000	235000000	294.19772
106000000	235000000	242.53236
107000000	235000000	326.00183
108000000	235000000	574.1645
109000000	235000000	1369.5869
110000000	235000000	1230.1947
111000000	235000000	1151.3053
112000000	235000000	888.3091
113000000	235000000	984.78284
114000000	235000000	850.57263
115000000	235000000	641.54736
116000000	235000000	681.99976
117000000	235000000	1057.8031
118000000	235000000	591.1531
119000000	235000000	550.9574
120000000	235000000	544.37103
121000000	235000000	1032.6449
142000000	235000000	162.26768
143000000	235000000	695.55396
144000000	235000000	1234.0618
145000000	235000000	2047.1815
146000000	235000000	842.8283
147000000	235000000	858.0281
148000000	235000000	817.1271
149000000	235000000	1164.404
150000000	235000000	2503.4395
151000000	235000000	1951.1636
152000000	235000000	911.9931
153000000	235000000	1659.2961
154000000	235000000	2057.431
155000000	235000000	2560.4226
156000000	235000000	2560.1702
157000000	235000000	1672.153
158000000	235000000	1127.0609
159000000	235000000	1225.3997
160000000	235000000	2957.946
161000000	235000000	3113.4277
162000000	235000000	1673.1168
163000000	235000000	743.4786
164000000	235000000	596.41003
165000000	235000000	1362.1674
166000000	235000000	1175.1504
167000000	235000000	3043.6252
168000000	235000000	2275.5713
169000000	235000000	2045.6404
170000000	235000000	1298.5461
171000000	235000000	1842.2166
172000000	235000000	2022.7853
173000000	235000000	2315.3013
174000000	235000000	2509.6116
175000000	235000000	1803.0984
176000000	235000000	1291.4841
177000000	235000000	955.7662
178000000	235000000	1537.3625
179000000	235000000	2490.746
180000000	235000000	3234.0654
181000000	235000000	2772.9905
182000000	235000000	3216.4055
183000000	235000000	4267.4995
184000000	235000000	2804.2986
185000000	235000000	2088.5286
186000000	235000000	1937.8175
187000000	235000000	1171.8604
188000000	235000000	952.1241
189000000	235000000	971.7401
190000000	235000000	1009.0828
191000000	235000000	1113.1656
192000000	235000000	2003.326
193000000	235000000	2069.3574
194000000	235000000	1160.2426
195000000	235000000	1080.4647
196000000	235000000	1152.8147
197000000	235000000	1711.4617
198000000	235000000	3209.0337
199000000	235000000	2780.3992
200000000	235000000	5173.4795
201000000	235000000	4613.21
202000000	235000000	4555.885
203000000	235000000	3576.5664
204000000	235000000	3529.5413
205000000	235000000	4324.5425
206000000	235000000	4821.814
207000000	235000000	4909.0664
208000000	235000000	3005.5771
209000000	235000000	3025.7222
210000000	235000000	2784.279
211000000	235000000	4828.509
212000000	235000000	7603.253
213000000	235000000	4983.6006
214000000	235000000	2978.371
215000000	235000000	2074.866
216000000	235000000	1848.9647
217000000	235000000	2451.5103
218000000	235000000	2242.2917
219000000	235000000	3212.2332
220000000	235000000	4898.548
221000000	235000000	4626.4185
222000000	235000000	4771.828
223000000	235000000	4654.104
224000000	235000000	6817.5703
225000000	235000000	4369.2944
226000000	235000000	8883.727
227000000	235000000	5145.233
228000000	235000000	6012.063
229000000	235000000	7640.1133
230000000	235000000	8490.653
231000000	235000000	11875.822
232000000	235000000	10341.857
233000000	235000000	30131.043
234000000	235000000	209848.97
235000000	235000000	624448.06
0	236000000	685.6594
1000000	236000000	920.8418
2000000	236000000	667.1944
3000000	236000000	688.1287
4000000	236000000	522.63617
5000000	236000000	550.61346
6000000	236000000	1114.2233
7000000	236000000	675.09375
8000000	236000000	1183.2391
9000000	236000000	942.4013
10000000	236000000	813.96893
11000000	236000000	757.7957
12000000	236000000	904.3219
13000000	236000000	412.53372
14000000	236000000	632.8092
15000000	236000000	817.28265
16000000	236000000	972.5675
17000000	236000000	486.8328
18000000	236000000	368.98782
19000000	236000000	611.9981
20000000	236000000	507.84238
21000000	236000000	621.8594
22000000	236000000	557.1471
23000000	236000000	643.2416
24000000	236000000	647.34106
25000000	236000000	773.35156
26000000	236000000	642.82544
27000000	236000000	746.8232
28000000	236000000	771.4983
29000000	236000000	493.12936
30000000	236000000	359.88974
31000000	236000000	586.85754
32000000	236000000	759.00024
33000000	236000000	703.5873
34000000	236000000	381.8809
35000000	236000000	650.81134
36000000	236000000	719.3191
37000000	236000000	420.9319
38000000	236000000	623.8039
39000000	236000000	698.9008
40000000	236000000	829.2874
41000000	236000000	881.9471
42000000	236000000	832.7184
43000000	236000000	674.6471
44000000	236000000	653.50397
45000000	236000000	918.5702
46000000	236000000	1255.1036
47000000	236000000	1210.1493
48000000	236000000	781.2955
49000000	236000000	637.25543
50000000	236000000	691.2299
51000000	236000000	1466.4194
52000000	236000000	1405.37
53000000	236000000	1083.0176
54000000	236000000	1082.349
55000000	236000000	1131.8663
56000000	236000000	840.4244
57000000	236000000	623.5059
58000000	236000000	766.3686
59000000	236000000	1312.6149
60000000	236000000	716.57196
61000000	236000000	656.25
62000000	236000000	1084.5663
63000000	236000000	1284.0426
64000000	236000000	886.3137
65000000	236000000	988.39417
66000000	236000000	964.57104
67000000	236000000	1218.8707
68000000	236000000	894.5129
69000000	236000000	576.27435
70000000	236000000	995.159
71000000	236000000	635.9853
72000000	236000000	632.1976
73000000	236000000	549.56305
74000000	236000000	560.28253
75000000	236000000	758.97943
76000000	236000000	730.8457
77000000	236000000	649.3641
78000000	236000000	1035.2295
79000000	236000000	607.83844
80000000	236000000	523.70276
81000000	236000000	533.12854
82000000	236000000	586.9841
83000000	236000000	512.65137
84000000	236000000	652.2478
85000000	236000000	981.5908
86000000	236000000	766.1449
87000000	236000000	891.8743
88000000	236000000	578.3744
89000000	236000000	949.2631
90000000	236000000	918.9896
91000000	236000000	668.76636
92000000	236000000	811.2809
93000000	236000000	1077.2623
94000000	236000000	880.8933
95000000	236000000	615.4256
96000000	236000000	352.68546
97000000	236000000	657.8695
98000000	236000000	545.4161
99000000	236000000	467.21478
100000000	236000000	979.23065
101000000	236000000	941.3589
102000000	236000000	438.51593
103000000	236000000	380.1403
104000000	236000000	416.32504
105000000	236000000	433.9065
106000000	236000000	388.9963
107000000	236000000	495.00717
108000000	236000000	656.143
109000000	236000000	1118.905
110000000	236000000	881.6658
111000000	236000000	799.42847
112000000	236000000	744.83215
113000000	236000000	816.7926
114000000	236000000	762.58746
115000000	236000000	658.4193
116000000	236000000	693.5966
117000000	236000000	995.9557
118000000	236000000	676.7472
119000000	236000000	693.30225
120000000	236000000	737.78644
121000000	236000000	1303.3281
142000000	236000000	165.87689
143000000	236000000	467.14664
144000000	236000000	1211.8976
145000000	236000000	1567.1581
146000000	236000000	936.32324
147000000	236000000	915.28735
148000000	236000000	1044.1273
149000000	236000000	954.3231
150000000	236000000	1392.277
151000000	236000000	1377.0034
152000000	236000000	968.6279
153000000	236000000	1297.8359
154000000	236000000	1371.5089
155000000	236000000	1351.7808
156000000	236000000	1515.1652
157000000	236000000	1779.5963
158000000	236000000	1424.4338
159000000	236000000	1485.9276
160000000	236000000	2363.2363
161000000	236000000	2625.7336
162000000	236000000	2349.095
163000000	236000000	1382.3416
164000000	236000000	1128.4932
165000000	236000000	2048.2441
166000000	236000000	1766.0369
167000000	236000000	3073.8054
168000000	236000000	2387.9236
169000000	236000000	2289.2373
170000000	236000000	1621.1415
171000000	236000000	2189.859
172000000	236000000	2252.6948
173000000	236000000	2348.1082
174000000	236000000	2505.4263
175000000	236000000	2382.9695
176000000	236000000	2055.2517
177000000	236000000	1630.4912
178000000	236000000	2188.7412
179000000	236000000	2956.9126
180000000	236000000	3180.1528
181000000	236000000	2743.923
182000000	236000000	3041.5107
183000000	236000000	3968.7542
184000000	236000000	3605.2122
185000000	236000000	3185.474
186000000	236000000	3574.2668
187000000	236000000	2331.4148
188000000	236000000	2011.8273
189000000	236000000	2166.3635
190000000	236000000	2284.5525
191000000	236000000	2373.0024
192000000	236000000	3491.2139
193000000	236000000	3488.5688
194000000	236000000	2511.3977
195000000	236000000	2556.1865
196000000	236000000	2662.697
197000000	236000000	3411.233
198000000	236000000	4483.055
199000000	236000000	3688.9734
200000000	236000000	5303.3257
201000000	236000000	3997.4314
202000000	236000000	3387.1018
203000000	236000000	2799.0764
204000000	236000000	2710.387
205000000	236000000	3251.0261
206000000	236000000	3588.0493
207000000	236000000	4473.1294
208000000	236000000	4603.956
209000000	236000000	4887.37
210000000	236000000	4612.1084
211000000	236000000	5848.856
212000000	236000000	7623.4014
213000000	236000000	7211.6577
214000000	236000000	6054.661
215000000	236000000	4769.3794
216000000	236000000	4464.402
217000000	236000000	5476.0605
218000000	236000000	4879.193
219000000	236000000	6297.4443
220000000	236000000	8386.337
221000000	236000000	6424.4253
222000000	236000000	6678.671
223000000	236000000	6946.9375
224000000	236000000	8450.919
225000000	236000000	6206.625
226000000	236000000	9289.125
227000000	236000000	6703.9526
228000000	236000000	7679.9453
229000000	236000000	8974.322
230000000	236000000	10003.878
231000000	236000000	14444.616
232000000	236000000	13032.893
233000000	236000000	23656.244
234000000	236000000	35600.387
235000000	236000000	118618.85
236000000	236000000	580751.7
0	237000000	193.50209
1000000	237000000	321.7092
2000000	237000000	449.75363
3000000	237000000	531.6706
4000000	237000000	855.21606
5000000	237000000	892.5832
6000000	237000000	541.0866
7000000	237000000	552.79596
8000000	237000000	322.9094
9000000	237000000	280.25443
10000000	237000000	294.45575
11000000	237000000	287.5286
12000000	237000000	447.2377
13000000	237000000	477.5652
14000000	237000000	582.95825
15000000	237000000	445.04822
16000000	237000000	319.12595
17000000	237000000	321.65836
18000000	237000000	321.93753
19000000	237000000	295.919
20000000	237000000	279.99274
21000000	237000000	243.77551
22000000	237000000	211.3761
23000000	237000000	240.35942
24000000	237000000	247.23796
25000000	237000000	255.27701
26000000	237000000	233.834
27000000	237000000	221.38873
28000000	237000000	218.27014
29000000	237000000	268.1615
30000000	237000000	292.73328
31000000	237000000	235.31049
32000000	237000000	239.06
33000000	237000000	276.3977
34000000	237000000	435.1247
35000000	237000000	307.6803
36000000	237000000	268.35715
37000000	237000000	303.84454
38000000	237000000	263.27716
39000000	237000000	264.20688
40000000	237000000	239.38136
41000000	237000000	317.84552
42000000	237000000	299.87796
43000000	237000000	258.56
44000000	237000000	288.9165
45000000	237000000	353.3702
46000000	237000000	347.22238
47000000	237000000	816.3363
48000000	237000000	1306.8044
49000000	237000000	1356.0502
50000000	237000000	1239.9613
51000000	237000000	730.41895
52000000	237000000	459.72925
53000000	237000000	435.02457
54000000	237000000	480.9878
55000000	237000000	619.1955
56000000	237000000	979.04193
57000000	237000000	996.2776
58000000	237000000	966.941
59000000	237000000	659.9463
60000000	237000000	1021.1398
61000000	237000000	1180.9808
62000000	237000000	998.11115
63000000	237000000	959.11
64000000	237000000	1163.3281
65000000	237000000	1048.4647
66000000	237000000	873.0243
67000000	237000000	821.21545
68000000	237000000	1108.4429
69000000	237000000	1234.5112
70000000	237000000	1039.9066
71000000	237000000	1231.5183
72000000	237000000	1090.9176
73000000	237000000	1153.6233
74000000	237000000	1039.9808
75000000	237000000	1007.0112
76000000	237000000	934.851
77000000	237000000	941.3966
78000000	237000000	780.6414
79000000	237000000	827.9981
80000000	237000000	846.41187
81000000	237000000	862.3036
82000000	237000000	807.0693
83000000	237000000	851.0258
84000000	237000000	732.02563
85000000	237000000	698.8616
86000000	237000000	856.9726
87000000	237000000	636.72955
88000000	237000000	819.16516
89000000	237000000	592.8845
90000000	237000000	564.9817
91000000	237000000	688.019
92000000	237000000	630.7266
93000000	237000000	429.6481
94000000	237000000	708.4751
95000000	237000000	875.8519
96000000	237000000	823.9311
97000000	237000000	683.997
98000000	237000000	662.9293
99000000	237000000	798.26855
100000000	237000000	485.70914
101000000	237000000	481.41376
102000000	237000000	767.6291
103000000	237000000	772.7699
104000000	237000000	679.40454
105000000	237000000	699.26294
106000000	237000000	780.5901
107000000	237000000	743.83685
108000000	237000000	696.9207
109000000	237000000	481.18994
110000000	237000000	307.61475
111000000	237000000	304.16437
112000000	237000000	457.0655
113000000	237000000	445.813
114000000	237000000	496.66443
115000000	237000000	652.90826
116000000	237000000	652.78796
117000000	237000000	509.29285
118000000	237000000	779.71906
119000000	237000000	814.9953
120000000	237000000	687.13184
121000000	237000000	1783.7028
142000000	237000000	111.07362
143000000	237000000	586.51556
144000000	237000000	693.61707
145000000	237000000	701.3559
146000000	237000000	929.801
147000000	237000000	893.5241
148000000	237000000	1211.8827
149000000	237000000	1099.8333
150000000	237000000	360.95508
151000000	237000000	496.09814
152000000	237000000	1298.4845
153000000	237000000	647.2508
154000000	237000000	419.6616
155000000	237000000	344.9783
156000000	237000000	446.68625
157000000	237000000	1102.0863
158000000	237000000	1498.4175
159000000	237000000	1771.0638
160000000	237000000	749.5361
161000000	237000000	906.02673
162000000	237000000	2185.3823
163000000	237000000	2869.3406
164000000	237000000	3225.2568
165000000	237000000	2694.8164
166000000	237000000	2534.7444
167000000	237000000	1372.8447
168000000	237000000	1409.8158
169000000	237000000	1403.6515
170000000	237000000	2066.6172
171000000	237000000	1975.6339
172000000	237000000	1346.2524
173000000	237000000	1285.0962
174000000	237000000	1598.9012
175000000	237000000	2475.991
176000000	237000000	3280.4707
177000000	237000000	3775.2715
178000000	237000000	2700.3386
179000000	237000000	2295.4526
180000000	237000000	1444.431
181000000	237000000	1729.1802
182000000	237000000	1620.6716
183000000	237000000	1560.9756
184000000	237000000	2585.7903
185000000	237000000	3517.161
186000000	237000000	3905.0254
187000000	237000000	4001.0396
188000000	237000000	4282.8154
189000000	237000000	4794.0967
190000000	237000000	4893.9106
191000000	237000000	4886.9326
192000000	237000000	3846.0479
193000000	237000000	4290.526
194000000	237000000	5023.4165
195000000	237000000	5674.0405
196000000	237000000	6403.49
197000000	237000000	5707.351
198000000	237000000	2988.6804
199000000	237000000	3971.0518
200000000	237000000	2501.5518
201000000	237000000	2074.7932
202000000	237000000	1306.7803
203000000	237000000	1360.2738
204000000	237000000	1610.288
205000000	237000000	1322.8076
206000000	237000000	1071.8953
207000000	237000000	2060.5935
208000000	237000000	5807.3887
209000000	237000000	6226.6133
210000000	237000000	6691.1133
211000000	237000000	4508.3604
212000000	237000000	2404.1218
213000000	237000000	7632.784
214000000	237000000	10161.012
215000000	237000000	11309.367
216000000	237000000	11467.524
217000000	237000000	11470.261
218000000	237000000	11421.987
219000000	237000000	9075.485
220000000	237000000	8748.051
221000000	237000000	6248.2236
222000000	237000000	6269.4224
223000000	237000000	8046.1577
224000000	237000000	5732.308
225000000	237000000	8591.18
226000000	237000000	4786.4233
227000000	237000000	8319.519
228000000	237000000	8047.3413
229000000	237000000	7608.3374
230000000	237000000	9941.335
231000000	237000000	13667.702
232000000	237000000	22823.963
233000000	237000000	16535.422
234000000	237000000	12119.434
235000000	237000000	13312.413
236000000	237000000	109531.54
237000000	237000000	525361.25
0	238000000	112.63487
1000000	238000000	241.04466
2000000	238000000	477.31396
3000000	238000000	474.55676
4000000	238000000	1103.1704
5000000	238000000	970.3931
6000000	238000000	369.275
7000000	238000000	381.59744
8000000	238000000	277.2018
9000000	238000000	230.58563
10000000	238000000	206.38687
11000000	238000000	223.85649
12000000	238000000	358.43283
13000000	238000000	328.33783
14000000	238000000	499.03613
15000000	238000000	354.75452
16000000	238000000	216.31517
17000000	238000000	179.5553
18000000	238000000	231.59966
19000000	238000000	227.61652
20000000	238000000	216.31017
21000000	238000000	171.06535
22000000	238000000	140.3326
23000000	238000000	179.18457
24000000	238000000	178.66846
25000000	238000000	196.57188
26000000	238000000	160.41713
27000000	238000000	178.08858
28000000	238000000	211.0819
29000000	238000000	181.56204
30000000	238000000	237.78801
31000000	238000000	191.56366
32000000	238000000	196.93193
33000000	238000000	224.31396
34000000	238000000	305.34647
35000000	238000000	218.52206
36000000	238000000	188.82161
37000000	238000000	180.9664
38000000	238000000	187.21097
39000000	238000000	186.17159
40000000	238000000	196.17459
41000000	238000000	237.79286
42000000	238000000	269.4804
43000000	238000000	198.19603
44000000	238000000	217.72562
45000000	238000000	299.244
46000000	238000000	260.53668
47000000	238000000	509.1193
48000000	238000000	916.3615
49000000	238000000	1317.1101
50000000	238000000	1253.0704
51000000	238000000	561.6713
52000000	238000000	298.68967
53000000	238000000	261.6121
54000000	238000000	292.0959
55000000	238000000	364.41647
56000000	238000000	815.24335
57000000	238000000	812.0386
58000000	238000000	837.67816
59000000	238000000	521.01373
60000000	238000000	889.1056
61000000	238000000	1003.4573
62000000	238000000	764.5091
63000000	238000000	721.19574
64000000	238000000	831.81415
65000000	238000000	857.8892
66000000	238000000	823.2012
67000000	238000000	707.1053
68000000	238000000	865.5553
69000000	238000000	1306.7654
70000000	238000000	855.6719
71000000	238000000	985.02966
72000000	238000000	1003.90814
73000000	238000000	1072.4487
74000000	238000000	880.2405
75000000	238000000	901.69867
76000000	238000000	859.4187
77000000	238000000	811.8798
78000000	238000000	591.99896
79000000	238000000	803.03503
80000000	238000000	845.6625
81000000	238000000	696.6448
82000000	238000000	692.0922
83000000	238000000	780.6256
84000000	238000000	635.82794
85000000	238000000	611.33417
86000000	238000000	723.08075
87000000	238000000	589.29376
88000000	238000000	731.2335
89000000	238000000	511.028
90000000	238000000	512.3797
91000000	238000000	535.4873
92000000	238000000	479.1284
93000000	238000000	390.25894
94000000	238000000	528.99286
95000000	238000000	683.8104
96000000	238000000	1014.53595
97000000	238000000	675.88135
98000000	238000000	659.1822
99000000	238000000	696.17487
100000000	238000000	394.91678
101000000	238000000	429.31958
102000000	238000000	591.3785
103000000	238000000	732.83154
104000000	238000000	648.0535
105000000	238000000	718.0924
106000000	238000000	819.2621
107000000	238000000	659.50323
108000000	238000000	522.83276
109000000	238000000	296.63196
110000000	238000000	201.59651
111000000	238000000	237.225
112000000	238000000	281.48685
113000000	238000000	341.89554
114000000	238000000	350.31424
115000000	238000000	450.30566
116000000	238000000	472.30383
117000000	238000000	409.7351
118000000	238000000	625.00946
119000000	238000000	735.818
120000000	238000000	500.8312
121000000	238000000	2914.0764
142000000	238000000	197.55515
143000000	238000000	1028.272
144000000	238000000	463.9304
145000000	238000000	507.42877
146000000	238000000	629.0933
147000000	238000000	652.4763
148000000	238000000	1136.9407
149000000	238000000	860.6982
150000000	238000000	317.46924
151000000	238000000	371.47104
152000000	238000000	828.68427
153000000	238000000	524.4944
154000000	238000000	328.60675
155000000	238000000	252.10542
156000000	238000000	355.02216
157000000	238000000	719.20074
158000000	238000000	1316.6896
159000000	238000000	1411.0477
160000000	238000000	637.399
161000000	238000000	679.5124
162000000	238000000	1378.9146
163000000	238000000	2879.1543
164000000	238000000	3587.9502
165000000	238000000	2008.962
166000000	238000000	2133.2915
167000000	238000000	973.1835
168000000	238000000	1170.9064
169000000	238000000	1117.5756
170000000	238000000	2088.0752
171000000	238000000	1530.2273
172000000	238000000	1052.9886
173000000	238000000	1205.4084
174000000	238000000	1295.8407
175000000	238000000	1578.0682
176000000	238000000	2477.071
177000000	238000000	3128.286
178000000	238000000	2073.0889
179000000	238000000	1790.2864
180000000	238000000	1088.4335
181000000	238000000	1282.221
182000000	238000000	1062.6598
183000000	238000000	1013.2305
184000000	238000000	1957.9882
185000000	238000000	2939.5903
186000000	238000000	3037.6838
187000000	238000000	3880.4192
188000000	238000000	4092.846
189000000	238000000	4332.65
190000000	238000000	4086.4248
191000000	238000000	4095.2048
192000000	238000000	3266.467
193000000	238000000	3682.3264
194000000	238000000	4416.114
195000000	238000000	4869.078
196000000	238000000	5597.116
197000000	238000000	4981.11
198000000	238000000	3123.6646
199000000	238000000	3410.413
200000000	238000000	1783.9359
201000000	238000000	1067.4773
202000000	238000000	790.09436
203000000	238000000	871.8032
204000000	238000000	865.25806
205000000	238000000	833.8446
206000000	238000000	750.6541
207000000	238000000	1506.0038
208000000	238000000	3876.0396
209000000	238000000	4531.617
210000000	238000000	5018.393
211000000	238000000	3398.126
212000000	238000000	1913.829
213000000	238000000	5649.618
214000000	238000000	7662.329
215000000	238000000	9564.23
216000000	238000000	9842.023
217000000	238000000	9306.966
218000000	238000000	9523.926
219000000	238000000	8421.858
220000000	238000000	6987.873
221000000	238000000	6145.201
222000000	238000000	5214.1445
223000000	238000000	6005.009
224000000	238000000	4709.275
225000000	238000000	7464.991
226000000	238000000	3549.6707
227000000	238000000	7767.7256
228000000	238000000	6959.477
229000000	238000000	5218.4067
230000000	238000000	6119.5913
231000000	238000000	8411.856
232000000	238000000	13297.677
233000000	238000000	10004.026
234000000	238000000	6642.504
235000000	238000000	5699.3774
236000000	238000000	19252.94
237000000	238000000	88902.59
238000000	238000000	588394.0
0	239000000	122.50243
1000000	239000000	235.56413
2000000	239000000	468.19653
3000000	239000000	461.26733
4000000	239000000	1137.8784
5000000	239000000	1074.2681
6000000	239000000	321.4613
7000000	239000000	421.80695
8000000	239000000	236.58841
9000000	239000000	217.12903
10000000	239000000	188.8798
11000000	239000000	220.30936
12000000	239000000	324.9512
13000000	239000000	367.27472
14000000	239000000	564.35004
15000000	239000000	339.94608
16000000	239000000	208.43178
17000000	239000000	191.15227
18000000	239000000	225.58005
19000000	239000000	214.25735
20000000	239000000	188.53279
21000000	239000000	182.14862
22000000	239000000	170.75473
23000000	239000000	165.07484
24000000	239000000	163.20393
25000000	239000000	143.86899
26000000	239000000	163.87071
27000000	239000000	155.2547
28000000	239000000	159.20168
29000000	239000000	162.88072
30000000	239000000	222.4832
31000000	239000000	163.86757
32000000	239000000	158.20674
33000000	239000000	181.01591
34000000	239000000	330.54935
35000000	239000000	228.20984
36000000	239000000	194.74138
37000000	239000000	198.24466
38000000	239000000	170.89995
39000000	239000000	158.61266
40000000	239000000	197.36864
41000000	239000000	184.92451
42000000	239000000	204.75946
43000000	239000000	168.59387
44000000	239000000	167.81534
45000000	239000000	210.30647
46000000	239000000	249.90286
47000000	239000000	534.6277
48000000	239000000	923.5157
49000000	239000000	1485.7234
50000000	239000000	1341.0066
51000000	239000000	467.47165
52000000	239000000	255.6164
53000000	239000000	226.37842
54000000	239000000	242.68806
55000000	239000000	330.80624
56000000	239000000	719.01166
57000000	239000000	798.3513
58000000	239000000	814.92944
59000000	239000000	433.9212
60000000	239000000	937.995
61000000	239000000	1092.7051
62000000	239000000	656.7297
63000000	239000000	657.0751
64000000	239000000	773.43115
65000000	239000000	830.0611
66000000	239000000	735.0731
67000000	239000000	645.68115
68000000	239000000	835.943
69000000	239000000	1433.7651
70000000	239000000	812.59595
71000000	239000000	1079.6472
72000000	239000000	992.7776
73000000	239000000	1202.2194
74000000	239000000	873.89166
75000000	239000000	862.70966
76000000	239000000	780.4402
77000000	239000000	794.631
78000000	239000000	537.9485
79000000	239000000	635.3859
80000000	239000000	855.497
81000000	239000000	801.3863
82000000	239000000	679.5753
83000000	239000000	789.8869
84000000	239000000	663.25323
85000000	239000000	525.70264
86000000	239000000	732.9658
87000000	239000000	525.26117
88000000	239000000	734.21875
89000000	239000000	446.2807
90000000	239000000	427.35187
91000000	239000000	575.3602
92000000	239000000	470.7157
93000000	239000000	294.59332
94000000	239000000	489.7653
95000000	239000000	705.66705
96000000	239000000	1210.3151
97000000	239000000	620.8385
98000000	239000000	625.74414
99000000	239000000	673.7837
100000000	239000000	314.9153
101000000	239000000	316.08453
102000000	239000000	655.01166
103000000	239000000	798.7719
104000000	239000000	738.1568
105000000	239000000	670.5012
106000000	239000000	894.72186
107000000	239000000	734.8512
108000000	239000000	507.68576
109000000	239000000	271.4264
110000000	239000000	173.41144
111000000	239000000	205.57678
112000000	239000000	296.76782
113000000	239000000	292.4426
114000000	239000000	378.19208
115000000	239000000	440.78485
116000000	239000000	465.13028
117000000	239000000	323.00626
118000000	239000000	605.1821
119000000	239000000	769.7853
120000000	239000000	479.7554
121000000	239000000	3118.5266
142000000	239000000	222.27133
143000000	239000000	1126.7388
144000000	239000000	490.46637
145000000	239000000	405.98282
146000000	239000000	716.9441
147000000	239000000	583.7445
148000000	239000000	858.1191
149000000	239000000	1061.4978
150000000	239000000	238.49162
151000000	239000000	345.50192
152000000	239000000	883.9198
153000000	239000000	429.72406
154000000	239000000	239.99742
155000000	239000000	244.46973
156000000	239000000	250.72005
157000000	239000000	666.68134
158000000	239000000	1153.4646
159000000	239000000	1366.9136
160000000	239000000	433.09885
161000000	239000000	456.4078
162000000	239000000	1304.662
163000000	239000000	3037.6772
164000000	239000000	4098.8706
165000000	239000000	1929.5123
166000000	239000000	2149.0308
167000000	239000000	833.184
168000000	239000000	984.6729
169000000	239000000	927.3122
170000000	239000000	1888.9507
171000000	239000000	1481.1865
172000000	239000000	900.12115
173000000	239000000	915.8231
174000000	239000000	1187.1414
175000000	239000000	1614.3079
176000000	239000000	2678.069
177000000	239000000	3523.906
178000000	239000000	2176.9568
179000000	239000000	1554.5776
180000000	239000000	911.1506
181000000	239000000	1087.7892
182000000	239000000	905.99194
183000000	239000000	755.50726
184000000	239000000	1792.2839
185000000	239000000	2742.8809
186000000	239000000	2828.2686
187000000	239000000	3880.2988
188000000	239000000	4275.848
189000000	239000000	4777.434
190000000	239000000	4272.8804
191000000	239000000	4276.551
192000000	239000000	2983.1895
193000000	239000000	3400.8245
194000000	239000000	4633.5337
195000000	239000000	5185.961
196000000	239000000	6198.877
197000000	239000000	4803.13
198000000	239000000	2412.0925
199000000	239000000	3102.6404
200000000	239000000	1374.7242
201000000	239000000	925.82684
202000000	239000000	610.8077
203000000	239000000	757.75946
204000000	239000000	817.85974
205000000	239000000	673.37286
206000000	239000000	526.0147
207000000	239000000	1331.2118
208000000	239000000	4024.228
209000000	239000000	4530.329
210000000	239000000	4942.746
211000000	239000000	3202.9756
212000000	239000000	1344.4882
213000000	239000000	5536.4136
214000000	239000000	7986.838
215000000	239000000	10491.266
216000000	239000000	10773.39
217000000	239000000	9821.903
218000000	239000000	10528.141
219000000	239000000	7861.0103
220000000	239000000	6382.505
221000000	239000000	5367.1694
222000000	239000000	4887.7534
223000000	239000000	5734.202
224000000	239000000	4045.722
225000000	239000000	7434.294
226000000	239000000	3171.4377
227000000	239000000	7897.9844
228000000	239000000	6862.098
229000000	239000000	4910.7925
230000000	239000000	5886.8716
231000000	239000000	7608.121
232000000	239000000	13221.515
233000000	239000000	7710.304
234000000	239000000	4632.709
235000000	239000000	3712.3464
236000000	239000000	12235.751
237000000	239000000	56583.184
238000000	239000000	165723.3
239000000	239000000	572321.4
0	240000000	160.96971
1000000	240000000	288.68494
2000000	240000000	424.44452
3000000	240000000	502.2062
4000000	240000000	1146.99
5000000	240000000	1066.3933
6000000	240000000	411.17938
7000000	240000000	489.55966
8000000	240000000	315.72684
9000000	240000000	230.07388
10000000	240000000	241.96794
11000000	240000000	203.86937
12000000	240000000	397.35153
13000000	240000000	498.25253
14000000	240000000	633.0571
15000000	240000000	392.7159
16000000	240000000	271.62234
17000000	240000000	234.54524
18000000	240000000	283.5497
19000000	240000000	231.58014
20000000	240000000	215.43275
21000000	240000000	204.24152
22000000	240000000	202.03888
23000000	240000000	187.68562
24000000	240000000	204.58307
25000000	240000000	203.40213
26000000	240000000	192.13895
27000000	240000000	206.17029
28000000	240000000	240.58978
29000000	240000000	219.18901
30000000	240000000	238.50706
31000000	240000000	227.76494
32000000	240000000	217.22395
33000000	240000000	260.3892
34000000	240000000	335.47482
35000000	240000000	277.59656
36000000	240000000	226.87416
37000000	240000000	252.3094
38000000	240000000	203.3639
39000000	240000000	229.06342
40000000	240000000	200.55998
41000000	240000000	228.41005
42000000	240000000	263.98434
43000000	240000000	226.45741
44000000	240000000	217.45287
45000000	240000000	234.0009
46000000	240000000	324.95163
47000000	240000000	669.10376
48000000	240000000	1130.6199
49000000	240000000	1649.8264
50000000	240000000	1400.4982
51000000	240000000	580.15656
52000000	240000000	313.7072
53000000	240000000	313.5078
54000000	240000000	334.9055
55000000	240000000	454.84415
56000000	240000000	807.07434
57000000	240000000	934.34186
58000000	240000000	893.6481
59000000	240000000	480.27838
60000000	240000000	990.4254
61000000	240000000	1240.0948
62000000	240000000	821.049
63000000	240000000	713.58966
64000000	240000000	938.91095
65000000	240000000	924.98834
66000000	240000000	807.9605
67000000	240000000	716.49384
68000000	240000000	985.4183
69000000	240000000	1409.8992
70000000	240000000	939.53845
71000000	240000000	1063.317
72000000	240000000	1107.4983
73000000	240000000	1326.0739
74000000	240000000	970.41583
75000000	240000000	904.62024
76000000	240000000	782.08734
77000000	240000000	827.6039
78000000	240000000	607.77277
79000000	240000000	749.5787
80000000	240000000	863.81964
81000000	240000000	836.81714
82000000	240000000	775.28564
83000000	240000000	773.8815
84000000	240000000	666.7226
85000000	240000000	603.54663
86000000	240000000	662.67236
87000000	240000000	536.47064
88000000	240000000	770.70135
89000000	240000000	452.10574
90000000	240000000	463.25632
91000000	240000000	601.3541
92000000	240000000	494.13937
93000000	240000000	390.27252
94000000	240000000	563.1694
95000000	240000000	777.30066
96000000	240000000	1054.0559
97000000	240000000	687.7888
98000000	240000000	593.032
99000000	240000000	624.76904
100000000	240000000	401.6553
101000000	240000000	372.16873
102000000	240000000	715.3109
103000000	240000000	674.3442
104000000	240000000	735.8264
105000000	240000000	671.4684
106000000	240000000	826.2239
107000000	240000000	703.21375
108000000	240000000	534.93976
109000000	240000000	349.14703
110000000	240000000	192.61642
111000000	240000000	242.69363
112000000	240000000	346.04346
113000000	240000000	378.09735
114000000	240000000	395.6747
115000000	240000000	530.3601
116000000	240000000	485.27264
117000000	240000000	401.93448
118000000	240000000	683.2973
119000000	240000000	757.4346
120000000	240000000	537.148
121000000	240000000	2679.6802
142000000	240000000	238.41342
143000000	240000000	1152.9087
144000000	240000000	443.20535
145000000	240000000	467.3388
146000000	240000000	630.96484
147000000	240000000	711.89636
148000000	240000000	1074.196
149000000	240000000	1108.704
150000000	240000000	298.59174
151000000	240000000	390.09836
152000000	240000000	938.21893
153000000	240000000	504.32596
154000000	240000000	336.69733
155000000	240000000	328.22687
156000000	240000000	319.3907
157000000	240000000	772.3744
158000000	240000000	1211.4398
159000000	240000000	1499.6122
160000000	240000000	547.7458
161000000	240000000	653.2703
162000000	240000000	1583.5814
163000000	240000000	3085.1838
164000000	240000000	3917.3445
165000000	240000000	2349.569
166000000	240000000	2327.5317
167000000	240000000	979.41705
168000000	240000000	1085.267
169000000	240000000	1096.968
170000000	240000000	1865.7482
171000000	240000000	1563.2223
172000000	240000000	1080.4982
173000000	240000000	1013.48413
174000000	240000000	1300.5297
175000000	240000000	1781.0402
176000000	240000000	2934.8853
177000000	240000000	3609.7842
178000000	240000000	2209.297
179000000	240000000	1754.8663
180000000	240000000	1030.8589
181000000	240000000	1209.0673
182000000	240000000	1141.0968
183000000	240000000	1002.53564
184000000	240000000	1862.3506
185000000	240000000	2810.74
186000000	240000000	3051.7358
187000000	240000000	3873.584
188000000	240000000	4213.5366
189000000	240000000	4868.774
190000000	240000000	4426.966
191000000	240000000	4200.036
192000000	240000000	3188.8381
193000000	240000000	3712.3108
194000000	240000000	4855.4526
195000000	240000000	5391.6113
196000000	240000000	5950.2407
197000000	240000000	4907.804
198000000	240000000	2588.047
199000000	240000000	3390.934
200000000	240000000	1703.0564
201000000	240000000	1202.4888
202000000	240000000	755.3812
203000000	240000000	896.21814
204000000	240000000	1025.2661
205000000	240000000	818.0505
206000000	240000000	677.77765
207000000	240000000	1420.0242
208000000	240000000	4671.4375
209000000	240000000	5083.5737
210000000	240000000	5485.7456
211000000	240000000	3515.7534
212000000	240000000	1661.2539
213000000	240000000	6120.01
214000000	240000000	8841.157
215000000	240000000	10870.413
216000000	240000000	11118.119
217000000	240000000	10926.292
218000000	240000000	10892.931
219000000	240000000	8187.071
220000000	240000000	7189.1504
221000000	240000000	5431.0723
222000000	240000000	5036.252
223000000	240000000	6383.0674
224000000	240000000	4605.845
225000000	240000000	7736.3022
226000000	240000000	3481.0537
227000000	240000000	7646.9014
228000000	240000000	6870.543
229000000	240000000	5392.1484
230000000	240000000	6350.0767
231000000	240000000	8067.7246
232000000	240000000	13092.95
233000000	240000000	7686.6743
234000000	240000000	4886.233
235000000	240000000	3843.6335
236000000	240000000	12074.183
237000000	240000000	44890.074
238000000	240000000	71619.15
239000000	240000000	126550.49
240000000	240000000	520691.66
0	241000000	196.96185
1000000	241000000	365.38754
2000000	241000000	451.72803
3000000	241000000	526.18506
4000000	241000000	893.8303
5000000	241000000	903.8155
6000000	241000000	548.0639
7000000	241000000	524.532
8000000	241000000	371.0075
9000000	241000000	270.41724
10000000	241000000	258.34976
11000000	241000000	274.62244
12000000	241000000	511.62466
13000000	241000000	533.1149
14000000	241000000	647.7575
15000000	241000000	484.09232
16000000	241000000	314.6455
17000000	241000000	299.04633
18000000	241000000	294.3351
19000000	241000000	285.8942
20000000	241000000	272.85742
21000000	241000000	222.37671
22000000	241000000	206.1143
23000000	241000000	217.12268
24000000	241000000	257.95505
25000000	241000000	275.8398
26000000	241000000	235.46265
27000000	241000000	235.1661
28000000	241000000	268.08188
29000000	241000000	270.41617
30000000	241000000	312.36993
31000000	241000000	267.93512
32000000	241000000	223.26483
33000000	241000000	255.84665
34000000	241000000	385.48245
35000000	241000000	328.81613
36000000	241000000	253.70357
37000000	241000000	259.571
38000000	241000000	246.28506
39000000	241000000	240.98122
40000000	241000000	268.08606
41000000	241000000	304.3869
42000000	241000000	356.36368
43000000	241000000	249.93443
44000000	241000000	269.69406
45000000	241000000	329.50494
46000000	241000000	375.33282
47000000	241000000	863.6558
48000000	241000000	1286.4618
49000000	241000000	1419.8668
50000000	241000000	1357.9552
51000000	241000000	794.8461
52000000	241000000	455.74155
53000000	241000000	411.85034
54000000	241000000	475.0418
55000000	241000000	620.3293
56000000	241000000	917.7425
57000000	241000000	969.44385
58000000	241000000	987.4369
59000000	241000000	780.89105
60000000	241000000	1062.7341
61000000	241000000	1217.7325
62000000	241000000	1079.8944
63000000	241000000	946.4744
64000000	241000000	1031.1844
65000000	241000000	1096.416
66000000	241000000	1022.4135
67000000	241000000	935.49817
68000000	241000000	1068.5471
69000000	241000000	1301.0553
70000000	241000000	1088.0043
71000000	241000000	1220.2225
72000000	241000000	1115.0071
73000000	241000000	1115.7527
74000000	241000000	1045.1901
75000000	241000000	1038.6682
76000000	241000000	991.8323
77000000	241000000	892.09
78000000	241000000	754.82666
79000000	241000000	825.41016
80000000	241000000	816.74805
81000000	241000000	818.2147
82000000	241000000	790.66833
83000000	241000000	733.11346
84000000	241000000	731.9543
85000000	241000000	713.06384
86000000	241000000	810.70703
87000000	241000000	716.1365
88000000	241000000	756.73175
89000000	241000000	592.86316
90000000	241000000	584.92303
91000000	241000000	628.7891
92000000	241000000	574.9079
93000000	241000000	460.4514
94000000	241000000	608.082
95000000	241000000	810.3753
96000000	241000000	764.6217
97000000	241000000	663.3153
98000000	241000000	670.03046
99000000	241000000	772.097
100000000	241000000	503.8903
101000000	241000000	538.4064
102000000	241000000	732.6239
103000000	241000000	752.50446
104000000	241000000	698.9734
105000000	241000000	757.2003
106000000	241000000	758.27637
107000000	241000000	667.4192
108000000	241000000	718.7911
109000000	241000000	479.05896
110000000	241000000	287.43716
111000000	241000000	293.39105
112000000	241000000	393.67697
113000000	241000000	442.62228
114000000	241000000	434.54803
115000000	241000000	596.3761
116000000	241000000	587.93317
117000000	241000000	480.33023
118000000	241000000	729.7485
119000000	241000000	768.7426
120000000	241000000	661.5176
121000000	241000000	1939.9456
142000000	241000000	187.36806
143000000	241000000	964.6477
144000000	241000000	600.9223
145000000	241000000	580.2726
146000000	241000000	738.59015
147000000	241000000	764.1238
148000000	241000000	1179.4053
149000000	241000000	999.0965
150000000	241000000	313.11368
151000000	241000000	462.90384
152000000	241000000	951.4705
153000000	241000000	612.2442
154000000	241000000	435.9492
155000000	241000000	332.34506
156000000	241000000	417.81723
157000000	241000000	854.7855
158000000	241000000	1340.119
159000000	241000000	1539.4661
160000000	241000000	883.6821
161000000	241000000	938.4375
162000000	241000000	1923.655
163000000	241000000	2628.6633
164000000	241000000	2749.2432
165000000	241000000	2345.025
166000000	241000000	2270.088
167000000	241000000	1433.7727
168000000	241000000	1268.54
169000000	241000000	1360.2651
170000000	241000000	1867.8015
171000000	241000000	1697.5259
172000000	241000000	1249.4392
173000000	241000000	1153.7775
174000000	241000000	1534.9996
175000000	241000000	2052.3132
176000000	241000000	2794.0166
177000000	241000000	3127.2825
178000000	241000000	2395.458
179000000	241000000	1960.4875
180000000	241000000	1375.4769
181000000	241000000	1453.3032
182000000	241000000	1323.2968
183000000	241000000	1409.406
184000000	241000000	2300.625
185000000	241000000	3100.0579
186000000	241000000	3469.4473
187000000	241000000	3621.9514
188000000	241000000	3903.758
189000000	241000000	4367.2964
190000000	241000000	4243.8696
191000000	241000000	4304.2793
192000000	241000000	3594.405
193000000	241000000	3974.0427
194000000	241000000	4549.5664
195000000	241000000	5079.755
196000000	241000000	5618.6553
197000000	241000000	5313.637
198000000	241000000	3237.8752
199000000	241000000	3563.1218
200000000	241000000	2492.0479
201000000	241000000	1694.6501
202000000	241000000	1124.316
203000000	241000000	1094.7219
204000000	241000000	1292.6835
205000000	241000000	1124.4852
206000000	241000000	976.35864
207000000	241000000	1916.4995
208000000	241000000	4702.6147
209000000	241000000	5137.869
210000000	241000000	5410.111
211000000	241000000	3901.4487
212000000	241000000	2452.1296
213000000	241000000	6300.0537
214000000	241000000	8578.557
215000000	241000000	9973.874
216000000	241000000	9965.25
217000000	241000000	10116.389
218000000	241000000	9758.058
219000000	241000000	8038.1323
220000000	241000000	7401.28
221000000	241000000	5413.038
222000000	241000000	5348.375
223000000	241000000	6028.0596
224000000	241000000	5108.986
225000000	241000000	7522.5566
226000000	241000000	4544.3237
227000000	241000000	6728.332
228000000	241000000	5973.109
229000000	241000000	5333.3096
230000000	241000000	6156.452
231000000	241000000	7763.6724
232000000	241000000	10459.975
233000000	241000000	7287.256
234000000	241000000	4830.22
235000000	241000000	4231.512
236000000	241000000	11677.343
237000000	241000000	27275.996
238000000	241000000	26108.73
239000000	241000000	34678.78
240000000	241000000	120379.26
241000000	241000000	535717.4
0	242000000	248.23714
1000000	242000000	354.04007
2000000	242000000	506.3862
3000000	242000000	548.10846
4000000	242000000	830.51385
5000000	242000000	1027.21
6000000	242000000	644.97345
7000000	242000000	589.66943
8000000	242000000	450.66446
9000000	242000000	322.2326
10000000	242000000	335.8745
11000000	242000000	291.4733
12000000	242000000	508.51334
13000000	242000000	547.34705
14000000	242000000	666.1117
15000000	242000000	542.50616
16000000	242000000	357.01508
17000000	242000000	314.65256
18000000	242000000	369.58298
19000000	242000000	331.24075
20000000	242000000	305.24625
21000000	242000000	247.51633
22000000	242000000	273.9052
23000000	242000000	259.37573
24000000	242000000	320.94888
25000000	242000000	289.74454
26000000	242000000	258.47403
27000000	242000000	260.20874
28000000	242000000	292.09525
29000000	242000000	305.52667
30000000	242000000	369.1966
31000000	242000000	299.8296
32000000	242000000	292.97415
33000000	242000000	301.8351
34000000	242000000	450.4206
35000000	242000000	351.94064
36000000	242000000	300.88977
37000000	242000000	290.94293
38000000	242000000	278.00595
39000000	242000000	266.70612
40000000	242000000	283.56387
41000000	242000000	405.12497
42000000	242000000	358.87424
43000000	242000000	325.55917
44000000	242000000	347.47592
45000000	242000000	411.04077
46000000	242000000	449.32895
47000000	242000000	970.4724
48000000	242000000	1397.535
49000000	242000000	1441.4688
50000000	242000000	1388.4937
51000000	242000000	876.97253
52000000	242000000	481.28906
53000000	242000000	513.5414
54000000	242000000	576.75616
55000000	242000000	755.04376
56000000	242000000	1057.2152
57000000	242000000	1101.367
58000000	242000000	1053.5317
59000000	242000000	774.43994
60000000	242000000	1054.5427
61000000	242000000	1195.6064
62000000	242000000	1094.8638
63000000	242000000	978.7925
64000000	242000000	1153.3308
65000000	242000000	975.70966
66000000	242000000	927.45856
67000000	242000000	885.8149
68000000	242000000	1076.7449
69000000	242000000	1235.8284
70000000	242000000	1018.2485
71000000	242000000	1115.5726
72000000	242000000	1143.9362
73000000	242000000	1094.0059
74000000	242000000	996.568
75000000	242000000	938.5795
76000000	242000000	890.5885
77000000	242000000	892.0879
78000000	242000000	718.68463
79000000	242000000	730.19696
80000000	242000000	788.9336
81000000	242000000	781.574
82000000	242000000	735.4654
83000000	242000000	670.7092
84000000	242000000	695.72986
85000000	242000000	629.04315
86000000	242000000	822.2466
87000000	242000000	642.1975
88000000	242000000	749.5117
89000000	242000000	616.36694
90000000	242000000	584.00684
91000000	242000000	604.9334
92000000	242000000	588.332
93000000	242000000	503.51398
94000000	242000000	674.9757
95000000	242000000	762.2913
96000000	242000000	743.7495
97000000	242000000	639.4021
98000000	242000000	609.41034
99000000	242000000	669.6216
100000000	242000000	538.6959
101000000	242000000	494.07913
102000000	242000000	697.51825
103000000	242000000	677.6664
104000000	242000000	643.6574
105000000	242000000	586.16113
106000000	242000000	673.50006
107000000	242000000	732.5461
108000000	242000000	674.5431
109000000	242000000	482.53366
110000000	242000000	343.51276
111000000	242000000	349.04602
112000000	242000000	499.69943
113000000	242000000	481.76096
114000000	242000000	478.53445
115000000	242000000	573.79614
116000000	242000000	627.3727
117000000	242000000	528.4482
118000000	242000000	671.5447
119000000	242000000	840.6374
120000000	242000000	666.1381
121000000	242000000	1832.7518
142000000	242000000	166.47409
143000000	242000000	730.29047
144000000	242000000	608.76245
145000000	242000000	633.17065
146000000	242000000	798.81384
147000000	242000000	742.09436
148000000	242000000	1192.9783
149000000	242000000	844.34186
150000000	242000000	391.1524
151000000	242000000	523.31866
152000000	242000000	1158.9872
153000000	242000000	683.1021
154000000	242000000	490.13446
155000000	242000000	413.78113
156000000	242000000	476.67554
157000000	242000000	1047.3318
158000000	242000000	1391.66
159000000	242000000	1612.8989
160000000	242000000	816.6138
161000000	242000000	873.78467
162000000	242000000	1931.5132
163000000	242000000	2415.514
164000000	242000000	2629.6519
165000000	242000000	2181.2107
166000000	242000000	2012.2515
167000000	242000000	1405.7775
168000000	242000000	1283.0017
169000000	242000000	1336.7374
170000000	242000000	1760.401
171000000	242000000	1759.4537
172000000	242000000	1202.7117
173000000	242000000	1208.6976
174000000	242000000	1604.1439
175000000	242000000	2112.6592
176000000	242000000	2656.6365
177000000	242000000	2933.782
178000000	242000000	2345.864
179000000	242000000	1975.336
180000000	242000000	1333.7772
181000000	242000000	1615.5767
182000000	242000000	1492.9269
183000000	242000000	1450.6757
184000000	242000000	2337.0684
185000000	242000000	2906.2585
186000000	242000000	2984.0708
187000000	242000000	3217.0156
188000000	242000000	3416.1177
189000000	242000000	3714.252
190000000	242000000	3564.418
191000000	242000000	3815.928
192000000	242000000	3087.2493
193000000	242000000	3261.6924
194000000	242000000	3987.6763
195000000	242000000	4565.7065
196000000	242000000	4917.508
197000000	242000000	4400.09
198000000	242000000	2901.5974
199000000	242000000	3586.1228
200000000	242000000	2415.4153
201000000	242000000	1967.6991
202000000	242000000	1274.5527
203000000	242000000	1300.8126
204000000	242000000	1406.8835
205000000	242000000	1211.1434
206000000	242000000	1059.81
207000000	242000000	1977.5715
208000000	242000000	4847.9487
209000000	242000000	5401.5337
210000000	242000000	5391.632
211000000	242000000	3843.8276
212000000	242000000	2325.8171
213000000	242000000	6491.355
214000000	242000000	8285.805
215000000	242000000	8718.898
216000000	242000000	8530.917
217000000	242000000	8671.047
218000000	242000000	8247.428
219000000	242000000	6999.488
220000000	242000000	6854.8853
221000000	242000000	5139.4414
222000000	242000000	5077.1665
223000000	242000000	6141.8496
224000000	242000000	4652.337
225000000	242000000	6630.2593
226000000	242000000	4111.5835
227000000	242000000	6034.3545
228000000	242000000	5909.714
229000000	242000000	5306.139
230000000	242000000	6156.8955
231000000	242000000	7546.8027
232000000	242000000	10348.863
233000000	242000000	7448.5254
234000000	242000000	5006.716
235000000	242000000	4141.3604
236000000	242000000	10336.917
237000000	242000000	21970.428
238000000	242000000	20482.455
239000000	242000000	24754.057
240000000	242000000	48789.438
241000000	242000000	145834.95
242000000	242000000	534633.4
0	243000000	436.69388
1000000	243000000	629.33453
2000000	243000000	542.1834
3000000	243000000	658.91455
4000000	243000000	614.9876
5000000	243000000	684.3757
6000000	243000000	912.9725
7000000	243000000	652.71265
8000000	243000000	753.45593
9000000	243000000	550.8789
10000000	243000000	505.13992
11000000	243000000	452.82178
12000000	243000000	686.72906
13000000	243000000	463.53455
14000000	243000000	599.83325
15000000	243000000	662.6428
16000000	243000000	494.21634
17000000	243000000	396.08502
18000000	243000000	292.80304
19000000	243000000	411.42944
20000000	243000000	383.68274
21000000	243000000	410.46252
22000000	243000000	348.6862
23000000	243000000	321.78378
24000000	243000000	415.15216
25000000	243000000	421.47766
26000000	243000000	387.1317
27000000	243000000	420.1401
28000000	243000000	458.92603
29000000	243000000	310.00876
30000000	243000000	316.77414
31000000	243000000	364.05145
32000000	243000000	423.48236
33000000	243000000	457.33282
34000000	243000000	391.95074
35000000	243000000	480.63812
36000000	243000000	440.11685
37000000	243000000	347.56192
38000000	243000000	416.528
39000000	243000000	431.26486
40000000	243000000	531.72534
41000000	243000000	567.51544
42000000	243000000	603.0935
43000000	243000000	434.6515
44000000	243000000	438.70258
45000000	243000000	613.9534
46000000	243000000	796.94556
47000000	243000000	1035.3267
48000000	243000000	959.7501
49000000	243000000	907.63995
50000000	243000000	924.3441
51000000	243000000	1375.2903
52000000	243000000	909.5647
53000000	243000000	748.7461
54000000	243000000	805.80145
55000000	243000000	889.42725
56000000	243000000	863.00195
57000000	243000000	814.0134
58000000	243000000	826.56476
59000000	243000000	1230.9432
60000000	243000000	843.07697
61000000	243000000	889.60815
62000000	243000000	1138.3705
63000000	243000000	1191.7317
64000000	243000000	946.03503
65000000	243000000	1045.761
66000000	243000000	890.17773
67000000	243000000	1037.9956
68000000	243000000	923.4637
69000000	243000000	743.4432
70000000	243000000	1026.9839
71000000	243000000	756.68866
72000000	243000000	738.9379
73000000	243000000	735.99
74000000	243000000	765.04333
75000000	243000000	770.9026
76000000	243000000	788.5065
77000000	243000000	760.88153
78000000	243000000	886.67615
79000000	243000000	639.0882
80000000	243000000	658.9192
81000000	243000000	612.38586
82000000	243000000	625.8114
83000000	243000000	610.39545
84000000	243000000	714.45795
85000000	243000000	814.16907
86000000	243000000	779.52747
87000000	243000000	790.7753
88000000	243000000	539.3367
89000000	243000000	772.0476
90000000	243000000	641.58417
91000000	243000000	567.18866
92000000	243000000	677.45557
93000000	243000000	809.70636
94000000	243000000	756.6131
95000000	243000000	671.70123
96000000	243000000	409.7325
97000000	243000000	595.3023
98000000	243000000	643.41364
99000000	243000000	489.7601
100000000	243000000	791.8772
101000000	243000000	727.6394
102000000	243000000	533.55945
103000000	243000000	478.7854
104000000	243000000	538.11176
105000000	243000000	491.5225
106000000	243000000	502.6092
107000000	243000000	604.5263
108000000	243000000	696.03937
109000000	243000000	805.2836
110000000	243000000	540.47144
111000000	243000000	546.9323
112000000	243000000	576.10876
113000000	243000000	642.2915
114000000	243000000	601.65643
115000000	243000000	578.09375
116000000	243000000	620.269
117000000	243000000	757.8726
118000000	243000000	672.6764
119000000	243000000	710.52924
120000000	243000000	687.39795
121000000	243000000	1256.2001
142000000	243000000	109.41945
143000000	243000000	563.3363
144000000	243000000	868.96313
145000000	243000000	1036.3663
146000000	243000000	694.84344
147000000	243000000	813.415
148000000	243000000	723.18823
149000000	243000000	777.072
150000000	243000000	710.107
151000000	243000000	848.1302
152000000	243000000	962.17334
153000000	243000000	850.2729
154000000	243000000	705.34705
155000000	243000000	667.59985
156000000	243000000	781.7981
157000000	243000000	1228.3885
158000000	243000000	1262.3992
159000000	243000000	1462.1837
160000000	243000000	1368.5292
161000000	243000000	1559.5864
162000000	243000000	2042.1725
163000000	243000000	1543.8707
164000000	243000000	1316.2191
165000000	243000000	1851.8975
166000000	243000000	1674.6929
167000000	243000000	1928.7228
168000000	243000000	1635.0387
169000000	243000000	1640.8287
170000000	243000000	1460.3926
171000000	243000000	1671.1241
172000000	243000000	1606.3595
173000000	243000000	1549.1738
174000000	243000000	1932.2351
175000000	243000000	2067.6128
176000000	243000000	1984.4978
177000000	243000000	1837.9156
178000000	243000000	2056.1404
179000000	243000000	2149.9333
180000000	243000000	1997.8341
181000000	243000000	1901.7598
182000000	243000000	1972.0382
183000000	243000000	2382.166
184000000	243000000	2825.312
185000000	243000000	2916.098
186000000	243000000	3175.845
187000000	243000000	2557.595
188000000	243000000	2410.2297
189000000	243000000	2534.2522
190000000	243000000	2627.4348
191000000	243000000	2718.9617
192000000	243000000	2873.4573
193000000	243000000	3317.2751
194000000	243000000	2912.0908
195000000	243000000	3255.3704
196000000	243000000	3136.8215
197000000	243000000	3634.7283
198000000	243000000	3798.3042
199000000	243000000	3706.645
200000000	243000000	3651.8257
201000000	243000000	2567.593
202000000	243000000	1914.5345
203000000	243000000	1637.276
204000000	243000000	1688.572
205000000	243000000	1894.2645
206000000	243000000	1925.3035
207000000	243000000	3015.8867
208000000	243000000	4158.673
209000000	243000000	4639.0127
210000000	243000000	4170.5376
211000000	243000000	4313.6733
212000000	243000000	4439.5176
213000000	243000000	5863.8237
214000000	243000000	5902.7427
215000000	243000000	5359.715
216000000	243000000	5278.772
217000000	243000000	6305.9785
218000000	243000000	5230.2617
219000000	243000000	5946.153
220000000	243000000	6364.6406
221000000	243000000	4804.61
222000000	243000000	4924.0713
223000000	243000000	5005.4287
224000000	243000000	5463.689
225000000	243000000	5295.472
226000000	243000000	5381.218
227000000	243000000	5011.1606
228000000	243000000	4728.2383
229000000	243000000	5176.362
230000000	243000000	5341.4873
231000000	243000000	6968.616
232000000	243000000	6867.0703
233000000	243000000	7247.185
234000000	243000000	5997.9478
235000000	243000000	6705.3735
236000000	243000000	11601.357
237000000	243000000	12355.1455
238000000	243000000	10968.025
239000000	243000000	11825.236
240000000	243000000	19203.6
241000000	243000000	37627.16
242000000	243000000	113704.836
243000000	243000000	586666.44
0	244000000	559.6632
1000000	244000000	778.2888
2000000	244000000	748.80896
3000000	244000000	904.8933
4000000	244000000	778.9489
5000000	244000000	819.0621
6000000	244000000	1149.1016
7000000	244000000	943.6796
8000000	244000000	818.92664
9000000	244000000	640.6703
10000000	244000000	642.4521
11000000	244000000	578.62164
12000000	244000000	817.07007
13000000	244000000	568.16797
14000000	244000000	767.3322
15000000	244000000	797.5076
16000000	244000000	688.5839
17000000	244000000	536.5626
18000000	244000000	466.2082
19000000	244000000	561.3621
20000000	244000000	542.00256
21000000	244000000	527.45
22000000	244000000	467.17163
23000000	244000000	454.2586
24000000	244000000	534.4908
25000000	244000000	560.7409
26000000	244000000	494.7554
27000000	244000000	466.71448
28000000	244000000	456.88266
29000000	244000000	420.29605
30000000	244000000	439.9491
31000000	244000000	491.64645
32000000	244000000	470.01343
33000000	244000000	575.9318
34000000	244000000	581.8332
35000000	244000000	599.2044
36000000	244000000	538.34955
37000000	244000000	548.9807
38000000	244000000	531.5837
39000000	244000000	518.695
40000000	244000000	577.2985
41000000	244000000	718.93524
42000000	244000000	724.8795
43000000	244000000	625.3857
44000000	244000000	652.55664
45000000	244000000	817.2334
46000000	244000000	989.9015
47000000	244000000	1248.0818
48000000	244000000	1174.3035
49000000	244000000	930.853
50000000	244000000	909.83026
51000000	244000000	1327.6064
52000000	244000000	1055.7042
53000000	244000000	1044.5206
54000000	244000000	1087.1881
55000000	244000000	1098.6112
56000000	244000000	959.806
57000000	244000000	874.14105
58000000	244000000	908.9067
59000000	244000000	1162.7292
60000000	244000000	873.98694
61000000	244000000	920.82117
62000000	244000000	1151.2303
63000000	244000000	1296.6531
64000000	244000000	1043.678
65000000	244000000	1037.2216
66000000	244000000	879.894
67000000	244000000	1084.3945
68000000	244000000	911.3554
69000000	244000000	704.1906
70000000	244000000	944.5492
71000000	244000000	829.8888
72000000	244000000	815.04724
73000000	244000000	759.9319
74000000	244000000	738.73755
75000000	244000000	748.9598
76000000	244000000	821.2953
77000000	244000000	804.7621
78000000	244000000	904.5625
79000000	244000000	586.7821
80000000	244000000	568.94653
81000000	244000000	536.28925
82000000	244000000	650.1377
83000000	244000000	532.7618
84000000	244000000	660.1562
85000000	244000000	829.64087
86000000	244000000	739.5118
87000000	244000000	728.57153
88000000	244000000	590.8345
89000000	244000000	793.1647
90000000	244000000	718.64575
91000000	244000000	666.7894
92000000	244000000	702.5995
93000000	244000000	844.9034
94000000	244000000	861.4425
95000000	244000000	654.10333
96000000	244000000	403.66644
97000000	244000000	539.3432
98000000	244000000	499.0112
99000000	244000000	480.76443
100000000	244000000	715.8392
101000000	244000000	667.3744
102000000	244000000	489.5533
103000000	244000000	463.9068
104000000	244000000	528.9284
105000000	244000000	475.26776
106000000	244000000	397.61798
107000000	244000000	561.8358
108000000	244000000	696.53253
109000000	244000000	988.26794
110000000	244000000	777.8615
111000000	244000000	710.21
112000000	244000000	787.8912
113000000	244000000	762.4481
114000000	244000000	729.13776
115000000	244000000	756.69934
116000000	244000000	789.34326
117000000	244000000	832.1345
118000000	244000000	754.7367
119000000	244000000	801.7168
120000000	244000000	833.5784
121000000	244000000	1364.88
142000000	244000000	136.7427
143000000	244000000	742.6894
144000000	244000000	1071.8496
145000000	244000000	1233.4844
146000000	244000000	1032.9104
147000000	244000000	1057.7596
148000000	244000000	1254.2203
149000000	244000000	863.0076
150000000	244000000	786.8534
151000000	244000000	1057.0609
152000000	244000000	1256.6842
153000000	244000000	1084.3381
154000000	244000000	901.943
155000000	244000000	773.14813
156000000	244000000	1001.6315
157000000	244000000	1575.156
158000000	244000000	1541.347
159000000	244000000	1532.9774
160000000	244000000	1502.2759
161000000	244000000	1788.1847
162000000	244000000	2237.8396
163000000	244000000	1550.8292
164000000	244000000	1402.1133
165000000	244000000	1799.8323
166000000	244000000	1790.1443
167000000	244000000	2103.258
168000000	244000000	1885.2465
169000000	244000000	1750.8612
170000000	244000000	1624.6078
171000000	244000000	1865.2822
172000000	244000000	1738.6537
173000000	244000000	1798.3641
174000000	244000000	1874.8455
175000000	244000000	2219.1003
176000000	244000000	2028.2183
177000000	244000000	1883.6532
178000000	244000000	2138.9604
179000000	244000000	2291.6787
180000000	244000000	2184.9836
181000000	244000000	2327.5093
182000000	244000000	2523.9182
183000000	244000000	2726.2966
184000000	244000000	3205.9873
185000000	244000000	2888.971
186000000	244000000	2647.2783
187000000	244000000	2242.3171
188000000	244000000	2093.9883
189000000	244000000	2350.9587
190000000	244000000	2406.6533
191000000	244000000	2509.8958
192000000	244000000	2567.7974
193000000	244000000	2891.7415
194000000	244000000	2546.6365
195000000	244000000	2848.1582
196000000	244000000	2962.4458
197000000	244000000	3299.0615
198000000	244000000	3342.0415
199000000	244000000	3601.9373
200000000	244000000	3716.2373
201000000	244000000	3669.9385
202000000	244000000	2549.8862
203000000	244000000	2373.0798
204000000	244000000	2489.7437
205000000	244000000	2525.1025
206000000	244000000	2331.1333
207000000	244000000	3592.346
208000000	244000000	4821.51
209000000	244000000	4917.9507
210000000	244000000	4597.0264
211000000	244000000	4670.973
212000000	244000000	4485.0376
213000000	244000000	6194.9795
214000000	244000000	5894.4185
215000000	244000000	4957.0137
216000000	244000000	4686.4355
217000000	244000000	5501.0747
218000000	244000000	4882.2803
219000000	244000000	5309.0366
220000000	244000000	6182.079
221000000	244000000	4959.2593
222000000	244000000	5245.1094
223000000	244000000	5814.1694
224000000	244000000	5590.1294
225000000	244000000	5777.1084
226000000	244000000	5792.3696
227000000	244000000	5914.4717
228000000	244000000	6283.838
229000000	244000000	6311.2163
230000000	244000000	6869.5312
231000000	244000000	8033.3145
232000000	244000000	7637.984
233000000	244000000	7796.185
234000000	244000000	6607.1377
235000000	244000000	6768.292
236000000	244000000	11308.326
237000000	244000000	12029.24
238000000	244000000	10068.794
239000000	244000000	10909.837
240000000	244000000	16395.982
241000000	244000000	25936.883
242000000	244000000	51689.434
243000000	244000000	174210.28
244000000	244000000	513102.75
0	245000000	596.2865
1000000	245000000	836.60547
2000000	245000000	979.085
3000000	245000000	1042.1561
4000000	245000000	1096.911
5000000	245000000	1185.3079
6000000	245000000	1225.4207
7000000	245000000	1302.5273
8000000	245000000	996.7318
9000000	245000000	701.7772
10000000	245000000	753.7397
11000000	245000000	776.39453
12000000	245000000	1000.59283
13000000	245000000	775.2479
14000000	245000000	1005.18414
15000000	245000000	979.2137
16000000	245000000	835.4325
17000000	245000000	718.1553
18000000	245000000	755.86505
19000000	245000000	647.8477
20000000	245000000	701.12195
21000000	245000000	575.2798
22000000	245000000	595.70355
23000000	245000000	611.99945
24000000	245000000	648.68994
25000000	245000000	575.3569
26000000	245000000	551.6271
27000000	245000000	537.1016
28000000	245000000	544.0935
29000000	245000000	579.8735
30000000	245000000	712.0814
31000000	245000000	582.23553
32000000	245000000	564.55554
33000000	245000000	655.9345
34000000	245000000	871.3664
35000000	245000000	730.7722
36000000	245000000	618.8108
37000000	245000000	777.56647
38000000	245000000	653.9455
39000000	245000000	590.27313
40000000	245000000	615.46313
41000000	245000000	852.0168
42000000	245000000	790.1989
43000000	245000000	654.242
44000000	245000000	827.88947
45000000	245000000	913.09216
46000000	245000000	1030.0747
47000000	245000000	1567.5504
48000000	245000000	1487.5267
49000000	245000000	1101.9703
50000000	245000000	1119.8105
51000000	245000000	1245.6848
52000000	245000000	1094.8705
53000000	245000000	1239.4348
54000000	245000000	1337.5016
55000000	245000000	1236.4056
56000000	245000000	1186.9617
57000000	245000000	1146.4921
58000000	245000000	1172.7786
59000000	245000000	1185.0593
60000000	245000000	967.0401
61000000	245000000	1041.3464
62000000	245000000	1295.0668
63000000	245000000	1300.7928
64000000	245000000	1214.6968
65000000	245000000	1076.5005
66000000	245000000	858.7869
67000000	245000000	947.6629
68000000	245000000	934.78796
69000000	245000000	768.9347
70000000	245000000	844.7357
71000000	245000000	805.91455
72000000	245000000	791.4639
73000000	245000000	733.92
74000000	245000000	745.45514
75000000	245000000	780.19684
76000000	245000000	753.6761
77000000	245000000	746.86096
78000000	245000000	838.2407
79000000	245000000	610.70984
80000000	245000000	558.9923
81000000	245000000	581.4973
82000000	245000000	598.6297
83000000	245000000	537.7216
84000000	245000000	598.6454
85000000	245000000	743.9503
86000000	245000000	679.40857
87000000	245000000	695.53864
88000000	245000000	683.58026
89000000	245000000	751.5909
90000000	245000000	754.4333
91000000	245000000	696.69434
92000000	245000000	738.0888
93000000	245000000	780.1613
94000000	245000000	913.0211
95000000	245000000	669.7289
96000000	245000000	392.47748
97000000	245000000	502.8603
98000000	245000000	505.11877
99000000	245000000	486.51025
100000000	245000000	664.29694
101000000	245000000	616.84076
102000000	245000000	494.77234
103000000	245000000	454.65228
104000000	245000000	477.28842
105000000	245000000	505.6954
106000000	245000000	455.60703
107000000	245000000	594.215
108000000	245000000	772.37744
109000000	245000000	928.2188
110000000	245000000	805.74615
111000000	245000000	804.72833
112000000	245000000	925.4047
113000000	245000000	805.9486
114000000	245000000	771.6296
115000000	245000000	846.58344
116000000	245000000	882.6296
117000000	245000000	835.65283
118000000	245000000	793.8129
119000000	245000000	769.5091
120000000	245000000	983.2535
121000000	245000000	1729.8833
142000000	245000000	67.47436
143000000	245000000	1252.1156
144000000	245000000	1201.2527
145000000	245000000	1289.5145
146000000	245000000	1105.9713
147000000	245000000	1249.1401
148000000	245000000	1456.1948
149000000	245000000	1080.633
150000000	245000000	880.7905
151000000	245000000	1048.0261
152000000	245000000	1644.6738
153000000	245000000	1259.0945
154000000	245000000	1019.0439
155000000	245000000	829.7472
156000000	245000000	1058.6919
157000000	245000000	1787.3765
158000000	245000000	1615.6476
159000000	245000000	1737.8605
160000000	245000000	1514.7648
161000000	245000000	1734.9478
162000000	245000000	2461.4456
163000000	245000000	1687.2443
164000000	245000000	1727.7245
165000000	245000000	1907.3057
166000000	245000000	1810.1996
167000000	245000000	1897.3481
168000000	245000000	1911.6896
169000000	245000000	1632.7776
170000000	245000000	1638.6823
171000000	245000000	1921.696
172000000	245000000	1705.2136
173000000	245000000	1630.1965
174000000	245000000	1658.3368
175000000	245000000	2480.9534
176000000	245000000	2312.0896
177000000	245000000	2344.4272
178000000	245000000	2059.6365
179000000	245000000	2232.4753
180000000	245000000	2261.9563
181000000	245000000	2665.1064
182000000	245000000	2666.5903
183000000	245000000	2657.21
184000000	245000000	3271.719
185000000	245000000	2572.3416
186000000	245000000	2390.3308
187000000	245000000	1932.439
188000000	245000000	1947.7959
189000000	245000000	2293.0544
190000000	245000000	2191.364
191000000	245000000	2246.9722
192000000	245000000	2316.8135
193000000	245000000	2531.9849
194000000	245000000	2325.8582
195000000	245000000	2585.454
196000000	245000000	2631.499
197000000	245000000	2788.934
198000000	245000000	2814.4363
199000000	245000000	3609.3547
200000000	245000000	3844.4631
201000000	245000000	4381.332
202000000	245000000	2888.1035
203000000	245000000	3019.252
204000000	245000000	3259.0679
205000000	245000000	2823.2058
206000000	245000000	2367.6042
207000000	245000000	3645.9087
208000000	245000000	5966.828
209000000	245000000	5530.804
210000000	245000000	4977.199
211000000	245000000	4678.5425
212000000	245000000	3928.8196
213000000	245000000	6191.4453
214000000	245000000	6119.318
215000000	245000000	4854.6035
216000000	245000000	4814.615
217000000	245000000	5342.1636
218000000	245000000	4673.4956
219000000	245000000	4796.78
220000000	245000000	5752.346
221000000	245000000	4870.9814
222000000	245000000	5132.683
223000000	245000000	6484.2617
224000000	245000000	5103.759
225000000	245000000	5486.172
226000000	245000000	5280.425
227000000	245000000	5789.5337
228000000	245000000	6590.857
229000000	245000000	6883.055
230000000	245000000	7533.544
231000000	245000000	8372.848
232000000	245000000	9219.303
233000000	245000000	7905.8516
234000000	245000000	6646.4326
235000000	245000000	6222.5156
236000000	245000000	9799.756
237000000	245000000	11251.336
238000000	245000000	9258.733
239000000	245000000	9948.235
240000000	245000000	13777.891
241000000	245000000	16946.2
242000000	245000000	23237.469
243000000	245000000	30164.285
244000000	245000000	120859.1
245000000	245000000	527812.1
0	246000000	792.93695
1000000	246000000	1064.1349
2000000	246000000	831.9581
3000000	246000000	1029.8549
4000000	246000000	698.2346
5000000	246000000	788.47687
6000000	246000000	1361.9592
7000000	246000000	974.0772
8000000	246000000	1119.2416
9000000	246000000	849.7404
10000000	246000000	780.3944
11000000	246000000	722.0225
12000000	246000000	1023.92206
13000000	246000000	549.679
14000000	246000000	798.8414
15000000	246000000	922.1738
16000000	246000000	927.8921
17000000	246000000	662.2862
18000000	246000000	494.83624
19000000	246000000	635.28705
20000000	246000000	583.0302
21000000	246000000	599.22766
22000000	246000000	565.76556
23000000	246000000	629.097
24000000	246000000	604.35455
25000000	246000000	649.792
26000000	246000000	599.8361
27000000	246000000	632.274
28000000	246000000	672.3295
29000000	246000000	536.88934
30000000	246000000	497.63065
31000000	246000000	602.9564
32000000	246000000	642.453
33000000	246000000	699.50024
34000000	246000000	563.8991
35000000	246000000	773.63904
36000000	246000000	736.10834
37000000	246000000	572.9796
38000000	246000000	620.7522
39000000	246000000	620.4362
40000000	246000000	813.33966
41000000	246000000	909.75494
42000000	246000000	907.8408
43000000	246000000	704.05084
44000000	246000000	797.16614
45000000	246000000	946.0405
46000000	246000000	1257.4291
47000000	246000000	1352.3975
48000000	246000000	1061.9495
49000000	246000000	789.37384
50000000	246000000	893.7712
51000000	246000000	1555.2522
52000000	246000000	1446.4547
53000000	246000000	1270.82
54000000	246000000	1216.2937
55000000	246000000	1268.7113
56000000	246000000	1002.30835
57000000	246000000	860.12646
58000000	246000000	932.1763
59000000	246000000	1443.057
60000000	246000000	866.76874
61000000	246000000	809.80176
62000000	246000000	1289.0176
63000000	246000000	1357.2369
64000000	246000000	1033.4553
65000000	246000000	1011.0641
66000000	246000000	858.55475
67000000	246000000	1118.6213
68000000	246000000	874.8829
69000000	246000000	595.8446
70000000	246000000	983.03876
71000000	246000000	651.9459
72000000	246000000	661.27734
73000000	246000000	645.70245
74000000	246000000	620.6883
75000000	246000000	713.2905
76000000	246000000	715.65265
77000000	246000000	695.5185
78000000	246000000	964.8474
79000000	246000000	532.3878
80000000	246000000	560.12885
81000000	246000000	543.87354
82000000	246000000	601.1598
83000000	246000000	475.82242
84000000	246000000	692.7133
85000000	246000000	897.83905
86000000	246000000	656.8268
87000000	246000000	814.7017
88000000	246000000	599.98517
89000000	246000000	887.8821
90000000	246000000	831.3932
91000000	246000000	659.1492
92000000	246000000	770.37195
93000000	246000000	1021.84753
94000000	246000000	805.5784
95000000	246000000	677.8522
96000000	246000000	334.01062
97000000	246000000	623.5112
98000000	246000000	557.3373
99000000	246000000	434.05722
100000000	246000000	994.8575
101000000	246000000	848.10834
102000000	246000000	416.61197
103000000	246000000	389.95422
104000000	246000000	420.57285
105000000	246000000	485.11212
106000000	246000000	401.7682
107000000	246000000	546.06464
108000000	246000000	826.6718
109000000	246000000	1183.5282
110000000	246000000	890.1898
111000000	246000000	837.19806
112000000	246000000	792.3261
113000000	246000000	872.2271
114000000	246000000	751.188
115000000	246000000	722.63336
116000000	246000000	803.09973
117000000	246000000	943.10016
118000000	246000000	778.9719
119000000	246000000	746.1467
120000000	246000000	846.79297
121000000	246000000	1454.9442
142000000	246000000	119.635796
143000000	246000000	916.00476
144000000	246000000	1262.3668
145000000	246000000	1506.5728
146000000	246000000	975.0602
147000000	246000000	1026.5957
148000000	246000000	1104.4857
149000000	246000000	930.137
150000000	246000000	1109.4019
151000000	246000000	1283.0829
152000000	246000000	1188.382
153000000	246000000	1175.2097
154000000	246000000	1135.1165
155000000	246000000	1055.0575
156000000	246000000	1230.668
157000000	246000000	1687.7888
158000000	246000000	1406.9761
159000000	246000000	1417.6588
160000000	246000000	1867.167
161000000	246000000	2221.0667
162000000	246000000	2127.9246
163000000	246000000	1378.1495
164000000	246000000	1102.6378
165000000	246000000	1779.4911
166000000	246000000	1552.2301
167000000	246000000	2359.5645
168000000	246000000	2199.1956
169000000	246000000	2008.0374
170000000	246000000	1505.7518
171000000	246000000	1865.3068
172000000	246000000	1896.5208
173000000	246000000	1904.3638
174000000	246000000	2045.6903
175000000	246000000	2131.4023
176000000	246000000	1806.6924
177000000	246000000	1595.2369
178000000	246000000	1950.3585
179000000	246000000	2433.1028
180000000	246000000	2773.2065
181000000	246000000	2390.1592
182000000	246000000	2608.663
183000000	246000000	3107.802
184000000	246000000	3122.554
185000000	246000000	2648.347
186000000	246000000	2695.9004
187000000	246000000	2064.7212
188000000	246000000	1856.6979
189000000	246000000	1895.8599
190000000	246000000	1934.3081
191000000	246000000	2127.553
192000000	246000000	2572.082
193000000	246000000	2792.7292
194000000	246000000	2125.2432
195000000	246000000	2297.9182
196000000	246000000	2306.5125
197000000	246000000	2842.3105
198000000	246000000	3606.5676
199000000	246000000	3635.3325
200000000	246000000	4402.03
201000000	246000000	3818.02
202000000	246000000	2927.1843
203000000	246000000	2579.1025
204000000	246000000	2521.2102
205000000	246000000	2843.951
206000000	246000000	2646.6316
207000000	246000000	3769.1638
208000000	246000000	4273.785
209000000	246000000	4394.3447
210000000	246000000	3901.1113
211000000	246000000	4593.936
212000000	246000000	5586.3423
213000000	246000000	5766.3804
214000000	246000000	5111.593
215000000	246000000	4120.5205
216000000	246000000	3790.4968
217000000	246000000	4709.44
218000000	246000000	3853.8074
219000000	246000000	4785.1567
220000000	246000000	5861.2275
221000000	246000000	4883.616
222000000	246000000	4934.51
223000000	246000000	5409.1265
224000000	246000000	5872.962
225000000	246000000	4693.408
226000000	246000000	6093.453
227000000	246000000	5365.576
228000000	246000000	5689.8213
229000000	246000000	5847.8843
230000000	246000000	5830.9004
231000000	246000000	7193.3296
232000000	246000000	5747.578
233000000	246000000	7570.618
234000000	246000000	6747.133
235000000	246000000	7728.518
236000000	246000000	11149.127
237000000	246000000	8130.1787
238000000	246000000	7468.826
239000000	246000000	7049.658
240000000	246000000	9607.736
241000000	246000000	12505.055
242000000	246000000	15234.037
243000000	246000000	22983.88
244000000	246000000	46560.93
245000000	246000000	189708.39
246000000	246000000	570894.8
0	247000000	870.15424
1000000	247000000	886.38385
2000000	247000000	910.4516
3000000	247000000	957.9356
4000000	247000000	1130.6488
5000000	247000000	973.8269
6000000	247000000	912.46063
7000000	247000000	738.3747
8000000	247000000	758.8839
9000000	247000000	626.4736
10000000	247000000	519.06323
11000000	247000000	499.79282
12000000	247000000	697.13354
13000000	247000000	478.57993
14000000	247000000	715.88153
15000000	247000000	673.6528
16000000	247000000	601.4741
17000000	247000000	463.56985
18000000	247000000	397.41083
19000000	247000000	538.50385
20000000	247000000	459.27274
21000000	247000000	420.13687
22000000	247000000	398.27048
23000000	247000000	425.56592
24000000	247000000	451.28314
25000000	247000000	476.41705
26000000	247000000	430.30112
27000000	247000000	484.56308
28000000	247000000	536.17554
29000000	247000000	408.85547
30000000	247000000	392.19864
31000000	247000000	481.91238
32000000	247000000	529.1245
33000000	247000000	549.4908
34000000	247000000	512.86346
35000000	247000000	601.8602
36000000	247000000	539.1741
37000000	247000000	431.5592
38000000	247000000	503.4837
39000000	247000000	509.36005
40000000	247000000	721.0489
41000000	247000000	734.1569
42000000	247000000	612.0716
43000000	247000000	547.95605
44000000	247000000	580.43726
45000000	247000000	663.59424
46000000	247000000	817.43805
47000000	247000000	975.11127
48000000	247000000	1005.7305
49000000	247000000	1080.4246
50000000	247000000	1051.5859
51000000	247000000	1131.5837
52000000	247000000	840.08185
53000000	247000000	742.96533
54000000	247000000	745.5712
55000000	247000000	823.5688
56000000	247000000	1027.2063
57000000	247000000	753.0059
58000000	247000000	847.3396
59000000	247000000	1087.1865
60000000	247000000	867.0257
61000000	247000000	929.7064
62000000	247000000	1030.81
63000000	247000000	1074.0828
64000000	247000000	923.9864
65000000	247000000	935.949
66000000	247000000	1010.2042
67000000	247000000	1138.0262
68000000	247000000	961.19
69000000	247000000	1047.3126
70000000	247000000	1208.0154
71000000	247000000	1039.8397
72000000	247000000	1046.8374
73000000	247000000	1051.2914
74000000	247000000	977.89966
75000000	247000000	1071.6077
76000000	247000000	1004.3606
77000000	247000000	900.93787
78000000	247000000	1068.1562
79000000	247000000	874.1837
80000000	247000000	887.40326
81000000	247000000	775.03674
82000000	247000000	834.6214
83000000	247000000	752.25305
84000000	247000000	768.0144
85000000	247000000	948.0783
86000000	247000000	831.5867
87000000	247000000	837.1247
88000000	247000000	724.35675
89000000	247000000	838.69836
90000000	247000000	752.4092
91000000	247000000	733.67505
92000000	247000000	687.99884
93000000	247000000	794.18835
94000000	247000000	760.23236
95000000	247000000	751.1545
96000000	247000000	651.4234
97000000	247000000	770.8621
98000000	247000000	658.0076
99000000	247000000	682.44543
100000000	247000000	890.5046
101000000	247000000	807.88995
102000000	247000000	707.3779
103000000	247000000	647.8839
104000000	247000000	699.25037
105000000	247000000	800.6819
106000000	247000000	678.5543
107000000	247000000	699.109
108000000	247000000	756.7167
109000000	247000000	871.43823
110000000	247000000	604.2852
111000000	247000000	712.3724
112000000	247000000	648.0896
113000000	247000000	638.0927
114000000	247000000	752.5241
115000000	247000000	671.15607
116000000	247000000	673.89984
117000000	247000000	788.1082
118000000	247000000	808.7951
119000000	247000000	879.3427
120000000	247000000	675.9365
121000000	247000000	3014.6206
142000000	247000000	292.85034
143000000	247000000	1284.6793
144000000	247000000	893.2467
145000000	247000000	1136.736
146000000	247000000	1087.976
147000000	247000000	1005.63727
148000000	247000000	1134.3835
149000000	247000000	1108.6328
150000000	247000000	881.06683
151000000	247000000	1026.9546
152000000	247000000	1195.4868
153000000	247000000	1023.16656
154000000	247000000	915.7605
155000000	247000000	805.8857
156000000	247000000	891.56647
157000000	247000000	1369.2977
158000000	247000000	1657.888
159000000	247000000	1600.5858
160000000	247000000	1496.3892
161000000	247000000	1848.2101
162000000	247000000	1911.7625
163000000	247000000	2006.5066
164000000	247000000	2017.5756
165000000	247000000	1935.754
166000000	247000000	1913.8851
167000000	247000000	1845.1184
168000000	247000000	1687.9071
169000000	247000000	1736.3282
170000000	247000000	1853.9343
171000000	247000000	1839.4131
172000000	247000000	1589.9042
173000000	247000000	1657.3193
174000000	247000000	1693.1432
175000000	247000000	1697.2704
176000000	247000000	1895.5977
177000000	247000000	2059.4048
178000000	247000000	2017.3507
179000000	247000000	2258.1729
180000000	247000000	2095.6455
181000000	247000000	1827.9923
182000000	247000000	1848.652
183000000	247000000	2321.8706
184000000	247000000	2452.6238
185000000	247000000	3176.677
186000000	247000000	3345.1946
187000000	247000000	3367.7888
188000000	247000000	3305.024
189000000	247000000	3363.4617
190000000	247000000	3366.807
191000000	247000000	3564.7231
192000000	247000000	3773.409
193000000	247000000	3790.801
194000000	247000000	3714.6938
195000000	247000000	3952.7139
196000000	247000000	3950.0122
197000000	247000000	4055.882
198000000	247000000	3852.9172
199000000	247000000	3415.1948
200000000	247000000	2979.977
201000000	247000000	2132.974
202000000	247000000	1675.2953
203000000	247000000	1647.1624
204000000	247000000	1703.4902
205000000	247000000	1724.5273
206000000	247000000	1723.7736
207000000	247000000	2679.707
208000000	247000000	3372.7112
209000000	247000000	4041.5078
210000000	247000000	3767.337
211000000	247000000	3596.402
212000000	247000000	3817.716
213000000	247000000	5162.6265
214000000	247000000	5484.0015
215000000	247000000	6051.59
216000000	247000000	5971.4277
217000000	247000000	6175.585
218000000	247000000	5675.7153
219000000	247000000	6352.124
220000000	247000000	6316.3467
221000000	247000000	5388.542
222000000	247000000	4832.4395
223000000	247000000	4744.24
224000000	247000000	5526.528
225000000	247000000	5488.8447
226000000	247000000	4871.8457
227000000	247000000	7084.276
228000000	247000000	6480.236
229000000	247000000	4747.2446
230000000	247000000	4639.4224
231000000	247000000	5771.7363
232000000	247000000	5685.3003
233000000	247000000	6674.344
234000000	247000000	5200.9585
235000000	247000000	5036.06
236000000	247000000	8829.692
237000000	247000000	10613.699
238000000	247000000	14088.146
239000000	247000000	13918.168
240000000	247000000	15620.842
241000000	247000000	16192.818
242000000	247000000	16774.387
243000000	247000000	17356.61
244000000	247000000	24073.105
245000000	247000000	35502.535
246000000	247000000	103986.46
247000000	247000000	611028.6
0	248000000	844.3663
1000000	248000000	672.32336
2000000	248000000	753.9833
3000000	248000000	686.0213
4000000	248000000	996.911
5000000	248000000	1008.2356
6000000	248000000	654.64453
7000000	248000000	530.167
8000000	248000000	533.61285
9000000	248000000	410.06158
10000000	248000000	400.57913
11000000	248000000	382.2379
12000000	248000000	579.4012
13000000	248000000	404.69492
14000000	248000000	630.0686
15000000	248000000	537.7469
16000000	248000000	440.17032
17000000	248000000	370.4663
18000000	248000000	334.7234
19000000	248000000	336.42365
20000000	248000000	369.2327
21000000	248000000	340.56876
22000000	248000000	307.67365
23000000	248000000	305.00546
24000000	248000000	352.82532
25000000	248000000	349.2292
26000000	248000000	314.62854
27000000	248000000	329.68225
28000000	248000000	367.1806
29000000	248000000	346.66724
30000000	248000000	341.23065
31000000	248000000	373.89737
32000000	248000000	359.59332
33000000	248000000	345.24457
34000000	248000000	533.3241
35000000	248000000	402.65723
36000000	248000000	332.18137
37000000	248000000	349.01935
38000000	248000000	359.2886
39000000	248000000	333.34586
40000000	248000000	388.27875
41000000	248000000	454.64145
42000000	248000000	457.2303
43000000	248000000	357.96744
44000000	248000000	394.62094
45000000	248000000	485.9988
46000000	248000000	511.57764
47000000	248000000	817.3838
48000000	248000000	962.6506
49000000	248000000	1112.0344
50000000	248000000	1098.0457
51000000	248000000	776.68134
52000000	248000000	592.9657
53000000	248000000	475.4182
54000000	248000000	496.9244
55000000	248000000	598.50134
56000000	248000000	949.28564
57000000	248000000	804.3895
58000000	248000000	902.79
59000000	248000000	808.6718
60000000	248000000	863.03375
61000000	248000000	991.81995
62000000	248000000	862.84735
63000000	248000000	924.4738
64000000	248000000	848.112
65000000	248000000	899.32275
66000000	248000000	976.16516
67000000	248000000	897.81726
68000000	248000000	992.3206
69000000	248000000	1180.1527
70000000	248000000	1042.9954
71000000	248000000	1140.1255
72000000	248000000	1145.0308
73000000	248000000	1114.3068
74000000	248000000	1140.5186
75000000	248000000	1201.1711
76000000	248000000	1050.5905
77000000	248000000	892.3769
78000000	248000000	827.65405
79000000	248000000	857.02466
80000000	248000000	923.4113
81000000	248000000	862.4474
82000000	248000000	807.78595
83000000	248000000	770.23676
84000000	248000000	800.95844
85000000	248000000	743.27875
86000000	248000000	793.94855
87000000	248000000	666.3576
88000000	248000000	730.99176
89000000	248000000	687.23755
90000000	248000000	622.5361
91000000	248000000	720.8952
92000000	248000000	622.6776
93000000	248000000	589.6053
94000000	248000000	595.20337
95000000	248000000	666.5718
96000000	248000000	666.05005
97000000	248000000	753.01843
98000000	248000000	625.7252
99000000	248000000	806.9218
100000000	248000000	635.6972
101000000	248000000	729.1133
102000000	248000000	758.6286
103000000	248000000	774.93207
104000000	248000000	825.0577
105000000	248000000	922.0733
106000000	248000000	788.3161
107000000	248000000	799.1797
108000000	248000000	723.7965
109000000	248000000	552.3452
110000000	248000000	417.82504
111000000	248000000	490.38226
112000000	248000000	500.55624
113000000	248000000	517.4241
114000000	248000000	590.1505
115000000	248000000	600.9049
116000000	248000000	560.89886
117000000	248000000	613.2428
118000000	248000000	721.32947
119000000	248000000	827.68744
120000000	248000000	721.774
121000000	248000000	2441.0774
142000000	248000000	136.18118
143000000	248000000	1240.4371
144000000	248000000	813.01086
145000000	248000000	861.71515
146000000	248000000	1061.8652
147000000	248000000	950.2197
148000000	248000000	1028.6459
149000000	248000000	1025.3495
150000000	248000000	547.94635
151000000	248000000	709.87476
152000000	248000000	1211.5068
153000000	248000000	857.98834
154000000	248000000	573.35254
155000000	248000000	516.5722
156000000	248000000	606.0961
157000000	248000000	1079.7704
158000000	248000000	1631.3864
159000000	248000000	1514.6487
160000000	248000000	1084.2344
161000000	248000000	1138.3246
162000000	248000000	1605.4906
163000000	248000000	1917.8269
164000000	248000000	1954.5095
165000000	248000000	1749.2424
166000000	248000000	1863.4254
167000000	248000000	1252.7081
168000000	248000000	1333.7864
169000000	248000000	1435.098
170000000	248000000	1821.0464
171000000	248000000	1543.0106
172000000	248000000	1325.006
173000000	248000000	1239.8926
174000000	248000000	1418.8923
175000000	248000000	1562.0239
176000000	248000000	1888.23
177000000	248000000	2093.1194
178000000	248000000	1935.0338
179000000	248000000	1784.3462
180000000	248000000	1418.3947
181000000	248000000	1344.3524
182000000	248000000	1401.1044
183000000	248000000	1567.3157
184000000	248000000	1854.8651
185000000	248000000	2615.3945
186000000	248000000	2980.3525
187000000	248000000	3656.2705
188000000	248000000	3944.3347
189000000	248000000	3845.7617
190000000	248000000	3718.195
191000000	248000000	4079.9236
192000000	248000000	3574.4688
193000000	248000000	3580.4524
194000000	248000000	4058.8943
195000000	248000000	4470.4536
196000000	248000000	4876.973
197000000	248000000	4241.0977
198000000	248000000	3123.4734
199000000	248000000	3142.0256
200000000	248000000	2105.2058
201000000	248000000	1436.3632
202000000	248000000	1246.9447
203000000	248000000	1345.788
204000000	248000000	1280.2617
205000000	248000000	1291.5342
206000000	248000000	1135.4053
207000000	248000000	1881.9415
208000000	248000000	2915.7615
209000000	248000000	3711.2004
210000000	248000000	3662.741
211000000	248000000	2831.2737
212000000	248000000	2261.706
213000000	248000000	4360.0093
214000000	248000000	5152.358
215000000	248000000	6530.8105
216000000	248000000	6451.268
217000000	248000000	6273.2256
218000000	248000000	5806.14
219000000	248000000	5992.5176
220000000	248000000	5169.4453
221000000	248000000	4801.052
222000000	248000000	4057.911
223000000	248000000	4009.7322
224000000	248000000	4058.4883
225000000	248000000	5214.1836
226000000	248000000	3269.1428
227000000	248000000	5013.2256
228000000	248000000	4333.7637
229000000	248000000	3315.472
230000000	248000000	3670.3845
231000000	248000000	4751.467
232000000	248000000	5508.5786
233000000	248000000	5485.8003
234000000	248000000	3748.5432
235000000	248000000	3192.428
236000000	248000000	5847.656
237000000	248000000	10047.287
238000000	248000000	12864.341
239000000	248000000	12674.399
240000000	248000000	14564.044
241000000	248000000	14592.497
242000000	248000000	14111.298
243000000	248000000	10658.823
244000000	248000000	13007.126
245000000	248000000	15782.463
246000000	248000000	20508.281
247000000	248000000	110123.3
248000000	248000000	606306.06
0	249000000	1836.82
1000000	249000000	1247.8398
2000000	249000000	808.5277
3000000	249000000	744.0166
4000000	249000000	440.6144
5000000	249000000	426.49408
6000000	249000000	828.7419
7000000	249000000	398.72708
8000000	249000000	616.6773
9000000	249000000	570.7316
10000000	249000000	406.94003
11000000	249000000	469.94492
12000000	249000000	561.3678
13000000	249000000	338.51892
14000000	249000000	405.42746
15000000	249000000	536.146
16000000	249000000	532.2222
17000000	249000000	319.59317
18000000	249000000	204.8458
19000000	249000000	339.2528
20000000	249000000	269.59186
21000000	249000000	340.40594
22000000	249000000	250.59337
23000000	249000000	298.2631
24000000	249000000	407.618
25000000	249000000	412.5898
26000000	249000000	339.41727
27000000	249000000	410.1365
28000000	249000000	439.8959
29000000	249000000	230.75375
30000000	249000000	178.98695
31000000	249000000	348.97302
32000000	249000000	460.51968
33000000	249000000	453.37192
34000000	249000000	257.46
35000000	249000000	368.14603
36000000	249000000	433.87222
37000000	249000000	290.76782
38000000	249000000	328.49448
39000000	249000000	348.68353
40000000	249000000	487.15314
41000000	249000000	492.37662
42000000	249000000	403.54312
43000000	249000000	407.88693
44000000	249000000	399.83572
45000000	249000000	541.94617
46000000	249000000	661.7896
47000000	249000000	688.1463
48000000	249000000	432.35098
49000000	249000000	434.35968
50000000	249000000	449.1282
51000000	249000000	860.2512
52000000	249000000	700.3766
53000000	249000000	579.56104
54000000	249000000	474.39517
55000000	249000000	566.5747
56000000	249000000	562.3167
57000000	249000000	351.00848
58000000	249000000	402.30215
59000000	249000000	787.6616
60000000	249000000	474.3508
61000000	249000000	440.81158
62000000	249000000	673.47906
63000000	249000000	745.63116
64000000	249000000	485.70355
65000000	249000000	663.8545
66000000	249000000	734.99945
67000000	249000000	734.6826
68000000	249000000	576.97363
69000000	249000000	442.56763
70000000	249000000	797.67706
71000000	249000000	524.72504
72000000	249000000	462.0476
73000000	249000000	423.06143
74000000	249000000	548.82434
75000000	249000000	683.41266
76000000	249000000	604.49506
77000000	249000000	527.2881
78000000	249000000	688.9727
79000000	249000000	549.3796
80000000	249000000	365.849
81000000	249000000	363.0897
82000000	249000000	422.97366
83000000	249000000	424.46182
84000000	249000000	552.335
85000000	249000000	552.1533
86000000	249000000	416.66025
87000000	249000000	572.74646
88000000	249000000	340.59607
89000000	249000000	557.8812
90000000	249000000	524.56433
91000000	249000000	401.85812
92000000	249000000	479.41788
93000000	249000000	665.5877
94000000	249000000	576.67816
95000000	249000000	454.54727
96000000	249000000	224.5554
97000000	249000000	430.49673
98000000	249000000	364.37012
99000000	249000000	321.99667
100000000	249000000	650.6312
101000000	249000000	592.55286
102000000	249000000	304.51065
103000000	249000000	306.93732
104000000	249000000	414.42307
105000000	249000000	510.317
106000000	249000000	212.6108
107000000	249000000	418.0034
108000000	249000000	531.493
109000000	249000000	697.77496
110000000	249000000	480.17838
111000000	249000000	472.48453
112000000	249000000	378.49243
113000000	249000000	449.76532
114000000	249000000	466.3616
115000000	249000000	366.2681
116000000	249000000	418.3572
117000000	249000000	574.9262
118000000	249000000	408.8336
119000000	249000000	499.42288
120000000	249000000	451.18564
121000000	249000000	1140.0443
142000000	249000000	62.254635
143000000	249000000	493.09607
144000000	249000000	698.3833
145000000	249000000	889.4642
146000000	249000000	607.79236
147000000	249000000	639.1552
148000000	249000000	548.6145
149000000	249000000	573.7187
150000000	249000000	867.2925
151000000	249000000	983.3035
152000000	249000000	585.8487
153000000	249000000	839.12134
154000000	249000000	742.4236
155000000	249000000	699.7985
156000000	249000000	925.1073
157000000	249000000	924.77576
158000000	249000000	909.41254
159000000	249000000	993.93896
160000000	249000000	1294.9601
161000000	249000000	1563.9686
162000000	249000000	1221.1475
163000000	249000000	859.2417
164000000	249000000	787.9087
165000000	249000000	1304.3232
166000000	249000000	960.3022
167000000	249000000	1634.0355
168000000	249000000	1103.5198
169000000	249000000	1231.2703
170000000	249000000	999.9325
171000000	249000000	1128.0349
172000000	249000000	1178.5453
173000000	249000000	1116.1827
174000000	249000000	1304.694
175000000	249000000	1117.0267
176000000	249000000	1030.0452
177000000	249000000	769.85187
178000000	249000000	1229.709
179000000	249000000	1643.8658
180000000	249000000	1575.4612
181000000	249000000	1169.8088
182000000	249000000	1140.3717
183000000	249000000	1701.9731
184000000	249000000	1517.6658
185000000	249000000	1762.1277
186000000	249000000	2152.7761
187000000	249000000	1851.8468
188000000	249000000	1533.5078
189000000	249000000	1462.5698
190000000	249000000	1668.8134
191000000	249000000	1835.9117
192000000	249000000	2452.7036
193000000	249000000	2571.2578
194000000	249000000	1786.933
195000000	249000000	1889.3907
196000000	249000000	1747.8285
197000000	249000000	2334.4
198000000	249000000	2938.5195
199000000	249000000	2061.78
200000000	249000000	2542.8635
201000000	249000000	1483.6766
202000000	249000000	1438.1198
203000000	249000000	1169.2202
204000000	249000000	1067.079
205000000	249000000	1377.0201
206000000	249000000	1725.9062
207000000	249000000	1877.8038
208000000	249000000	1865.1846
209000000	249000000	2408.7847
210000000	249000000	2092.4753
211000000	249000000	2533.0254
212000000	249000000	3200.0227
213000000	249000000	3303.2139
214000000	249000000	2986.1592
215000000	249000000	2779.633
216000000	249000000	2586.8237
217000000	249000000	3074.561
218000000	249000000	2684.9128
219000000	249000000	3264.7446
220000000	249000000	3710.0298
221000000	249000000	3365.4631
222000000	249000000	3344.2102
223000000	249000000	2593.4473
224000000	249000000	4001.336
225000000	249000000	3153.8113
226000000	249000000	4181.5034
227000000	249000000	3286.9836
228000000	249000000	3615.4294
229000000	249000000	2710.434
230000000	249000000	2731.1716
231000000	249000000	3580.2046
232000000	249000000	2373.6
233000000	249000000	3986.2947
234000000	249000000	3644.1448
235000000	249000000	4231.556
236000000	249000000	6308.018
237000000	249000000	4284.6216
238000000	249000000	4925.946
239000000	249000000	4181.104
240000000	249000000	5261.1895
241000000	249000000	6957.1807
242000000	249000000	6268.156
243000000	249000000	8305.054
244000000	249000000	9433.805
245000000	249000000	9581.2295
246000000	249000000	16527.057
247000000	249000000	48244.15
248000000	249000000	233052.61
249000000	249000000	828054.6
