0	0	689123.25
0	1000000	152610.73
1000000	1000000	554543.9
0	2000000	48050.637
1000000	2000000	157070.45
2000000	2000000	572850.1
0	3000000	26874.541
1000000	3000000	43854.76
2000000	3000000	88484.14
3000000	3000000	535597.06
0	4000000	17851.4
1000000	4000000	26821.818
2000000	4000000	50471.105
3000000	4000000	252642.97
4000000	4000000	539356.2
0	5000000	18164.85
1000000	5000000	22937.566
2000000	5000000	28083.541
3000000	5000000	50245.1
4000000	5000000	94712.33
5000000	5000000	579027.7
0	6000000	12733.666
1000000	6000000	14012.072
2000000	6000000	12721.437
3000000	6000000	22184.71
4000000	6000000	23699.1
5000000	6000000	128611.6
6000000	6000000	595610.0
0	7000000	10549.708
1000000	7000000	11518.731
2000000	7000000	10902.425
3000000	7000000	15595.781
4000000	7000000	15960.992
5000000	7000000	35443.97
6000000	7000000	132130.1
7000000	7000000	536052.6
0	8000000	8337.691
1000000	8000000	10788.222
2000000	8000000	16231.374
3000000	8000000	12234.804
4000000	8000000	17110.484
5000000	8000000	21610.615
6000000	8000000	33978.918
7000000	8000000	125260.85
8000000	8000000	559853.2
0	9000000	6697.1885
1000000	9000000	8551.9375
2000000	9000000	15633.684
3000000	9000000	9583.368
4000000	9000000	15134.192
5000000	9000000	15813.831
6000000	9000000	23594.719
7000000	9000000	67582.086
8000000	9000000	143513.14
9000000	9000000	508332.75
0	10000000	6932.8037
1000000	10000000	9004.589
2000000	10000000	15239.761
3000000	10000000	9381.83
4000000	10000000	13682.714
5000000	10000000	14178.331
6000000	10000000	16294.413
7000000	10000000	27889.195
8000000	10000000	51639.53
9000000	10000000	167381.08
10000000	10000000	542813.4
0	11000000	8183.7427
1000000	11000000	8622.171
2000000	11000000	6716.267
3000000	11000000	11285.801
4000000	11000000	9567.528
5000000	11000000	17751.014
6000000	11000000	24543.814
7000000	11000000	37360.336
8000000	11000000	27844.67
9000000	11000000	47631.785
10000000	11000000	114724.97
11000000	11000000	562792.9
0	12000000	8417.413
1000000	12000000	6949.095
2000000	12000000	4688.9243
3000000	12000000	7552.933
4000000	12000000	6084.1357
5000000	12000000	12624.212
6000000	12000000	16386.953
7000000	12000000	17500.756
8000000	12000000	9772.431
9000000	12000000	9325.026
10000000	12000000	14540.706
11000000	12000000	103290.04
12000000	12000000	684997.8
0	13000000	9119.725
1000000	13000000	7656.1597
2000000	13000000	5960.5923
3000000	13000000	7644.7534
4000000	13000000	7008.1914
5000000	13000000	10910.6
6000000	13000000	14204.162
7000000	13000000	14310.538
8000000	13000000	10039.986
9000000	13000000	9584.185
10000000	13000000	13864.868
11000000	13000000	37690.055
12000000	13000000	116851.87
13000000	13000000	558612.4
0	14000000	7878.8486
1000000	14000000	7217.4736
2000000	14000000	5868.1763
3000000	14000000	7281.0425
4000000	14000000	6737.799
5000000	14000000	10019.6455
6000000	14000000	12552.703
7000000	14000000	11653.499
8000000	14000000	8401.164
9000000	14000000	7284.337
10000000	14000000	10243.248
11000000	14000000	20352.473
12000000	14000000	31490.047
13000000	14000000	169650.83
14000000	14000000	600621.06
0	15000000	8693.234
1000000	15000000	9222.082
2000000	15000000	9869.235
3000000	15000000	8588.362
4000000	15000000	9555.631
5000000	15000000	10846.318
6000000	15000000	11393.34
7000000	15000000	13086.193
8000000	15000000	14126.324
9000000	15000000	14597.13
10000000	15000000	17486.768
11000000	15000000	18398.527
12000000	15000000	18498.697
13000000	15000000	41387.418
14000000	15000000	108572.41
15000000	15000000	497589.03
0	16000000	6341.5815
1000000	16000000	7161.5205
2000000	16000000	8757.231
3000000	16000000	6826.606
4000000	16000000	7627.2334
5000000	16000000	8748.248
6000000	16000000	7804.8877
7000000	16000000	9677.594
8000000	16000000	12052.797
9000000	16000000	13728.168
10000000	16000000	15422.5205
11000000	16000000	12087.521
12000000	16000000	9431.033
13000000	16000000	14299.36
14000000	16000000	18689.564
15000000	16000000	110150.875
16000000	16000000	541947.4
0	17000000	5798.935
1000000	17000000	6663.019
2000000	17000000	7154.6367
3000000	17000000	6601.035
4000000	17000000	6826.0156
5000000	17000000	8027.5376
6000000	17000000	8011.745
7000000	17000000	9438.236
8000000	17000000	10308.438
9000000	17000000	10471.2705
10000000	17000000	11842.684
11000000	17000000	12084.872
12000000	17000000	8838.404
13000000	17000000	12495.534
14000000	17000000	15480.43
15000000	17000000	50328.492
16000000	17000000	150764.81
17000000	17000000	561735.3
0	18000000	5664.846
1000000	18000000	6374.349
2000000	18000000	6843.1313
3000000	18000000	6146.596
4000000	18000000	6170.936
5000000	18000000	7528.809
6000000	18000000	7418.0293
7000000	18000000	8495.867
8000000	18000000	9306.902
9000000	18000000	9679.682
10000000	18000000	10409.015
11000000	18000000	10215.188
12000000	18000000	7326.6
13000000	18000000	9073.77
14000000	18000000	10928.972
15000000	18000000	24557.55
16000000	18000000	40929.895
17000000	18000000	103069.18
18000000	18000000	565099.44
0	19000000	4164.0386
1000000	19000000	5188.941
2000000	19000000	9534.897
3000000	19000000	4378.3364
4000000	19000000	6153.4824
5000000	19000000	5520.6763
6000000	19000000	3812.186
7000000	19000000	4781.0576
8000000	19000000	10057.494
9000000	19000000	13744.864
10000000	19000000	13758.621
11000000	19000000	4137.431
12000000	19000000	2979.622
13000000	19000000	4329.0137
14000000	19000000	4864.5127
15000000	19000000	15634.461
16000000	19000000	25580.32
17000000	19000000	29916.525
18000000	19000000	98415.34
19000000	19000000	555970.56
0	20000000	4323.2524
1000000	20000000	5273.3364
2000000	20000000	7988.6226
3000000	20000000	4755.1304
4000000	20000000	5465.2266
5000000	20000000	5587.024
6000000	20000000	4491.672
7000000	20000000	5371.8447
8000000	20000000	8357.6455
9000000	20000000	10085.846
10000000	20000000	10182.452
11000000	20000000	5398.073
12000000	20000000	3572.7263
13000000	20000000	4399.442
14000000	20000000	5361.719
15000000	20000000	12140.301
16000000	20000000	18518.287
17000000	20000000	20690.959
18000000	20000000	51252.367
19000000	20000000	153088.83
20000000	20000000	576439.4
0	21000000	5170.9585
1000000	21000000	5367.787
2000000	21000000	5908.3784
3000000	21000000	5242.1997
4000000	21000000	5080.9863
5000000	21000000	6196.1665
6000000	21000000	5360.4834
7000000	21000000	6203.0386
8000000	21000000	7239.793
9000000	21000000	6935.819
10000000	21000000	7541.606
11000000	21000000	6851.0537
12000000	21000000	5302.621
13000000	21000000	6096.162
14000000	21000000	6738.9307
15000000	21000000	12621.297
16000000	21000000	15382.412
17000000	21000000	19926.086
18000000	21000000	38565.473
19000000	21000000	58601.48
20000000	21000000	93373.89
21000000	21000000	496793.7
0	22000000	4649.8047
1000000	22000000	4445.714
2000000	22000000	3566.9763
3000000	22000000	5055.1514
4000000	22000000	4058.6775
5000000	22000000	6280.286
6000000	22000000	6053.8804
7000000	22000000	6182.032
8000000	22000000	4778.1357
9000000	22000000	4125.4707
10000000	22000000	4377.478
11000000	22000000	7614.9434
12000000	22000000	6695.7485
13000000	22000000	6870.167
14000000	22000000	7569.3423
15000000	22000000	9939.07
16000000	22000000	10491.119
17000000	22000000	14104.144
18000000	22000000	21584.775
19000000	22000000	16872.998
20000000	22000000	28207.006
21000000	22000000	161276.66
22000000	22000000	534212.94
0	23000000	4890.1523
1000000	23000000	5236.8433
2000000	23000000	5928.505
3000000	23000000	5170.8228
4000000	23000000	5643.81
5000000	23000000	6110.556
6000000	23000000	5360.4727
7000000	23000000	6141.2188
8000000	23000000	7198.1655
9000000	23000000	7088.461
10000000	23000000	7411.268
11000000	23000000	6473.598
12000000	23000000	4720.2095
13000000	23000000	5880.6074
14000000	23000000	6308.273
15000000	23000000	11505.152
16000000	23000000	12098.377
17000000	23000000	13905.068
18000000	23000000	19135.227
19000000	23000000	21926.318
20000000	23000000	27702.568
21000000	23000000	70988.42
22000000	23000000	181542.1
23000000	23000000	480518.66
0	24000000	5016.1875
1000000	24000000	6046.9634
2000000	24000000	6999.541
3000000	24000000	5539.894
4000000	24000000	5790.8916
5000000	24000000	6469.569
6000000	24000000	5404.4414
7000000	24000000	6473.64
8000000	24000000	8097.949
9000000	24000000	8040.802
10000000	24000000	8512.307
11000000	24000000	7057.4604
12000000	24000000	4725.596
13000000	24000000	5492.633
14000000	24000000	5977.043
15000000	24000000	10800.622
16000000	24000000	11701.699
17000000	24000000	12090.374
18000000	24000000	15491.09
19000000	24000000	19361.42
20000000	24000000	21710.508
21000000	24000000	29167.982
22000000	24000000	30492.908
23000000	24000000	108519.47
24000000	24000000	524213.5
0	25000000	5089.345
1000000	25000000	5831.413
2000000	25000000	7410.197
3000000	25000000	5552.8643
4000000	25000000	6284.384
5000000	25000000	6541.9087
6000000	25000000	5716.841
7000000	25000000	6654.7393
8000000	25000000	8517.369
9000000	25000000	8954.583
10000000	25000000	9432.068
11000000	25000000	7028.7964
12000000	25000000	4764.8394
13000000	25000000	5555.554
14000000	25000000	6071.9375
15000000	25000000	10714.702
16000000	25000000	11703.598
17000000	25000000	11711.748
18000000	25000000	14336.398
19000000	25000000	17089.945
20000000	25000000	18117.893
21000000	25000000	20926.428
22000000	25000000	20963.59
23000000	25000000	42836.25
24000000	25000000	156936.61
25000000	25000000	525027.25
0	26000000	5191.6177
1000000	26000000	5921.263
2000000	26000000	6460.8945
3000000	26000000	5807.787
4000000	26000000	6375.3535
5000000	26000000	6785.9453
6000000	26000000	6036.553
7000000	26000000	6760.249
8000000	26000000	7449.6494
9000000	26000000	6912.101
10000000	26000000	7397.3433
11000000	26000000	6994.356
12000000	26000000	5082.308
13000000	26000000	6010.3633
14000000	26000000	6452.55
15000000	26000000	10368.284
16000000	26000000	10140.619
17000000	26000000	10340.205
18000000	26000000	10811.453
19000000	26000000	10223.065
20000000	26000000	10585.835
21000000	26000000	13344.924
22000000	26000000	13346.269
23000000	26000000	20532.367
24000000	26000000	32136.336
25000000	26000000	74296.97
26000000	26000000	546734.94
0	27000000	5518.25
1000000	27000000	5651.421
2000000	27000000	4243.942
3000000	27000000	5589.0947
4000000	27000000	4643.447
5000000	27000000	7030.635
6000000	27000000	6210.8438
7000000	27000000	6841.3716
8000000	27000000	5194.029
9000000	27000000	4429.463
10000000	27000000	4639.254
11000000	27000000	7719.838
12000000	27000000	7229.816
13000000	27000000	7131.036
14000000	27000000	6974.2324
15000000	27000000	8689.278
16000000	27000000	7856.7715
17000000	27000000	8196.021
18000000	27000000	8643.156
19000000	27000000	5647.555
20000000	27000000	6626.681
21000000	27000000	10012.659
22000000	27000000	12106.071
23000000	27000000	12737.293
24000000	27000000	17734.965
25000000	27000000	26047.24
26000000	27000000	148805.64
27000000	27000000	571736.7
0	28000000	5942.077
1000000	28000000	6400.41
2000000	28000000	7639.6875
3000000	28000000	5855.292
4000000	28000000	6489.1304
5000000	28000000	6482.699
6000000	28000000	5296.8887
7000000	28000000	6190.4126
8000000	28000000	7511.0557
9000000	28000000	7484.2705
10000000	28000000	7788.8804
11000000	28000000	5896.068
12000000	28000000	4592.7646
13000000	28000000	6215.4453
14000000	28000000	6091.202
15000000	28000000	10524.516
16000000	28000000	9519.6875
17000000	28000000	8958.62
18000000	28000000	9370.976
19000000	28000000	9891.912
20000000	28000000	9315.429
21000000	28000000	10339.375
22000000	28000000	8788.788
23000000	28000000	13935.835
24000000	28000000	18109.31
25000000	28000000	26142.947
26000000	28000000	51046.754
27000000	28000000	121278.45
28000000	28000000	513081.1
0	29000000	6376.338
1000000	29000000	7174.3804
2000000	29000000	9128.823
3000000	29000000	5557.069
4000000	29000000	6518.9634
5000000	29000000	6575.0234
6000000	29000000	5237.2925
7000000	29000000	5681.287
8000000	29000000	7475.3916
9000000	29000000	7663.984
10000000	29000000	8936.53
11000000	29000000	5597.893
12000000	29000000	4558.866
13000000	29000000	6170.4727
14000000	29000000	6380.8994
15000000	29000000	10416.199
16000000	29000000	9354.29
17000000	29000000	8189.982
18000000	29000000	9244.135
19000000	29000000	11649.776
20000000	29000000	11068.187
21000000	29000000	9708.21
22000000	29000000	7473.5996
23000000	29000000	12103.277
24000000	29000000	15823.649
25000000	29000000	19681.129
26000000	29000000	25010.275
27000000	29000000	29034.008
28000000	29000000	120765.56
29000000	29000000	519702.84
0	30000000	6577.6553
1000000	30000000	6241.705
2000000	30000000	5559.179
3000000	30000000	5378.6265
4000000	30000000	5170.868
5000000	30000000	6532.911
6000000	30000000	6481.3105
7000000	30000000	6257.939
8000000	30000000	5164.0273
9000000	30000000	4509.776
10000000	30000000	5353.8804
11000000	30000000	7039.568
12000000	30000000	6621.7305
13000000	30000000	7614.539
14000000	30000000	7775.2686
15000000	30000000	8914.247
16000000	30000000	7295.3438
17000000	30000000	7168.634
18000000	30000000	7241.337
19000000	30000000	5762.799
20000000	30000000	6065.8647
21000000	30000000	7720.2144
22000000	30000000	8130.037
23000000	30000000	9191.028
24000000	30000000	10573.058
25000000	30000000	11911.582
26000000	30000000	15963.398
27000000	30000000	19270.6
28000000	30000000	31111.574
29000000	30000000	93749.555
30000000	30000000	540797.8
0	31000000	4007.5784
1000000	31000000	3592.397
2000000	31000000	2629.709
3000000	31000000	3629.6372
4000000	31000000	3023.134
5000000	31000000	4406.841
6000000	31000000	4570.085
7000000	31000000	4106.4106
8000000	31000000	2886.7493
9000000	31000000	2305.2607
10000000	31000000	2487.8303
11000000	31000000	4669.0312
12000000	31000000	5740.133
13000000	31000000	5537.54
14000000	31000000	5682.5283
15000000	31000000	5182.355
16000000	31000000	4613.1777
17000000	31000000	4721.2627
18000000	31000000	5121.1104
19000000	31000000	3323.6892
20000000	31000000	4157.635
21000000	31000000	4984.1396
22000000	31000000	6343.1934
23000000	31000000	5274.7334
24000000	31000000	6020.8438
25000000	31000000	6789.7603
26000000	31000000	8001.002
27000000	31000000	10493.338
28000000	31000000	11034.691
29000000	31000000	18575.52
30000000	31000000	105090.32
31000000	31000000	663050.3
0	32000000	4851.374
1000000	32000000	4302.79
2000000	32000000	3492.0815
3000000	32000000	4223.1665
4000000	32000000	3624.609
5000000	32000000	4986.744
6000000	32000000	4876.1187
7000000	32000000	5012.491
8000000	32000000	3872.195
9000000	32000000	3396.1243
10000000	32000000	3754.2976
11000000	32000000	5608.2656
12000000	32000000	5606.662
13000000	32000000	5726.3525
14000000	32000000	5659.874
15000000	32000000	6241.0967
16000000	32000000	6103.629
17000000	32000000	6149.8145
18000000	32000000	6573.9365
19000000	32000000	4966.525
20000000	32000000	5552.4775
21000000	32000000	6592.4688
22000000	32000000	7058.0737
23000000	32000000	6533.262
24000000	32000000	7514.0483
25000000	32000000	8347.566
26000000	32000000	9921.368
27000000	32000000	13204.633
28000000	32000000	14666.636
29000000	32000000	19534.203
30000000	32000000	65076.676
31000000	32000000	175181.33
32000000	32000000	540752.06
0	33000000	4582.158
1000000	33000000	4751.173
2000000	33000000	5784.148
3000000	33000000	3855.7244
4000000	33000000	4451.446
5000000	33000000	4605.5312
6000000	33000000	3803.2327
7000000	33000000	4132.5327
8000000	33000000	5521.801
9000000	33000000	6108.285
10000000	33000000	6393.2656
11000000	33000000	4280.8184
12000000	33000000	3229.34
13000000	33000000	4081.1692
14000000	33000000	4158.8057
15000000	33000000	7012.6475
16000000	33000000	7284.6597
17000000	33000000	6461.3745
18000000	33000000	7311.9985
19000000	33000000	9938.091
20000000	33000000	9287.66
21000000	33000000	7521.829
22000000	33000000	5670.1406
23000000	33000000	7811.73
24000000	33000000	8991.933
25000000	33000000	10419.967
26000000	33000000	10376.353
27000000	33000000	9021.929
28000000	33000000	14855.959
29000000	33000000	22139.727
30000000	33000000	25831.785
31000000	33000000	22234.49
32000000	33000000	98507.72
33000000	33000000	500033.38
0	34000000	4276.206
1000000	34000000	4678.0137
2000000	34000000	5511.5195
3000000	34000000	3700.486
4000000	34000000	4062.3289
5000000	34000000	4584.482
6000000	34000000	4205.6543
7000000	34000000	4358.806
8000000	34000000	5178.535
9000000	34000000	5467.4297
10000000	34000000	5892.395
11000000	34000000	4723.4365
12000000	34000000	3594.9
13000000	34000000	4031.717
14000000	34000000	4324.188
15000000	34000000	6358.1294
16000000	34000000	6319.9155
17000000	34000000	6145.797
18000000	34000000	7587.631
19000000	34000000	8722.611
20000000	34000000	8911.579
21000000	34000000	7062.817
22000000	34000000	5714.095
23000000	34000000	7413.177
24000000	34000000	8475.863
25000000	34000000	9715.338
26000000	34000000	9216.094
27000000	34000000	8070.9233
28000000	34000000	12030.612
29000000	34000000	17080.492
30000000	34000000	17224.396
31000000	34000000	14347.615
32000000	34000000	29918.873
33000000	34000000	186063.86
34000000	34000000	533944.4
0	35000000	5973.1313
1000000	35000000	5615.7363
2000000	35000000	4539.511
3000000	35000000	5050.1553
4000000	35000000	4129.9004
5000000	35000000	5990.044
6000000	35000000	5607.481
7000000	35000000	6018.1367
8000000	35000000	4894.8823
9000000	35000000	4313.529
10000000	35000000	4835.6787
11000000	35000000	6677.809
12000000	35000000	5256.8696
13000000	35000000	5375.751
14000000	35000000	5491.363
15000000	35000000	7615.6924
16000000	35000000	7198.555
17000000	35000000	7370.9263
18000000	35000000	8716.879
19000000	35000000	5700.14
20000000	35000000	6809.203
21000000	35000000	8353.289
22000000	35000000	7882.985
23000000	35000000	8103.184
24000000	35000000	8949.915
25000000	35000000	9660.873
26000000	35000000	9954.593
27000000	35000000	10542.312
28000000	35000000	11610.061
29000000	35000000	13967.191
30000000	35000000	16744.135
31000000	35000000	12965.22
32000000	35000000	23415.1
33000000	35000000	43641.344
34000000	35000000	106835.3
35000000	35000000	512161.7
0	36000000	3843.7805
1000000	36000000	4189.7427
2000000	36000000	6719.382
3000000	36000000	3046.9385
4000000	36000000	3905.105
5000000	36000000	3657.8433
6000000	36000000	2632.8381
7000000	36000000	2950.9143
8000000	36000000	5664.9644
9000000	36000000	7149.237
10000000	36000000	7472.8936
11000000	36000000	2519.6057
12000000	36000000	1782.9952
13000000	36000000	2395.2617
14000000	36000000	2630.1235
15000000	36000000	5613.0977
16000000	36000000	6823.704
17000000	36000000	5474.6934
18000000	36000000	6701.204
19000000	36000000	14441.232
20000000	36000000	11818.532
21000000	36000000	7077.199
22000000	36000000	4053.5242
23000000	36000000	6702.985
24000000	36000000	8429.965
25000000	36000000	9560.333
26000000	36000000	7200.572
27000000	36000000	5315.473
28000000	36000000	9679.884
29000000	36000000	14999.153
30000000	36000000	9676.9795
31000000	36000000	6840.718
32000000	36000000	11940.678
33000000	36000000	32371.373
34000000	36000000	36436.117
35000000	36000000	104640.805
36000000	36000000	556241.2
0	37000000	3421.912
1000000	37000000	3610.164
2000000	37000000	5891.663
3000000	37000000	2354.9004
4000000	37000000	3260.1904
5000000	37000000	3037.0483
6000000	37000000	1890.2845
7000000	37000000	2236.2974
8000000	37000000	4604.5024
9000000	37000000	6345.195
10000000	37000000	6425.108
11000000	37000000	1843.2684
12000000	37000000	1387.0596
13000000	37000000	1810.2802
14000000	37000000	1984.1503
15000000	37000000	4527.1543
16000000	37000000	5869.3525
17000000	37000000	4177.7876
18000000	37000000	5572.05
19000000	37000000	14087.224
20000000	37000000	11614.849
21000000	37000000	5967.3447
22000000	37000000	3314.469
23000000	37000000	5488.2344
24000000	37000000	6720.498
25000000	37000000	7814.5127
26000000	37000000	5517.698
27000000	37000000	4108.4707
28000000	37000000	7612.4644
29000000	37000000	12120.251
30000000	37000000	7507.1694
31000000	37000000	5182.4907
32000000	37000000	9015.487
33000000	37000000	23432.979
34000000	37000000	24270.06
35000000	37000000	51011.65
36000000	37000000	151762.73
37000000	37000000	538637.5
0	38000000	4531.7007
1000000	38000000	3847.5608
2000000	38000000	4114.7607
3000000	38000000	3280.7327
4000000	38000000	2967.505
5000000	38000000	3584.8472
6000000	38000000	2777.658
7000000	38000000	3167.4302
8000000	38000000	3753.3958
9000000	38000000	4417.3784
10000000	38000000	4353.5737
11000000	38000000	2978.0945
12000000	38000000	2348.4387
13000000	38000000	2589.5671
14000000	38000000	2730.9688
15000000	38000000	4567.2876
16000000	38000000	5569.286
17000000	38000000	4918.593
18000000	38000000	6687.358
19000000	38000000	8558.63
20000000	38000000	8852.512
21000000	38000000	6467.8916
22000000	38000000	5126.5483
23000000	38000000	5426.9053
24000000	38000000	6104.505
25000000	38000000	6724.14
26000000	38000000	5423.085
27000000	38000000	5474.7896
28000000	38000000	6837.2783
29000000	38000000	9284.562
30000000	38000000	8015.7544
31000000	38000000	7376.11
32000000	38000000	10982.935
33000000	38000000	16167.785
34000000	38000000	16868.863
35000000	38000000	41244.41
36000000	38000000	54245.965
37000000	38000000	167008.3
38000000	38000000	607981.94
0	39000000	1604.1392
1000000	39000000	1625.1809
2000000	39000000	2285.3657
3000000	39000000	889.11694
4000000	39000000	1113.3016
5000000	39000000	904.4234
6000000	39000000	762.4852
7000000	39000000	810.5193
8000000	39000000	1517.8058
9000000	39000000	1940.473
10000000	39000000	2086.876
11000000	39000000	825.93567
12000000	39000000	512.31573
13000000	39000000	596.53986
14000000	39000000	735.15906
15000000	39000000	1590.3661
16000000	39000000	2218.02
17000000	39000000	1363.855
18000000	39000000	1669.7666
19000000	39000000	4880.85
20000000	39000000	3733.1953
21000000	39000000	2224.1917
22000000	39000000	1207.825
23000000	39000000	2046.1881
24000000	39000000	2219.8877
25000000	39000000	2070.31
26000000	39000000	1781.2555
27000000	39000000	1392.5168
28000000	39000000	2220.0376
29000000	39000000	3822.322
30000000	39000000	2657.7715
31000000	39000000	1947.5203
32000000	39000000	2778.4348
33000000	39000000	6187.713
34000000	39000000	5993.1846
35000000	39000000	8182.881
36000000	39000000	23430.9
37000000	39000000	52994.49
38000000	39000000	79514.3
39000000	39000000	1033605.56
0	42000000	2688.2463
1000000	42000000	2559.0254
2000000	42000000	3633.7512
3000000	42000000	1531.6296
4000000	42000000	1583.383
5000000	42000000	1787.5963
6000000	42000000	1264.3365
7000000	42000000	1302.3756
8000000	42000000	2362.7827
9000000	42000000	3177.2588
10000000	42000000	3592.3054
11000000	42000000	1080.5837
12000000	42000000	790.7681
13000000	42000000	1250.9766
14000000	42000000	1254.6879
15000000	42000000	2641.612
16000000	42000000	3077.5156
17000000	42000000	2398.0217
18000000	42000000	3136.8328
19000000	42000000	7895.0894
20000000	42000000	6910.1997
21000000	42000000	3290.7742
22000000	42000000	1843.774
23000000	42000000	2777.1492
24000000	42000000	3354.6768
25000000	42000000	3865.2874
26000000	42000000	2573.5867
27000000	42000000	2008.5526
28000000	42000000	3688.479
29000000	42000000	6135.0776
30000000	42000000	3710.0627
31000000	42000000	2896.0962
32000000	42000000	4078.735
33000000	42000000	8247.433
34000000	42000000	7623.33
35000000	42000000	7047.9297
36000000	42000000	17240.47
37000000	42000000	23373.795
38000000	42000000	23210.158
39000000	42000000	18812.775
42000000	42000000	774932.25
0	43000000	5800.373
1000000	43000000	4673.2505
2000000	43000000	3871.3948
3000000	43000000	3403.698
4000000	43000000	2792.745
5000000	43000000	3771.5432
6000000	43000000	3350.0522
7000000	43000000	3418.6047
8000000	43000000	3210.5532
9000000	43000000	2996.1116
10000000	43000000	3521.1494
11000000	43000000	3879.5613
12000000	43000000	3095.8843
13000000	43000000	3510.7783
14000000	43000000	3517.6584
15000000	43000000	5180.172
16000000	43000000	4657.163
17000000	43000000	4366.2065
18000000	43000000	5386.6826
19000000	43000000	4634.4014
20000000	43000000	5043.956
21000000	43000000	5233.278
22000000	43000000	4686.37
23000000	43000000	4837.7524
24000000	43000000	5130.7803
25000000	43000000	5250.36
26000000	43000000	5321.3125
27000000	43000000	5203.8135
28000000	43000000	6452.76
29000000	43000000	8025.435
30000000	43000000	7951.5156
31000000	43000000	5671.5547
32000000	43000000	7887.8267
33000000	43000000	9225.6875
34000000	43000000	8966.01
35000000	43000000	14885.413
36000000	43000000	11442.984
37000000	43000000	11867.207
38000000	43000000	21628.35
39000000	43000000	6742.644
42000000	43000000	141189.53
43000000	43000000	513758.56
0	44000000	4600.374
1000000	44000000	4164.502
2000000	44000000	3943.2798
3000000	44000000	2902.6875
4000000	44000000	2835.5305
5000000	44000000	3346.9348
6000000	44000000	3040.3772
7000000	44000000	3060.2673
8000000	44000000	3099.9417
9000000	44000000	2970.29
10000000	44000000	3738.396
11000000	44000000	3319.6592
12000000	44000000	2928.559
13000000	44000000	3562.7537
14000000	44000000	3739.9407
15000000	44000000	4707.713
16000000	44000000	4035.313
17000000	44000000	3585.059
18000000	44000000	3755.1038
19000000	44000000	3844.2056
20000000	44000000	3908.3792
21000000	44000000	3889.0325
22000000	44000000	3529.378
23000000	44000000	4178.5854
24000000	44000000	4433.186
25000000	44000000	4665.089
26000000	44000000	4821.5347
27000000	44000000	4089.2993
28000000	44000000	5583.748
29000000	44000000	7588.0786
30000000	44000000	7324.2964
31000000	44000000	5400.7275
32000000	44000000	6037.1064
33000000	44000000	7795.6953
34000000	44000000	7427.9185
35000000	44000000	9739.035
36000000	44000000	9359.401
37000000	44000000	8659.676
38000000	44000000	11962.338
39000000	44000000	4734.218
42000000	44000000	32949.49
43000000	44000000	97509.41
44000000	44000000	549706.2
0	45000000	4028.3445
1000000	45000000	3604.335
2000000	45000000	3208.3748
3000000	45000000	2751.8564
4000000	45000000	2691.3613
5000000	45000000	3060.6028
6000000	45000000	3024.3347
7000000	45000000	2933.801
8000000	45000000	2599.7332
9000000	45000000	2299.9487
10000000	45000000	2748.6929
11000000	45000000	3394.6155
12000000	45000000	3375.6663
13000000	45000000	4020.0237
14000000	45000000	3955.0332
15000000	45000000	4411.346
16000000	45000000	3393.416
17000000	45000000	3165.2607
18000000	45000000	3024.5613
19000000	45000000	2342.0054
20000000	45000000	2512.5679
21000000	45000000	3050.2349
22000000	45000000	3200.3882
23000000	45000000	3531.159
24000000	45000000	3577.8845
25000000	45000000	3878.879
26000000	45000000	4415.6973
27000000	45000000	4348.5933
28000000	45000000	5334.068
29000000	45000000	6112.8486
30000000	45000000	6468.2017
31000000	45000000	4533.362
32000000	45000000	5237.3965
33000000	45000000	5580.618
34000000	45000000	5465.7
35000000	45000000	7370.418
36000000	45000000	5009.885
37000000	45000000	4182.3916
38000000	45000000	5274.5186
39000000	45000000	1672.4231
42000000	45000000	11657.997
43000000	45000000	33308.78
44000000	45000000	117234.15
45000000	45000000	433467.75
0	46000000	2556.1414
1000000	46000000	2302.3274
2000000	46000000	1489.823
3000000	46000000	1860.7457
4000000	46000000	1494.3224
5000000	46000000	2194.8464
6000000	46000000	2243.698
7000000	46000000	2208.016
8000000	46000000	1178.8158
9000000	46000000	982.2394
10000000	46000000	1127.8069
11000000	46000000	2705.6216
12000000	46000000	3353.5088
13000000	46000000	3274.1511
14000000	46000000	3125.899
15000000	46000000	2482.118
16000000	46000000	1953.2969
17000000	46000000	1873.066
18000000	46000000	1822.8865
19000000	46000000	890.572
20000000	46000000	1138.284
21000000	46000000	1812.7274
22000000	46000000	2503.092
23000000	46000000	1812.6659
24000000	46000000	2004.566
25000000	46000000	2037.979
26000000	46000000	2651.2249
27000000	46000000	3345.8508
28000000	46000000	2591.1685
29000000	46000000	2985.548
30000000	46000000	4226.527
31000000	46000000	3505.3826
32000000	46000000	3575.1
33000000	46000000	2587.6287
34000000	46000000	2821.195
35000000	46000000	4321.905
36000000	46000000	1768.4331
37000000	46000000	1495.1113
38000000	46000000	2647.1277
39000000	46000000	855.9131
42000000	46000000	3434.903
43000000	46000000	11210.246
44000000	46000000	17819.738
45000000	46000000	143421.58
46000000	46000000	650539.44
0	47000000	3203.9927
1000000	47000000	3058.9631
2000000	47000000	2921.93
3000000	47000000	2124.312
4000000	47000000	2293.1755
5000000	47000000	2390.9248
6000000	47000000	2153.6848
7000000	47000000	2172.7566
8000000	47000000	1885.3652
9000000	47000000	1598.5712
10000000	47000000	1979.6005
11000000	47000000	2267.8562
12000000	47000000	2750.9045
13000000	47000000	3442.1453
14000000	47000000	3258.5808
15000000	47000000	3565.214
16000000	47000000	2281.021
17000000	47000000	2021.3646
18000000	47000000	1813.5249
19000000	47000000	1285.8414
20000000	47000000	1305.2324
21000000	47000000	1681.7655
22000000	47000000	1859.2124
23000000	47000000	2182.5486
24000000	47000000	2277.1057
25000000	47000000	2558.7576
26000000	47000000	3021.55
27000000	47000000	2815.512
28000000	47000000	3843.6392
29000000	47000000	4569.6846
30000000	47000000	4532.6885
31000000	47000000	2698.3909
32000000	47000000	2985.9749
33000000	47000000	3116.1848
34000000	47000000	3171.3108
35000000	47000000	3640.8179
36000000	47000000	2427.0825
37000000	47000000	2064.1538
38000000	47000000	1955.0957
39000000	47000000	874.03235
42000000	47000000	4718.3345
43000000	47000000	11264.6455
44000000	47000000	20470.725
45000000	47000000	59758.17
46000000	47000000	105878.9
47000000	47000000	572303.0
0	48000000	3372.0942
1000000	48000000	3346.9175
2000000	48000000	3253.7952
3000000	48000000	2087.4226
4000000	48000000	2529.9358
5000000	48000000	2404.313
6000000	48000000	2304.8948
7000000	48000000	2164.424
8000000	48000000	1961.2732
9000000	48000000	1522.9548
10000000	48000000	2047.6793
11000000	48000000	2264.453
12000000	48000000	2636.16
13000000	48000000	3691.3657
14000000	48000000	3506.416
15000000	48000000	3708.149
16000000	48000000	2331.1865
17000000	48000000	2006.6656
18000000	48000000	1753.2054
19000000	48000000	1133.8007
20000000	48000000	1262.8224
21000000	48000000	1589.7855
22000000	48000000	1697.5873
23000000	48000000	2349.652
24000000	48000000	2323.9001
25000000	48000000	2487.701
26000000	48000000	2957.9836
27000000	48000000	2486.6233
28000000	48000000	3939.832
29000000	48000000	4789.2163
30000000	48000000	4418.722
31000000	48000000	2617.3796
32000000	48000000	2693.0784
33000000	48000000	3227.0222
34000000	48000000	3084.145
35000000	48000000	3304.6375
36000000	48000000	2345.148
37000000	48000000	1896.7207
38000000	48000000	1892.8994
39000000	48000000	840.01416
42000000	48000000	4095.8513
43000000	48000000	9763.3125
44000000	48000000	16414.508
45000000	48000000	28667.273
46000000	48000000	32703.68
47000000	48000000	73199.58
48000000	48000000	697151.1
0	49000000	2668.0603
1000000	49000000	2384.2212
2000000	49000000	1484.3682
3000000	49000000	2150.638
4000000	49000000	1603.5447
5000000	49000000	2566.9653
6000000	49000000	2915.794
7000000	49000000	2420.082
8000000	49000000	1284.3995
9000000	49000000	772.71875
10000000	49000000	1030.638
11000000	49000000	2938.3677
12000000	49000000	3897.3176
13000000	49000000	4053.633
14000000	49000000	3974.1646
15000000	49000000	2855.733
16000000	49000000	1865.2153
17000000	49000000	2014.4443
18000000	49000000	1925.0396
19000000	49000000	691.97284
20000000	49000000	1144.4526
21000000	49000000	1770.1163
22000000	49000000	2594.7988
23000000	49000000	1965.4293
24000000	49000000	2037.5028
25000000	49000000	2278.0232
26000000	49000000	2811.079
27000000	49000000	3550.3418
28000000	49000000	2775.5542
29000000	49000000	2947.3523
30000000	49000000	4520.4854
31000000	49000000	3886.723
32000000	49000000	3736.8586
33000000	49000000	2416.8066
34000000	49000000	2843.675
35000000	49000000	3859.49
36000000	49000000	1379.3054
37000000	49000000	1060.1934
38000000	49000000	1997.3812
39000000	49000000	625.6308
42000000	49000000	2569.5269
43000000	49000000	7681.49
44000000	49000000	10182.138
45000000	49000000	15765.43
46000000	49000000	23564.805
47000000	49000000	40446.617
48000000	49000000	51671.39
49000000	49000000	640503.25
0	50000000	3302.7822
1000000	50000000	2773.5203
2000000	50000000	2117.109
3000000	50000000	2326.8572
4000000	50000000	2146.5005
5000000	50000000	2736.007
6000000	50000000	2909.5984
7000000	50000000	2620.3262
8000000	50000000	1626.106
9000000	50000000	1240.7218
10000000	50000000	1408.3152
11000000	50000000	2932.9883
12000000	50000000	3712.223
13000000	50000000	4508.358
14000000	50000000	4169.4043
15000000	50000000	3564.5283
16000000	50000000	2342.7024
17000000	50000000	2406.6033
18000000	50000000	2026.8838
19000000	50000000	1078.756
20000000	50000000	1281.0408
21000000	50000000	2001.1693
22000000	50000000	2494.7834
23000000	50000000	2392.1523
24000000	50000000	2394.6763
25000000	50000000	2591.5032
26000000	50000000	3225.9072
27000000	50000000	3624.563
28000000	50000000	3623.934
29000000	50000000	3935.358
30000000	50000000	4912.0166
31000000	50000000	3615.3835
32000000	50000000	3697.9714
33000000	50000000	2954.054
34000000	50000000	3074.1238
35000000	50000000	3975.7874
36000000	50000000	1879.0762
37000000	50000000	1523.6248
38000000	50000000	2208.5398
39000000	50000000	717.4601
42000000	50000000	3233.6428
43000000	50000000	8540.011
44000000	50000000	11269.787
45000000	50000000	15618.393
46000000	50000000	16120.054
47000000	50000000	28709.025
48000000	50000000	37177.367
49000000	50000000	157731.56
50000000	50000000	509909.12
0	51000000	2617.37
1000000	51000000	2338.524
2000000	51000000	1676.9857
3000000	51000000	1823.7697
4000000	51000000	1614.4154
5000000	51000000	2151.8435
6000000	51000000	2181.3079
7000000	51000000	2166.9768
8000000	51000000	1324.2076
9000000	51000000	1013.5476
10000000	51000000	1144.7491
11000000	51000000	2414.567
12000000	51000000	3122.8506
13000000	51000000	3332.5361
14000000	51000000	2975.6013
15000000	51000000	2767.0437
16000000	51000000	1899.9493
17000000	51000000	1831.0494
18000000	51000000	1686.2556
19000000	51000000	875.7336
20000000	51000000	1062.2426
21000000	51000000	1774.3682
22000000	51000000	2162.3289
23000000	51000000	1939.531
24000000	51000000	1959.3655
25000000	51000000	2023.5106
26000000	51000000	2709.9626
27000000	51000000	3293.0066
28000000	51000000	2926.0273
29000000	51000000	2921.2146
30000000	51000000	3709.493
31000000	51000000	2982.2798
32000000	51000000	3343.7312
33000000	51000000	2340.9758
34000000	51000000	2490.1904
35000000	51000000	3803.7617
36000000	51000000	1715.2954
37000000	51000000	1302.9302
38000000	51000000	2014.7953
39000000	51000000	802.5118
42000000	51000000	3220.596
43000000	51000000	9931.854
44000000	51000000	14829.151
45000000	51000000	61848.57
46000000	51000000	58370.375
47000000	51000000	77648.91
48000000	51000000	25664.418
49000000	51000000	24744.367
50000000	51000000	76703.59
51000000	51000000	645494.25
0	52000000	2346.0137
1000000	52000000	2691.6191
2000000	52000000	2257.6572
3000000	52000000	2343.8035
4000000	52000000	2115.5251
5000000	52000000	2644.488
6000000	52000000	2635.1323
7000000	52000000	2914.2036
8000000	52000000	2444.7056
9000000	52000000	2079.1501
10000000	52000000	2277.233
11000000	52000000	3466.2236
12000000	52000000	2815.1768
13000000	52000000	3002.1616
14000000	52000000	3158.2043
15000000	52000000	3470.5166
16000000	52000000	3172.3853
17000000	52000000	3155.0317
18000000	52000000	3099.682
19000000	52000000	1954.9233
20000000	52000000	2286.9219
21000000	52000000	2951.0518
22000000	52000000	3625.5625
23000000	52000000	3457.2236
24000000	52000000	3789.53
25000000	52000000	4154.738
26000000	52000000	4675.0264
27000000	52000000	4384.991
28000000	52000000	4298.6636
29000000	52000000	4002.124
30000000	52000000	4309.129
31000000	52000000	3629.5103
32000000	52000000	4053.7002
33000000	52000000	3653.822
34000000	52000000	3901.5078
35000000	52000000	4911.132
36000000	52000000	2738.32
37000000	52000000	2174.6536
38000000	52000000	2885.118
39000000	52000000	954.9617
42000000	52000000	3800.0925
43000000	52000000	8464.292
44000000	52000000	9535.46
45000000	52000000	11652.367
46000000	52000000	8947.614
47000000	52000000	13173.3125
48000000	52000000	13482.931
49000000	52000000	22583.805
50000000	52000000	51440.31
51000000	52000000	40203.336
52000000	52000000	558953.6
0	53000000	1881.7544
1000000	53000000	2439.868
2000000	53000000	3087.2583
3000000	53000000	1897.4966
4000000	53000000	2570.2192
5000000	53000000	2179.8152
6000000	53000000	1826.4355
7000000	53000000	2242.452
8000000	53000000	3364.4487
9000000	53000000	3533.274
10000000	53000000	3502.734
11000000	53000000	2327.9683
12000000	53000000	1384.5874
13000000	53000000	1990.3788
14000000	53000000	1991.7871
15000000	53000000	3597.2993
16000000	53000000	3603.4849
17000000	53000000	3089.0437
18000000	53000000	3201.7856
19000000	53000000	3642.3137
20000000	53000000	3118.7976
21000000	53000000	3090.8223
22000000	53000000	2723.881
23000000	53000000	3916.1204
24000000	53000000	4166.0454
25000000	53000000	4895.266
26000000	53000000	5139.8984
27000000	53000000	3610.444
28000000	53000000	5393.1562
29000000	53000000	4844.9287
30000000	53000000	3408.742
31000000	53000000	2402.7195
32000000	53000000	3403.2268
33000000	53000000	4219.3525
34000000	53000000	3840.549
35000000	53000000	3951.856
36000000	53000000	4039.7688
37000000	53000000	3526.7446
38000000	53000000	3076.8298
39000000	53000000	990.2482
42000000	53000000	5455.445
43000000	53000000	7982.9106
44000000	53000000	9069.1455
45000000	53000000	10212.95
46000000	53000000	6005.863
47000000	53000000	10190.301
48000000	53000000	10915.718
49000000	53000000	8914.454
50000000	53000000	17724.908
51000000	53000000	11501.753
52000000	53000000	109292.09
53000000	53000000	573936.94
0	54000000	1824.0737
1000000	54000000	2328.886
2000000	54000000	2598.7717
3000000	54000000	1824.631
4000000	54000000	2153.5151
5000000	54000000	1917.9315
6000000	54000000	1753.4003
7000000	54000000	2422.49
8000000	54000000	2883.304
9000000	54000000	2995.3364
10000000	54000000	3077.8625
11000000	54000000	2463.9177
12000000	54000000	1536.4814
13000000	54000000	1907.5756
14000000	54000000	1957.1968
15000000	54000000	3052.31
16000000	54000000	3384.4478
17000000	54000000	2901.3489
18000000	54000000	3299.11
19000000	54000000	3230.1191
20000000	54000000	3307.415
21000000	54000000	3375.4856
22000000	54000000	3295.9714
23000000	54000000	3894.8901
24000000	54000000	4130.0107
25000000	54000000	4734.3677
26000000	54000000	4692.3247
27000000	54000000	3383.5178
28000000	54000000	4506.38
29000000	54000000	4302.3896
30000000	54000000	3458.9507
31000000	54000000	3153.5312
32000000	54000000	3728.5583
33000000	54000000	4241.1
34000000	54000000	3937.2695
35000000	54000000	4223.3633
36000000	54000000	4116.3438
37000000	54000000	3342.4998
38000000	54000000	3649.2263
39000000	54000000	947.0325
42000000	54000000	5756.4556
43000000	54000000	7964.29
44000000	54000000	8412.903
45000000	54000000	8382.437
46000000	54000000	5137.428
47000000	54000000	7205.089
48000000	54000000	7481.0884
49000000	54000000	7281.5576
50000000	54000000	11810.218
51000000	54000000	7542.1196
52000000	54000000	36976.234
53000000	54000000	80978.37
54000000	54000000	473199.44
0	55000000	1422.2764
1000000	55000000	1717.42
2000000	55000000	2673.9783
3000000	55000000	1428.0612
4000000	55000000	1900.866
5000000	55000000	1498.8436
6000000	55000000	1321.5432
7000000	55000000	1722.226
8000000	55000000	2772.6008
9000000	55000000	3248.8875
10000000	55000000	3084.0176
11000000	55000000	1685.0134
12000000	55000000	1062.5317
13000000	55000000	1435.0178
14000000	55000000	1498.3008
15000000	55000000	2702.4333
16000000	55000000	3035.6404
17000000	55000000	2551.727
18000000	55000000	2824.4792
19000000	55000000	3761.7686
20000000	55000000	3385.2666
21000000	55000000	2928.6863
22000000	55000000	2412.701
23000000	55000000	3221.6257
24000000	55000000	3671.2595
25000000	55000000	4142.896
26000000	55000000	3944.4214
27000000	55000000	2815.3364
28000000	55000000	4077.4583
29000000	55000000	3774.214
30000000	55000000	2757.4543
31000000	55000000	2388.132
32000000	55000000	2894.7834
33000000	55000000	3965.2014
34000000	55000000	3401.234
35000000	55000000	3156.952
36000000	55000000	4307.3228
37000000	55000000	3831.3472
38000000	55000000	2928.3506
39000000	55000000	1102.9501
42000000	55000000	6003.5425
43000000	55000000	6492.704
44000000	55000000	6949.1113
45000000	55000000	6507.941
46000000	55000000	3497.671
47000000	55000000	5224.3843
48000000	55000000	5466.6875
49000000	55000000	4469.9824
50000000	55000000	7348.0806
51000000	55000000	4915.6284
52000000	55000000	16694.568
53000000	55000000	28878.451
54000000	55000000	151414.94
55000000	55000000	502743.34
0	56000000	1397.0544
1000000	56000000	1815.588
2000000	56000000	2677.43
3000000	56000000	1418.5591
4000000	56000000	2020.2278
5000000	56000000	1654.8365
6000000	56000000	1273.2684
7000000	56000000	1790.5277
8000000	56000000	2808.992
9000000	56000000	3311.7144
10000000	56000000	3333.6414
11000000	56000000	1649.3163
12000000	56000000	1120.7865
13000000	56000000	1379.7186
14000000	56000000	1428.0427
15000000	56000000	2682.4373
16000000	56000000	3132.582
17000000	56000000	2552.7283
18000000	56000000	2631.991
19000000	56000000	3862.501
20000000	56000000	3122.6355
21000000	56000000	2858.8125
22000000	56000000	2423.4294
23000000	56000000	3468.1292
24000000	56000000	3594.983
25000000	56000000	4395.534
26000000	56000000	4105.2964
27000000	56000000	2816.063
28000000	56000000	4169.9
29000000	56000000	3887.2588
30000000	56000000	2551.7107
31000000	56000000	2236.7668
32000000	56000000	2845.0227
33000000	56000000	3899.7852
34000000	56000000	3217.1558
35000000	56000000	2939.7705
36000000	56000000	4155.317
37000000	56000000	3626.3118
38000000	56000000	2870.316
39000000	56000000	1402.9487
42000000	56000000	5667.2075
43000000	56000000	6143.178
44000000	56000000	6434.279
45000000	56000000	6492.4146
46000000	56000000	3365.6829
47000000	56000000	5257.301
48000000	56000000	5370.166
49000000	56000000	3818.3557
50000000	56000000	6527.8057
51000000	56000000	4514.0684
52000000	56000000	14759.348
53000000	56000000	25124.549
54000000	56000000	63669.867
55000000	56000000	149202.23
56000000	56000000	504036.78
0	57000000	1366.051
1000000	57000000	1660.3934
2000000	57000000	2405.3132
3000000	57000000	1438.332
4000000	57000000	1850.0042
5000000	57000000	1396.5892
6000000	57000000	1251.1
7000000	57000000	1790.2704
8000000	57000000	2737.1797
9000000	57000000	3099.6565
10000000	57000000	3005.4639
11000000	57000000	1605.3928
12000000	57000000	1028.572
13000000	57000000	1360.7839
14000000	57000000	1370.0911
15000000	57000000	2678.3467
16000000	57000000	3025.9175
17000000	57000000	2454.702
18000000	57000000	2491.7622
19000000	57000000	3557.2986
20000000	57000000	2883.1218
21000000	57000000	2675.2666
22000000	57000000	2421.259
23000000	57000000	3243.5525
24000000	57000000	3514.581
25000000	57000000	4000.9407
26000000	57000000	3941.4817
27000000	57000000	2886.601
28000000	57000000	3984.8108
29000000	57000000	3573.275
30000000	57000000	2618.3633
31000000	57000000	2151.355
32000000	57000000	2815.042
33000000	57000000	3594.5972
34000000	57000000	2918.3662
35000000	57000000	2833.0867
36000000	57000000	3759.2356
37000000	57000000	3167.686
38000000	57000000	2784.2876
39000000	57000000	986.1979
42000000	57000000	5074.0444
43000000	57000000	5648.2734
44000000	57000000	5872.298
45000000	57000000	5804.9653
46000000	57000000	3175.072
47000000	57000000	4562.901
48000000	57000000	4524.6826
49000000	57000000	3496.7334
50000000	57000000	5735.7783
51000000	57000000	4134.9473
52000000	57000000	11899.271
53000000	57000000	19163.344
54000000	57000000	34962.17
55000000	57000000	52043.17
56000000	57000000	111556.484
57000000	57000000	493548.4
0	58000000	1507.0194
1000000	58000000	1759.9105
2000000	58000000	2253.544
3000000	58000000	1510.1531
4000000	58000000	1872.8326
5000000	58000000	1688.1146
6000000	58000000	1397.0034
7000000	58000000	1870.798
8000000	58000000	2493.5266
9000000	58000000	2789.723
10000000	58000000	2823.2473
11000000	58000000	1772.3687
12000000	58000000	1250.5967
13000000	58000000	1426.2909
14000000	58000000	1519.7692
15000000	58000000	2541.6848
16000000	58000000	2984.196
17000000	58000000	2659.1797
18000000	58000000	2769.793
19000000	58000000	3560.2332
20000000	58000000	3180.5828
21000000	58000000	2882.699
22000000	58000000	2583.3662
23000000	58000000	3333.791
24000000	58000000	3449.169
25000000	58000000	3904.8262
26000000	58000000	3727.6614
27000000	58000000	2942.2202
28000000	58000000	3783.424
29000000	58000000	3458.006
30000000	58000000	2580.1326
31000000	58000000	2417.4565
32000000	58000000	3122.8152
33000000	58000000	3591.2986
34000000	58000000	3154.3232
35000000	58000000	3117.0354
36000000	58000000	3695.0728
37000000	58000000	3269.6072
38000000	58000000	3211.7195
39000000	58000000	1281.3304
42000000	58000000	4959.6025
43000000	58000000	5998.6284
44000000	58000000	5511.713
45000000	58000000	5453.587
46000000	58000000	3059.9412
47000000	58000000	4017.5798
48000000	58000000	4085.701
49000000	58000000	3569.2012
50000000	58000000	5234.949
51000000	58000000	3841.9307
52000000	58000000	10164.092
53000000	58000000	14449.249
54000000	58000000	21407.734
55000000	58000000	25517.941
56000000	58000000	35735.414
57000000	58000000	147337.2
58000000	58000000	537933.3
0	59000000	1389.1836
1000000	59000000	1669.6146
2000000	59000000	2391.8835
3000000	59000000	1519.1329
4000000	59000000	1899.4061
5000000	59000000	1554.5696
6000000	59000000	1340.1178
7000000	59000000	1744.674
8000000	59000000	2495.7007
9000000	59000000	2864.032
10000000	59000000	2878.2175
11000000	59000000	1642.8105
12000000	59000000	1122.8802
13000000	59000000	1412.885
14000000	59000000	1393.2197
15000000	59000000	2604.224
16000000	59000000	2821.8313
17000000	59000000	2317.4023
18000000	59000000	2460.4841
19000000	59000000	3180.685
20000000	59000000	2687.4382
21000000	59000000	2670.3862
22000000	59000000	2252.0898
23000000	59000000	3055.0063
24000000	59000000	3277.709
25000000	59000000	3913.9758
26000000	59000000	3872.8445
27000000	59000000	2725.077
28000000	59000000	3866.1243
29000000	59000000	3463.0137
30000000	59000000	2620.6404
31000000	59000000	1995.026
32000000	59000000	2705.7307
33000000	59000000	3497.443
34000000	59000000	2873.6506
35000000	59000000	2917.7295
36000000	59000000	3545.343
37000000	59000000	2971.9258
38000000	59000000	2626.7146
39000000	59000000	751.58765
42000000	59000000	4692.4395
43000000	59000000	5550.81
44000000	59000000	5630.179
45000000	59000000	5324.24
46000000	59000000	2842.0132
47000000	59000000	4421.664
48000000	59000000	4278.2524
49000000	59000000	3552.7695
50000000	59000000	5313.2783
51000000	59000000	3972.1768
52000000	59000000	10160.461
53000000	59000000	15083.396
54000000	59000000	20010.709
55000000	59000000	23175.303
56000000	59000000	30378.633
57000000	59000000	56306.6
58000000	59000000	106373.305
59000000	59000000	511727.25
0	60000000	1689.3525
1000000	60000000	1865.7341
2000000	60000000	1628.543
3000000	60000000	1630.4664
4000000	60000000	1605.7015
5000000	60000000	1818.629
6000000	60000000	1824.561
7000000	60000000	2168.7156
8000000	60000000	2035.1122
9000000	60000000	1866.7808
10000000	60000000	2046.0732
11000000	60000000	2577.7983
12000000	60000000	1775.595
13000000	60000000	1980.0923
14000000	60000000	2210.77
15000000	60000000	2575.9646
16000000	60000000	2490.729
17000000	60000000	2286.8376
18000000	60000000	2567.8699
19000000	60000000	2023.3337
20000000	60000000	2336.576
21000000	60000000	2529.544
22000000	60000000	2781.8926
23000000	60000000	2764.8289
24000000	60000000	2994.7935
25000000	60000000	3458.902
26000000	60000000	3736.4883
27000000	60000000	3262.0193
28000000	60000000	3140.3215
29000000	60000000	2958.2578
30000000	60000000	3086.7986
31000000	60000000	2942.1648
32000000	60000000	3113.596
33000000	60000000	2822.786
34000000	60000000	2960.2344
35000000	60000000	3671.2935
36000000	60000000	2460.1853
37000000	60000000	1985.3292
38000000	60000000	2723.3015
39000000	60000000	660.98834
42000000	60000000	2943.601
43000000	60000000	5599.5156
44000000	60000000	5252.7964
45000000	60000000	5131.818
46000000	60000000	3353.7412
47000000	60000000	3653.1804
48000000	60000000	4009.296
49000000	60000000	5097.799
50000000	60000000	5928.5166
51000000	60000000	4079.415
52000000	60000000	10579.72
53000000	60000000	10794.004
54000000	60000000	13926.708
55000000	60000000	12216.057
56000000	60000000	14567.005
57000000	60000000	19996.787
58000000	60000000	28171.74
59000000	60000000	106882.09
60000000	60000000	493777.75
0	61000000	1545.953
1000000	61000000	1743.5193
2000000	61000000	1655.4579
3000000	61000000	1456.3907
4000000	61000000	1574.1763
5000000	61000000	1688.1305
6000000	61000000	1635.9094
7000000	61000000	1927.8134
8000000	61000000	1951.4851
9000000	61000000	1760.0055
10000000	61000000	2151.3528
11000000	61000000	2208.6182
12000000	61000000	1617.8008
13000000	61000000	1900.557
14000000	61000000	1921.7745
15000000	61000000	2392.138
16000000	61000000	2207.4468
17000000	61000000	2102.7258
18000000	61000000	2066.3142
19000000	61000000	1870.826
20000000	61000000	1956.3105
21000000	61000000	2101.252
22000000	61000000	2224.3608
23000000	61000000	2511.634
24000000	61000000	2602.1096
25000000	61000000	2964.1553
26000000	61000000	3393.8748
27000000	61000000	2673.8884
28000000	61000000	2896.4023
29000000	61000000	2683.472
30000000	61000000	2685.9558
31000000	61000000	2184.7832
32000000	61000000	2565.389
33000000	61000000	2540.6985
34000000	61000000	2466.2097
35000000	61000000	3076.559
36000000	61000000	2221.8381
37000000	61000000	1861.3723
38000000	61000000	2121.1975
39000000	61000000	734.8884
42000000	61000000	2408.5244
43000000	61000000	4653.0605
44000000	61000000	4463.4683
45000000	61000000	4737.8374
46000000	61000000	3022.6592
47000000	61000000	3769.1133
48000000	61000000	4233.7866
49000000	61000000	4371.148
50000000	61000000	5835.956
51000000	61000000	3911.8716
52000000	61000000	9519.432
53000000	61000000	9884.7705
54000000	61000000	11338.584
55000000	61000000	10460.362
56000000	61000000	12499.171
57000000	61000000	15662.904
58000000	61000000	18979.18
59000000	61000000	37043.492
60000000	61000000	158478.75
61000000	61000000	510062.06
0	62000000	1487.7996
1000000	62000000	1779.9452
2000000	62000000	1785.4265
3000000	62000000	1423.5352
4000000	62000000	1601.516
5000000	62000000	1545.2543
6000000	62000000	1466.3892
7000000	62000000	1780.0078
8000000	62000000	1960.5714
9000000	62000000	1969.6299
10000000	62000000	2262.7373
11000000	62000000	1967.9481
12000000	62000000	1424.1373
13000000	62000000	1865.9846
14000000	62000000	1799.0219
15000000	62000000	2490.547
16000000	62000000	2282.1877
17000000	62000000	2087.7944
18000000	62000000	2116.7847
19000000	62000000	2110.3816
20000000	62000000	1950.7548
21000000	62000000	2093.737
22000000	62000000	2019.7905
23000000	62000000	2564.8047
24000000	62000000	2535.8584
25000000	62000000	2943.2864
26000000	62000000	3360.4902
27000000	62000000	2487.4297
28000000	62000000	3140.4702
29000000	62000000	2836.1848
30000000	62000000	2442.7712
31000000	62000000	1891.1735
32000000	62000000	2286.2034
33000000	62000000	2518.1475
34000000	62000000	2410.537
35000000	62000000	2809.5435
36000000	62000000	2342.2495
37000000	62000000	1963.5673
38000000	62000000	1987.9757
39000000	62000000	637.0835
42000000	62000000	2749.4448
43000000	62000000	4324.6313
44000000	62000000	4467.1294
45000000	62000000	4802.955
46000000	62000000	2918.416
47000000	62000000	4268.078
48000000	62000000	4378.7236
49000000	62000000	3820.4558
50000000	62000000	5787.0117
51000000	62000000	3644.2336
52000000	62000000	8689.624
53000000	62000000	10847.006
54000000	62000000	11468.569
55000000	62000000	10734.168
56000000	62000000	12659.219
57000000	62000000	15468.064
58000000	62000000	17458.365
59000000	62000000	27153.066
60000000	62000000	46185.44
61000000	62000000	128054.125
62000000	62000000	488895.4
0	63000000	1521.0221
1000000	63000000	1743.0657
2000000	63000000	1490.6307
3000000	63000000	1651.1151
4000000	63000000	1406.8761
5000000	63000000	1718.763
6000000	63000000	1712.122
7000000	63000000	1862.911
8000000	63000000	1644.3107
9000000	63000000	1439.1296
10000000	63000000	1659.3853
11000000	63000000	2246.731
12000000	63000000	1803.5217
13000000	63000000	1915.057
14000000	63000000	2070.2659
15000000	63000000	2255.5762
16000000	63000000	2133.155
17000000	63000000	2027.0687
18000000	63000000	2107.434
19000000	63000000	1513.0844
20000000	63000000	1810.5537
21000000	63000000	2004.4191
22000000	63000000	2342.9165
23000000	63000000	2432.796
24000000	63000000	2571.6404
25000000	63000000	2737.1875
26000000	63000000	2991.762
27000000	63000000	2868.5452
28000000	63000000	2557.6226
29000000	63000000	2324.81
30000000	63000000	2602.6838
31000000	63000000	2374.8833
32000000	63000000	2461.2861
33000000	63000000	2207.5566
34000000	63000000	2223.7688
35000000	63000000	3042.059
36000000	63000000	1762.4681
37000000	63000000	1434.8303
38000000	63000000	2013.167
39000000	63000000	494.4869
42000000	63000000	2028.0616
43000000	63000000	4349.1826
44000000	63000000	4231.963
45000000	63000000	4544.903
46000000	63000000	3190.9714
47000000	63000000	3594.8567
48000000	63000000	3546.3958
49000000	63000000	4773.8965
50000000	63000000	5297.643
51000000	63000000	3852.062
52000000	63000000	8706.172
53000000	63000000	8536.209
54000000	63000000	9824.163
55000000	63000000	8161.0786
56000000	63000000	9472.198
57000000	63000000	10966.465
58000000	63000000	12661.051
59000000	63000000	16304.844
60000000	63000000	23873.18
61000000	63000000	31732.254
62000000	63000000	127978.91
63000000	63000000	527510.3
0	64000000	1582.6055
1000000	64000000	1538.4297
2000000	64000000	996.1328
3000000	64000000	1468.8561
4000000	64000000	1109.8457
5000000	64000000	1688.2483
6000000	64000000	2013.7113
7000000	64000000	1856.4325
8000000	64000000	1119.8469
9000000	64000000	833.7461
10000000	64000000	969.0881
11000000	64000000	2395.2634
12000000	64000000	2342.8835
13000000	64000000	2177.2449
14000000	64000000	2456.452
15000000	64000000	1905.6412
16000000	64000000	1718.1521
17000000	64000000	1782.8851
18000000	64000000	1880.8392
19000000	64000000	870.6336
20000000	64000000	1294.4824
21000000	64000000	1718.3936
22000000	64000000	2445.538
23000000	64000000	1987.5659
24000000	64000000	2042.2933
25000000	64000000	2119.5332
26000000	64000000	2453.392
27000000	64000000	2590.6624
28000000	64000000	1837.9456
29000000	64000000	1894.4618
30000000	64000000	2756.2156
31000000	64000000	2735.099
32000000	64000000	2655.8813
33000000	64000000	1757.4324
34000000	64000000	2201.6914
35000000	64000000	2801.414
36000000	64000000	1265.3478
37000000	64000000	947.9069
38000000	64000000	1805.6825
39000000	64000000	386.92657
42000000	64000000	1536.6511
43000000	64000000	4031.1655
44000000	64000000	3681.744
45000000	64000000	3868.081
46000000	64000000	3162.0366
47000000	64000000	2875.2917
48000000	64000000	2819.0415
49000000	64000000	5344.992
50000000	64000000	5429.7095
51000000	64000000	3638.0344
52000000	64000000	7392.2246
53000000	64000000	5218.907
54000000	64000000	6909.4688
55000000	64000000	5221.1177
56000000	64000000	5747.552
57000000	64000000	6601.312
58000000	64000000	7925.5376
59000000	64000000	8661.107
60000000	64000000	15983.011
61000000	64000000	17791.906
62000000	64000000	33527.49
63000000	64000000	117432.734
64000000	64000000	575969.56
0	65000000	1636.1847
1000000	65000000	1633.9963
2000000	65000000	1256.658
3000000	65000000	1444.3928
4000000	65000000	1216.7866
5000000	65000000	1623.7511
6000000	65000000	1677.9794
7000000	65000000	1823.1355
8000000	65000000	1449.9966
9000000	65000000	1211.5448
10000000	65000000	1412.0083
11000000	65000000	2132.5945
12000000	65000000	1977.5375
13000000	65000000	1851.9663
14000000	65000000	1885.4985
15000000	65000000	2104.7346
16000000	65000000	1977.6678
17000000	65000000	1890.1669
18000000	65000000	2004.2136
19000000	65000000	1305.6075
20000000	65000000	1547.2505
21000000	65000000	2042.8417
22000000	65000000	2410.064
23000000	65000000	2129.9236
24000000	65000000	2338.8625
25000000	65000000	2558.4956
26000000	65000000	2697.7947
27000000	65000000	2713.5046
28000000	65000000	2362.7092
29000000	65000000	2262.0598
30000000	65000000	2594.4849
31000000	65000000	2404.4534
32000000	65000000	2583.6348
33000000	65000000	2091.06
34000000	65000000	2380.5474
35000000	65000000	3144.0964
36000000	65000000	1672.0435
37000000	65000000	1377.4408
38000000	65000000	1867.5337
39000000	65000000	418.96805
42000000	65000000	1933.062
43000000	65000000	4553.78
44000000	65000000	4180.156
45000000	65000000	4287.947
46000000	65000000	3356.9255
47000000	65000000	3265.9297
48000000	65000000	3272.383
49000000	65000000	4444.3345
50000000	65000000	4810.11
51000000	65000000	3393.0952
52000000	65000000	7320.774
53000000	65000000	6664.9404
54000000	65000000	7710.6216
55000000	65000000	6577.1226
56000000	65000000	7186.1455
57000000	65000000	8067.7964
58000000	65000000	9048.96
59000000	65000000	10721.578
60000000	65000000	14904.42
61000000	65000000	16366.067
62000000	65000000	24817.047
63000000	65000000	42953.84
64000000	65000000	154774.66
65000000	65000000	488410.62
0	66000000	1124.8942
1000000	66000000	1452.7502
2000000	66000000	2095.0535
3000000	66000000	1094.1974
4000000	66000000	1623.8359
5000000	66000000	1225.5197
6000000	66000000	964.38153
7000000	66000000	1252.8992
8000000	66000000	2174.923
9000000	66000000	2459.806
10000000	66000000	2683.5166
11000000	66000000	1169.5717
12000000	66000000	813.2635
13000000	66000000	998.54144
14000000	66000000	1095.7778
15000000	66000000	2086.126
16000000	66000000	2373.5393
17000000	66000000	1883.6952
18000000	66000000	2001.8756
19000000	66000000	3117.8762
20000000	66000000	2523.7795
21000000	66000000	2049.343
22000000	66000000	1639.4878
23000000	66000000	2400.4915
24000000	66000000	2635.3835
25000000	66000000	3079.3838
26000000	66000000	2756.7905
27000000	66000000	1863.1755
28000000	66000000	2910.3906
29000000	66000000	3001.6077
30000000	66000000	1881.8251
31000000	66000000	1365.9009
32000000	66000000	1926.9315
33000000	66000000	2845.6475
34000000	66000000	2550.0063
35000000	66000000	2102.4866
36000000	66000000	3431.6284
37000000	66000000	3130.9268
38000000	66000000	2294.2683
39000000	66000000	1166.841
42000000	66000000	4247.45
43000000	66000000	4230.316
44000000	66000000	4197.412
45000000	66000000	3817.6099
46000000	66000000	2047.632
47000000	66000000	3044.1694
48000000	66000000	3142.4912
49000000	66000000	2046.149
50000000	66000000	3143.4055
51000000	66000000	2337.29
52000000	66000000	5688.99
53000000	66000000	9187.641
54000000	66000000	9079.257
55000000	66000000	9562.391
56000000	66000000	10832.931
57000000	66000000	11370.594
58000000	66000000	11320.447
59000000	66000000	14488.075
60000000	66000000	11579.069
61000000	66000000	13493.898
62000000	66000000	20563.418
63000000	66000000	20927.637
64000000	66000000	18893.979
65000000	66000000	87413.2
66000000	66000000	508607.1
0	67000000	1277.8582
1000000	67000000	1321.4409
2000000	67000000	1631.6931
3000000	67000000	1201.4901
4000000	67000000	1415.6207
5000000	67000000	1309.5831
6000000	67000000	1193.3932
7000000	67000000	1516.1871
8000000	67000000	1821.5138
9000000	67000000	2013.747
10000000	67000000	2027.7833
11000000	67000000	1441.6748
12000000	67000000	1007.4281
13000000	67000000	1183.3898
14000000	67000000	1302.4722
15000000	67000000	1844.1011
16000000	67000000	2170.9905
17000000	67000000	1850.5836
18000000	67000000	2088.1638
19000000	67000000	2649.4067
20000000	67000000	2461.859
21000000	67000000	2152.0488
22000000	67000000	2090.6956
23000000	67000000	2260.6648
24000000	67000000	2465.0444
25000000	67000000	2915.8743
26000000	67000000	2667.4878
27000000	67000000	2163.4836
28000000	67000000	2553.82
29000000	67000000	2523.087
30000000	67000000	2099.1707
31000000	67000000	1996.5846
32000000	67000000	2377.3594
33000000	67000000	2693.1116
34000000	67000000	2503.938
35000000	67000000	2469.5547
36000000	67000000	3061.2827
37000000	67000000	2794.733
38000000	67000000	2526.2615
39000000	67000000	1021.4795
42000000	67000000	3892.2598
43000000	67000000	4163.518
44000000	67000000	4022.1604
45000000	67000000	3514.5244
46000000	67000000	2085.5903
47000000	67000000	2446.2202
48000000	67000000	2432.156
49000000	67000000	2506.552
50000000	67000000	3010.7407
51000000	67000000	2276.8115
52000000	67000000	5764.8525
53000000	67000000	6853.2144
54000000	67000000	8260.205
55000000	67000000	8368.2705
56000000	67000000	8602.346
57000000	67000000	9014.518
58000000	67000000	9734.809
59000000	67000000	10599.839
60000000	67000000	11765.487
61000000	67000000	11342.551
62000000	67000000	14657.699
63000000	67000000	16980.871
64000000	67000000	17837.393
65000000	67000000	44457.273
66000000	67000000	141453.73
67000000	67000000	552823.7
0	68000000	1291.669
1000000	68000000	1519.9983
2000000	68000000	2287.9285
3000000	68000000	1177.638
4000000	68000000	1656.1045
5000000	68000000	1268.7886
6000000	68000000	1042.5875
7000000	68000000	1325.7672
8000000	68000000	2144.967
9000000	68000000	2476.971
10000000	68000000	2442.1184
11000000	68000000	1231.7327
12000000	68000000	900.3442
13000000	68000000	1103.4417
14000000	68000000	1123.4196
15000000	68000000	2209.5474
16000000	68000000	2498.5015
17000000	68000000	1906.9731
18000000	68000000	2041.4867
19000000	68000000	3029.9426
20000000	68000000	2405.0525
21000000	68000000	2112.7593
22000000	68000000	1662.0143
23000000	68000000	2425.5579
24000000	68000000	2745.6497
25000000	68000000	3182.9106
26000000	68000000	2950.5137
27000000	68000000	2061.8943
28000000	68000000	3266.4607
29000000	68000000	3116.0928
30000000	68000000	1964.6276
31000000	68000000	1351.9595
32000000	68000000	1881.366
33000000	68000000	2812.609
34000000	68000000	2478.0886
35000000	68000000	2231.3645
36000000	68000000	3177.571
37000000	68000000	2687.0627
38000000	68000000	2127.9421
39000000	68000000	929.1947
42000000	68000000	3728.993
43000000	68000000	4171.9644
44000000	68000000	4463.2007
45000000	68000000	3813.2166
46000000	68000000	1980.5696
47000000	68000000	3099.748
48000000	68000000	3407.278
49000000	68000000	2044.2323
50000000	68000000	3337.4878
51000000	68000000	2497.7412
52000000	68000000	6051.403
53000000	68000000	9498.973
54000000	68000000	8883.521
55000000	68000000	9442.833
56000000	68000000	10583.196
57000000	68000000	11057.188
58000000	68000000	10932.0625
59000000	68000000	13166.328
60000000	68000000	10584.307
61000000	68000000	12336.502
62000000	68000000	16949.295
63000000	68000000	15447.172
64000000	68000000	12822.971
65000000	68000000	39090.277
66000000	68000000	89573.875
67000000	68000000	108179.6
68000000	68000000	509206.0
0	69000000	1954.85
1000000	69000000	1944.5786
2000000	69000000	1561.2932
3000000	69000000	1603.972
4000000	69000000	1439.8011
5000000	69000000	1874.4663
6000000	69000000	1737.3928
7000000	69000000	1981.4706
8000000	69000000	1672.3534
9000000	69000000	1518.4423
10000000	69000000	1502.5508
11000000	69000000	2201.6643
12000000	69000000	2104.353
13000000	69000000	2077.7908
14000000	69000000	1991.8986
15000000	69000000	2283.3635
16000000	69000000	2247.4832
17000000	69000000	2109.3838
18000000	69000000	2260.5186
19000000	69000000	1551.0708
20000000	69000000	1698.5098
21000000	69000000	2091.478
22000000	69000000	2546.3447
23000000	69000000	2254.4343
24000000	69000000	2492.5256
25000000	69000000	2615.3413
26000000	69000000	2980.6738
27000000	69000000	3255.6514
28000000	69000000	2699.186
29000000	69000000	2436.9917
30000000	69000000	2671.4136
31000000	69000000	2436.8896
32000000	69000000	2962.72
33000000	69000000	2356.9678
34000000	69000000	2303.2585
35000000	69000000	3143.951
36000000	69000000	1911.053
37000000	69000000	1589.1782
38000000	69000000	2214.402
39000000	69000000	408.24957
42000000	69000000	2433.9167
43000000	69000000	4626.376
44000000	69000000	4214.11
45000000	69000000	4266.6284
46000000	69000000	3176.0974
47000000	69000000	3089.5854
48000000	69000000	3095.9639
49000000	69000000	3953.9219
50000000	69000000	4830.924
51000000	69000000	3881.9502
52000000	69000000	6348.8027
53000000	69000000	6300.707
54000000	69000000	6682.5566
55000000	69000000	5909.4004
56000000	69000000	6309.1953
57000000	69000000	6996.4175
58000000	69000000	7610.0
59000000	69000000	8583.719
60000000	69000000	9964.237
61000000	69000000	10034.096
62000000	69000000	11907.28
63000000	69000000	13964.8
64000000	69000000	15842.27
65000000	69000000	28258.07
66000000	69000000	31959.143
67000000	69000000	37901.316
68000000	69000000	97354.695
69000000	69000000	528321.8
0	70000000	2468.8696
1000000	70000000	1939.1871
2000000	70000000	910.5794
3000000	70000000	1635.5051
4000000	70000000	1032.2544
5000000	70000000	2218.9182
6000000	70000000	2355.98
7000000	70000000	2007.2112
8000000	70000000	864.56885
9000000	70000000	668.84625
10000000	70000000	709.96466
11000000	70000000	2565.2104
12000000	70000000	4346.3643
13000000	70000000	3434.6995
14000000	70000000	3120.5378
15000000	70000000	1935.9595
16000000	70000000	1367.8015
17000000	70000000	1493.19
18000000	70000000	1512.5513
19000000	70000000	558.3791
20000000	70000000	833.18506
21000000	70000000	1684.7073
22000000	70000000	2423.8557
23000000	70000000	1454.7693
24000000	70000000	1516.504
25000000	70000000	1477.3451
26000000	70000000	2175.627
27000000	70000000	3921.4934
28000000	70000000	1897.8495
29000000	70000000	1638.6384
30000000	70000000	2886.076
31000000	70000000	2945.8499
32000000	70000000	3251.0447
33000000	70000000	1398.645
34000000	70000000	1888.2073
35000000	70000000	2598.4924
36000000	70000000	837.8099
37000000	70000000	655.5519
38000000	70000000	1340.6926
39000000	70000000	312.85455
42000000	70000000	972.4534
43000000	70000000	3352.4233
44000000	70000000	2773.1802
45000000	70000000	3610.224
46000000	70000000	4123.2246
47000000	70000000	2835.4038
48000000	70000000	2608.6587
49000000	70000000	6084.2837
50000000	70000000	6236.8394
51000000	70000000	4759.6465
52000000	70000000	5087.723
53000000	70000000	2570.6628
54000000	70000000	2909.9792
55000000	70000000	2282.3208
56000000	70000000	2422.2446
57000000	70000000	2736.2214
58000000	70000000	3118.7078
59000000	70000000	3187.178
60000000	70000000	5026.043
61000000	70000000	4708.8354
62000000	70000000	4548.807
63000000	70000000	7450.3364
64000000	70000000	11109.618
65000000	70000000	12562.354
66000000	70000000	6364.772
67000000	70000000	9597.203
68000000	70000000	11704.462
69000000	70000000	115767.766
70000000	70000000	615857.56
0	71000000	3085.1726
1000000	71000000	2379.0183
2000000	71000000	1666.2784
3000000	71000000	1748.4607
4000000	71000000	1651.8069
5000000	71000000	2107.3672
6000000	71000000	2250.5007
7000000	71000000	1758.3914
8000000	71000000	1059.133
9000000	71000000	843.2169
10000000	71000000	1021.49286
11000000	71000000	1975.7789
12000000	71000000	3548.9023
13000000	71000000	4026.5168
14000000	71000000	3566.248
15000000	71000000	2347.6877
16000000	71000000	1413.0853
17000000	71000000	1336.7871
18000000	71000000	1185.1465
19000000	71000000	635.20764
20000000	71000000	688.1104
21000000	71000000	1146.7238
22000000	71000000	1511.0095
23000000	71000000	1412.3268
24000000	71000000	1327.6772
25000000	71000000	1404.5977
26000000	71000000	1639.4154
27000000	71000000	2252.9897
28000000	71000000	2102.1963
29000000	71000000	2432.4104
30000000	71000000	2909.654
31000000	71000000	2351.9294
32000000	71000000	2122.7666
33000000	71000000	1588.9369
34000000	71000000	1515.2411
35000000	71000000	1928.099
36000000	71000000	897.8784
37000000	71000000	736.4305
38000000	71000000	941.4058
39000000	71000000	299.3797
42000000	71000000	1112.1151
43000000	71000000	3274.9077
44000000	71000000	3689.382
45000000	71000000	4510.2915
46000000	71000000	3880.9932
47000000	71000000	5889.437
48000000	71000000	6679.4263
49000000	71000000	6066.877
50000000	71000000	7863.0186
51000000	71000000	4519.519
52000000	71000000	3765.567
53000000	71000000	2676.4568
54000000	71000000	2484.6912
55000000	71000000	2144.7302
56000000	71000000	2214.4265
57000000	71000000	2325.8367
58000000	71000000	2396.6047
59000000	71000000	2834.7678
60000000	71000000	3482.6536
61000000	71000000	3887.2605
62000000	71000000	4165.3306
63000000	71000000	4668.0293
64000000	71000000	5627.992
65000000	71000000	6166.4966
66000000	71000000	4608.7793
67000000	71000000	5211.607
68000000	71000000	7362.1484
69000000	71000000	16896.682
70000000	71000000	106796.59
71000000	71000000	566833.1
0	72000000	2903.2202
1000000	72000000	2287.7703
2000000	72000000	1508.009
3000000	72000000	1528.1501
4000000	72000000	1431.5924
5000000	72000000	1894.5441
6000000	72000000	1995.2794
7000000	72000000	1542.8094
8000000	72000000	872.13776
9000000	72000000	642.40027
10000000	72000000	856.95166
11000000	72000000	1855.0461
12000000	72000000	3528.4753
13000000	72000000	3602.792
14000000	72000000	3088.0325
15000000	72000000	2002.9814
16000000	72000000	1148.5393
17000000	72000000	1089.7301
18000000	72000000	969.8327
19000000	72000000	477.43216
20000000	72000000	572.61273
21000000	72000000	1010.9266
22000000	72000000	1367.589
23000000	72000000	1090.6559
24000000	72000000	1052.5724
25000000	72000000	1133.3783
26000000	72000000	1454.65
27000000	72000000	1819.6183
28000000	72000000	1582.1553
29000000	72000000	1732.5114
30000000	72000000	2481.3838
31000000	72000000	2184.913
32000000	72000000	1843.7766
33000000	72000000	1243.1556
34000000	72000000	1396.8529
35000000	72000000	1665.7916
36000000	72000000	639.1363
37000000	72000000	511.41553
38000000	72000000	726.811
39000000	72000000	237.55382
42000000	72000000	776.1148
43000000	72000000	2339.8562
44000000	72000000	2669.73
45000000	72000000	3620.5107
46000000	72000000	3080.6873
47000000	72000000	4717.042
48000000	72000000	5242.514
49000000	72000000	5444.775
50000000	72000000	6279.42
51000000	72000000	3689.3848
52000000	72000000	3150.33
53000000	72000000	2020.205
54000000	72000000	1815.5017
55000000	72000000	1542.9132
56000000	72000000	1703.2826
57000000	72000000	1698.437
58000000	72000000	1803.7235
59000000	72000000	2036.0154
60000000	72000000	2653.2322
61000000	72000000	2829.77
62000000	72000000	2990.9614
63000000	72000000	3485.1653
64000000	72000000	4267.337
65000000	72000000	4370.7046
66000000	72000000	2939.6597
67000000	72000000	3311.7397
68000000	72000000	4183.102
69000000	72000000	7654.275
70000000	72000000	21459.268
71000000	72000000	132962.28
72000000	72000000	621143.2
0	73000000	2258.3503
1000000	73000000	1743.9263
2000000	73000000	1103.5015
3000000	73000000	1385.4727
4000000	73000000	1122.7931
5000000	73000000	1684.9703
6000000	73000000	1826.9308
7000000	73000000	1332.6437
8000000	73000000	693.75726
9000000	73000000	470.17578
10000000	73000000	627.8756
11000000	73000000	1724.5183
12000000	73000000	3352.356
13000000	73000000	3104.0366
14000000	73000000	2691.7615
15000000	73000000	1557.4252
16000000	73000000	892.354
17000000	73000000	842.57306
18000000	73000000	904.2836
19000000	73000000	366.72934
20000000	73000000	468.47183
21000000	73000000	870.4141
22000000	73000000	1291.2014
23000000	73000000	932.1555
24000000	73000000	923.48517
25000000	73000000	917.47986
26000000	73000000	1208.5048
27000000	73000000	1642.9751
28000000	73000000	1244.6741
29000000	73000000	1318.8593
30000000	73000000	2036.2794
31000000	73000000	1982.869
32000000	73000000	1643.3812
33000000	73000000	954.0399
34000000	73000000	1229.9973
35000000	73000000	1483.3344
36000000	73000000	459.9284
37000000	73000000	400.68668
38000000	73000000	656.25854
39000000	73000000	104.36249
42000000	73000000	556.4765
43000000	73000000	1872.0582
44000000	73000000	2071.0706
45000000	73000000	2759.993
46000000	73000000	2687.3438
47000000	73000000	3364.0522
48000000	73000000	3622.0771
49000000	73000000	4769.0757
50000000	73000000	4940.628
51000000	73000000	2909.9749
52000000	73000000	2720.4229
53000000	73000000	1530.0117
54000000	73000000	1430.8636
55000000	73000000	1173.6748
56000000	73000000	1219.5939
57000000	73000000	1247.5737
58000000	73000000	1436.4165
59000000	73000000	1562.8035
60000000	73000000	2194.1572
61000000	73000000	2204.0593
62000000	73000000	2269.457
63000000	73000000	2978.042
64000000	73000000	3810.0393
65000000	73000000	3700.797
66000000	73000000	2168.7417
67000000	73000000	2492.3518
68000000	73000000	2891.9307
69000000	73000000	5673.145
70000000	73000000	15039.778
71000000	73000000	40202.176
72000000	73000000	137041.12
73000000	73000000	649670.7
0	74000000	1939.8749
1000000	74000000	1356.0775
2000000	74000000	862.8106
3000000	74000000	1300.0707
4000000	74000000	960.7517
5000000	74000000	1588.4707
6000000	74000000	1736.2999
7000000	74000000	1343.1189
8000000	74000000	623.9412
9000000	74000000	533.484
10000000	74000000	487.66693
11000000	74000000	1748.3412
12000000	74000000	3396.9229
13000000	74000000	2979.9177
14000000	74000000	2477.275
15000000	74000000	1356.5144
16000000	74000000	958.6489
17000000	74000000	939.3041
18000000	74000000	945.86566
19000000	74000000	407.2916
20000000	74000000	540.2984
21000000	74000000	1028.1119
22000000	74000000	1490.9149
23000000	74000000	936.35266
24000000	74000000	986.04913
25000000	74000000	984.24927
26000000	74000000	1235.3206
27000000	74000000	2067.3052
28000000	74000000	1198.7737
29000000	74000000	1142.682
30000000	74000000	2081.7966
31000000	74000000	2265.6387
32000000	74000000	1995.9279
33000000	74000000	1018.17664
34000000	74000000	1234.1527
35000000	74000000	1547.8065
36000000	74000000	515.59924
37000000	74000000	392.19467
38000000	74000000	689.24585
39000000	74000000	172.28761
42000000	74000000	602.77216
43000000	74000000	1667.0756
44000000	74000000	1667.6654
45000000	74000000	2412.6748
46000000	74000000	2911.5112
47000000	74000000	2224.5542
48000000	74000000	2078.4924
49000000	74000000	4101.1826
50000000	74000000	3797.455
51000000	74000000	2921.2925
52000000	74000000	2609.049
53000000	74000000	1383.6562
54000000	74000000	1525.5624
55000000	74000000	1208.1252
56000000	74000000	1286.1743
57000000	74000000	1348.4309
58000000	74000000	1382.353
59000000	74000000	1655.4781
60000000	74000000	2304.2012
61000000	74000000	2233.29
62000000	74000000	2227.4937
63000000	74000000	2941.5015
64000000	74000000	3974.0073
65000000	74000000	3801.0388
66000000	74000000	2058.663
67000000	74000000	2578.75
68000000	74000000	2625.187
69000000	74000000	6146.8184
70000000	74000000	17692.031
71000000	74000000	19126.092
72000000	74000000	30266.045
73000000	74000000	150485.83
74000000	74000000	690259.94
0	75000000	1665.1116
1000000	75000000	1302.6703
2000000	75000000	626.6388
3000000	75000000	1188.5001
4000000	75000000	817.5469
5000000	75000000	1591.2798
6000000	75000000	1800.3906
7000000	75000000	1281.97
8000000	75000000	576.556
9000000	75000000	411.58252
10000000	75000000	402.42642
11000000	75000000	1747.2334
12000000	75000000	3314.7917
13000000	75000000	2644.945
14000000	75000000	2373.2378
15000000	75000000	1215.016
16000000	75000000	878.1306
17000000	75000000	873.5543
18000000	75000000	943.76514
19000000	75000000	342.41776
20000000	75000000	534.13605
21000000	75000000	991.6944
22000000	75000000	1488.4786
23000000	75000000	912.828
24000000	75000000	848.73816
25000000	75000000	888.2061
26000000	75000000	1205.2213
27000000	75000000	2170.8894
28000000	75000000	1002.5338
29000000	75000000	917.9171
30000000	75000000	1930.2856
31000000	75000000	2148.9568
32000000	75000000	1956.3392
33000000	75000000	861.83264
34000000	75000000	1209.1304
35000000	75000000	1653.6499
36000000	75000000	473.89078
37000000	75000000	350.53745
38000000	75000000	735.89355
39000000	75000000	91.7889
42000000	75000000	527.74963
43000000	75000000	1798.5249
44000000	75000000	1492.9727
45000000	75000000	2345.6165
46000000	75000000	2673.2058
47000000	75000000	1780.84
48000000	75000000	1660.3636
49000000	75000000	3921.7302
50000000	75000000	3505.3328
51000000	75000000	2677.796
52000000	75000000	2661.404
53000000	75000000	1244.4319
54000000	75000000	1366.5363
55000000	75000000	1045.2644
56000000	75000000	1097.3284
57000000	75000000	1190.5531
58000000	75000000	1372.07
59000000	75000000	1411.5939
60000000	75000000	2294.2446
61000000	75000000	2077.9304
62000000	75000000	1973.2217
63000000	75000000	3095.3477
64000000	75000000	4239.8237
65000000	75000000	4003.5015
66000000	75000000	1759.6741
67000000	75000000	2237.2104
68000000	75000000	2018.9886
69000000	75000000	5810.8247
70000000	75000000	16830.002
71000000	75000000	12829.936
72000000	75000000	16398.713
73000000	75000000	27924.832
74000000	75000000	112600.98
75000000	75000000	703455.94
0	76000000	1630.9784
1000000	76000000	1365.7224
2000000	76000000	686.8929
3000000	76000000	1262.8518
4000000	76000000	899.5137
5000000	76000000	1581.4287
6000000	76000000	1719.9196
7000000	76000000	1390.6763
8000000	76000000	603.46497
9000000	76000000	432.82632
10000000	76000000	483.69382
11000000	76000000	1747.3245
12000000	76000000	2849.7776
13000000	76000000	2279.789
14000000	76000000	2173.0256
15000000	76000000	1318.4105
16000000	76000000	966.82367
17000000	76000000	1072.4813
18000000	76000000	1093.2081
19000000	76000000	441.60004
20000000	76000000	660.17395
21000000	76000000	1271.7308
22000000	76000000	1934.2134
23000000	76000000	1088.9003
24000000	76000000	1137.5905
25000000	76000000	1215.2283
26000000	76000000	1442.9785
27000000	76000000	2333.2263
28000000	76000000	1135.6503
29000000	76000000	1168.9901
30000000	76000000	2165.2764
31000000	76000000	2675.7952
32000000	76000000	2105.9731
33000000	76000000	1010.38837
34000000	76000000	1457.0922
35000000	76000000	2042.8423
36000000	76000000	625.25336
37000000	76000000	392.41165
38000000	76000000	1064.7504
39000000	76000000	263.66998
42000000	76000000	657.94965
43000000	76000000	2256.1035
44000000	76000000	2065.388
45000000	76000000	2605.4023
46000000	76000000	3118.3628
47000000	76000000	1933.7606
48000000	76000000	1864.8181
49000000	76000000	4116.3916
50000000	76000000	3378.8977
51000000	76000000	2665.7568
52000000	76000000	3442.92
53000000	76000000	1521.3226
54000000	76000000	2055.2197
55000000	76000000	1378.1229
56000000	76000000	1409.7437
57000000	76000000	1537.3254
58000000	76000000	1853.7678
59000000	76000000	1828.8134
60000000	76000000	3441.581
61000000	76000000	2944.9578
62000000	76000000	2524.193
63000000	76000000	4104.148
64000000	76000000	5458.498
65000000	76000000	5365.4937
66000000	76000000	1973.8754
67000000	76000000	3344.7104
68000000	76000000	2425.4907
69000000	76000000	6310.0464
70000000	76000000	11291.425
71000000	76000000	8604.891
72000000	76000000	10285.811
73000000	76000000	13543.714
74000000	76000000	22611.643
75000000	76000000	134364.52
76000000	76000000	746026.25
0	77000000	2338.3354
1000000	77000000	2397.0586
2000000	77000000	2420.665
3000000	77000000	1560.2428
4000000	77000000	1860.6412
5000000	77000000	1792.1924
6000000	77000000	1576.5139
7000000	77000000	1470.6865
8000000	77000000	1590.8375
9000000	77000000	1441.0676
10000000	77000000	1633.695
11000000	77000000	1449.3153
12000000	77000000	1659.4573
13000000	77000000	2070.2336
14000000	77000000	1981.0614
15000000	77000000	2212.5254
16000000	77000000	1836.7849
17000000	77000000	1549.021
18000000	77000000	1567.3766
19000000	77000000	1347.2185
20000000	77000000	1489.3097
21000000	77000000	1481.7313
22000000	77000000	1385.0352
23000000	77000000	1715.4486
24000000	77000000	1904.4762
25000000	77000000	2049.3586
26000000	77000000	1973.5715
27000000	77000000	1839.899
28000000	77000000	2386.8577
29000000	77000000	3029.3403
30000000	77000000	2610.704
31000000	77000000	1893.1176
32000000	77000000	1948.5365
33000000	77000000	2149.9207
34000000	77000000	2233.1926
35000000	77000000	2314.1155
36000000	77000000	2010.3878
37000000	77000000	1694.5454
38000000	77000000	1755.4608
39000000	77000000	753.1828
42000000	77000000	2458.9707
43000000	77000000	4143.393
44000000	77000000	4750.0264
45000000	77000000	4576.3486
46000000	77000000	2832.0237
47000000	77000000	4623.7104
48000000	77000000	5318.7124
49000000	77000000	3451.7869
50000000	77000000	4904.53
51000000	77000000	3216.6333
52000000	77000000	4129.644
53000000	77000000	4385.4805
54000000	77000000	4438.4336
55000000	77000000	3809.9478
56000000	77000000	3831.062
57000000	77000000	3685.6194
58000000	77000000	4101.568
59000000	77000000	4711.162
60000000	77000000	4906.171
61000000	77000000	5047.38
62000000	77000000	5571.2246
63000000	77000000	5015.094
64000000	77000000	4818.7505
65000000	77000000	5756.314
66000000	77000000	6595.6846
67000000	77000000	5989.9473
68000000	77000000	7812.8315
69000000	77000000	8094.6763
70000000	77000000	6100.815
71000000	77000000	11514.305
72000000	77000000	11025.266
73000000	77000000	9699.504
74000000	77000000	9705.464
75000000	77000000	19534.549
76000000	77000000	54332.54
77000000	77000000	535341.6
0	78000000	2059.967
1000000	78000000	2184.7947
2000000	78000000	2599.2537
3000000	78000000	1444.485
4000000	78000000	1820.0289
5000000	78000000	1523.8854
6000000	78000000	1255.8877
7000000	78000000	1295.3359
8000000	78000000	1675.7408
9000000	78000000	1766.0455
10000000	78000000	1863.2937
11000000	78000000	1268.5295
12000000	78000000	1370.9597
13000000	78000000	1758.4403
14000000	78000000	1680.3169
15000000	78000000	2187.125
16000000	78000000	1896.3755
17000000	78000000	1490.334
18000000	78000000	1473.89
19000000	78000000	1628.4348
20000000	78000000	1527.2167
21000000	78000000	1352.8918
22000000	78000000	1067.4978
23000000	78000000	1582.6233
24000000	78000000	1853.9136
25000000	78000000	2037.4885
26000000	78000000	1924.0625
27000000	78000000	1600.0652
28000000	78000000	2567.0598
29000000	78000000	3064.7717
30000000	78000000	2429.734
31000000	78000000	1478.8452
32000000	78000000	1565.3701
33000000	78000000	2046.9122
34000000	78000000	2010.946
35000000	78000000	1978.212
36000000	78000000	2148.1765
37000000	78000000	1770.8346
38000000	78000000	1607.3826
39000000	78000000	712.77783
42000000	78000000	2677.738
43000000	78000000	3843.214
44000000	78000000	4658.7646
45000000	78000000	4387.632
46000000	78000000	2607.54
47000000	78000000	4551.2563
48000000	78000000	5441.1445
49000000	78000000	2988.0862
50000000	78000000	4372.417
51000000	78000000	2957.8762
52000000	78000000	4346.449
53000000	78000000	5514.107
54000000	78000000	5174.3545
55000000	78000000	5025.3154
56000000	78000000	5062.022
57000000	78000000	5024.0767
58000000	78000000	5159.839
59000000	78000000	5775.7256
60000000	78000000	5111.866
61000000	78000000	5414.4785
62000000	78000000	6131.2524
63000000	78000000	5053.617
64000000	78000000	3947.0466
65000000	78000000	5603.216
66000000	78000000	8040.237
67000000	78000000	7004.1836
68000000	78000000	9409.466
69000000	78000000	7447.311
70000000	78000000	4816.043
71000000	78000000	9091.952
72000000	78000000	8426.956
73000000	78000000	6750.8164
74000000	78000000	6675.156
75000000	78000000	8327.888
76000000	78000000	16525.342
77000000	78000000	131660.78
78000000	78000000	484005.56
0	79000000	2433.5974
1000000	79000000	2156.8738
2000000	79000000	1543.8499
3000000	79000000	1576.5298
4000000	79000000	1367.8372
5000000	79000000	1673.2273
6000000	79000000	1759.0835
7000000	79000000	1567.3507
8000000	79000000	1071.8774
9000000	79000000	756.5892
10000000	79000000	974.16327
11000000	79000000	1765.3976
12000000	79000000	2155.7153
13000000	79000000	2385.9563
14000000	79000000	2251.8972
15000000	79000000	1987.5946
16000000	79000000	1369.5707
17000000	79000000	1336.3208
18000000	79000000	1238.1082
19000000	79000000	634.9943
20000000	79000000	818.5499
21000000	79000000	1163.094
22000000	79000000	1366.1885
23000000	79000000	1298.4354
24000000	79000000	1370.6469
25000000	79000000	1498.663
26000000	79000000	1737.366
27000000	79000000	1840.9983
28000000	79000000	1806.6707
29000000	79000000	2130.6145
30000000	79000000	2441.3708
31000000	79000000	1969.9972
32000000	79000000	1773.6487
33000000	79000000	1427.8395
34000000	79000000	1516.6183
35000000	79000000	2126.9832
36000000	79000000	987.5079
37000000	79000000	750.2515
38000000	79000000	1137.0114
39000000	79000000	396.70847
42000000	79000000	1150.6039
43000000	79000000	3541.9485
44000000	79000000	3776.3137
45000000	79000000	4246.1704
46000000	79000000	3424.2703
47000000	79000000	4798.4805
48000000	79000000	5508.848
49000000	79000000	5118.5312
50000000	79000000	6225.4204
51000000	79000000	3957.9849
52000000	79000000	4659.637
53000000	79000000	3522.8594
54000000	79000000	3732.0208
55000000	79000000	2810.2715
56000000	79000000	2854.714
57000000	79000000	2886.848
58000000	79000000	3155.9397
59000000	79000000	3477.9026
60000000	79000000	4454.3003
61000000	79000000	4429.904
62000000	79000000	4781.1206
63000000	79000000	4810.282
64000000	79000000	5070.2856
65000000	79000000	5543.1816
66000000	79000000	4046.0815
67000000	79000000	4236.5996
68000000	79000000	4808.221
69000000	79000000	6764.9272
70000000	79000000	7730.5474
71000000	79000000	11381.344
72000000	79000000	10445.232
73000000	79000000	8772.667
74000000	79000000	7805.9243
75000000	79000000	11122.381
76000000	79000000	17170.002
77000000	79000000	37948.523
78000000	79000000	122252.914
79000000	79000000	484755.78
0	80000000	2624.865
1000000	80000000	2199.8972
2000000	80000000	1769.1014
3000000	80000000	1387.1821
4000000	80000000	1483.4738
5000000	80000000	1582.0494
6000000	80000000	1630.6127
7000000	80000000	1422.3544
8000000	80000000	996.1437
9000000	80000000	805.69183
10000000	80000000	1087.1604
11000000	80000000	1554.9236
12000000	80000000	2043.5953
13000000	80000000	2487.018
14000000	80000000	2316.8884
15000000	80000000	2007.4877
16000000	80000000	1233.3357
17000000	80000000	1134.6321
18000000	80000000	979.8634
19000000	80000000	622.77905
20000000	80000000	659.2837
21000000	80000000	946.17816
22000000	80000000	1081.6174
23000000	80000000	1139.7806
24000000	80000000	1176.6241
25000000	80000000	1179.8502
26000000	80000000	1466.166
27000000	80000000	1528.3173
28000000	80000000	1803.1068
29000000	80000000	2196.5322
30000000	80000000	2295.5728
31000000	80000000	1606.1017
32000000	80000000	1523.372
33000000	80000000	1337.5364
34000000	80000000	1428.8098
35000000	80000000	1720.0117
36000000	80000000	873.2806
37000000	80000000	737.21405
38000000	80000000	918.2951
39000000	80000000	346.42722
42000000	80000000	1199.4988
43000000	80000000	3343.7083
44000000	80000000	3819.3472
45000000	80000000	4403.062
46000000	80000000	3283.227
47000000	80000000	6023.1353
48000000	80000000	7115.344
49000000	80000000	4794.8896
50000000	80000000	6688.218
51000000	80000000	4110.331
52000000	80000000	4010.6824
53000000	80000000	3212.2666
54000000	80000000	2885.8643
55000000	80000000	2336.8062
56000000	80000000	2394.3152
57000000	80000000	2658.2
58000000	80000000	2637.879
59000000	80000000	3179.5112
60000000	80000000	3464.2393
61000000	80000000	3778.1096
62000000	80000000	4212.3936
63000000	80000000	3971.0898
64000000	80000000	3971.215
65000000	80000000	4479.2124
66000000	80000000	3831.5908
67000000	80000000	3499.7139
68000000	80000000	4626.59
69000000	80000000	5425.526
70000000	80000000	6142.112
71000000	80000000	13645.315
72000000	80000000	11901.475
73000000	80000000	8997.381
74000000	80000000	5773.7515
75000000	80000000	7232.644
76000000	80000000	9112.761
77000000	80000000	25592.963
78000000	80000000	34322.305
79000000	80000000	131298.84
80000000	80000000	534307.4
0	81000000	2139.556
1000000	81000000	1877.6017
2000000	81000000	1259.3281
3000000	81000000	1478.2452
4000000	81000000	1253.6575
5000000	81000000	1686.4247
6000000	81000000	1763.795
7000000	81000000	1595.6104
8000000	81000000	1047.9932
9000000	81000000	681.6561
10000000	81000000	903.5175
11000000	81000000	1819.8406
12000000	81000000	2110.4265
13000000	81000000	2249.887
14000000	81000000	2244.0596
15000000	81000000	1837.2275
16000000	81000000	1338.2705
17000000	81000000	1366.6005
18000000	81000000	1267.3188
19000000	81000000	640.3407
20000000	81000000	722.1649
21000000	81000000	1140.3805
22000000	81000000	1564.3271
23000000	81000000	1341.7335
24000000	81000000	1355.0587
25000000	81000000	1343.7867
26000000	81000000	1716.0378
27000000	81000000	2079.6147
28000000	81000000	1708.5099
29000000	81000000	1764.8037
30000000	81000000	2322.8928
31000000	81000000	1889.2423
32000000	81000000	1893.723
33000000	81000000	1294.6061
34000000	81000000	1448.3022
35000000	81000000	2160.238
36000000	81000000	879.25574
37000000	81000000	757.97284
38000000	81000000	1203.0216
39000000	81000000	173.37288
42000000	81000000	1156.8728
43000000	81000000	3769.0881
44000000	81000000	3564.9983
45000000	81000000	4225.633
46000000	81000000	3228.1292
47000000	81000000	4076.0498
48000000	81000000	4243.537
49000000	81000000	5070.845
50000000	81000000	6002.585
51000000	81000000	4012.5137
52000000	81000000	5144.162
53000000	81000000	3754.5745
54000000	81000000	3886.0457
55000000	81000000	2958.6782
56000000	81000000	3239.754
57000000	81000000	3345.568
58000000	81000000	3692.9783
59000000	81000000	3815.7097
60000000	81000000	4803.584
61000000	81000000	4699.6626
62000000	81000000	4826.6143
63000000	81000000	5252.6367
64000000	81000000	5828.855
65000000	81000000	5978.72
66000000	81000000	4217.744
67000000	81000000	4582.996
68000000	81000000	5035.818
69000000	81000000	7270.108
70000000	81000000	8024.2383
71000000	81000000	9099.0205
72000000	81000000	7691.079
73000000	81000000	6445.8955
74000000	81000000	5574.4297
75000000	81000000	7507.0957
76000000	81000000	9685.404
77000000	81000000	15600.161
78000000	81000000	18426.955
79000000	81000000	43733.582
80000000	81000000	104878.734
81000000	81000000	563570.44
0	82000000	1729.0443
1000000	82000000	1730.535
2000000	82000000	1329.6704
3000000	82000000	1408.7825
4000000	82000000	1193.8425
5000000	82000000	1463.4318
6000000	82000000	1439.6693
7000000	82000000	1669.2378
8000000	82000000	1405.8229
9000000	82000000	1220.1271
10000000	82000000	1399.3184
11000000	82000000	1846.6241
12000000	82000000	1427.8247
13000000	82000000	1544.3563
14000000	82000000	1551.235
15000000	82000000	1818.4166
16000000	82000000	1667.355
17000000	82000000	1649.6119
18000000	82000000	1726.7871
19000000	82000000	1215.254
20000000	82000000	1479.8623
21000000	82000000	1680.1455
22000000	82000000	1834.3027
23000000	82000000	1616.3657
24000000	82000000	1918.6014
25000000	82000000	1944.0074
26000000	82000000	2092.1123
27000000	82000000	1940.3201
28000000	82000000	1899.4612
29000000	82000000	1909.1643
30000000	82000000	2016.1893
31000000	82000000	1902.6729
32000000	82000000	1997.6853
33000000	82000000	1842.208
34000000	82000000	1947.7874
35000000	82000000	2634.1125
36000000	82000000	1716.5282
37000000	82000000	1333.4572
38000000	82000000	2132.444
39000000	82000000	664.6331
42000000	82000000	2249.845
43000000	82000000	4523.925
44000000	82000000	3998.8083
45000000	82000000	3579.65
46000000	82000000	2335.5503
47000000	82000000	2639.6025
48000000	82000000	2652.2537
49000000	82000000	3187.15
50000000	82000000	3910.906
51000000	82000000	2830.7642
52000000	82000000	5582.4243
53000000	82000000	5192.9956
54000000	82000000	5890.055
55000000	82000000	4703.3633
56000000	82000000	4733.4004
57000000	82000000	5161.4062
58000000	82000000	5651.1035
59000000	82000000	5719.102
60000000	82000000	6761.6694
61000000	82000000	6094.7256
62000000	82000000	6085.7983
63000000	82000000	6668.573
64000000	82000000	6275.312
65000000	82000000	7016.82
66000000	82000000	6716.061
67000000	82000000	7544.4497
68000000	82000000	7434.232
69000000	82000000	8212.217
70000000	82000000	5153.5356
71000000	82000000	4719.8325
72000000	82000000	3709.5215
73000000	82000000	3061.1836
74000000	82000000	3138.988
75000000	82000000	3817.9194
76000000	82000000	6026.768
77000000	82000000	12455.865
78000000	82000000	14596.166
79000000	82000000	16071.279
80000000	82000000	18589.49
81000000	82000000	75327.7
82000000	82000000	529399.4
0	83000000	1170.1937
1000000	83000000	1371.6372
2000000	83000000	2054.2449
3000000	83000000	917.6281
4000000	83000000	1349.1365
5000000	83000000	1012.0892
6000000	83000000	773.0164
7000000	83000000	866.459
8000000	83000000	1731.5642
9000000	83000000	2135.2195
10000000	83000000	2198.2664
11000000	83000000	867.23334
12000000	83000000	581.5084
13000000	83000000	753.02496
14000000	83000000	762.1751
15000000	83000000	1419.016
16000000	83000000	1695.0886
17000000	83000000	1380.516
18000000	83000000	1523.0244
19000000	83000000	2582.2002
20000000	83000000	2047.9362
21000000	83000000	1429.6843
22000000	83000000	977.34186
23000000	83000000	1533.1526
24000000	83000000	1885.9867
25000000	83000000	2125.8042
26000000	83000000	1826.2211
27000000	83000000	1119.1864
28000000	83000000	1998.499
29000000	83000000	2356.682
30000000	83000000	1352.154
31000000	83000000	1033.9641
32000000	83000000	1344.047
33000000	83000000	2171.391
34000000	83000000	2009.1469
35000000	83000000	1508.0487
36000000	83000000	3011.4873
37000000	83000000	2982.9543
38000000	83000000	2165.5283
39000000	83000000	977.66174
42000000	83000000	4334.1543
43000000	83000000	3319.9373
44000000	83000000	3382.8696
45000000	83000000	2706.0046
46000000	83000000	1159.4167
47000000	83000000	2106.1982
48000000	83000000	2190.2185
49000000	83000000	1313.1327
50000000	83000000	1965.9818
51000000	83000000	1425.1593
52000000	83000000	3945.8982
53000000	83000000	6374.384
54000000	83000000	6154.9756
55000000	83000000	6708.5063
56000000	83000000	7111.1055
57000000	83000000	7430.053
58000000	83000000	7181.1514
59000000	83000000	7708.3413
60000000	83000000	5505.514
61000000	83000000	5364.7266
62000000	83000000	6521.954
63000000	83000000	5184.556
64000000	83000000	3105.0964
65000000	83000000	5118.4927
66000000	83000000	10853.933
67000000	83000000	9205.614
68000000	83000000	11265.954
69000000	83000000	6153.3096
70000000	83000000	2247.1348
71000000	83000000	2815.7124
72000000	83000000	2220.6692
73000000	83000000	1688.8295
74000000	83000000	1829.3951
75000000	83000000	1662.879
76000000	83000000	2376.6082
77000000	83000000	11027.823
78000000	83000000	15590.04
79000000	83000000	7898.1655
80000000	83000000	9622.07
81000000	83000000	16734.719
82000000	83000000	115456.73
83000000	83000000	533587.5
0	84000000	1129.9858
1000000	84000000	1378.5143
2000000	84000000	1757.4211
3000000	84000000	1017.1498
4000000	84000000	1234.1687
5000000	84000000	1023.12585
6000000	84000000	940.87476
7000000	84000000	1174.9803
8000000	84000000	1638.2631
9000000	84000000	1830.2987
10000000	84000000	1873.7545
11000000	84000000	1087.6163
12000000	84000000	777.022
13000000	84000000	908.0826
14000000	84000000	987.53625
15000000	84000000	1512.8649
16000000	84000000	1620.0195
17000000	84000000	1271.0425
18000000	84000000	1591.6274
19000000	84000000	1927.616
20000000	84000000	1692.779
21000000	84000000	1407.0508
22000000	84000000	1169.1659
23000000	84000000	1521.5098
24000000	84000000	1768.4963
25000000	84000000	2061.4458
26000000	84000000	1866.9926
27000000	84000000	1408.797
28000000	84000000	1835.2826
29000000	84000000	1893.2491
30000000	84000000	1421.1396
31000000	84000000	1165.0754
32000000	84000000	1405.946
33000000	84000000	1903.633
34000000	84000000	1797.9567
35000000	84000000	1696.7814
36000000	84000000	2260.568
37000000	84000000	2005.9127
38000000	84000000	1716.6039
39000000	84000000	832.2176
42000000	84000000	2834.416
43000000	84000000	3093.1062
44000000	84000000	3199.6836
45000000	84000000	2787.1323
46000000	84000000	1403.758
47000000	84000000	2229.8499
48000000	84000000	2315.763
49000000	84000000	1651.8877
50000000	84000000	2338.553
51000000	84000000	1548.8335
52000000	84000000	4138.404
53000000	84000000	5966.0547
54000000	84000000	6058.4536
55000000	84000000	6116.915
56000000	84000000	6361.8677
57000000	84000000	6441.3613
58000000	84000000	6394.2246
59000000	84000000	7113.6323
60000000	84000000	5781.6943
61000000	84000000	5509.642
62000000	84000000	6205.3193
63000000	84000000	5454.897
64000000	84000000	3858.9749
65000000	84000000	5475.4316
66000000	84000000	9163.914
67000000	84000000	8294.534
68000000	84000000	9796.585
69000000	84000000	6375.9146
70000000	84000000	2585.1772
71000000	84000000	2806.9055
72000000	84000000	2278.1074
73000000	84000000	1804.1152
74000000	84000000	1843.991
75000000	84000000	1913.1163
76000000	84000000	2796.829
77000000	84000000	9437.153
78000000	84000000	12936.12
79000000	84000000	8142.121
80000000	84000000	8186.3555
81000000	84000000	13671.59
82000000	84000000	45962.535
83000000	84000000	137112.62
84000000	84000000	505921.38
0	85000000	1401.722
1000000	85000000	1574.1202
2000000	85000000	1396.6862
3000000	85000000	1177.9186
4000000	85000000	1185.0306
5000000	85000000	1289.2775
6000000	85000000	1149.0521
7000000	85000000	1412.1737
8000000	85000000	1443.4733
9000000	85000000	1340.066
10000000	85000000	1451.327
11000000	85000000	1529.3628
12000000	85000000	1099.7041
13000000	85000000	1258.4677
14000000	85000000	1251.7623
15000000	85000000	1618.5554
16000000	85000000	1533.7008
17000000	85000000	1414.7168
18000000	85000000	1487.4004
19000000	85000000	1315.029
20000000	85000000	1348.9185
21000000	85000000	1404.6095
22000000	85000000	1441.8402
23000000	85000000	1627.014
24000000	85000000	1687.183
25000000	85000000	1843.8119
26000000	85000000	2066.1174
27000000	85000000	1677.0388
28000000	85000000	1843.122
29000000	85000000	1745.5438
30000000	85000000	1667.9414
31000000	85000000	1611.099
32000000	85000000	1706.493
33000000	85000000	1764.147
34000000	85000000	1717.0352
35000000	85000000	2121.2559
36000000	85000000	1634.8848
37000000	85000000	1413.1874
38000000	85000000	1977.1517
39000000	85000000	569.194
42000000	85000000	2233.0085
43000000	85000000	3584.3462
44000000	85000000	3311.7292
45000000	85000000	3020.6885
46000000	85000000	1820.8376
47000000	85000000	2406.715
48000000	85000000	2500.6797
49000000	85000000	2491.3687
50000000	85000000	3102.362
51000000	85000000	2296.6665
52000000	85000000	4950.07
53000000	85000000	5186.809
54000000	85000000	5209.9272
55000000	85000000	4470.2134
56000000	85000000	5010.683
57000000	85000000	5283.5806
58000000	85000000	5583.781
59000000	85000000	5875.7285
60000000	85000000	6169.249
61000000	85000000	5566.8364
62000000	85000000	5918.293
63000000	85000000	6286.318
64000000	85000000	5181.144
65000000	85000000	6475.579
66000000	85000000	6851.0923
67000000	85000000	7360.408
68000000	85000000	7239.094
69000000	85000000	6880.5786
70000000	85000000	3645.6018
71000000	85000000	3323.297
72000000	85000000	2734.194
73000000	85000000	2282.662
74000000	85000000	2362.3096
75000000	85000000	2399.776
76000000	85000000	4172.83
77000000	85000000	8508.103
78000000	85000000	9910.148
79000000	85000000	8746.525
80000000	85000000	8475.368
81000000	85000000	14883.756
82000000	85000000	36564.88
83000000	85000000	47211.242
84000000	85000000	135517.92
85000000	85000000	514477.25
0	86000000	1561.6123
1000000	86000000	1784.9801
2000000	86000000	1822.7106
3000000	86000000	1242.5391
4000000	86000000	1369.7651
5000000	86000000	1333.4763
6000000	86000000	1129.3656
7000000	86000000	1391.225
8000000	86000000	1453.4467
9000000	86000000	1463.0913
10000000	86000000	1583.8701
11000000	86000000	1401.8525
12000000	86000000	1231.1453
13000000	86000000	1407.6578
14000000	86000000	1267.9108
15000000	86000000	1856.1122
16000000	86000000	1609.3726
17000000	86000000	1302.7317
18000000	86000000	1314.3625
19000000	86000000	1252.5543
20000000	86000000	1245.2902
21000000	86000000	1255.8876
22000000	86000000	1247.0001
23000000	86000000	1475.182
24000000	86000000	1655.1166
25000000	86000000	1860.8284
26000000	86000000	2006.3472
27000000	86000000	1576.4111
28000000	86000000	2018.642
29000000	86000000	2153.885
30000000	86000000	1835.6
31000000	86000000	1241.3206
32000000	86000000	1429.7588
33000000	86000000	1661.5297
34000000	86000000	1603.4288
35000000	86000000	1862.2504
36000000	86000000	1583.2554
37000000	86000000	1246.9252
38000000	86000000	1312.7096
39000000	86000000	483.2053
42000000	86000000	1874.1512
43000000	86000000	3298.7083
44000000	86000000	3658.4893
45000000	86000000	3636.4612
46000000	86000000	2295.671
47000000	86000000	3415.8801
48000000	86000000	3774.836
49000000	86000000	2668.3447
50000000	86000000	3859.671
51000000	86000000	2577.7256
52000000	86000000	5112.474
53000000	86000000	5916.044
54000000	86000000	5506.43
55000000	86000000	4826.3267
56000000	86000000	5340.104
57000000	86000000	5394.488
58000000	86000000	5314.8794
59000000	86000000	6160.7476
60000000	86000000	5470.466
61000000	86000000	5629.9473
62000000	86000000	6369.206
63000000	86000000	5617.334
64000000	86000000	4179.4976
65000000	86000000	5760.539
66000000	86000000	7021.484
67000000	86000000	6291.357
68000000	86000000	7828.21
69000000	86000000	6674.966
70000000	86000000	3446.628
71000000	86000000	4359.986
72000000	86000000	3354.7551
73000000	86000000	2564.0
74000000	86000000	2436.8618
75000000	86000000	2398.1904
76000000	86000000	3444.484
77000000	86000000	9928.292
78000000	86000000	11697.0205
79000000	86000000	9789.863
80000000	86000000	10651.233
81000000	86000000	13196.127
82000000	86000000	19811.88
83000000	86000000	24730.97
84000000	86000000	37433.34
85000000	86000000	94256.59
86000000	86000000	480863.16
0	87000000	1704.0519
1000000	87000000	1916.4773
2000000	87000000	2034.5957
3000000	87000000	1283.8054
4000000	87000000	1455.3221
5000000	87000000	1328.0166
6000000	87000000	1167.5161
7000000	87000000	1299.5441
8000000	87000000	1535.7981
9000000	87000000	1329.6395
10000000	87000000	1622.9744
11000000	87000000	1306.2333
12000000	87000000	1184.7054
13000000	87000000	1506.1019
14000000	87000000	1473.6404
15000000	87000000	1923.7119
16000000	87000000	1546.2874
17000000	87000000	1281.5242
18000000	87000000	1179.2905
19000000	87000000	1151.6227
20000000	87000000	1017.30884
21000000	87000000	1111.6066
22000000	87000000	986.96246
23000000	87000000	1387.5233
24000000	87000000	1520.9283
25000000	87000000	1735.571
26000000	87000000	1864.9021
27000000	87000000	1439.2931
28000000	87000000	2054.2683
29000000	87000000	2247.0017
30000000	87000000	1776.8689
31000000	87000000	1215.8057
32000000	87000000	1268.6517
33000000	87000000	1625.3059
34000000	87000000	1404.8807
35000000	87000000	1614.5098
36000000	87000000	1487.965
37000000	87000000	1109.1184
38000000	87000000	1097.7388
39000000	87000000	392.59833
42000000	87000000	1729.804
43000000	87000000	3063.8572
44000000	87000000	3499.989
45000000	87000000	3651.2336
46000000	87000000	2185.572
47000000	87000000	4018.9446
48000000	87000000	4771.2515
49000000	87000000	2666.9998
50000000	87000000	4337.7236
51000000	87000000	2704.132
52000000	87000000	4525.526
53000000	87000000	5472.4624
54000000	87000000	4718.2314
55000000	87000000	4366.2427
56000000	87000000	4635.5347
57000000	87000000	4484.2593
58000000	87000000	4630.9243
59000000	87000000	5412.3
60000000	87000000	4631.3433
61000000	87000000	4977.753
62000000	87000000	5749.3105
63000000	87000000	4663.2446
64000000	87000000	3492.2375
65000000	87000000	4797.1895
66000000	87000000	6062.24
67000000	87000000	4924.169
68000000	87000000	6937.38
69000000	87000000	5422.08
70000000	87000000	3022.3472
71000000	87000000	4984.172
72000000	87000000	4062.7744
73000000	87000000	2912.7715
74000000	87000000	2377.3223
75000000	87000000	2101.303
76000000	87000000	2795.042
77000000	87000000	9869.665
78000000	87000000	10893.748
79000000	87000000	9531.5625
80000000	87000000	11591.06
81000000	87000000	11167.47
82000000	87000000	12659.347
83000000	87000000	16288.49
84000000	87000000	19892.27
85000000	87000000	27367.674
86000000	87000000	119222.29
87000000	87000000	500850.7
0	88000000	1892.8601
1000000	88000000	1598.3201
2000000	88000000	933.55066
3000000	88000000	1305.972
4000000	88000000	972.58606
5000000	88000000	1579.3088
6000000	88000000	1725.9865
7000000	88000000	1607.9321
8000000	88000000	801.3447
9000000	88000000	563.5813
10000000	88000000	647.2338
11000000	88000000	1921.8279
12000000	88000000	2367.0488
13000000	88000000	2119.3647
14000000	88000000	2177.9211
15000000	88000000	1590.2871
16000000	88000000	1147.3867
17000000	88000000	1122.2908
18000000	88000000	1137.8717
19000000	88000000	425.04425
20000000	88000000	640.0442
21000000	88000000	1155.2363
22000000	88000000	1628.8782
23000000	88000000	1169.7299
24000000	88000000	1167.7731
25000000	88000000	1225.4512
26000000	88000000	1568.3079
27000000	88000000	2058.27
28000000	88000000	1424.9934
29000000	88000000	1338.3665
30000000	88000000	2012.2483
31000000	88000000	1993.3954
32000000	88000000	1960.5818
33000000	88000000	1142.0358
34000000	88000000	1264.0289
35000000	88000000	1938.8187
36000000	88000000	645.03534
37000000	88000000	499.91904
38000000	88000000	969.25165
39000000	88000000	254.99156
42000000	88000000	737.07526
43000000	88000000	2784.8035
44000000	88000000	2523.8474
45000000	88000000	3138.7546
46000000	88000000	3205.3503
47000000	88000000	2765.269
48000000	88000000	3111.1418
49000000	88000000	4493.356
50000000	88000000	4993.904
51000000	88000000	3529.5952
52000000	88000000	4419.1016
53000000	88000000	2528.376
54000000	88000000	2829.067
55000000	88000000	2018.92
56000000	88000000	2073.986
57000000	88000000	2196.4392
58000000	88000000	2529.225
59000000	88000000	2689.2917
60000000	88000000	4009.8843
61000000	88000000	3629.345
62000000	88000000	3349.5017
63000000	88000000	4317.129
64000000	88000000	5211.5146
65000000	88000000	5248.644
66000000	88000000	2450.0083
67000000	88000000	3168.7305
68000000	88000000	2822.2266
69000000	88000000	5857.1973
70000000	88000000	7723.7007
71000000	88000000	6222.326
72000000	88000000	5349.544
73000000	88000000	4745.0156
74000000	88000000	5065.183
75000000	88000000	6066.953
76000000	88000000	6817.0005
77000000	88000000	6251.609
78000000	88000000	5577.325
79000000	88000000	8996.142
80000000	88000000	9023.308
81000000	88000000	12223.973
82000000	88000000	10411.115
83000000	88000000	5517.115
84000000	88000000	8326.065
85000000	88000000	16900.758
86000000	88000000	40754.996
87000000	88000000	121047.23
88000000	88000000	586650.4
0	89000000	1211.053
1000000	89000000	1057.8201
2000000	89000000	601.574
3000000	89000000	965.25037
4000000	89000000	698.0782
5000000	89000000	1170.2352
6000000	89000000	1292.6097
7000000	89000000	1084.2726
8000000	89000000	545.68585
9000000	89000000	349.01465
10000000	89000000	400.92584
11000000	89000000	1391.4392
12000000	89000000	2200.2969
13000000	89000000	1838.708
14000000	89000000	1798.4966
15000000	89000000	975.8745
16000000	89000000	714.57587
17000000	89000000	833.233
18000000	89000000	831.9079
19000000	89000000	327.37256
20000000	89000000	507.6523
21000000	89000000	836.83875
22000000	89000000	1310.9386
23000000	89000000	843.271
24000000	89000000	802.8732
25000000	89000000	838.4017
26000000	89000000	1015.0215
27000000	89000000	1482.2244
28000000	89000000	815.2109
29000000	89000000	908.9264
30000000	89000000	1604.0383
31000000	89000000	1934.0176
32000000	89000000	1608.576
33000000	89000000	818.3278
34000000	89000000	1039.8829
35000000	89000000	1315.0089
36000000	89000000	432.98785
37000000	89000000	359.82278
38000000	89000000	562.3087
39000000	89000000	176.46342
42000000	89000000	477.70267
43000000	89000000	1315.4678
44000000	89000000	1376.1277
45000000	89000000	1885.8878
46000000	89000000	2196.6921
47000000	89000000	1489.2283
48000000	89000000	1567.949
49000000	89000000	3168.7485
50000000	89000000	3030.0776
51000000	89000000	1994.0701
52000000	89000000	2835.548
53000000	89000000	1292.7095
54000000	89000000	1758.188
55000000	89000000	1229.2709
56000000	89000000	1287.3612
57000000	89000000	1337.9276
58000000	89000000	1633.6821
59000000	89000000	1397.4749
60000000	89000000	2527.8315
61000000	89000000	2137.4465
62000000	89000000	1871.267
63000000	89000000	2950.108
64000000	89000000	3942.8489
65000000	89000000	3355.7415
66000000	89000000	1232.6378
67000000	89000000	1993.033
68000000	89000000	1470.5721
69000000	89000000	3221.0342
70000000	89000000	5796.6064
71000000	89000000	4252.9053
72000000	89000000	4095.348
73000000	89000000	4299.612
74000000	89000000	5489.497
75000000	89000000	5824.8213
76000000	89000000	5854.279
77000000	89000000	3216.4111
78000000	89000000	2907.7769
79000000	89000000	4501.3325
80000000	89000000	4050.4668
81000000	89000000	5652.152
82000000	89000000	4686.204
83000000	89000000	2615.325
84000000	89000000	3591.6836
85000000	89000000	5912.568
86000000	89000000	7535.6245
87000000	89000000	10159.675
88000000	89000000	49829.5
89000000	89000000	675612.8
0	90000000	1297.4597
1000000	90000000	1090.7319
2000000	90000000	646.1445
3000000	90000000	1003.4049
4000000	90000000	789.50726
5000000	90000000	1219.5752
6000000	90000000	1436.9464
7000000	90000000	1168.2236
8000000	90000000	577.94183
9000000	90000000	411.3697
10000000	90000000	476.99762
11000000	90000000	1475.3026
12000000	90000000	2300.4321
13000000	90000000	1992.5112
14000000	90000000	1918.547
15000000	90000000	1103.7655
16000000	90000000	826.59424
17000000	90000000	865.95935
18000000	90000000	905.7898
19000000	90000000	311.9419
20000000	90000000	503.312
21000000	90000000	846.2613
22000000	90000000	1317.7703
23000000	90000000	906.0024
24000000	90000000	823.25665
25000000	90000000	914.8259
26000000	90000000	1126.9208
27000000	90000000	1496.9366
28000000	90000000	872.63525
29000000	90000000	937.16785
30000000	90000000	1637.6912
31000000	90000000	2036.1941
32000000	90000000	1658.3232
33000000	90000000	874.29736
34000000	90000000	1143.4907
35000000	90000000	1373.9939
36000000	90000000	420.3378
37000000	90000000	314.52176
38000000	90000000	671.1029
39000000	90000000	86.491936
42000000	90000000	450.5685
43000000	90000000	1382.5048
44000000	90000000	1483.2458
45000000	90000000	1985.1005
46000000	90000000	2103.3787
47000000	90000000	1650.5615
48000000	90000000	1667.1913
49000000	90000000	3174.9333
50000000	90000000	3240.1904
51000000	90000000	2217.734
52000000	90000000	2946.0974
53000000	90000000	1475.1227
54000000	90000000	1828.9427
55000000	90000000	1428.813
56000000	90000000	1462.6764
57000000	90000000	1580.3322
58000000	90000000	1855.1196
59000000	90000000	1653.5297
60000000	90000000	2656.7925
61000000	90000000	2359.5251
62000000	90000000	2059.914
63000000	90000000	3130.098
64000000	90000000	3946.826
65000000	90000000	3430.7043
66000000	90000000	1571.534
67000000	90000000	2187.3655
68000000	90000000	1670.4949
69000000	90000000	3333.7498
70000000	90000000	5452.6943
71000000	90000000	4206.625
72000000	90000000	4107.3394
73000000	90000000	4030.1316
74000000	90000000	5259.6597
75000000	90000000	5306.253
76000000	90000000	5841.6006
77000000	90000000	3403.1033
78000000	90000000	3033.8938
79000000	90000000	4477.8564
80000000	90000000	4086.0469
81000000	90000000	5406.035
82000000	90000000	4717.0845
83000000	90000000	2598.0276
84000000	90000000	3720.683
85000000	90000000	5652.795
86000000	90000000	6792.8047
87000000	90000000	8335.928
88000000	90000000	27056.865
89000000	90000000	242248.83
90000000	90000000	586710.25
0	91000000	1435.3125
1000000	91000000	1234.0542
2000000	91000000	863.9755
3000000	91000000	1133.0854
4000000	91000000	969.1663
5000000	91000000	1404.2438
6000000	91000000	1389.911
7000000	91000000	1288.1434
8000000	91000000	789.01605
9000000	91000000	610.231
10000000	91000000	704.7548
11000000	91000000	1469.2042
12000000	91000000	1910.3152
13000000	91000000	1907.7104
14000000	91000000	1863.4609
15000000	91000000	1254.5154
16000000	91000000	1033.4834
17000000	91000000	971.6206
18000000	91000000	1056.8535
19000000	91000000	533.3509
20000000	91000000	794.413
21000000	91000000	1013.9308
22000000	91000000	1371.9252
23000000	91000000	1010.0718
24000000	91000000	1058.5394
25000000	91000000	1197.1993
26000000	91000000	1372.723
27000000	91000000	1580.0824
28000000	91000000	1244.0167
29000000	91000000	1273.3954
30000000	91000000	1806.6976
31000000	91000000	1903.9943
32000000	91000000	1703.3698
33000000	91000000	1143.5107
34000000	91000000	1246.7354
35000000	91000000	1552.7103
36000000	91000000	770.62396
37000000	91000000	563.51196
38000000	91000000	897.13873
39000000	91000000	266.48807
42000000	91000000	815.5043
43000000	91000000	1882.6151
44000000	91000000	1904.5941
45000000	91000000	2190.008
46000000	91000000	2094.2764
47000000	91000000	1834.7695
48000000	91000000	1776.6921
49000000	91000000	3064.6763
50000000	91000000	3140.8157
51000000	91000000	2159.3503
52000000	91000000	3373.8933
53000000	91000000	2235.126
54000000	91000000	2789.88
55000000	91000000	2144.9736
56000000	91000000	2132.8308
57000000	91000000	2266.622
58000000	91000000	2636.3816
59000000	91000000	2484.1953
60000000	91000000	3459.1052
61000000	91000000	3121.9556
62000000	91000000	2831.6772
63000000	91000000	3698.831
64000000	91000000	3926.274
65000000	91000000	3697.6396
66000000	91000000	2498.0518
67000000	91000000	3454.2908
68000000	91000000	2718.8625
69000000	91000000	3864.92
70000000	91000000	4446.0938
71000000	91000000	3948.297
72000000	91000000	3667.2278
73000000	91000000	3533.4631
74000000	91000000	4046.629
75000000	91000000	4093.8157
76000000	91000000	4640.828
77000000	91000000	4423.2393
78000000	91000000	3949.6794
79000000	91000000	4628.1987
80000000	91000000	3955.814
81000000	91000000	5223.877
82000000	91000000	5860.3384
83000000	91000000	4168.3125
84000000	91000000	5405.1777
85000000	91000000	7474.746
86000000	91000000	8624.809
87000000	91000000	10052.871
88000000	91000000	17679.37
89000000	91000000	30101.643
90000000	91000000	108285.5
91000000	91000000	581222.2
0	92000000	1450.3654
1000000	92000000	1335.7793
2000000	92000000	1205.2925
3000000	92000000	1149.7089
4000000	92000000	1101.5181
5000000	92000000	1255.3811
6000000	92000000	1163.3378
7000000	92000000	1114.7307
8000000	92000000	940.4463
9000000	92000000	801.91394
10000000	92000000	913.205
11000000	92000000	1265.9102
12000000	92000000	1632.0608
13000000	92000000	1734.0662
14000000	92000000	1594.2681
15000000	92000000	1341.8342
16000000	92000000	1169.6494
17000000	92000000	972.5082
18000000	92000000	1030.0797
19000000	92000000	722.4561
20000000	92000000	867.6873
21000000	92000000	956.8828
22000000	92000000	1143.0653
23000000	92000000	1052.8278
24000000	92000000	1082.8978
25000000	92000000	1193.3773
26000000	92000000	1350.7828
27000000	92000000	1341.9985
28000000	92000000	1349.813
29000000	92000000	1454.7528
30000000	92000000	1682.8965
31000000	92000000	1619.704
32000000	92000000	1440.7767
33000000	92000000	1267.9069
34000000	92000000	1163.0214
35000000	92000000	1361.0674
36000000	92000000	916.6981
37000000	92000000	766.18335
38000000	92000000	985.9249
39000000	92000000	296.57843
42000000	92000000	1010.7648
43000000	92000000	1963.7772
44000000	92000000	2163.8865
45000000	92000000	2272.2285
46000000	92000000	1709.3525
47000000	92000000	2306.506
48000000	92000000	2365.1997
49000000	92000000	2608.781
50000000	92000000	3004.365
51000000	92000000	2083.7546
52000000	92000000	3000.504
53000000	92000000	2850.9734
54000000	92000000	3032.99
55000000	92000000	2645.9756
56000000	92000000	2683.9578
57000000	92000000	2851.2488
58000000	92000000	3067.6704
59000000	92000000	2898.3745
60000000	92000000	3268.2292
61000000	92000000	3193.6006
62000000	92000000	3204.172
63000000	92000000	3387.926
64000000	92000000	3111.967
65000000	92000000	3325.7097
66000000	92000000	3284.447
67000000	92000000	3341.1008
68000000	92000000	3488.787
69000000	92000000	3709.5771
70000000	92000000	3441.9827
71000000	92000000	4131.14
72000000	92000000	3529.737
73000000	92000000	3115.7231
74000000	92000000	3393.421
75000000	92000000	3048.0095
76000000	92000000	3408.5896
77000000	92000000	4857.9814
78000000	92000000	4968.6196
79000000	92000000	4628.353
80000000	92000000	4367.779
81000000	92000000	4910.131
82000000	92000000	5461.0
83000000	92000000	5486.882
84000000	92000000	6456.277
85000000	92000000	7532.0557
86000000	92000000	9637.684
87000000	92000000	11451.375
88000000	92000000	12064.656
89000000	92000000	13883.103
90000000	92000000	25618.61
91000000	92000000	162543.7
92000000	92000000	552268.0
0	93000000	1459.4581
1000000	93000000	1255.384
2000000	93000000	878.6352
3000000	93000000	1040.092
4000000	93000000	870.6668
5000000	93000000	1273.5917
6000000	93000000	1292.8134
7000000	93000000	1123.3413
8000000	93000000	718.0987
9000000	93000000	601.51917
10000000	93000000	645.76794
11000000	93000000	1291.8597
12000000	93000000	1989.6506
13000000	93000000	1802.6044
14000000	93000000	1690.1874
15000000	93000000	1252.1093
16000000	93000000	959.0789
17000000	93000000	848.3608
18000000	93000000	921.2723
19000000	93000000	471.1463
20000000	93000000	617.2897
21000000	93000000	892.15497
22000000	93000000	1162.7205
23000000	93000000	897.9332
24000000	93000000	915.83636
25000000	93000000	1026.3247
26000000	93000000	1164.9403
27000000	93000000	1606.5312
28000000	93000000	1065.0272
29000000	93000000	1166.0919
30000000	93000000	1667.0372
31000000	93000000	1523.7539
32000000	93000000	1551.1935
33000000	93000000	1004.4443
34000000	93000000	1013.04956
35000000	93000000	1348.7854
36000000	93000000	621.6073
37000000	93000000	522.9866
38000000	93000000	695.2525
39000000	93000000	121.88826
42000000	93000000	662.2409
43000000	93000000	1756.4069
44000000	93000000	1779.203
45000000	93000000	2186.1716
46000000	93000000	1926.8635
47000000	93000000	2032.3242
48000000	93000000	2035.6313
49000000	93000000	3003.689
50000000	93000000	3313.4539
51000000	93000000	2244.8918
52000000	93000000	2861.3806
53000000	93000000	1940.8411
54000000	93000000	2142.2913
55000000	93000000	1765.3191
56000000	93000000	1810.5736
57000000	93000000	2014.0496
58000000	93000000	2158.3157
59000000	93000000	2047.7281
60000000	93000000	2702.3066
61000000	93000000	2605.2803
62000000	93000000	2508.0
63000000	93000000	2911.6433
64000000	93000000	3165.9053
65000000	93000000	3196.7095
66000000	93000000	2130.5737
67000000	93000000	2487.1243
68000000	93000000	2523.0435
69000000	93000000	3772.9937
70000000	93000000	5404.3926
71000000	93000000	4608.491
72000000	93000000	3893.3423
73000000	93000000	3571.9749
74000000	93000000	4577.7188
75000000	93000000	4315.996
76000000	93000000	4038.7622
77000000	93000000	3956.4802
78000000	93000000	3858.028
79000000	93000000	4550.3926
80000000	93000000	4297.9097
81000000	93000000	4917.914
82000000	93000000	4755.528
83000000	93000000	3512.196
84000000	93000000	4220.2246
85000000	93000000	5608.4146
86000000	93000000	6811.975
87000000	93000000	7818.337
88000000	93000000	12134.524
89000000	93000000	12884.121
90000000	93000000	19615.602
91000000	93000000	45749.914
92000000	93000000	147144.45
93000000	93000000	543884.9
0	94000000	1648.5304
1000000	94000000	1306.5968
2000000	94000000	828.12
3000000	94000000	1123.9102
4000000	94000000	898.82855
5000000	94000000	1372.353
6000000	94000000	1458.9614
7000000	94000000	1253.929
8000000	94000000	658.87805
9000000	94000000	454.3009
10000000	94000000	550.1346
11000000	94000000	1511.2228
12000000	94000000	2370.5605
13000000	94000000	2150.1719
14000000	94000000	2086.3997
15000000	94000000	1197.7089
16000000	94000000	902.77277
17000000	94000000	948.53986
18000000	94000000	842.6707
19000000	94000000	354.9295
20000000	94000000	526.73517
21000000	94000000	919.1738
22000000	94000000	1268.5408
23000000	94000000	877.268
24000000	94000000	868.7425
25000000	94000000	937.609
26000000	94000000	1118.3267
27000000	94000000	1687.5188
28000000	94000000	1077.5153
29000000	94000000	1048.0502
30000000	94000000	1792.9178
31000000	94000000	1715.3528
32000000	94000000	1668.3838
33000000	94000000	904.2044
34000000	94000000	1075.3253
35000000	94000000	1412.4634
36000000	94000000	507.24677
37000000	94000000	395.48358
38000000	94000000	621.03687
39000000	94000000	264.90106
42000000	94000000	541.76514
43000000	94000000	1663.6248
44000000	94000000	1725.1914
45000000	94000000	2193.634
46000000	94000000	2232.2073
47000000	94000000	2106.3406
48000000	94000000	2121.2114
49000000	94000000	3536.073
50000000	94000000	3879.1235
51000000	94000000	2546.4443
52000000	94000000	2976.838
53000000	94000000	1638.4813
54000000	94000000	1928.1445
55000000	94000000	1395.3182
56000000	94000000	1379.7511
57000000	94000000	1424.6161
58000000	94000000	1650.5089
59000000	94000000	1625.9153
60000000	94000000	2410.971
61000000	94000000	2294.1948
62000000	94000000	2217.5725
63000000	94000000	2889.1812
64000000	94000000	3516.7185
65000000	94000000	3240.3372
66000000	94000000	1650.9833
67000000	94000000	2073.5127
68000000	94000000	1896.9778
69000000	94000000	3682.7644
70000000	94000000	6531.3325
71000000	94000000	4877.93
72000000	94000000	4436.187
73000000	94000000	4239.583
74000000	94000000	5290.044
75000000	94000000	5321.6265
76000000	94000000	5023.5034
77000000	94000000	3883.0925
78000000	94000000	3583.5679
79000000	94000000	5058.4175
80000000	94000000	4533.8276
81000000	94000000	5547.577
82000000	94000000	4157.68
83000000	94000000	2586.1877
84000000	94000000	3205.1223
85000000	94000000	4596.16
86000000	94000000	5467.1284
87000000	94000000	5944.175
88000000	94000000	12250.313
89000000	94000000	12476.664
90000000	94000000	15929.804
91000000	94000000	21685.434
92000000	94000000	29839.36
93000000	94000000	169331.92
94000000	94000000	546593.0
0	95000000	1842.2173
1000000	95000000	1653.627
2000000	95000000	1421.6107
3000000	95000000	1162.1053
4000000	95000000	1283.5891
5000000	95000000	1259.2828
6000000	95000000	1283.9513
7000000	95000000	1214.0066
8000000	95000000	1016.521
9000000	95000000	759.2499
10000000	95000000	998.45105
11000000	95000000	1250.6312
12000000	95000000	1775.3309
13000000	95000000	2055.084
14000000	95000000	1835.3723
15000000	95000000	1653.8074
16000000	95000000	1143.3436
17000000	95000000	1017.9426
18000000	95000000	922.51263
19000000	95000000	625.7558
20000000	95000000	690.39526
21000000	95000000	929.66284
22000000	95000000	1050.0411
23000000	95000000	1113.4823
24000000	95000000	1017.2999
25000000	95000000	1090.6471
26000000	95000000	1338.8761
27000000	95000000	1408.7389
28000000	95000000	1531.5009
29000000	95000000	1603.3314
30000000	95000000	1808.6407
31000000	95000000	1406.3615
32000000	95000000	1451.8234
33000000	95000000	1212.127
34000000	95000000	1143.1294
35000000	95000000	1378.5621
36000000	95000000	820.4233
37000000	95000000	643.2547
38000000	95000000	764.98553
39000000	95000000	323.74142
42000000	95000000	968.385
43000000	95000000	2198.6091
44000000	95000000	2469.02
45000000	95000000	2949.1047
46000000	95000000	2222.4724
47000000	95000000	3411.9443
48000000	95000000	3712.7283
49000000	95000000	3158.651
50000000	95000000	4110.965
51000000	95000000	2719.6438
52000000	95000000	3203.9207
53000000	95000000	2900.9146
54000000	95000000	2753.6755
55000000	95000000	2238.3945
56000000	95000000	2356.0154
57000000	95000000	2449.613
58000000	95000000	2586.6863
59000000	95000000	2822.3574
60000000	95000000	2913.9512
61000000	95000000	3050.0007
62000000	95000000	3218.4966
63000000	95000000	3018.707
64000000	95000000	2803.689
65000000	95000000	3169.252
66000000	95000000	2850.2988
67000000	95000000	2731.4417
68000000	95000000	3371.0967
69000000	95000000	3819.907
70000000	95000000	3945.18
71000000	95000000	5885.1953
72000000	95000000	4868.3364
73000000	95000000	3898.9194
74000000	95000000	3570.9368
75000000	95000000	3114.6138
76000000	95000000	3253.434
77000000	95000000	5920.0337
78000000	95000000	5671.7773
79000000	95000000	6121.0728
80000000	95000000	6596.679
81000000	95000000	6230.337
82000000	95000000	5261.9595
83000000	95000000	4638.7144
84000000	95000000	5157.014
85000000	95000000	5958.8477
86000000	95000000	8384.801
87000000	95000000	10107.23
88000000	95000000	9718.171
89000000	95000000	7014.4004
90000000	95000000	8664.37
91000000	95000000	13851.672
92000000	95000000	19366.344
93000000	95000000	29417.197
94000000	95000000	135390.34
95000000	95000000	529582.0
0	96000000	1719.1758
1000000	96000000	1390.6748
2000000	96000000	1272.9485
3000000	96000000	1240.4728
4000000	96000000	1183.1962
5000000	96000000	1280.5656
6000000	96000000	1170.1913
7000000	96000000	1141.1772
8000000	96000000	1035.1846
9000000	96000000	915.6606
10000000	96000000	1013.47424
11000000	96000000	1186.931
12000000	96000000	1451.9456
13000000	96000000	1704.3075
14000000	96000000	1555.1857
15000000	96000000	1449.5035
16000000	96000000	1240.9465
17000000	96000000	1117.3073
18000000	96000000	1041.5012
19000000	96000000	922.9614
20000000	96000000	879.5298
21000000	96000000	1029.8376
22000000	96000000	1078.544
23000000	96000000	1075.8688
24000000	96000000	1151.8353
25000000	96000000	1331.8104
26000000	96000000	1441.2775
27000000	96000000	1570.3109
28000000	96000000	1665.729
29000000	96000000	1710.55
30000000	96000000	1825.8813
31000000	96000000	1361.1322
32000000	96000000	1565.1472
33000000	96000000	1388.306
34000000	96000000	1280.7903
35000000	96000000	1453.0366
36000000	96000000	1173.8671
37000000	96000000	914.56244
38000000	96000000	1201.3656
39000000	96000000	358.0498
42000000	96000000	1412.3431
43000000	96000000	2553.489
44000000	96000000	2636.2512
45000000	96000000	2798.9587
46000000	96000000	2109.4436
47000000	96000000	2560.444
48000000	96000000	2745.02
49000000	96000000	2604.2258
50000000	96000000	3155.0688
51000000	96000000	2355.152
52000000	96000000	3227.802
53000000	96000000	3253.049
54000000	96000000	3307.7085
55000000	96000000	2946.2886
56000000	96000000	3104.7925
57000000	96000000	3260.7952
58000000	96000000	3402.9805
59000000	96000000	3447.7666
60000000	96000000	3718.4062
61000000	96000000	3445.1914
62000000	96000000	3553.544
63000000	96000000	3426.3818
64000000	96000000	2937.8032
65000000	96000000	3341.5415
66000000	96000000	3566.7136
67000000	96000000	3678.1094
68000000	96000000	3986.3887
69000000	96000000	4354.619
70000000	96000000	4008.1055
71000000	96000000	4776.1626
72000000	96000000	3997.4065
73000000	96000000	3225.7637
74000000	96000000	3417.9424
75000000	96000000	2940.7725
76000000	96000000	3300.4106
77000000	96000000	5590.1416
78000000	96000000	5474.9517
79000000	96000000	5078.1655
80000000	96000000	5095.594
81000000	96000000	5507.645
82000000	96000000	6066.9805
83000000	96000000	5686.335
84000000	96000000	6411.1655
85000000	96000000	7073.256
86000000	96000000	8486.6045
87000000	96000000	8878.072
88000000	96000000	7954.474
89000000	96000000	5614.2393
90000000	96000000	6828.082
91000000	96000000	11562.705
92000000	96000000	14854.232
93000000	96000000	17669.334
94000000	96000000	27787.592
95000000	96000000	119692.58
96000000	96000000	541795.3
0	97000000	1333.3533
1000000	97000000	1143.5825
2000000	97000000	730.69574
3000000	97000000	1130.3754
4000000	97000000	824.02106
5000000	97000000	1301.8632
6000000	97000000	1247.8507
7000000	97000000	1100.8822
8000000	97000000	632.1905
9000000	97000000	478.30325
10000000	97000000	462.0188
11000000	97000000	1282.9679
12000000	97000000	1756.0913
13000000	97000000	1731.9413
14000000	97000000	1687.4222
15000000	97000000	1203.3812
16000000	97000000	903.33417
17000000	97000000	990.15314
18000000	97000000	976.82635
19000000	97000000	390.98532
20000000	97000000	572.94617
21000000	97000000	880.1423
22000000	97000000	1144.162
23000000	97000000	851.1063
24000000	97000000	969.3513
25000000	97000000	990.37714
26000000	97000000	1191.0408
27000000	97000000	1619.3156
28000000	97000000	1167.4501
29000000	97000000	1045.6586
30000000	97000000	1700.5839
31000000	97000000	1472.7987
32000000	97000000	1472.9246
33000000	97000000	884.7975
34000000	97000000	962.05853
35000000	97000000	1387.3108
36000000	97000000	500.3267
37000000	97000000	372.12216
38000000	97000000	713.9017
39000000	97000000	144.4918
42000000	97000000	506.5867
43000000	97000000	1842.9066
44000000	97000000	1920.249
45000000	97000000	2427.52
46000000	97000000	2315.1128
47000000	97000000	2110.1428
48000000	97000000	2127.4846
49000000	97000000	3353.3389
50000000	97000000	3172.2693
51000000	97000000	2454.0125
52000000	97000000	3326.3655
53000000	97000000	2175.7986
54000000	97000000	2589.9512
55000000	97000000	1812.292
56000000	97000000	1885.7087
57000000	97000000	1964.1788
58000000	97000000	2288.3955
59000000	97000000	2196.986
60000000	97000000	3381.6292
61000000	97000000	2932.9062
62000000	97000000	2783.2153
63000000	97000000	3414.9114
64000000	97000000	3685.5376
65000000	97000000	3350.7212
66000000	97000000	1814.1091
67000000	97000000	2436.9905
68000000	97000000	2168.9443
69000000	97000000	4067.1082
70000000	97000000	5886.383
71000000	97000000	4793.688
72000000	97000000	4600.4697
73000000	97000000	4420.1035
74000000	97000000	4538.82
75000000	97000000	4641.5444
76000000	97000000	4256.5845
77000000	97000000	3598.701
78000000	97000000	3411.6648
79000000	97000000	4909.288
80000000	97000000	4591.8047
81000000	97000000	5658.9346
82000000	97000000	5113.578
83000000	97000000	2747.469
84000000	97000000	3751.1924
85000000	97000000	5226.247
86000000	97000000	5435.803
87000000	97000000	5317.1113
88000000	97000000	8786.483
89000000	97000000	7128.6543
90000000	97000000	8527.539
91000000	97000000	10027.657
92000000	97000000	9879.537
93000000	97000000	12656.115
94000000	97000000	20571.28
95000000	97000000	32191.283
96000000	97000000	121559.91
97000000	97000000	594155.0
0	98000000	1395.7754
1000000	98000000	1130.8773
2000000	98000000	677.18494
3000000	98000000	1058.6768
4000000	98000000	796.1804
5000000	98000000	1311.673
6000000	98000000	1372.488
7000000	98000000	977.1537
8000000	98000000	506.72794
9000000	98000000	317.6256
10000000	98000000	377.03036
11000000	98000000	1303.2672
12000000	98000000	2220.572
13000000	98000000	1956.3175
14000000	98000000	1818.905
15000000	98000000	1139.7683
16000000	98000000	699.1068
17000000	98000000	782.2951
18000000	98000000	767.86066
19000000	98000000	293.07916
20000000	98000000	450.0702
21000000	98000000	773.2774
22000000	98000000	1025.9784
23000000	98000000	733.9829
24000000	98000000	778.26117
25000000	98000000	795.11523
26000000	98000000	980.0279
27000000	98000000	1581.2183
28000000	98000000	872.10315
29000000	98000000	886.7668
30000000	98000000	1604.8264
31000000	98000000	1587.7623
32000000	98000000	1440.905
33000000	98000000	712.13293
34000000	98000000	890.48486
35000000	98000000	1207.283
36000000	98000000	387.0418
37000000	98000000	263.0084
38000000	98000000	549.77747
39000000	98000000	144.41306
42000000	98000000	448.99243
43000000	98000000	1498.705
44000000	98000000	1568.2168
45000000	98000000	2075.3499
46000000	98000000	2260.9863
47000000	98000000	2056.4995
48000000	98000000	2029.8763
49000000	98000000	3492.9924
50000000	98000000	3484.8926
51000000	98000000	2359.6946
52000000	98000000	2638.7341
53000000	98000000	1249.9825
54000000	98000000	1461.969
55000000	98000000	997.8376
56000000	98000000	966.5031
57000000	98000000	1007.18066
58000000	98000000	1217.7
59000000	98000000	1178.2023
60000000	98000000	2130.0747
61000000	98000000	1976.9874
62000000	98000000	1825.7914
63000000	98000000	2387.8374
64000000	98000000	3275.0486
65000000	98000000	2724.8289
66000000	98000000	1019.322
67000000	98000000	1410.5625
68000000	98000000	1199.9725
69000000	98000000	3234.3354
70000000	98000000	7099.051
71000000	98000000	6095.2324
72000000	98000000	6091.976
73000000	98000000	5874.5728
74000000	98000000	6186.1426
75000000	98000000	6522.602
76000000	98000000	4962.678
77000000	98000000	2927.7068
78000000	98000000	2608.3306
79000000	98000000	4583.107
80000000	98000000	4681.5396
81000000	98000000	5041.2036
82000000	98000000	3424.5618
83000000	98000000	1634.1125
84000000	98000000	2124.1099
85000000	98000000	3148.417
86000000	98000000	3427.0
87000000	98000000	3581.6028
88000000	98000000	8230.742
89000000	98000000	7706.421
90000000	98000000	8572.05
91000000	98000000	8010.729
92000000	98000000	7166.5654
93000000	98000000	10617.147
94000000	98000000	16612.906
95000000	98000000	17494.639
96000000	98000000	23774.707
97000000	98000000	122124.766
98000000	98000000	656822.0
0	99000000	2094.1204
1000000	99000000	1578.9227
2000000	99000000	1083.1007
3000000	99000000	1187.6853
4000000	99000000	987.9546
5000000	99000000	1374.3741
6000000	99000000	1414.0021
7000000	99000000	1128.6278
8000000	99000000	719.6815
9000000	99000000	512.8777
10000000	99000000	632.58124
11000000	99000000	1374.5225
12000000	99000000	2090.0356
13000000	99000000	2125.187
14000000	99000000	1876.5621
15000000	99000000	1329.9083
16000000	99000000	879.8776
17000000	99000000	888.7375
18000000	99000000	806.46967
19000000	99000000	418.7985
20000000	99000000	454.68848
21000000	99000000	863.01587
22000000	99000000	1024.3031
23000000	99000000	872.54944
24000000	99000000	889.5644
25000000	99000000	870.35034
26000000	99000000	1094.2529
27000000	99000000	1579.8116
28000000	99000000	1233.5935
29000000	99000000	1284.2993
30000000	99000000	1673.3654
31000000	99000000	1414.7699
32000000	99000000	1445.3687
33000000	99000000	944.4905
34000000	99000000	1000.1156
35000000	99000000	1367.1302
36000000	99000000	615.51855
37000000	99000000	488.5058
38000000	99000000	756.7678
39000000	99000000	144.2846
42000000	99000000	779.4702
43000000	99000000	2095.7068
44000000	99000000	2084.0251
45000000	99000000	2519.8418
46000000	99000000	2397.114
47000000	99000000	2790.464
48000000	99000000	2976.8757
49000000	99000000	3598.4763
50000000	99000000	4158.6616
51000000	99000000	2982.7727
52000000	99000000	2588.6653
53000000	99000000	1653.6263
54000000	99000000	1554.3129
55000000	99000000	1157.7123
56000000	99000000	1208.2318
57000000	99000000	1295.666
58000000	99000000	1351.1682
59000000	99000000	1526.6055
60000000	99000000	2039.7164
61000000	99000000	2151.423
62000000	99000000	2062.7122
63000000	99000000	2303.8667
64000000	99000000	2665.358
65000000	99000000	2642.9075
66000000	99000000	1463.484
67000000	99000000	1682.1448
68000000	99000000	1695.3777
69000000	99000000	3374.5908
70000000	99000000	5912.841
71000000	99000000	7138.6646
72000000	99000000	6493.963
73000000	99000000	5465.7803
74000000	99000000	4990.839
75000000	99000000	5696.2773
76000000	99000000	4283.7524
77000000	99000000	4566.7417
78000000	99000000	3975.5378
79000000	99000000	5904.923
80000000	99000000	6785.352
81000000	99000000	6087.7573
82000000	99000000	4043.8245
83000000	99000000	2434.6475
84000000	99000000	2807.7163
85000000	99000000	3694.9158
86000000	99000000	4682.6694
87000000	99000000	5542.8613
88000000	99000000	8247.3545
89000000	99000000	5391.845
90000000	99000000	5852.741
91000000	99000000	6285.8115
92000000	99000000	6626.9937
93000000	99000000	8749.425
94000000	99000000	11875.775
95000000	99000000	15153.194
96000000	99000000	18365.56
97000000	99000000	29924.01
98000000	99000000	99141.86
99000000	99000000	553855.1
0	100000000	1906.1182
1000000	100000000	1750.8082
2000000	100000000	1880.4034
3000000	100000000	1302.8843
4000000	100000000	1507.0161
5000000	100000000	1324.4534
6000000	100000000	1152.3685
7000000	100000000	1094.8579
8000000	100000000	1142.571
9000000	100000000	1084.1929
10000000	100000000	1186.3235
11000000	100000000	1080.8134
12000000	100000000	1309.0881
13000000	100000000	1678.1536
14000000	100000000	1536.5281
15000000	100000000	1645.5469
16000000	100000000	1284.1322
17000000	100000000	1041.7303
18000000	100000000	904.6702
19000000	100000000	863.722
20000000	100000000	919.3855
21000000	100000000	974.3642
22000000	100000000	916.8651
23000000	100000000	1110.5844
24000000	100000000	1236.5743
25000000	100000000	1294.4657
26000000	100000000	1451.8204
27000000	100000000	1259.6654
28000000	100000000	1789.3252
29000000	100000000	2000.2184
30000000	100000000	1668.485
31000000	100000000	1110.337
32000000	100000000	1184.6204
33000000	100000000	1296.088
34000000	100000000	1199.4978
35000000	100000000	1270.366
36000000	100000000	1120.033
37000000	100000000	953.2803
38000000	100000000	955.64404
39000000	100000000	283.33
42000000	100000000	1176.801
43000000	100000000	2416.577
44000000	100000000	2742.305
45000000	100000000	2801.757
46000000	100000000	1941.9857
47000000	100000000	3224.8667
48000000	100000000	3460.603
49000000	100000000	2357.1555
50000000	100000000	3376.7332
51000000	100000000	2252.714
52000000	100000000	2800.5342
53000000	100000000	3074.055
54000000	100000000	2753.4087
55000000	100000000	2409.3071
56000000	100000000	2631.1667
57000000	100000000	2692.035
58000000	100000000	2794.7678
59000000	100000000	3055.4487
60000000	100000000	2724.6907
61000000	100000000	2838.054
62000000	100000000	3292.1467
63000000	100000000	2692.6304
64000000	100000000	2127.2126
65000000	100000000	2674.4385
66000000	100000000	3253.366
67000000	100000000	2863.9167
68000000	100000000	3662.8093
69000000	100000000	3430.1858
70000000	100000000	2674.1846
71000000	100000000	5000.627
72000000	100000000	4467.839
73000000	100000000	3286.9578
74000000	100000000	2703.8992
75000000	100000000	2261.8704
76000000	100000000	2280.1304
77000000	100000000	6190.592
78000000	100000000	6333.2812
79000000	100000000	5278.471
80000000	100000000	5927.888
81000000	100000000	4933.557
82000000	100000000	4845.279
83000000	100000000	5490.628
84000000	100000000	5416.5874
85000000	100000000	5340.373
86000000	100000000	7083.4634
87000000	100000000	8069.455
88000000	100000000	5241.754
89000000	100000000	3208.3445
90000000	100000000	3651.7363
91000000	100000000	5682.377
92000000	100000000	7539.4233
93000000	100000000	6974.8086
94000000	100000000	7692.5654
95000000	100000000	14863.6045
96000000	100000000	18684.135
97000000	100000000	14335.529
98000000	100000000	17151.738
99000000	100000000	112197.33
100000000	100000000	579030.0
0	101000000	2002.248
1000000	101000000	1701.9761
2000000	101000000	1013.26245
3000000	101000000	1279.7574
4000000	101000000	1093.3363
5000000	101000000	1476.4951
6000000	101000000	1448.3746
7000000	101000000	1312.3915
8000000	101000000	754.78815
9000000	101000000	597.15906
10000000	101000000	713.966
11000000	101000000	1479.4083
12000000	101000000	2256.166
13000000	101000000	2145.927
14000000	101000000	1841.7178
15000000	101000000	1364.3607
16000000	101000000	989.9098
17000000	101000000	986.6924
18000000	101000000	920.2678
19000000	101000000	488.8649
20000000	101000000	543.668
21000000	101000000	947.2651
22000000	101000000	1231.952
23000000	101000000	984.04584
24000000	101000000	949.30176
25000000	101000000	1011.65247
26000000	101000000	1245.6913
27000000	101000000	1691.413
28000000	101000000	1275.6881
29000000	101000000	1246.1836
30000000	101000000	1769.7648
31000000	101000000	1532.5503
32000000	101000000	1567.0328
33000000	101000000	990.0848
34000000	101000000	1073.5645
35000000	101000000	1420.191
36000000	101000000	606.8616
37000000	101000000	489.8915
38000000	101000000	723.2557
39000000	101000000	144.27312
42000000	101000000	777.6951
43000000	101000000	2036.1832
44000000	101000000	2009.6534
45000000	101000000	2493.536
46000000	101000000	2338.4844
47000000	101000000	2335.4646
48000000	101000000	2410.5938
49000000	101000000	3283.2437
50000000	101000000	3645.8066
51000000	101000000	2919.9644
52000000	101000000	2802.1152
53000000	101000000	1817.9489
54000000	101000000	1746.9004
55000000	101000000	1347.6515
56000000	101000000	1360.6698
57000000	101000000	1532.4354
58000000	101000000	1613.2716
59000000	101000000	1692.7909
60000000	101000000	2296.24
61000000	101000000	2213.2422
62000000	101000000	2136.2104
63000000	101000000	2432.0222
64000000	101000000	2770.9453
65000000	101000000	2728.483
66000000	101000000	1670.8265
67000000	101000000	1946.9967
68000000	101000000	1893.3489
69000000	101000000	3508.1226
70000000	101000000	5604.355
71000000	101000000	5534.06
72000000	101000000	5027.5522
73000000	101000000	4587.6553
74000000	101000000	4941.005
75000000	101000000	5110.077
76000000	101000000	4437.0195
77000000	101000000	4137.7856
78000000	101000000	3905.8262
79000000	101000000	5306.9595
80000000	101000000	5115.19
81000000	101000000	5450.416
82000000	101000000	4075.1099
83000000	101000000	2544.5051
84000000	101000000	2946.6035
85000000	101000000	3875.1118
86000000	101000000	4634.7407
87000000	101000000	4869.182
88000000	101000000	7268.5854
89000000	101000000	5241.724
90000000	101000000	5514.744
91000000	101000000	6147.0493
92000000	101000000	5994.8955
93000000	101000000	7692.5728
94000000	101000000	9741.736
95000000	101000000	11252.067
96000000	101000000	12449.28
97000000	101000000	15217.403
98000000	101000000	20752.066
99000000	101000000	52956.52
100000000	101000000	103375.92
101000000	101000000	585705.7
0	102000000	1956.1447
1000000	102000000	1394.9702
2000000	102000000	903.0784
3000000	102000000	1100.4988
4000000	102000000	919.7015
5000000	102000000	1284.1261
6000000	102000000	1425.9663
7000000	102000000	1031.5723
8000000	102000000	559.0968
9000000	102000000	394.00433
10000000	102000000	456.68182
11000000	102000000	1332.8159
12000000	102000000	2324.7383
13000000	102000000	2400.7434
14000000	102000000	2077.799
15000000	102000000	1147.3375
16000000	102000000	689.99915
17000000	102000000	693.1037
18000000	102000000	705.3772
19000000	102000000	304.8988
20000000	102000000	345.51495
21000000	102000000	682.218
22000000	102000000	907.61066
23000000	102000000	739.1456
24000000	102000000	661.0622
25000000	102000000	667.6424
26000000	102000000	964.3873
27000000	102000000	1363.0481
28000000	102000000	1000.5117
29000000	102000000	985.36
30000000	102000000	1508.2716
31000000	102000000	1416.1808
32000000	102000000	1216.4882
33000000	102000000	741.2692
34000000	102000000	786.3248
35000000	102000000	1005.54297
36000000	102000000	390.91327
37000000	102000000	329.90027
38000000	102000000	446.9588
39000000	102000000	136.8537
42000000	102000000	438.72098
43000000	102000000	1404.1356
44000000	102000000	1518.6648
45000000	102000000	2083.105
46000000	102000000	2045.9961
47000000	102000000	2342.988
48000000	102000000	2551.6323
49000000	102000000	3101.968
50000000	102000000	3808.7217
51000000	102000000	2438.9644
52000000	102000000	1780.5929
53000000	102000000	992.9026
54000000	102000000	918.09033
55000000	102000000	740.0956
56000000	102000000	753.00604
57000000	102000000	790.67633
58000000	102000000	826.94336
59000000	102000000	871.3469
60000000	102000000	1248.716
61000000	102000000	1397.6063
62000000	102000000	1487.0674
63000000	102000000	1553.6957
64000000	102000000	2029.2339
65000000	102000000	1841.4121
66000000	102000000	905.82117
67000000	102000000	1080.4672
68000000	102000000	1096.1907
69000000	102000000	2280.0664
70000000	102000000	5757.576
71000000	102000000	8217.986
72000000	102000000	7637.505
73000000	102000000	6697.688
74000000	102000000	6008.0273
75000000	102000000	6238.793
76000000	102000000	4062.8557
77000000	102000000	3470.8765
78000000	102000000	2969.4075
79000000	102000000	4672.1055
80000000	102000000	5560.4375
81000000	102000000	4753.8115
82000000	102000000	2473.367
83000000	102000000	1415.2874
84000000	102000000	1672.822
85000000	102000000	2149.3057
86000000	102000000	2844.9814
87000000	102000000	3367.4758
88000000	102000000	5956.0356
89000000	102000000	4848.0967
90000000	102000000	5079.878
91000000	102000000	4765.4287
92000000	102000000	4979.3203
93000000	102000000	6309.7603
94000000	102000000	8145.8022
95000000	102000000	8769.327
96000000	102000000	8216.741
97000000	102000000	10544.762
98000000	102000000	18341.02
99000000	102000000	31170.113
100000000	102000000	22827.385
101000000	102000000	104137.92
102000000	102000000	625722.7
0	103000000	1511.1462
1000000	103000000	1064.6664
2000000	103000000	569.38416
3000000	103000000	903.1707
4000000	103000000	655.8444
5000000	103000000	1225.527
6000000	103000000	1290.6322
7000000	103000000	923.60815
8000000	103000000	461.22128
9000000	103000000	298.48767
10000000	103000000	360.99826
11000000	103000000	1187.1434
12000000	103000000	2371.2893
13000000	103000000	1955.2202
14000000	103000000	1688.6356
15000000	103000000	898.17206
16000000	103000000	588.36163
17000000	103000000	620.63904
18000000	103000000	623.37494
19000000	103000000	248.8571
20000000	103000000	331.18298
21000000	103000000	663.92395
22000000	103000000	877.1728
23000000	103000000	587.8932
24000000	103000000	588.6213
25000000	103000000	646.7415
26000000	103000000	807.9925
27000000	103000000	1326.555
28000000	103000000	783.6843
29000000	103000000	790.54443
30000000	103000000	1301.4883
31000000	103000000	1368.6631
32000000	103000000	1206.9838
33000000	103000000	575.73236
34000000	103000000	667.65857
35000000	103000000	972.83246
36000000	103000000	295.9884
37000000	103000000	312.39578
38000000	103000000	407.99167
39000000	103000000	141.23529
42000000	103000000	348.79858
43000000	103000000	1094.905
44000000	103000000	1032.1985
45000000	103000000	1615.0895
46000000	103000000	1805.27
47000000	103000000	1435.8416
48000000	103000000	1650.3226
49000000	103000000	2611.1572
50000000	103000000	2577.1775
51000000	103000000	1831.5457
52000000	103000000	1539.5608
53000000	103000000	719.6058
54000000	103000000	720.04956
55000000	103000000	483.69507
56000000	103000000	533.8009
57000000	103000000	557.38477
58000000	103000000	668.6708
59000000	103000000	686.6756
60000000	103000000	1054.2258
61000000	103000000	1074.4331
62000000	103000000	988.2959
63000000	103000000	1426.6088
64000000	103000000	1909.8224
65000000	103000000	1847.7855
66000000	103000000	653.7879
67000000	103000000	768.8163
68000000	103000000	766.7613
69000000	103000000	1972.6141
70000000	103000000	6002.9697
71000000	103000000	5747.7134
72000000	103000000	5734.6724
73000000	103000000	6116.3467
74000000	103000000	7125.4424
75000000	103000000	8312.491
76000000	103000000	4803.541
77000000	103000000	2360.677
78000000	103000000	1979.2882
79000000	103000000	3375.1165
80000000	103000000	3289.4097
81000000	103000000	3273.5784
82000000	103000000	1860.7885
83000000	103000000	995.44086
84000000	103000000	1157.1896
85000000	103000000	1683.809
86000000	103000000	1852.7977
87000000	103000000	2065.6663
88000000	103000000	4759.11
89000000	103000000	4972.7847
90000000	103000000	5004.8286
91000000	103000000	4297.577
92000000	103000000	3876.8665
93000000	103000000	5324.9243
94000000	103000000	6754.434
95000000	103000000	5611.6567
96000000	103000000	5392.1343
97000000	103000000	7579.917
98000000	103000000	12972.841
99000000	103000000	17093.543
100000000	103000000	9998.54
101000000	103000000	25064.684
102000000	103000000	145357.4
103000000	103000000	692026.8
0	104000000	1390.0966
1000000	104000000	1009.90393
2000000	104000000	513.3
3000000	104000000	920.63477
4000000	104000000	615.55115
5000000	104000000	1239.821
6000000	104000000	1250.3271
7000000	104000000	890.86414
8000000	104000000	403.83643
9000000	104000000	312.16904
10000000	104000000	336.26718
11000000	104000000	1266.5588
12000000	104000000	2476.255
13000000	104000000	1910.7421
14000000	104000000	1681.2611
15000000	104000000	866.3201
16000000	104000000	597.3604
17000000	104000000	650.31946
18000000	104000000	602.57043
19000000	104000000	266.68472
20000000	104000000	361.07944
21000000	104000000	682.0344
22000000	104000000	1044.3574
23000000	104000000	635.3736
24000000	104000000	590.52985
25000000	104000000	667.14874
26000000	104000000	812.52057
27000000	104000000	1328.1216
28000000	104000000	705.10425
29000000	104000000	718.3494
30000000	104000000	1384.4216
31000000	104000000	1564.9209
32000000	104000000	1268.9402
33000000	104000000	611.2496
34000000	104000000	750.34845
35000000	104000000	1034.4175
36000000	104000000	334.52396
37000000	104000000	284.04044
38000000	104000000	477.0681
39000000	104000000	117.867905
42000000	104000000	340.7074
43000000	104000000	1069.5216
44000000	104000000	1055.5018
45000000	104000000	1499.5107
46000000	104000000	1852.325
47000000	104000000	1209.2614
48000000	104000000	1094.3752
49000000	104000000	2651.2659
50000000	104000000	2299.4946
51000000	104000000	1730.7253
52000000	104000000	1645.7651
53000000	104000000	621.42896
54000000	104000000	690.1297
55000000	104000000	504.91943
56000000	104000000	488.52493
57000000	104000000	529.9305
58000000	104000000	643.04266
59000000	104000000	637.7428
60000000	104000000	1218.465
61000000	104000000	1032.5269
62000000	104000000	966.5362
63000000	104000000	1472.763
64000000	104000000	2138.8237
65000000	104000000	1879.9792
66000000	104000000	592.6332
67000000	104000000	868.468
68000000	104000000	671.71783
69000000	104000000	2171.0684
70000000	104000000	6413.969
71000000	104000000	4844.052
72000000	104000000	4925.739
73000000	104000000	5560.5986
74000000	104000000	7373.769
75000000	104000000	9586.944
76000000	104000000	5449.181
77000000	104000000	2065.3381
78000000	104000000	1562.2345
79000000	104000000	3159.8147
80000000	104000000	2963.556
81000000	104000000	3414.7905
82000000	104000000	1935.316
83000000	104000000	948.5281
84000000	104000000	1079.8119
85000000	104000000	1653.0802
86000000	104000000	1649.1719
87000000	104000000	1754.682
88000000	104000000	5060.461
89000000	104000000	5431.087
90000000	104000000	5318.4004
91000000	104000000	4289.2197
92000000	104000000	3604.6694
93000000	104000000	4936.14
94000000	104000000	6376.6606
95000000	104000000	4362.7305
96000000	104000000	4316.9946
97000000	104000000	6759.5396
98000000	104000000	11584.314
99000000	104000000	12571.884
100000000	104000000	5964.7783
101000000	104000000	15908.55
102000000	104000000	31675.521
103000000	104000000	143749.48
104000000	104000000	712075.25
0	105000000	2049.3145
1000000	105000000	1531.6515
2000000	105000000	835.35254
3000000	105000000	1226.9037
4000000	105000000	947.03314
5000000	105000000	1520.7269
6000000	105000000	1582.7538
7000000	105000000	1330.1516
8000000	105000000	661.12933
9000000	105000000	406.93137
10000000	105000000	524.1093
11000000	105000000	1655.7183
12000000	105000000	2598.2815
13000000	105000000	2280.7312
14000000	105000000	2097.5933
15000000	105000000	1311.5634
16000000	105000000	902.8635
17000000	105000000	882.7358
18000000	105000000	893.4842
19000000	105000000	370.80692
20000000	105000000	475.40546
21000000	105000000	888.6396
22000000	105000000	1283.5228
23000000	105000000	924.0033
24000000	105000000	835.1196
25000000	105000000	927.8949
26000000	105000000	1144.7866
27000000	105000000	1686.0017
28000000	105000000	1108.5981
29000000	105000000	1131.3
30000000	105000000	1758.3926
31000000	105000000	1756.9889
32000000	105000000	1662.0942
33000000	105000000	827.3918
34000000	105000000	1011.7058
35000000	105000000	1444.5712
36000000	105000000	459.7479
37000000	105000000	400.58313
38000000	105000000	669.7928
39000000	105000000	129.50534
42000000	105000000	532.0248
43000000	105000000	1934.5336
44000000	105000000	1855.7964
45000000	105000000	2501.7537
46000000	105000000	2324.9346
47000000	105000000	2235.0737
48000000	105000000	2325.776
49000000	105000000	3767.891
50000000	105000000	4135.011
51000000	105000000	2761.8389
52000000	105000000	2703.2852
53000000	105000000	1403.8083
54000000	105000000	1355.9923
55000000	105000000	983.08856
56000000	105000000	990.3176
57000000	105000000	1062.4739
58000000	105000000	1209.8778
59000000	105000000	1321.541
60000000	105000000	2017.2205
61000000	105000000	1922.3188
62000000	105000000	1815.8215
63000000	105000000	2477.6047
64000000	105000000	3203.24
65000000	105000000	3024.768
66000000	105000000	1164.4752
67000000	105000000	1459.6307
68000000	105000000	1432.3547
69000000	105000000	3514.8625
70000000	105000000	6723.143
71000000	105000000	5927.6504
72000000	105000000	5596.8794
73000000	105000000	5220.1694
74000000	105000000	5602.896
75000000	105000000	6628.9897
76000000	105000000	5553.619
77000000	105000000	3905.5728
78000000	105000000	3083.2454
79000000	105000000	5745.214
80000000	105000000	6017.481
81000000	105000000	6269.585
82000000	105000000	3875.2654
83000000	105000000	1709.3053
84000000	105000000	2085.8564
85000000	105000000	3234.672
86000000	105000000	3665.739
87000000	105000000	4198.2217
88000000	105000000	8323.632
89000000	105000000	5893.6694
90000000	105000000	5718.473
91000000	105000000	5139.344
92000000	105000000	4526.477
93000000	105000000	6163.962
94000000	105000000	7853.8135
95000000	105000000	6905.8506
96000000	105000000	6445.9463
97000000	105000000	9359.192
98000000	105000000	13204.849
99000000	105000000	15261.789
100000000	105000000	9356.639
101000000	105000000	18439.117
102000000	105000000	24522.787
103000000	105000000	28387.842
104000000	105000000	136780.34
105000000	105000000	604491.0
0	106000000	1882.6973
1000000	106000000	1923.0884
2000000	106000000	1977.244
3000000	106000000	1234.2795
4000000	106000000	1341.2686
5000000	106000000	1313.4635
6000000	106000000	1176.6741
7000000	106000000	1233.7172
8000000	106000000	1391.3109
9000000	106000000	1278.4796
10000000	106000000	1512.2318
11000000	106000000	1382.4086
12000000	106000000	1123.1764
13000000	106000000	1293.7013
14000000	106000000	1307.9781
15000000	106000000	1698.0886
16000000	106000000	1306.6713
17000000	106000000	1145.0155
18000000	106000000	1098.9827
19000000	106000000	1025.5334
20000000	106000000	982.72546
21000000	106000000	1088.5135
22000000	106000000	1093.0405
23000000	106000000	1324.1421
24000000	106000000	1475.4279
25000000	106000000	1520.8876
26000000	106000000	1729.9532
27000000	106000000	1321.9117
28000000	106000000	1767.057
29000000	106000000	1980.7115
30000000	106000000	1679.2251
31000000	106000000	1058.0497
32000000	106000000	1268.7325
33000000	106000000	1469.6459
34000000	106000000	1464.4847
35000000	106000000	1629.3804
36000000	106000000	1371.2114
37000000	106000000	1090.3357
38000000	106000000	1096.8776
39000000	106000000	406.4028
42000000	106000000	1770.7493
43000000	106000000	3053.4456
44000000	106000000	3161.648
45000000	106000000	3151.9675
46000000	106000000	1801.267
47000000	106000000	3039.6558
48000000	106000000	3430.79
49000000	106000000	2289.7695
50000000	106000000	3370.9048
51000000	106000000	2107.447
52000000	106000000	3564.811
53000000	106000000	3917.5713
54000000	106000000	3227.2515
55000000	106000000	2867.8303
56000000	106000000	2983.933
57000000	106000000	2876.6409
58000000	106000000	2905.7852
59000000	106000000	3725.4348
60000000	106000000	3381.1592
61000000	106000000	3580.8257
62000000	106000000	3809.1003
63000000	106000000	3348.0203
64000000	106000000	2817.269
65000000	106000000	3584.461
66000000	106000000	4001.51
67000000	106000000	3486.5935
68000000	106000000	4531.065
69000000	106000000	4176.022
70000000	106000000	2595.123
71000000	106000000	3668.9578
72000000	106000000	2904.5146
73000000	106000000	2003.4156
74000000	106000000	1678.0905
75000000	106000000	1745.7051
76000000	106000000	2235.553
77000000	106000000	7099.2227
78000000	106000000	7299.062
79000000	106000000	6209.3247
80000000	106000000	6849.0728
81000000	106000000	6145.2866
82000000	106000000	6478.1826
83000000	106000000	6553.725
84000000	106000000	6806.0054
85000000	106000000	6708.355
86000000	106000000	9321.806
87000000	106000000	10141.05
88000000	106000000	6112.0054
89000000	106000000	2702.1465
90000000	106000000	2931.087
91000000	106000000	4173.5664
92000000	106000000	5165.6025
93000000	106000000	4625.9136
94000000	106000000	4536.4907
95000000	106000000	8004.346
96000000	106000000	8678.453
97000000	106000000	6610.1963
98000000	106000000	5493.0957
99000000	106000000	9514.655
100000000	106000000	14967.741
101000000	106000000	11487.616
102000000	106000000	9013.496
103000000	106000000	6670.9404
104000000	106000000	8916.918
105000000	106000000	65696.82
106000000	106000000	482857.22
0	107000000	1200.3048
1000000	107000000	1547.1243
2000000	107000000	1941.1963
3000000	107000000	938.84393
4000000	107000000	1178.7614
5000000	107000000	963.3648
6000000	107000000	748.24567
7000000	107000000	900.575
8000000	107000000	1408.3877
9000000	107000000	1675.7263
10000000	107000000	1740.2538
11000000	107000000	787.1506
12000000	107000000	615.20496
13000000	107000000	742.63916
14000000	107000000	807.13354
15000000	107000000	1332.6345
16000000	107000000	1351.2893
17000000	107000000	1108.6848
18000000	107000000	1115.9763
19000000	107000000	1711.8236
20000000	107000000	1464.1859
21000000	107000000	1019.0086
22000000	107000000	875.6451
23000000	107000000	1202.5985
24000000	107000000	1415.4698
25000000	107000000	1640.4283
26000000	107000000	1466.985
27000000	107000000	1030.4636
28000000	107000000	1679.9916
29000000	107000000	1778.606
30000000	107000000	1239.2616
31000000	107000000	797.79736
32000000	107000000	863.4784
33000000	107000000	1517.7258
34000000	107000000	1428.7374
35000000	107000000	1249.5294
36000000	107000000	1835.5071
37000000	107000000	1666.0579
38000000	107000000	1255.4957
39000000	107000000	541.3451
42000000	107000000	2549.6987
43000000	107000000	2539.6248
44000000	107000000	2635.006
45000000	107000000	2268.1306
46000000	107000000	1073.1577
47000000	107000000	1817.2795
48000000	107000000	2207.1045
49000000	107000000	1174.5073
50000000	107000000	1968.4073
51000000	107000000	1333.8936
52000000	107000000	3007.997
53000000	107000000	4732.0938
54000000	107000000	3970.9067
55000000	107000000	4269.0923
56000000	107000000	4423.6216
57000000	107000000	4283.97
58000000	107000000	4019.9512
59000000	107000000	4697.8315
60000000	107000000	3398.7441
61000000	107000000	3475.5056
62000000	107000000	4114.381
63000000	107000000	3402.8467
64000000	107000000	2110.7683
65000000	107000000	3063.4011
66000000	107000000	5857.5
67000000	107000000	4762.3994
68000000	107000000	6331.6475
69000000	107000000	3800.6704
70000000	107000000	1386.2899
71000000	107000000	1921.4813
72000000	107000000	1427.3333
73000000	107000000	1046.6758
74000000	107000000	961.0301
75000000	107000000	852.15436
76000000	107000000	1201.8066
77000000	107000000	5380.1113
78000000	107000000	7174.368
79000000	107000000	3748.143
80000000	107000000	3966.3335
81000000	107000000	3890.3772
82000000	107000000	6012.0337
83000000	107000000	10175.144
84000000	107000000	9202.576
85000000	107000000	7189.0645
86000000	107000000	8997.287
87000000	107000000	8545.911
88000000	107000000	3269.746
89000000	107000000	1770.9402
90000000	107000000	1947.6965
91000000	107000000	3469.6633
92000000	107000000	4580.6597
93000000	107000000	3389.4258
94000000	107000000	2843.5317
95000000	107000000	5838.4478
96000000	107000000	7351.9146
97000000	107000000	4043.7773
98000000	107000000	2793.8323
99000000	107000000	5201.572
100000000	107000000	11761.439
101000000	107000000	6379.6436
102000000	107000000	4256.2114
103000000	107000000	3028.949
104000000	107000000	3766.6392
105000000	107000000	12195.1875
106000000	107000000	116048.04
107000000	107000000	541334.44
0	108000000	1106.9032
1000000	108000000	1215.4446
2000000	108000000	1266.1356
3000000	108000000	931.08374
4000000	108000000	1007.7646
5000000	108000000	916.2611
6000000	108000000	814.82874
7000000	108000000	966.74786
8000000	108000000	1194.127
9000000	108000000	1161.2628
10000000	108000000	1150.7267
11000000	108000000	1047.9877
12000000	108000000	709.02167
13000000	108000000	844.55133
14000000	108000000	863.2407
15000000	108000000	1048.6224
16000000	108000000	1060.463
17000000	108000000	977.48584
18000000	108000000	993.75726
19000000	108000000	1014.1452
20000000	108000000	1069.3177
21000000	108000000	1053.2334
22000000	108000000	942.6529
23000000	108000000	1050.6057
24000000	108000000	1231.1243
25000000	108000000	1370.183
26000000	108000000	1325.3411
27000000	108000000	1008.3996
28000000	108000000	1267.8723
29000000	108000000	1315.101
30000000	108000000	1083.3693
31000000	108000000	963.1615
32000000	108000000	1045.7554
33000000	108000000	1144.7076
34000000	108000000	1215.7186
35000000	108000000	1279.5789
36000000	108000000	1215.9065
37000000	108000000	951.5159
38000000	108000000	977.39624
39000000	108000000	344.2624
42000000	108000000	1457.4855
43000000	108000000	2142.352
44000000	108000000	2138.5652
45000000	108000000	1992.5924
46000000	108000000	1158.4417
47000000	108000000	1694.8728
48000000	108000000	1724.4126
49000000	108000000	1431.7357
50000000	108000000	1973.9835
51000000	108000000	1314.9457
52000000	108000000	3143.055
53000000	108000000	3677.8381
54000000	108000000	3498.2915
55000000	108000000	3424.235
56000000	108000000	3397.0254
57000000	108000000	3479.3054
58000000	108000000	3596.1787
59000000	108000000	3845.253
60000000	108000000	3504.8267
61000000	108000000	3204.2803
62000000	108000000	3653.5508
63000000	108000000	3610.86
64000000	108000000	2552.9148
65000000	108000000	3352.891
66000000	108000000	4318.2563
67000000	108000000	4216.397
68000000	108000000	4933.5986
69000000	108000000	3820.5518
70000000	108000000	1771.6953
71000000	108000000	1766.7064
72000000	108000000	1413.3994
73000000	108000000	1139.7527
74000000	108000000	1067.6373
75000000	108000000	1089.1122
76000000	108000000	1776.2731
77000000	108000000	4672.22
78000000	108000000	5348.9263
79000000	108000000	3649.1711
80000000	108000000	3223.6633
81000000	108000000	4136.179
82000000	108000000	6099.266
83000000	108000000	7375.1606
84000000	108000000	7384.8013
85000000	108000000	6886.1406
86000000	108000000	7362.753
87000000	108000000	6597.967
88000000	108000000	3671.8076
89000000	108000000	2111.086
90000000	108000000	2359.6912
91000000	108000000	3762.7986
92000000	108000000	4414.7285
93000000	108000000	3189.7637
94000000	108000000	2941.0454
95000000	108000000	4798.7876
96000000	108000000	6393.0234
97000000	108000000	4698.4326
98000000	108000000	3077.219
99000000	108000000	4443.739
100000000	108000000	8179.8394
101000000	108000000	5221.692
102000000	108000000	3326.3105
103000000	108000000	2598.6929
104000000	108000000	3229.9949
105000000	108000000	8657.823
106000000	108000000	35583.188
107000000	108000000	85942.99
108000000	108000000	487028.4
0	109000000	902.0999
1000000	109000000	1072.6248
2000000	109000000	900.321
3000000	109000000	814.53625
4000000	109000000	763.44
5000000	109000000	843.74146
6000000	109000000	879.3439
7000000	109000000	984.9888
8000000	109000000	887.9206
9000000	109000000	825.8282
10000000	109000000	952.9641
11000000	109000000	1104.442
12000000	109000000	833.60406
13000000	109000000	797.19586
14000000	109000000	866.5122
15000000	109000000	933.98627
16000000	109000000	961.66077
17000000	109000000	930.5314
18000000	109000000	1023.96655
19000000	109000000	895.3529
20000000	109000000	1221.7139
21000000	109000000	933.26556
22000000	109000000	1099.1749
23000000	109000000	1008.1131
24000000	109000000	1034.7437
25000000	109000000	1293.7849
26000000	109000000	1164.0038
27000000	109000000	1078.9226
28000000	109000000	986.77844
29000000	109000000	994.56146
30000000	109000000	966.9302
31000000	109000000	1262.2837
32000000	109000000	1130.3341
33000000	109000000	1100.7328
34000000	109000000	1214.3552
35000000	109000000	1338.9772
36000000	109000000	1084.6422
37000000	109000000	913.2144
38000000	109000000	1299.6558
39000000	109000000	215.62462
42000000	109000000	1346.9434
43000000	109000000	1776.7524
44000000	109000000	1757.8472
45000000	109000000	1519.0704
46000000	109000000	1085.0603
47000000	109000000	1023.25555
48000000	109000000	1127.5685
49000000	109000000	1525.3894
50000000	109000000	1644.186
51000000	109000000	1217.4675
52000000	109000000	2836.8442
53000000	109000000	2719.1157
54000000	109000000	3351.2754
55000000	109000000	2543.231
56000000	109000000	2544.9832
57000000	109000000	2648.377
58000000	109000000	3100.3748
59000000	109000000	2893.5847
60000000	109000000	3619.7812
61000000	109000000	2713.153
62000000	109000000	2790.0974
63000000	109000000	3293.1765
64000000	109000000	3104.898
65000000	109000000	3303.5034
66000000	109000000	3346.92
67000000	109000000	4434.9385
68000000	109000000	3518.012
69000000	109000000	3544.721
70000000	109000000	1909.9554
71000000	109000000	1529.2274
72000000	109000000	1157.9156
73000000	109000000	1006.2098
74000000	109000000	1274.5784
75000000	109000000	1356.807
76000000	109000000	2554.608
77000000	109000000	3798.1396
78000000	109000000	3821.2805
79000000	109000000	3197.9458
80000000	109000000	2266.7568
81000000	109000000	3235.514
82000000	109000000	6003.799
83000000	109000000	5590.8467
84000000	109000000	6024.5864
85000000	109000000	5679.464
86000000	109000000	5200.477
87000000	109000000	4215.5557
88000000	109000000	3689.711
89000000	109000000	2720.5615
90000000	109000000	2899.539
91000000	109000000	4159.521
92000000	109000000	3974.4631
93000000	109000000	3227.6267
94000000	109000000	3072.3625
95000000	109000000	3810.9897
96000000	109000000	5172.991
97000000	109000000	4908.1753
98000000	109000000	3409.5586
99000000	109000000	3724.3052
100000000	109000000	5389.2617
101000000	109000000	4533.167
102000000	109000000	2753.7397
103000000	109000000	2474.7034
104000000	109000000	3286.7288
105000000	109000000	6834.5225
106000000	109000000	15225.235
107000000	109000000	25437.592
108000000	109000000	142682.88
109000000	109000000	572854.5
0	110000000	943.7324
1000000	110000000	1068.3774
2000000	110000000	1238.6598
3000000	110000000	798.3049
4000000	110000000	794.96265
5000000	110000000	730.94104
6000000	110000000	648.2467
7000000	110000000	772.2806
8000000	110000000	1091.7919
9000000	110000000	1139.1805
10000000	110000000	1156.6562
11000000	110000000	755.6383
12000000	110000000	579.17285
13000000	110000000	681.4972
14000000	110000000	721.4736
15000000	110000000	1015.5382
16000000	110000000	987.95685
17000000	110000000	896.13464
18000000	110000000	928.2449
19000000	110000000	1077.134
20000000	110000000	1071.4946
21000000	110000000	869.44867
22000000	110000000	762.2663
23000000	110000000	1051.424
24000000	110000000	1092.5259
25000000	110000000	1161.8555
26000000	110000000	1103.8456
27000000	110000000	844.92
28000000	110000000	1150.1874
29000000	110000000	1224.2273
30000000	110000000	922.9115
31000000	110000000	837.51514
32000000	110000000	881.7683
33000000	110000000	1121.1665
34000000	110000000	1035.2999
35000000	110000000	1037.4601
36000000	110000000	1296.6165
37000000	110000000	1097.0457
38000000	110000000	1086.5753
39000000	110000000	449.05563
42000000	110000000	1741.4768
43000000	110000000	1871.7423
44000000	110000000	1916.487
45000000	110000000	1644.2512
46000000	110000000	984.7248
47000000	110000000	1300.1299
48000000	110000000	1306.0491
49000000	110000000	1168.8608
50000000	110000000	1552.8073
51000000	110000000	1049.5431
52000000	110000000	2542.7578
53000000	110000000	3402.4202
54000000	110000000	3295.2253
55000000	110000000	3146.6646
56000000	110000000	3402.5654
57000000	110000000	3238.176
58000000	110000000	3548.7112
59000000	110000000	3575.1355
60000000	110000000	3090.5146
61000000	110000000	2907.626
62000000	110000000	3313.7712
63000000	110000000	2882.1187
64000000	110000000	2150.288
65000000	110000000	2799.543
66000000	110000000	4371.2246
67000000	110000000	4066.5203
68000000	110000000	4600.7085
69000000	110000000	3327.5312
70000000	110000000	1440.763
71000000	110000000	1520.7394
72000000	110000000	1153.9961
73000000	110000000	898.06195
74000000	110000000	996.79755
75000000	110000000	875.30176
76000000	110000000	1335.4346
77000000	110000000	3991.4553
78000000	110000000	4965.9688
79000000	110000000	2882.7156
80000000	110000000	2666.7
81000000	110000000	3018.4788
82000000	110000000	5394.4897
83000000	110000000	7534.4146
84000000	110000000	6932.6577
85000000	110000000	5983.528
86000000	110000000	6537.454
87000000	110000000	5795.6743
88000000	110000000	2900.331
89000000	110000000	1802.6624
90000000	110000000	2090.3452
91000000	110000000	3333.6614
92000000	110000000	4039.2258
93000000	110000000	2806.7273
94000000	110000000	2556.1033
95000000	110000000	4096.05
96000000	110000000	5551.736
97000000	110000000	3555.69
98000000	110000000	2549.3047
99000000	110000000	3431.787
100000000	110000000	6747.065
101000000	110000000	3906.617
102000000	110000000	2407.333
103000000	110000000	1933.5618
104000000	110000000	2294.6807
105000000	110000000	5336.662
106000000	110000000	17903.607
107000000	110000000	31258.54
108000000	110000000	90253.73
109000000	110000000	162436.16
110000000	110000000	511320.1
0	111000000	1144.9985
1000000	111000000	1157.5243
2000000	111000000	1093.7253
3000000	111000000	925.26324
4000000	111000000	880.4658
5000000	111000000	1046.0918
6000000	111000000	949.8652
7000000	111000000	958.21185
8000000	111000000	966.6481
9000000	111000000	845.5993
10000000	111000000	997.4205
11000000	111000000	1126.809
12000000	111000000	1004.9154
13000000	111000000	924.3222
14000000	111000000	954.0183
15000000	111000000	1115.5247
16000000	111000000	992.6517
17000000	111000000	920.12897
18000000	111000000	927.3274
19000000	111000000	750.27295
20000000	111000000	781.3784
21000000	111000000	913.6735
22000000	111000000	1004.795
23000000	111000000	951.3438
24000000	111000000	1035.1096
25000000	111000000	1212.3037
26000000	111000000	1192.7881
27000000	111000000	1170.9999
28000000	111000000	1153.1173
29000000	111000000	1198.1156
30000000	111000000	1187.7924
31000000	111000000	958.7564
32000000	111000000	1032.1454
33000000	111000000	921.7114
34000000	111000000	1000.2
35000000	111000000	1206.811
36000000	111000000	938.6044
37000000	111000000	786.9878
38000000	111000000	980.71356
39000000	111000000	205.71835
42000000	111000000	1191.6707
43000000	111000000	2050.9026
44000000	111000000	2024.9143
45000000	111000000	2091.9526
46000000	111000000	1412.084
47000000	111000000	1505.1198
48000000	111000000	1688.4993
49000000	111000000	1908.1703
50000000	111000000	2099.005
51000000	111000000	1530.0415
52000000	111000000	3155.837
53000000	111000000	3180.2573
54000000	111000000	2984.9468
55000000	111000000	2620.3955
56000000	111000000	2755.766
57000000	111000000	2793.7776
58000000	111000000	3052.1975
59000000	111000000	3106.5027
60000000	111000000	3365.437
61000000	111000000	3277.453
62000000	111000000	3298.302
63000000	111000000	3356.9216
64000000	111000000	2841.3955
65000000	111000000	3358.5542
66000000	111000000	3342.4656
67000000	111000000	3346.507
68000000	111000000	3904.9656
69000000	111000000	3776.7637
70000000	111000000	2537.141
71000000	111000000	2221.927
72000000	111000000	1756.6703
73000000	111000000	1472.944
74000000	111000000	1477.7909
75000000	111000000	1748.8357
76000000	111000000	2351.1187
77000000	111000000	4131.822
78000000	111000000	4324.2915
79000000	111000000	3889.0876
80000000	111000000	3649.5107
81000000	111000000	4710.0596
82000000	111000000	5827.0645
83000000	111000000	5594.3433
84000000	111000000	5912.09
85000000	111000000	6401.808
86000000	111000000	6854.056
87000000	111000000	6260.2163
88000000	111000000	4921.532
89000000	111000000	2609.8342
90000000	111000000	2782.0557
91000000	111000000	3906.6218
92000000	111000000	3922.258
93000000	111000000	3608.3274
94000000	111000000	3666.2444
95000000	111000000	4800.6567
96000000	111000000	5821.6562
97000000	111000000	4907.058
98000000	111000000	3752.2744
99000000	111000000	4774.2515
100000000	111000000	6728.923
101000000	111000000	5412.856
102000000	111000000	3479.7146
103000000	111000000	2926.4583
104000000	111000000	3449.2153
105000000	111000000	8559.05
106000000	111000000	18416.43
107000000	111000000	22957.674
108000000	111000000	43160.703
109000000	111000000	40671.99
110000000	111000000	103333.805
111000000	111000000	497622.12
0	112000000	1344.8213
1000000	112000000	1141.0496
2000000	112000000	668.5247
3000000	112000000	1045.1962
4000000	112000000	728.0738
5000000	112000000	1233.9265
6000000	112000000	1275.7998
7000000	112000000	1092.3385
8000000	112000000	620.26355
9000000	112000000	405.33597
10000000	112000000	466.77313
11000000	112000000	1371.6965
12000000	112000000	1571.4952
13000000	112000000	1261.8474
14000000	112000000	1355.4355
15000000	112000000	957.042
16000000	112000000	823.2981
17000000	112000000	733.93915
18000000	112000000	873.0382
19000000	112000000	366.80432
20000000	112000000	574.6107
21000000	112000000	855.8267
22000000	112000000	1140.7909
23000000	112000000	820.66986
24000000	112000000	855.2324
25000000	112000000	933.2516
26000000	112000000	1074.0916
27000000	112000000	1393.8082
28000000	112000000	875.4624
29000000	112000000	876.21124
30000000	112000000	1360.849
31000000	112000000	1326.8433
32000000	112000000	1334.397
33000000	112000000	747.1412
34000000	112000000	887.52155
35000000	112000000	1392.5748
36000000	112000000	473.57346
37000000	112000000	371.8405
38000000	112000000	736.49286
39000000	112000000	233.5617
42000000	112000000	589.34973
43000000	112000000	1875.2468
44000000	112000000	1714.235
45000000	112000000	1897.465
46000000	112000000	1763.4551
47000000	112000000	1398.3231
48000000	112000000	1308.8408
49000000	112000000	2971.9578
50000000	112000000	2537.3542
51000000	112000000	1801.0133
52000000	112000000	3077.6853
53000000	112000000	1690.3274
54000000	112000000	1963.0126
55000000	112000000	1338.7341
56000000	112000000	1466.668
57000000	112000000	1538.3271
58000000	112000000	1908.4497
59000000	112000000	1763.2345
60000000	112000000	2920.4695
61000000	112000000	2375.7078
62000000	112000000	2168.9868
63000000	112000000	3156.379
64000000	112000000	3709.953
65000000	112000000	3236.164
66000000	112000000	1567.3121
67000000	112000000	2400.899
68000000	112000000	1810.428
69000000	112000000	3498.133
70000000	112000000	4466.702
71000000	112000000	2837.1296
72000000	112000000	2584.4512
73000000	112000000	2456.0134
74000000	112000000	2692.8923
75000000	112000000	3419.9197
76000000	112000000	4092.756
77000000	112000000	3088.837
78000000	112000000	2628.4114
79000000	112000000	4168.9785
80000000	112000000	3515.9412
81000000	112000000	5254.072
82000000	112000000	4973.0513
83000000	112000000	2233.7134
84000000	112000000	3249.514
85000000	112000000	4764.2104
86000000	112000000	4275.3433
87000000	112000000	3693.7468
88000000	112000000	6259.457
89000000	112000000	4320.348
90000000	112000000	4334.1445
91000000	112000000	4282.558
92000000	112000000	3597.1707
93000000	112000000	4158.021
94000000	112000000	4623.135
95000000	112000000	3987.6812
96000000	112000000	4667.71
97000000	112000000	6125.333
98000000	112000000	5821.8765
99000000	112000000	5507.76
100000000	112000000	4344.427
101000000	112000000	6186.1133
102000000	112000000	4696.3867
103000000	112000000	4665.4937
104000000	112000000	5919.7603
105000000	112000000	10873.395
106000000	112000000	10406.69
107000000	112000000	8408.542
108000000	112000000	14640.753
109000000	112000000	17156.957
110000000	112000000	17289.809
111000000	112000000	112526.91
112000000	112000000	616559.44
0	113000000	1281.0303
1000000	113000000	1321.8031
2000000	113000000	1410.5438
3000000	113000000	892.9334
4000000	113000000	1025.0708
5000000	113000000	898.6509
6000000	113000000	739.7728
7000000	113000000	769.87866
8000000	113000000	955.72205
9000000	113000000	880.7387
10000000	113000000	1006.64075
11000000	113000000	668.5981
12000000	113000000	731.1057
13000000	113000000	956.8127
14000000	113000000	881.499
15000000	113000000	1132.8148
16000000	113000000	988.96173
17000000	113000000	790.35425
18000000	113000000	760.8716
19000000	113000000	749.7921
20000000	113000000	748.2668
21000000	113000000	686.5208
22000000	113000000	613.8837
23000000	113000000	838.8861
24000000	113000000	952.2472
25000000	113000000	1002.2667
26000000	113000000	1015.04004
27000000	113000000	818.28595
28000000	113000000	1251.8334
29000000	113000000	1399.8253
30000000	113000000	1141.4241
31000000	113000000	722.3773
32000000	113000000	773.047
33000000	113000000	1043.6605
34000000	113000000	942.69995
35000000	113000000	999.0707
36000000	113000000	1008.95325
37000000	113000000	868.5874
38000000	113000000	928.6209
39000000	113000000	362.28934
42000000	113000000	1353.6493
43000000	113000000	2091.2449
44000000	113000000	2320.4595
45000000	113000000	2230.7778
46000000	113000000	1177.0642
47000000	113000000	2352.2537
48000000	113000000	2740.5166
49000000	113000000	1563.6879
50000000	113000000	2510.9368
51000000	113000000	1664.7792
52000000	113000000	2586.7354
53000000	113000000	3322.591
54000000	113000000	2936.882
55000000	113000000	2665.9607
56000000	113000000	2976.2854
57000000	113000000	2993.9087
58000000	113000000	2838.489
59000000	113000000	3231.3613
60000000	113000000	2729.855
61000000	113000000	2858.2698
62000000	113000000	3077.6235
63000000	113000000	2565.779
64000000	113000000	1869.7761
65000000	113000000	2592.4111
66000000	113000000	3673.748
67000000	113000000	2990.5293
68000000	113000000	3982.7334
69000000	113000000	3119.8389
70000000	113000000	1695.7662
71000000	113000000	2887.4917
72000000	113000000	2012.551
73000000	113000000	1537.2396
74000000	113000000	1203.63
75000000	113000000	1063.5425
76000000	113000000	1311.6853
77000000	113000000	5306.23
78000000	113000000	5613.3223
79000000	113000000	4243.5723
80000000	113000000	4890.965
81000000	113000000	4268.3203
82000000	113000000	4832.9883
83000000	113000000	6173.895
84000000	113000000	6044.2466
85000000	113000000	5695.815
86000000	113000000	7707.5005
87000000	113000000	7750.236
88000000	113000000	3749.2078
89000000	113000000	1741.8401
90000000	113000000	1876.2449
91000000	113000000	3035.4297
92000000	113000000	3892.8179
93000000	113000000	3176.9727
94000000	113000000	2908.206
95000000	113000000	5285.7515
96000000	113000000	5839.688
97000000	113000000	3458.195
98000000	113000000	2667.9688
99000000	113000000	4436.067
100000000	113000000	7575.2954
101000000	113000000	4574.1416
102000000	113000000	3304.2473
103000000	113000000	2240.727
104000000	113000000	2248.4407
105000000	113000000	5987.68
106000000	113000000	17723.996
107000000	113000000	19400.873
108000000	113000000	20528.756
109000000	113000000	14837.782
110000000	113000000	26860.99
111000000	113000000	52561.633
112000000	113000000	115883.37
113000000	113000000	483766.62
0	114000000	1445.9767
1000000	114000000	1478.6969
2000000	114000000	1276.7202
3000000	114000000	1052.4052
4000000	114000000	1070.3679
5000000	114000000	1056.6622
6000000	114000000	920.2612
7000000	114000000	1012.2061
8000000	114000000	913.1702
9000000	114000000	705.07025
10000000	114000000	842.65643
11000000	114000000	969.9887
12000000	114000000	1025.6442
13000000	114000000	1214.4115
14000000	114000000	1177.9283
15000000	114000000	1277.4214
16000000	114000000	880.3352
17000000	114000000	843.26135
18000000	114000000	724.2677
19000000	114000000	515.3377
20000000	114000000	590.9873
21000000	114000000	741.3703
22000000	114000000	720.94073
23000000	114000000	875.87244
24000000	114000000	858.0116
25000000	114000000	952.3116
26000000	114000000	1166.1884
27000000	114000000	1082.5646
28000000	114000000	1191.2213
29000000	114000000	1375.5397
30000000	114000000	1346.1302
31000000	114000000	881.69434
32000000	114000000	956.94366
33000000	114000000	889.4839
34000000	114000000	928.8024
35000000	114000000	1192.0659
36000000	114000000	718.71967
37000000	114000000	564.9168
38000000	114000000	649.0492
39000000	114000000	153.06976
42000000	114000000	911.311
43000000	114000000	2098.7979
44000000	114000000	2378.2432
45000000	114000000	2554.2996
46000000	114000000	1862.0435
47000000	114000000	2860.5447
48000000	114000000	3475.8313
49000000	114000000	2455.0093
50000000	114000000	3383.6465
51000000	114000000	2269.4087
52000000	114000000	3395.8389
53000000	114000000	3188.2422
54000000	114000000	3046.6155
55000000	114000000	2262.167
56000000	114000000	2426.1719
57000000	114000000	2376.4155
58000000	114000000	2337.883
59000000	114000000	2642.1404
60000000	114000000	2818.1777
61000000	114000000	2854.8115
62000000	114000000	3023.8074
63000000	114000000	2791.4648
64000000	114000000	2482.494
65000000	114000000	3267.6875
66000000	114000000	2964.3623
67000000	114000000	2871.115
68000000	114000000	3433.9102
69000000	114000000	3560.4988
70000000	114000000	2661.81
71000000	114000000	3445.996
72000000	114000000	2680.0005
73000000	114000000	2052.018
74000000	114000000	1698.3696
75000000	114000000	1715.831
76000000	114000000	2298.362
77000000	114000000	5399.7773
78000000	114000000	5545.2476
79000000	114000000	5776.0493
80000000	114000000	6078.6235
81000000	114000000	5729.0293
82000000	114000000	5427.194
83000000	114000000	4217.8193
84000000	114000000	4750.9316
85000000	114000000	5725.2744
86000000	114000000	7767.8774
87000000	114000000	7968.752
88000000	114000000	5777.9985
89000000	114000000	2583.0342
90000000	114000000	2805.74
91000000	114000000	3619.3877
92000000	114000000	4018.54
93000000	114000000	3794.2122
94000000	114000000	4095.1145
95000000	114000000	6082.7495
96000000	114000000	5560.1597
97000000	114000000	4545.157
98000000	114000000	3751.0442
99000000	114000000	5814.2144
100000000	114000000	7204.4316
101000000	114000000	5863.069
102000000	114000000	4081.8035
103000000	114000000	2966.9888
104000000	114000000	3061.6611
105000000	114000000	8018.4146
106000000	114000000	16687.922
107000000	114000000	13840.886
108000000	114000000	14650.177
109000000	114000000	10685.3
110000000	114000000	15038.422
111000000	114000000	27715.814
112000000	114000000	36262.902
113000000	114000000	101766.91
114000000	114000000	458863.2
0	115000000	1531.2369
1000000	115000000	1512.116
2000000	115000000	1117.9983
3000000	115000000	1028.8213
4000000	115000000	889.0239
5000000	115000000	1139.5118
6000000	115000000	1103.2229
7000000	115000000	1106.955
8000000	115000000	793.05457
9000000	115000000	555.94116
10000000	115000000	707.6069
11000000	115000000	1213.1844
12000000	115000000	1286.3022
13000000	115000000	1363.9897
14000000	115000000	1287.735
15000000	115000000	1232.7644
16000000	115000000	903.32135
17000000	115000000	846.1197
18000000	115000000	789.601
19000000	115000000	423.2833
20000000	115000000	600.7826
21000000	115000000	733.5295
22000000	115000000	1023.08734
23000000	115000000	807.73535
24000000	115000000	857.6525
25000000	115000000	948.63153
26000000	115000000	1091.6566
27000000	115000000	1149.4952
28000000	115000000	1059.0593
29000000	115000000	1136.8842
30000000	115000000	1374.6217
31000000	115000000	1189.4017
32000000	115000000	1126.8365
33000000	115000000	848.6357
34000000	115000000	931.3725
35000000	115000000	1254.2098
36000000	115000000	673.22504
37000000	115000000	518.77875
38000000	115000000	762.2822
39000000	115000000	198.99028
42000000	115000000	720.9823
43000000	115000000	1966.7692
44000000	115000000	2126.7708
45000000	115000000	2289.767
46000000	115000000	1777.4448
47000000	115000000	2403.0696
48000000	115000000	2665.0854
49000000	115000000	2793.043
50000000	115000000	3376.331
51000000	115000000	2168.7473
52000000	115000000	3305.92
53000000	115000000	2380.5383
54000000	115000000	2461.1755
55000000	115000000	1869.672
56000000	115000000	1913.5406
57000000	115000000	1952.0227
58000000	115000000	2130.2844
59000000	115000000	2217.6108
60000000	115000000	2773.143
61000000	115000000	2601.814
62000000	115000000	2691.5012
63000000	115000000	3004.1501
64000000	115000000	3177.4443
65000000	115000000	3438.193
66000000	115000000	2397.457
67000000	115000000	2700.1
68000000	115000000	2664.722
69000000	115000000	3664.897
70000000	115000000	3391.841
71000000	115000000	3377.676
72000000	115000000	2641.9248
73000000	115000000	2155.4058
74000000	115000000	2094.4265
75000000	115000000	2260.728
76000000	115000000	3252.044
77000000	115000000	4858.711
78000000	115000000	4552.9307
79000000	115000000	5417.9717
80000000	115000000	5294.17
81000000	115000000	5783.501
82000000	115000000	5319.6997
83000000	115000000	3401.2273
84000000	115000000	4023.1753
85000000	115000000	5250.2993
86000000	115000000	6176.396
87000000	115000000	6440.755
88000000	115000000	6192.187
89000000	115000000	3419.9233
90000000	115000000	3567.0793
91000000	115000000	4142.8774
92000000	115000000	3884.1812
93000000	115000000	3927.7278
94000000	115000000	4358.877
95000000	115000000	5316.734
96000000	115000000	5169.2793
97000000	115000000	5328.3374
98000000	115000000	4732.3555
99000000	115000000	5828.184
100000000	115000000	5967.8384
101000000	115000000	5935.2314
102000000	115000000	4201.518
103000000	115000000	3291.9229
104000000	115000000	3885.3413
105000000	115000000	8544.111
106000000	115000000	13318.056
107000000	115000000	10087.179
108000000	115000000	11299.394
109000000	115000000	9701.29
110000000	115000000	11033.579
111000000	115000000	17966.09
112000000	115000000	21635.402
113000000	115000000	37299.613
114000000	115000000	129004.33
115000000	115000000	503827.1
0	116000000	1326.2018
1000000	116000000	1393.29
2000000	116000000	1107.5099
3000000	116000000	1020.76196
4000000	116000000	912.12585
5000000	116000000	1083.2323
6000000	116000000	989.4619
7000000	116000000	1074.3071
8000000	116000000	979.67725
9000000	116000000	786.3342
10000000	116000000	923.47064
11000000	116000000	1301.9043
12000000	116000000	1133.0377
13000000	116000000	1213.7726
14000000	116000000	1199.778
15000000	116000000	1234.3302
16000000	116000000	1015.29285
17000000	116000000	904.9764
18000000	116000000	851.44244
19000000	116000000	666.4181
20000000	116000000	716.21783
21000000	116000000	849.00555
22000000	116000000	1072.251
23000000	116000000	1018.4331
24000000	116000000	1055.7554
25000000	116000000	1069.8138
26000000	116000000	1269.5526
27000000	116000000	1222.6045
28000000	116000000	1218.3881
29000000	116000000	1143.0688
30000000	116000000	1234.1089
31000000	116000000	1025.4672
32000000	116000000	1102.4807
33000000	116000000	990.9667
34000000	116000000	955.36237
35000000	116000000	1349.8425
36000000	116000000	811.34534
37000000	116000000	568.36914
38000000	116000000	867.21674
39000000	116000000	265.11145
42000000	116000000	818.4082
43000000	116000000	2041.9049
44000000	116000000	1930.5731
45000000	116000000	2214.4111
46000000	116000000	1492.7281
47000000	116000000	1984.0126
48000000	116000000	2099.1304
49000000	116000000	2190.3103
50000000	116000000	2877.8936
51000000	116000000	2030.2556
52000000	116000000	3581.0347
53000000	116000000	3215.7468
54000000	116000000	3345.348
55000000	116000000	2614.6123
56000000	116000000	2790.8892
57000000	116000000	2828.9639
58000000	116000000	2990.7588
59000000	116000000	3204.624
60000000	116000000	3216.0293
61000000	116000000	3087.9136
62000000	116000000	3183.8936
63000000	116000000	3392.4153
64000000	116000000	2819.205
65000000	116000000	3600.958
66000000	116000000	3294.8167
67000000	116000000	3439.9675
68000000	116000000	3517.1116
69000000	116000000	3819.4197
70000000	116000000	2778.7798
71000000	116000000	2600.4197
72000000	116000000	2067.2083
73000000	116000000	1722.1827
74000000	116000000	1643.7125
75000000	116000000	1754.1355
76000000	116000000	2550.73
77000000	116000000	4234.354
78000000	116000000	4347.7793
79000000	116000000	4635.5396
80000000	116000000	4132.869
81000000	116000000	5254.384
82000000	116000000	5920.044
83000000	116000000	4418.2144
84000000	116000000	4978.1626
85000000	116000000	6225.6846
86000000	116000000	6585.8896
87000000	116000000	6261.5776
88000000	116000000	5382.055
89000000	116000000	2690.7434
90000000	116000000	2825.5896
91000000	116000000	3804.9983
92000000	116000000	3850.2048
93000000	116000000	3627.5
94000000	116000000	3708.01
95000000	116000000	4744.623
96000000	116000000	5449.315
97000000	116000000	5053.8726
98000000	116000000	3742.4807
99000000	116000000	4799.0938
100000000	116000000	5907.816
101000000	116000000	5195.1816
102000000	116000000	3402.039
103000000	116000000	2642.0024
104000000	116000000	2972.8386
105000000	116000000	6681.0674
106000000	116000000	11935.791
107000000	116000000	11054.141
108000000	116000000	11725.097
109000000	116000000	9502.441
110000000	116000000	10729.279
111000000	116000000	15171.28
112000000	116000000	14385.419
113000000	116000000	21369.055
114000000	116000000	38146.45
115000000	116000000	106902.805
116000000	116000000	556101.06
0	117000000	994.8827
1000000	117000000	1330.2144
2000000	117000000	1757.7197
3000000	117000000	843.784
4000000	117000000	1078.4156
5000000	117000000	810.44666
6000000	117000000	621.3083
7000000	117000000	767.9742
8000000	117000000	1310.1676
9000000	117000000	1334.5448
10000000	117000000	1524.3359
11000000	117000000	690.4993
12000000	117000000	528.0577
13000000	117000000	691.79425
14000000	117000000	692.4407
15000000	117000000	1141.6199
16000000	117000000	1140.9535
17000000	117000000	910.74
18000000	117000000	869.4723
19000000	117000000	1087.1841
20000000	117000000	1003.2182
21000000	117000000	837.5757
22000000	117000000	656.96924
23000000	117000000	905.17145
24000000	117000000	1129.842
25000000	117000000	1328.0664
26000000	117000000	1200.2515
27000000	117000000	760.80566
28000000	117000000	1370.5294
29000000	117000000	1430.2096
30000000	117000000	954.66736
31000000	117000000	606.33234
32000000	117000000	756.9644
33000000	117000000	1148.4459
34000000	117000000	1056.5793
35000000	117000000	962.1901
36000000	117000000	1323.7009
37000000	117000000	1122.6259
38000000	117000000	888.84796
39000000	117000000	382.64545
42000000	117000000	1786.0344
43000000	117000000	1912.7805
44000000	117000000	2053.4575
45000000	117000000	1945.5957
46000000	117000000	911.1255
47000000	117000000	1889.9767
48000000	117000000	2098.2368
49000000	117000000	960.67816
50000000	117000000	1695.6068
51000000	117000000	1193.2139
52000000	117000000	2865.6611
53000000	117000000	4729.4985
54000000	117000000	3827.265
55000000	117000000	4048.8545
56000000	117000000	4391.5137
57000000	117000000	4301.227
58000000	117000000	3932.72
59000000	117000000	4587.7256
60000000	117000000	2977.9443
61000000	117000000	3170.1035
62000000	117000000	3623.4565
63000000	117000000	2678.9846
64000000	117000000	1524.3544
65000000	117000000	2725.8984
66000000	117000000	5153.6953
67000000	117000000	4033.283
68000000	117000000	5657.129
69000000	117000000	3068.5789
70000000	117000000	1096.1511
71000000	117000000	1704.5789
72000000	117000000	1315.3269
73000000	117000000	866.0496
74000000	117000000	832.4317
75000000	117000000	725.9896
76000000	117000000	859.11334
77000000	117000000	4626.459
78000000	117000000	6054.8535
79000000	117000000	3336.5713
80000000	117000000	3424.4448
81000000	117000000	3135.4888
82000000	117000000	5031.028
83000000	117000000	8789.579
84000000	117000000	8254.58
85000000	117000000	6157.7544
86000000	117000000	8464.048
87000000	117000000	7736.914
88000000	117000000	2707.2534
89000000	117000000	1203.0122
90000000	117000000	1457.7062
91000000	117000000	2445.7358
92000000	117000000	3591.8994
93000000	117000000	2554.2024
94000000	117000000	1985.7506
95000000	117000000	4201.6865
96000000	117000000	4939.6665
97000000	117000000	2674.4392
98000000	117000000	1679.708
99000000	117000000	2877.0886
100000000	117000000	6870.6333
101000000	117000000	3256.978
102000000	117000000	2093.0151
103000000	117000000	1465.9305
104000000	117000000	1403.1096
105000000	117000000	3077.3604
106000000	117000000	13681.841
107000000	117000000	19426.367
108000000	117000000	14615.494
109000000	117000000	9380.533
110000000	117000000	15083.392
111000000	117000000	14116.448
112000000	117000000	6861.433
113000000	117000000	23287.707
114000000	117000000	24598.082
115000000	117000000	26612.4
116000000	117000000	88574.336
117000000	117000000	551079.0
0	118000000	1317.2584
1000000	118000000	1591.4662
2000000	118000000	1807.3063
3000000	118000000	909.6187
4000000	118000000	1090.6832
5000000	118000000	984.909
6000000	118000000	802.5533
7000000	118000000	902.02496
8000000	118000000	1127.1726
9000000	118000000	998.56836
10000000	118000000	1247.316
11000000	118000000	861.5933
12000000	118000000	715.4555
13000000	118000000	990.70355
14000000	118000000	909.0753
15000000	118000000	1291.2192
16000000	118000000	1050.8021
17000000	118000000	889.12305
18000000	118000000	819.65686
19000000	118000000	804.9796
20000000	118000000	754.9779
21000000	118000000	744.1385
22000000	118000000	655.50635
23000000	118000000	916.6088
24000000	118000000	1025.1094
25000000	118000000	1074.1056
26000000	118000000	1248.7131
27000000	118000000	916.9724
28000000	118000000	1267.873
29000000	118000000	1540.7001
30000000	118000000	1099.871
31000000	118000000	672.9388
32000000	118000000	743.57025
33000000	118000000	1022.3382
34000000	118000000	1069.0071
35000000	118000000	1079.2169
36000000	118000000	1024.3492
37000000	118000000	892.79285
38000000	118000000	802.2137
39000000	118000000	454.55124
42000000	118000000	1410.8003
43000000	118000000	2108.6199
44000000	118000000	2375.4333
45000000	118000000	2260.9944
46000000	118000000	1172.0366
47000000	118000000	2445.562
48000000	118000000	2732.094
49000000	118000000	1499.7666
50000000	118000000	2378.1719
51000000	118000000	1487.4735
52000000	118000000	2987.036
53000000	118000000	3723.62
54000000	118000000	3195.6082
55000000	118000000	2934.4023
56000000	118000000	3183.722
57000000	118000000	3017.9817
58000000	118000000	2838.501
59000000	118000000	3416.784
60000000	118000000	2689.5198
61000000	118000000	2751.4888
62000000	118000000	3172.8474
63000000	118000000	2659.352
64000000	118000000	1824.1235
65000000	118000000	2673.832
66000000	118000000	3899.917
67000000	118000000	3145.9875
68000000	118000000	4467.0234
69000000	118000000	3071.1428
70000000	118000000	1528.625
71000000	118000000	2431.7654
72000000	118000000	1841.8657
73000000	118000000	1323.3198
74000000	118000000	1054.5253
75000000	118000000	963.97174
76000000	118000000	1325.9473
77000000	118000000	5519.559
78000000	118000000	6315.9995
79000000	118000000	4459.192
80000000	118000000	4832.7476
81000000	118000000	4380.1357
82000000	118000000	5006.5405
83000000	118000000	6225.1694
84000000	118000000	6052.3994
85000000	118000000	5662.4736
86000000	118000000	7858.9927
87000000	118000000	8251.056
88000000	118000000	3821.0015
89000000	118000000	1521.3397
90000000	118000000	1618.8724
91000000	118000000	2594.2847
92000000	118000000	3610.1106
93000000	118000000	2673.1602
94000000	118000000	2503.985
95000000	118000000	4822.395
96000000	118000000	5209.523
97000000	118000000	3264.4026
98000000	118000000	2336.7324
99000000	118000000	3904.0554
100000000	118000000	6986.6157
101000000	118000000	4145.757
102000000	118000000	2807.118
103000000	118000000	1795.2441
104000000	118000000	1726.6666
105000000	118000000	4406.338
106000000	118000000	14771.499
107000000	118000000	14921.2
108000000	118000000	11804.723
109000000	118000000	7456.4097
110000000	118000000	11069.256
111000000	118000000	12393.878
112000000	118000000	7532.7646
113000000	118000000	20039.676
114000000	118000000	24254.035
115000000	118000000	23714.83
116000000	118000000	39929.45
117000000	118000000	119591.15
118000000	118000000	481206.3
0	119000000	1583.8939
1000000	119000000	1669.7139
2000000	119000000	1399.9685
3000000	119000000	1071.3953
4000000	119000000	1102.7809
5000000	119000000	1138.6083
6000000	119000000	1097.9518
7000000	119000000	1043.5581
8000000	119000000	844.4618
9000000	119000000	656.78394
10000000	119000000	814.4985
11000000	119000000	1187.4207
12000000	119000000	1218.4364
13000000	119000000	1388.6547
14000000	119000000	1356.3838
15000000	119000000	1276.4705
16000000	119000000	918.7555
17000000	119000000	868.17535
18000000	119000000	819.90015
19000000	119000000	490.79285
20000000	119000000	536.8742
21000000	119000000	708.2642
22000000	119000000	882.5256
23000000	119000000	830.9661
24000000	119000000	876.47876
25000000	119000000	945.9368
26000000	119000000	1115.2716
27000000	119000000	1088.8392
28000000	119000000	1201.6144
29000000	119000000	1259.4681
30000000	119000000	1304.6742
31000000	119000000	1062.2701
32000000	119000000	1018.7549
33000000	119000000	973.4996
34000000	119000000	927.9633
35000000	119000000	1232.1018
36000000	119000000	678.8535
37000000	119000000	538.0339
38000000	119000000	741.5083
39000000	119000000	277.84787
42000000	119000000	710.1971
43000000	119000000	1913.3771
44000000	119000000	2147.2356
45000000	119000000	2348.9653
46000000	119000000	1724.0764
47000000	119000000	2588.3474
48000000	119000000	2887.2864
49000000	119000000	2568.192
50000000	119000000	3304.5547
51000000	119000000	2063.164
52000000	119000000	2816.8315
53000000	119000000	2288.713
54000000	119000000	2161.2766
55000000	119000000	1743.2737
56000000	119000000	1835.0414
57000000	119000000	1765.8019
58000000	119000000	1870.4323
59000000	119000000	2113.0588
60000000	119000000	2428.5613
61000000	119000000	2264.6128
62000000	119000000	2399.3682
63000000	119000000	2578.8423
64000000	119000000	2443.496
65000000	119000000	2667.695
66000000	119000000	2168.8274
67000000	119000000	2253.078
68000000	119000000	2514.463
69000000	119000000	3152.388
70000000	119000000	2595.2166
71000000	119000000	3628.0222
72000000	119000000	2823.3923
73000000	119000000	2118.966
74000000	119000000	1813.3446
75000000	119000000	1756.0583
76000000	119000000	2374.6025
77000000	119000000	5117.8467
78000000	119000000	4811.7485
79000000	119000000	5341.309
80000000	119000000	5557.602
81000000	119000000	5299.883
82000000	119000000	4671.266
83000000	119000000	3225.0645
84000000	119000000	3688.0525
85000000	119000000	4451.0464
86000000	119000000	5644.741
87000000	119000000	5894.3496
88000000	119000000	5175.604
89000000	119000000	2525.8977
90000000	119000000	2669.86
91000000	119000000	3383.2522
92000000	119000000	3629.5903
93000000	119000000	3446.0608
94000000	119000000	3768.603
95000000	119000000	5361.1094
96000000	119000000	5093.7793
97000000	119000000	4520.546
98000000	119000000	3920.112
99000000	119000000	5406.0137
100000000	119000000	6103.527
101000000	119000000	5426.0
102000000	119000000	4323.3853
103000000	119000000	2965.9355
104000000	119000000	2937.9868
105000000	119000000	6899.579
106000000	119000000	10801.741
107000000	119000000	7858.32
108000000	119000000	7522.582
109000000	119000000	6104.3936
110000000	119000000	6814.1357
111000000	119000000	9099.688
112000000	119000000	9049.451
113000000	119000000	12778.75
114000000	119000000	17655.926
115000000	119000000	18988.064
116000000	119000000	21514.781
117000000	119000000	24682.346
118000000	119000000	99635.08
119000000	119000000	544435.7
0	120000000	1845.4567
1000000	120000000	1595.6866
2000000	120000000	1173.1083
3000000	120000000	1049.4312
4000000	120000000	935.3357
5000000	120000000	1231.7587
6000000	120000000	1218.5498
7000000	120000000	980.23
8000000	120000000	654.9859
9000000	120000000	548.87195
10000000	120000000	624.4878
11000000	120000000	1126.3811
12000000	120000000	1457.4113
13000000	120000000	1589.1553
14000000	120000000	1437.7787
15000000	120000000	1159.8552
16000000	120000000	770.72974
17000000	120000000	709.69617
18000000	120000000	668.08435
19000000	120000000	376.6255
20000000	120000000	447.5421
21000000	120000000	639.7171
22000000	120000000	811.00073
23000000	120000000	760.0566
24000000	120000000	738.85754
25000000	120000000	771.4451
26000000	120000000	979.3965
27000000	120000000	1157.8712
28000000	120000000	1120.9579
29000000	120000000	1160.3123
30000000	120000000	1398.6989
31000000	120000000	1066.3177
32000000	120000000	1103.7922
33000000	120000000	793.6064
34000000	120000000	790.06714
35000000	120000000	1069.5884
36000000	120000000	552.29504
37000000	120000000	440.03522
38000000	120000000	632.6446
39000000	120000000	201.17499
42000000	120000000	565.4679
43000000	120000000	1830.7434
44000000	120000000	1849.0708
45000000	120000000	2324.0623
46000000	120000000	1734.3475
47000000	120000000	2377.1555
48000000	120000000	2749.1765
49000000	120000000	2642.8982
50000000	120000000	3163.787
51000000	120000000	2218.3528
52000000	120000000	2316.332
53000000	120000000	1678.4236
54000000	120000000	1553.4724
55000000	120000000	1284.6013
56000000	120000000	1271.5518
57000000	120000000	1349.4852
58000000	120000000	1389.3163
59000000	120000000	1444.745
60000000	120000000	1912.9152
61000000	120000000	1877.7288
62000000	120000000	1855.1803
63000000	120000000	2041.406
64000000	120000000	2265.047
65000000	120000000	2300.4788
66000000	120000000	1635.3344
67000000	120000000	1594.5071
68000000	120000000	1866.5178
69000000	120000000	2864.329
70000000	120000000	3895.9536
71000000	120000000	4505.7324
72000000	120000000	3567.5398
73000000	120000000	2969.3855
74000000	120000000	2664.848
75000000	120000000	2896.4885
76000000	120000000	3007.295
77000000	120000000	4413.344
78000000	120000000	3998.9338
79000000	120000000	5078.846
80000000	120000000	5631.6943
81000000	120000000	5160.4473
82000000	120000000	3732.3413
83000000	120000000	2340.358
84000000	120000000	2720.568
85000000	120000000	3344.0874
86000000	120000000	4482.3013
87000000	120000000	4901.2676
88000000	120000000	5425.8096
89000000	120000000	2889.2244
90000000	120000000	2945.6968
91000000	120000000	3359.2104
92000000	120000000	3501.5103
93000000	120000000	3741.5803
94000000	120000000	4271.7056
95000000	120000000	5315.9
96000000	120000000	5166.017
97000000	120000000	4550.4575
98000000	120000000	4737.6284
99000000	120000000	6717.8774
100000000	120000000	5935.9146
101000000	120000000	6379.4404
102000000	120000000	5869.732
103000000	120000000	4488.124
104000000	120000000	4612.973
105000000	120000000	8684.411
106000000	120000000	8876.831
107000000	120000000	5648.0146
108000000	120000000	5456.547
109000000	120000000	4391.3115
110000000	120000000	4882.235
111000000	120000000	7460.0957
112000000	120000000	8442.552
113000000	120000000	10178.619
114000000	120000000	13599.74
115000000	120000000	14995.599
116000000	120000000	15182.63
117000000	120000000	14840.918
118000000	120000000	36826.31
119000000	120000000	114970.94
120000000	120000000	494530.06
0	121000000	1750.0979
1000000	121000000	1458.8809
2000000	121000000	965.1055
3000000	121000000	1145.6134
4000000	121000000	900.14685
5000000	121000000	1383.8168
6000000	121000000	1289.9996
7000000	121000000	1011.45135
8000000	121000000	606.5654
9000000	121000000	429.15024
10000000	121000000	547.14746
11000000	121000000	1177.8793
12000000	121000000	1756.509
13000000	121000000	1637.8833
14000000	121000000	1516.8955
15000000	121000000	1074.2184
16000000	121000000	786.2966
17000000	121000000	777.1383
18000000	121000000	714.0533
19000000	121000000	344.41492
20000000	121000000	422.04947
21000000	121000000	758.3133
22000000	121000000	930.3349
23000000	121000000	700.7567
24000000	121000000	733.83105
25000000	121000000	781.04736
26000000	121000000	988.4018
27000000	121000000	1362.6724
28000000	121000000	984.1355
29000000	121000000	1008.6739
30000000	121000000	1506.2545
31000000	121000000	1301.2418
32000000	121000000	1277.9111
33000000	121000000	747.83276
34000000	121000000	847.1127
35000000	121000000	1117.1023
36000000	121000000	506.36432
37000000	121000000	352.4337
38000000	121000000	622.54987
39000000	121000000	132.86697
42000000	121000000	507.9735
43000000	121000000	1631.009
44000000	121000000	1649.8942
45000000	121000000	2093.8618
46000000	121000000	1931.9995
47000000	121000000	1858.6427
48000000	121000000	2090.6355
49000000	121000000	3032.0278
50000000	121000000	2925.3054
51000000	121000000	2113.9424
52000000	121000000	2311.8086
53000000	121000000	1337.2987
54000000	121000000	1374.8021
55000000	121000000	977.6071
56000000	121000000	1035.8772
57000000	121000000	1042.8135
58000000	121000000	1243.5259
59000000	121000000	1173.6697
60000000	121000000	1996.0569
61000000	121000000	1759.8635
62000000	121000000	1657.7002
63000000	121000000	2111.1655
64000000	121000000	2579.715
65000000	121000000	2369.0073
66000000	121000000	1144.9229
67000000	121000000	1538.1051
68000000	121000000	1430.8348
69000000	121000000	2826.7085
70000000	121000000	4915.328
71000000	121000000	4309.785
72000000	121000000	3818.6482
73000000	121000000	3548.8613
74000000	121000000	3661.309
75000000	121000000	4269.8516
76000000	121000000	3931.0015
77000000	121000000	3739.77
78000000	121000000	3048.6555
79000000	121000000	4729.3306
80000000	121000000	4497.3276
81000000	121000000	4797.3916
82000000	121000000	3357.93
83000000	121000000	1634.4292
84000000	121000000	2146.519
85000000	121000000	3023.1968
86000000	121000000	3419.224
87000000	121000000	3491.8833
88000000	121000000	5484.2646
89000000	121000000	3792.3625
90000000	121000000	3816.075
91000000	121000000	3982.8357
92000000	121000000	3447.148
93000000	121000000	4214.866
94000000	121000000	4885.086
95000000	121000000	4482.105
96000000	121000000	4601.0454
97000000	121000000	5125.1304
98000000	121000000	5591.269
99000000	121000000	6611.962
100000000	121000000	4843.711
101000000	121000000	6433.687
102000000	121000000	6198.3965
103000000	121000000	5579.6304
104000000	121000000	6330.335
105000000	121000000	9119.995
106000000	121000000	6461.9385
107000000	121000000	4099.494
108000000	121000000	4400.1567
109000000	121000000	4598.143
110000000	121000000	3959.8376
111000000	121000000	6342.0396
112000000	121000000	9199.557
113000000	121000000	6483.347
114000000	121000000	9307.207
115000000	121000000	11326.607
116000000	121000000	10846.651
117000000	121000000	8006.981
118000000	121000000	14244.74
119000000	121000000	29325.182
120000000	121000000	160460.17
121000000	121000000	576973.56
0	122000000	1866.1099
1000000	122000000	1775.9976
2000000	122000000	1944.8822
3000000	122000000	1106.3871
4000000	122000000	1298.3063
5000000	122000000	1170.0242
6000000	122000000	973.53705
7000000	122000000	805.98737
8000000	122000000	856.04694
9000000	122000000	748.1217
10000000	122000000	836.8917
11000000	122000000	806.78516
12000000	122000000	976.6204
13000000	122000000	1277.222
14000000	122000000	1267.794
15000000	122000000	1270.0916
16000000	122000000	889.25385
17000000	122000000	769.2881
18000000	122000000	663.0483
19000000	122000000	577.8126
20000000	122000000	575.30975
21000000	122000000	648.8498
22000000	122000000	567.1711
23000000	122000000	757.4829
24000000	122000000	830.09564
25000000	122000000	853.20544
26000000	122000000	982.8095
27000000	122000000	886.68335
28000000	122000000	1292.467
29000000	122000000	1635.2794
30000000	122000000	1385.7924
31000000	122000000	885.9686
32000000	122000000	835.71375
33000000	122000000	1001.2546
34000000	122000000	974.5474
35000000	122000000	930.922
36000000	122000000	823.07837
37000000	122000000	626.4215
38000000	122000000	699.933
39000000	122000000	306.55865
42000000	122000000	1059.192
43000000	122000000	1828.9247
44000000	122000000	2255.0964
45000000	122000000	2436.783
46000000	122000000	1536.2305
47000000	122000000	2892.445
48000000	122000000	3422.681
49000000	122000000	1973.8259
50000000	122000000	2806.7424
51000000	122000000	1729.2129
52000000	122000000	2068.4739
53000000	122000000	2111.381
54000000	122000000	1775.074
55000000	122000000	1705.1062
56000000	122000000	1645.0035
57000000	122000000	1596.7615
58000000	122000000	1684.2275
59000000	122000000	1802.0864
60000000	122000000	1764.8655
61000000	122000000	1759.2123
62000000	122000000	2060.8674
63000000	122000000	1817.125
64000000	122000000	1534.1328
65000000	122000000	1854.6663
66000000	122000000	2246.0276
67000000	122000000	1913.6672
68000000	122000000	2466.6797
69000000	122000000	2269.4219
70000000	122000000	2076.1987
71000000	122000000	4090.9907
72000000	122000000	3349.1868
73000000	122000000	2333.173
74000000	122000000	1777.2502
75000000	122000000	1586.5288
76000000	122000000	1718.979
77000000	122000000	5963.292
78000000	122000000	6010.423
79000000	122000000	4917.5728
80000000	122000000	5739.739
81000000	122000000	3952.8533
82000000	122000000	3389.244
83000000	122000000	3657.467
84000000	122000000	3502.256
85000000	122000000	3429.756
86000000	122000000	5170.901
87000000	122000000	5914.1665
88000000	122000000	3556.778
89000000	122000000	1995.6249
90000000	122000000	2115.6082
91000000	122000000	2828.3613
92000000	122000000	3504.9807
93000000	122000000	3037.7976
94000000	122000000	3233.245
95000000	122000000	5456.388
96000000	122000000	5233.762
97000000	122000000	3372.7686
98000000	122000000	3008.657
99000000	122000000	5251.539
100000000	122000000	7162.792
101000000	122000000	5099.2485
102000000	122000000	4270.001
103000000	122000000	2652.9246
104000000	122000000	2435.9756
105000000	122000000	5024.4287
106000000	122000000	10048.693
107000000	122000000	8211.418
108000000	122000000	6527.4497
109000000	122000000	4694.297
110000000	122000000	6369.3833
111000000	122000000	6866.5977
112000000	122000000	5008.1743
113000000	122000000	11051.348
114000000	122000000	12460.721
115000000	122000000	11036.275
116000000	122000000	10609.655
117000000	122000000	14931.934
118000000	122000000	22251.08
119000000	122000000	25967.918
120000000	122000000	37244.28
121000000	122000000	91708.055
122000000	122000000	483558.06
0	123000000	2114.1504
1000000	123000000	2026.9484
2000000	123000000	1956.3367
3000000	123000000	1139.4774
4000000	123000000	1186.5063
5000000	123000000	1263.2297
6000000	123000000	1002.845
7000000	123000000	896.84406
8000000	123000000	891.63727
9000000	123000000	678.0361
10000000	123000000	901.31903
11000000	123000000	878.77405
12000000	123000000	1154.2692
13000000	123000000	1462.2982
14000000	123000000	1329.7886
15000000	123000000	1334.1162
16000000	123000000	873.1273
17000000	123000000	783.8666
18000000	123000000	706.59454
19000000	123000000	584.5538
20000000	123000000	591.1292
21000000	123000000	668.83496
22000000	123000000	699.45905
23000000	123000000	832.0124
24000000	123000000	842.2941
25000000	123000000	888.2328
26000000	123000000	939.78827
27000000	123000000	1013.62836
28000000	123000000	1280.7172
29000000	123000000	1561.1569
30000000	123000000	1436.5593
31000000	123000000	972.973
32000000	123000000	994.40094
33000000	123000000	994.5186
34000000	123000000	957.3076
35000000	123000000	1099.3121
36000000	123000000	773.0504
37000000	123000000	659.107
38000000	123000000	751.4864
39000000	123000000	257.5652
42000000	123000000	1154.6418
43000000	123000000	1936.2723
44000000	123000000	2372.364
45000000	123000000	2533.0754
46000000	123000000	1715.1222
47000000	123000000	3115.9082
48000000	123000000	3651.875
49000000	123000000	2195.0989
50000000	123000000	3046.3828
51000000	123000000	2029.757
52000000	123000000	2072.1987
53000000	123000000	1928.9902
54000000	123000000	1701.876
55000000	123000000	1422.9424
56000000	123000000	1465.1288
57000000	123000000	1428.5671
58000000	123000000	1487.8291
59000000	123000000	1616.3556
60000000	123000000	1684.4581
61000000	123000000	1730.392
62000000	123000000	1925.9058
63000000	123000000	1816.549
64000000	123000000	1590.8168
65000000	123000000	1993.554
66000000	123000000	1952.617
67000000	123000000	1752.5527
68000000	123000000	2170.813
69000000	123000000	2442.6323
70000000	123000000	2337.4124
71000000	123000000	4327.346
72000000	123000000	3650.2964
73000000	123000000	2563.6697
74000000	123000000	2152.7134
75000000	123000000	1890.4146
76000000	123000000	2202.047
77000000	123000000	5996.626
78000000	123000000	5878.3926
79000000	123000000	5404.7236
80000000	123000000	6141.8857
81000000	123000000	4280.9473
82000000	123000000	3557.5342
83000000	123000000	3172.8906
84000000	123000000	3083.4995
85000000	123000000	3412.6873
86000000	123000000	5037.197
87000000	123000000	5579.7363
88000000	123000000	3997.9265
89000000	123000000	2198.9338
90000000	123000000	2241.4094
91000000	123000000	2811.946
92000000	123000000	3460.2424
93000000	123000000	3108.5554
94000000	123000000	3374.6265
95000000	123000000	5309.229
96000000	123000000	5129.565
97000000	123000000	3789.9988
98000000	123000000	3474.715
99000000	123000000	5696.8857
100000000	123000000	7009.138
101000000	123000000	5397.569
102000000	123000000	4687.749
103000000	123000000	3103.885
104000000	123000000	2836.128
105000000	123000000	5733.9214
106000000	123000000	9498.805
107000000	123000000	7233.308
108000000	123000000	5813.376
109000000	123000000	4411.078
110000000	123000000	5353.624
111000000	123000000	6673.745
112000000	123000000	5391.5464
113000000	123000000	9973.964
114000000	123000000	12255.962
115000000	123000000	11111.702
116000000	123000000	9984.506
117000000	123000000	12453.398
118000000	123000000	18357.73
119000000	123000000	20553.268
120000000	123000000	25490.816
121000000	123000000	32748.842
122000000	123000000	162538.05
123000000	123000000	485343.44
0	124000000	2284.164
1000000	124000000	1936.7223
2000000	124000000	1634.8445
3000000	124000000	1156.2831
4000000	124000000	1146.1708
5000000	124000000	1265.9266
6000000	124000000	1074.7819
7000000	124000000	882.24445
8000000	124000000	678.1509
9000000	124000000	549.9118
10000000	124000000	707.59766
11000000	124000000	983.5799
12000000	124000000	1370.7571
13000000	124000000	1632.1549
14000000	124000000	1455.7393
15000000	124000000	1323.4001
16000000	124000000	804.6567
17000000	124000000	727.1181
18000000	124000000	607.8898
19000000	124000000	389.01663
20000000	124000000	412.0078
21000000	124000000	597.47766
22000000	124000000	704.0114
23000000	124000000	689.7919
24000000	124000000	742.58093
25000000	124000000	765.40375
26000000	124000000	874.12866
27000000	124000000	973.5843
28000000	124000000	1133.1449
29000000	124000000	1320.9338
30000000	124000000	1446.4631
31000000	124000000	1098.0721
32000000	124000000	988.4862
33000000	124000000	893.509
34000000	124000000	865.27234
35000000	124000000	1013.9253
36000000	124000000	631.89166
37000000	124000000	495.66995
38000000	124000000	626.29987
39000000	124000000	150.31886
42000000	124000000	692.7447
43000000	124000000	1897.2478
44000000	124000000	2222.898
45000000	124000000	2543.2124
46000000	124000000	1837.0454
47000000	124000000	3162.689
48000000	124000000	3577.0833
49000000	124000000	2679.0908
50000000	124000000	3367.4255
51000000	124000000	2160.6143
52000000	124000000	1890.1951
53000000	124000000	1493.371
54000000	124000000	1235.7697
55000000	124000000	1022.361
56000000	124000000	1058.7836
57000000	124000000	1024.7968
58000000	124000000	1103.7599
59000000	124000000	1256.0824
60000000	124000000	1528.1545
61000000	124000000	1557.2107
62000000	124000000	1622.6984
63000000	124000000	1694.4211
64000000	124000000	1720.2388
65000000	124000000	1842.3925
66000000	124000000	1399.1818
67000000	124000000	1350.1758
68000000	124000000	1655.6067
69000000	124000000	2069.3638
70000000	124000000	2712.2197
71000000	124000000	4986.292
72000000	124000000	4120.23
73000000	124000000	3079.8582
74000000	124000000	2449.4707
75000000	124000000	2330.855
76000000	124000000	2555.6348
77000000	124000000	5188.17
78000000	124000000	4722.2266
79000000	124000000	5404.973
80000000	124000000	6332.607
81000000	124000000	4488.9976
82000000	124000000	2964.7563
83000000	124000000	2144.5635
84000000	124000000	2369.4617
85000000	124000000	2885.1702
86000000	124000000	4098.4443
87000000	124000000	4964.224
88000000	124000000	4291.1504
89000000	124000000	2500.5984
90000000	124000000	2541.3416
91000000	124000000	2907.116
92000000	124000000	3355.9465
93000000	124000000	3250.5476
94000000	124000000	3564.8342
95000000	124000000	5403.4673
96000000	124000000	4840.2295
97000000	124000000	4182.24
98000000	124000000	4239.8755
99000000	124000000	6510.83
100000000	124000000	6334.308
101000000	124000000	5620.821
102000000	124000000	5651.835
103000000	124000000	3896.8354
104000000	124000000	3691.2576
105000000	124000000	6687.057
106000000	124000000	8103.25
107000000	124000000	5210.599
108000000	124000000	4662.206
109000000	124000000	3488.964
110000000	124000000	4026.1245
111000000	124000000	5458.122
112000000	124000000	5609.9443
113000000	124000000	8196.853
114000000	124000000	10493.39
115000000	124000000	10197.989
116000000	124000000	8477.924
117000000	124000000	8721.146
118000000	124000000	12671.536
119000000	124000000	15928.804
120000000	124000000	19525.816
121000000	124000000	20913.18
122000000	124000000	41940.555
123000000	124000000	92093.055
124000000	124000000	480068.97
0	125000000	1979.4622
1000000	125000000	1533.5966
2000000	125000000	1035.7118
3000000	125000000	1065.5009
4000000	125000000	931.36646
5000000	125000000	1203.8824
6000000	125000000	1283.5441
7000000	125000000	911.2131
8000000	125000000	554.4502
9000000	125000000	375.4191
10000000	125000000	502.72568
11000000	125000000	1098.0297
12000000	125000000	1643.0774
13000000	125000000	1719.759
14000000	125000000	1725.8076
15000000	125000000	1027.2269
16000000	125000000	707.7792
17000000	125000000	671.3339
18000000	125000000	647.24713
19000000	125000000	293.83057
20000000	125000000	407.36935
21000000	125000000	562.02783
22000000	125000000	826.9404
23000000	125000000	667.2541
24000000	125000000	651.68036
25000000	125000000	683.4871
26000000	125000000	762.23
27000000	125000000	940.088
28000000	125000000	844.70105
29000000	125000000	1025.8285
30000000	125000000	1482.524
31000000	125000000	1367.2717
32000000	125000000	1055.258
33000000	125000000	772.1384
34000000	125000000	850.5646
35000000	125000000	1048.6791
36000000	125000000	431.79736
37000000	125000000	368.41864
38000000	125000000	568.26575
39000000	125000000	170.52083
42000000	125000000	479.9563
43000000	125000000	1518.5789
44000000	125000000	1806.2539
45000000	125000000	2148.2004
46000000	125000000	1757.7009
47000000	125000000	2202.4424
48000000	125000000	2538.0454
49000000	125000000	2829.0032
50000000	125000000	3101.0134
51000000	125000000	1918.2709
52000000	125000000	1851.715
53000000	125000000	962.39636
54000000	125000000	1045.4517
55000000	125000000	734.52264
56000000	125000000	735.82495
57000000	125000000	693.1096
58000000	125000000	847.3617
59000000	125000000	824.0802
60000000	125000000	1370.2129
61000000	125000000	1285.7328
62000000	125000000	1193.2875
63000000	125000000	1623.1641
64000000	125000000	2106.5503
65000000	125000000	1762.1381
66000000	125000000	918.46173
67000000	125000000	1098.9519
68000000	125000000	1030.7678
69000000	125000000	1956.2894
70000000	125000000	2906.686
71000000	125000000	4606.7524
72000000	125000000	3894.2366
73000000	125000000	3458.7712
74000000	125000000	2666.107
75000000	125000000	2876.945
76000000	125000000	3289.0566
77000000	125000000	4082.3408
78000000	125000000	3168.44
79000000	125000000	4650.7295
80000000	125000000	5030.9536
81000000	125000000	4130.2207
82000000	125000000	2604.6501
83000000	125000000	1339.9387
84000000	125000000	1696.2762
85000000	125000000	2352.1719
86000000	125000000	2868.4836
87000000	125000000	3431.7852
88000000	125000000	4234.77
89000000	125000000	3192.668
90000000	125000000	3249.7747
91000000	125000000	3127.2224
92000000	125000000	2999.2522
93000000	125000000	3141.2002
94000000	125000000	3892.982
95000000	125000000	4192.4214
96000000	125000000	3700.9268
97000000	125000000	4380.684
98000000	125000000	5087.973
99000000	125000000	5879.4834
100000000	125000000	4574.263
101000000	125000000	5209.3765
102000000	125000000	5486.613
103000000	125000000	4295.4697
104000000	125000000	4514.3584
105000000	125000000	7071.944
106000000	125000000	5823.8213
107000000	125000000	3219.2815
108000000	125000000	3363.7896
109000000	125000000	3393.6655
110000000	125000000	3056.1782
111000000	125000000	4343.4854
112000000	125000000	5971.4653
113000000	125000000	5404.645
114000000	125000000	7407.913
115000000	125000000	8480.945
116000000	125000000	6465.3687
117000000	125000000	4657.0967
118000000	125000000	6999.4995
119000000	125000000	11273.58
120000000	125000000	13349.796
121000000	125000000	15766.725
122000000	125000000	19308.99
123000000	125000000	28240.879
124000000	125000000	181171.84
125000000	125000000	569602.0
0	126000000	2369.3662
1000000	126000000	1817.3717
2000000	126000000	1202.1908
3000000	126000000	1297.5837
4000000	126000000	1054.1115
5000000	126000000	1401.669
6000000	126000000	1339.4059
7000000	126000000	1133.0387
8000000	126000000	678.1433
9000000	126000000	452.88278
10000000	126000000	587.4508
11000000	126000000	1312.8914
12000000	126000000	1704.1125
13000000	126000000	1710.7162
14000000	126000000	1657.4056
15000000	126000000	1220.4661
16000000	126000000	881.52875
17000000	126000000	786.6877
18000000	126000000	730.0247
19000000	126000000	387.4536
20000000	126000000	458.1563
21000000	126000000	778.13776
22000000	126000000	928.85333
23000000	126000000	746.6848
24000000	126000000	800.8738
25000000	126000000	791.2457
26000000	126000000	964.54425
27000000	126000000	1191.6707
28000000	126000000	1054.5215
29000000	126000000	1194.6255
30000000	126000000	1548.7439
31000000	126000000	1237.6841
32000000	126000000	1189.2543
33000000	126000000	910.51355
34000000	126000000	988.5474
35000000	126000000	1397.5442
36000000	126000000	583.5374
37000000	126000000	437.36545
38000000	126000000	716.7665
39000000	126000000	197.65733
42000000	126000000	695.5995
43000000	126000000	2211.209
44000000	126000000	2185.0164
45000000	126000000	2595.84
46000000	126000000	2066.8694
47000000	126000000	2513.172
48000000	126000000	2712.4788
49000000	126000000	2897.7422
50000000	126000000	3182.8716
51000000	126000000	2436.5493
52000000	126000000	2293.28
53000000	126000000	1300.1552
54000000	126000000	1345.2278
55000000	126000000	992.4134
56000000	126000000	1001.6535
57000000	126000000	1012.92847
58000000	126000000	1108.1113
59000000	126000000	1187.538
60000000	126000000	1734.5947
61000000	126000000	1679.8932
62000000	126000000	1674.4167
63000000	126000000	1993.2365
64000000	126000000	2337.1133
65000000	126000000	2174.894
66000000	126000000	1190.5298
67000000	126000000	1412.8235
68000000	126000000	1430.3395
69000000	126000000	2518.5938
70000000	126000000	3635.015
71000000	126000000	4288.592
72000000	126000000	3774.8027
73000000	126000000	3308.25
74000000	126000000	2697.3337
75000000	126000000	3190.4917
76000000	126000000	3378.377
77000000	126000000	4212.7646
78000000	126000000	3443.109
79000000	126000000	5062.0537
80000000	126000000	5500.045
81000000	126000000	5141.5137
82000000	126000000	3312.7913
83000000	126000000	1703.141
84000000	126000000	2072.9
85000000	126000000	3030.5425
86000000	126000000	3742.9492
87000000	126000000	4188.4517
88000000	126000000	5408.6455
89000000	126000000	3054.248
90000000	126000000	2995.6702
91000000	126000000	3045.974
92000000	126000000	2880.682
93000000	126000000	3395.8083
94000000	126000000	4353.605
95000000	126000000	4622.8604
96000000	126000000	4242.4688
97000000	126000000	4773.9214
98000000	126000000	5148.5044
99000000	126000000	6443.1704
100000000	126000000	4988.844
101000000	126000000	6109.7876
102000000	126000000	5722.6274
103000000	126000000	4440.1416
104000000	126000000	4757.6255
105000000	126000000	8526.745
106000000	126000000	7499.975
107000000	126000000	4220.293
108000000	126000000	4263.709
109000000	126000000	3686.0742
110000000	126000000	3525.2092
111000000	126000000	5929.6357
112000000	126000000	7518.915
113000000	126000000	6467.043
114000000	126000000	9800.022
115000000	126000000	9844.297
116000000	126000000	8387.745
117000000	126000000	5790.6685
118000000	126000000	8990.029
119000000	126000000	12570.208
120000000	126000000	14711.572
121000000	126000000	15717.264
122000000	126000000	17450.18
123000000	126000000	23837.928
124000000	126000000	52482.156
125000000	126000000	132448.2
126000000	126000000	536408.4
0	127000000	2374.1987
1000000	127000000	2097.5151
2000000	127000000	1959.5117
3000000	127000000	1225.6392
4000000	127000000	1173.1996
5000000	127000000	1150.5837
6000000	127000000	982.44977
7000000	127000000	1000.50183
8000000	127000000	1024.9114
9000000	127000000	844.8163
10000000	127000000	1029.8192
11000000	127000000	910.0372
12000000	127000000	969.9724
13000000	127000000	1178.9491
14000000	127000000	1035.9694
15000000	127000000	1316.1655
16000000	127000000	1040.1495
17000000	127000000	937.6484
18000000	127000000	851.61755
19000000	127000000	732.95154
20000000	127000000	770.29816
21000000	127000000	852.5891
22000000	127000000	744.7265
23000000	127000000	893.2756
24000000	127000000	985.4655
25000000	127000000	1013.4022
26000000	127000000	1068.9341
27000000	127000000	1044.353
28000000	127000000	1344.1948
29000000	127000000	1626.8418
30000000	127000000	1383.7985
31000000	127000000	896.1655
32000000	127000000	1063.7278
33000000	127000000	1252.2133
34000000	127000000	1197.5265
35000000	127000000	1555.124
36000000	127000000	1186.7202
37000000	127000000	1006.1517
38000000	127000000	1228.0626
39000000	127000000	376.08804
42000000	127000000	1685.2043
43000000	127000000	3468.571
44000000	127000000	3044.701
45000000	127000000	2641.9473
46000000	127000000	1498.3599
47000000	127000000	2435.8455
48000000	127000000	2713.1802
49000000	127000000	1739.1145
50000000	127000000	2441.342
51000000	127000000	1757.4827
52000000	127000000	2066.0452
53000000	127000000	2098.785
54000000	127000000	1973.6104
55000000	127000000	1680.2104
56000000	127000000	1755.4015
57000000	127000000	1806.7661
58000000	127000000	1920.5092
59000000	127000000	2033.7161
60000000	127000000	1986.3047
61000000	127000000	2002.4564
62000000	127000000	2050.1704
63000000	127000000	1882.7393
64000000	127000000	1621.349
65000000	127000000	2122.7664
66000000	127000000	2257.2979
67000000	127000000	1997.0748
68000000	127000000	2671.9197
69000000	127000000	2643.1543
70000000	127000000	2014.191
71000000	127000000	2824.788
72000000	127000000	2095.8806
73000000	127000000	1470.2397
74000000	127000000	1279.8601
75000000	127000000	1286.3572
76000000	127000000	1535.2559
77000000	127000000	4867.581
78000000	127000000	4867.9346
79000000	127000000	4437.912
80000000	127000000	4828.834
81000000	127000000	4134.3843
82000000	127000000	4070.525
83000000	127000000	3890.2
84000000	127000000	3679.0598
85000000	127000000	4036.2634
86000000	127000000	5225.3315
87000000	127000000	5411.3267
88000000	127000000	3631.9731
89000000	127000000	1442.2993
90000000	127000000	1612.8735
91000000	127000000	2314.93
92000000	127000000	2813.5564
93000000	127000000	2519.7083
94000000	127000000	2511.0596
95000000	127000000	4200.852
96000000	127000000	4508.73
97000000	127000000	3204.2583
98000000	127000000	2548.5056
99000000	127000000	4431.9927
100000000	127000000	5799.048
101000000	127000000	4249.668
102000000	127000000	3181.7913
103000000	127000000	1981.2776
104000000	127000000	2031.586
105000000	127000000	4854.9688
106000000	127000000	10457.844
107000000	127000000	8398.426
108000000	127000000	6633.059
109000000	127000000	4768.119
110000000	127000000	6249.408
111000000	127000000	7631.812
112000000	127000000	5889.6216
113000000	127000000	10196.0625
114000000	127000000	11429.231
115000000	127000000	9606.385
116000000	127000000	9401.389
117000000	127000000	11208.1875
118000000	127000000	14316.712
119000000	127000000	12537.276
120000000	127000000	12580.037
121000000	127000000	10689.335
122000000	127000000	19591.717
123000000	127000000	23510.371
124000000	127000000	27387.816
125000000	127000000	24956.031
126000000	127000000	103999.64
127000000	127000000	451843.2
0	128000000	1457.2455
1000000	128000000	1429.1625
2000000	128000000	2135.8552
3000000	128000000	621.6165
4000000	128000000	801.1383
5000000	128000000	760.8816
6000000	128000000	502.2469
7000000	128000000	474.84167
8000000	128000000	860.43414
9000000	128000000	1090.4884
10000000	128000000	1283.035
11000000	128000000	449.31094
12000000	128000000	398.54865
13000000	128000000	474.2369
14000000	128000000	497.24713
15000000	128000000	920.63293
16000000	128000000	837.6758
17000000	128000000	581.0859
18000000	128000000	731.64874
19000000	128000000	1518.9083
20000000	128000000	1379.388
21000000	128000000	727.5162
22000000	128000000	414.91626
23000000	128000000	716.9025
24000000	128000000	857.19574
25000000	128000000	964.1989
26000000	128000000	743.7076
27000000	128000000	494.07364
28000000	128000000	940.4464
29000000	128000000	1647.128
30000000	128000000	900.01025
31000000	128000000	495.91132
32000000	128000000	645.7731
33000000	128000000	1456.7644
34000000	128000000	1436.1791
35000000	128000000	1092.5829
36000000	128000000	2349.5503
37000000	128000000	2590.1113
38000000	128000000	1849.6932
39000000	128000000	1451.848
42000000	128000000	4858.5757
43000000	128000000	2819.9976
44000000	128000000	2661.2869
45000000	128000000	1618.2856
46000000	128000000	602.8
47000000	128000000	1359.304
48000000	128000000	1535.2405
49000000	128000000	599.05194
50000000	128000000	1041.0349
51000000	128000000	711.15924
52000000	128000000	1114.6011
53000000	128000000	1844.9099
54000000	128000000	1746.001
55000000	128000000	1900.6476
56000000	128000000	1950.1434
57000000	128000000	1820.3954
58000000	128000000	1930.0414
59000000	128000000	1950.8458
60000000	128000000	1251.2671
61000000	128000000	1313.953
62000000	128000000	1560.1035
63000000	128000000	1130.6587
64000000	128000000	783.14075
65000000	128000000	1434.3458
66000000	128000000	2977.2783
67000000	128000000	2536.6792
68000000	128000000	2927.4255
69000000	128000000	1656.8296
70000000	128000000	676.5882
71000000	128000000	1357.7574
72000000	128000000	981.1841
73000000	128000000	652.76056
74000000	128000000	504.71793
75000000	128000000	452.10562
76000000	128000000	517.8953
77000000	128000000	4076.4797
78000000	128000000	4877.523
79000000	128000000	2127.8997
80000000	128000000	2535.2214
81000000	128000000	1736.0951
82000000	128000000	2822.6995
83000000	128000000	6348.43
84000000	128000000	4690.4956
85000000	128000000	3084.8958
86000000	128000000	4167.6787
87000000	128000000	4196.9805
88000000	128000000	1351.0079
89000000	128000000	586.6806
90000000	128000000	711.51263
91000000	128000000	1248.9429
92000000	128000000	1879.6072
93000000	128000000	1389.3143
94000000	128000000	1056.5664
95000000	128000000	2400.9475
96000000	128000000	2921.8455
97000000	128000000	1307.3441
98000000	128000000	910.8116
99000000	128000000	1978.4026
100000000	128000000	4455.632
101000000	128000000	1985.0319
102000000	128000000	1335.656
103000000	128000000	846.1029
104000000	128000000	833.3944
105000000	128000000	1728.4095
106000000	128000000	8259.661
107000000	128000000	11134.628
108000000	128000000	6359.05
109000000	128000000	4435.325
110000000	128000000	7382.385
111000000	128000000	5979.102
112000000	128000000	2588.3494
113000000	128000000	9256.35
114000000	128000000	6707.1133
115000000	128000000	5649.022
116000000	128000000	5474.0947
117000000	128000000	13227.362
118000000	128000000	12102.103
119000000	128000000	6798.265
120000000	128000000	6033.2373
121000000	128000000	4752.6294
122000000	128000000	13760.453
123000000	128000000	14597.54
124000000	128000000	12027.95
125000000	128000000	9107.229
126000000	128000000	17739.178
127000000	128000000	114466.164
128000000	128000000	535644.2
0	129000000	2030.8582
1000000	129000000	1949.3307
2000000	129000000	1982.3845
3000000	129000000	1010.9807
4000000	129000000	1047.1893
5000000	129000000	1012.75616
6000000	129000000	746.2356
7000000	129000000	823.4762
8000000	129000000	976.1863
9000000	129000000	997.7979
10000000	129000000	1148.3035
11000000	129000000	757.6203
12000000	129000000	631.6471
13000000	129000000	790.88184
14000000	129000000	735.1329
15000000	129000000	1108.9187
16000000	129000000	947.81067
17000000	129000000	772.73956
18000000	129000000	864.73
19000000	129000000	1057.2756
20000000	129000000	979.6089
21000000	129000000	848.2261
22000000	129000000	671.41046
23000000	129000000	845.2725
24000000	129000000	992.10266
25000000	129000000	998.94867
26000000	129000000	987.8099
27000000	129000000	795.11566
28000000	129000000	1162.3939
29000000	129000000	1570.8601
30000000	129000000	1168.6318
31000000	129000000	713.5565
32000000	129000000	866.4732
33000000	129000000	1390.396
34000000	129000000	1376.0869
35000000	129000000	1470.8662
36000000	129000000	1745.5887
37000000	129000000	1750.699
38000000	129000000	1603.993
39000000	129000000	891.9935
42000000	129000000	3101.4397
43000000	129000000	3437.5635
44000000	129000000	2906.7205
45000000	129000000	2244.639
46000000	129000000	1050.3129
47000000	129000000	1668.8513
48000000	129000000	1916.2361
49000000	129000000	1200.4105
50000000	129000000	1748.6228
51000000	129000000	1263.811
52000000	129000000	1787.2759
53000000	129000000	2147.0964
54000000	129000000	2048.1987
55000000	129000000	1900.7249
56000000	129000000	1929.8336
57000000	129000000	1958.3374
58000000	129000000	1913.4473
59000000	129000000	2137.6985
60000000	129000000	1822.9921
61000000	129000000	1689.7169
62000000	129000000	1878.6517
63000000	129000000	1729.4429
64000000	129000000	1323.8247
65000000	129000000	1880.7942
66000000	129000000	2732.4404
67000000	129000000	2442.6816
68000000	129000000	2988.6885
69000000	129000000	2231.0354
70000000	129000000	1397.811
71000000	129000000	1902.3734
72000000	129000000	1495.0771
73000000	129000000	1026.2708
74000000	129000000	909.31696
75000000	129000000	881.3682
76000000	129000000	1073.8584
77000000	129000000	4371.494
78000000	129000000	4836.143
79000000	129000000	3317.8562
80000000	129000000	3592.4778
81000000	129000000	3197.7788
82000000	129000000	3856.978
83000000	129000000	5188.478
84000000	129000000	4281.858
85000000	129000000	3891.8237
86000000	129000000	4799.5547
87000000	129000000	4846.39
88000000	129000000	2591.0977
89000000	129000000	1076.7701
90000000	129000000	1169.4882
91000000	129000000	1812.7654
92000000	129000000	2242.8901
93000000	129000000	1841.0887
94000000	129000000	1717.371
95000000	129000000	3118.6677
96000000	129000000	3708.819
97000000	129000000	2292.6943
98000000	129000000	1624.387
99000000	129000000	3087.5483
100000000	129000000	4848.5693
101000000	129000000	3137.757
102000000	129000000	2094.2856
103000000	129000000	1341.2557
104000000	129000000	1351.4191
105000000	129000000	3260.1074
106000000	129000000	9574.018
107000000	129000000	9856.616
108000000	129000000	7078.716
109000000	129000000	4923.3555
110000000	129000000	7017.816
111000000	129000000	7338.847
112000000	129000000	4798.198
113000000	129000000	9494.701
114000000	129000000	9070.731
115000000	129000000	7606.795
116000000	129000000	7887.621
117000000	129000000	12189.374
118000000	129000000	13013.562
119000000	129000000	9019.996
120000000	129000000	8540.178
121000000	129000000	7020.332
122000000	129000000	13899.216
123000000	129000000	15109.394
124000000	129000000	13720.106
125000000	129000000	10818.775
126000000	129000000	22110.494
127000000	129000000	76418.11
128000000	129000000	141117.69
129000000	129000000	471887.2
0	130000000	2257.7522
1000000	130000000	2181.2234
2000000	130000000	2573.882
3000000	130000000	1040.5406
4000000	130000000	1208.7834
5000000	130000000	1038.4595
6000000	130000000	726.62177
7000000	130000000	745.4133
8000000	130000000	1032.0345
9000000	130000000	992.19916
10000000	130000000	1241.7289
11000000	130000000	664.53687
12000000	130000000	643.0017
13000000	130000000	828.8989
14000000	130000000	812.0369
15000000	130000000	1111.8063
16000000	130000000	938.2059
17000000	130000000	770.06976
18000000	130000000	761.84174
19000000	130000000	1043.3877
20000000	130000000	935.5468
21000000	130000000	794.50635
22000000	130000000	510.17834
23000000	130000000	762.87885
24000000	130000000	935.745
25000000	130000000	977.3376
26000000	130000000	948.52026
27000000	130000000	742.3571
28000000	130000000	1273.8522
29000000	130000000	1810.0308
30000000	130000000	1256.3875
31000000	130000000	687.3115
32000000	130000000	785.94666
33000000	130000000	1305.0243
34000000	130000000	1275.5542
35000000	130000000	1275.874
36000000	130000000	1561.5074
37000000	130000000	1430.567
38000000	130000000	1327.539
39000000	130000000	776.60297
42000000	130000000	2544.9324
43000000	130000000	3198.7773
44000000	130000000	2995.1702
45000000	130000000	2415.8547
46000000	130000000	1059.7732
47000000	130000000	2312.2253
48000000	130000000	2583.1506
49000000	130000000	1106.953
50000000	130000000	1773.1865
51000000	130000000	1280.708
52000000	130000000	1752.5988
53000000	130000000	2207.574
54000000	130000000	1970.0701
55000000	130000000	1822.2935
56000000	130000000	1976.8113
57000000	130000000	1811.3058
58000000	130000000	1799.7236
59000000	130000000	2207.9478
60000000	130000000	1620.3735
61000000	130000000	1702.4996
62000000	130000000	1858.5372
63000000	130000000	1508.7587
64000000	130000000	1127.3296
65000000	130000000	1810.6963
66000000	130000000	2656.1238
67000000	130000000	2107.0337
68000000	130000000	3041.1567
69000000	130000000	2026.8226
70000000	130000000	1089.8003
71000000	130000000	2130.0686
72000000	130000000	1648.3217
73000000	130000000	1114.3671
74000000	130000000	761.6098
75000000	130000000	681.14856
76000000	130000000	893.2898
77000000	130000000	4890.8047
78000000	130000000	5334.7007
79000000	130000000	3549.0234
80000000	130000000	4269.679
81000000	130000000	3019.0193
82000000	130000000	3410.606
83000000	130000000	4762.524
84000000	130000000	4083.4087
85000000	130000000	3522.742
86000000	130000000	5137.934
87000000	130000000	5611.309
88000000	130000000	2452.7053
89000000	130000000	900.08
90000000	130000000	1001.5821
91000000	130000000	1649.3527
92000000	130000000	2286.0483
93000000	130000000	1724.4053
94000000	130000000	1654.8856
95000000	130000000	3373.3726
96000000	130000000	3600.894
97000000	130000000	1962.4923
98000000	130000000	1511.1927
99000000	130000000	3069.0383
100000000	130000000	5373.5
101000000	130000000	2934.697
102000000	130000000	2123.5327
103000000	130000000	1219.7273
104000000	130000000	1196.1602
105000000	130000000	3104.0884
106000000	130000000	10644.852
107000000	130000000	9867.187
108000000	130000000	6789.9897
109000000	130000000	4317.5664
110000000	130000000	6535.9478
111000000	130000000	7016.944
112000000	130000000	3931.5457
113000000	130000000	10512.694
114000000	130000000	9725.839
115000000	130000000	7855.5186
116000000	130000000	7410.419
117000000	130000000	12728.475
118000000	130000000	14281.689
119000000	130000000	9453.508
120000000	130000000	8323.645
121000000	130000000	6159.7334
122000000	130000000	14364.52
123000000	130000000	15733.068
124000000	130000000	13249.641
125000000	130000000	9232.405
126000000	130000000	15371.999
127000000	130000000	37281.76
128000000	130000000	49671.836
129000000	130000000	95000.54
130000000	130000000	474216.66
0	131000000	2480.2676
1000000	131000000	2055.9685
2000000	131000000	2066.7307
3000000	131000000	1047.0989
4000000	131000000	1050.4
5000000	131000000	1109.1954
6000000	131000000	791.9255
7000000	131000000	845.1349
8000000	131000000	947.29675
9000000	131000000	886.7744
10000000	131000000	997.05005
11000000	131000000	763.5592
12000000	131000000	733.3384
13000000	131000000	816.7843
14000000	131000000	844.933
15000000	131000000	1126.4664
16000000	131000000	961.2873
17000000	131000000	793.5324
18000000	131000000	887.0723
19000000	131000000	1038.1007
20000000	131000000	1032.2479
21000000	131000000	821.27625
22000000	131000000	712.6608
23000000	131000000	820.20056
24000000	131000000	926.69684
25000000	131000000	1022.13477
26000000	131000000	934.2126
27000000	131000000	843.02576
28000000	131000000	1180.7778
29000000	131000000	1604.8959
30000000	131000000	1290.9457
31000000	131000000	940.67395
32000000	131000000	1017.4781
33000000	131000000	1415.2148
34000000	131000000	1298.2003
35000000	131000000	1621.8024
36000000	131000000	1731.6287
37000000	131000000	1780.3594
38000000	131000000	1999.1929
39000000	131000000	741.68274
42000000	131000000	2991.252
43000000	131000000	3837.6172
44000000	131000000	3089.975
45000000	131000000	2162.841
46000000	131000000	1138.9072
47000000	131000000	1704.5486
48000000	131000000	1743.1749
49000000	131000000	1184.3943
50000000	131000000	1698.969
51000000	131000000	1337.676
52000000	131000000	1674.307
53000000	131000000	1918.2113
54000000	131000000	1937.3582
55000000	131000000	1618.523
56000000	131000000	1901.361
57000000	131000000	1646.3057
58000000	131000000	1875.462
59000000	131000000	1983.992
60000000	131000000	1705.517
61000000	131000000	1603.831
62000000	131000000	1737.6783
63000000	131000000	1521.926
64000000	131000000	1499.6876
65000000	131000000	1901.6097
66000000	131000000	2248.995
67000000	131000000	2112.095
68000000	131000000	2457.347
69000000	131000000	2247.47
70000000	131000000	1466.0822
71000000	131000000	2033.0627
72000000	131000000	1565.761
73000000	131000000	1121.0615
74000000	131000000	1002.9804
75000000	131000000	932.2463
76000000	131000000	1349.0648
77000000	131000000	4133.7812
78000000	131000000	4117.4897
79000000	131000000	3108.2515
80000000	131000000	3364.6448
81000000	131000000	2990.8164
82000000	131000000	3737.1155
83000000	131000000	4115.42
84000000	131000000	3665.5864
85000000	131000000	3647.4497
86000000	131000000	4030.736
87000000	131000000	4243.9033
88000000	131000000	2587.254
89000000	131000000	1202.6864
90000000	131000000	1261.9594
91000000	131000000	1871.7188
92000000	131000000	2214.9697
93000000	131000000	1901.8385
94000000	131000000	1794.5121
95000000	131000000	3003.8752
96000000	131000000	3501.5525
97000000	131000000	2243.6404
98000000	131000000	1648.2306
99000000	131000000	3096.7405
100000000	131000000	4515.9067
101000000	131000000	3051.8447
102000000	131000000	2172.4365
103000000	131000000	1474.697
104000000	131000000	1472.4509
105000000	131000000	3320.459
106000000	131000000	8128.3315
107000000	131000000	7715.758
108000000	131000000	6019.4917
109000000	131000000	4689.7783
110000000	131000000	5875.8926
111000000	131000000	6305.426
112000000	131000000	4587.1094
113000000	131000000	8095.459
114000000	131000000	7470.309
115000000	131000000	6804.3267
116000000	131000000	6776.867
117000000	131000000	9258.046
118000000	131000000	10141.848
119000000	131000000	7820.8486
120000000	131000000	7269.8467
121000000	131000000	6064.523
122000000	131000000	10621.021
123000000	131000000	11684.551
124000000	131000000	10151.414
125000000	131000000	7957.6953
126000000	131000000	11860.97
127000000	131000000	23739.75
128000000	131000000	32640.842
129000000	131000000	42088.992
130000000	131000000	142338.5
131000000	131000000	517420.75
0	132000000	2160.6406
1000000	132000000	1691.46
2000000	132000000	1920.4341
3000000	132000000	713.9815
4000000	132000000	738.5975
5000000	132000000	819.731
6000000	132000000	506.48187
7000000	132000000	466.1373
8000000	132000000	725.1821
9000000	132000000	863.7719
10000000	132000000	1022.93665
11000000	132000000	368.12766
12000000	132000000	426.30377
13000000	132000000	496.86826
14000000	132000000	499.20236
15000000	132000000	722.83435
16000000	132000000	729.3576
17000000	132000000	510.2641
18000000	132000000	645.12366
19000000	132000000	1456.6174
20000000	132000000	1212.7173
21000000	132000000	638.2513
22000000	132000000	342.21753
23000000	132000000	548.8268
24000000	132000000	699.8336
25000000	132000000	762.5182
26000000	132000000	639.73785
27000000	132000000	441.15765
28000000	132000000	801.5643
29000000	132000000	1495.6342
30000000	132000000	998.4029
31000000	132000000	549.1383
32000000	132000000	627.5031
33000000	132000000	1390.9987
34000000	132000000	1342.4481
35000000	132000000	1112.7913
36000000	132000000	2493.4373
37000000	132000000	2958.2935
38000000	132000000	2263.69
39000000	132000000	1989.2046
42000000	132000000	5558.569
43000000	132000000	3296.7354
44000000	132000000	2690.2485
45000000	132000000	1499.5182
46000000	132000000	649.2525
47000000	132000000	1188.9943
48000000	132000000	1233.7633
49000000	132000000	527.97644
50000000	132000000	947.37103
51000000	132000000	638.80237
52000000	132000000	940.0476
53000000	132000000	1219.6085
54000000	132000000	1245.0177
55000000	132000000	1425.814
56000000	132000000	1446.4244
57000000	132000000	1317.928
58000000	132000000	1427.0453
59000000	132000000	1447.5802
60000000	132000000	996.81323
61000000	132000000	956.2259
62000000	132000000	1081.5913
63000000	132000000	807.44763
64000000	132000000	708.1712
65000000	132000000	1117.4985
66000000	132000000	2252.2493
67000000	132000000	2110.9194
68000000	132000000	2302.8528
69000000	132000000	1410.9303
70000000	132000000	697.9873
71000000	132000000	1476.4099
72000000	132000000	1078.4397
73000000	132000000	706.3245
74000000	132000000	490.46695
75000000	132000000	499.84268
76000000	132000000	616.0338
77000000	132000000	3591.311
78000000	132000000	3855.0344
79000000	132000000	1854.3883
80000000	132000000	2333.4558
81000000	132000000	1539.344
82000000	132000000	2374.4812
83000000	132000000	4851.588
84000000	132000000	3424.852
85000000	132000000	2505.2417
86000000	132000000	2977.7617
87000000	132000000	3130.229
88000000	132000000	1222.8448
89000000	132000000	637.01843
90000000	132000000	643.5414
91000000	132000000	1073.485
92000000	132000000	1606.7228
93000000	132000000	1126.1418
94000000	132000000	980.7345
95000000	132000000	2012.743
96000000	132000000	2686.0835
97000000	132000000	1116.4891
98000000	132000000	838.24524
99000000	132000000	1931.05
100000000	132000000	3617.3958
101000000	132000000	1769.2361
102000000	132000000	1303.1873
103000000	132000000	850.0588
104000000	132000000	873.5272
105000000	132000000	1708.4507
106000000	132000000	6220.453
107000000	132000000	8147.1313
108000000	132000000	4512.0176
109000000	132000000	3539.692
110000000	132000000	5335.007
111000000	132000000	4542.0815
112000000	132000000	2267.1477
113000000	132000000	6889.759
114000000	132000000	4890.4844
115000000	132000000	4395.4453
116000000	132000000	3982.4006
117000000	132000000	8305.179
118000000	132000000	7958.019
119000000	132000000	5018.137
120000000	132000000	4665.6597
121000000	132000000	3746.2969
122000000	132000000	8950.857
123000000	132000000	9468.289
124000000	132000000	7218.2495
125000000	132000000	5493.835
126000000	132000000	7371.229
127000000	132000000	18836.066
128000000	132000000	57704.973
129000000	132000000	42632.832
130000000	132000000	60641.594
131000000	132000000	99543.06
132000000	132000000	528268.7
0	133000000	2982.9482
1000000	133000000	2154.542
2000000	133000000	2025.1165
3000000	133000000	882.67096
4000000	133000000	846.5033
5000000	133000000	936.4961
6000000	133000000	708.7143
7000000	133000000	587.48334
8000000	133000000	754.4457
9000000	133000000	679.09143
10000000	133000000	877.9893
11000000	133000000	604.5267
12000000	133000000	615.2568
13000000	133000000	708.65704
14000000	133000000	697.6442
15000000	133000000	964.4917
16000000	133000000	794.1761
17000000	133000000	647.23737
18000000	133000000	708.2819
19000000	133000000	1019.4245
20000000	133000000	922.6945
21000000	133000000	738.01996
22000000	133000000	566.9464
23000000	133000000	638.7766
24000000	133000000	767.0998
25000000	133000000	769.5974
26000000	133000000	714.0033
27000000	133000000	684.82855
28000000	133000000	933.78766
29000000	133000000	1485.5247
30000000	133000000	1116.0294
31000000	133000000	744.00055
32000000	133000000	788.05994
33000000	133000000	1324.2904
34000000	133000000	1304.5193
35000000	133000000	1435.4364
36000000	133000000	1889.0927
37000000	133000000	2230.1084
38000000	133000000	2168.4258
39000000	133000000	1302.3582
42000000	133000000	4312.102
43000000	133000000	3975.3557
44000000	133000000	2905.2698
45000000	133000000	1841.0891
46000000	133000000	860.73816
47000000	133000000	1452.4119
48000000	133000000	1559.3478
49000000	133000000	908.10345
50000000	133000000	1357.385
51000000	133000000	923.84357
52000000	133000000	1112.1709
53000000	133000000	1208.1669
54000000	133000000	1198.8378
55000000	133000000	1250.3414
56000000	133000000	1275.1246
57000000	133000000	1198.0046
58000000	133000000	1287.3461
59000000	133000000	1314.507
60000000	133000000	1161.7388
61000000	133000000	1148.8838
62000000	133000000	1147.3701
63000000	133000000	1148.5365
64000000	133000000	1028.1807
65000000	133000000	1324.7886
66000000	133000000	1864.251
67000000	133000000	1665.395
68000000	133000000	1931.1984
69000000	133000000	1610.0923
70000000	133000000	1169.239
71000000	133000000	1871.2834
72000000	133000000	1528.56
73000000	133000000	1020.99677
74000000	133000000	823.7057
75000000	133000000	801.30414
76000000	133000000	975.2444
77000000	133000000	3770.869
78000000	133000000	3413.0046
79000000	133000000	2662.2366
80000000	133000000	3114.58
81000000	133000000	2401.8452
82000000	133000000	2787.8477
83000000	133000000	3680.5134
84000000	133000000	2846.7827
85000000	133000000	2611.9011
86000000	133000000	3271.0059
87000000	133000000	3364.049
88000000	133000000	2099.2827
89000000	133000000	905.17255
90000000	133000000	896.1179
91000000	133000000	1423.7285
92000000	133000000	1692.4224
93000000	133000000	1499.8281
94000000	133000000	1439.1074
95000000	133000000	2364.6406
96000000	133000000	2814.6074
97000000	133000000	1690.6583
98000000	133000000	1445.2045
99000000	133000000	3047.785
100000000	133000000	3677.8865
101000000	133000000	2618.5718
102000000	133000000	1994.6675
103000000	133000000	1218.2571
104000000	133000000	1284.6992
105000000	133000000	2931.5854
106000000	133000000	6726.1035
107000000	133000000	6531.3066
108000000	133000000	4469.512
109000000	133000000	3438.375
110000000	133000000	4757.84
111000000	133000000	4757.0566
112000000	133000000	3326.9358
113000000	133000000	6669.8267
114000000	133000000	5896.1226
115000000	133000000	5488.885
116000000	133000000	4686.517
117000000	133000000	6721.668
118000000	133000000	7641.1753
119000000	133000000	6127.9614
120000000	133000000	6133.315
121000000	133000000	4887.5923
122000000	133000000	9483.252
123000000	133000000	10501.392
124000000	133000000	9065.209
125000000	133000000	7137.007
126000000	133000000	10265.478
127000000	133000000	19743.633
128000000	133000000	39124.676
129000000	133000000	34600.78
130000000	133000000	47773.656
131000000	133000000	71708.46
132000000	133000000	187702.31
133000000	133000000	486429.34
0	134000000	5820.646
1000000	134000000	3018.4436
2000000	134000000	1966.9994
3000000	134000000	1430.0497
4000000	134000000	1055.8735
5000000	134000000	1348.7131
6000000	134000000	1115.2416
7000000	134000000	886.45667
8000000	134000000	683.6509
9000000	134000000	575.7826
10000000	134000000	689.8774
11000000	134000000	914.7725
12000000	134000000	1061.4381
13000000	134000000	1157.1577
14000000	134000000	1153.1798
15000000	134000000	1165.6216
16000000	134000000	807.191
17000000	134000000	725.1098
18000000	134000000	769.7417
19000000	134000000	685.4973
20000000	134000000	747.0918
21000000	134000000	790.7652
22000000	134000000	780.89386
23000000	134000000	731.49585
24000000	134000000	793.0088
25000000	134000000	776.8899
26000000	134000000	817.4154
27000000	134000000	929.4582
28000000	134000000	1031.2021
29000000	134000000	1375.5714
30000000	134000000	1464.5919
31000000	134000000	1044.8162
32000000	134000000	1149.0275
33000000	134000000	1263.7744
34000000	134000000	1265.3419
35000000	134000000	1870.2059
36000000	134000000	1440.357
37000000	134000000	1558.1926
38000000	134000000	2262.0789
39000000	134000000	1099.1583
42000000	134000000	3253.8423
43000000	134000000	4694.299
44000000	134000000	3241.151
45000000	134000000	2333.657
46000000	134000000	1220.1273
47000000	134000000	1691.9097
48000000	134000000	1897.3461
49000000	134000000	1606.8949
50000000	134000000	1948.5051
51000000	134000000	1471.3599
52000000	134000000	1460.6649
53000000	134000000	1083.0244
54000000	134000000	1170.8589
55000000	134000000	923.7067
56000000	134000000	865.94226
57000000	134000000	957.2424
58000000	134000000	1085.3064
59000000	134000000	1185.2317
60000000	134000000	1348.7742
61000000	134000000	1254.0237
62000000	134000000	1189.359
63000000	134000000	1300.9519
64000000	134000000	1560.3744
65000000	134000000	1637.9653
66000000	134000000	1234.7407
67000000	134000000	1312.3804
68000000	134000000	1362.9893
69000000	134000000	1901.6373
70000000	134000000	2087.3655
71000000	134000000	3255.6597
72000000	134000000	2729.7131
73000000	134000000	2131.8953
74000000	134000000	1449.3346
75000000	134000000	1625.1084
76000000	134000000	1919.4186
77000000	134000000	3931.1191
78000000	134000000	3109.5425
79000000	134000000	3620.7698
80000000	134000000	4515.2744
81000000	134000000	3671.752
82000000	134000000	3074.3506
83000000	134000000	2105.365
84000000	134000000	2145.3154
85000000	134000000	2638.9504
86000000	134000000	2891.3037
87000000	134000000	3337.9548
88000000	134000000	3234.0767
89000000	134000000	1642.5659
90000000	134000000	1526.3138
91000000	134000000	1975.0365
92000000	134000000	2081.7874
93000000	134000000	2100.3247
94000000	134000000	2174.0122
95000000	134000000	3021.761
96000000	134000000	3094.6128
97000000	134000000	2585.52
98000000	134000000	2612.8054
99000000	134000000	4659.526
100000000	134000000	3993.5464
101000000	134000000	3766.3794
102000000	134000000	3827.2998
103000000	134000000	2419.4329
104000000	134000000	2820.9456
105000000	134000000	5131.3228
106000000	134000000	6404.495
107000000	134000000	4235.645
108000000	134000000	3730.8872
109000000	134000000	3159.8333
110000000	134000000	3531.731
111000000	134000000	4713.6846
112000000	134000000	5029.0244
113000000	134000000	5656.8525
114000000	134000000	6057.5947
115000000	134000000	6118.954
116000000	134000000	4942.368
117000000	134000000	4525.0273
118000000	134000000	6000.4883
119000000	134000000	6960.4893
120000000	134000000	7996.7295
121000000	134000000	7133.084
122000000	134000000	8881.277
123000000	134000000	10283.518
124000000	134000000	11273.55
125000000	134000000	10336.507
126000000	134000000	13926.95
127000000	134000000	17738.604
128000000	134000000	19040.686
129000000	134000000	21907.5
130000000	134000000	26661.682
131000000	134000000	37642.227
132000000	134000000	56809.43
133000000	134000000	120183.15
134000000	134000000	549352.9
0	135000000	7981.0703
1000000	135000000	2981.0342
2000000	135000000	1722.8994
3000000	135000000	1476.3231
4000000	135000000	1018.30347
5000000	135000000	1339.9509
6000000	135000000	1079.6606
7000000	135000000	863.1628
8000000	135000000	636.8507
9000000	135000000	522.57434
10000000	135000000	600.9255
11000000	135000000	971.5227
12000000	135000000	1087.8547
13000000	135000000	1080.359
14000000	135000000	1039.3307
15000000	135000000	1050.6
16000000	135000000	724.7928
17000000	135000000	723.1384
18000000	135000000	842.9578
19000000	135000000	614.1839
20000000	135000000	690.89343
21000000	135000000	840.53827
22000000	135000000	837.56006
23000000	135000000	712.92303
24000000	135000000	793.3566
25000000	135000000	799.8638
26000000	135000000	793.14923
27000000	135000000	1028.968
28000000	135000000	1012.686
29000000	135000000	1276.7546
30000000	135000000	1325.123
31000000	135000000	1068.3693
32000000	135000000	1256.2837
33000000	135000000	1100.4739
34000000	135000000	1114.3903
35000000	135000000	1953.3054
36000000	135000000	1221.732
37000000	135000000	1412.758
38000000	135000000	2689.2031
39000000	135000000	956.74805
42000000	135000000	2348.4038
43000000	135000000	5102.9746
44000000	135000000	2972.9966
45000000	135000000	2009.4587
46000000	135000000	1324.7103
47000000	135000000	1330.7137
48000000	135000000	1292.348
49000000	135000000	1498.568
50000000	135000000	1616.0786
51000000	135000000	1290.4801
52000000	135000000	1349.6396
53000000	135000000	952.0765
54000000	135000000	1107.9763
55000000	135000000	887.25977
56000000	135000000	823.9164
57000000	135000000	881.7261
58000000	135000000	903.7285
59000000	135000000	1032.6759
60000000	135000000	1337.2567
61000000	135000000	1156.75
62000000	135000000	1046.4867
63000000	135000000	1244.0331
64000000	135000000	1566.1991
65000000	135000000	1464.718
66000000	135000000	1096.139
67000000	135000000	1261.671
68000000	135000000	1210.0363
69000000	135000000	1976.3274
70000000	135000000	2273.0967
71000000	135000000	2673.46
72000000	135000000	2414.1367
73000000	135000000	1914.7772
74000000	135000000	1641.4546
75000000	135000000	2070.6443
76000000	135000000	2016.9331
77000000	135000000	2895.3936
78000000	135000000	2163.3108
79000000	135000000	2895.7378
80000000	135000000	2981.092
81000000	135000000	3098.933
82000000	135000000	2819.8945
83000000	135000000	1638.5487
84000000	135000000	1796.6377
85000000	135000000	2491.1833
86000000	135000000	2266.8977
87000000	135000000	2269.4084
88000000	135000000	2951.562
89000000	135000000	1561.2213
90000000	135000000	1474.3154
91000000	135000000	1899.6011
92000000	135000000	1941.2684
93000000	135000000	1880.5886
94000000	135000000	2000.5477
95000000	135000000	2310.4421
96000000	135000000	2699.1038
97000000	135000000	2353.186
98000000	135000000	2512.6626
99000000	135000000	4081.2515
100000000	135000000	3289.619
101000000	135000000	3386.5032
102000000	135000000	3576.5674
103000000	135000000	2795.3984
104000000	135000000	3309.8115
105000000	135000000	4662.259
106000000	135000000	4448.0254
107000000	135000000	2962.4756
108000000	135000000	2948.9465
109000000	135000000	2927.529
110000000	135000000	2840.9006
111000000	135000000	3950.9805
112000000	135000000	4733.55
113000000	135000000	3858.8506
114000000	135000000	4152.538
115000000	135000000	4663.213
116000000	135000000	4014.9019
117000000	135000000	2960.2275
118000000	135000000	4169.997
119000000	135000000	5201.3867
120000000	135000000	6451.993
121000000	135000000	6384.0776
122000000	135000000	6157.5986
123000000	135000000	7117.104
124000000	135000000	8206.021
125000000	135000000	7897.4814
126000000	135000000	10193.104
127000000	135000000	12086.498
128000000	135000000	10576.698
129000000	135000000	14479.402
130000000	135000000	14303.976
131000000	135000000	22866.031
132000000	135000000	26415.297
133000000	135000000	42881.926
134000000	135000000	159150.19
135000000	135000000	755373.25
