0	0	604589.6
0	1000000	107651.25
1000000	1000000	568539.2
0	2000000	55474.84
1000000	2000000	142408.73
2000000	2000000	548227.56
0	3000000	41802.68
1000000	3000000	66074.95
2000000	3000000	126174.13
3000000	3000000	511959.25
0	4000000	25410.145
1000000	4000000	24143.256
2000000	4000000	40265.22
3000000	4000000	116542.97
4000000	4000000	515602.9
0	5000000	15444.691
1000000	5000000	13499.938
2000000	5000000	18666.615
3000000	5000000	28642.494
4000000	5000000	147436.66
5000000	5000000	468965.16
0	6000000	12738.2705
1000000	6000000	13677.052
2000000	6000000	14801.659
3000000	6000000	17966.254
4000000	6000000	28892.006
5000000	6000000	178943.36
6000000	6000000	580434.2
0	7000000	15380.131
1000000	7000000	21527.207
2000000	7000000	16761.592
3000000	7000000	22906.824
4000000	7000000	21656.312
5000000	7000000	85793.23
6000000	7000000	145531.86
7000000	7000000	550600.8
0	8000000	14631.331
1000000	8000000	15476.217
2000000	8000000	16824.785
3000000	8000000	24331.59
4000000	8000000	30294.385
5000000	8000000	54641.125
6000000	8000000	47642.336
7000000	8000000	109450.03
8000000	8000000	466187.38
0	9000000	6596.698
1000000	9000000	4311.292
2000000	9000000	6101.9697
3000000	9000000	8114.243
4000000	9000000	14274.32
5000000	9000000	13237.131
6000000	9000000	8932.602
7000000	9000000	11351.372
8000000	9000000	82872.4
9000000	9000000	578424.94
0	10000000	4690.987
1000000	10000000	3395.7534
2000000	10000000	4202.8857
3000000	10000000	5433.68
4000000	10000000	7658.217
5000000	10000000	6735.6104
6000000	10000000	4793.989
7000000	10000000	6877.359
8000000	10000000	22251.28
9000000	10000000	140829.78
10000000	10000000	551392.4
0	11000000	5733.6753
1000000	11000000	4158.208
2000000	11000000	5031.5015
3000000	11000000	6266.535
4000000	11000000	7392.665
5000000	11000000	6225.2314
6000000	11000000	5029.091
7000000	11000000	7095.463
8000000	11000000	19087.46
9000000	11000000	34559.324
10000000	11000000	118947.95
11000000	11000000	550029.06
0	12000000	5097.255
1000000	12000000	3806.3325
2000000	12000000	4322.326
3000000	12000000	5367.93
4000000	12000000	6652.912
5000000	12000000	5550.8813
6000000	12000000	4439.7236
7000000	12000000	5733.6587
8000000	12000000	13170.853
9000000	12000000	24019.24
10000000	12000000	46656.242
11000000	12000000	104417.086
12000000	12000000	553848.1
0	13000000	4180.695
1000000	13000000	3144.8542
2000000	13000000	3562.7134
3000000	13000000	4561.358
4000000	13000000	5506.6216
5000000	13000000	4800.687
6000000	13000000	3644.7761
7000000	13000000	4704.724
8000000	13000000	10717.052
9000000	13000000	19686.422
10000000	13000000	37485.695
11000000	13000000	40493.812
12000000	13000000	121533.164
13000000	13000000	577435.3
0	14000000	4020.2239
1000000	14000000	2632.7258
2000000	14000000	3268.3557
3000000	14000000	4182.569
4000000	14000000	5566.937
5000000	14000000	4821.202
6000000	14000000	3577.6042
7000000	14000000	4120.6045
8000000	14000000	9515.046
9000000	14000000	19330.178
10000000	14000000	28462.46
11000000	14000000	28117.402
12000000	14000000	39514.246
13000000	14000000	120119.33
14000000	14000000	602714.5
0	15000000	4155.8267
1000000	15000000	1924.395
2000000	15000000	3347.4507
3000000	15000000	3239.7888
4000000	15000000	6958.3594
5000000	15000000	5903.132
6000000	15000000	4390.702
7000000	15000000	3210.5928
8000000	15000000	6777.339
9000000	15000000	14006.635
10000000	15000000	12816.815
11000000	15000000	12592.946
12000000	15000000	17404.547
13000000	15000000	22754.246
14000000	15000000	94050.99
15000000	15000000	643904.75
0	16000000	6156.712
1000000	16000000	3637.1929
2000000	16000000	5439.285
3000000	16000000	5443.729
4000000	16000000	7201.3325
5000000	16000000	5829.0513
6000000	16000000	4901.518
7000000	16000000	4380.99
8000000	16000000	8782.498
9000000	16000000	9763.4375
10000000	16000000	9046.753
11000000	16000000	10593.215
12000000	16000000	11643.9
13000000	16000000	13666.745
14000000	16000000	25455.775
15000000	16000000	121038.06
16000000	16000000	512981.6
0	17000000	7683.4062
1000000	17000000	4420.3823
2000000	17000000	6649.615
3000000	17000000	6279.866
4000000	17000000	7952.8423
5000000	17000000	6539.887
6000000	17000000	6180.229
7000000	17000000	5025.239
8000000	17000000	9087.814
9000000	17000000	7212.737
10000000	17000000	5878.355
11000000	17000000	7810.3
12000000	17000000	8327.901
13000000	17000000	8042.547
14000000	17000000	12500.063
15000000	17000000	31682.459
16000000	17000000	170497.11
17000000	17000000	524098.47
0	18000000	10694.768
1000000	18000000	10831.52
2000000	18000000	9358.172
3000000	18000000	10133.706
4000000	18000000	7030.9478
5000000	18000000	5832.65
6000000	18000000	5821.9355
7000000	18000000	8621.134
8000000	18000000	10368.989
9000000	18000000	4956.142
10000000	18000000	4934.4517
11000000	18000000	7066.404
12000000	18000000	6966.6606
13000000	18000000	6951.466
14000000	18000000	7808.284
15000000	18000000	9645.057
16000000	18000000	34322.95
17000000	18000000	103762.76
18000000	18000000	524750.44
0	19000000	9183.239
1000000	19000000	9818.038
2000000	19000000	8886.424
3000000	19000000	8710.209
4000000	19000000	6821.3853
5000000	19000000	6384.4473
6000000	19000000	7000.7646
7000000	19000000	8652.64
8000000	19000000	8769.849
9000000	19000000	4151.8125
10000000	19000000	3731.5076
11000000	19000000	5367.8125
12000000	19000000	5258.887
13000000	19000000	4900.596
14000000	19000000	5426.869
15000000	19000000	6433.6167
16000000	19000000	14142.585
17000000	19000000	25191.78
18000000	19000000	90273.5
19000000	19000000	556045.25
0	20000000	9570.751
1000000	20000000	9620.624
2000000	20000000	8376.118
3000000	20000000	8762.967
4000000	20000000	7663.298
5000000	20000000	6642.658
6000000	20000000	6272.8955
7000000	20000000	8274.627
8000000	20000000	9044.01
9000000	20000000	4845.3823
10000000	20000000	3727.1367
11000000	20000000	5397.0938
12000000	20000000	5424.0835
13000000	20000000	4935.886
14000000	20000000	5491.362
15000000	20000000	6857.452
16000000	20000000	12216.1045
17000000	20000000	18936.457
18000000	20000000	38797.242
19000000	20000000	137034.27
20000000	20000000	482240.84
0	21000000	10053.058
1000000	21000000	12827.292
2000000	21000000	9108.18
3000000	21000000	9494.782
4000000	21000000	5731.0522
5000000	21000000	5427.445
6000000	21000000	6305.348
7000000	21000000	10158.392
8000000	21000000	8689.343
9000000	21000000	3239.3926
10000000	21000000	3062.1604
11000000	21000000	4359.172
12000000	21000000	4167.0884
13000000	21000000	3818.0466
14000000	21000000	3656.5547
15000000	21000000	3043.352
16000000	21000000	6801.355
17000000	21000000	9871.096
18000000	21000000	28507.83
19000000	21000000	48651.285
20000000	21000000	132456.19
21000000	21000000	524640.1
0	22000000	9667.731
1000000	22000000	10698.376
2000000	22000000	8407.87
3000000	22000000	9037.661
4000000	22000000	5626.7056
5000000	22000000	4928.2847
6000000	22000000	5130.8706
7000000	22000000	7719.391
8000000	22000000	8070.1606
9000000	22000000	3350.98
10000000	22000000	3045.9458
11000000	22000000	4171.288
12000000	22000000	3854.229
13000000	22000000	3293.5422
14000000	22000000	3236.9937
15000000	22000000	2844.9712
16000000	22000000	5642.3853
17000000	22000000	7888.9336
18000000	22000000	20776.65
19000000	22000000	26968.754
20000000	22000000	49645.156
21000000	22000000	106839.07
22000000	22000000	493755.6
0	23000000	8165.612
1000000	23000000	4201.2905
2000000	23000000	6660.0977
3000000	23000000	6180.9033
4000000	23000000	8793.468
5000000	23000000	7595.8936
6000000	23000000	6684.4775
7000000	23000000	4795.2524
8000000	23000000	7606.8613
9000000	23000000	6360.298
10000000	23000000	4407.3867
11000000	23000000	5166.4497
12000000	23000000	5272.766
13000000	23000000	4415.934
14000000	23000000	5372.825
15000000	23000000	8745.6455
16000000	23000000	9559.2705
17000000	23000000	13163.705
18000000	23000000	10279.733
19000000	23000000	14400.787
20000000	23000000	22085.867
21000000	23000000	22181.809
22000000	23000000	108886.44
23000000	23000000	588809.94
0	24000000	9486.35
1000000	24000000	9706.469
2000000	24000000	8535.353
3000000	24000000	9472.153
4000000	24000000	6463.1357
5000000	24000000	5123.188
6000000	24000000	4848.849
7000000	24000000	7226.82
8000000	24000000	8891.948
9000000	24000000	4019.8828
10000000	24000000	3567.493
11000000	24000000	4561.966
12000000	24000000	4224.7896
13000000	24000000	3897.0352
14000000	24000000	3575.5364
15000000	24000000	3054.9714
16000000	24000000	5454.7393
17000000	24000000	7249.4854
18000000	24000000	15347.138
19000000	24000000	16018.053
20000000	24000000	20915.846
21000000	24000000	32134.646
22000000	24000000	80502.65
23000000	24000000	87026.49
24000000	24000000	479641.4
0	25000000	8910.978
1000000	25000000	8665.93
2000000	25000000	8164.451
3000000	25000000	9097.895
4000000	25000000	7392.5938
5000000	25000000	5988.0405
6000000	25000000	5285.5986
7000000	25000000	7186.0073
8000000	25000000	8800.051
9000000	25000000	4577.2163
10000000	25000000	3598.4866
11000000	25000000	4647.8867
12000000	25000000	4204.411
13000000	25000000	3861.1602
14000000	25000000	3775.1682
15000000	25000000	3715.2622
16000000	25000000	5528.4575
17000000	25000000	7299.42
18000000	25000000	11352.283
19000000	25000000	12407.351
20000000	25000000	15322.821
21000000	25000000	18756.596
22000000	25000000	26260.01
23000000	25000000	23138.963
24000000	25000000	101570.68
25000000	25000000	490132.97
0	26000000	8328.3125
1000000	26000000	11764.996
2000000	26000000	8427.875
3000000	26000000	8736.699
4000000	26000000	5030.166
5000000	26000000	5256.628
6000000	26000000	6271.4365
7000000	26000000	9923.214
8000000	26000000	7911.1567
9000000	26000000	2763.8542
10000000	26000000	2706.647
11000000	26000000	3344.9175
12000000	26000000	3138.2395
13000000	26000000	2953.0198
14000000	26000000	2532.2441
15000000	26000000	1954.378
16000000	26000000	3590.9087
17000000	26000000	4377.1445
18000000	26000000	10880.281
19000000	26000000	12104.848
20000000	26000000	13505.874
21000000	26000000	19486.143
22000000	26000000	21314.965
23000000	26000000	10134.393
24000000	26000000	44337.56
25000000	26000000	135383.56
26000000	26000000	530778.75
0	27000000	8246.514
1000000	27000000	6812.2446
2000000	27000000	6512.0137
3000000	27000000	6940.108
4000000	27000000	6788.2534
5000000	27000000	6164.701
6000000	27000000	6315.114
7000000	27000000	6654.5063
8000000	27000000	6966.8325
9000000	27000000	3944.6838
10000000	27000000	2928.3955
11000000	27000000	3791.933
12000000	27000000	3508.9412
13000000	27000000	3211.944
14000000	27000000	3159.8997
15000000	27000000	4156.362
16000000	27000000	5350.4
17000000	27000000	6955.5796
18000000	27000000	8511.262
19000000	27000000	8835.5205
20000000	27000000	10488.689
21000000	27000000	10975.396
22000000	27000000	12081.083
23000000	27000000	14025.115
24000000	27000000	20329.533
25000000	27000000	39598.727
26000000	27000000	79345.234
27000000	27000000	488321.53
0	28000000	7515.004
1000000	28000000	6545.3145
2000000	28000000	5874.614
3000000	28000000	6013.0176
4000000	28000000	5665.759
5000000	28000000	5638.181
6000000	28000000	6439.893
7000000	28000000	6384.65
8000000	28000000	5975.7983
9000000	28000000	3266.5115
10000000	28000000	2738.6877
11000000	28000000	3246.6465
12000000	28000000	3250.38
13000000	28000000	2917.6763
14000000	28000000	2829.2053
15000000	28000000	3867.3723
16000000	28000000	4849.7046
17000000	28000000	5981.3706
18000000	28000000	7761.028
19000000	28000000	7626.6562
20000000	28000000	8495.112
21000000	28000000	9608.028
22000000	28000000	10295.599
23000000	28000000	10549.138
24000000	28000000	14264.832
25000000	28000000	20977.15
26000000	28000000	30684.207
27000000	28000000	169348.64
28000000	28000000	457734.0
0	29000000	7333.5405
1000000	29000000	5962.028
2000000	29000000	5801.8403
3000000	29000000	5948.7295
4000000	29000000	5469.626
5000000	29000000	5222.675
6000000	29000000	5345.107
7000000	29000000	5633.292
8000000	29000000	5899.8413
9000000	29000000	3430.977
10000000	29000000	2636.485
11000000	29000000	3422.5881
12000000	29000000	3334.083
13000000	29000000	2852.2786
14000000	29000000	2896.916
15000000	29000000	3426.042
16000000	29000000	5261.6187
17000000	29000000	6608.7573
18000000	29000000	7937.0664
19000000	29000000	7128.8955
20000000	29000000	7666.4966
21000000	29000000	8265.284
22000000	29000000	9083.776
23000000	29000000	9967.743
24000000	29000000	11594.751
25000000	29000000	14642.839
26000000	29000000	17958.734
27000000	29000000	35399.7
28000000	29000000	121756.84
29000000	29000000	538944.0
0	30000000	6669.5464
1000000	30000000	6658.0366
2000000	30000000	5728.3105
3000000	30000000	6158.0645
4000000	30000000	4596.915
5000000	30000000	3804.766
6000000	30000000	3727.1636
7000000	30000000	5269.192
8000000	30000000	6344.671
9000000	30000000	3414.4534
10000000	30000000	3092.949
11000000	30000000	3963.9526
12000000	30000000	3570.4485
13000000	30000000	3210.3303
14000000	30000000	3003.0896
15000000	30000000	2714.7483
16000000	30000000	4763.015
17000000	30000000	5567.2056
18000000	30000000	8544.243
19000000	30000000	7078.408
20000000	30000000	7191.6416
21000000	30000000	8537.659
22000000	30000000	9305.143
23000000	30000000	7066.9297
24000000	30000000	12569.108
25000000	30000000	14125.875
26000000	30000000	18025.63
27000000	30000000	24226.482
28000000	30000000	57373.266
29000000	30000000	98113.05
30000000	30000000	477019.62
0	31000000	5537.6167
1000000	31000000	3750.1196
2000000	31000000	4709.751
3000000	31000000	4848.0522
4000000	31000000	5894.89
5000000	31000000	5079.4775
6000000	31000000	4792.966
7000000	31000000	4094.4106
8000000	31000000	6076.2373
9000000	31000000	5141.3354
10000000	31000000	3888.2874
11000000	31000000	4551.5786
12000000	31000000	4449.812
13000000	31000000	3949.4673
14000000	31000000	4285.3403
15000000	31000000	5511.9897
16000000	31000000	6733.995
17000000	31000000	7357.2695
18000000	31000000	5838.013
19000000	31000000	5513.084
20000000	31000000	5847.8364
21000000	31000000	5076.528
22000000	31000000	5528.0674
23000000	31000000	9939.831
24000000	31000000	7730.105
25000000	31000000	10412.444
26000000	31000000	9041.895
27000000	31000000	18219.668
28000000	31000000	24468.512
29000000	31000000	37776.54
30000000	31000000	144540.42
31000000	31000000	529915.4
0	32000000	5049.4805
1000000	32000000	2990.1272
2000000	32000000	4045.2363
3000000	32000000	4486.201
4000000	32000000	6357.3574
5000000	32000000	4642.363
6000000	32000000	3231.068
7000000	32000000	3170.1428
8000000	32000000	6544.1333
9000000	32000000	7653.811
10000000	32000000	5811.093
11000000	32000000	6344.173
12000000	32000000	6142.3022
13000000	32000000	5629.036
14000000	32000000	6045.666
15000000	32000000	7524.771
16000000	32000000	8202.041
17000000	32000000	7854.576
18000000	32000000	5571.6426
19000000	32000000	4747.5176
20000000	32000000	5667.5044
21000000	32000000	4267.456
22000000	32000000	4941.358
23000000	32000000	9734.426
24000000	32000000	7127.8843
25000000	32000000	8873.747
26000000	32000000	6940.1655
27000000	32000000	12799.618
28000000	32000000	14908.858
29000000	32000000	20731.629
30000000	32000000	40854.36
31000000	32000000	99759.375
32000000	32000000	508008.06
0	33000000	5362.3154
1000000	33000000	3280.4763
2000000	33000000	4167.5825
3000000	33000000	4444.985
4000000	33000000	6602.7783
5000000	33000000	4854.462
6000000	33000000	3589.2375
7000000	33000000	3137.5205
8000000	33000000	6002.9277
9000000	33000000	6785.299
10000000	33000000	4585.671
11000000	33000000	5292.2217
12000000	33000000	5415.2773
13000000	33000000	4354.7866
14000000	33000000	5031.7764
15000000	33000000	6795.2046
16000000	33000000	7409.421
17000000	33000000	8255.546
18000000	33000000	5434.4727
19000000	33000000	5565.408
20000000	33000000	6444.7666
21000000	33000000	4647.4565
22000000	33000000	4968.848
23000000	33000000	10660.153
24000000	33000000	6753.1064
25000000	33000000	8609.073
26000000	33000000	6252.2583
27000000	33000000	11136.349
28000000	33000000	10836.455
29000000	33000000	13805.129
30000000	33000000	15431.228
31000000	33000000	25155.824
32000000	33000000	118339.266
33000000	33000000	511801.28
0	34000000	6371.6235
1000000	34000000	6880.6577
2000000	34000000	5722.846
3000000	34000000	5926.36
4000000	34000000	4646.928
5000000	34000000	4080.2383
6000000	34000000	4187.332
7000000	34000000	5271.644
8000000	34000000	5822.957
9000000	34000000	2790.4868
10000000	34000000	2461.9106
11000000	34000000	3285.8516
12000000	34000000	3048.5142
13000000	34000000	2709.9946
14000000	34000000	2488.7922
15000000	34000000	2415.9863
16000000	34000000	4034.5388
17000000	34000000	5299.4985
18000000	34000000	7884.38
19000000	34000000	7561.137
20000000	34000000	7508.3364
21000000	34000000	8318.619
22000000	34000000	8368.359
23000000	34000000	6364.201
24000000	34000000	9846.334
25000000	34000000	10116.322
26000000	34000000	11721.718
27000000	34000000	10661.32
28000000	34000000	11392.787
29000000	34000000	12747.716
30000000	34000000	15860.713
31000000	34000000	13658.529
32000000	34000000	19186.988
33000000	34000000	87887.445
34000000	34000000	521269.66
0	35000000	6696.207
1000000	35000000	8233.043
2000000	35000000	5936.429
3000000	35000000	6098.7573
4000000	35000000	3731.2432
5000000	35000000	3318.5251
6000000	35000000	3725.4229
7000000	35000000	6138.425
8000000	35000000	5621.156
9000000	35000000	2263.2559
10000000	35000000	2250.5393
11000000	35000000	3064.9023
12000000	35000000	2770.3428
13000000	35000000	2474.8113
14000000	35000000	2110.8242
15000000	35000000	1644.2778
16000000	35000000	3089.447
17000000	35000000	3799.4983
18000000	35000000	8358.322
19000000	35000000	7968.746
20000000	35000000	7679.4893
21000000	35000000	10196.102
22000000	35000000	9714.057
23000000	35000000	4333.8887
24000000	35000000	10415.785
25000000	35000000	10021.191
26000000	35000000	14014.461
27000000	35000000	10100.93
28000000	35000000	11528.104
29000000	35000000	12246.244
30000000	35000000	15508.684
31000000	35000000	9989.087
32000000	35000000	12388.074
33000000	35000000	34458.758
34000000	35000000	135078.61
35000000	35000000	527091.75
0	36000000	6397.544
1000000	36000000	6039.5845
2000000	36000000	5413.9995
3000000	36000000	6364.4585
4000000	36000000	4786.9126
5000000	36000000	3876.6838
6000000	36000000	3403.1401
7000000	36000000	5011.731
8000000	36000000	6687.622
9000000	36000000	3504.3333
10000000	36000000	3332.6113
11000000	36000000	4152.222
12000000	36000000	3569.644
13000000	36000000	3366.49
14000000	36000000	3043.028
15000000	36000000	2691.3906
16000000	36000000	4406.659
17000000	36000000	5192.5967
18000000	36000000	7964.299
19000000	36000000	6881.3613
20000000	36000000	7279.604
21000000	36000000	7939.082
22000000	36000000	8126.232
23000000	36000000	6104.037
24000000	36000000	9909.42
25000000	36000000	9845.35
26000000	36000000	10588.603
27000000	36000000	9614.924
28000000	36000000	10030.586
29000000	36000000	10421.373
30000000	36000000	13425.726
31000000	36000000	10848.823
32000000	36000000	14631.096
33000000	36000000	27897.545
34000000	36000000	54696.484
35000000	36000000	96927.5
36000000	36000000	489994.53
0	37000000	4307.3823
1000000	37000000	2560.039
2000000	37000000	3296.202
3000000	37000000	3957.949
4000000	37000000	5254.3354
5000000	37000000	3789.6628
6000000	37000000	2710.5723
7000000	37000000	2954.551
8000000	37000000	6607.101
9000000	37000000	7748.8696
10000000	37000000	7461.314
11000000	37000000	7839.5815
12000000	37000000	6894.733
13000000	37000000	6709.1904
14000000	37000000	6764.6235
15000000	37000000	6365.203
16000000	37000000	6663.2075
17000000	37000000	6410.9033
18000000	37000000	4807.926
19000000	37000000	4035.167
20000000	37000000	4815.0615
21000000	37000000	3501.458
22000000	37000000	3808.3616
23000000	37000000	6929.059
24000000	37000000	5337.0874
25000000	37000000	6462.28
26000000	37000000	4626.2344
27000000	37000000	6987.986
28000000	37000000	6095.007
29000000	37000000	7116.4263
30000000	37000000	8043.9985
31000000	37000000	10693.626
32000000	37000000	18090.242
33000000	37000000	26843.83
34000000	37000000	18957.654
35000000	37000000	19583.299
36000000	37000000	94560.0
37000000	37000000	485564.78
0	38000000	3378.0984
1000000	38000000	2221.625
2000000	38000000	2641.7273
3000000	38000000	3135.5828
4000000	38000000	3936.0115
5000000	38000000	3037.071
6000000	38000000	2142.415
7000000	38000000	2434.916
8000000	38000000	5506.364
9000000	38000000	7772.212
10000000	38000000	8509.656
11000000	38000000	8225.327
12000000	38000000	7571.9507
13000000	38000000	8129.6416
14000000	38000000	7926.6333
15000000	38000000	5873.7124
16000000	38000000	5873.4976
17000000	38000000	4809.923
18000000	38000000	3921.0254
19000000	38000000	3249.1777
20000000	38000000	3685.2417
21000000	38000000	3258.8105
22000000	38000000	3363.8503
23000000	38000000	5063.472
24000000	38000000	4473.459
25000000	38000000	4993.3887
26000000	38000000	3871.1182
27000000	38000000	4798.033
28000000	38000000	4568.7256
29000000	38000000	5016.8574
30000000	38000000	5823.908
31000000	38000000	7514.7344
32000000	38000000	11653.548
33000000	38000000	12905.52
34000000	38000000	9489.368
35000000	38000000	10246.537
36000000	38000000	21484.875
37000000	38000000	103422.836
38000000	38000000	528421.9
0	39000000	3531.951
1000000	39000000	2318.768
2000000	39000000	2661.4111
3000000	39000000	3169.226
4000000	39000000	4017.1255
5000000	39000000	3225.4575
6000000	39000000	2471.031
7000000	39000000	2684.278
8000000	39000000	4582.5625
9000000	39000000	5870.1704
10000000	39000000	5985.059
11000000	39000000	6633.8657
12000000	39000000	6407.9536
13000000	39000000	6299.6147
14000000	39000000	5942.6
15000000	39000000	5358.911
16000000	39000000	5312.0146
17000000	39000000	4639.0522
18000000	39000000	3956.5715
19000000	39000000	3384.4373
20000000	39000000	3754.317
21000000	39000000	3276.7578
22000000	39000000	3453.963
23000000	39000000	5315.645
24000000	39000000	4445.2944
25000000	39000000	4758.745
26000000	39000000	3964.6816
27000000	39000000	4993.8823
28000000	39000000	4657.2124
29000000	39000000	5008.749
30000000	39000000	5107.071
31000000	39000000	6412.532
32000000	39000000	8578.868
33000000	39000000	9383.936
34000000	39000000	7680.835
35000000	39000000	8092.1777
36000000	39000000	13973.121
37000000	39000000	30011.752
38000000	39000000	100105.07
39000000	39000000	518511.3
0	40000000	2928.5898
1000000	40000000	2511.5962
2000000	40000000	2394.365
3000000	40000000	2785.0237
4000000	40000000	2517.6973
5000000	40000000	2139.9297
6000000	40000000	1781.086
7000000	40000000	2403.1946
8000000	40000000	3870.789
9000000	40000000	3999.0063
10000000	40000000	4730.8677
11000000	40000000	5351.8687
12000000	40000000	5121.0566
13000000	40000000	5029.3745
14000000	40000000	4738.754
15000000	40000000	3292.6938
16000000	40000000	3730.755
17000000	40000000	3176.0356
18000000	40000000	3590.0586
19000000	40000000	3082.411
20000000	40000000	3224.467
21000000	40000000	3093.1138
22000000	40000000	3125.9949
23000000	40000000	3273.2615
24000000	40000000	3891.5464
25000000	40000000	4042.4348
26000000	40000000	3795.7498
27000000	40000000	3749.8738
28000000	40000000	3585.5146
29000000	40000000	3866.059
30000000	40000000	4487.2266
31000000	40000000	4599.8066
32000000	40000000	5935.291
33000000	40000000	6136.093
34000000	40000000	6259.668
35000000	40000000	7355.775
36000000	40000000	10297.467
37000000	40000000	15958.236
38000000	40000000	26153.045
39000000	40000000	100569.13
40000000	40000000	470393.62
0	41000000	2689.2866
1000000	41000000	2364.702
2000000	41000000	2284.6716
3000000	41000000	2681.4006
4000000	41000000	2440.5305
5000000	41000000	2031.451
6000000	41000000	1718.4413
7000000	41000000	2280.9895
8000000	41000000	3643.1143
9000000	41000000	3915.4814
10000000	41000000	4404.225
11000000	41000000	5141.0234
12000000	41000000	4870.782
13000000	41000000	4696.9927
14000000	41000000	4322.1206
15000000	41000000	3137.1414
16000000	41000000	3632.6428
17000000	41000000	3147.438
18000000	41000000	3449.8228
19000000	41000000	3010.551
20000000	41000000	2964.465
21000000	41000000	3032.3545
22000000	41000000	2891.7258
23000000	41000000	3107.2322
24000000	41000000	3626.2305
25000000	41000000	3729.6318
26000000	41000000	3646.874
27000000	41000000	3347.6409
28000000	41000000	3223.0383
29000000	41000000	3690.8875
30000000	41000000	4238.7344
31000000	41000000	4370.3774
32000000	41000000	5535.769
33000000	41000000	5613.2783
34000000	41000000	5846.263
35000000	41000000	6552.388
36000000	41000000	8495.355
37000000	41000000	12830.126
38000000	41000000	19326.988
39000000	41000000	40831.426
40000000	41000000	211628.97
41000000	41000000	497041.1
0	42000000	2419.1426
1000000	42000000	1395.4318
2000000	42000000	1794.5376
3000000	42000000	1947.5054
4000000	42000000	2967.488
5000000	42000000	2410.321
6000000	42000000	1686.5912
7000000	42000000	1624.8973
8000000	42000000	3606.111
9000000	42000000	5808.753
10000000	42000000	5884.5005
11000000	42000000	6036.9897
12000000	42000000	5925.6724
13000000	42000000	6080.751
14000000	42000000	6198.824
15000000	42000000	5286.8438
16000000	42000000	4621.6396
17000000	42000000	3825.3333
18000000	42000000	2496.8696
19000000	42000000	2231.7375
20000000	42000000	2609.1357
21000000	42000000	1888.7521
22000000	42000000	2166.6038
23000000	42000000	3965.6719
24000000	42000000	2575.8608
25000000	42000000	3071.2876
26000000	42000000	2239.7476
27000000	42000000	3216.6477
28000000	42000000	2928.3718
29000000	42000000	3232.1123
30000000	42000000	3291.0496
31000000	42000000	4731.754
32000000	42000000	6969.9146
33000000	42000000	7046.9453
34000000	42000000	4280.5757
35000000	42000000	3980.95
36000000	42000000	6375.6787
37000000	42000000	13389.379
38000000	42000000	19001.422
39000000	42000000	31063.854
40000000	42000000	70282.53
41000000	42000000	120416.87
42000000	42000000	528534.6
0	43000000	2199.1433
1000000	43000000	1440.6462
2000000	43000000	1573.2233
3000000	43000000	1953.2035
4000000	43000000	2298.0393
5000000	43000000	2053.4355
6000000	43000000	1691.2872
7000000	43000000	1995.7406
8000000	43000000	3603.872
9000000	43000000	4959.8813
10000000	43000000	6111.3823
11000000	43000000	6795.0903
12000000	43000000	6362.1636
13000000	43000000	6470.579
14000000	43000000	6155.505
15000000	43000000	4267.312
16000000	43000000	4322.1646
17000000	43000000	3115.2825
18000000	43000000	2575.8467
19000000	43000000	1979.1746
20000000	43000000	2140.843
21000000	43000000	2019.4148
22000000	43000000	2211.7627
23000000	43000000	2956.2874
24000000	43000000	2520.5837
25000000	43000000	2744.1636
26000000	43000000	2413.9065
27000000	43000000	2943.2842
28000000	43000000	2916.3315
29000000	43000000	3108.0776
30000000	43000000	3698.1729
31000000	43000000	4417.1875
32000000	43000000	5999.42
33000000	43000000	5460.694
34000000	43000000	4092.795
35000000	43000000	4151.0195
36000000	43000000	5744.9375
37000000	43000000	10834.148
38000000	43000000	14734.058
39000000	43000000	17891.781
40000000	43000000	22583.096
41000000	43000000	25817.646
42000000	43000000	90311.0
43000000	43000000	540495.94
0	44000000	1790.4738
1000000	44000000	1056.8422
2000000	44000000	1384.3082
3000000	44000000	1481.878
4000000	44000000	2107.89
5000000	44000000	1936.1721
6000000	44000000	1683.4935
7000000	44000000	1617.6305
8000000	44000000	2722.6055
9000000	44000000	5055.669
10000000	44000000	5362.0093
11000000	44000000	5518.992
12000000	44000000	5726.259
13000000	44000000	5447.864
14000000	44000000	5924.625
15000000	44000000	4837.4487
16000000	44000000	3817.0554
17000000	44000000	2946.24
18000000	44000000	1825.5844
19000000	44000000	1743.9142
20000000	44000000	1815.6229
21000000	44000000	1507.6083
22000000	44000000	1524.4498
23000000	44000000	2904.5415
24000000	44000000	1895.199
25000000	44000000	2231.2886
26000000	44000000	1794.7664
27000000	44000000	2585.0715
28000000	44000000	2542.6853
29000000	44000000	2593.9666
30000000	44000000	2773.7058
31000000	44000000	3964.0515
32000000	44000000	5476.784
33000000	44000000	5265.4507
34000000	44000000	3034.7422
35000000	44000000	2921.4224
36000000	44000000	4141.204
37000000	44000000	8519.194
38000000	44000000	11443.8955
39000000	44000000	12575.686
40000000	44000000	13763.542
41000000	44000000	15034.094
42000000	44000000	34797.04
43000000	44000000	151589.14
44000000	44000000	569615.25
0	45000000	1402.0724
1000000	45000000	645.9862
2000000	45000000	967.1416
3000000	45000000	1055.4824
4000000	45000000	1964.3785
5000000	45000000	1470.9163
6000000	45000000	1062.7347
7000000	45000000	1055.34
8000000	45000000	2140.027
9000000	45000000	4586.89
10000000	45000000	5109.018
11000000	45000000	4801.7603
12000000	45000000	5201.423
13000000	45000000	5239.0728
14000000	45000000	5478.783
15000000	45000000	4980.3022
16000000	45000000	3325.037
17000000	45000000	2295.2068
18000000	45000000	1420.6089
19000000	45000000	1197.0087
20000000	45000000	1401.3699
21000000	45000000	1013.60486
22000000	45000000	1134.5505
23000000	45000000	2442.7092
24000000	45000000	1426.2352
25000000	45000000	1664.8279
26000000	45000000	1255.6383
27000000	45000000	2041.9264
28000000	45000000	1905.5367
29000000	45000000	2031.7448
30000000	45000000	2125.696
31000000	45000000	3117.9304
32000000	45000000	4815.1953
33000000	45000000	4419.4497
34000000	45000000	2250.8105
35000000	45000000	2012.9235
36000000	45000000	3090.8733
37000000	45000000	6603.5215
38000000	45000000	8232.846
39000000	45000000	8968.113
40000000	45000000	8484.909
41000000	45000000	8975.446
42000000	45000000	17924.758
43000000	45000000	31923.787
44000000	45000000	100099.92
45000000	45000000	623802.6
0	46000000	1080.8975
1000000	46000000	495.35162
2000000	46000000	736.0259
3000000	46000000	735.5458
4000000	46000000	1505.7543
5000000	46000000	1347.2656
6000000	46000000	1001.9287
7000000	46000000	890.5792
8000000	46000000	1591.7954
9000000	46000000	4000.569
10000000	46000000	4130.4893
11000000	46000000	3933.7666
12000000	46000000	4444.4106
13000000	46000000	4800.3022
14000000	46000000	4774.91
15000000	46000000	4255.26
16000000	46000000	2895.9182
17000000	46000000	1975.9104
18000000	46000000	1136.6184
19000000	46000000	997.9154
20000000	46000000	1043.1836
21000000	46000000	753.98505
22000000	46000000	844.89276
23000000	46000000	2063.3357
24000000	46000000	1051.1007
25000000	46000000	1171.734
26000000	46000000	960.9852
27000000	46000000	1557.6893
28000000	46000000	1557.6486
29000000	46000000	1723.4261
30000000	46000000	1741.992
31000000	46000000	2705.5574
32000000	46000000	3753.6855
33000000	46000000	3290.382
34000000	46000000	1839.9454
35000000	46000000	1561.293
36000000	46000000	2294.6772
37000000	46000000	4595.688
38000000	46000000	6139.411
39000000	46000000	6527.1836
40000000	46000000	5928.4077
41000000	46000000	6525.9956
42000000	46000000	11467.413
43000000	46000000	16661.66
44000000	46000000	29998.283
45000000	46000000	155828.02
46000000	46000000	648115.9
0	47000000	717.273
1000000	47000000	321.55093
2000000	47000000	496.74164
3000000	47000000	486.32513
4000000	47000000	1154.8131
5000000	47000000	972.2859
6000000	47000000	713.3868
7000000	47000000	473.6127
8000000	47000000	960.5453
9000000	47000000	3293.1685
10000000	47000000	3099.6392
11000000	47000000	2216.1904
12000000	47000000	2913.1172
13000000	47000000	2724.1697
14000000	47000000	2960.0554
15000000	47000000	3779.482
16000000	47000000	1679.7458
17000000	47000000	1282.9525
18000000	47000000	608.7622
19000000	47000000	623.84204
20000000	47000000	784.1274
21000000	47000000	507.4056
22000000	47000000	558.7241
23000000	47000000	1532.3102
24000000	47000000	689.983
25000000	47000000	884.94934
26000000	47000000	622.455
27000000	47000000	1217.0193
28000000	47000000	1190.7009
29000000	47000000	1120.6908
30000000	47000000	934.9637
31000000	47000000	1681.4344
32000000	47000000	2609.4636
33000000	47000000	2589.7036
34000000	47000000	1108.4998
35000000	47000000	1034.2885
36000000	47000000	1393.455
37000000	47000000	3057.796
38000000	47000000	3513.6707
39000000	47000000	3693.7043
40000000	47000000	2831.3936
41000000	47000000	3133.1677
42000000	47000000	6292.344
43000000	47000000	6721.294
44000000	47000000	12031.256
45000000	47000000	23796.977
46000000	47000000	129714.414
47000000	47000000	726359.1
0	48000000	733.4207
1000000	48000000	320.43118
2000000	48000000	466.1066
3000000	48000000	465.1817
4000000	48000000	1095.0343
5000000	48000000	894.7512
6000000	48000000	627.49286
7000000	48000000	517.9283
8000000	48000000	967.82794
9000000	48000000	3346.3772
10000000	48000000	3064.8857
11000000	48000000	2127.7363
12000000	48000000	2898.0674
13000000	48000000	2855.3977
14000000	48000000	2982.1946
15000000	48000000	3308.5198
16000000	48000000	1536.1222
17000000	48000000	1204.9277
18000000	48000000	587.356
19000000	48000000	625.6989
20000000	48000000	745.5263
21000000	48000000	561.5729
22000000	48000000	552.4385
23000000	48000000	1453.5278
24000000	48000000	690.4304
25000000	48000000	849.4164
26000000	48000000	633.4026
27000000	48000000	1097.6176
28000000	48000000	1010.50604
29000000	48000000	1048.7007
30000000	48000000	918.33624
31000000	48000000	1533.5167
32000000	48000000	2348.7913
33000000	48000000	2399.9604
34000000	48000000	1051.955
35000000	48000000	985.40784
36000000	48000000	1324.8632
37000000	48000000	2677.3687
38000000	48000000	3176.6497
39000000	48000000	3279.0615
40000000	48000000	2726.1394
41000000	48000000	2860.6682
42000000	48000000	5341.59
43000000	48000000	5594.4897
44000000	48000000	9379.145
45000000	48000000	13705.921
46000000	48000000	24789.559
47000000	48000000	166067.77
48000000	48000000	724072.8
0	49000000	711.71515
1000000	49000000	312.63257
2000000	49000000	507.181
3000000	49000000	457.04144
4000000	49000000	1078.0918
5000000	49000000	884.71295
6000000	49000000	610.1703
7000000	49000000	477.85983
8000000	49000000	956.883
9000000	49000000	3709.5464
10000000	49000000	3437.822
11000000	49000000	2258.423
12000000	49000000	3060.2234
13000000	49000000	3063.1484
14000000	49000000	3360.8655
15000000	49000000	3299.151
16000000	49000000	1532.4701
17000000	49000000	1154.5809
18000000	49000000	588.1653
19000000	49000000	606.6825
20000000	49000000	710.93884
21000000	49000000	488.31253
22000000	49000000	577.13855
23000000	49000000	1388.5671
24000000	49000000	711.2898
25000000	49000000	847.68805
26000000	49000000	620.18036
27000000	49000000	1079.4084
28000000	49000000	992.84985
29000000	49000000	998.5267
30000000	49000000	918.83734
31000000	49000000	1546.5673
32000000	49000000	2351.104
33000000	49000000	2348.0776
34000000	49000000	1073.9595
35000000	49000000	955.30304
36000000	49000000	1397.158
37000000	49000000	2790.4048
38000000	49000000	3502.2021
39000000	49000000	3301.981
40000000	49000000	2958.635
41000000	49000000	2903.3948
42000000	49000000	5318.004
43000000	49000000	5142.6514
44000000	49000000	8482.494
45000000	49000000	10577.306
46000000	49000000	14987.618
47000000	49000000	36803.598
48000000	49000000	146046.14
49000000	49000000	745787.44
0	50000000	1229.2904
1000000	50000000	769.1276
2000000	50000000	948.7918
3000000	50000000	989.02295
4000000	50000000	1460.823
5000000	50000000	1177.7925
6000000	50000000	893.7081
7000000	50000000	911.3985
8000000	50000000	1903.0044
9000000	50000000	4622.488
10000000	50000000	5438.416
11000000	50000000	4406.4775
12000000	50000000	4984.803
13000000	50000000	5754.0454
14000000	50000000	5051.1562
15000000	50000000	3334.493
16000000	50000000	2068.851
17000000	50000000	1578.4907
18000000	50000000	1219.9055
19000000	50000000	1051.1052
20000000	50000000	1255.4327
21000000	50000000	1043.5753
22000000	50000000	1086.8043
23000000	50000000	1736.8105
24000000	50000000	1464.6289
25000000	50000000	1640.1249
26000000	50000000	1303.1212
27000000	50000000	1620.3011
28000000	50000000	1527.1204
29000000	50000000	1622.5736
30000000	50000000	1743.8445
31000000	50000000	2158.3308
32000000	50000000	3252.9138
33000000	50000000	2984.994
34000000	50000000	1943.7947
35000000	50000000	1927.439
36000000	50000000	2601.7773
37000000	50000000	4711.801
38000000	50000000	6220.284
39000000	50000000	5857.6797
40000000	50000000	5662.496
41000000	50000000	5419.3174
42000000	50000000	8051.6606
43000000	50000000	8929.308
44000000	50000000	10305.666
45000000	50000000	11355.749
46000000	50000000	13463.639
47000000	50000000	17197.303
48000000	50000000	27786.342
49000000	50000000	120737.65
50000000	50000000	607426.75
0	51000000	1525.7509
1000000	51000000	1041.2659
2000000	51000000	1120.1664
3000000	51000000	1397.1309
4000000	51000000	1628.5347
5000000	51000000	1290.4851
6000000	51000000	1001.5593
7000000	51000000	1171.235
8000000	51000000	2372.089
9000000	51000000	4821.4565
10000000	51000000	5911.8403
11000000	51000000	5397.7363
12000000	51000000	5763.4307
13000000	51000000	6154.819
14000000	51000000	5586.624
15000000	51000000	3361.1885
16000000	51000000	2545.159
17000000	51000000	1778.9075
18000000	51000000	1552.6747
19000000	51000000	1367.1102
20000000	51000000	1520.1074
21000000	51000000	1368.7976
22000000	51000000	1449.7607
23000000	51000000	1898.0598
24000000	51000000	1933.17
25000000	51000000	1970.517
26000000	51000000	1773.1694
27000000	51000000	1838.8773
28000000	51000000	1786.4524
29000000	51000000	1882.4456
30000000	51000000	2085.0654
31000000	51000000	2575.646
32000000	51000000	3659.7874
33000000	51000000	3437.8687
34000000	51000000	2363.2974
35000000	51000000	2444.6108
36000000	51000000	3164.724
37000000	51000000	5836.8374
38000000	51000000	7406.728
39000000	51000000	6922.2046
40000000	51000000	7072.7646
41000000	51000000	6877.893
42000000	51000000	8994.519
43000000	51000000	11040.75
44000000	51000000	11727.829
45000000	51000000	11221.749
46000000	51000000	11777.631
47000000	51000000	9877.612
48000000	51000000	13132.965
49000000	51000000	24246.877
50000000	51000000	157653.36
51000000	51000000	596320.2
0	52000000	1059.1976
1000000	52000000	422.91214
2000000	52000000	642.07294
3000000	52000000	680.0171
4000000	52000000	1770.4398
5000000	52000000	1387.0116
6000000	52000000	865.5995
7000000	52000000	634.9592
8000000	52000000	1532.3588
9000000	52000000	5495.9077
10000000	52000000	5024.8457
11000000	52000000	3586.2427
12000000	52000000	4563.0693
13000000	52000000	4627.135
14000000	52000000	4795.5356
15000000	52000000	5011.863
16000000	52000000	2570.3794
17000000	52000000	1870.8112
18000000	52000000	781.70685
19000000	52000000	809.4475
20000000	52000000	1025.1019
21000000	52000000	589.3443
22000000	52000000	667.8947
23000000	52000000	2196.877
24000000	52000000	899.5799
25000000	52000000	1183.4601
26000000	52000000	726.47906
27000000	52000000	1509.0332
28000000	52000000	1348.087
29000000	52000000	1340.0939
30000000	52000000	1091.1833
31000000	52000000	2163.3174
32000000	52000000	3586.772
33000000	52000000	3463.7515
34000000	52000000	1352.0847
35000000	52000000	1069.8188
36000000	52000000	1763.3329
37000000	52000000	4542.012
38000000	52000000	5369.6333
39000000	52000000	5180.5063
40000000	52000000	3689.3955
41000000	52000000	3740.7986
42000000	52000000	7117.1626
43000000	52000000	6066.248
44000000	52000000	8369.9
45000000	52000000	9850.04
46000000	52000000	10179.55
47000000	52000000	15863.049
48000000	52000000	18984.639
49000000	52000000	28574.969
50000000	52000000	43215.082
51000000	52000000	93951.734
52000000	52000000	690424.7
0	53000000	1702.8563
1000000	53000000	761.8669
2000000	53000000	1168.0707
3000000	53000000	1304.328
4000000	53000000	2445.037
5000000	53000000	1845.6045
6000000	53000000	1260.9023
7000000	53000000	1171.2042
8000000	53000000	2707.7341
9000000	53000000	5285.4614
10000000	53000000	5476.3413
11000000	53000000	5242.884
12000000	53000000	5587.211
13000000	53000000	5645.8027
14000000	53000000	5271.051
15000000	53000000	4733.854
16000000	53000000	3543.3445
17000000	53000000	2900.09
18000000	53000000	1683.0732
19000000	53000000	1447.2429
20000000	53000000	1704.8124
21000000	53000000	1180.143
22000000	53000000	1288.2194
23000000	53000000	3019.8816
24000000	53000000	1871.0944
25000000	53000000	2147.5627
26000000	53000000	1344.0466
27000000	53000000	2392.5388
28000000	53000000	2166.9177
29000000	53000000	2304.8909
30000000	53000000	2229.4695
31000000	53000000	3413.739
32000000	53000000	4832.877
33000000	53000000	4482.2993
34000000	53000000	2411.6936
35000000	53000000	1962.8673
36000000	53000000	3366.3928
37000000	53000000	6595.822
38000000	53000000	7663.645
39000000	53000000	7565.868
40000000	53000000	5833.7817
41000000	53000000	5643.124
42000000	53000000	8523.271
43000000	53000000	8481.78
44000000	53000000	9453.486
45000000	53000000	9318.928
46000000	53000000	8299.28
47000000	53000000	7742.295
48000000	53000000	8343.139
49000000	53000000	10553.31
50000000	53000000	19126.893
51000000	53000000	28912.654
52000000	53000000	124700.54
53000000	53000000	589367.4
0	54000000	2322.7676
1000000	54000000	2273.617
2000000	54000000	2095.8696
3000000	54000000	2533.4783
4000000	54000000	1762.8425
5000000	54000000	1497.8899
6000000	54000000	1355.4856
7000000	54000000	2311.6394
8000000	54000000	3750.448
9000000	54000000	3330.9001
10000000	54000000	6298.415
11000000	54000000	6714.5293
12000000	54000000	5730.3154
13000000	54000000	6191.8296
14000000	54000000	4625.777
15000000	54000000	1875.3893
16000000	54000000	2890.5303
17000000	54000000	2168.5105
18000000	54000000	3303.384
19000000	54000000	2380.453
20000000	54000000	2324.4375
21000000	54000000	2868.2427
22000000	54000000	3105.1582
23000000	54000000	1848.5679
24000000	54000000	3897.5984
25000000	54000000	3498.8567
26000000	54000000	3972.7898
27000000	54000000	2707.9092
28000000	54000000	2831.4912
29000000	54000000	2966.8215
30000000	54000000	4243.3696
31000000	54000000	3313.646
32000000	54000000	3881.642
33000000	54000000	3125.2114
34000000	54000000	4254.18
35000000	54000000	5184.6147
36000000	54000000	6243.3345
37000000	54000000	7306.313
38000000	54000000	8473.484
39000000	54000000	8019.193
40000000	54000000	8656.89
41000000	54000000	8240.339
42000000	54000000	6867.3677
43000000	54000000	10179.482
44000000	54000000	7095.637
45000000	54000000	5723.115
46000000	54000000	4744.337
47000000	54000000	2156.3433
48000000	54000000	2419.7542
49000000	54000000	3359.0054
50000000	54000000	12632.669
51000000	54000000	19808.352
52000000	54000000	11140.476
53000000	54000000	80040.38
54000000	54000000	484886.53
0	55000000	2259.4795
1000000	55000000	1920.7437
2000000	55000000	1889.2704
3000000	55000000	2383.5344
4000000	55000000	2201.0972
5000000	55000000	1735.3647
6000000	55000000	1435.1582
7000000	55000000	2047.8219
8000000	55000000	3516.6567
9000000	55000000	3225.9993
10000000	55000000	4982.027
11000000	55000000	5865.0522
12000000	55000000	4957.2236
13000000	55000000	5075.131
14000000	55000000	4130.5522
15000000	55000000	2455.803
16000000	55000000	3481.917
17000000	55000000	2978.6958
18000000	55000000	3406.3098
19000000	55000000	2388.1028
20000000	55000000	2402.7117
21000000	55000000	2628.671
22000000	55000000	2915.5867
23000000	55000000	2704.1218
24000000	55000000	3584.4456
25000000	55000000	3396.8352
26000000	55000000	3237.1697
27000000	55000000	2882.11
28000000	55000000	2760.0698
29000000	55000000	3125.4844
30000000	55000000	3870.8765
31000000	55000000	3633.5588
32000000	55000000	4164.6196
33000000	55000000	3524.3784
34000000	55000000	4068.5347
35000000	55000000	4485.3467
36000000	55000000	5466.6846
37000000	55000000	6803.819
38000000	55000000	7199.9927
39000000	55000000	7343.4966
40000000	55000000	6965.901
41000000	55000000	6834.692
42000000	55000000	6473.9253
43000000	55000000	8193.483
44000000	55000000	6208.0005
45000000	55000000	5338.835
46000000	55000000	4490.07
47000000	55000000	2282.37
48000000	55000000	2520.8818
49000000	55000000	3004.221
50000000	55000000	8994.572
51000000	55000000	12592.577
52000000	55000000	8474.783
53000000	55000000	33223.965
54000000	55000000	140550.2
55000000	55000000	502130.06
0	56000000	2189.5344
1000000	56000000	1484.2009
2000000	56000000	1823.6598
3000000	56000000	2020.9047
4000000	56000000	2457.7996
5000000	56000000	1844.5322
6000000	56000000	1358.6492
7000000	56000000	1678.3838
8000000	56000000	3135.8887
9000000	56000000	3981.5166
10000000	56000000	4882.8833
11000000	56000000	5351.3877
12000000	56000000	5172.275
13000000	56000000	4943.6323
14000000	56000000	4507.566
15000000	56000000	3863.3975
16000000	56000000	3850.929
17000000	56000000	3265.0864
18000000	56000000	2863.3777
19000000	56000000	2112.0015
20000000	56000000	2319.9175
21000000	56000000	1975.8202
22000000	56000000	2346.2056
23000000	56000000	3239.5635
24000000	56000000	3001.3914
25000000	56000000	3076.455
26000000	56000000	2413.2266
27000000	56000000	2846.8926
28000000	56000000	2804.8545
29000000	56000000	3016.5496
30000000	56000000	3378.748
31000000	56000000	3919.3376
32000000	56000000	4926.9565
33000000	56000000	4550.1577
34000000	56000000	3606.0122
35000000	56000000	3526.0908
36000000	56000000	4880.3237
37000000	56000000	7173.887
38000000	56000000	7616.656
39000000	56000000	7373.853
40000000	56000000	6459.581
41000000	56000000	6187.2144
42000000	56000000	6985.9863
43000000	56000000	7807.876
44000000	56000000	6793.21
45000000	56000000	6058.936
46000000	56000000	5071.6353
47000000	56000000	3197.5864
48000000	56000000	3271.3154
49000000	56000000	3791.5518
50000000	56000000	8341.183
51000000	56000000	11116.161
52000000	56000000	9806.071
53000000	56000000	26929.012
54000000	56000000	65707.61
55000000	56000000	120902.195
56000000	56000000	464920.8
0	57000000	1758.869
1000000	57000000	760.14606
2000000	57000000	1208.0851
3000000	57000000	1256.449
4000000	57000000	2459.4043
5000000	57000000	1912.425
6000000	57000000	1232.6758
7000000	57000000	1034.0398
8000000	57000000	2452.055
9000000	57000000	4895.505
10000000	57000000	4077.3616
11000000	57000000	4306.798
12000000	57000000	4749.96
13000000	57000000	4002.8882
14000000	57000000	4605.4976
15000000	57000000	5419.2695
16000000	57000000	4177.45
17000000	57000000	3413.7676
18000000	57000000	1612.0226
19000000	57000000	1518.2192
20000000	57000000	1772.3855
21000000	57000000	1163.7747
22000000	57000000	1279.4558
23000000	57000000	3557.5798
24000000	57000000	1787.2626
25000000	57000000	2096.478
26000000	57000000	1144.6621
27000000	57000000	2403.9827
28000000	57000000	2188.3567
29000000	57000000	2505.5913
30000000	57000000	2174.3396
31000000	57000000	3634.1694
32000000	57000000	5719.5137
33000000	57000000	5403.535
34000000	57000000	2209.2903
35000000	57000000	1839.4548
36000000	57000000	2932.6023
37000000	57000000	6536.6714
38000000	57000000	6412.9824
39000000	57000000	5939.3237
40000000	57000000	4458.631
41000000	57000000	4393.977
42000000	57000000	6614.8657
43000000	57000000	6195.6772
44000000	57000000	6888.6353
45000000	57000000	6671.9937
46000000	57000000	5845.408
47000000	57000000	5190.6997
48000000	57000000	5231.9233
49000000	57000000	5668.577
50000000	57000000	7283.817
51000000	57000000	8632.159
52000000	57000000	11844.242
53000000	57000000	17889.33
54000000	57000000	13527.103
55000000	57000000	19737.545
56000000	57000000	115207.21
57000000	57000000	588545.94
0	58000000	2056.2256
1000000	58000000	916.587
2000000	58000000	1444.1365
3000000	58000000	1643.7234
4000000	58000000	2716.781
5000000	58000000	2112.9246
6000000	58000000	1576.8805
7000000	58000000	1412.6934
8000000	58000000	2879.5732
9000000	58000000	4264.097
10000000	58000000	3836.509
11000000	58000000	3943.2026
12000000	58000000	4033.351
13000000	58000000	3686.9744
14000000	58000000	3926.3267
15000000	58000000	4686.2754
16000000	58000000	4235.081
17000000	58000000	3511.9558
18000000	58000000	2227.68
19000000	58000000	1797.2241
20000000	58000000	1925.3076
21000000	58000000	1400.9795
22000000	58000000	1843.9614
23000000	58000000	3812.8716
24000000	58000000	2267.1072
25000000	58000000	2439.184
26000000	58000000	1631.296
27000000	58000000	2805.642
28000000	58000000	2692.686
29000000	58000000	2829.794
30000000	58000000	2763.2708
31000000	58000000	4197.3843
32000000	58000000	5390.2104
33000000	58000000	4931.2466
34000000	58000000	2620.482
35000000	58000000	2233.9182
36000000	58000000	3730.3677
37000000	58000000	6440.0884
38000000	58000000	6193.663
39000000	58000000	5744.2246
40000000	58000000	4475.938
41000000	58000000	4362.6387
42000000	58000000	5975.548
43000000	58000000	5876.301
44000000	58000000	5828.0977
45000000	58000000	5465.0938
46000000	58000000	4765.889
47000000	58000000	3750.0398
48000000	58000000	3430.9624
49000000	58000000	3733.6028
50000000	58000000	5253.3135
51000000	58000000	6187.197
52000000	58000000	7529.391
53000000	58000000	11940.972
54000000	58000000	11487.097
55000000	58000000	14508.835
56000000	58000000	30172.31
57000000	58000000	126358.97
58000000	58000000	535340.3
0	59000000	2336.759
1000000	59000000	1416.4791
2000000	59000000	1863.3947
3000000	59000000	2075.6924
4000000	59000000	2375.7678
5000000	59000000	1930.6608
6000000	59000000	1850.3579
7000000	59000000	1732.003
8000000	59000000	3011.3684
9000000	59000000	2734.2808
10000000	59000000	2798.6602
11000000	59000000	3261.2993
12000000	59000000	3095.7268
13000000	59000000	2780.303
14000000	59000000	2696.389
15000000	59000000	2787.613
16000000	59000000	3555.195
17000000	59000000	3308.3499
18000000	59000000	2980.8423
19000000	59000000	2162.3262
20000000	59000000	2248.3247
21000000	59000000	1963.8253
22000000	59000000	2298.3887
23000000	59000000	3368.0857
24000000	59000000	2756.336
25000000	59000000	2755.04
26000000	59000000	2428.707
27000000	59000000	3164.822
28000000	59000000	3213.2002
29000000	59000000	3283.5186
30000000	59000000	3581.326
31000000	59000000	4215.5884
32000000	59000000	4594.1333
33000000	59000000	3963.829
34000000	59000000	3503.8
35000000	59000000	3198.102
36000000	59000000	4474.067
37000000	59000000	5517.2915
38000000	59000000	5113.3345
39000000	59000000	4759.1226
40000000	59000000	4061.5815
41000000	59000000	4135.267
42000000	59000000	4370.322
43000000	59000000	5231.049
44000000	59000000	4213.579
45000000	59000000	3553.2395
46000000	59000000	3283.7732
47000000	59000000	1865.5566
48000000	59000000	1814.4843
49000000	59000000	1968.151
50000000	59000000	3420.6672
51000000	59000000	4443.629
52000000	59000000	3557.3428
53000000	59000000	7349.954
54000000	59000000	11728.547
55000000	59000000	12778.61
56000000	59000000	16761.727
57000000	59000000	19989.844
58000000	59000000	105311.32
59000000	59000000	515613.84
0	60000000	2718.4238
1000000	60000000	2495.896
2000000	60000000	2382.2585
3000000	60000000	2406.0637
4000000	60000000	1886.0812
5000000	60000000	1708.3616
6000000	60000000	1748.0465
7000000	60000000	2431.6082
8000000	60000000	3074.0781
9000000	60000000	2122.875
10000000	60000000	2292.5657
11000000	60000000	2938.724
12000000	60000000	2591.543
13000000	60000000	2272.6042
14000000	60000000	2133.4226
15000000	60000000	1787.329
16000000	60000000	2700.607
17000000	60000000	2705.5522
18000000	60000000	3341.343
19000000	60000000	2653.5664
20000000	60000000	2647.1858
21000000	60000000	2903.5466
22000000	60000000	2905.6301
23000000	60000000	2434.94
24000000	60000000	3358.2544
25000000	60000000	3173.7202
26000000	60000000	3491.1416
27000000	60000000	3029.1262
28000000	60000000	3188.044
29000000	60000000	3532.5657
30000000	60000000	4107.157
31000000	60000000	3671.9192
32000000	60000000	3947.111
33000000	60000000	3681.235
34000000	60000000	4359.806
35000000	60000000	4770.5605
36000000	60000000	5017.905
37000000	60000000	4882.689
38000000	60000000	4494.866
39000000	60000000	4330.293
40000000	60000000	4226.6035
41000000	60000000	4323.2266
42000000	60000000	3602.3105
43000000	60000000	4621.422
44000000	60000000	3542.3926
45000000	60000000	2750.5637
46000000	60000000	2359.8447
47000000	60000000	1355.2863
48000000	60000000	1404.0309
49000000	60000000	1522.5991
50000000	60000000	2996.9348
51000000	60000000	4073.3867
52000000	60000000	2641.8704
53000000	60000000	5599.866
54000000	60000000	12517.193
55000000	60000000	12174.319
56000000	60000000	13244.74
57000000	60000000	11855.095
58000000	60000000	36967.895
59000000	60000000	125769.52
60000000	60000000	460816.88
0	61000000	2919.9004
1000000	61000000	1841.5262
2000000	61000000	2077.8909
3000000	61000000	2307.5679
4000000	61000000	2495.4216
5000000	61000000	2084.7336
6000000	61000000	1934.3496
7000000	61000000	2087.4207
8000000	61000000	3177.3242
9000000	61000000	2419.5996
10000000	61000000	2391.913
11000000	61000000	3060.7769
12000000	61000000	2754.6558
13000000	61000000	2392.141
14000000	61000000	2404.0134
15000000	61000000	2508.9448
16000000	61000000	3172.5579
17000000	61000000	3308.462
18000000	61000000	3456.8196
19000000	61000000	2520.7266
20000000	61000000	2697.7097
21000000	61000000	2531.5361
22000000	61000000	2632.819
23000000	61000000	3554.2466
24000000	61000000	3225.8992
25000000	61000000	3366.5732
26000000	61000000	2740.8828
27000000	61000000	3597.2302
28000000	61000000	3560.4634
29000000	61000000	4037.4363
30000000	61000000	3967.0623
31000000	61000000	4194.0337
32000000	61000000	4641.295
33000000	61000000	4422.851
34000000	61000000	3960.8936
35000000	61000000	3774.0996
36000000	61000000	4939.262
37000000	61000000	5490.7515
38000000	61000000	4774.2896
39000000	61000000	4802.291
40000000	61000000	4034.9011
41000000	61000000	3962.1228
42000000	61000000	4100.698
43000000	61000000	4572.5737
44000000	61000000	3590.4624
45000000	61000000	3084.1343
46000000	61000000	2624.5771
47000000	61000000	1625.4141
48000000	61000000	1703.8331
49000000	61000000	1767.7932
50000000	61000000	3105.8008
51000000	61000000	3893.336
52000000	61000000	3152.6902
53000000	61000000	6606.336
54000000	61000000	9922.559
55000000	61000000	10709.632
56000000	61000000	12369.479
57000000	61000000	12342.342
58000000	61000000	32062.395
59000000	61000000	73237.08
60000000	61000000	150150.83
61000000	61000000	451944.2
0	62000000	3082.4934
1000000	62000000	2717.7773
2000000	62000000	2553.8623
3000000	62000000	2923.3796
4000000	62000000	2106.5232
5000000	62000000	1688.4614
6000000	62000000	1585.1306
7000000	62000000	2434.731
8000000	62000000	3507.9417
9000000	62000000	2004.1108
10000000	62000000	2582.0588
11000000	62000000	3249.5198
12000000	62000000	2705.172
13000000	62000000	2520.7026
14000000	62000000	2114.8562
15000000	62000000	1556.4451
16000000	62000000	2656.7188
17000000	62000000	2758.675
18000000	62000000	4184.904
19000000	62000000	3004.3474
20000000	62000000	3027.537
21000000	62000000	3779.074
22000000	62000000	3877.048
23000000	62000000	2697.918
24000000	62000000	4534.7573
25000000	62000000	4236.0522
26000000	62000000	4325.429
27000000	62000000	3445.6768
28000000	62000000	3650.7043
29000000	62000000	3993.3567
30000000	62000000	4906.7393
31000000	62000000	3538.0925
32000000	62000000	3798.209
33000000	62000000	3490.3489
34000000	62000000	4797.763
35000000	62000000	5665.5225
36000000	62000000	6367.292
37000000	62000000	5205.266
38000000	62000000	4735.1914
39000000	62000000	4672.4624
40000000	62000000	4294.902
41000000	62000000	4117.1436
42000000	62000000	3536.425
43000000	62000000	4151.2964
44000000	62000000	3010.9055
45000000	62000000	2442.1494
46000000	62000000	1888.9457
47000000	62000000	1142.4662
48000000	62000000	1145.4631
49000000	62000000	1362.6952
50000000	62000000	3022.6003
51000000	62000000	3934.0776
52000000	62000000	2146.6016
53000000	62000000	5028.3696
54000000	62000000	13412.673
55000000	62000000	12261.446
56000000	62000000	11519.593
57000000	62000000	7654.694
58000000	62000000	17503.305
59000000	62000000	32091.82
60000000	62000000	48706.41
61000000	62000000	105938.93
62000000	62000000	427264.1
0	63000000	3274.3599
1000000	63000000	2730.545
2000000	63000000	2561.3137
3000000	63000000	3042.384
4000000	63000000	2519.685
5000000	63000000	1979.675
6000000	63000000	1717.177
7000000	63000000	2404.8567
8000000	63000000	3467.002
9000000	63000000	2367.2307
10000000	63000000	2584.9778
11000000	63000000	3260.4673
12000000	63000000	2984.1196
13000000	63000000	2629.1836
14000000	63000000	2342.8413
15000000	63000000	2084.6458
16000000	63000000	2956.1484
17000000	63000000	3072.9949
18000000	63000000	4061.849
19000000	63000000	3228.4697
20000000	63000000	3501.587
21000000	63000000	3692.1777
22000000	63000000	3848.8596
23000000	63000000	3330.3079
24000000	63000000	4558.972
25000000	63000000	4717.5537
26000000	63000000	4430.301
27000000	63000000	3967.614
28000000	63000000	3624.605
29000000	63000000	3815.275
30000000	63000000	4451.5396
31000000	63000000	3656.4763
32000000	63000000	4195.888
33000000	63000000	4249.905
34000000	63000000	4989.316
35000000	63000000	5590.338
36000000	63000000	6187.845
37000000	63000000	5697.5366
38000000	63000000	5007.2456
39000000	63000000	5007.2695
40000000	63000000	4266.1377
41000000	63000000	4011.4133
42000000	63000000	3735.29
43000000	63000000	3883.754
44000000	63000000	3222.8901
45000000	63000000	2629.5618
46000000	63000000	1950.6335
47000000	63000000	1359.0072
48000000	63000000	1357.9877
49000000	63000000	1511.08
50000000	63000000	3174.7393
51000000	63000000	4033.935
52000000	63000000	2772.7542
53000000	63000000	5463.1367
54000000	63000000	10852.117
55000000	63000000	10118.636
56000000	63000000	10039.774
57000000	63000000	7330.8516
58000000	63000000	11807.458
59000000	63000000	16112.162
60000000	63000000	21252.059
61000000	63000000	25561.03
62000000	63000000	123373.0
63000000	63000000	465328.47
0	64000000	3249.8064
1000000	64000000	3212.4246
2000000	64000000	2704.6282
3000000	64000000	3020.1323
4000000	64000000	2219.1355
5000000	64000000	1856.1218
6000000	64000000	1887.0181
7000000	64000000	2841.2727
8000000	64000000	3551.383
9000000	64000000	1944.5159
10000000	64000000	2296.5293
11000000	64000000	2770.6306
12000000	64000000	2492.8745
13000000	64000000	2292.355
14000000	64000000	1991.6298
15000000	64000000	1500.4227
16000000	64000000	2467.243
17000000	64000000	2669.4646
18000000	64000000	4099.389
19000000	64000000	3229.5303
20000000	64000000	3297.805
21000000	64000000	4065.8635
22000000	64000000	3841.2654
23000000	64000000	2645.6665
24000000	64000000	4717.344
25000000	64000000	4549.322
26000000	64000000	5078.451
27000000	64000000	3868.8005
28000000	64000000	3666.2551
29000000	64000000	3783.9446
30000000	64000000	4551.5103
31000000	64000000	3393.9907
32000000	64000000	3569.1748
33000000	64000000	3381.129
34000000	64000000	5116.9805
35000000	64000000	6161.588
36000000	64000000	6372.879
37000000	64000000	4863.3936
38000000	64000000	4261.8804
39000000	64000000	4186.383
40000000	64000000	4109.254
41000000	64000000	3733.2979
42000000	64000000	3091.7993
43000000	64000000	3611.6758
44000000	64000000	2672.236
45000000	64000000	2021.475
46000000	64000000	1683.16
47000000	64000000	1005.4668
48000000	64000000	1113.6665
49000000	64000000	1229.0638
50000000	64000000	2772.6746
51000000	64000000	3811.6433
52000000	64000000	2001.1742
53000000	64000000	4258.231
54000000	64000000	10397.795
55000000	64000000	8905.514
56000000	64000000	7981.3916
57000000	64000000	5063.939
58000000	64000000	8337.061
59000000	64000000	11627.449
60000000	64000000	15513.452
61000000	64000000	16931.543
62000000	64000000	40536.082
63000000	64000000	96167.375
64000000	64000000	465678.0
0	65000000	3212.2456
1000000	65000000	3663.771
2000000	65000000	2735.6208
3000000	65000000	3104.712
4000000	65000000	1874.6344
5000000	65000000	1682.1251
6000000	65000000	1750.2458
7000000	65000000	2906.4587
8000000	65000000	3476.6648
9000000	65000000	1639.4595
10000000	65000000	2122.7585
11000000	65000000	2655.3176
12000000	65000000	2231.463
13000000	65000000	2126.2869
14000000	65000000	1747.2954
15000000	65000000	1162.6315
16000000	65000000	2225.212
17000000	65000000	2268.3179
18000000	65000000	4347.919
19000000	65000000	3350.76
20000000	65000000	3474.5708
21000000	65000000	4595.327
22000000	65000000	4209.3276
23000000	65000000	2211.5586
24000000	65000000	4861.387
25000000	65000000	4594.0146
26000000	65000000	5582.2603
27000000	65000000	3402.1824
28000000	65000000	3485.875
29000000	65000000	3628.8652
30000000	65000000	4657.8306
31000000	65000000	3006.7397
32000000	65000000	3007.1975
33000000	65000000	2766.2593
34000000	65000000	5283.578
35000000	65000000	6681.4805
36000000	65000000	6271.0034
37000000	65000000	4298.9
38000000	65000000	3978.327
39000000	65000000	3847.11
40000000	65000000	3918.8293
41000000	65000000	3798.1409
42000000	65000000	2632.0203
43000000	65000000	3315.231
44000000	65000000	2384.8376
45000000	65000000	1798.9082
46000000	65000000	1439.5819
47000000	65000000	809.116
48000000	65000000	907.89087
49000000	65000000	1058.3344
50000000	65000000	2463.0505
51000000	65000000	3288.5503
52000000	65000000	1592.2666
53000000	65000000	3467.6934
54000000	65000000	10730.715
55000000	65000000	8777.293
56000000	65000000	7186.4683
57000000	65000000	3887.3137
58000000	65000000	6568.4536
59000000	65000000	9747.045
60000000	65000000	14495.658
61000000	65000000	13408.448
62000000	65000000	29853.582
63000000	65000000	41319.82
64000000	65000000	131946.34
65000000	65000000	452557.06
0	66000000	2964.939
1000000	66000000	2067.0764
2000000	66000000	2429.1367
3000000	66000000	2606.4077
4000000	66000000	2655.727
5000000	66000000	2107.211
6000000	66000000	1682.3716
7000000	66000000	1940.5967
8000000	66000000	3503.4307
9000000	66000000	2638.009
10000000	66000000	2495.7385
11000000	66000000	3052.1587
12000000	66000000	2878.7886
13000000	66000000	2525.5369
14000000	66000000	2462.7458
15000000	66000000	2496.395
16000000	66000000	3515.6677
17000000	66000000	3661.3962
18000000	66000000	3788.5688
19000000	66000000	2857.2163
20000000	66000000	2918.6611
21000000	66000000	2897.4097
22000000	66000000	2999.5105
23000000	66000000	3712.5627
24000000	66000000	3888.8914
25000000	66000000	3944.9563
26000000	66000000	3259.6565
27000000	66000000	3610.9841
28000000	66000000	3450.662
29000000	66000000	3799.0408
30000000	66000000	4079.305
31000000	66000000	3997.6836
32000000	66000000	4645.679
33000000	66000000	4355.0093
34000000	66000000	4360.784
35000000	66000000	4057.7424
36000000	66000000	5459.391
37000000	66000000	5631.603
38000000	66000000	4896.176
39000000	66000000	4680.726
40000000	66000000	3848.9863
41000000	66000000	3706.362
42000000	66000000	3664.9773
43000000	66000000	3779.3044
44000000	66000000	3079.3245
45000000	66000000	2599.99
46000000	66000000	2069.7449
47000000	66000000	1281.5535
48000000	66000000	1255.855
49000000	66000000	1320.958
50000000	66000000	2944.0063
51000000	66000000	3570.5317
52000000	66000000	2511.942
53000000	66000000	4903.103
54000000	66000000	7450.087
55000000	66000000	7518.8003
56000000	66000000	7726.5986
57000000	66000000	6028.9204
58000000	66000000	8318.847
59000000	66000000	9886.828
60000000	66000000	10639.254
61000000	66000000	12241.36
62000000	66000000	17588.23
63000000	66000000	23054.54
64000000	66000000	37411.066
65000000	66000000	89503.44
66000000	66000000	503934.97
0	67000000	2918.3108
1000000	67000000	2195.4336
2000000	67000000	2309.427
3000000	67000000	2613.6626
4000000	67000000	2521.7546
5000000	67000000	1934.478
6000000	67000000	1625.6467
7000000	67000000	2024.9572
8000000	67000000	3177.5146
9000000	67000000	2237.4243
10000000	67000000	2058.3564
11000000	67000000	2800.0266
12000000	67000000	2438.2498
13000000	67000000	2225.9204
14000000	67000000	2127.2258
15000000	67000000	2000.9896
16000000	67000000	2953.8413
17000000	67000000	3296.501
18000000	67000000	3926.96
19000000	67000000	3170.1033
20000000	67000000	3185.6736
21000000	67000000	3029.9507
22000000	67000000	3284.8115
23000000	67000000	3466.382
24000000	67000000	3992.2236
25000000	67000000	4131.0625
26000000	67000000	3635.4407
27000000	67000000	3765.0496
28000000	67000000	3450.2246
29000000	67000000	3714.9802
30000000	67000000	4079.3306
31000000	67000000	3778.239
32000000	67000000	4065.428
33000000	67000000	4395.7173
34000000	67000000	4454.801
35000000	67000000	4489.1177
36000000	67000000	5534.449
37000000	67000000	5136.057
38000000	67000000	4273.3423
39000000	67000000	4267.9365
40000000	67000000	3413.763
41000000	67000000	3329.956
42000000	67000000	3334.0242
43000000	67000000	3294.117
44000000	67000000	2792.0889
45000000	67000000	2303.3325
46000000	67000000	1784.8876
47000000	67000000	1163.9897
48000000	67000000	1215.1516
49000000	67000000	1349.9644
50000000	67000000	2632.4368
51000000	67000000	3322.808
52000000	67000000	2306.9114
53000000	67000000	4248.0645
54000000	67000000	6504.4565
55000000	67000000	6433.148
56000000	67000000	6541.975
57000000	67000000	5063.649
58000000	67000000	6678.4077
59000000	67000000	7877.8916
60000000	67000000	8709.877
61000000	67000000	9129.519
62000000	67000000	13035.269
63000000	67000000	15507.438
64000000	67000000	19990.79
65000000	67000000	30517.064
66000000	67000000	87134.72
67000000	67000000	483291.4
0	68000000	3126.9146
1000000	68000000	3342.9119
2000000	68000000	2551.796
3000000	68000000	2856.3818
4000000	68000000	1705.196
5000000	68000000	1398.6941
6000000	68000000	1415.5508
7000000	68000000	2553.2783
8000000	68000000	2949.8096
9000000	68000000	1490.0099
10000000	68000000	1978.4525
11000000	68000000	2258.4814
12000000	68000000	1999.8822
13000000	68000000	1927.6848
14000000	68000000	1625.2529
15000000	68000000	1034.4573
16000000	68000000	1922.3281
17000000	68000000	2021.4244
18000000	68000000	4268.1113
19000000	68000000	3327.2576
20000000	68000000	3267.1567
21000000	68000000	4260.3716
22000000	68000000	4362.9893
23000000	68000000	1954.8397
24000000	68000000	4675.9585
25000000	68000000	4194.945
26000000	68000000	5236.5103
27000000	68000000	3220.5784
28000000	68000000	3364.8547
29000000	68000000	3440.2502
30000000	68000000	4217.091
31000000	68000000	2617.1887
32000000	68000000	2676.2195
33000000	68000000	2648.6472
34000000	68000000	4770.6157
35000000	68000000	5991.915
36000000	68000000	5971.1533
37000000	68000000	3716.4375
38000000	68000000	3526.8804
39000000	68000000	3542.0564
40000000	68000000	3550.272
41000000	68000000	3285.0679
42000000	68000000	2354.9302
43000000	68000000	2992.8467
44000000	68000000	2132.2502
45000000	68000000	1628.0763
46000000	68000000	1371.7638
47000000	68000000	755.8189
48000000	68000000	822.1758
49000000	68000000	937.80536
50000000	68000000	2253.8992
51000000	68000000	3032.7324
52000000	68000000	1422.2086
53000000	68000000	2859.7437
54000000	68000000	8760.871
55000000	68000000	7177.945
56000000	68000000	5990.959
57000000	68000000	3125.202
58000000	68000000	4748.58
59000000	68000000	6775.8657
60000000	68000000	9272.234
61000000	68000000	8601.517
62000000	68000000	15236.772
63000000	68000000	16423.49
64000000	68000000	23145.764
65000000	68000000	35237.215
66000000	68000000	47945.773
67000000	68000000	140548.1
68000000	68000000	476138.2
0	69000000	3241.0947
1000000	69000000	2208.9832
2000000	69000000	2507.531
3000000	69000000	2758.6304
4000000	69000000	3122.2466
5000000	69000000	2255.7593
6000000	69000000	1789.8534
7000000	69000000	2000.6412
8000000	69000000	3325.7012
9000000	69000000	2723.6296
10000000	69000000	2378.2856
11000000	69000000	2913.6084
12000000	69000000	2852.3206
13000000	69000000	2499.6277
14000000	69000000	2319.0945
15000000	69000000	2854.86
16000000	69000000	3873.7444
17000000	69000000	4088.5242
18000000	69000000	4073.0488
19000000	69000000	3171.4402
20000000	69000000	3547.8804
21000000	69000000	3023.191
22000000	69000000	3413.4722
23000000	69000000	4334.9463
24000000	69000000	4122.1533
25000000	69000000	4523.332
26000000	69000000	3512.291
27000000	69000000	4152.223
28000000	69000000	3650.8518
29000000	69000000	4027.9087
30000000	69000000	4050.1401
31000000	69000000	3955.2551
32000000	69000000	4426.1147
33000000	69000000	4620.9
34000000	69000000	4320.2065
35000000	69000000	4206.7705
36000000	69000000	5449.3506
37000000	69000000	5552.0806
38000000	69000000	4571.6626
39000000	69000000	4432.7383
40000000	69000000	3612.182
41000000	69000000	3401.825
42000000	69000000	3619.942
43000000	69000000	3482.2842
44000000	69000000	3076.5745
45000000	69000000	2670.7666
46000000	69000000	2104.0442
47000000	69000000	1427.5543
48000000	69000000	1435.8804
49000000	69000000	1531.9464
50000000	69000000	2783.0984
51000000	69000000	3298.3906
52000000	69000000	2759.5051
53000000	69000000	4837.783
54000000	69000000	5992.1753
55000000	69000000	6214.3496
56000000	69000000	6671.062
57000000	69000000	5649.105
58000000	69000000	7057.5728
59000000	69000000	7491.993
60000000	69000000	7816.621
61000000	69000000	9145.147
62000000	69000000	11259.642
63000000	69000000	13829.629
64000000	69000000	14991.497
65000000	69000000	17889.076
66000000	69000000	31672.105
67000000	69000000	51697.664
68000000	69000000	73034.18
69000000	69000000	506871.97
0	70000000	3150.8027
1000000	70000000	3251.0742
2000000	70000000	2641.644
3000000	70000000	2726.397
4000000	70000000	1786.7491
5000000	70000000	1502.7045
6000000	70000000	1520.3583
7000000	70000000	2429.8547
8000000	70000000	2759.4253
9000000	70000000	1448.0161
10000000	70000000	1675.0073
11000000	70000000	2261.0586
12000000	70000000	1985.6727
13000000	70000000	1812.4357
14000000	70000000	1511.8795
15000000	70000000	1216.7223
16000000	70000000	2293.1187
17000000	70000000	2469.2754
18000000	70000000	4506.325
19000000	70000000	3631.0288
20000000	70000000	3378.5244
21000000	70000000	4161.6753
22000000	70000000	4370.263
23000000	70000000	2304.636
24000000	70000000	4701.9424
25000000	70000000	4047.6243
26000000	70000000	4671.7114
27000000	70000000	3199.3003
28000000	70000000	3405.9773
29000000	70000000	3468.7532
30000000	70000000	4302.378
31000000	70000000	2686.7783
32000000	70000000	2667.4746
33000000	70000000	2500.3584
34000000	70000000	4515.8145
35000000	70000000	5672.9863
36000000	70000000	5192.4907
37000000	70000000	3498.3506
38000000	70000000	3149.1992
39000000	70000000	3163.8284
40000000	70000000	3104.2651
41000000	70000000	2970.0725
42000000	70000000	2196.9937
43000000	70000000	2695.4443
44000000	70000000	2055.3723
45000000	70000000	1547.9034
46000000	70000000	1310.9332
47000000	70000000	733.9748
48000000	70000000	784.869
49000000	70000000	895.1115
50000000	70000000	1909.7311
51000000	70000000	2581.046
52000000	70000000	1311.0066
53000000	70000000	2617.0305
54000000	70000000	6722.2173
55000000	70000000	5882.4893
56000000	70000000	4876.493
57000000	70000000	2821.5708
58000000	70000000	4110.1147
59000000	70000000	5958.2275
60000000	70000000	8295.347
61000000	70000000	7240.1514
62000000	70000000	11626.989
63000000	70000000	11529.96
64000000	70000000	14114.298
65000000	70000000	18170.387
66000000	70000000	15638.762
67000000	70000000	20648.361
68000000	70000000	33524.49
69000000	70000000	65600.69
70000000	70000000	480099.28
0	71000000	2631.869
1000000	71000000	1751.0641
2000000	71000000	2094.8335
3000000	71000000	2383.519
4000000	71000000	2389.9893
5000000	71000000	1653.1001
6000000	71000000	1398.1075
7000000	71000000	1620.3477
8000000	71000000	2902.5818
9000000	71000000	2249.8271
10000000	71000000	2019.5957
11000000	71000000	2648.7102
12000000	71000000	2406.3833
13000000	71000000	2187.5168
14000000	71000000	2075.902
15000000	71000000	2128.6255
16000000	71000000	3535.71
17000000	71000000	3561.2822
18000000	71000000	3687.8967
19000000	71000000	2579.353
20000000	71000000	2602.3914
21000000	71000000	2608.9226
22000000	71000000	2811.686
23000000	71000000	3329.479
24000000	71000000	3492.7605
25000000	71000000	3252.2708
26000000	71000000	2762.8726
27000000	71000000	2939.0957
28000000	71000000	2777.6523
29000000	71000000	3202.5132
30000000	71000000	3683.0012
31000000	71000000	3303.0222
32000000	71000000	3669.7856
33000000	71000000	3276.6116
34000000	71000000	3564.7441
35000000	71000000	3324.2256
36000000	71000000	4403.391
37000000	71000000	4519.976
38000000	71000000	3702.0767
39000000	71000000	3516.7844
40000000	71000000	3042.908
41000000	71000000	2972.5867
42000000	71000000	3034.0493
43000000	71000000	3032.6125
44000000	71000000	2552.0137
45000000	71000000	2156.2568
46000000	71000000	1868.2151
47000000	71000000	953.97955
48000000	71000000	1040.8798
49000000	71000000	1109.0547
50000000	71000000	2179.0996
51000000	71000000	2689.7834
52000000	71000000	1826.0106
53000000	71000000	3563.9897
54000000	71000000	5590.5537
55000000	71000000	5347.342
56000000	71000000	5470.23
57000000	71000000	4043.7292
58000000	71000000	5278.012
59000000	71000000	6565.754
60000000	71000000	7091.268
61000000	71000000	7700.0635
62000000	71000000	9143.876
63000000	71000000	9158.623
64000000	71000000	9841.545
65000000	71000000	11096.196
66000000	71000000	14380.818
67000000	71000000	15714.743
68000000	71000000	16648.854
69000000	71000000	31834.287
70000000	71000000	130670.11
71000000	71000000	450242.7
0	72000000	2087.5532
1000000	72000000	928.4289
2000000	72000000	1669.8998
3000000	72000000	1685.4814
4000000	72000000	3124.9875
5000000	72000000	2217.8557
6000000	72000000	1567.6425
7000000	72000000	1109.0518
8000000	72000000	2717.1804
9000000	72000000	3426.413
10000000	72000000	2620.712
11000000	72000000	2974.0544
12000000	72000000	3042.2034
13000000	72000000	2826.9802
14000000	72000000	2990.3706
15000000	72000000	4449.7036
16000000	72000000	4760.783
17000000	72000000	4570.4297
18000000	72000000	2367.981
19000000	72000000	1907.8959
20000000	72000000	2235.5828
21000000	72000000	1304.795
22000000	72000000	1643.4739
23000000	72000000	5084.327
24000000	72000000	2173.693
25000000	72000000	2543.8794
26000000	72000000	1404.0664
27000000	72000000	2909.8708
28000000	72000000	2488.7283
29000000	72000000	3022.7722
30000000	72000000	2499.4734
31000000	72000000	3980.6108
32000000	72000000	4904.5005
33000000	72000000	4721.425
34000000	72000000	2539.6226
35000000	72000000	1794.743
36000000	72000000	3254.2617
37000000	72000000	5298.9336
38000000	72000000	4337.64
39000000	72000000	4269.98
40000000	72000000	2749.7595
41000000	72000000	2815.1934
42000000	72000000	4023.0857
43000000	72000000	3374.3271
44000000	72000000	3335.5383
45000000	72000000	3438.2312
46000000	72000000	3091.3396
47000000	72000000	2148.2124
48000000	72000000	1969.0703
49000000	72000000	2015.1707
50000000	72000000	2787.1523
51000000	72000000	2871.0957
52000000	72000000	3665.9204
53000000	72000000	5048.7856
54000000	72000000	3228.7085
55000000	72000000	4370.4526
56000000	72000000	5472.5005
57000000	72000000	6355.257
58000000	72000000	7277.303
59000000	72000000	6504.605
60000000	72000000	5436.0767
61000000	72000000	7078.213
62000000	72000000	5512.344
63000000	72000000	6802.6294
64000000	72000000	6107.8335
65000000	72000000	5692.573
66000000	72000000	10993.132
67000000	72000000	11107.811
68000000	72000000	7367.709
69000000	72000000	20008.271
70000000	72000000	23687.377
71000000	72000000	150209.95
72000000	72000000	573175.1
0	73000000	2924.1304
1000000	73000000	2489.9797
2000000	73000000	2401.1504
3000000	73000000	2822.2107
4000000	73000000	2396.0828
5000000	73000000	1766.0123
6000000	73000000	1454.3772
7000000	73000000	2005.717
8000000	73000000	3137.4822
9000000	73000000	2049.5527
10000000	73000000	1964.9169
11000000	73000000	2465.832
12000000	73000000	2202.48
13000000	73000000	2111.9385
14000000	73000000	1841.0461
15000000	73000000	1813.2986
16000000	73000000	2907.8638
17000000	73000000	3190.2305
18000000	73000000	3864.8787
19000000	73000000	2983.6768
20000000	73000000	3019.4724
21000000	73000000	3137.141
22000000	73000000	3431.1838
23000000	73000000	3110.868
24000000	73000000	4190.368
25000000	73000000	4018.2131
26000000	73000000	3687.0088
27000000	73000000	3369.28
28000000	73000000	3114.9148
29000000	73000000	3377.1724
30000000	73000000	3867.8484
31000000	73000000	3313.0247
32000000	73000000	3488.5508
33000000	73000000	3286.4746
34000000	73000000	3979.2798
35000000	73000000	4089.7224
36000000	73000000	5168.4756
37000000	73000000	4357.3667
38000000	73000000	3645.539
39000000	73000000	3539.2961
40000000	73000000	3227.9968
41000000	73000000	2988.765
42000000	73000000	2822.753
43000000	73000000	2925.9714
44000000	73000000	2326.6907
45000000	73000000	1970.5184
46000000	73000000	1528.9418
47000000	73000000	926.29083
48000000	73000000	974.7943
49000000	73000000	1073.4664
50000000	73000000	2094.4048
51000000	73000000	2642.3594
52000000	73000000	1668.9082
53000000	73000000	3180.859
54000000	73000000	5766.948
55000000	73000000	5465.732
56000000	73000000	5075.93
57000000	73000000	3581.8242
58000000	73000000	4676.796
59000000	73000000	5883.663
60000000	73000000	6702.538
61000000	73000000	6987.961
62000000	73000000	9366.78
63000000	73000000	9788.993
64000000	73000000	10905.779
65000000	73000000	12267.903
66000000	73000000	12386.156
67000000	73000000	13473.737
68000000	73000000	15602.312
69000000	73000000	21173.865
70000000	73000000	39956.285
71000000	73000000	66529.445
72000000	73000000	104828.74
73000000	73000000	451964.8
0	74000000	3005.0488
1000000	74000000	4036.1719
2000000	74000000	2722.4182
3000000	74000000	2772.9155
4000000	74000000	1603.4641
5000000	74000000	1504.4338
6000000	74000000	1746.6987
7000000	74000000	3238.5881
8000000	74000000	2587.921
9000000	74000000	962.90265
10000000	74000000	1050.1743
11000000	74000000	1432.2623
12000000	74000000	1322.1366
13000000	74000000	1224.0092
14000000	74000000	1005.3997
15000000	74000000	811.22955
16000000	74000000	1513.3022
17000000	74000000	1774.7615
18000000	74000000	4056.33
19000000	74000000	3429.9004
20000000	74000000	3502.0635
21000000	74000000	4804.5566
22000000	74000000	4267.458
23000000	74000000	1740.1907
24000000	74000000	4480.8516
25000000	74000000	4243.551
26000000	74000000	6110.6
27000000	74000000	3385.8267
28000000	74000000	3476.567
29000000	74000000	3376.2292
30000000	74000000	3923.6565
31000000	74000000	2255.3345
32000000	74000000	2033.8901
33000000	74000000	2150.437
34000000	74000000	4660.556
35000000	74000000	6376.4326
36000000	74000000	5033.621
37000000	74000000	2551.0623
38000000	74000000	2469.514
39000000	74000000	2499.6282
40000000	74000000	2538.0728
41000000	74000000	2527.4077
42000000	74000000	1684.8505
43000000	74000000	2012.8458
44000000	74000000	1493.2393
45000000	74000000	1020.2817
46000000	74000000	804.572
47000000	74000000	517.3786
48000000	74000000	562.3817
49000000	74000000	637.6261
50000000	74000000	1415.0432
51000000	74000000	1938.3535
52000000	74000000	839.3193
53000000	74000000	1713.8942
54000000	74000000	5356.3027
55000000	74000000	4332.3623
56000000	74000000	3389.7432
57000000	74000000	1932.7639
58000000	74000000	2705.6504
59000000	74000000	3968.5374
60000000	74000000	6462.3315
61000000	74000000	5091.871
62000000	74000000	8442.359
63000000	74000000	8642.826
64000000	74000000	11363.621
65000000	74000000	13892.676
66000000	74000000	8391.314
67000000	74000000	9694.818
68000000	74000000	15987.478
69000000	74000000	12983.979
70000000	74000000	28510.832
71000000	74000000	20094.98
72000000	74000000	12328.554
73000000	74000000	86078.07
74000000	74000000	500568.5
0	75000000	7534.813
1000000	75000000	3280.6497
2000000	75000000	2909.8215
3000000	75000000	2759.0454
4000000	75000000	2165.984
5000000	75000000	2096.3286
6000000	75000000	2406.8716
7000000	75000000	3168.2346
8000000	75000000	3004.2976
9000000	75000000	1313.637
10000000	75000000	1217.7048
11000000	75000000	1572.7017
12000000	75000000	1588.5621
13000000	75000000	1509.6815
14000000	75000000	1359.204
15000000	75000000	1171.4928
16000000	75000000	1843.0417
17000000	75000000	2340.366
18000000	75000000	3531.806
19000000	75000000	3157.7783
20000000	75000000	3219.5496
21000000	75000000	3652.5327
22000000	75000000	3610.5283
23000000	75000000	2453.5168
24000000	75000000	3838.586
25000000	75000000	4136.9146
26000000	75000000	5051.014
27000000	75000000	3970.446
28000000	75000000	3599.2
29000000	75000000	3205.2405
30000000	75000000	3519.0483
31000000	75000000	2884.7717
32000000	75000000	2566.6238
33000000	75000000	2766.8162
34000000	75000000	4282.0337
35000000	75000000	5127.41
36000000	75000000	4688.129
37000000	75000000	3066.0176
38000000	75000000	2781.5386
39000000	75000000	2830.108
40000000	75000000	2717.003
41000000	75000000	2587.2002
42000000	75000000	2065.1506
43000000	75000000	2252.1382
44000000	75000000	1937.9077
45000000	75000000	1187.0656
46000000	75000000	933.5398
47000000	75000000	625.1735
48000000	75000000	622.23303
49000000	75000000	682.2831
50000000	75000000	1536.1844
51000000	75000000	2093.5427
52000000	75000000	1124.4432
53000000	75000000	2141.9763
54000000	75000000	4522.2437
55000000	75000000	3909.018
56000000	75000000	3424.3489
57000000	75000000	2344.339
58000000	75000000	3090.1833
59000000	75000000	4306.407
60000000	75000000	5798.803
61000000	75000000	5320.4575
62000000	75000000	7058.395
63000000	75000000	7595.11
64000000	75000000	9738.16
65000000	75000000	10934.617
66000000	75000000	8532.257
67000000	75000000	9109.394
68000000	75000000	11582.603
69000000	75000000	11973.729
70000000	75000000	18618.928
71000000	75000000	15598.377
72000000	75000000	13331.177
73000000	75000000	48222.008
74000000	75000000	132971.17
75000000	75000000	508314.3
0	76000000	3028.2007
1000000	76000000	3747.4534
2000000	76000000	2645.1094
3000000	76000000	2481.3455
4000000	76000000	1643.6053
5000000	76000000	1732.1066
6000000	76000000	2351.0977
7000000	76000000	3582.4934
8000000	76000000	2438.975
9000000	76000000	849.6914
10000000	76000000	861.6552
11000000	76000000	1314.5314
12000000	76000000	1176.583
13000000	76000000	1079.4639
14000000	76000000	980.6137
15000000	76000000	911.50354
16000000	76000000	1724.3784
17000000	76000000	2104.2893
18000000	76000000	3737.308
19000000	76000000	3518.1252
20000000	76000000	3255.671
21000000	76000000	4371.637
22000000	76000000	4013.101
23000000	76000000	2169.8213
24000000	76000000	3804.857
25000000	76000000	3724.9067
26000000	76000000	5509.692
27000000	76000000	3667.2217
28000000	76000000	3817.1646
29000000	76000000	3733.7476
30000000	76000000	3747.1726
31000000	76000000	2607.542
32000000	76000000	2178.6782
33000000	76000000	2534.4917
34000000	76000000	4419.828
35000000	76000000	5579.9473
36000000	76000000	4491.0474
37000000	76000000	2564.809
38000000	76000000	2218.2957
39000000	76000000	2583.377
40000000	76000000	2541.9436
41000000	76000000	2332.373
42000000	76000000	1655.6006
43000000	76000000	1848.0201
44000000	76000000	1457.3843
45000000	76000000	1029.2128
46000000	76000000	810.4483
47000000	76000000	505.98102
48000000	76000000	580.603
49000000	76000000	602.0219
50000000	76000000	1266.1599
51000000	76000000	1725.3097
52000000	76000000	895.0909
53000000	76000000	1650.9077
54000000	76000000	3872.5405
55000000	76000000	3624.9417
56000000	76000000	3067.2234
57000000	76000000	2015.9879
58000000	76000000	2749.3123
59000000	76000000	3602.5637
60000000	76000000	5559.431
61000000	76000000	5135.8223
62000000	76000000	6937.0703
63000000	76000000	7172.26
64000000	76000000	8695.2295
65000000	76000000	10345.14
66000000	76000000	7006.8047
67000000	76000000	7657.278
68000000	76000000	11035.153
69000000	76000000	8720.961
70000000	76000000	14288.319
71000000	76000000	9693.893
72000000	76000000	6604.769
73000000	76000000	18003.496
74000000	76000000	40392.445
75000000	76000000	81845.29
76000000	76000000	528596.4
0	77000000	3031.9688
1000000	77000000	3586.6716
2000000	77000000	2546.9895
3000000	77000000	2660.424
4000000	77000000	1682.1425
5000000	77000000	1519.0682
6000000	77000000	1777.697
7000000	77000000	2782.1812
8000000	77000000	2323.6064
9000000	77000000	966.50146
10000000	77000000	898.16895
11000000	77000000	1297.1388
12000000	77000000	1304.539
13000000	77000000	1071.8892
14000000	77000000	991.19855
15000000	77000000	823.9704
16000000	77000000	1581.8204
17000000	77000000	2042.8785
18000000	77000000	3927.4558
19000000	77000000	3263.7253
20000000	77000000	3143.2068
21000000	77000000	4182.8154
22000000	77000000	4082.7437
23000000	77000000	1900.9989
24000000	77000000	4107.951
25000000	77000000	3767.872
26000000	77000000	5007.9863
27000000	77000000	3507.854
28000000	77000000	3658.0088
29000000	77000000	3414.269
30000000	77000000	3899.5967
31000000	77000000	2282.1016
32000000	77000000	2233.4668
33000000	77000000	2376.08
34000000	77000000	4230.691
35000000	77000000	5597.107
36000000	77000000	4433.293
37000000	77000000	2400.5715
38000000	77000000	2103.536
39000000	77000000	2425.3794
40000000	77000000	2475.4622
41000000	77000000	2413.293
42000000	77000000	1502.0625
43000000	77000000	1787.4211
44000000	77000000	1382.9346
45000000	77000000	928.43866
46000000	77000000	715.6907
47000000	77000000	459.15234
48000000	77000000	548.0809
49000000	77000000	563.33813
50000000	77000000	1254.0809
51000000	77000000	1713.6643
52000000	77000000	823.21625
53000000	77000000	1600.5806
54000000	77000000	3900.4475
55000000	77000000	3604.346
56000000	77000000	3049.9797
57000000	77000000	1841.1237
58000000	77000000	2538.136
59000000	77000000	3683.6777
60000000	77000000	5756.0776
61000000	77000000	4761.8213
62000000	77000000	6905.389
63000000	77000000	6785.4
64000000	77000000	8373.287
65000000	77000000	9418.382
66000000	77000000	6274.478
67000000	77000000	6933.1304
68000000	77000000	9853.699
69000000	77000000	7705.0635
70000000	77000000	12316.6
71000000	77000000	8086.748
72000000	77000000	5325.8726
73000000	77000000	13312.3955
74000000	77000000	23495.63
75000000	77000000	29965.377
76000000	77000000	109561.55
77000000	77000000	485873.75
0	78000000	2975.4492
1000000	78000000	2820.516
2000000	78000000	2340.4878
3000000	78000000	2482.1477
4000000	78000000	2012.2961
5000000	78000000	1838.7001
6000000	78000000	2003.9006
7000000	78000000	2469.703
8000000	78000000	2353.5288
9000000	78000000	1194.785
10000000	78000000	1048.5504
11000000	78000000	1504.6665
12000000	78000000	1389.921
13000000	78000000	1237.0797
14000000	78000000	1162.1013
15000000	78000000	1349.461
16000000	78000000	2075.303
17000000	78000000	2591.0916
18000000	78000000	3595.664
19000000	78000000	3169.1309
20000000	78000000	2953.1301
21000000	78000000	3367.9846
22000000	78000000	3464.4224
23000000	78000000	2609.8208
24000000	78000000	3671.6064
25000000	78000000	3605.508
26000000	78000000	4006.0154
27000000	78000000	3673.3523
28000000	78000000	3697.0142
29000000	78000000	3622.8958
30000000	78000000	3708.032
31000000	78000000	3020.6943
32000000	78000000	2680.7634
33000000	78000000	3021.4058
34000000	78000000	4274.331
35000000	78000000	4588.523
36000000	78000000	4088.2244
37000000	78000000	2927.8152
38000000	78000000	2535.686
39000000	78000000	2749.0059
40000000	78000000	2414.3452
41000000	78000000	2492.6963
42000000	78000000	1950.2482
43000000	78000000	1996.0027
44000000	78000000	1640.7616
45000000	78000000	1191.2457
46000000	78000000	949.5315
47000000	78000000	640.4501
48000000	78000000	626.3748
49000000	78000000	689.6569
50000000	78000000	1388.1301
51000000	78000000	1738.0325
52000000	78000000	1072.0338
53000000	78000000	2025.8953
54000000	78000000	3491.897
55000000	78000000	3544.669
56000000	78000000	3224.8777
57000000	78000000	2456.3992
58000000	78000000	3171.1296
59000000	78000000	4026.371
60000000	78000000	5461.8457
61000000	78000000	4902.941
62000000	78000000	6071.9204
63000000	78000000	6254.0137
64000000	78000000	7173.4556
65000000	78000000	7713.3438
66000000	78000000	6495.9893
67000000	78000000	6538.7764
68000000	78000000	7799.1675
69000000	78000000	7781.118
70000000	78000000	9975.948
71000000	78000000	7820.0244
72000000	78000000	6466.8203
73000000	78000000	10697.6455
74000000	78000000	14867.348
75000000	78000000	18188.48
76000000	78000000	36901.25
77000000	78000000	130231.83
78000000	78000000	502135.34
0	79000000	3146.6667
1000000	79000000	2959.249
2000000	79000000	2419.226
3000000	79000000	2649.0723
4000000	79000000	1803.8612
5000000	79000000	1566.024
6000000	79000000	1763.0583
7000000	79000000	2458.9634
8000000	79000000	2316.0605
9000000	79000000	1077.4056
10000000	79000000	949.3197
11000000	79000000	1372.519
12000000	79000000	1402.5719
13000000	79000000	1142.5184
14000000	79000000	960.0163
15000000	79000000	961.4655
16000000	79000000	1843.35
17000000	79000000	2373.6614
18000000	79000000	4146.113
19000000	79000000	3402.7642
20000000	79000000	3110.4167
21000000	79000000	3808.6035
22000000	79000000	3957.6921
23000000	79000000	2269.3044
24000000	79000000	4051.5415
25000000	79000000	3674.2588
26000000	79000000	4331.1836
27000000	79000000	3659.822
28000000	79000000	3703.2136
29000000	79000000	3650.5613
30000000	79000000	3934.756
31000000	79000000	2603.1294
32000000	79000000	2372.1416
33000000	79000000	2755.7012
34000000	79000000	4439.8354
35000000	79000000	5256.3
36000000	79000000	4530.1025
37000000	79000000	2594.2495
38000000	79000000	2342.6145
39000000	79000000	2591.3687
40000000	79000000	2442.2495
41000000	79000000	2447.7063
42000000	79000000	1726.9585
43000000	79000000	1784.3319
44000000	79000000	1536.1559
45000000	79000000	1067.0797
46000000	79000000	739.0835
47000000	79000000	484.9933
48000000	79000000	575.9128
49000000	79000000	569.70776
50000000	79000000	1181.7133
51000000	79000000	1599.197
52000000	79000000	920.0295
53000000	79000000	1733.0034
54000000	79000000	3560.0754
55000000	79000000	3453.8599
56000000	79000000	3214.427
57000000	79000000	2201.28
58000000	79000000	2795.1628
59000000	79000000	3655.47
60000000	79000000	5362.028
61000000	79000000	4723.589
62000000	79000000	6650.0864
63000000	79000000	6548.718
64000000	79000000	7153.487
65000000	79000000	8065.1523
66000000	79000000	6124.601
67000000	79000000	6707.5566
68000000	79000000	8603.359
69000000	79000000	7552.59
70000000	79000000	10052.913
71000000	79000000	7358.4375
72000000	79000000	5025.518
73000000	79000000	9852.539
74000000	79000000	13969.088
75000000	79000000	14274.166
76000000	79000000	24645.117
77000000	79000000	51221.355
78000000	79000000	125829.2
79000000	79000000	464292.97
0	80000000	2986.2258
1000000	80000000	3416.969
2000000	80000000	2598.0928
3000000	80000000	2583.096
4000000	80000000	1645.8171
5000000	80000000	1427.8024
6000000	80000000	1648.0277
7000000	80000000	2605.171
8000000	80000000	2413.681
9000000	80000000	905.29504
10000000	80000000	812.1685
11000000	80000000	1297.5846
12000000	80000000	1184.7249
13000000	80000000	1026.6459
14000000	80000000	886.98975
15000000	80000000	827.9179
16000000	80000000	1607.733
17000000	80000000	2108.7822
18000000	80000000	4127.4785
19000000	80000000	3415.9304
20000000	80000000	3185.95
21000000	80000000	4078.8267
22000000	80000000	4291.751
23000000	80000000	1928.7976
24000000	80000000	4071.0208
25000000	80000000	3789.7493
26000000	80000000	4834.25
27000000	80000000	3465.9045
28000000	80000000	3591.269
29000000	80000000	3575.4065
30000000	80000000	4049.9585
31000000	80000000	2328.8281
32000000	80000000	2157.1711
33000000	80000000	2440.5642
34000000	80000000	4417.867
35000000	80000000	5505.3354
36000000	80000000	4398.0103
37000000	80000000	2283.4683
38000000	80000000	2174.13
39000000	80000000	2313.4573
40000000	80000000	2421.7842
41000000	80000000	2494.97
42000000	80000000	1509.391
43000000	80000000	1718.9781
44000000	80000000	1408.9579
45000000	80000000	927.4378
46000000	80000000	693.35626
47000000	80000000	487.70258
48000000	80000000	474.83652
49000000	80000000	540.3221
50000000	80000000	1238.8971
51000000	80000000	1563.053
52000000	80000000	792.1681
53000000	80000000	1504.9169
54000000	80000000	3766.3625
55000000	80000000	3234.019
56000000	80000000	2907.4666
57000000	80000000	1807.5454
58000000	80000000	2368.3496
59000000	80000000	3219.0586
60000000	80000000	5247.693
61000000	80000000	4233.1626
62000000	80000000	6100.403
63000000	80000000	6356.7085
64000000	80000000	6823.6846
65000000	80000000	7826.814
66000000	80000000	5310.2925
67000000	80000000	6137.4688
68000000	80000000	8225.896
69000000	80000000	6508.214
70000000	80000000	9613.253
71000000	80000000	6142.0015
72000000	80000000	3803.603
73000000	80000000	8555.523
74000000	80000000	13146.586
75000000	80000000	11604.864
76000000	80000000	18023.115
77000000	80000000	25009.445
78000000	80000000	27476.535
79000000	80000000	109249.73
80000000	80000000	521180.53
0	81000000	2770.3174
1000000	81000000	1875.761
2000000	81000000	2228.4827
3000000	81000000	2067.2087
4000000	81000000	2377.6165
5000000	81000000	2109.414
6000000	81000000	2312.795
7000000	81000000	1981.3169
8000000	81000000	2214.8796
9000000	81000000	1474.3108
10000000	81000000	1094.9476
11000000	81000000	1601.4395
12000000	81000000	1555.3971
13000000	81000000	1275.9352
14000000	81000000	1280.7162
15000000	81000000	1904.1742
16000000	81000000	2755.9863
17000000	81000000	3568.1814
18000000	81000000	3177.4285
19000000	81000000	2799.9988
20000000	81000000	2667.4004
21000000	81000000	2495.2905
22000000	81000000	2869.3906
23000000	81000000	3584.3105
24000000	81000000	3004.6316
25000000	81000000	3136.8037
26000000	81000000	2832.0896
27000000	81000000	3810.495
28000000	81000000	3650.0608
29000000	81000000	3748.3022
30000000	81000000	3283.583
31000000	81000000	3438.5244
32000000	81000000	3163.9226
33000000	81000000	3833.855
34000000	81000000	3635.7488
35000000	81000000	3365.812
36000000	81000000	3681.993
37000000	81000000	3327.0107
38000000	81000000	2630.9734
39000000	81000000	2888.5242
40000000	81000000	2411.7021
41000000	81000000	2276.8367
42000000	81000000	2208.8757
43000000	81000000	2024.7811
44000000	81000000	1939.5529
45000000	81000000	1468.3741
46000000	81000000	1107.5768
47000000	81000000	779.5822
48000000	81000000	743.91583
49000000	81000000	804.94116
50000000	81000000	1377.7131
51000000	81000000	1738.9152
52000000	81000000	1357.282
53000000	81000000	2311.7551
54000000	81000000	2623.5637
55000000	81000000	3000.2673
56000000	81000000	3236.8557
57000000	81000000	3123.6653
58000000	81000000	3522.382
59000000	81000000	4018.0703
60000000	81000000	4529.689
61000000	81000000	5058.213
62000000	81000000	4846.785
63000000	81000000	5016.6147
64000000	81000000	4997.895
65000000	81000000	5069.452
66000000	81000000	5415.4204
67000000	81000000	5838.4067
68000000	81000000	5207.26
69000000	81000000	6614.628
70000000	81000000	6444.591
71000000	81000000	5817.306
72000000	81000000	5833.931
73000000	81000000	7164.8057
74000000	81000000	7367.596
75000000	81000000	8290.96
76000000	81000000	10910.841
77000000	81000000	11738.628
78000000	81000000	15073.904
79000000	81000000	31126.432
80000000	81000000	77664.2
81000000	81000000	458938.66
0	82000000	2375.1208
1000000	82000000	2236.229
2000000	82000000	1968.4652
3000000	82000000	1856.032
4000000	82000000	1638.7222
5000000	82000000	1719.0449
6000000	82000000	2283.742
7000000	82000000	2053.3843
8000000	82000000	1840.695
9000000	82000000	975.18286
10000000	82000000	761.4927
11000000	82000000	1218.9128
12000000	82000000	1112.9918
13000000	82000000	968.7855
14000000	82000000	966.8389
15000000	82000000	1212.798
16000000	82000000	1834.6588
17000000	82000000	2459.2615
18000000	82000000	2893.6404
19000000	82000000	2761.5264
20000000	82000000	2346.938
21000000	82000000	2556.8252
22000000	82000000	2745.7886
23000000	82000000	2503.0425
24000000	82000000	2843.0117
25000000	82000000	2737.8462
26000000	82000000	3081.7754
27000000	82000000	2913.253
28000000	82000000	3082.3992
29000000	82000000	3199.8286
30000000	82000000	2923.5361
31000000	82000000	2572.0576
32000000	82000000	2174.385
33000000	82000000	2586.84
34000000	82000000	3504.8398
35000000	82000000	3395.7124
36000000	82000000	3286.1226
37000000	82000000	2297.6035
38000000	82000000	1866.0275
39000000	82000000	2228.1597
40000000	82000000	1899.3748
41000000	82000000	1986.2244
42000000	82000000	1537.8986
43000000	82000000	1610.8046
44000000	82000000	1532.6925
45000000	82000000	980.84125
46000000	82000000	834.58826
47000000	82000000	575.73627
48000000	82000000	573.59656
49000000	82000000	621.9941
50000000	82000000	1105.4027
51000000	82000000	1359.7291
52000000	82000000	845.95215
53000000	82000000	1506.0289
54000000	82000000	2376.233
55000000	82000000	2544.8552
56000000	82000000	2479.6
57000000	82000000	2082.7139
58000000	82000000	2305.1392
59000000	82000000	3117.2627
60000000	82000000	3835.8179
61000000	82000000	3619.7998
62000000	82000000	4151.391
63000000	82000000	4322.897
64000000	82000000	4469.6553
65000000	82000000	4573.5483
66000000	82000000	4281.661
67000000	82000000	4612.376
68000000	82000000	5107.553
69000000	82000000	5231.7437
70000000	82000000	6004.9785
71000000	82000000	4620.721
72000000	82000000	3788.953
73000000	82000000	5858.497
74000000	82000000	7545.416
75000000	82000000	7606.7246
76000000	82000000	10029.703
77000000	82000000	10825.752
78000000	82000000	12673.641
79000000	82000000	19338.232
80000000	82000000	32053.617
81000000	82000000	176475.94
82000000	82000000	499596.16
0	83000000	2672.089
1000000	83000000	2897.9353
2000000	83000000	2116.0464
3000000	83000000	2142.1025
4000000	83000000	1435.2161
5000000	83000000	1350.3704
6000000	83000000	1527.2867
7000000	83000000	2168.8176
8000000	83000000	1891.498
9000000	83000000	816.3141
10000000	83000000	706.80396
11000000	83000000	1147.5609
12000000	83000000	1097.8188
13000000	83000000	840.2318
14000000	83000000	818.659
15000000	83000000	837.6345
16000000	83000000	1578.1501
17000000	83000000	1924.4252
18000000	83000000	3512.267
19000000	83000000	2937.8135
20000000	83000000	2670.7366
21000000	83000000	3373.7554
22000000	83000000	3370.1094
23000000	83000000	1766.76
24000000	83000000	3216.7974
25000000	83000000	2932.8967
26000000	83000000	3745.2966
27000000	83000000	2901.9697
28000000	83000000	3073.1963
29000000	83000000	3070.185
30000000	83000000	3279.8157
31000000	83000000	2103.085
32000000	83000000	1951.5924
33000000	83000000	2295.596
34000000	83000000	3577.9458
35000000	83000000	4508.717
36000000	83000000	3579.9922
37000000	83000000	1967.2983
38000000	83000000	1884.072
39000000	83000000	2055.5618
40000000	83000000	2068.267
41000000	83000000	2106.237
42000000	83000000	1342.0428
43000000	83000000	1592.0428
44000000	83000000	1200.2034
45000000	83000000	882.60944
46000000	83000000	673.6684
47000000	83000000	401.87115
48000000	83000000	446.09055
49000000	83000000	445.27505
50000000	83000000	1043.1504
51000000	83000000	1390.8535
52000000	83000000	782.9036
53000000	83000000	1385.7554
54000000	83000000	2838.0144
55000000	83000000	2662.9192
56000000	83000000	2402.2832
57000000	83000000	1718.01
58000000	83000000	2085.758
59000000	83000000	2854.8306
60000000	83000000	4210.3228
61000000	83000000	3662.6821
62000000	83000000	4718.915
63000000	83000000	4694.7515
64000000	83000000	4948.316
65000000	83000000	5614.01
66000000	83000000	4198.6157
67000000	83000000	4700.554
68000000	83000000	6125.264
69000000	83000000	4886.284
70000000	83000000	7278.7515
71000000	83000000	4823.5034
72000000	83000000	2992.6838
73000000	83000000	6141.0645
74000000	83000000	9320.4
75000000	83000000	8174.7607
76000000	83000000	11033.87
77000000	83000000	13147.695
78000000	83000000	12214.428
79000000	83000000	21243.74
80000000	83000000	33045.242
81000000	83000000	66260.99
82000000	83000000	130425.22
83000000	83000000	498456.12
0	84000000	2814.274
1000000	84000000	3292.1492
2000000	84000000	2172.7705
3000000	84000000	2300.904
4000000	84000000	1412.9907
5000000	84000000	1374.7521
6000000	84000000	1700.7866
7000000	84000000	2536.1218
8000000	84000000	2089.3545
9000000	84000000	872.11426
10000000	84000000	762.50635
11000000	84000000	1171.0348
12000000	84000000	1145.5989
13000000	84000000	879.3962
14000000	84000000	798.69403
15000000	84000000	790.7545
16000000	84000000	1539.9406
17000000	84000000	1905.0111
18000000	84000000	3739.6274
19000000	84000000	2978.9653
20000000	84000000	2904.123
21000000	84000000	3656.5095
22000000	84000000	3564.4634
23000000	84000000	1747.6915
24000000	84000000	3539.789
25000000	84000000	3151.1316
26000000	84000000	4304.797
27000000	84000000	3069.0554
28000000	84000000	3266.9114
29000000	84000000	3133.3857
30000000	84000000	3510.2712
31000000	84000000	2115.327
32000000	84000000	1912.3837
33000000	84000000	2191.3027
34000000	84000000	3962.891
35000000	84000000	4789.2373
36000000	84000000	3980.4902
37000000	84000000	2167.8428
38000000	84000000	1998.4174
39000000	84000000	2141.2693
40000000	84000000	2265.2341
41000000	84000000	2237.9038
42000000	84000000	1466.8704
43000000	84000000	1606.8811
44000000	84000000	1238.1371
45000000	84000000	819.8331
46000000	84000000	696.4442
47000000	84000000	418.42935
48000000	84000000	453.6676
49000000	84000000	493.61136
50000000	84000000	1099.5096
51000000	84000000	1444.1145
52000000	84000000	702.58887
53000000	84000000	1330.9104
54000000	84000000	3156.3005
55000000	84000000	2880.8691
56000000	84000000	2479.597
57000000	84000000	1730.928
58000000	84000000	1992.2903
59000000	84000000	2940.9177
60000000	84000000	4507.008
61000000	84000000	3710.6072
62000000	84000000	5177.48
63000000	84000000	5033.781
64000000	84000000	5885.2554
65000000	84000000	6662.056
66000000	84000000	4473.041
67000000	84000000	4840.7886
68000000	84000000	6592.098
69000000	84000000	5259.7944
70000000	84000000	7776.4585
71000000	84000000	4819.3857
72000000	84000000	3129.834
73000000	84000000	6653.4404
74000000	84000000	10529.451
75000000	84000000	8677.601
76000000	84000000	11905.147
77000000	84000000	12977.015
78000000	84000000	11692.157
79000000	84000000	17109.713
80000000	84000000	23058.857
81000000	84000000	26868.832
82000000	84000000	37488.953
83000000	84000000	101010.914
84000000	84000000	509949.88
0	85000000	2837.505
1000000	85000000	2990.1272
2000000	85000000	2249.9153
3000000	85000000	2462.7898
4000000	85000000	1601.8751
5000000	85000000	1369.6184
6000000	85000000	1476.6777
7000000	85000000	2149.4587
8000000	85000000	2080.32
9000000	85000000	928.1743
10000000	85000000	878.43134
11000000	85000000	1342.6227
12000000	85000000	1328.384
13000000	85000000	1018.56824
14000000	85000000	938.75305
15000000	85000000	824.1137
16000000	85000000	1753.249
17000000	85000000	2195.7236
18000000	85000000	3930.9001
19000000	85000000	3039.6975
20000000	85000000	2981.696
21000000	85000000	3702.3994
22000000	85000000	3893.5283
23000000	85000000	1972.0942
24000000	85000000	3842.3826
25000000	85000000	3308.1672
26000000	85000000	3924.0261
27000000	85000000	3258.3938
28000000	85000000	3312.6763
29000000	85000000	3318.857
30000000	85000000	3597.5332
31000000	85000000	2255.5613
32000000	85000000	2220.707
33000000	85000000	2519.3398
34000000	85000000	3951.934
35000000	85000000	4981.9194
36000000	85000000	4112.339
37000000	85000000	2319.6628
38000000	85000000	2148.5608
39000000	85000000	2349.2515
40000000	85000000	2331.517
41000000	85000000	2261.4644
42000000	85000000	1605.4788
43000000	85000000	1709.8992
44000000	85000000	1374.9586
45000000	85000000	914.99457
46000000	85000000	668.66833
47000000	85000000	438.77725
48000000	85000000	512.4991
49000000	85000000	556.4638
50000000	85000000	1162.3365
51000000	85000000	1564.7792
52000000	85000000	780.428
53000000	85000000	1523.8276
54000000	85000000	3191.714
55000000	85000000	3096.4124
56000000	85000000	2912.9202
57000000	85000000	1991.8138
58000000	85000000	2255.271
59000000	85000000	3099.9568
60000000	85000000	4546.0425
61000000	85000000	3823.735
62000000	85000000	5481.514
63000000	85000000	5355.6265
64000000	85000000	5553.074
65000000	85000000	6394.195
66000000	85000000	4920.135
67000000	85000000	5392.0654
68000000	85000000	6808.587
69000000	85000000	5645.8247
70000000	85000000	7615.865
71000000	85000000	5232.4204
72000000	85000000	3315.326
73000000	85000000	6787.8145
74000000	85000000	9217.446
75000000	85000000	7783.4336
76000000	85000000	10124.409
77000000	85000000	11708.6875
78000000	85000000	10628.21
79000000	85000000	16085.982
80000000	85000000	19495.066
81000000	85000000	21766.959
82000000	85000000	25606.22
83000000	85000000	44757.258
84000000	85000000	129827.91
85000000	85000000	493828.9
0	86000000	3075.5442
1000000	86000000	3405.0232
2000000	86000000	2539.156
3000000	86000000	2576.7656
4000000	86000000	1687.8063
5000000	86000000	1399.0876
6000000	86000000	1593.8243
7000000	86000000	2410.6409
8000000	86000000	2246.3562
9000000	86000000	975.8302
10000000	86000000	887.2439
11000000	86000000	1459.7374
12000000	86000000	1309.5449
13000000	86000000	1092.1561
14000000	86000000	951.5645
15000000	86000000	834.51886
16000000	86000000	1719.6919
17000000	86000000	1986.7837
18000000	86000000	3996.2668
19000000	86000000	3333.2751
20000000	86000000	3221.353
21000000	86000000	4039.1558
22000000	86000000	4202.1255
23000000	86000000	2009.621
24000000	86000000	3912.7021
25000000	86000000	3639.1052
26000000	86000000	4335.3447
27000000	86000000	3367.7822
28000000	86000000	3444.2957
29000000	86000000	3380.1533
30000000	86000000	3715.8135
31000000	86000000	2336.7097
32000000	86000000	2256.1743
33000000	86000000	2488.0862
34000000	86000000	4180.2344
35000000	86000000	5511.911
36000000	86000000	4521.5503
37000000	86000000	2502.6472
38000000	86000000	2259.951
39000000	86000000	2417.568
40000000	86000000	2567.3367
41000000	86000000	2530.8215
42000000	86000000	1557.4124
43000000	86000000	1768.0468
44000000	86000000	1387.4951
45000000	86000000	1014.51984
46000000	86000000	654.4146
47000000	86000000	443.19238
48000000	86000000	457.7057
49000000	86000000	544.1182
50000000	86000000	1293.9679
51000000	86000000	1708.6461
52000000	86000000	774.14844
53000000	86000000	1588.1355
54000000	86000000	3589.778
55000000	86000000	3366.2979
56000000	86000000	2968.2551
57000000	86000000	1982.6654
58000000	86000000	2292.575
59000000	86000000	3276.8835
60000000	86000000	4875.1245
61000000	86000000	3950.2598
62000000	86000000	5841.0293
63000000	86000000	5819.2803
64000000	86000000	5962.9395
65000000	86000000	7010.4385
66000000	86000000	5231.849
67000000	86000000	5510.3003
68000000	86000000	7736.141
69000000	86000000	5952.4575
70000000	86000000	8537.231
71000000	86000000	5369.946
72000000	86000000	3145.3904
73000000	86000000	7308.1094
74000000	86000000	10135.527
75000000	86000000	7988.023
76000000	86000000	10393.069
77000000	86000000	11384.919
78000000	86000000	9985.753
79000000	86000000	13855.704
80000000	86000000	15801.746
81000000	86000000	13314.01
82000000	86000000	15243.007
83000000	86000000	21918.436
84000000	86000000	35142.332
85000000	86000000	99831.31
86000000	86000000	507363.38
0	87000000	2695.9287
1000000	87000000	2191.3281
2000000	87000000	2129.5059
3000000	87000000	2147.4607
4000000	87000000	1783.7402
5000000	87000000	1564.4972
6000000	87000000	1528.2874
7000000	87000000	2016.2152
8000000	87000000	2079.8132
9000000	87000000	1150.8975
10000000	87000000	993.37006
11000000	87000000	1443.0015
12000000	87000000	1367.2664
13000000	87000000	1194.7268
14000000	87000000	1108.164
15000000	87000000	1058.4944
16000000	87000000	1845.0781
17000000	87000000	2250.541
18000000	87000000	3321.3586
19000000	87000000	2755.552
20000000	87000000	2553.6667
21000000	87000000	2706.4707
22000000	87000000	3118.9133
23000000	87000000	2172.1885
24000000	87000000	3271.9124
25000000	87000000	3058.75
26000000	87000000	3360.2366
27000000	87000000	3098.937
28000000	87000000	3125.2102
29000000	87000000	3150.4343
30000000	87000000	3088.345
31000000	87000000	2469.6511
32000000	87000000	2301.4712
33000000	87000000	2715.5886
34000000	87000000	3668.2153
35000000	87000000	3973.4382
36000000	87000000	3894.366
37000000	87000000	2643.5828
38000000	87000000	2344.757
39000000	87000000	2666.3289
40000000	87000000	2372.0356
41000000	87000000	2355.973
42000000	87000000	1752.7996
43000000	87000000	1961.3492
44000000	87000000	1596.3777
45000000	87000000	1145.6357
46000000	87000000	906.8199
47000000	87000000	567.7091
48000000	87000000	581.282
49000000	87000000	578.7085
50000000	87000000	1274.8964
51000000	87000000	1733.3868
52000000	87000000	964.77264
53000000	87000000	1864.3997
54000000	87000000	3291.941
55000000	87000000	3168.9255
56000000	87000000	3016.39
57000000	87000000	2279.813
58000000	87000000	2677.1018
59000000	87000000	3432.7576
60000000	87000000	4282.8174
61000000	87000000	4096.872
62000000	87000000	4946.9707
63000000	87000000	5361.372
64000000	87000000	5173.255
65000000	87000000	5385.7427
66000000	87000000	4894.3784
67000000	87000000	5474.1064
68000000	87000000	6194.439
69000000	87000000	5943.0503
70000000	87000000	6999.2363
71000000	87000000	5258.467
72000000	87000000	3846.6965
73000000	87000000	6787.4917
74000000	87000000	7683.061
75000000	87000000	7325.64
76000000	87000000	8221.285
77000000	87000000	8501.565
78000000	87000000	8171.4897
79000000	87000000	9937.778
80000000	87000000	10556.286
81000000	87000000	10391.9795
82000000	87000000	10545.7295
83000000	87000000	13085.066
84000000	87000000	17096.982
85000000	87000000	25844.15
86000000	87000000	92627.7
87000000	87000000	496667.38
0	88000000	2585.4937
1000000	88000000	2090.1804
2000000	88000000	1945.9456
3000000	88000000	1983.6188
4000000	88000000	1728.3922
5000000	88000000	1500.0259
6000000	88000000	1601.5648
7000000	88000000	1823.7303
8000000	88000000	1971.2433
9000000	88000000	1146.1582
10000000	88000000	926.7784
11000000	88000000	1340.8848
12000000	88000000	1433.0696
13000000	88000000	1145.8966
14000000	88000000	1042.8982
15000000	88000000	1256.721
16000000	88000000	1821.7604
17000000	88000000	2289.3032
18000000	88000000	2923.1575
19000000	88000000	2540.903
20000000	88000000	2351.5293
21000000	88000000	2582.0872
22000000	88000000	2757.493
23000000	88000000	2265.0093
24000000	88000000	2793.0688
25000000	88000000	2872.7998
26000000	88000000	3038.0752
27000000	88000000	3001.337
28000000	88000000	2865.128
29000000	88000000	3009.9094
30000000	88000000	2822.6755
31000000	88000000	2454.2314
32000000	88000000	2304.4768
33000000	88000000	2711.3152
34000000	88000000	3406.0815
35000000	88000000	3612.6997
36000000	88000000	3555.008
37000000	88000000	2488.0615
38000000	88000000	2173.2073
39000000	88000000	2537.6099
40000000	88000000	2289.2122
41000000	88000000	2204.8206
42000000	88000000	1904.5146
43000000	88000000	1819.1108
44000000	88000000	1707.1138
45000000	88000000	1236.3542
46000000	88000000	855.875
47000000	88000000	660.5756
48000000	88000000	609.3165
49000000	88000000	660.8676
50000000	88000000	1283.9812
51000000	88000000	1684.5471
52000000	88000000	1095.2041
53000000	88000000	1878.7389
54000000	88000000	2836.3408
55000000	88000000	2869.4258
56000000	88000000	2928.4846
57000000	88000000	2475.4678
58000000	88000000	2679.8513
59000000	88000000	3045.1611
60000000	88000000	3951.5789
61000000	88000000	3837.0837
62000000	88000000	4426.2476
63000000	88000000	4969.3794
64000000	88000000	5034.8286
65000000	88000000	5061.3813
66000000	88000000	4645.9854
67000000	88000000	5134.688
68000000	88000000	5504.1245
69000000	88000000	5837.6514
70000000	88000000	6259.363
71000000	88000000	4762.522
72000000	88000000	4022.102
73000000	88000000	6253.5386
74000000	88000000	7099.8755
75000000	88000000	6950.694
76000000	88000000	7559.4414
77000000	88000000	7685.737
78000000	88000000	7270.7744
79000000	88000000	8604.349
80000000	88000000	8986.219
81000000	88000000	9020.147
82000000	88000000	9043.617
83000000	88000000	10300.801
84000000	88000000	12553.985
85000000	88000000	17195.338
86000000	88000000	32011.844
87000000	88000000	144519.14
88000000	88000000	495395.62
0	89000000	2258.0034
1000000	89000000	2516.8794
2000000	89000000	1992.7935
3000000	89000000	1894.4519
4000000	89000000	1336.1718
5000000	89000000	1227.7104
6000000	89000000	1483.8899
7000000	89000000	2282.617
8000000	89000000	1812.6832
9000000	89000000	796.9313
10000000	89000000	728.43256
11000000	89000000	1118.239
12000000	89000000	1064.7705
13000000	89000000	886.55347
14000000	89000000	836.85803
15000000	89000000	737.39264
16000000	89000000	1190.8912
17000000	89000000	1452.1031
18000000	89000000	2754.4087
19000000	89000000	2366.5156
20000000	89000000	2268.4463
21000000	89000000	2701.7236
22000000	89000000	2811.6829
23000000	89000000	1409.332
24000000	89000000	2782.2463
25000000	89000000	2640.8262
26000000	89000000	3478.9058
27000000	89000000	2511.9082
28000000	89000000	2811.8635
29000000	89000000	2655.6777
30000000	89000000	2744.745
31000000	89000000	1956.2883
32000000	89000000	1633.5222
33000000	89000000	1718.8165
34000000	89000000	3079.4111
35000000	89000000	4108.579
36000000	89000000	3359.9744
37000000	89000000	1895.8297
38000000	89000000	1799.4281
39000000	89000000	1911.5272
40000000	89000000	2086.565
41000000	89000000	1919.633
42000000	89000000	1362.4875
43000000	89000000	1715.513
44000000	89000000	1304.7372
45000000	89000000	861.7679
46000000	89000000	635.3076
47000000	89000000	428.50125
48000000	89000000	454.19843
49000000	89000000	474.13333
50000000	89000000	1056.8944
51000000	89000000	1344.0071
52000000	89000000	651.5352
53000000	89000000	1348.007
54000000	89000000	3162.8284
55000000	89000000	2781.5186
56000000	89000000	2343.6218
57000000	89000000	1375.9669
58000000	89000000	1934.7177
59000000	89000000	2707.7144
60000000	89000000	4234.9697
61000000	89000000	3355.9106
62000000	89000000	4747.7124
63000000	89000000	4789.8774
64000000	89000000	5690.718
65000000	89000000	6360.392
66000000	89000000	4162.071
67000000	89000000	4507.954
68000000	89000000	6172.782
69000000	89000000	4606.078
70000000	89000000	6654.5005
71000000	89000000	4182.6157
72000000	89000000	2603.0986
73000000	89000000	5969.203
74000000	89000000	9749.589
75000000	89000000	8301.457
76000000	89000000	10252.726
77000000	89000000	9412.416
78000000	89000000	7753.5425
79000000	89000000	9181.527
80000000	89000000	10196.309
81000000	89000000	7395.093
82000000	89000000	8647.912
83000000	89000000	11039.931
84000000	89000000	14386.823
85000000	89000000	16184.472
86000000	89000000	26273.73
87000000	89000000	49983.11
88000000	89000000	122067.63
89000000	89000000	496625.1
0	90000000	1645.271
1000000	90000000	1981.5436
2000000	90000000	1406.2695
3000000	90000000	1371.5548
4000000	90000000	838.67535
5000000	90000000	1147.7686
6000000	90000000	1488.6681
7000000	90000000	2014.4084
8000000	90000000	1371.9921
9000000	90000000	635.84784
10000000	90000000	545.6439
11000000	90000000	775.42737
12000000	90000000	751.7516
13000000	90000000	749.5668
14000000	90000000	637.9722
15000000	90000000	503.8518
16000000	90000000	801.28894
17000000	90000000	935.9242
18000000	90000000	1594.5758
19000000	90000000	1638.8593
20000000	90000000	1684.7762
21000000	90000000	2147.535
22000000	90000000	1751.2972
23000000	90000000	951.76025
24000000	90000000	1827.7677
25000000	90000000	1780.9366
26000000	90000000	2840.5557
27000000	90000000	2065.8787
28000000	90000000	2178.2244
29000000	90000000	1784.1168
30000000	90000000	2055.6335
31000000	90000000	1461.983
32000000	90000000	1114.7472
33000000	90000000	1289.2526
34000000	90000000	2371.264
35000000	90000000	3022.2874
36000000	90000000	2478.1035
37000000	90000000	1347.3718
38000000	90000000	1273.4279
39000000	90000000	1508.1333
40000000	90000000	1538.2828
41000000	90000000	1637.1307
42000000	90000000	993.48724
43000000	90000000	1257.3461
44000000	90000000	1101.6566
45000000	90000000	666.0913
46000000	90000000	513.0576
47000000	90000000	266.12048
48000000	90000000	346.39624
49000000	90000000	394.24536
50000000	90000000	760.40125
51000000	90000000	1192.5045
52000000	90000000	498.90024
53000000	90000000	1002.1453
54000000	90000000	2684.211
55000000	90000000	2121.8145
56000000	90000000	1801.5912
57000000	90000000	1039.4886
58000000	90000000	1506.7654
59000000	90000000	2418.2295
60000000	90000000	3677.9792
61000000	90000000	2728.3284
62000000	90000000	3702.838
63000000	90000000	3643.6333
64000000	90000000	4919.762
65000000	90000000	5525.251
66000000	90000000	3202.8455
67000000	90000000	3247.0762
68000000	90000000	4888.85
69000000	90000000	3382.5725
70000000	90000000	4957.553
71000000	90000000	3102.9348
72000000	90000000	1912.067
73000000	90000000	4610.245
74000000	90000000	8670.95
75000000	90000000	8996.186
76000000	90000000	10200.8545
77000000	90000000	8154.341
78000000	90000000	5796.516
79000000	90000000	6442.142
80000000	90000000	7433.67
81000000	90000000	5360.1357
82000000	90000000	6155.8936
83000000	90000000	8487.931
84000000	90000000	11455.661
85000000	90000000	9780.021
86000000	90000000	15328.905
87000000	90000000	28517.438
88000000	90000000	51098.656
89000000	90000000	167374.19
90000000	90000000	705503.5
0	93000000	1294.7295
1000000	93000000	870.51086
2000000	93000000	892.79266
3000000	93000000	931.4076
4000000	93000000	872.6316
5000000	93000000	779.71185
6000000	93000000	910.4381
7000000	93000000	992.76013
8000000	93000000	971.1232
9000000	93000000	658.7869
10000000	93000000	542.7858
11000000	93000000	812.35876
12000000	93000000	685.881
13000000	93000000	644.47125
14000000	93000000	654.7589
15000000	93000000	620.8991
16000000	93000000	732.13556
17000000	93000000	959.1883
18000000	93000000	983.4694
19000000	93000000	861.87744
20000000	93000000	912.9752
21000000	93000000	870.68066
22000000	93000000	868.7397
23000000	93000000	931.04333
24000000	93000000	1014.9177
25000000	93000000	1172.8501
26000000	93000000	1284.3599
27000000	93000000	1329.3635
28000000	93000000	1228.5394
29000000	93000000	1257.592
30000000	93000000	1247.9258
31000000	93000000	1226.4404
32000000	93000000	1119.0442
33000000	93000000	1185.3372
34000000	93000000	1391.7042
35000000	93000000	1418.588
36000000	93000000	1516.4061
37000000	93000000	1268.2806
38000000	93000000	1211.1216
39000000	93000000	1365.245
40000000	93000000	1257.9645
41000000	93000000	1308.9454
42000000	93000000	1186.8014
43000000	93000000	1125.4965
44000000	93000000	1159.1495
45000000	93000000	826.02954
46000000	93000000	569.1083
47000000	93000000	386.3339
48000000	93000000	392.68793
49000000	93000000	453.42023
50000000	93000000	682.7605
51000000	93000000	879.5495
52000000	93000000	652.02563
53000000	93000000	1168.4061
54000000	93000000	1433.7832
55000000	93000000	1514.696
56000000	93000000	1530.7354
57000000	93000000	1265.892
58000000	93000000	1477.1338
59000000	93000000	1848.9115
60000000	93000000	2279.863
61000000	93000000	2262.1
62000000	93000000	2446.8953
63000000	93000000	2784.339
64000000	93000000	2801.7234
65000000	93000000	2849.279
66000000	93000000	2740.1108
67000000	93000000	2824.5186
68000000	93000000	2556.5056
69000000	93000000	2923.5771
70000000	93000000	3104.406
71000000	93000000	2580.0195
72000000	93000000	2230.6807
73000000	93000000	3329.1318
74000000	93000000	3787.5686
75000000	93000000	5150.8853
76000000	93000000	4645.5005
77000000	93000000	4043.3125
78000000	93000000	3826.212
79000000	93000000	4216.665
80000000	93000000	4112.609
81000000	93000000	4731.7197
82000000	93000000	4125.28
83000000	93000000	4288.1245
84000000	93000000	4770.244
85000000	93000000	4841.849
86000000	93000000	5493.342
87000000	93000000	7252.6694
88000000	93000000	8343.296
89000000	93000000	9448.423
90000000	93000000	9795.678
93000000	93000000	624842.94
0	94000000	1220.1897
1000000	94000000	1175.7847
2000000	94000000	943.38324
3000000	94000000	819.2089
4000000	94000000	650.28656
5000000	94000000	628.2151
6000000	94000000	739.6649
7000000	94000000	1000.2591
8000000	94000000	803.8284
9000000	94000000	387.48886
10000000	94000000	420.2441
11000000	94000000	544.95166
12000000	94000000	540.7691
13000000	94000000	422.50534
14000000	94000000	413.88284
15000000	94000000	398.6261
16000000	94000000	608.97485
17000000	94000000	764.91016
18000000	94000000	1131.904
19000000	94000000	986.73236
20000000	94000000	871.39874
21000000	94000000	1055.633
22000000	94000000	1082.3235
23000000	94000000	689.56445
24000000	94000000	1016.21704
25000000	94000000	1006.21497
26000000	94000000	1217.5432
27000000	94000000	1120.683
28000000	94000000	1233.7961
29000000	94000000	1153.7607
30000000	94000000	1089.5997
31000000	94000000	832.41895
32000000	94000000	731.1692
33000000	94000000	920.82916
34000000	94000000	1308.4019
35000000	94000000	1496.9188
36000000	94000000	1386.8135
37000000	94000000	915.19586
38000000	94000000	890.234
39000000	94000000	1008.90576
40000000	94000000	984.02515
41000000	94000000	1004.4375
42000000	94000000	709.43115
43000000	94000000	880.9992
44000000	94000000	742.61005
45000000	94000000	511.83344
46000000	94000000	469.25174
47000000	94000000	268.08545
48000000	94000000	298.7815
49000000	94000000	320.34015
50000000	94000000	541.9246
51000000	94000000	757.44135
52000000	94000000	438.8298
53000000	94000000	740.99774
54000000	94000000	1372.0165
55000000	94000000	1274.4517
56000000	94000000	1132.1906
57000000	94000000	872.9313
58000000	94000000	1043.894
59000000	94000000	1278.7324
60000000	94000000	2083.2283
61000000	94000000	1772.6123
62000000	94000000	2137.702
63000000	94000000	2119.919
64000000	94000000	2331.0598
65000000	94000000	2573.7954
66000000	94000000	1881.2677
67000000	94000000	2045.5791
68000000	94000000	2652.7463
69000000	94000000	2236.8645
70000000	94000000	3022.5884
71000000	94000000	1905.0012
72000000	94000000	1348.2551
73000000	94000000	2691.9944
74000000	94000000	3787.0713
75000000	94000000	3619.0896
76000000	94000000	4525.6377
77000000	94000000	4266.315
78000000	94000000	3736.4624
79000000	94000000	4320.99
80000000	94000000	4676.306
81000000	94000000	3861.8967
82000000	94000000	3915.6208
83000000	94000000	4717.1733
84000000	94000000	5131.528
85000000	94000000	5204.552
86000000	94000000	6174.122
87000000	94000000	6137.3896
88000000	94000000	6663.6377
89000000	94000000	8003.972
90000000	94000000	6556.003
93000000	94000000	109390.15
94000000	94000000	478796.22
0	95000000	1226.3265
1000000	95000000	1050.0798
2000000	95000000	930.5962
3000000	95000000	838.8661
4000000	95000000	677.9975
5000000	95000000	683.15454
6000000	95000000	965.2941
7000000	95000000	918.0919
8000000	95000000	721.57477
9000000	95000000	425.41226
10000000	95000000	346.91946
11000000	95000000	545.1668
12000000	95000000	505.1308
13000000	95000000	436.4896
14000000	95000000	378.40244
15000000	95000000	491.4436
16000000	95000000	659.7294
17000000	95000000	879.944
18000000	95000000	1115.8656
19000000	95000000	812.5982
20000000	95000000	897.52234
21000000	95000000	969.2121
22000000	95000000	1046.5715
23000000	95000000	903.73145
24000000	95000000	940.17126
25000000	95000000	960.63745
26000000	95000000	1096.7821
27000000	95000000	1104.2844
28000000	95000000	1217.5679
29000000	95000000	1239.767
30000000	95000000	1012.31793
31000000	95000000	897.20447
32000000	95000000	794.6282
33000000	95000000	911.65295
34000000	95000000	1232.9636
35000000	95000000	1353.0195
36000000	95000000	1260.7042
37000000	95000000	838.85016
38000000	95000000	794.8991
39000000	95000000	950.8467
40000000	95000000	858.65546
41000000	95000000	841.8555
42000000	95000000	737.75494
43000000	95000000	847.86395
44000000	95000000	788.30365
45000000	95000000	565.30176
46000000	95000000	463.37924
47000000	95000000	326.932
48000000	95000000	355.172
49000000	95000000	315.97086
50000000	95000000	511.90167
51000000	95000000	700.34406
52000000	95000000	476.93497
53000000	95000000	715.2964
54000000	95000000	1098.4543
55000000	95000000	1113.8843
56000000	95000000	1061.4202
57000000	95000000	843.58875
58000000	95000000	1003.27185
59000000	95000000	1362.6816
60000000	95000000	1812.3229
61000000	95000000	1686.8063
62000000	95000000	1826.3174
63000000	95000000	1811.3972
64000000	95000000	1985.6155
65000000	95000000	2171.301
66000000	95000000	1736.6345
67000000	95000000	1941.5157
68000000	95000000	2117.7795
69000000	95000000	1987.404
70000000	95000000	2481.3662
71000000	95000000	1767.424
72000000	95000000	1446.0558
73000000	95000000	2224.7034
74000000	95000000	3327.0193
75000000	95000000	2954.605
76000000	95000000	4281.2554
77000000	95000000	3841.97
78000000	95000000	3426.8262
79000000	95000000	3720.0774
80000000	95000000	4152.954
81000000	95000000	3960.5417
82000000	95000000	3997.5344
83000000	95000000	4266.656
84000000	95000000	4501.397
85000000	95000000	4616.6025
86000000	95000000	5486.7993
87000000	95000000	5424.9805
88000000	95000000	5484.043
89000000	95000000	6886.8657
90000000	95000000	5498.9688
93000000	95000000	49503.176
94000000	95000000	185742.17
95000000	95000000	505842.12
0	96000000	1143.2252
1000000	96000000	1201.879
2000000	96000000	820.4951
3000000	96000000	873.0253
4000000	96000000	584.02826
5000000	96000000	528.3086
6000000	96000000	601.12946
7000000	96000000	834.6183
8000000	96000000	724.4475
9000000	96000000	396.5116
10000000	96000000	380.94043
11000000	96000000	502.45923
12000000	96000000	511.47983
13000000	96000000	425.31665
14000000	96000000	363.87872
15000000	96000000	358.75327
16000000	96000000	557.99347
17000000	96000000	637.50195
18000000	96000000	1119.1085
19000000	96000000	987.604
20000000	96000000	942.9609
21000000	96000000	1043.7578
22000000	96000000	1089.9587
23000000	96000000	591.5601
24000000	96000000	1062.6267
25000000	96000000	958.13684
26000000	96000000	1370.5933
27000000	96000000	960.006
28000000	96000000	1001.92236
29000000	96000000	1122.0828
30000000	96000000	1064.9253
31000000	96000000	737.73315
32000000	96000000	639.10785
33000000	96000000	737.4755
34000000	96000000	1393.1406
35000000	96000000	1675.495
36000000	96000000	1404.1108
37000000	96000000	756.0098
38000000	96000000	782.73413
39000000	96000000	891.9187
40000000	96000000	923.71063
41000000	96000000	935.7389
42000000	96000000	656.3412
43000000	96000000	739.819
44000000	96000000	643.7891
45000000	96000000	470.3521
46000000	96000000	375.36078
47000000	96000000	250.7418
48000000	96000000	264.34912
49000000	96000000	260.31177
50000000	96000000	508.00085
51000000	96000000	683.28143
52000000	96000000	428.5286
53000000	96000000	627.3001
54000000	96000000	1363.69
55000000	96000000	1235.267
56000000	96000000	1184.9678
57000000	96000000	734.87823
58000000	96000000	821.2964
59000000	96000000	1096.7804
60000000	96000000	1867.8406
61000000	96000000	1516.9271
62000000	96000000	2001.141
63000000	96000000	2077.6013
64000000	96000000	2246.4211
65000000	96000000	2588.4138
66000000	96000000	1780.106
67000000	96000000	2018.6675
68000000	96000000	2744.4658
69000000	96000000	2101.4785
70000000	96000000	3077.2673
71000000	96000000	1935.3412
72000000	96000000	1184.0293
73000000	96000000	2531.379
74000000	96000000	4229.5586
75000000	96000000	3440.759
76000000	96000000	4309.9604
77000000	96000000	4462.3164
78000000	96000000	3926.3323
79000000	96000000	4644.6274
80000000	96000000	5118.654
81000000	96000000	3530.2502
82000000	96000000	4030.6714
83000000	96000000	5160.796
84000000	96000000	5580.638
85000000	96000000	5576.172
86000000	96000000	6451.8696
87000000	96000000	5966.0625
88000000	96000000	5828.9253
89000000	96000000	7677.259
90000000	96000000	5828.694
93000000	96000000	43348.96
94000000	96000000	83107.92
95000000	96000000	120091.1
96000000	96000000	501577.3
0	97000000	1176.4407
1000000	97000000	940.1441
2000000	97000000	823.9621
3000000	97000000	875.18134
4000000	97000000	760.95013
5000000	97000000	707.46155
6000000	97000000	667.34717
7000000	97000000	772.4909
8000000	97000000	767.0232
9000000	97000000	573.2653
10000000	97000000	520.1829
11000000	97000000	671.3285
12000000	97000000	686.2735
13000000	97000000	569.30774
14000000	97000000	520.00867
15000000	97000000	587.15814
16000000	97000000	783.72766
17000000	97000000	886.4971
18000000	97000000	1041.2319
19000000	97000000	898.72784
20000000	97000000	930.20984
21000000	97000000	858.50323
22000000	97000000	806.76447
23000000	97000000	905.79407
24000000	97000000	990.6727
25000000	97000000	1001.12384
26000000	97000000	931.11914
27000000	97000000	1071.1093
28000000	97000000	1048.4572
29000000	97000000	1172.4874
30000000	97000000	1049.32
31000000	97000000	937.07
32000000	97000000	876.5754
33000000	97000000	1101.6688
34000000	97000000	1212.1387
35000000	97000000	1200.883
36000000	97000000	1262.7134
37000000	97000000	1021.8533
38000000	97000000	882.6357
39000000	97000000	1126.0347
40000000	97000000	1023.0082
41000000	97000000	996.2812
42000000	97000000	908.6661
43000000	97000000	902.7723
44000000	97000000	899.25305
45000000	97000000	724.7571
46000000	97000000	587.63556
47000000	97000000	391.9941
48000000	97000000	459.83563
49000000	97000000	411.405
50000000	97000000	746.57916
51000000	97000000	880.75696
52000000	97000000	635.2416
53000000	97000000	1028.7765
54000000	97000000	1281.7422
55000000	97000000	1390.7966
56000000	97000000	1394.7001
57000000	97000000	1150.4056
58000000	97000000	1250.9202
59000000	97000000	1479.0691
60000000	97000000	1695.4181
61000000	97000000	1658.6456
62000000	97000000	1866.1177
63000000	97000000	1980.6925
64000000	97000000	1958.9952
65000000	97000000	1991.8529
66000000	97000000	2043.7911
67000000	97000000	2180.6238
68000000	97000000	2168.0415
69000000	97000000	2388.302
70000000	97000000	2486.56
71000000	97000000	2066.9558
72000000	97000000	1852.6049
73000000	97000000	2649.2576
74000000	97000000	2814.7964
75000000	97000000	2862.8735
76000000	97000000	3187.9045
77000000	97000000	3293.6343
78000000	97000000	3261.2922
79000000	97000000	3850.7073
80000000	97000000	4072.2244
81000000	97000000	3956.9749
82000000	97000000	3582.533
83000000	97000000	4153.3574
84000000	97000000	4306.7993
85000000	97000000	4846.1665
86000000	97000000	5371.982
87000000	97000000	5612.403
88000000	97000000	5747.053
89000000	97000000	5493.83
90000000	97000000	4309.5522
93000000	97000000	29805.844
94000000	97000000	34215.582
95000000	97000000	36920.957
96000000	97000000	108698.22
97000000	97000000	488874.12
0	98000000	1160.1959
1000000	98000000	676.6729
2000000	98000000	786.9258
3000000	98000000	740.5691
4000000	98000000	980.1375
5000000	98000000	914.77057
6000000	98000000	1015.5744
7000000	98000000	685.8672
8000000	98000000	788.95447
9000000	98000000	801.8448
10000000	98000000	623.0085
11000000	98000000	705.8412
12000000	98000000	743.7148
13000000	98000000	652.6055
14000000	98000000	685.553
15000000	98000000	1082.2808
16000000	98000000	1127.6056
17000000	98000000	1044.8356
18000000	98000000	771.6936
19000000	98000000	836.2521
20000000	98000000	853.90497
21000000	98000000	685.2679
22000000	98000000	621.58044
23000000	98000000	1111.887
24000000	98000000	735.5201
25000000	98000000	910.4833
26000000	98000000	750.6757
27000000	98000000	1073.709
28000000	98000000	1130.2294
29000000	98000000	1135.4076
30000000	98000000	840.4265
31000000	98000000	1194.2012
32000000	98000000	1151.9874
33000000	98000000	1346.9417
34000000	98000000	1112.6709
35000000	98000000	868.3417
36000000	98000000	1132.3003
37000000	98000000	1188.4584
38000000	98000000	1133.9268
39000000	98000000	1271.0293
40000000	98000000	982.6096
41000000	98000000	1036.1102
42000000	98000000	1216.3099
43000000	98000000	1116.1498
44000000	98000000	1119.3099
45000000	98000000	1018.9494
46000000	98000000	914.0023
47000000	98000000	704.4707
48000000	98000000	611.3345
49000000	98000000	682.9239
50000000	98000000	823.5066
51000000	98000000	942.02496
52000000	98000000	932.7686
53000000	98000000	1253.5364
54000000	98000000	1043.9722
55000000	98000000	1160.2961
56000000	98000000	1495.0386
57000000	98000000	1593.5624
58000000	98000000	1671.7477
59000000	98000000	1731.0114
60000000	98000000	1563.8818
61000000	98000000	1772.5968
62000000	98000000	1427.9835
63000000	98000000	1723.2717
64000000	98000000	1539.0526
65000000	98000000	1376.9817
66000000	98000000	1934.1208
67000000	98000000	1975.7596
68000000	98000000	1471.1671
69000000	98000000	2452.4412
70000000	98000000	1781.9194
71000000	98000000	1926.3842
72000000	98000000	2588.3904
73000000	98000000	2237.74
74000000	98000000	1995.7462
75000000	98000000	2529.9985
76000000	98000000	2574.2153
77000000	98000000	2406.5974
78000000	98000000	2992.9902
79000000	98000000	2853.8367
80000000	98000000	2863.5408
81000000	98000000	3885.848
82000000	98000000	3332.1245
83000000	98000000	2964.5498
84000000	98000000	3183.129
85000000	98000000	3227.1309
86000000	98000000	3777.42
87000000	98000000	4342.3447
88000000	98000000	4663.073
89000000	98000000	3886.2183
90000000	98000000	3373.651
93000000	98000000	16899.803
94000000	98000000	15633.061
95000000	98000000	18655.918
96000000	98000000	26647.477
97000000	98000000	145322.42
98000000	98000000	536486.0
0	99000000	1125.0956
1000000	99000000	666.2473
2000000	99000000	831.2196
3000000	99000000	810.48816
4000000	99000000	938.8399
5000000	99000000	803.20135
6000000	99000000	764.8247
7000000	99000000	638.05133
8000000	99000000	887.4817
9000000	99000000	946.5742
10000000	99000000	752.99615
11000000	99000000	868.78357
12000000	99000000	908.67773
13000000	99000000	735.7614
14000000	99000000	773.2287
15000000	99000000	1062.3539
16000000	99000000	1177.4926
17000000	99000000	1162.28
18000000	99000000	841.5392
19000000	99000000	837.47095
20000000	99000000	819.86804
21000000	99000000	704.3666
22000000	99000000	742.0568
23000000	99000000	1205.4025
24000000	99000000	806.6713
25000000	99000000	886.92926
26000000	99000000	780.22534
27000000	99000000	1009.79376
28000000	99000000	996.3096
29000000	99000000	1138.0953
30000000	99000000	967.0295
31000000	99000000	1227.5792
32000000	99000000	1263.7406
33000000	99000000	1454.1383
34000000	99000000	1174.6285
35000000	99000000	956.5555
36000000	99000000	1303.5443
37000000	99000000	1467.1178
38000000	99000000	1294.8602
39000000	99000000	1383.2589
40000000	99000000	1094.5164
41000000	99000000	1127.1666
42000000	99000000	1333.3704
43000000	99000000	1300.3844
44000000	99000000	1339.2667
45000000	99000000	1196.821
46000000	99000000	1033.6371
47000000	99000000	732.7933
48000000	99000000	714.10803
49000000	99000000	693.88855
50000000	99000000	910.1212
51000000	99000000	1034.8241
52000000	99000000	1015.8775
53000000	99000000	1469.1057
54000000	99000000	1220.8341
55000000	99000000	1442.0721
56000000	99000000	1716.0155
57000000	99000000	1783.1844
58000000	99000000	1881.2828
59000000	99000000	1763.1669
60000000	99000000	1643.1185
61000000	99000000	1990.9318
62000000	99000000	1809.0747
63000000	99000000	1951.4048
64000000	99000000	1712.9481
65000000	99000000	1641.0204
66000000	99000000	2102.0066
67000000	99000000	2203.439
68000000	99000000	1734.5494
69000000	99000000	2607.8696
70000000	99000000	2114.7183
71000000	99000000	2256.276
72000000	99000000	2797.501
73000000	99000000	2502.5562
74000000	99000000	2121.2476
75000000	99000000	2468.4614
76000000	99000000	2742.9138
77000000	99000000	2584.1228
78000000	99000000	2960.3142
79000000	99000000	2892.012
80000000	99000000	2989.6233
81000000	99000000	4044.5867
82000000	99000000	3372.331
83000000	99000000	3146.8413
84000000	99000000	3272.098
85000000	99000000	3496.8582
86000000	99000000	4112.6943
87000000	99000000	4517.5625
88000000	99000000	4633.267
89000000	99000000	4025.6206
90000000	99000000	3131.0762
93000000	99000000	13583.021
94000000	99000000	12966.982
95000000	99000000	14359.247
96000000	99000000	18628.162
97000000	99000000	39472.44
98000000	99000000	128742.08
99000000	99000000	514036.28
0	100000000	1028.1005
1000000	100000000	664.8975
2000000	100000000	780.39667
3000000	100000000	790.3158
4000000	100000000	923.5262
5000000	100000000	768.17255
6000000	100000000	700.4402
7000000	100000000	665.97034
8000000	100000000	881.9884
9000000	100000000	998.17224
10000000	100000000	715.99023
11000000	100000000	908.30304
12000000	100000000	936.98663
13000000	100000000	761.1817
14000000	100000000	852.67
15000000	100000000	1061.8165
16000000	100000000	1084.9479
17000000	100000000	1121.4819
18000000	100000000	888.7597
19000000	100000000	844.71594
20000000	100000000	796.62964
21000000	100000000	639.29865
22000000	100000000	713.95026
23000000	100000000	1028.8141
24000000	100000000	760.0303
25000000	100000000	928.0743
26000000	100000000	712.19696
27000000	100000000	978.54395
28000000	100000000	942.003
29000000	100000000	1016.8842
30000000	100000000	950.9928
31000000	100000000	1127.1029
32000000	100000000	1259.6953
33000000	100000000	1455.5869
34000000	100000000	1102.9958
35000000	100000000	923.8459
36000000	100000000	1205.682
37000000	100000000	1447.4072
38000000	100000000	1264.3643
39000000	100000000	1307.3688
40000000	100000000	1126.37
41000000	100000000	1112.4564
42000000	100000000	1334.5884
43000000	100000000	1345.5599
44000000	100000000	1332.3558
45000000	100000000	1183.149
46000000	100000000	898.2615
47000000	100000000	792.32263
48000000	100000000	774.8155
49000000	100000000	739.0036
50000000	100000000	964.09717
51000000	100000000	1184.8279
52000000	100000000	1083.617
53000000	100000000	1379.0364
54000000	100000000	1186.3007
55000000	100000000	1367.7749
56000000	100000000	1573.6913
57000000	100000000	1751.7861
58000000	100000000	1741.0509
59000000	100000000	1590.1028
60000000	100000000	1651.796
61000000	100000000	1750.1365
62000000	100000000	1570.8523
63000000	100000000	1752.7231
64000000	100000000	1619.3678
65000000	100000000	1472.6033
66000000	100000000	1953.794
67000000	100000000	1955.345
68000000	100000000	1636.6896
69000000	100000000	2301.314
70000000	100000000	1816.7959
71000000	100000000	1920.5475
72000000	100000000	2216.7722
73000000	100000000	2288.3286
74000000	100000000	2148.332
75000000	100000000	2495.4395
76000000	100000000	2412.9443
77000000	100000000	2572.6633
78000000	100000000	2876.5764
79000000	100000000	2951.6785
80000000	100000000	3069.4302
81000000	100000000	3746.7122
82000000	100000000	3254.1423
83000000	100000000	3078.3386
84000000	100000000	3397.343
85000000	100000000	3590.3093
86000000	100000000	4071.2515
87000000	100000000	4335.316
88000000	100000000	4583.6333
89000000	100000000	3882.3752
90000000	100000000	3101.684
93000000	100000000	11163.417
94000000	100000000	10833.489
95000000	100000000	11449.589
96000000	100000000	13948.716
97000000	100000000	20054.102
98000000	100000000	31333.547
99000000	100000000	115218.94
100000000	100000000	529862.94
0	101000000	1135.1915
1000000	101000000	599.0873
2000000	101000000	781.925
3000000	101000000	753.1241
4000000	101000000	1088.6638
5000000	101000000	979.9582
6000000	101000000	939.49274
7000000	101000000	579.4326
8000000	101000000	760.84503
9000000	101000000	908.3091
10000000	101000000	706.8168
11000000	101000000	789.42706
12000000	101000000	865.14014
13000000	101000000	760.4001
14000000	101000000	752.8462
15000000	101000000	1313.4347
16000000	101000000	1202.6069
17000000	101000000	1289.1809
18000000	101000000	778.41504
19000000	101000000	838.1449
20000000	101000000	902.32806
21000000	101000000	553.9366
22000000	101000000	635.23047
23000000	101000000	1415.0487
24000000	101000000	624.215
25000000	101000000	953.84094
26000000	101000000	614.9785
27000000	101000000	1105.2976
28000000	101000000	1021.19305
29000000	101000000	1103.8583
30000000	101000000	763.09894
31000000	101000000	1239.7191
32000000	101000000	1265.8722
33000000	101000000	1456.9059
34000000	101000000	971.30975
35000000	101000000	801.68
36000000	101000000	1068.5742
37000000	101000000	1326.1858
38000000	101000000	1099.5426
39000000	101000000	1330.0594
40000000	101000000	966.07306
41000000	101000000	920.73395
42000000	101000000	1260.5939
43000000	101000000	1077.2273
44000000	101000000	1237.9601
45000000	101000000	1169.6718
46000000	101000000	985.00586
47000000	101000000	884.95374
48000000	101000000	806.7314
49000000	101000000	775.7364
50000000	101000000	931.2561
51000000	101000000	1022.9907
52000000	101000000	1118.7716
53000000	101000000	1316.8835
54000000	101000000	729.3107
55000000	101000000	1084.6649
56000000	101000000	1394.7804
57000000	101000000	1761.1455
58000000	101000000	1720.0685
59000000	101000000	1467.3242
60000000	101000000	1236.414
61000000	101000000	1647.9806
62000000	101000000	1181.416
63000000	101000000	1488.3
64000000	101000000	1255.5814
65000000	101000000	1079.4469
66000000	101000000	1772.8014
67000000	101000000	1852.6869
68000000	101000000	1146.8479
69000000	101000000	2317.7603
70000000	101000000	1398.0889
71000000	101000000	1786.6606
72000000	101000000	2569.957
73000000	101000000	2011.4818
74000000	101000000	1492.3748
75000000	101000000	2059.2407
76000000	101000000	1885.2885
77000000	101000000	1810.9895
78000000	101000000	2538.5872
79000000	101000000	2362.5974
80000000	101000000	2297.3433
81000000	101000000	3806.5037
82000000	101000000	2817.751
83000000	101000000	2409.236
84000000	101000000	2391.312
85000000	101000000	2650.125
86000000	101000000	2897.8706
87000000	101000000	3649.6272
88000000	101000000	3919.0564
89000000	101000000	2897.2102
90000000	101000000	2342.7097
93000000	101000000	8969.392
94000000	101000000	7416.2314
95000000	101000000	8859.995
96000000	101000000	8553.939
97000000	101000000	13368.361
98000000	101000000	19672.152
99000000	101000000	32925.12
100000000	101000000	122337.945
101000000	101000000	542347.9
0	102000000	1147.1095
1000000	102000000	1034.6809
2000000	102000000	834.6147
3000000	102000000	911.06885
4000000	102000000	603.3421
5000000	102000000	497.96915
6000000	102000000	561.584
7000000	102000000	821.6337
8000000	102000000	640.1114
9000000	102000000	431.6896
10000000	102000000	392.11563
11000000	102000000	530.7426
12000000	102000000	515.84955
13000000	102000000	449.22284
14000000	102000000	404.66916
15000000	102000000	424.50052
16000000	102000000	599.8295
17000000	102000000	700.1856
18000000	102000000	1107.7761
19000000	102000000	969.43304
20000000	102000000	889.8905
21000000	102000000	987.374
22000000	102000000	1022.2435
23000000	102000000	658.20575
24000000	102000000	1042.8022
25000000	102000000	979.4556
26000000	102000000	1061.2045
27000000	102000000	900.2454
28000000	102000000	843.07764
29000000	102000000	1081.7424
30000000	102000000	1051.565
31000000	102000000	764.5276
32000000	102000000	666.59094
33000000	102000000	768.3749
34000000	102000000	1121.1696
35000000	102000000	1399.6061
36000000	102000000	1249.5782
37000000	102000000	786.79224
38000000	102000000	705.6898
39000000	102000000	827.55176
40000000	102000000	763.81683
41000000	102000000	850.7642
42000000	102000000	624.85986
43000000	102000000	724.03284
44000000	102000000	639.2844
45000000	102000000	474.60202
46000000	102000000	421.00287
47000000	102000000	313.4585
48000000	102000000	332.22894
49000000	102000000	307.42563
50000000	102000000	569.45245
51000000	102000000	740.50134
52000000	102000000	417.8782
53000000	102000000	680.1746
54000000	102000000	1228.6349
55000000	102000000	1165.7574
56000000	102000000	1108.6145
57000000	102000000	785.7328
58000000	102000000	876.5187
59000000	102000000	1155.8048
60000000	102000000	1408.511
61000000	102000000	1321.6501
62000000	102000000	1649.2345
63000000	102000000	1667.0173
64000000	102000000	1691.0388
65000000	102000000	1698.6892
66000000	102000000	1611.429
67000000	102000000	1831.4501
68000000	102000000	2116.9526
69000000	102000000	2066.8435
70000000	102000000	2444.2827
71000000	102000000	1826.9286
72000000	102000000	1229.3348
73000000	102000000	2209.2014
74000000	102000000	2802.1392
75000000	102000000	2417.7568
76000000	102000000	2937.0007
77000000	102000000	3259.8684
78000000	102000000	3152.5776
79000000	102000000	3662.8347
80000000	102000000	4047.0623
81000000	102000000	3118.5151
82000000	102000000	3224.708
83000000	102000000	3908.59
84000000	102000000	4069.9053
85000000	102000000	4489.0293
86000000	102000000	5339.3047
87000000	102000000	4806.199
88000000	102000000	4368.547
89000000	102000000	4413.0063
90000000	102000000	3102.9414
93000000	102000000	8475.048
94000000	102000000	10955.787
95000000	102000000	10606.724
96000000	102000000	13907.903
97000000	102000000	14477.248
98000000	102000000	12352.46
99000000	102000000	17632.967
100000000	102000000	35490.547
101000000	102000000	114636.164
102000000	102000000	510282.2
0	103000000	1171.1924
1000000	103000000	1092.344
2000000	103000000	845.49725
3000000	103000000	762.0039
4000000	103000000	517.52246
5000000	103000000	464.45108
6000000	103000000	513.42926
7000000	103000000	727.9772
8000000	103000000	634.03314
9000000	103000000	351.18832
10000000	103000000	287.25848
11000000	103000000	432.2779
12000000	103000000	405.43512
13000000	103000000	335.02368
14000000	103000000	339.2557
15000000	103000000	342.69232
16000000	103000000	453.06155
17000000	103000000	563.94366
18000000	103000000	1024.9017
19000000	103000000	1019.3318
20000000	103000000	818.9785
21000000	103000000	1064.6805
22000000	103000000	1001.65924
23000000	103000000	555.7647
24000000	103000000	957.19495
25000000	103000000	878.57117
26000000	103000000	1117.0621
27000000	103000000	882.7034
28000000	103000000	868.9929
29000000	103000000	924.13275
30000000	103000000	946.69977
31000000	103000000	644.6323
32000000	103000000	562.29175
33000000	103000000	632.8826
34000000	103000000	1077.4313
35000000	103000000	1474.318
36000000	103000000	1184.9353
37000000	103000000	625.58057
38000000	103000000	611.01465
39000000	103000000	683.24426
40000000	103000000	741.43427
41000000	103000000	692.387
42000000	103000000	543.9892
43000000	103000000	567.48224
44000000	103000000	502.10303
45000000	103000000	458.18713
46000000	103000000	352.5688
47000000	103000000	234.34685
48000000	103000000	286.55527
49000000	103000000	261.12247
50000000	103000000	464.56076
51000000	103000000	635.8804
52000000	103000000	333.33365
53000000	103000000	542.1905
54000000	103000000	1131.9283
55000000	103000000	1043.3672
56000000	103000000	919.7875
57000000	103000000	609.2705
58000000	103000000	689.5544
59000000	103000000	1009.02277
60000000	103000000	1412.5449
61000000	103000000	1213.4987
62000000	103000000	1554.5603
63000000	103000000	1590.625
64000000	103000000	1586.8843
65000000	103000000	1827.0488
66000000	103000000	1344.4946
67000000	103000000	1598.1398
68000000	103000000	2034.5271
69000000	103000000	1775.6471
70000000	103000000	2427.753
71000000	103000000	1559.4368
72000000	103000000	983.9589
73000000	103000000	1977.6124
74000000	103000000	2908.4844
75000000	103000000	2398.9028
76000000	103000000	3151.1775
77000000	103000000	3321.393
78000000	103000000	3111.6672
79000000	103000000	3804.8237
80000000	103000000	4291.948
81000000	103000000	2935.486
82000000	103000000	3327.881
83000000	103000000	4159.8584
84000000	103000000	4377.0366
85000000	103000000	4688.456
86000000	103000000	5143.015
87000000	103000000	4491.7153
88000000	103000000	4400.4106
89000000	103000000	4625.561
90000000	103000000	2959.3264
93000000	103000000	7866.1616
94000000	103000000	10818.875
95000000	103000000	10075.492
96000000	103000000	13792.243
97000000	103000000	12832.693
98000000	103000000	9689.465
99000000	103000000	12776.986
100000000	103000000	19900.43
101000000	103000000	31883.484
102000000	103000000	143387.56
103000000	103000000	486351.22
0	104000000	1022.9394
1000000	104000000	891.1743
2000000	104000000	833.33093
3000000	104000000	736.43695
4000000	104000000	604.3215
5000000	104000000	551.9878
6000000	104000000	725.39984
7000000	104000000	754.42584
8000000	104000000	608.9318
9000000	104000000	333.78467
10000000	104000000	307.71335
11000000	104000000	451.79883
12000000	104000000	497.93924
13000000	104000000	373.2115
14000000	104000000	373.38022
15000000	104000000	418.02814
16000000	104000000	536.76227
17000000	104000000	673.38794
18000000	104000000	991.5889
19000000	104000000	933.51056
20000000	104000000	834.89465
21000000	104000000	870.284
22000000	104000000	922.76324
23000000	104000000	730.3337
24000000	104000000	740.76825
25000000	104000000	835.27496
26000000	104000000	869.4656
27000000	104000000	859.80676
28000000	104000000	886.5611
29000000	104000000	975.36163
30000000	104000000	900.80084
31000000	104000000	782.916
32000000	104000000	639.2603
33000000	104000000	800.66235
34000000	104000000	1121.3512
35000000	104000000	1210.1134
36000000	104000000	1108.9169
37000000	104000000	715.04517
38000000	104000000	581.2736
39000000	104000000	792.4974
40000000	104000000	681.6666
41000000	104000000	745.6431
42000000	104000000	559.5142
43000000	104000000	647.43964
44000000	104000000	613.3878
45000000	104000000	503.02805
46000000	104000000	399.50958
47000000	104000000	321.04785
48000000	104000000	306.87067
49000000	104000000	314.0001
50000000	104000000	492.73505
51000000	104000000	589.80865
52000000	104000000	374.35785
53000000	104000000	618.28613
54000000	104000000	945.1742
55000000	104000000	897.7914
56000000	104000000	890.4927
57000000	104000000	734.66473
58000000	104000000	804.3601
59000000	104000000	979.18274
60000000	104000000	1164.1406
61000000	104000000	1070.042
62000000	104000000	1283.3456
63000000	104000000	1460.3723
64000000	104000000	1377.7043
65000000	104000000	1437.7911
66000000	104000000	1382.0085
67000000	104000000	1492.868
68000000	104000000	1670.1658
69000000	104000000	1633.4324
70000000	104000000	2024.803
71000000	104000000	1465.7578
72000000	104000000	1145.2773
73000000	104000000	1841.8575
74000000	104000000	2354.4832
75000000	104000000	2058.0935
76000000	104000000	2858.806
77000000	104000000	2762.982
78000000	104000000	2685.9788
79000000	104000000	3088.4968
80000000	104000000	3458.7263
81000000	104000000	3117.7947
82000000	104000000	3228.857
83000000	104000000	3461.2012
84000000	104000000	3526.7134
85000000	104000000	3856.2542
86000000	104000000	4160.0225
87000000	104000000	3724.9854
88000000	104000000	3646.4243
89000000	104000000	3780.3667
90000000	104000000	2800.2393
93000000	104000000	7231.1455
94000000	104000000	8278.773
95000000	104000000	8391.069
96000000	104000000	9850.39
97000000	104000000	9525.169
98000000	104000000	8277.937
99000000	104000000	9624.065
100000000	104000000	12539.08
101000000	104000000	18387.637
102000000	104000000	35085.516
103000000	104000000	121544.7
104000000	104000000	526393.25
0	105000000	922.3613
1000000	105000000	510.43317
2000000	105000000	755.0193
3000000	105000000	589.3688
4000000	105000000	905.38385
5000000	105000000	832.2224
6000000	105000000	965.39453
7000000	105000000	556.4208
8000000	105000000	674.10724
9000000	105000000	628.0885
10000000	105000000	473.57462
11000000	105000000	591.3717
12000000	105000000	615.5502
13000000	105000000	513.45337
14000000	105000000	555.0788
15000000	105000000	1017.05566
16000000	105000000	988.9325
17000000	105000000	1202.978
18000000	105000000	737.9593
19000000	105000000	671.407
20000000	105000000	672.7407
21000000	105000000	443.4975
22000000	105000000	465.57257
23000000	105000000	1272.3397
24000000	105000000	545.76294
25000000	105000000	660.2553
26000000	105000000	496.0605
27000000	105000000	998.8991
28000000	105000000	1039.4412
29000000	105000000	1094.9403
30000000	105000000	665.4419
31000000	105000000	1143.8441
32000000	105000000	1063.3309
33000000	105000000	1212.8612
34000000	105000000	905.615
35000000	105000000	627.3702
36000000	105000000	819.7894
37000000	105000000	1079.7039
38000000	105000000	909.347
39000000	105000000	965.4891
40000000	105000000	723.4535
41000000	105000000	733.3035
42000000	105000000	982.9513
43000000	105000000	860.66595
44000000	105000000	985.1308
45000000	105000000	885.2643
46000000	105000000	801.2144
47000000	105000000	655.5248
48000000	105000000	619.4072
49000000	105000000	571.3503
50000000	105000000	595.1588
51000000	105000000	634.8697
52000000	105000000	862.3898
53000000	105000000	992.5422
54000000	105000000	594.42084
55000000	105000000	856.8185
56000000	105000000	1134.7549
57000000	105000000	1319.7062
58000000	105000000	1427.6416
59000000	105000000	1396.6393
60000000	105000000	1135.7644
61000000	105000000	1462.3142
62000000	105000000	984.343
63000000	105000000	1234.907
64000000	105000000	984.5036
65000000	105000000	871.434
66000000	105000000	1367.7146
67000000	105000000	1474.4619
68000000	105000000	906.38654
69000000	105000000	1813.2374
70000000	105000000	1171.2815
71000000	105000000	1474.6396
72000000	105000000	2131.4084
73000000	105000000	1605.154
74000000	105000000	1213.0576
75000000	105000000	1589.6697
76000000	105000000	1703.1348
77000000	105000000	1417.9222
78000000	105000000	2012.2864
79000000	105000000	1770.2372
80000000	105000000	1757.4143
81000000	105000000	3192.24
82000000	105000000	2507.2656
83000000	105000000	1912.2018
84000000	105000000	1799.0851
85000000	105000000	1956.738
86000000	105000000	2050.3015
87000000	105000000	2483.26
88000000	105000000	2692.884
89000000	105000000	2052.234
90000000	105000000	1753.3427
93000000	105000000	5826.7065
94000000	105000000	4947.3306
95000000	105000000	6285.0044
96000000	105000000	5007.6035
97000000	105000000	7067.1436
98000000	105000000	8852.451
99000000	105000000	10136.699
100000000	105000000	10868.347
101000000	105000000	21225.887
102000000	105000000	16789.156
103000000	105000000	39208.477
104000000	105000000	121994.695
105000000	105000000	501233.97
0	106000000	1081.8976
1000000	106000000	765.21063
2000000	106000000	772.8785
3000000	106000000	770.69904
4000000	106000000	641.02045
5000000	106000000	657.5985
6000000	106000000	792.347
7000000	106000000	698.60266
8000000	106000000	639.55255
9000000	106000000	541.5952
10000000	106000000	424.17325
11000000	106000000	531.4612
12000000	106000000	569.3687
13000000	106000000	439.4927
14000000	106000000	486.80096
15000000	106000000	650.3026
16000000	106000000	750.101
17000000	106000000	855.9927
18000000	106000000	861.2667
19000000	106000000	820.9024
20000000	106000000	773.35583
21000000	106000000	665.55927
22000000	106000000	740.4875
23000000	106000000	877.64984
24000000	106000000	729.5871
25000000	106000000	785.7958
26000000	106000000	779.5842
27000000	106000000	859.78937
28000000	106000000	880.17316
29000000	106000000	970.7518
30000000	106000000	844.2075
31000000	106000000	944.7203
32000000	106000000	823.3881
33000000	106000000	851.6491
34000000	106000000	1003.5068
35000000	106000000	997.3422
36000000	106000000	1033.1345
37000000	106000000	821.7791
38000000	106000000	708.5897
39000000	106000000	808.9163
40000000	106000000	667.62573
41000000	106000000	792.4102
42000000	106000000	729.769
43000000	106000000	787.52423
44000000	106000000	805.18085
45000000	106000000	653.2606
46000000	106000000	578.4289
47000000	106000000	463.1294
48000000	106000000	447.49222
49000000	106000000	379.56613
50000000	106000000	512.629
51000000	106000000	662.0336
52000000	106000000	530.7185
53000000	106000000	771.24286
54000000	106000000	915.5947
55000000	106000000	970.4969
56000000	106000000	1000.81836
57000000	106000000	946.04126
58000000	106000000	1081.48
59000000	106000000	1192.5952
60000000	106000000	1310.2743
61000000	106000000	1393.3927
62000000	106000000	1313.6727
63000000	106000000	1384.8679
64000000	106000000	1385.8225
65000000	106000000	1422.1722
66000000	106000000	1392.9097
67000000	106000000	1626.5941
68000000	106000000	1566.1434
69000000	106000000	1715.3455
70000000	106000000	1811.8413
71000000	106000000	1528.1729
72000000	106000000	1508.8157
73000000	106000000	1929.7712
74000000	106000000	2100.1646
75000000	106000000	2154.6033
76000000	106000000	2393.3943
77000000	106000000	2341.4697
78000000	106000000	2536.9866
79000000	106000000	2728.7192
80000000	106000000	2910.6453
81000000	106000000	2989.9648
82000000	106000000	2974.2883
83000000	106000000	2839.0168
84000000	106000000	2877.081
85000000	106000000	3230.19
86000000	106000000	3480.3909
87000000	106000000	3416.6587
88000000	106000000	3535.8635
89000000	106000000	3388.8535
90000000	106000000	2515.7998
93000000	106000000	6883.164
94000000	106000000	7443.294
95000000	106000000	7827.415
96000000	106000000	8306.929
97000000	106000000	8285.147
98000000	106000000	7576.354
99000000	106000000	8808.12
100000000	106000000	10044.255
101000000	106000000	14100.346
102000000	106000000	21562.1
103000000	106000000	42979.957
104000000	106000000	80233.914
105000000	106000000	218637.78
106000000	106000000	441870.53
0	107000000	1096.4803
1000000	107000000	588.6914
2000000	107000000	783.7368
3000000	107000000	769.85803
4000000	107000000	1043.7042
5000000	107000000	830.31335
6000000	107000000	705.3714
7000000	107000000	525.7088
8000000	107000000	934.5793
9000000	107000000	932.37634
10000000	107000000	675.84875
11000000	107000000	818.6525
12000000	107000000	838.92395
13000000	107000000	727.32227
14000000	107000000	763.1238
15000000	107000000	1169.4934
16000000	107000000	1283.0309
17000000	107000000	1316.0
18000000	107000000	867.5091
19000000	107000000	776.89124
20000000	107000000	818.27484
21000000	107000000	593.33673
22000000	107000000	622.3815
23000000	107000000	1178.2303
24000000	107000000	728.1518
25000000	107000000	871.2501
26000000	107000000	634.02454
27000000	107000000	1069.8025
28000000	107000000	899.3787
29000000	107000000	1193.7047
30000000	107000000	925.3422
31000000	107000000	1206.9517
32000000	107000000	1367.3428
33000000	107000000	1493.5868
34000000	107000000	1042.7461
35000000	107000000	876.2816
36000000	107000000	1175.1315
37000000	107000000	1454.4355
38000000	107000000	1219.306
39000000	107000000	1254.6036
40000000	107000000	970.8247
41000000	107000000	1006.41034
42000000	107000000	1256.2139
43000000	107000000	1179.5044
44000000	107000000	1213.3416
45000000	107000000	1090.7703
46000000	107000000	957.8707
47000000	107000000	708.9107
48000000	107000000	641.3914
49000000	107000000	629.19574
50000000	107000000	770.35284
51000000	107000000	923.34033
52000000	107000000	1004.6931
53000000	107000000	1352.526
54000000	107000000	986.1439
55000000	107000000	1273.9901
56000000	107000000	1500.4347
57000000	107000000	1748.3376
58000000	107000000	1827.508
59000000	107000000	1629.0564
60000000	107000000	1584.3375
61000000	107000000	1892.2933
62000000	107000000	1569.8716
63000000	107000000	1755.2224
64000000	107000000	1558.3408
65000000	107000000	1349.8278
66000000	107000000	1957.2046
67000000	107000000	2042.4105
68000000	107000000	1412.5754
69000000	107000000	2422.2695
70000000	107000000	1750.3456
71000000	107000000	2196.811
72000000	107000000	2862.309
73000000	107000000	2321.848
74000000	107000000	1721.405
75000000	107000000	1962.981
76000000	107000000	2020.6826
77000000	107000000	1979.8518
78000000	107000000	2501.6606
79000000	107000000	2450.7097
80000000	107000000	2437.887
81000000	107000000	3376.378
82000000	107000000	2507.879
83000000	107000000	2374.9788
84000000	107000000	2349.725
85000000	107000000	2894.7722
86000000	107000000	2951.9104
87000000	107000000	3385.0596
88000000	107000000	3666.725
89000000	107000000	2696.3176
90000000	107000000	2105.71
93000000	107000000	7474.3936
94000000	107000000	6280.2534
95000000	107000000	6419.222
96000000	107000000	6417.5596
97000000	107000000	8190.5684
98000000	107000000	8410.3955
99000000	107000000	10348.275
100000000	107000000	10560.658
101000000	107000000	14098.721
102000000	107000000	12874.79
103000000	107000000	15814.447
104000000	107000000	20364.168
105000000	107000000	30587.291
106000000	107000000	72771.64
107000000	107000000	491722.4
0	108000000	1115.4971
1000000	108000000	887.52374
2000000	108000000	838.87756
3000000	108000000	843.5592
4000000	108000000	815.6079
5000000	108000000	723.80347
6000000	108000000	652.9432
7000000	108000000	700.59283
8000000	108000000	889.5156
9000000	108000000	684.7463
10000000	108000000	529.8188
11000000	108000000	702.0238
12000000	108000000	657.27277
13000000	108000000	573.66864
14000000	108000000	611.0794
15000000	108000000	697.817
16000000	108000000	885.25366
17000000	108000000	993.17896
18000000	108000000	981.3145
19000000	108000000	879.12805
20000000	108000000	890.23615
21000000	108000000	792.44
22000000	108000000	874.2108
23000000	108000000	885.2731
24000000	108000000	895.0098
25000000	108000000	983.9229
26000000	108000000	884.92316
27000000	108000000	1015.32465
28000000	108000000	856.97845
29000000	108000000	1112.3357
30000000	108000000	1007.65607
31000000	108000000	956.72253
32000000	108000000	1011.2444
33000000	108000000	1079.0891
34000000	108000000	1108.8014
35000000	108000000	1058.738
36000000	108000000	1224.3203
37000000	108000000	1100.777
38000000	108000000	969.33624
39000000	108000000	1103.6506
40000000	108000000	939.22473
41000000	108000000	958.08246
42000000	108000000	975.21686
43000000	108000000	937.1184
44000000	108000000	881.67145
45000000	108000000	763.48566
46000000	108000000	609.92725
47000000	108000000	485.9421
48000000	108000000	460.62137
49000000	108000000	460.18723
50000000	108000000	636.01685
51000000	108000000	771.88257
52000000	108000000	662.87726
53000000	108000000	1008.15314
54000000	108000000	1240.2249
55000000	108000000	1275.9194
56000000	108000000	1329.7698
57000000	108000000	1153.5327
58000000	108000000	1348.4556
59000000	108000000	1471.9025
60000000	108000000	1645.326
61000000	108000000	1745.0656
62000000	108000000	1820.9551
63000000	108000000	1987.2717
64000000	108000000	1841.6195
65000000	108000000	1922.0336
66000000	108000000	1926.2316
67000000	108000000	2031.9525
68000000	108000000	1943.8408
69000000	108000000	2259.7002
70000000	108000000	2169.7812
71000000	108000000	2085.0164
72000000	108000000	1871.518
73000000	108000000	2501.0217
74000000	108000000	2480.7341
75000000	108000000	2546.464
76000000	108000000	2563.9973
77000000	108000000	2661.7275
78000000	108000000	2762.9585
79000000	108000000	2905.3953
80000000	108000000	3056.816
81000000	108000000	3124.939
82000000	108000000	2645.123
83000000	108000000	2781.4346
84000000	108000000	3067.0513
85000000	108000000	3335.955
86000000	108000000	3635.8022
87000000	108000000	3758.5762
88000000	108000000	3954.3914
89000000	108000000	3781.3691
90000000	108000000	3025.259
93000000	108000000	8552.3125
94000000	108000000	7654.1016
95000000	108000000	7080.39
96000000	108000000	8255.926
97000000	108000000	8334.391
98000000	108000000	7356.6646
99000000	108000000	8670.129
100000000	108000000	8985.3545
101000000	108000000	10176.624
102000000	108000000	12784.586
103000000	108000000	14768.872
104000000	108000000	15948.572
105000000	108000000	15840.851
106000000	108000000	31044.242
107000000	108000000	156394.56
108000000	108000000	451149.16
0	109000000	1181.6387
1000000	109000000	1298.8102
2000000	109000000	927.1011
3000000	109000000	959.94336
4000000	109000000	542.06775
5000000	109000000	517.894
6000000	109000000	683.388
7000000	109000000	1204.9916
8000000	109000000	805.7525
9000000	109000000	353.65192
10000000	109000000	330.45068
11000000	109000000	477.3194
12000000	109000000	447.01974
13000000	109000000	401.02368
14000000	109000000	368.10266
15000000	109000000	359.54343
16000000	109000000	490.53015
17000000	109000000	583.8903
18000000	109000000	1095.0463
19000000	109000000	986.5104
20000000	109000000	924.69824
21000000	109000000	1111.325
22000000	109000000	1014.15656
23000000	109000000	511.9062
24000000	109000000	969.13995
25000000	109000000	924.9072
26000000	109000000	1464.9691
27000000	109000000	968.26807
28000000	109000000	905.25165
29000000	109000000	937.80994
30000000	109000000	1001.7423
31000000	109000000	611.1272
32000000	109000000	557.3418
33000000	109000000	615.86584
34000000	109000000	1252.2107
35000000	109000000	1696.8693
36000000	109000000	1381.6537
37000000	109000000	682.2514
38000000	109000000	643.35626
39000000	109000000	712.77423
40000000	109000000	786.2778
41000000	109000000	834.9939
42000000	109000000	502.8049
43000000	109000000	646.6146
44000000	109000000	557.92505
45000000	109000000	368.4976
46000000	109000000	345.0876
47000000	109000000	244.66583
48000000	109000000	258.54468
49000000	109000000	267.19904
50000000	109000000	477.9929
51000000	109000000	604.7491
52000000	109000000	259.12018
53000000	109000000	520.91846
54000000	109000000	1410.6602
55000000	109000000	1154.5883
56000000	109000000	895.4754
57000000	109000000	567.37024
58000000	109000000	759.427
59000000	109000000	1020.49347
60000000	109000000	1736.6138
61000000	109000000	1297.8796
62000000	109000000	1878.5634
63000000	109000000	1948.1014
64000000	109000000	2342.892
65000000	109000000	2748.4692
66000000	109000000	1410.3276
67000000	109000000	1768.9774
68000000	109000000	2512.526
69000000	109000000	1681.7087
70000000	109000000	2649.2463
71000000	109000000	1588.6957
72000000	109000000	897.18524
73000000	109000000	2298.7434
74000000	109000000	4081.4314
75000000	109000000	3517.511
76000000	109000000	4400.787
77000000	109000000	3872.2578
78000000	109000000	3083.612
79000000	109000000	3434.2502
80000000	109000000	4077.3215
81000000	109000000	2449.5134
82000000	109000000	2946.9717
83000000	109000000	3759.8442
84000000	109000000	4354.105
85000000	109000000	3932.6003
86000000	109000000	4497.895
87000000	109000000	3681.162
88000000	109000000	3846.375
89000000	109000000	5499.0215
90000000	109000000	5592.881
93000000	109000000	7675.7915
94000000	109000000	9059.004
95000000	109000000	8147.232
96000000	109000000	10604.561
97000000	109000000	7471.499
98000000	109000000	5470.006
99000000	109000000	5850.7217
100000000	109000000	6746.187
101000000	109000000	5515.6978
102000000	109000000	12014.736
103000000	109000000	14711.899
104000000	109000000	13833.577
105000000	109000000	7204.4907
106000000	109000000	17225.79
107000000	109000000	19957.576
108000000	109000000	84886.28
109000000	109000000	526028.0
0	110000000	1130.0148
1000000	110000000	1236.9106
2000000	110000000	932.62915
3000000	110000000	958.6388
4000000	110000000	584.6328
5000000	110000000	579.4706
6000000	110000000	645.18994
7000000	110000000	931.0038
8000000	110000000	830.4669
9000000	110000000	395.93027
10000000	110000000	368.57224
11000000	110000000	511.83273
12000000	110000000	481.42175
13000000	110000000	462.8343
14000000	110000000	378.04233
15000000	110000000	313.69528
16000000	110000000	594.90936
17000000	110000000	628.7467
18000000	110000000	1189.375
19000000	110000000	1014.2642
20000000	110000000	933.7884
21000000	110000000	1112.6964
22000000	110000000	1124.71
23000000	110000000	609.192
24000000	110000000	1085.7869
25000000	110000000	1036.9482
26000000	110000000	1296.7124
27000000	110000000	952.3156
28000000	110000000	993.22723
29000000	110000000	1012.75574
30000000	110000000	1089.7129
31000000	110000000	771.9057
32000000	110000000	615.64276
33000000	110000000	654.27936
34000000	110000000	1270.8137
35000000	110000000	1498.5491
36000000	110000000	1294.9933
37000000	110000000	757.8247
38000000	110000000	723.88837
39000000	110000000	760.4901
40000000	110000000	829.4248
41000000	110000000	851.4183
42000000	110000000	594.3998
43000000	110000000	740.53613
44000000	110000000	601.0737
45000000	110000000	431.3908
46000000	110000000	398.1688
47000000	110000000	252.07336
48000000	110000000	284.55713
49000000	110000000	263.27734
50000000	110000000	491.09958
51000000	110000000	669.0068
52000000	110000000	335.22986
53000000	110000000	585.5302
54000000	110000000	1440.3174
55000000	110000000	1216.7001
56000000	110000000	1048.0271
57000000	110000000	613.53876
58000000	110000000	786.52527
59000000	110000000	1184.7878
60000000	110000000	1703.0496
61000000	110000000	1501.2872
62000000	110000000	2013.2708
63000000	110000000	2004.7612
64000000	110000000	2052.9727
65000000	110000000	2390.6543
66000000	110000000	1761.704
67000000	110000000	1846.2004
68000000	110000000	2489.9734
69000000	110000000	1854.407
70000000	110000000	2685.6099
71000000	110000000	1812.2649
72000000	110000000	1085.2787
73000000	110000000	2283.969
74000000	110000000	3297.45
75000000	110000000	2818.1426
76000000	110000000	3279.5632
77000000	110000000	3193.998
78000000	110000000	2932.94
79000000	110000000	3214.8762
80000000	110000000	3651.7043
81000000	110000000	2532.8591
82000000	110000000	2797.5205
83000000	110000000	3149.5186
84000000	110000000	3870.7188
85000000	110000000	3627.6055
86000000	110000000	4242.283
87000000	110000000	3847.256
88000000	110000000	3619.7131
89000000	110000000	4378.8003
90000000	110000000	3625.9055
93000000	110000000	6321.8896
94000000	110000000	7655.067
95000000	110000000	6890.8594
96000000	110000000	8855.91
97000000	110000000	7191.1294
98000000	110000000	5540.292
99000000	110000000	6256.6514
100000000	110000000	6766.3545
101000000	110000000	5617.5444
102000000	110000000	10851.948
103000000	110000000	12952.315
104000000	110000000	11543.186
105000000	110000000	6519.7188
106000000	110000000	13758.049
107000000	110000000	16640.275
108000000	110000000	43917.35
109000000	110000000	139492.55
110000000	110000000	506404.06
0	111000000	1152.9545
1000000	111000000	719.51025
2000000	111000000	825.2995
3000000	111000000	906.9758
4000000	111000000	1029.6401
5000000	111000000	874.98694
6000000	111000000	779.7791
7000000	111000000	675.67914
8000000	111000000	894.19836
9000000	111000000	749.5259
10000000	111000000	629.3048
11000000	111000000	814.2059
12000000	111000000	806.32117
13000000	111000000	686.9474
14000000	111000000	688.72
15000000	111000000	907.1713
16000000	111000000	1135.0266
17000000	111000000	1200.3746
18000000	111000000	998.9719
19000000	111000000	824.2287
20000000	111000000	826.3626
21000000	111000000	698.5114
22000000	111000000	749.62006
23000000	111000000	1198.3828
24000000	111000000	896.6964
25000000	111000000	952.1984
26000000	111000000	814.33685
27000000	111000000	1103.5522
28000000	111000000	1017.58484
29000000	111000000	1152.0719
30000000	111000000	989.4763
31000000	111000000	1109.1848
32000000	111000000	1122.1029
33000000	111000000	1195.192
34000000	111000000	1041.1588
35000000	111000000	910.88403
36000000	111000000	1188.0096
37000000	111000000	1223.2089
38000000	111000000	1085.9645
39000000	111000000	1123.3475
40000000	111000000	1006.91675
41000000	111000000	977.2846
42000000	111000000	1048.7091
43000000	111000000	997.0548
44000000	111000000	989.09576
45000000	111000000	890.5577
46000000	111000000	815.39026
47000000	111000000	575.85
48000000	111000000	514.8594
49000000	111000000	520.65717
50000000	111000000	686.0514
51000000	111000000	810.3026
52000000	111000000	757.118
53000000	111000000	1140.2084
54000000	111000000	1021.42114
55000000	111000000	1218.4731
56000000	111000000	1305.7151
57000000	111000000	1242.9071
58000000	111000000	1431.7986
59000000	111000000	1653.0338
60000000	111000000	1612.2183
61000000	111000000	1878.7128
62000000	111000000	1660.736
63000000	111000000	1698.045
64000000	111000000	1618.4635
65000000	111000000	1565.0565
66000000	111000000	1992.6177
67000000	111000000	2054.154
68000000	111000000	1616.1864
69000000	111000000	2219.159
70000000	111000000	1817.4388
71000000	111000000	1935.8606
72000000	111000000	2217.6763
73000000	111000000	2100.956
74000000	111000000	1729.5442
75000000	111000000	1967.9788
76000000	111000000	2118.0037
77000000	111000000	1910.4705
78000000	111000000	2182.7107
79000000	111000000	2309.3845
80000000	111000000	2110.4375
81000000	111000000	2809.219
82000000	111000000	2247.2903
83000000	111000000	2108.2925
84000000	111000000	2271.6248
85000000	111000000	2410.9475
86000000	111000000	2684.4363
87000000	111000000	3060.836
88000000	111000000	3065.9924
89000000	111000000	2637.7175
90000000	111000000	2163.331
93000000	111000000	6030.65
94000000	111000000	5381.641
95000000	111000000	5547.8564
96000000	111000000	5514.2583
97000000	111000000	6772.4087
98000000	111000000	7148.1206
99000000	111000000	7622.4116
100000000	111000000	7468.3516
101000000	111000000	8201.77
102000000	111000000	7700.669
103000000	111000000	7782.2373
104000000	111000000	8133.5566
105000000	111000000	9532.633
106000000	111000000	11076.165
107000000	111000000	21386.148
108000000	111000000	34215.04
109000000	111000000	50030.617
110000000	111000000	110083.23
111000000	111000000	462309.47
0	112000000	859.7195
1000000	112000000	369.16525
2000000	112000000	694.09576
3000000	112000000	599.5969
4000000	112000000	1227.5862
5000000	112000000	1119.5563
6000000	112000000	1023.8351
7000000	112000000	573.5563
8000000	112000000	954.61975
9000000	112000000	1352.414
10000000	112000000	1105.7451
11000000	112000000	1111.9375
12000000	112000000	1155.1635
13000000	112000000	1036.0652
14000000	112000000	1240.4927
15000000	112000000	1883.1086
16000000	112000000	1624.4579
17000000	112000000	1525.6206
18000000	112000000	684.5549
19000000	112000000	625.0654
20000000	112000000	665.52014
21000000	112000000	402.53506
22000000	112000000	451.3471
23000000	112000000	1478.1724
24000000	112000000	574.1393
25000000	112000000	746.7657
26000000	112000000	412.15573
27000000	112000000	1007.5777
28000000	112000000	1041.5583
29000000	112000000	1010.86316
30000000	112000000	810.4361
31000000	112000000	1518.2858
32000000	112000000	1680.0166
33000000	112000000	1630.0403
34000000	112000000	769.838
35000000	112000000	496.1699
36000000	112000000	899.3716
37000000	112000000	1580.1401
38000000	112000000	1511.44
39000000	112000000	1509.5548
40000000	112000000	1058.5658
41000000	112000000	1114.5823
42000000	112000000	1686.6912
43000000	112000000	1582.0675
44000000	112000000	1744.1438
45000000	112000000	1751.8157
46000000	112000000	1670.7078
47000000	112000000	1186.4207
48000000	112000000	1125.8153
49000000	112000000	1088.4882
50000000	112000000	1057.1735
51000000	112000000	1170.6074
52000000	112000000	1572.1351
53000000	112000000	1755.7512
54000000	112000000	949.7464
55000000	112000000	1192.2338
56000000	112000000	1698.8306
57000000	112000000	2247.9604
58000000	112000000	2283.5435
59000000	112000000	1890.6927
60000000	112000000	1431.234
61000000	112000000	1963.6741
62000000	112000000	1151.623
63000000	112000000	1443.038
64000000	112000000	1119.3539
65000000	112000000	1055.9742
66000000	112000000	1816.2382
67000000	112000000	1706.9473
68000000	112000000	894.3101
69000000	112000000	2037.6826
70000000	112000000	1114.9955
71000000	112000000	1720.2831
72000000	112000000	2905.6985
73000000	112000000	1652.7235
74000000	112000000	955.29956
75000000	112000000	1323.6489
76000000	112000000	1279.0676
77000000	112000000	1083.4519
78000000	112000000	1742.1774
79000000	112000000	1284.6102
80000000	112000000	1202.6095
81000000	112000000	2544.852
82000000	112000000	1893.1146
83000000	112000000	1208.8878
84000000	112000000	1246.9557
85000000	112000000	1412.5276
86000000	112000000	1452.1343
87000000	112000000	1925.125
88000000	112000000	2085.321
89000000	112000000	1509.2524
90000000	112000000	1429.4342
93000000	112000000	4181.0337
94000000	112000000	3159.984
95000000	112000000	3746.1323
96000000	112000000	2758.5654
97000000	112000000	4249.8955
98000000	112000000	6683.8945
99000000	112000000	6543.888
100000000	112000000	6254.8403
101000000	112000000	8031.163
102000000	112000000	3773.9397
103000000	112000000	3521.179
104000000	112000000	4571.9194
105000000	112000000	9865.193
106000000	112000000	7061.4824
107000000	112000000	14921.241
108000000	112000000	12987.449
109000000	112000000	9342.001
110000000	112000000	13510.432
111000000	112000000	125934.39
112000000	112000000	566635.8
0	113000000	997.9916
1000000	113000000	439.32355
2000000	113000000	711.6224
3000000	113000000	658.23663
4000000	113000000	1150.7228
5000000	113000000	933.48083
6000000	113000000	746.14386
7000000	113000000	565.4099
8000000	113000000	1031.6759
9000000	113000000	1551.2787
10000000	113000000	1158.5253
11000000	113000000	1355.6982
12000000	113000000	1385.2267
13000000	113000000	1142.2738
14000000	113000000	1281.6713
15000000	113000000	1811.1401
16000000	113000000	1571.9122
17000000	113000000	1416.4464
18000000	113000000	726.68243
19000000	113000000	637.6662
20000000	113000000	785.53125
21000000	113000000	474.66727
22000000	113000000	534.8469
23000000	113000000	1370.9249
24000000	113000000	613.8818
25000000	113000000	810.2234
26000000	113000000	442.6573
27000000	113000000	1034.464
28000000	113000000	887.3161
29000000	113000000	1012.3976
30000000	113000000	888.5244
31000000	113000000	1431.2937
32000000	113000000	1896.4795
33000000	113000000	1867.0863
34000000	113000000	849.15485
35000000	113000000	713.45245
36000000	113000000	1060.527
37000000	113000000	1977.7267
38000000	113000000	1723.4053
39000000	113000000	1649.5573
40000000	113000000	1179.2058
41000000	113000000	1282.5813
42000000	113000000	1867.4879
43000000	113000000	1735.3312
44000000	113000000	1841.9586
45000000	113000000	1864.5778
46000000	113000000	1554.5947
47000000	113000000	1267.0851
48000000	113000000	1176.7148
49000000	113000000	1145.6445
50000000	113000000	1250.1138
51000000	113000000	1376.544
52000000	113000000	1647.9988
53000000	113000000	1940.7229
54000000	113000000	1163.0491
55000000	113000000	1437.4803
56000000	113000000	2056.096
57000000	113000000	2658.777
58000000	113000000	2374.084
59000000	113000000	1831.973
60000000	113000000	1672.7338
61000000	113000000	1889.8846
62000000	113000000	1394.997
63000000	113000000	1654.5883
64000000	113000000	1334.5778
65000000	113000000	1177.5923
66000000	113000000	1967.1932
67000000	113000000	1901.5608
68000000	113000000	1086.2781
69000000	113000000	2266.3784
70000000	113000000	1345.6355
71000000	113000000	1991.1827
72000000	113000000	3005.683
73000000	113000000	1832.166
74000000	113000000	1115.413
75000000	113000000	1453.6986
76000000	113000000	1340.24
77000000	113000000	1281.9506
78000000	113000000	1689.074
79000000	113000000	1542.9167
80000000	113000000	1423.5641
81000000	113000000	2473.7441
82000000	113000000	1652.3079
83000000	113000000	1453.7327
84000000	113000000	1512.3846
85000000	113000000	1742.3535
86000000	113000000	1745.519
87000000	113000000	2184.334
88000000	113000000	2485.8787
89000000	113000000	1732.7561
90000000	113000000	1223.3071
93000000	113000000	4423.6255
94000000	113000000	3147.9773
95000000	113000000	3662.827
96000000	113000000	3183.7664
97000000	113000000	4622.9043
98000000	113000000	5500.8613
99000000	113000000	6804.058
100000000	113000000	6704.397
101000000	113000000	7363.541
102000000	113000000	4128.952
103000000	113000000	3732.904
104000000	113000000	4282.631
105000000	113000000	7051.1143
106000000	113000000	5953.023
107000000	113000000	12556.712
108000000	113000000	11397.001
109000000	113000000	7922.391
110000000	113000000	10948.6875
111000000	113000000	31201.314
112000000	113000000	118094.27
113000000	113000000	513496.2
0	114000000	1108.562
1000000	114000000	668.8874
2000000	114000000	890.9952
3000000	114000000	802.29877
4000000	114000000	987.9458
5000000	114000000	757.371
6000000	114000000	702.0068
7000000	114000000	593.45197
8000000	114000000	929.7881
9000000	114000000	946.57874
10000000	114000000	724.2468
11000000	114000000	1034.6915
12000000	114000000	983.4493
13000000	114000000	811.36707
14000000	114000000	821.1697
15000000	114000000	1113.6246
16000000	114000000	1260.3818
17000000	114000000	1318.8179
18000000	114000000	969.23804
19000000	114000000	905.83386
20000000	114000000	824.95685
21000000	114000000	667.9543
22000000	114000000	727.5198
23000000	114000000	1257.165
24000000	114000000	847.557
25000000	114000000	893.8693
26000000	114000000	672.6092
27000000	114000000	982.841
28000000	114000000	918.6218
29000000	114000000	1133.9108
30000000	114000000	1042.9569
31000000	114000000	1271.047
32000000	114000000	1408.1415
33000000	114000000	1440.3395
34000000	114000000	1110.5509
35000000	114000000	884.73413
36000000	114000000	1237.1943
37000000	114000000	1431.4788
38000000	114000000	1253.202
39000000	114000000	1346.5868
40000000	114000000	1068.8635
41000000	114000000	1187.6505
42000000	114000000	1248.6782
43000000	114000000	1216.6353
44000000	114000000	1199.5974
45000000	114000000	1124.7526
46000000	114000000	920.88715
47000000	114000000	672.3458
48000000	114000000	622.29846
49000000	114000000	607.92944
50000000	114000000	773.8006
51000000	114000000	947.16974
52000000	114000000	914.19763
53000000	114000000	1269.5697
54000000	114000000	1209.6151
55000000	114000000	1516.35
56000000	114000000	1636.5247
57000000	114000000	1644.5233
58000000	114000000	1720.7069
59000000	114000000	1643.8009
60000000	114000000	1649.4231
61000000	114000000	1871.0007
62000000	114000000	1627.5616
63000000	114000000	1808.8163
64000000	114000000	1412.6204
65000000	114000000	1494.7628
66000000	114000000	1972.4415
67000000	114000000	1922.2201
68000000	114000000	1527.4548
69000000	114000000	2236.547
70000000	114000000	1733.6592
71000000	114000000	2100.9675
72000000	114000000	2411.3613
73000000	114000000	2108.4646
74000000	114000000	1459.4432
75000000	114000000	1629.3165
76000000	114000000	1644.7661
77000000	114000000	1819.6621
78000000	114000000	2082.3716
79000000	114000000	1996.8209
80000000	114000000	2004.479
81000000	114000000	2758.6047
82000000	114000000	2209.0698
83000000	114000000	1899.7678
84000000	114000000	2002.6388
85000000	114000000	2372.2913
86000000	114000000	2483.9736
87000000	114000000	2796.4907
88000000	114000000	2758.5017
89000000	114000000	2135.6028
90000000	114000000	1657.8684
93000000	114000000	4912.687
94000000	114000000	4110.6416
95000000	114000000	4269.494
96000000	114000000	4127.888
97000000	114000000	5208.5415
98000000	114000000	5215.006
99000000	114000000	6120.4644
100000000	114000000	5671.074
101000000	114000000	6253.162
102000000	114000000	5341.511
103000000	114000000	5026.4756
104000000	114000000	5273.991
105000000	114000000	6180.681
106000000	114000000	6247.4697
107000000	114000000	10226.503
108000000	114000000	10820.028
109000000	114000000	9266.913
110000000	114000000	12059.982
111000000	114000000	18337.227
112000000	114000000	22891.193
113000000	114000000	103800.375
114000000	114000000	506811.6
0	115000000	1252.5902
1000000	115000000	954.425
2000000	115000000	923.5856
3000000	115000000	984.44904
4000000	115000000	803.387
5000000	115000000	640.43304
6000000	115000000	572.8919
7000000	115000000	698.47595
8000000	115000000	946.44135
9000000	115000000	691.46716
10000000	115000000	659.4225
11000000	115000000	887.9911
12000000	115000000	812.9567
13000000	115000000	673.1688
14000000	115000000	669.1892
15000000	115000000	629.7594
16000000	115000000	929.94507
17000000	115000000	940.1246
18000000	115000000	1197.5219
19000000	115000000	905.3048
20000000	115000000	891.2166
21000000	115000000	920.088
22000000	115000000	952.1573
23000000	115000000	969.2099
24000000	115000000	1040.998
25000000	115000000	992.99536
26000000	115000000	902.99274
27000000	115000000	958.5631
28000000	115000000	984.21796
29000000	115000000	1135.9459
30000000	115000000	1109.7616
31000000	115000000	966.0776
32000000	115000000	1080.5984
33000000	115000000	1047.9036
34000000	115000000	1138.8193
35000000	115000000	1200.566
36000000	115000000	1339.268
37000000	115000000	1177.3931
38000000	115000000	1093.4845
39000000	115000000	1196.8997
40000000	115000000	1081.5936
41000000	115000000	1036.7268
42000000	115000000	942.26965
43000000	115000000	1097.955
44000000	115000000	856.17163
45000000	115000000	794.78253
46000000	115000000	616.4458
47000000	115000000	395.5605
48000000	115000000	421.85574
49000000	115000000	387.18954
50000000	115000000	672.7996
51000000	115000000	856.79395
52000000	115000000	548.42377
53000000	115000000	939.5998
54000000	115000000	1624.3676
55000000	115000000	1509.9142
56000000	115000000	1452.674
57000000	115000000	1058.7225
58000000	115000000	1291.6168
59000000	115000000	1571.7069
60000000	115000000	1780.6492
61000000	115000000	1896.2174
62000000	115000000	2066.9724
63000000	115000000	1960.7773
64000000	115000000	1916.292
65000000	115000000	1915.9324
66000000	115000000	1947.326
67000000	115000000	2020.1907
68000000	115000000	2155.9736
69000000	115000000	2148.9812
70000000	115000000	2375.9778
71000000	115000000	2073.506
72000000	115000000	1671.15
73000000	115000000	2289.4805
74000000	115000000	2047.9274
75000000	115000000	2076.2996
76000000	115000000	2118.185
77000000	115000000	2246.7847
78000000	115000000	2391.2534
79000000	115000000	2625.1108
80000000	115000000	2689.281
81000000	115000000	2523.8591
82000000	115000000	2192.2402
83000000	115000000	2404.1785
84000000	115000000	2578.5605
85000000	115000000	2976.2463
86000000	115000000	3332.8606
87000000	115000000	3310.8545
88000000	115000000	3109.974
89000000	115000000	3127.9783
90000000	115000000	2282.588
93000000	115000000	5383.7974
94000000	115000000	5409.939
95000000	115000000	5116.5103
96000000	115000000	5839.8115
97000000	115000000	5700.991
98000000	115000000	4523.4644
99000000	115000000	5414.76
100000000	115000000	5185.35
101000000	115000000	4823.043
102000000	115000000	6699.6597
103000000	115000000	6832.9497
104000000	115000000	6068.939
105000000	115000000	4575.1523
106000000	115000000	6552.4565
107000000	115000000	8590.904
108000000	115000000	11175.238
109000000	115000000	12786.119
110000000	115000000	15674.406
111000000	115000000	15512.961
112000000	115000000	12458.916
113000000	115000000	30270.16
114000000	115000000	134275.3
115000000	115000000	460214.72
0	116000000	1163.2626
1000000	116000000	1166.3177
2000000	116000000	888.41174
3000000	116000000	917.54065
4000000	116000000	696.727
5000000	116000000	615.33374
6000000	116000000	644.4426
7000000	116000000	816.4114
8000000	116000000	879.4387
9000000	116000000	536.7526
10000000	116000000	587.7228
11000000	116000000	753.8113
12000000	116000000	697.91046
13000000	116000000	578.417
14000000	116000000	537.6181
15000000	116000000	495.54617
16000000	116000000	691.2008
17000000	116000000	755.9845
18000000	116000000	1140.2794
19000000	116000000	929.4355
20000000	116000000	888.4836
21000000	116000000	1071.8947
22000000	116000000	989.16205
23000000	116000000	694.32306
24000000	116000000	1015.9111
25000000	116000000	1007.45917
26000000	116000000	1013.7239
27000000	116000000	938.28156
28000000	116000000	904.2306
29000000	116000000	1025.6914
30000000	116000000	1093.8125
31000000	116000000	820.7377
32000000	116000000	768.4341
33000000	116000000	840.55994
34000000	116000000	1124.5555
35000000	116000000	1420.414
36000000	116000000	1286.7463
37000000	116000000	954.93726
38000000	116000000	903.68286
39000000	116000000	1020.72736
40000000	116000000	933.2981
41000000	116000000	959.5776
42000000	116000000	727.7705
43000000	116000000	920.1608
44000000	116000000	757.2759
45000000	116000000	621.87866
46000000	116000000	504.10095
47000000	116000000	330.1317
48000000	116000000	375.84753
49000000	116000000	359.91284
50000000	116000000	591.1143
51000000	116000000	764.9074
52000000	116000000	442.955
53000000	116000000	773.65906
54000000	116000000	1604.0963
55000000	116000000	1481.8566
56000000	116000000	1304.8362
57000000	116000000	823.3793
58000000	116000000	977.8598
59000000	116000000	1331.0548
60000000	116000000	1796.0055
61000000	116000000	1698.2607
62000000	116000000	2092.5723
63000000	116000000	1884.6216
64000000	116000000	1890.2157
65000000	116000000	2209.704
66000000	116000000	1762.8701
67000000	116000000	1751.7737
68000000	116000000	2238.3381
69000000	116000000	1904.7458
70000000	116000000	2488.3088
71000000	116000000	1873.29
72000000	116000000	1264.7306
73000000	116000000	2148.668
74000000	116000000	2481.1938
75000000	116000000	2056.3948
76000000	116000000	2301.6458
77000000	116000000	2535.4114
78000000	116000000	2498.2368
79000000	116000000	2711.329
80000000	116000000	2966.6384
81000000	116000000	2242.115
82000000	116000000	2237.3154
83000000	116000000	2668.64
84000000	116000000	2813.8699
85000000	116000000	3192.3435
86000000	116000000	3607.8486
87000000	116000000	3200.18
88000000	116000000	3145.6292
89000000	116000000	3382.8223
90000000	116000000	2483.7183
93000000	116000000	5124.8506
94000000	116000000	5728.145
95000000	116000000	5200.754
96000000	116000000	6251.0986
97000000	116000000	5403.7896
98000000	116000000	4052.823
99000000	116000000	4507.6133
100000000	116000000	4499.381
101000000	116000000	4081.5598
102000000	116000000	7039.25
103000000	116000000	7599.501
104000000	116000000	6124.8887
105000000	116000000	3943.0015
106000000	116000000	6459.5186
107000000	116000000	6902.965
108000000	116000000	9875.603
109000000	116000000	13062.251
110000000	116000000	14141.106
111000000	116000000	11187.392
112000000	116000000	7742.6865
113000000	116000000	12951.931
114000000	116000000	27609.152
115000000	116000000	113655.875
116000000	116000000	463825.5
0	117000000	1335.6577
1000000	117000000	1148.7825
2000000	117000000	928.9479
3000000	117000000	878.3137
4000000	117000000	604.2547
5000000	117000000	576.23486
6000000	117000000	664.6822
7000000	117000000	847.2073
8000000	117000000	830.0733
9000000	117000000	451.90985
10000000	117000000	543.1895
11000000	117000000	671.32385
12000000	117000000	623.15027
13000000	117000000	490.99576
14000000	117000000	507.90323
15000000	117000000	389.1536
16000000	117000000	603.68396
17000000	117000000	682.0921
18000000	117000000	1077.119
19000000	117000000	922.6886
20000000	117000000	872.45636
21000000	117000000	1011.21783
22000000	117000000	920.8282
23000000	117000000	627.59674
24000000	117000000	927.6708
25000000	117000000	893.1112
26000000	117000000	1044.9938
27000000	117000000	854.2371
28000000	117000000	940.14655
29000000	117000000	1038.2632
30000000	117000000	1072.0756
31000000	117000000	767.9401
32000000	117000000	763.2504
33000000	117000000	792.384
34000000	117000000	1190.6879
35000000	117000000	1436.4004
36000000	117000000	1323.7349
37000000	117000000	933.0554
38000000	117000000	835.16064
39000000	117000000	961.3729
40000000	117000000	1008.9883
41000000	117000000	937.13226
42000000	117000000	761.1572
43000000	117000000	921.4088
44000000	117000000	666.3134
45000000	117000000	605.6726
46000000	117000000	477.56442
47000000	117000000	333.05676
48000000	117000000	309.5594
49000000	117000000	290.35373
50000000	117000000	584.7521
51000000	117000000	727.064
52000000	117000000	401.56796
53000000	117000000	712.7855
54000000	117000000	1625.3312
55000000	117000000	1523.3394
56000000	117000000	1321.8586
57000000	117000000	822.93536
58000000	117000000	990.647
59000000	117000000	1298.8187
60000000	117000000	1591.1056
61000000	117000000	1488.6877
62000000	117000000	1974.414
63000000	117000000	1743.2915
64000000	117000000	1854.1978
65000000	117000000	2118.2153
66000000	117000000	1726.922
67000000	117000000	1736.0044
68000000	117000000	2230.4893
69000000	117000000	1929.5479
70000000	117000000	2363.132
71000000	117000000	1799.0237
72000000	117000000	1180.1595
73000000	117000000	2105.1226
74000000	117000000	2415.3127
75000000	117000000	2059.5989
76000000	117000000	2387.0093
77000000	117000000	2511.6104
78000000	117000000	2397.5332
79000000	117000000	2784.42
80000000	117000000	2902.5737
81000000	117000000	2325.1448
82000000	117000000	2277.507
83000000	117000000	2742.2817
84000000	117000000	3060.4004
85000000	117000000	3371.267
86000000	117000000	3740.8818
87000000	117000000	3334.1086
88000000	117000000	3084.1145
89000000	117000000	3329.8164
90000000	117000000	2822.34
93000000	117000000	5209.1616
94000000	117000000	5735.917
95000000	117000000	5278.637
96000000	117000000	6171.32
97000000	117000000	5229.4014
98000000	117000000	3777.736
99000000	117000000	4137.6914
100000000	117000000	4351.184
101000000	117000000	3705.6802
102000000	117000000	6548.9727
103000000	117000000	7030.4395
104000000	117000000	5876.9434
105000000	117000000	3756.6218
106000000	117000000	5917.0747
107000000	117000000	6170.426
108000000	117000000	8950.332
109000000	117000000	11850.813
110000000	117000000	12519.021
111000000	117000000	9779.309
112000000	117000000	6261.513
113000000	117000000	9614.868
114000000	117000000	17669.63
115000000	117000000	39358.117
116000000	117000000	156332.28
117000000	117000000	467829.03
0	118000000	1178.0061
1000000	118000000	801.8742
2000000	118000000	995.05676
3000000	118000000	850.17017
4000000	118000000	866.9988
5000000	118000000	774.11536
6000000	118000000	894.18384
7000000	118000000	763.5557
8000000	118000000	901.30023
9000000	118000000	698.8194
10000000	118000000	603.5806
11000000	118000000	817.461
12000000	118000000	755.5189
13000000	118000000	615.08057
14000000	118000000	649.38947
15000000	118000000	769.32947
16000000	118000000	766.5799
17000000	118000000	924.1115
18000000	118000000	901.6649
19000000	118000000	889.2773
20000000	118000000	871.2381
21000000	118000000	783.2329
22000000	118000000	678.86414
23000000	118000000	992.27954
24000000	118000000	804.8615
25000000	118000000	899.9304
26000000	118000000	791.9773
27000000	118000000	976.8944
28000000	118000000	1018.6921
29000000	118000000	1101.1588
30000000	118000000	964.0141
31000000	118000000	1213.8232
32000000	118000000	1150.4003
33000000	118000000	1189.2577
34000000	118000000	1194.6964
35000000	118000000	984.5883
36000000	118000000	1250.0792
37000000	118000000	1239.8325
38000000	118000000	1093.6511
39000000	118000000	1207.4724
40000000	118000000	1046.2368
41000000	118000000	1030.547
42000000	118000000	1029.8367
43000000	118000000	1158.3302
44000000	118000000	993.35785
45000000	118000000	819.09814
46000000	118000000	704.339
47000000	118000000	537.677
48000000	118000000	497.54025
49000000	118000000	495.73938
50000000	118000000	675.3838
51000000	118000000	853.8232
52000000	118000000	656.31866
53000000	118000000	1131.0632
54000000	118000000	1279.8256
55000000	118000000	1412.0546
56000000	118000000	1414.1041
57000000	118000000	1203.1293
58000000	118000000	1375.1682
59000000	118000000	1471.9172
60000000	118000000	1440.1277
61000000	118000000	1633.3112
62000000	118000000	1485.982
63000000	118000000	1639.615
64000000	118000000	1547.9515
65000000	118000000	1498.8549
66000000	118000000	1933.0831
67000000	118000000	1817.5085
68000000	118000000	1494.2651
69000000	118000000	2136.2869
70000000	118000000	1735.1842
71000000	118000000	1939.059
72000000	118000000	1958.4257
73000000	118000000	2096.2673
74000000	118000000	1657.3547
75000000	118000000	2000.1914
76000000	118000000	1965.1927
77000000	118000000	1908.304
78000000	118000000	1975.0726
79000000	118000000	2079.2234
80000000	118000000	2045.7142
81000000	118000000	2758.9202
82000000	118000000	2250.239
83000000	118000000	1995.0969
84000000	118000000	2252.6045
85000000	118000000	2410.2559
86000000	118000000	2536.4421
87000000	118000000	2994.0737
88000000	118000000	2880.9504
89000000	118000000	2682.654
90000000	118000000	2295.871
93000000	118000000	5163.263
94000000	118000000	4512.4624
95000000	118000000	4735.143
96000000	118000000	4459.276
97000000	118000000	4916.3677
98000000	118000000	4645.4653
99000000	118000000	4907.478
100000000	118000000	4751.0513
101000000	118000000	5384.4224
102000000	118000000	4952.1743
103000000	118000000	4786.079
104000000	118000000	4967.589
105000000	118000000	5371.96
106000000	118000000	5648.3394
107000000	118000000	7403.658
108000000	118000000	8177.3394
109000000	118000000	7587.3916
110000000	118000000	7974.882
111000000	118000000	9864.757
112000000	118000000	8832.405
113000000	118000000	12099.2
114000000	118000000	16641.107
115000000	118000000	24500.092
116000000	118000000	47752.92
117000000	118000000	134744.02
118000000	118000000	477769.47
0	119000000	1062.2644
1000000	119000000	464.17606
2000000	119000000	797.193
3000000	119000000	695.8013
4000000	119000000	1180.831
5000000	119000000	1043.2197
6000000	119000000	886.33276
7000000	119000000	491.05777
8000000	119000000	850.4044
9000000	119000000	1243.7195
10000000	119000000	985.5441
11000000	119000000	996.02795
12000000	119000000	1133.906
13000000	119000000	931.9272
14000000	119000000	1064.5618
15000000	119000000	1606.3555
16000000	119000000	1278.1201
17000000	119000000	1243.498
18000000	119000000	656.65247
19000000	119000000	663.73444
20000000	119000000	827.165
21000000	119000000	433.37717
22000000	119000000	465.0457
23000000	119000000	1387.8892
24000000	119000000	567.76434
25000000	119000000	762.3689
26000000	119000000	452.30374
27000000	119000000	1002.0064
28000000	119000000	927.7448
29000000	119000000	1005.19086
30000000	119000000	693.07886
31000000	119000000	1357.0598
32000000	119000000	1451.219
33000000	119000000	1657.4788
34000000	119000000	824.1224
35000000	119000000	566.61414
36000000	119000000	925.1992
37000000	119000000	1588.5554
38000000	119000000	1424.6307
39000000	119000000	1570.3912
40000000	119000000	1026.8818
41000000	119000000	1036.329
42000000	119000000	1613.4362
43000000	119000000	1276.9768
44000000	119000000	1557.0477
45000000	119000000	1501.8019
46000000	119000000	1256.579
47000000	119000000	1245.5327
48000000	119000000	1210.731
49000000	119000000	1138.7191
50000000	119000000	1104.9263
51000000	119000000	1174.0454
52000000	119000000	1675.6769
53000000	119000000	1713.2905
54000000	119000000	798.0259
55000000	119000000	1179.1309
56000000	119000000	1576.8346
57000000	119000000	2146.6125
58000000	119000000	1968.2427
59000000	119000000	1425.3712
60000000	119000000	1038.3578
61000000	119000000	1498.9783
62000000	119000000	979.09796
63000000	119000000	1339.8425
64000000	119000000	1061.1791
65000000	119000000	866.86053
66000000	119000000	1595.9502
67000000	119000000	1485.2843
68000000	119000000	801.4942
69000000	119000000	1989.2092
70000000	119000000	903.40704
71000000	119000000	1410.7592
72000000	119000000	2699.0273
73000000	119000000	1529.6292
74000000	119000000	910.49506
75000000	119000000	1278.1595
76000000	119000000	1209.6362
77000000	119000000	1050.1348
78000000	119000000	1520.4172
79000000	119000000	1271.6809
80000000	119000000	1154.1887
81000000	119000000	2421.6968
82000000	119000000	1632.6255
83000000	119000000	1187.0194
84000000	119000000	1209.8352
85000000	119000000	1430.3506
86000000	119000000	1383.1503
87000000	119000000	1892.6675
88000000	119000000	2188.5627
89000000	119000000	1423.7379
90000000	119000000	1169.438
93000000	119000000	3843.4207
94000000	119000000	2672.7373
95000000	119000000	3220.5303
96000000	119000000	2300.3132
97000000	119000000	3577.0244
98000000	119000000	4962.5693
99000000	119000000	4813.562
100000000	119000000	4836.2607
101000000	119000000	6365.828
102000000	119000000	2788.5164
103000000	119000000	2609.0176
104000000	119000000	3168.893
105000000	119000000	5859.15
106000000	119000000	4167.629
107000000	119000000	7101.834
108000000	119000000	5673.8496
109000000	119000000	3312.4072
110000000	119000000	3826.0386
111000000	119000000	8178.514
112000000	119000000	10996.28
113000000	119000000	13207.294
114000000	119000000	12652.22
115000000	119000000	11454.936
116000000	119000000	14147.375
117000000	119000000	19776.375
118000000	119000000	104140.95
119000000	119000000	569845.5
0	120000000	1168.1327
1000000	120000000	944.86383
2000000	120000000	908.43915
3000000	120000000	917.57556
4000000	120000000	788.07996
5000000	120000000	732.6221
6000000	120000000	777.7727
7000000	120000000	831.14825
8000000	120000000	963.87646
9000000	120000000	883.58685
10000000	120000000	891.1189
11000000	120000000	1148.7897
12000000	120000000	1077.0905
13000000	120000000	948.57587
14000000	120000000	946.00256
15000000	120000000	786.19714
16000000	120000000	834.63684
17000000	120000000	823.3405
18000000	120000000	884.27716
19000000	120000000	862.224
20000000	120000000	925.7424
21000000	120000000	860.8944
22000000	120000000	776.79047
23000000	120000000	859.02655
24000000	120000000	934.5221
25000000	120000000	1013.4971
26000000	120000000	987.0845
27000000	120000000	1031.6128
28000000	120000000	1025.7347
29000000	120000000	1065.633
30000000	120000000	969.1671
31000000	120000000	1040.3392
32000000	120000000	1108.6793
33000000	120000000	1142.3684
34000000	120000000	1217.8405
35000000	120000000	1091.2432
36000000	120000000	1166.746
37000000	120000000	1328.7452
38000000	120000000	1359.3988
39000000	120000000	1377.956
40000000	120000000	1310.5969
41000000	120000000	1353.1759
42000000	120000000	1268.618
43000000	120000000	1552.6432
44000000	120000000	1347.6838
45000000	120000000	1085.7594
46000000	120000000	973.5569
47000000	120000000	589.4955
48000000	120000000	590.6075
49000000	120000000	614.2379
50000000	120000000	1010.8634
51000000	120000000	1326.1439
52000000	120000000	837.1077
53000000	120000000	1207.4374
54000000	120000000	1751.3652
55000000	120000000	1624.1321
56000000	120000000	1664.251
57000000	120000000	1329.384
58000000	120000000	1339.8807
59000000	120000000	1484.6311
60000000	120000000	1546.5798
61000000	120000000	1479.8187
62000000	120000000	1623.5875
63000000	120000000	1663.4293
64000000	120000000	1666.667
65000000	120000000	1581.4753
66000000	120000000	1724.8167
67000000	120000000	1811.9612
68000000	120000000	1733.6012
69000000	120000000	1946.9302
70000000	120000000	1840.3796
71000000	120000000	1661.6858
72000000	120000000	1527.4484
73000000	120000000	1911.8054
74000000	120000000	1905.8579
75000000	120000000	1995.0741
76000000	120000000	2126.4163
77000000	120000000	2076.0886
78000000	120000000	2109.2678
79000000	120000000	2201.4321
80000000	120000000	2409.2876
81000000	120000000	2389.114
82000000	120000000	2271.3677
83000000	120000000	2350.3044
84000000	120000000	2596.5474
85000000	120000000	2640.0557
86000000	120000000	2926.0388
87000000	120000000	3126.5574
88000000	120000000	3008.1067
89000000	120000000	2879.002
90000000	120000000	2385.3198
93000000	120000000	4846.452
94000000	120000000	4798.3115
95000000	120000000	4589.727
96000000	120000000	4898.7725
97000000	120000000	4728.415
98000000	120000000	4042.52
99000000	120000000	4428.0737
100000000	120000000	4877.0796
101000000	120000000	4424.0723
102000000	120000000	5396.536
103000000	120000000	5465.908
104000000	120000000	4829.4556
105000000	120000000	4085.5378
106000000	120000000	4946.901
107000000	120000000	5907.7334
108000000	120000000	6853.329
109000000	120000000	7522.6167
110000000	120000000	7546.756
111000000	120000000	7179.3984
112000000	120000000	6067.4673
113000000	120000000	8308.03
114000000	120000000	10257.978
115000000	120000000	14121.824
116000000	120000000	18850.965
117000000	120000000	24730.2
118000000	120000000	42189.605
119000000	120000000	118777.984
120000000	120000000	528568.2
0	121000000	916.38116
1000000	121000000	469.54105
2000000	121000000	741.224
3000000	121000000	669.1869
4000000	121000000	1133.9795
5000000	121000000	1017.907
6000000	121000000	1023.29694
7000000	121000000	573.1665
8000000	121000000	830.82385
9000000	121000000	1369.5311
10000000	121000000	1099.8881
11000000	121000000	1133.6084
12000000	121000000	1158.9227
13000000	121000000	1019.2602
14000000	121000000	1170.6327
15000000	121000000	1746.222
16000000	121000000	1186.3246
17000000	121000000	1165.4619
18000000	121000000	554.5331
19000000	121000000	646.3118
20000000	121000000	728.06366
21000000	121000000	426.88977
22000000	121000000	471.9917
23000000	121000000	1304.0968
24000000	121000000	552.14264
25000000	121000000	814.87476
26000000	121000000	520.4026
27000000	121000000	1093.4513
28000000	121000000	1055.4418
29000000	121000000	925.02045
30000000	121000000	684.49976
31000000	121000000	1215.2662
32000000	121000000	1479.3594
33000000	121000000	1601.4097
34000000	121000000	752.6177
35000000	121000000	573.04236
36000000	121000000	845.4643
37000000	121000000	1505.3964
38000000	121000000	1407.222
39000000	121000000	1564.7096
40000000	121000000	1071.5465
41000000	121000000	1115.8976
42000000	121000000	1706.0559
43000000	121000000	1461.4327
44000000	121000000	1770.926
45000000	121000000	1776.4153
46000000	121000000	1565.751
47000000	121000000	1502.0408
48000000	121000000	1339.8823
49000000	121000000	1350.2146
50000000	121000000	1228.4216
51000000	121000000	1226.6333
52000000	121000000	1768.7395
53000000	121000000	1791.4902
54000000	121000000	914.3331
55000000	121000000	1129.0481
56000000	121000000	1609.4431
57000000	121000000	2158.752
58000000	121000000	1900.7928
59000000	121000000	1454.9247
60000000	121000000	1058.0156
61000000	121000000	1433.5992
62000000	121000000	1005.67505
63000000	121000000	1222.0553
64000000	121000000	940.44806
65000000	121000000	789.1067
66000000	121000000	1442.3921
67000000	121000000	1456.9661
68000000	121000000	840.2832
69000000	121000000	1856.7263
70000000	121000000	920.0396
71000000	121000000	1363.7177
72000000	121000000	2452.4531
73000000	121000000	1332.2076
74000000	121000000	860.09033
75000000	121000000	1183.4796
76000000	121000000	1117.5906
77000000	121000000	950.9425
78000000	121000000	1475.8813
79000000	121000000	1202.8123
80000000	121000000	1120.3829
81000000	121000000	2313.0007
82000000	121000000	1582.2747
83000000	121000000	1180.1982
84000000	121000000	1217.6826
85000000	121000000	1354.1521
86000000	121000000	1378.3575
87000000	121000000	1705.797
88000000	121000000	1890.9518
89000000	121000000	1344.017
90000000	121000000	1050.1343
93000000	121000000	3131.8953
94000000	121000000	2362.5657
95000000	121000000	2738.3452
96000000	121000000	2132.5728
97000000	121000000	3085.3687
98000000	121000000	4155.33
99000000	121000000	4376.979
100000000	121000000	4296.9062
101000000	121000000	5384.962
102000000	121000000	2556.9146
103000000	121000000	2371.2122
104000000	121000000	2808.2407
105000000	121000000	5225.378
106000000	121000000	3720.8887
107000000	121000000	5626.466
108000000	121000000	4504.0215
109000000	121000000	2818.5818
110000000	121000000	3127.153
111000000	121000000	5418.552
112000000	121000000	8128.357
113000000	121000000	8888.825
114000000	121000000	7712.182
115000000	121000000	6657.1895
116000000	121000000	6945.3066
117000000	121000000	7634.378
118000000	121000000	13405.016
119000000	121000000	31512.512
120000000	121000000	61350.03
121000000	121000000	590462.5
0	122000000	613.8851
1000000	122000000	284.99216
2000000	122000000	459.07404
3000000	122000000	471.42157
4000000	122000000	1034.6963
5000000	122000000	829.2723
6000000	122000000	670.57556
7000000	122000000	448.8844
8000000	122000000	897.67316
9000000	122000000	1791.2742
10000000	122000000	1722.2859
11000000	122000000	1685.3405
12000000	122000000	1814.7166
13000000	122000000	1601.875
14000000	122000000	1846.1484
15000000	122000000	2205.558
16000000	122000000	1420.2682
17000000	122000000	1115.3562
18000000	122000000	438.20532
19000000	122000000	455.4992
20000000	122000000	555.13855
21000000	122000000	283.04578
22000000	122000000	337.69513
23000000	122000000	1169.8386
24000000	122000000	418.59808
25000000	122000000	556.1901
26000000	122000000	325.58603
27000000	122000000	798.08466
28000000	122000000	744.4876
29000000	122000000	751.2584
30000000	122000000	563.16425
31000000	122000000	1152.4418
32000000	122000000	1614.257
33000000	122000000	1525.3125
34000000	122000000	575.0262
35000000	122000000	437.2836
36000000	122000000	703.5856
37000000	122000000	1789.9094
38000000	122000000	1911.5916
39000000	122000000	1803.819
40000000	122000000	1221.8607
41000000	122000000	1242.6232
42000000	122000000	2118.7332
43000000	122000000	2010.5583
44000000	122000000	2375.3362
45000000	122000000	2509.616
46000000	122000000	2193.9749
47000000	122000000	1969.9242
48000000	122000000	1863.0779
49000000	122000000	1765.3702
50000000	122000000	1695.5636
51000000	122000000	1822.6598
52000000	122000000	2476.4973
53000000	122000000	2219.866
54000000	122000000	1204.8073
55000000	122000000	1328.2638
56000000	122000000	1952.0184
57000000	122000000	2818.3887
58000000	122000000	2372.6416
59000000	122000000	1505.8398
60000000	122000000	1098.7343
61000000	122000000	1372.8622
62000000	122000000	1000.4596
63000000	122000000	1144.2618
64000000	122000000	885.5133
65000000	122000000	730.30365
66000000	122000000	1360.9039
67000000	122000000	1265.2935
68000000	122000000	716.0054
69000000	122000000	1583.4426
70000000	122000000	775.6978
71000000	122000000	1200.3561
72000000	122000000	2448.921
73000000	122000000	1150.3563
74000000	122000000	545.2886
75000000	122000000	779.6021
76000000	122000000	637.5554
77000000	122000000	576.5096
78000000	122000000	908.3095
79000000	122000000	778.93207
80000000	122000000	667.2157
81000000	122000000	1436.575
82000000	122000000	935.18616
83000000	122000000	665.5212
84000000	122000000	710.8026
85000000	122000000	797.33356
86000000	122000000	807.0122
87000000	122000000	1132.4426
88000000	122000000	1160.6094
89000000	122000000	787.63666
90000000	122000000	714.4779
93000000	122000000	1905.4293
94000000	122000000	1384.6848
95000000	122000000	1536.0524
96000000	122000000	1212.2167
97000000	122000000	2024.9882
98000000	122000000	3070.1633
99000000	122000000	3415.0312
100000000	122000000	3395.5437
101000000	122000000	3891.595
102000000	122000000	1623.6663
103000000	122000000	1491.6122
104000000	122000000	1754.1926
105000000	122000000	3703.4111
106000000	122000000	2557.9502
107000000	122000000	4678.185
108000000	122000000	3170.598
109000000	122000000	1691.8057
110000000	122000000	1954.6996
111000000	122000000	4171.03
112000000	122000000	7468.281
113000000	122000000	8681.652
114000000	122000000	6225.68
115000000	122000000	4608.042
116000000	122000000	4333.4316
117000000	122000000	4376.8438
118000000	122000000	7888.244
119000000	122000000	19305.05
120000000	122000000	19928.926
121000000	122000000	171698.67
122000000	122000000	582517.44
0	123000000	562.578
1000000	123000000	367.50797
2000000	123000000	494.38303
3000000	123000000	578.51056
4000000	123000000	755.99176
5000000	123000000	598.69604
6000000	123000000	487.50385
7000000	123000000	553.0135
8000000	123000000	1150.789
9000000	123000000	1979.495
10000000	123000000	2710.1738
11000000	123000000	2960.0095
12000000	123000000	2653.5032
13000000	123000000	2741.3716
14000000	123000000	2561.9531
15000000	123000000	1642.1857
16000000	123000000	1523.4165
17000000	123000000	1052.6368
18000000	123000000	689.429
19000000	123000000	422.09924
20000000	123000000	488.58203
21000000	123000000	406.48553
22000000	123000000	463.916
23000000	123000000	779.9663
24000000	123000000	577.2679
25000000	123000000	584.6869
26000000	123000000	457.44238
27000000	123000000	613.02405
28000000	123000000	623.54865
29000000	123000000	745.35645
30000000	123000000	830.2617
31000000	123000000	1141.5455
32000000	123000000	1593.2283
33000000	123000000	1248.8447
34000000	123000000	693.3932
35000000	123000000	665.35626
36000000	123000000	942.729
37000000	123000000	2206.7275
38000000	123000000	2544.2476
39000000	123000000	2195.1208
40000000	123000000	2082.48
41000000	123000000	2069.513
42000000	123000000	2535.057
43000000	123000000	3310.2283
44000000	123000000	2868.9602
45000000	123000000	2861.2576
46000000	123000000	2478.1501
47000000	123000000	1319.194
48000000	123000000	1370.8174
49000000	123000000	1339.8077
50000000	123000000	2179.6687
51000000	123000000	2668.215
52000000	123000000	1903.27
53000000	123000000	2450.3958
54000000	123000000	2967.6475
55000000	123000000	2613.7888
56000000	123000000	2704.3713
57000000	123000000	2563.6045
58000000	123000000	2246.6067
59000000	123000000	1857.0681
60000000	123000000	1876.5569
61000000	123000000	1775.1191
62000000	123000000	1722.1085
63000000	123000000	1670.3374
64000000	123000000	1478.9873
65000000	123000000	1366.3273
66000000	123000000	1682.3622
67000000	123000000	1569.7758
68000000	123000000	1327.9928
69000000	123000000	1658.845
70000000	123000000	1220.791
71000000	123000000	1615.344
72000000	123000000	1871.4465
73000000	123000000	1506.8131
74000000	123000000	923.8081
75000000	123000000	984.2759
76000000	123000000	772.5926
77000000	123000000	912.29596
78000000	123000000	1007.7738
79000000	123000000	949.8417
80000000	123000000	864.30963
81000000	123000000	1117.4745
82000000	123000000	896.5648
83000000	123000000	930.1698
84000000	123000000	919.991
85000000	123000000	1070.4532
86000000	123000000	1145.7396
87000000	123000000	1365.6246
88000000	123000000	1284.0232
89000000	123000000	1050.7754
90000000	123000000	898.32916
93000000	123000000	2121.7063
94000000	123000000	1778.5277
95000000	123000000	1656.7136
96000000	123000000	1717.3593
97000000	123000000	2256.8188
98000000	123000000	2241.6392
99000000	123000000	3106.1265
100000000	123000000	3242.8303
101000000	123000000	2461.8088
102000000	123000000	2235.0137
103000000	123000000	2108.6174
104000000	123000000	1940.6035
105000000	123000000	2272.0188
106000000	123000000	2412.6797
107000000	123000000	3784.8228
108000000	123000000	3420.3997
109000000	123000000	2706.683
110000000	123000000	3077.003
111000000	123000000	3859.54
112000000	123000000	5584.67
113000000	123000000	7428.4873
114000000	123000000	6129.204
115000000	123000000	6230.2925
116000000	123000000	6137.281
117000000	123000000	6438.324
118000000	123000000	8072.132
119000000	123000000	10418.487
120000000	123000000	17966.166
121000000	123000000	29681.016
122000000	123000000	96848.28
123000000	123000000	521195.78
0	124000000	547.4758
1000000	124000000	257.54807
2000000	124000000	379.5843
3000000	124000000	413.76834
4000000	124000000	821.4808
5000000	124000000	673.76447
6000000	124000000	533.9943
7000000	124000000	425.78638
8000000	124000000	863.523
9000000	124000000	1878.2651
10000000	124000000	2071.8062
11000000	124000000	2201.9287
12000000	124000000	2249.8538
13000000	124000000	2165.5452
14000000	124000000	2118.7751
15000000	124000000	2097.45
16000000	124000000	1532.6
17000000	124000000	1079.8087
18000000	124000000	483.0782
19000000	124000000	363.96332
20000000	124000000	412.5503
21000000	124000000	315.98563
22000000	124000000	343.48172
23000000	124000000	959.5602
24000000	124000000	479.3272
25000000	124000000	473.74188
26000000	124000000	301.9709
27000000	124000000	578.4089
28000000	124000000	605.1764
29000000	124000000	675.5344
30000000	124000000	613.2085
31000000	124000000	983.5687
32000000	124000000	1525.0963
33000000	124000000	1319.8326
34000000	124000000	506.56943
35000000	124000000	454.71112
36000000	124000000	726.2847
37000000	124000000	1764.6407
38000000	124000000	1991.3751
39000000	124000000	1904.7584
40000000	124000000	1541.7618
41000000	124000000	1540.3616
42000000	124000000	2318.2688
43000000	124000000	2520.9524
44000000	124000000	2679.2126
45000000	124000000	3046.1167
46000000	124000000	2739.6406
47000000	124000000	2162.7588
48000000	124000000	1994.3201
49000000	124000000	1886.3362
50000000	124000000	2184.1453
51000000	124000000	2317.2615
52000000	124000000	2483.9644
53000000	124000000	2582.1077
54000000	124000000	1766.5332
55000000	124000000	1882.4408
56000000	124000000	2331.831
57000000	124000000	2650.7546
58000000	124000000	2270.5703
59000000	124000000	1612.452
60000000	124000000	1335.3367
61000000	124000000	1585.8507
62000000	124000000	1195.4988
63000000	124000000	1145.3418
64000000	124000000	955.37714
65000000	124000000	848.7511
66000000	124000000	1309.3146
67000000	124000000	1225.7206
68000000	124000000	842.26654
69000000	124000000	1369.1097
70000000	124000000	871.6613
71000000	124000000	1173.7839
72000000	124000000	2057.9067
73000000	124000000	1112.2716
74000000	124000000	562.6437
75000000	124000000	653.67944
76000000	124000000	522.66754
77000000	124000000	566.94904
78000000	124000000	785.44366
79000000	124000000	718.21375
80000000	124000000	622.58435
81000000	124000000	1069.3369
82000000	124000000	727.31885
83000000	124000000	585.6525
84000000	124000000	558.73254
85000000	124000000	674.4055
86000000	124000000	723.7051
87000000	124000000	960.85284
88000000	124000000	911.7635
89000000	124000000	692.23016
90000000	124000000	541.66345
93000000	124000000	1491.1556
94000000	124000000	1197.7783
95000000	124000000	1196.4241
96000000	124000000	1142.9673
97000000	124000000	1646.4846
98000000	124000000	2191.702
99000000	124000000	2786.7498
100000000	124000000	2661.3936
101000000	124000000	2585.9973
102000000	124000000	1472.2891
103000000	124000000	1393.4331
104000000	124000000	1532.115
105000000	124000000	2415.715
106000000	124000000	2048.6492
107000000	124000000	3420.4365
108000000	124000000	2623.1755
109000000	124000000	1678.8512
110000000	124000000	1930.2134
111000000	124000000	3300.2698
112000000	124000000	5357.7114
113000000	124000000	6398.32
114000000	124000000	4899.0957
115000000	124000000	4067.4485
116000000	124000000	3660.9355
117000000	124000000	3753.2424
118000000	124000000	5405.6016
119000000	124000000	8551.25
120000000	124000000	9064.303
121000000	124000000	13591.331
122000000	124000000	25991.453
123000000	124000000	115119.48
124000000	124000000	558391.9
0	125000000	497.01044
1000000	125000000	257.22147
2000000	125000000	376.23022
3000000	125000000	419.26932
4000000	125000000	744.9753
5000000	125000000	619.2963
6000000	125000000	533.3222
7000000	125000000	452.673
8000000	125000000	855.82874
9000000	125000000	1891.6602
10000000	125000000	2475.0935
11000000	125000000	2683.2812
12000000	125000000	2455.4539
13000000	125000000	2661.1052
14000000	125000000	2496.9785
15000000	125000000	1919.1177
16000000	125000000	1274.754
17000000	125000000	957.23193
18000000	125000000	472.9593
19000000	125000000	382.66217
20000000	125000000	419.74152
21000000	125000000	296.04507
22000000	125000000	337.50632
23000000	125000000	793.9562
24000000	125000000	375.8032
25000000	125000000	440.81815
26000000	125000000	330.24933
27000000	125000000	535.80145
28000000	125000000	534.1942
29000000	125000000	610.05615
30000000	125000000	563.92346
31000000	125000000	940.9227
32000000	125000000	1308.8292
33000000	125000000	1248.2252
34000000	125000000	506.7648
35000000	125000000	430.86472
36000000	125000000	772.32166
37000000	125000000	1752.7905
38000000	125000000	2371.5386
39000000	125000000	1993.5277
40000000	125000000	1816.4268
41000000	125000000	1744.6909
42000000	125000000	2445.2158
43000000	125000000	2857.2568
44000000	125000000	3071.9868
45000000	125000000	2950.8877
46000000	125000000	2763.3523
47000000	125000000	2108.6746
48000000	125000000	2116.3552
49000000	125000000	2038.6555
50000000	125000000	2614.8726
51000000	125000000	3023.0989
52000000	125000000	2583.6418
53000000	125000000	2566.332
54000000	125000000	2383.6848
55000000	125000000	2207.5881
56000000	125000000	2390.5334
57000000	125000000	2466.948
58000000	125000000	2043.053
59000000	125000000	1425.2148
60000000	125000000	1294.8397
61000000	125000000	1370.449
62000000	125000000	1159.2906
63000000	125000000	1257.8188
64000000	125000000	1008.3635
65000000	125000000	913.46576
66000000	125000000	1233.5402
67000000	125000000	1102.5854
68000000	125000000	886.7472
69000000	125000000	1268.1232
70000000	125000000	921.9802
71000000	125000000	1119.1505
72000000	125000000	1642.0322
73000000	125000000	1044.2965
74000000	125000000	639.78595
75000000	125000000	828.38403
76000000	125000000	656.83484
77000000	125000000	629.5175
78000000	125000000	735.3291
79000000	125000000	677.802
80000000	125000000	657.45044
81000000	125000000	986.714
82000000	125000000	691.7738
83000000	125000000	587.8401
84000000	125000000	628.5046
85000000	125000000	694.96027
86000000	125000000	720.95636
87000000	125000000	916.1673
88000000	125000000	982.3851
89000000	125000000	845.6655
90000000	125000000	807.4385
93000000	125000000	1750.6305
94000000	125000000	1185.2938
95000000	125000000	1213.7793
96000000	125000000	1219.1246
97000000	125000000	1610.0929
98000000	125000000	2096.423
99000000	125000000	2491.9846
100000000	125000000	2611.4604
101000000	125000000	2278.3643
102000000	125000000	1481.6931
103000000	125000000	1363.755
104000000	125000000	1516.9241
105000000	125000000	2120.8027
106000000	125000000	1925.4125
107000000	125000000	2968.077
108000000	125000000	2441.4414
109000000	125000000	1776.1132
110000000	125000000	2017.0859
111000000	125000000	2848.8271
112000000	125000000	4823.075
113000000	125000000	5708.143
114000000	125000000	3929.2502
115000000	125000000	3694.9734
116000000	125000000	3433.9492
117000000	125000000	3614.3228
118000000	125000000	4754.9644
119000000	125000000	7070.8696
120000000	125000000	7931.615
121000000	125000000	10336.452
122000000	125000000	16913.045
123000000	125000000	39007.793
124000000	125000000	178679.4
125000000	125000000	515874.0
0	126000000	459.8158
1000000	126000000	286.87433
2000000	126000000	353.38535
3000000	126000000	417.73047
4000000	126000000	618.9749
5000000	126000000	492.43408
6000000	126000000	386.62234
7000000	126000000	485.76328
8000000	126000000	935.06244
9000000	126000000	1838.535
10000000	126000000	3022.2117
11000000	126000000	3045.2344
12000000	126000000	2719.529
13000000	126000000	3323.0083
14000000	126000000	2745.0024
15000000	126000000	1480.3708
16000000	126000000	1186.9539
17000000	126000000	789.8831
18000000	126000000	495.14407
19000000	126000000	314.02515
20000000	126000000	351.36276
21000000	126000000	307.9164
22000000	126000000	357.68298
23000000	126000000	557.19165
24000000	126000000	445.0299
25000000	126000000	438.1529
26000000	126000000	393.88882
27000000	126000000	458.97266
28000000	126000000	483.95117
29000000	126000000	536.18317
30000000	126000000	628.1365
31000000	126000000	835.91833
32000000	126000000	1228.6937
33000000	126000000	979.1318
34000000	126000000	570.35675
35000000	126000000	488.91614
36000000	126000000	780.23016
37000000	126000000	1952.2524
38000000	126000000	2536.617
39000000	126000000	2070.7417
40000000	126000000	1957.6504
41000000	126000000	2001.0836
42000000	126000000	2426.3855
43000000	126000000	3145.626
44000000	126000000	2712.202
45000000	126000000	2867.3137
46000000	126000000	2822.2285
47000000	126000000	1591.6685
48000000	126000000	1656.0267
49000000	126000000	1786.8231
50000000	126000000	2898.807
51000000	126000000	3430.513
52000000	126000000	2250.3884
53000000	126000000	2718.2988
54000000	126000000	3315.227
55000000	126000000	2679.9136
56000000	126000000	2472.1243
57000000	126000000	2075.3235
58000000	126000000	1965.4219
59000000	126000000	1505.1637
60000000	126000000	1354.5748
61000000	126000000	1374.3346
62000000	126000000	1345.9539
63000000	126000000	1319.9967
64000000	126000000	1183.8586
65000000	126000000	1115.8809
66000000	126000000	1308.3325
67000000	126000000	1200.2013
68000000	126000000	1080.3182
69000000	126000000	1264.2365
70000000	126000000	994.93646
71000000	126000000	1166.7467
72000000	126000000	1419.6079
73000000	126000000	1168.2726
74000000	126000000	745.5906
75000000	126000000	827.3543
76000000	126000000	706.9897
77000000	126000000	666.40814
78000000	126000000	764.7409
79000000	126000000	657.62213
80000000	126000000	721.2102
81000000	126000000	862.40216
82000000	126000000	695.1773
83000000	126000000	631.3138
84000000	126000000	639.29895
85000000	126000000	740.2344
86000000	126000000	856.22595
87000000	126000000	970.86536
88000000	126000000	970.6135
89000000	126000000	892.83875
90000000	126000000	747.67224
93000000	126000000	1467.5598
94000000	126000000	1286.9976
95000000	126000000	1185.1198
96000000	126000000	1305.6787
97000000	126000000	1596.604
98000000	126000000	1685.0131
99000000	126000000	2080.0261
100000000	126000000	2189.752
101000000	126000000	1790.2925
102000000	126000000	1638.7476
103000000	126000000	1362.7592
104000000	126000000	1430.3435
105000000	126000000	1657.7314
106000000	126000000	1705.8527
107000000	126000000	2540.884
108000000	126000000	2324.2715
109000000	126000000	1943.2125
110000000	126000000	2213.8906
111000000	126000000	2832.649
112000000	126000000	3654.2754
113000000	126000000	4457.1206
114000000	126000000	3558.5635
115000000	126000000	3823.546
116000000	126000000	3755.4326
117000000	126000000	3721.7761
118000000	126000000	4378.7607
119000000	126000000	4729.9663
120000000	126000000	7103.0156
121000000	126000000	6322.2354
122000000	126000000	11619.422
123000000	126000000	29500.42
124000000	126000000	28076.307
125000000	126000000	114806.74
126000000	126000000	540589.6
0	127000000	497.67688
1000000	127000000	224.49681
2000000	127000000	409.0515
3000000	127000000	420.67285
4000000	127000000	703.8017
5000000	127000000	564.06085
6000000	127000000	464.42743
7000000	127000000	433.74393
8000000	127000000	843.35736
9000000	127000000	1970.9509
10000000	127000000	2521.0706
11000000	127000000	2453.19
12000000	127000000	2462.6755
13000000	127000000	2715.7036
14000000	127000000	2519.2493
15000000	127000000	1787.816
16000000	127000000	1160.9934
17000000	127000000	796.00854
18000000	127000000	467.097
19000000	127000000	347.22827
20000000	127000000	404.33484
21000000	127000000	268.6114
22000000	127000000	281.32944
23000000	127000000	718.2496
24000000	127000000	429.7635
25000000	127000000	446.26056
26000000	127000000	317.51727
27000000	127000000	517.23035
28000000	127000000	561.48083
29000000	127000000	544.4357
30000000	127000000	581.1841
31000000	127000000	904.46844
32000000	127000000	1320.7438
33000000	127000000	1207.6914
34000000	127000000	517.02576
35000000	127000000	453.90897
36000000	127000000	689.7496
37000000	127000000	1727.4589
38000000	127000000	2208.4536
39000000	127000000	2012.9822
40000000	127000000	1761.2253
41000000	127000000	1680.8005
42000000	127000000	2429.0918
43000000	127000000	2703.5178
44000000	127000000	2808.2888
45000000	127000000	2926.4658
46000000	127000000	2845.4465
47000000	127000000	2125.2734
48000000	127000000	2200.472
49000000	127000000	2238.2412
50000000	127000000	2930.3154
51000000	127000000	3071.0151
52000000	127000000	2930.6116
53000000	127000000	2982.7344
54000000	127000000	2286.5342
55000000	127000000	2223.4976
56000000	127000000	2259.0771
57000000	127000000	2484.7947
58000000	127000000	2046.5608
59000000	127000000	1393.5995
60000000	127000000	1151.5729
61000000	127000000	1287.2618
62000000	127000000	1086.5182
63000000	127000000	1163.0785
64000000	127000000	985.2253
65000000	127000000	873.98944
66000000	127000000	1213.6313
67000000	127000000	1157.5454
68000000	127000000	868.0889
69000000	127000000	1356.3597
70000000	127000000	852.4932
71000000	127000000	1176.7329
72000000	127000000	1728.192
73000000	127000000	1016.5368
74000000	127000000	556.41614
75000000	127000000	680.6203
76000000	127000000	542.017
77000000	127000000	546.1514
78000000	127000000	681.5568
79000000	127000000	612.9228
80000000	127000000	560.5593
81000000	127000000	833.27277
82000000	127000000	620.2847
83000000	127000000	553.8106
84000000	127000000	600.6373
85000000	127000000	620.9164
86000000	127000000	720.22235
87000000	127000000	889.9863
88000000	127000000	933.7474
89000000	127000000	675.1571
90000000	127000000	613.2961
93000000	127000000	1419.705
94000000	127000000	1146.3505
95000000	127000000	1079.8331
96000000	127000000	1016.09796
97000000	127000000	1520.7338
98000000	127000000	1947.7157
99000000	127000000	2244.1997
100000000	127000000	2248.727
101000000	127000000	2193.7515
102000000	127000000	1295.7482
103000000	127000000	1187.5984
104000000	127000000	1277.1523
105000000	127000000	1836.9895
106000000	127000000	1531.9757
107000000	127000000	2695.5295
108000000	127000000	2162.7542
109000000	127000000	1462.7112
110000000	127000000	1660.7797
111000000	127000000	2636.5403
112000000	127000000	4177.553
113000000	127000000	4983.5986
114000000	127000000	3462.6458
115000000	127000000	3192.9348
116000000	127000000	2898.934
117000000	127000000	2832.7683
118000000	127000000	3479.821
119000000	127000000	5201.505
120000000	127000000	5378.1333
121000000	127000000	6506.155
122000000	127000000	11444.646
123000000	127000000	20556.973
124000000	127000000	21502.975
125000000	127000000	46714.125
126000000	127000000	168202.03
127000000	127000000	545385.7
0	128000000	491.01538
1000000	128000000	239.9869
2000000	128000000	349.42166
3000000	128000000	372.9663
4000000	128000000	763.18256
5000000	128000000	607.5767
6000000	128000000	425.70438
7000000	128000000	404.7948
8000000	128000000	860.30725
9000000	128000000	2341.5044
10000000	128000000	2630.9958
11000000	128000000	2244.426
12000000	128000000	2447.3442
13000000	128000000	2509.901
14000000	128000000	2627.0334
15000000	128000000	2157.692
16000000	128000000	1212.3325
17000000	128000000	794.4341
18000000	128000000	434.12582
19000000	128000000	351.29224
20000000	128000000	379.11475
21000000	128000000	229.6343
22000000	128000000	280.5101
23000000	128000000	818.6317
24000000	128000000	387.4687
25000000	128000000	436.38113
26000000	128000000	289.27774
27000000	128000000	517.98224
28000000	128000000	513.7168
29000000	128000000	504.28024
30000000	128000000	483.07004
31000000	128000000	880.6105
32000000	128000000	1451.0583
33000000	128000000	1342.5792
34000000	128000000	469.64224
35000000	128000000	397.05316
36000000	128000000	668.4673
37000000	128000000	1806.0884
38000000	128000000	2217.3083
39000000	128000000	1961.9282
40000000	128000000	1532.6251
41000000	128000000	1561.7026
42000000	128000000	2419.5227
43000000	128000000	2490.9958
44000000	128000000	2904.9482
45000000	128000000	3290.5547
46000000	128000000	3209.8652
47000000	128000000	3018.3042
48000000	128000000	3238.865
49000000	128000000	3360.6206
50000000	128000000	3251.4065
51000000	128000000	3281.2056
52000000	128000000	3902.786
53000000	128000000	3220.6301
54000000	128000000	1793.7793
55000000	128000000	1710.2332
56000000	128000000	2123.3735
57000000	128000000	2800.966
58000000	128000000	2180.777
59000000	128000000	1226.8363
60000000	128000000	1030.015
61000000	128000000	1166.0516
62000000	128000000	920.85095
63000000	128000000	978.4821
64000000	128000000	770.3267
65000000	128000000	720.8543
66000000	128000000	1040.9585
67000000	128000000	990.1466
68000000	128000000	689.5376
69000000	128000000	1164.2014
70000000	128000000	676.80786
71000000	128000000	1003.2872
72000000	128000000	1744.2445
73000000	128000000	929.7419
74000000	128000000	425.67484
75000000	128000000	615.4516
76000000	128000000	494.40607
77000000	128000000	456.17245
78000000	128000000	643.3347
79000000	128000000	519.37476
80000000	128000000	465.87198
81000000	128000000	769.29517
82000000	128000000	565.85913
83000000	128000000	487.61444
84000000	128000000	465.36288
85000000	128000000	568.7235
86000000	128000000	617.85516
87000000	128000000	752.4347
88000000	128000000	756.6287
89000000	128000000	603.62085
90000000	128000000	445.00873
93000000	128000000	1192.0818
94000000	128000000	921.4316
95000000	128000000	940.4142
96000000	128000000	909.98865
97000000	128000000	1259.6337
98000000	128000000	1720.1378
99000000	128000000	2222.0188
100000000	128000000	2290.2725
101000000	128000000	2122.6396
102000000	128000000	1176.6171
103000000	128000000	1047.3794
104000000	128000000	1087.3798
105000000	128000000	1732.8878
106000000	128000000	1452.8147
107000000	128000000	2618.2598
108000000	128000000	1992.8032
109000000	128000000	1231.0621
110000000	128000000	1385.4089
111000000	128000000	2466.5952
112000000	128000000	4141.892
113000000	128000000	5151.1035
114000000	128000000	3190.9463
115000000	128000000	2717.6382
116000000	128000000	2454.566
117000000	128000000	2333.588
118000000	128000000	3013.3428
119000000	128000000	5185.217
120000000	128000000	4512.787
121000000	128000000	6431.3203
122000000	128000000	11355.289
123000000	128000000	16259.463
124000000	128000000	16825.031
125000000	128000000	26017.43
126000000	128000000	41590.355
127000000	128000000	123302.47
128000000	128000000	601685.9
0	129000000	631.6502
1000000	129000000	332.3101
2000000	129000000	430.99042
3000000	129000000	489.22403
4000000	129000000	918.41644
5000000	129000000	671.07544
6000000	129000000	515.8102
7000000	129000000	434.02316
8000000	129000000	918.36096
9000000	129000000	2015.2059
10000000	129000000	1908.6411
11000000	129000000	1956.338
12000000	129000000	2161.399
13000000	129000000	2030.3645
14000000	129000000	2150.7913
15000000	129000000	1882.361
16000000	129000000	1330.6505
17000000	129000000	1120.3882
18000000	129000000	504.85754
19000000	129000000	452.09915
20000000	129000000	494.88184
21000000	129000000	332.91748
22000000	129000000	406.18573
23000000	129000000	999.1358
24000000	129000000	497.2742
25000000	129000000	590.43286
26000000	129000000	293.99573
27000000	129000000	620.63116
28000000	129000000	608.0369
29000000	129000000	633.97327
30000000	129000000	620.68427
31000000	129000000	985.90717
32000000	129000000	1429.3845
33000000	129000000	1376.2109
34000000	129000000	545.30225
35000000	129000000	459.76477
36000000	129000000	762.9777
37000000	129000000	1751.3118
38000000	129000000	2045.2671
39000000	129000000	1927.2756
40000000	129000000	1477.6632
41000000	129000000	1487.3912
42000000	129000000	2300.0112
43000000	129000000	2299.8018
44000000	129000000	2523.5117
45000000	129000000	2663.761
46000000	129000000	2567.9827
47000000	129000000	2173.1265
48000000	129000000	2247.3591
49000000	129000000	2227.105
50000000	129000000	2509.5276
51000000	129000000	2587.8667
52000000	129000000	2914.0872
53000000	129000000	2676.7114
54000000	129000000	1569.639
55000000	129000000	1671.3163
56000000	129000000	2002.1556
57000000	129000000	2557.3896
58000000	129000000	2065.5918
59000000	129000000	1349.7189
60000000	129000000	1104.5992
61000000	129000000	1205.7815
62000000	129000000	998.48584
63000000	129000000	1066.858
64000000	129000000	913.6768
65000000	129000000	773.08746
66000000	129000000	1157.3538
67000000	129000000	1096.482
68000000	129000000	735.1561
69000000	129000000	1264.1686
70000000	129000000	734.03674
71000000	129000000	1108.445
72000000	129000000	1842.4492
73000000	129000000	1070.476
74000000	129000000	656.20807
75000000	129000000	1479.9222
76000000	129000000	652.09595
77000000	129000000	585.5733
78000000	129000000	793.9047
79000000	129000000	743.1118
80000000	129000000	627.992
81000000	129000000	1086.2767
82000000	129000000	779.1498
83000000	129000000	665.7203
84000000	129000000	653.28046
85000000	129000000	752.8212
86000000	129000000	762.32825
87000000	129000000	972.1915
88000000	129000000	1027.6978
89000000	129000000	773.985
90000000	129000000	571.6042
93000000	129000000	1716.4355
94000000	129000000	1248.6688
95000000	129000000	1288.0815
96000000	129000000	1201.7379
97000000	129000000	1764.835
98000000	129000000	2204.9875
99000000	129000000	2806.6782
100000000	129000000	2600.7573
101000000	129000000	2502.4758
102000000	129000000	1404.6847
103000000	129000000	1317.8241
104000000	129000000	1385.4999
105000000	129000000	2301.09
106000000	129000000	1845.449
107000000	129000000	3328.6643
108000000	129000000	2393.178
109000000	129000000	1524.499
110000000	129000000	1814.3235
111000000	129000000	3074.036
112000000	129000000	4605.0405
113000000	129000000	5679.6
114000000	129000000	3881.4666
115000000	129000000	3111.748
116000000	129000000	2812.386
117000000	129000000	2756.6606
118000000	129000000	3772.873
119000000	129000000	5718.774
120000000	129000000	5027.0293
121000000	129000000	6344.638
122000000	129000000	9385.76
123000000	129000000	11924.23
124000000	129000000	12095.731
125000000	129000000	16294.396
126000000	129000000	20179.139
127000000	129000000	29891.75
128000000	129000000	121257.5
129000000	129000000	620693.3
0	130000000	844.9182
1000000	130000000	594.83185
2000000	130000000	673.68494
3000000	130000000	703.3798
4000000	130000000	825.3681
5000000	130000000	753.5902
6000000	130000000	673.26196
7000000	130000000	660.48706
8000000	130000000	989.3666
9000000	130000000	1350.505
10000000	130000000	1605.2712
11000000	130000000	1891.6287
12000000	130000000	1877.5991
13000000	130000000	1670.3033
14000000	130000000	1532.4071
15000000	130000000	1315.2358
16000000	130000000	1147.4569
17000000	130000000	984.1548
18000000	130000000	808.1278
19000000	130000000	603.9608
20000000	130000000	712.948
21000000	130000000	572.74384
22000000	130000000	643.72644
23000000	130000000	898.84186
24000000	130000000	730.53986
25000000	130000000	755.9171
26000000	130000000	632.3707
27000000	130000000	750.3781
28000000	130000000	742.6513
29000000	130000000	859.37036
30000000	130000000	778.1035
31000000	130000000	963.3759
32000000	130000000	1269.8187
33000000	130000000	1162.7007
34000000	130000000	836.49603
35000000	130000000	803.67114
36000000	130000000	1039.7877
37000000	130000000	1628.0352
38000000	130000000	1858.7505
39000000	130000000	1832.0544
40000000	130000000	1693.4446
41000000	130000000	1760.959
42000000	130000000	1904.843
43000000	130000000	2298.4072
44000000	130000000	2162.6375
45000000	130000000	1994.9365
46000000	130000000	1771.9551
47000000	130000000	1127.241
48000000	130000000	1059.447
49000000	130000000	1132.9407
50000000	130000000	1714.8221
51000000	130000000	2131.4172
52000000	130000000	1432.449
53000000	130000000	1943.6283
54000000	130000000	2365.8928
55000000	130000000	2151.7334
56000000	130000000	2256.17
57000000	130000000	1835.5168
58000000	130000000	1715.1692
59000000	130000000	1505.9657
60000000	130000000	1538.3253
61000000	130000000	1527.3206
62000000	130000000	1359.4609
63000000	130000000	1514.3723
64000000	130000000	1225.0496
65000000	130000000	1154.5007
66000000	130000000	1420.6702
67000000	130000000	1405.6337
68000000	130000000	1223.9387
69000000	130000000	1496.5509
70000000	130000000	1192.596
71000000	130000000	1314.6885
72000000	130000000	1483.3351
73000000	130000000	1317.2797
74000000	130000000	1014.61066
75000000	130000000	1240.5477
76000000	130000000	1150.445
77000000	130000000	1110.8153
78000000	130000000	1240.6278
79000000	130000000	1237.1503
80000000	130000000	1303.3423
81000000	130000000	1480.5367
82000000	130000000	1230.4199
83000000	130000000	1198.2758
84000000	130000000	1286.5037
85000000	130000000	1382.3292
86000000	130000000	1547.1737
87000000	130000000	1758.4397
88000000	130000000	1732.9562
89000000	130000000	1550.2505
90000000	130000000	1251.98
93000000	130000000	2823.3489
94000000	130000000	2345.6077
95000000	130000000	2131.354
96000000	130000000	2328.7087
97000000	130000000	2590.6226
98000000	130000000	2647.0513
99000000	130000000	2946.5923
100000000	130000000	3077.4849
101000000	130000000	2910.0396
102000000	130000000	2551.5657
103000000	130000000	2387.7107
104000000	130000000	2305.514
105000000	130000000	2556.5842
106000000	130000000	2593.5327
107000000	130000000	3552.3743
108000000	130000000	3414.8926
109000000	130000000	3010.7183
110000000	130000000	3295.0657
111000000	130000000	3834.65
112000000	130000000	4344.504
113000000	130000000	5092.5293
114000000	130000000	4575.4883
115000000	130000000	4618.8857
116000000	130000000	4458.018
117000000	130000000	4506.313
118000000	130000000	5156.47
119000000	130000000	5224.746
120000000	130000000	6844.564
121000000	130000000	5752.2363
122000000	130000000	6621.614
123000000	130000000	10684.698
124000000	130000000	8928.643
125000000	130000000	11765.488
126000000	130000000	14090.787
127000000	130000000	15024.589
128000000	130000000	20241.668
129000000	130000000	76744.44
130000000	130000000	523085.8
0	131000000	859.9143
1000000	131000000	640.1225
2000000	131000000	710.2352
3000000	131000000	719.06396
4000000	131000000	742.70074
5000000	131000000	624.82935
6000000	131000000	622.40985
7000000	131000000	733.3728
8000000	131000000	1035.7155
9000000	131000000	1189.7102
10000000	131000000	1462.7579
11000000	131000000	1713.9192
12000000	131000000	1677.3022
13000000	131000000	1449.6437
14000000	131000000	1379.1062
15000000	131000000	1062.2589
16000000	131000000	1139.1045
17000000	131000000	938.7622
18000000	131000000	810.9357
19000000	131000000	720.2033
20000000	131000000	681.9569
21000000	131000000	607.6886
22000000	131000000	614.8861
23000000	131000000	789.9985
24000000	131000000	733.68427
25000000	131000000	710.38367
26000000	131000000	663.8887
27000000	131000000	713.45776
28000000	131000000	765.8663
29000000	131000000	865.5972
30000000	131000000	891.28864
31000000	131000000	963.6997
32000000	131000000	1125.454
33000000	131000000	1086.2452
34000000	131000000	853.16406
35000000	131000000	846.6685
36000000	131000000	1003.63776
37000000	131000000	1440.029
38000000	131000000	1740.0914
39000000	131000000	1820.976
40000000	131000000	1657.0374
41000000	131000000	1715.6262
42000000	131000000	1680.8333
43000000	131000000	2131.0823
44000000	131000000	1858.1985
45000000	131000000	1626.3092
46000000	131000000	1489.1555
47000000	131000000	878.1036
48000000	131000000	816.014
49000000	131000000	852.5185
50000000	131000000	1472.1967
51000000	131000000	1940.2411
52000000	131000000	1171.9734
53000000	131000000	1765.1672
54000000	131000000	2307.4375
55000000	131000000	2061.6838
56000000	131000000	2032.943
57000000	131000000	1625.8785
58000000	131000000	1569.7035
59000000	131000000	1587.7786
60000000	131000000	1553.3549
61000000	131000000	1549.0133
62000000	131000000	1504.2928
63000000	131000000	1489.7948
64000000	131000000	1275.3334
65000000	131000000	1306.0947
66000000	131000000	1411.2386
67000000	131000000	1373.2999
68000000	131000000	1352.314
69000000	131000000	1408.306
70000000	131000000	1296.6687
71000000	131000000	1289.4122
72000000	131000000	1313.2286
73000000	131000000	1290.0314
74000000	131000000	1149.7081
75000000	131000000	1168.4862
76000000	131000000	1167.4501
77000000	131000000	1265.3176
78000000	131000000	1292.0035
79000000	131000000	1266.7473
80000000	131000000	1326.8602
81000000	131000000	1485.681
82000000	131000000	1228.8077
83000000	131000000	1248.3955
84000000	131000000	1409.8457
85000000	131000000	1426.5376
86000000	131000000	1609.8779
87000000	131000000	1727.8406
88000000	131000000	1675.6881
89000000	131000000	1705.4104
90000000	131000000	1389.3083
93000000	131000000	2878.688
94000000	131000000	2579.564
95000000	131000000	2288.6213
96000000	131000000	2497.9045
97000000	131000000	2673.0063
98000000	131000000	2452.8513
99000000	131000000	2921.3972
100000000	131000000	2911.0762
101000000	131000000	2546.746
102000000	131000000	2600.31
103000000	131000000	2583.4592
104000000	131000000	2365.2385
105000000	131000000	2193.2888
106000000	131000000	2653.7263
107000000	131000000	3336.5098
108000000	131000000	3591.1877
109000000	131000000	3449.826
110000000	131000000	3664.1326
111000000	131000000	3773.7769
112000000	131000000	3656.3066
113000000	131000000	4614.383
114000000	131000000	4372.01
115000000	131000000	4893.742
116000000	131000000	4851.447
117000000	131000000	4964.136
118000000	131000000	5228.8716
119000000	131000000	4292.1143
120000000	131000000	6787.3433
121000000	131000000	4776.688
122000000	131000000	5298.7656
123000000	131000000	9771.724
124000000	131000000	7498.582
125000000	131000000	9497.109
126000000	131000000	11398.187
127000000	131000000	11029.758
128000000	131000000	12850.702
129000000	131000000	28098.096
130000000	131000000	152760.95
131000000	131000000	535033.2
0	132000000	717.9662
1000000	132000000	535.0849
2000000	132000000	594.8227
3000000	132000000	683.74585
4000000	132000000	753.0362
5000000	132000000	650.02924
6000000	132000000	535.02106
7000000	132000000	601.23505
8000000	132000000	953.4073
9000000	132000000	1392.923
10000000	132000000	1562.1293
11000000	132000000	1860.1907
12000000	132000000	1773.5621
13000000	132000000	1600.125
14000000	132000000	1533.0046
15000000	132000000	1270.248
16000000	132000000	1231.976
17000000	132000000	964.0013
18000000	132000000	778.4126
19000000	132000000	602.0461
20000000	132000000	684.8462
21000000	132000000	532.3956
22000000	132000000	552.56116
23000000	132000000	833.45935
24000000	132000000	663.36316
25000000	132000000	760.2899
26000000	132000000	573.96375
27000000	132000000	710.0006
28000000	132000000	684.84
29000000	132000000	761.41595
30000000	132000000	815.85406
31000000	132000000	923.43146
32000000	132000000	1241.6465
33000000	132000000	1196.0267
34000000	132000000	825.5564
35000000	132000000	720.6369
36000000	132000000	1018.2768
37000000	132000000	1683.5162
38000000	132000000	1823.1501
39000000	132000000	1855.1198
40000000	132000000	1574.1216
41000000	132000000	1657.2957
42000000	132000000	1783.4071
43000000	132000000	2059.5251
44000000	132000000	1908.0708
45000000	132000000	1868.066
46000000	132000000	1517.5199
47000000	132000000	1102.0428
48000000	132000000	1057.3247
49000000	132000000	1056.4307
50000000	132000000	1618.3949
51000000	132000000	1948.2391
52000000	132000000	1448.9219
53000000	132000000	1814.656
54000000	132000000	2196.6055
55000000	132000000	2008.058
56000000	132000000	2077.616
57000000	132000000	1874.7954
58000000	132000000	1627.5428
59000000	132000000	1463.7537
60000000	132000000	1446.154
61000000	132000000	1395.8597
62000000	132000000	1365.4299
63000000	132000000	1427.7524
64000000	132000000	1252.1477
65000000	132000000	1127.8129
66000000	132000000	1414.8333
67000000	132000000	1315.445
68000000	132000000	1152.8071
69000000	132000000	1500.8298
70000000	132000000	1121.3525
71000000	132000000	1290.1965
72000000	132000000	1454.4829
73000000	132000000	1282.4883
74000000	132000000	911.2887
75000000	132000000	1025.6462
76000000	132000000	1023.64453
77000000	132000000	996.28955
78000000	132000000	1111.4313
79000000	132000000	1202.5665
80000000	132000000	1168.3971
81000000	132000000	1408.3489
82000000	132000000	1174.2924
83000000	132000000	1085.4175
84000000	132000000	1185.5876
85000000	132000000	1278.32
86000000	132000000	1433.6993
87000000	132000000	1620.7826
88000000	132000000	1655.2886
89000000	132000000	1430.9355
90000000	132000000	1115.7346
93000000	132000000	2709.549
94000000	132000000	2140.4653
95000000	132000000	2032.6962
96000000	132000000	2139.981
97000000	132000000	2537.4465
98000000	132000000	2443.6736
99000000	132000000	2840.8481
100000000	132000000	2868.5425
101000000	132000000	2678.2156
102000000	132000000	2353.8108
103000000	132000000	2252.2812
104000000	132000000	2235.6682
105000000	132000000	2251.3499
106000000	132000000	2345.622
107000000	132000000	3466.2942
108000000	132000000	3230.1497
109000000	132000000	2816.8481
110000000	132000000	3058.088
111000000	132000000	3504.2405
112000000	132000000	3872.36
113000000	132000000	4921.0605
114000000	132000000	4378.7046
115000000	132000000	4391.0093
116000000	132000000	4049.13
117000000	132000000	4044.7424
118000000	132000000	4643.2456
119000000	132000000	4574.1333
120000000	132000000	6021.9443
121000000	132000000	5049.3696
122000000	132000000	5871.637
123000000	132000000	8953.658
124000000	132000000	7263.9355
125000000	132000000	8872.684
126000000	132000000	9905.6875
127000000	132000000	10120.618
128000000	132000000	11760.958
129000000	132000000	19152.727
130000000	132000000	43981.29
131000000	132000000	90318.54
132000000	132000000	501605.56
0	133000000	713.6251
1000000	133000000	443.98145
2000000	133000000	571.11865
3000000	133000000	620.07983
4000000	133000000	908.823
5000000	133000000	700.6454
6000000	133000000	555.66144
7000000	133000000	506.21906
8000000	133000000	970.67285
9000000	133000000	1577.4197
10000000	133000000	1850.9137
11000000	133000000	1895.5613
12000000	133000000	1866.0444
13000000	133000000	1836.8026
14000000	133000000	1659.318
15000000	133000000	1456.4927
16000000	133000000	1377.8481
17000000	133000000	1014.9355
18000000	133000000	677.56726
19000000	133000000	540.2053
20000000	133000000	563.31915
21000000	133000000	437.96985
22000000	133000000	469.25363
23000000	133000000	977.52966
24000000	133000000	615.0033
25000000	133000000	671.5735
26000000	133000000	521.16656
27000000	133000000	734.62775
28000000	133000000	661.6368
29000000	133000000	728.8421
30000000	133000000	725.5099
31000000	133000000	1062.4269
32000000	133000000	1303.9817
33000000	133000000	1204.488
34000000	133000000	736.6424
35000000	133000000	640.6088
36000000	133000000	929.04987
37000000	133000000	1726.529
38000000	133000000	1951.712
39000000	133000000	1790.2089
40000000	133000000	1581.7134
41000000	133000000	1558.4369
42000000	133000000	1981.2551
43000000	133000000	2080.903
44000000	133000000	2018.2155
45000000	133000000	2003.278
46000000	133000000	1675.8835
47000000	133000000	1196.0166
48000000	133000000	1174.3215
49000000	133000000	1159.7526
50000000	133000000	1754.0317
51000000	133000000	2001.4675
52000000	133000000	1681.9333
53000000	133000000	2087.922
54000000	133000000	1979.8861
55000000	133000000	2024.2654
56000000	133000000	2145.0725
57000000	133000000	2023.9089
58000000	133000000	1801.0946
59000000	133000000	1451.5593
60000000	133000000	1448.0693
61000000	133000000	1418.4603
62000000	133000000	1308.1504
63000000	133000000	1401.5941
64000000	133000000	1216.8406
65000000	133000000	1147.2367
66000000	133000000	1446.943
67000000	133000000	1280.9104
68000000	133000000	1013.18005
69000000	133000000	1518.8103
70000000	133000000	1068.53
71000000	133000000	1281.048
72000000	133000000	1672.5135
73000000	133000000	1277.1335
74000000	133000000	828.7788
75000000	133000000	927.2738
76000000	133000000	881.473
77000000	133000000	861.4167
78000000	133000000	1084.2336
79000000	133000000	1035.5507
80000000	133000000	924.56775
81000000	133000000	1257.4404
82000000	133000000	950.95337
83000000	133000000	923.8015
84000000	133000000	959.89844
85000000	133000000	1085.5098
86000000	133000000	1149.5103
87000000	133000000	1419.3218
88000000	133000000	1473.4512
89000000	133000000	1177.5331
90000000	133000000	1046.947
93000000	133000000	2470.6736
94000000	133000000	1726.7665
95000000	133000000	1752.5088
96000000	133000000	1738.144
97000000	133000000	2160.5144
98000000	133000000	2518.0332
99000000	133000000	2737.112
100000000	133000000	2761.811
101000000	133000000	2747.2095
102000000	133000000	1786.9962
103000000	133000000	1728.8695
104000000	133000000	1754.7574
105000000	133000000	2300.3738
106000000	133000000	2115.538
107000000	133000000	3479.6987
108000000	133000000	3021.394
109000000	133000000	2266.3992
110000000	133000000	2609.016
111000000	133000000	3499.591
112000000	133000000	4186.819
113000000	133000000	4920.164
114000000	133000000	4160.8438
115000000	133000000	3971.9453
116000000	133000000	3535.3955
117000000	133000000	3463.058
118000000	133000000	4438.6377
119000000	133000000	4926.352
120000000	133000000	5304.1606
121000000	133000000	5068.427
122000000	133000000	6058.937
123000000	133000000	9050.2295
124000000	133000000	7350.9434
125000000	133000000	8686.867
126000000	133000000	9758.284
127000000	133000000	9819.163
128000000	133000000	11303.866
129000000	133000000	15206.448
130000000	133000000	22508.133
131000000	133000000	29994.527
132000000	133000000	160903.05
133000000	133000000	511029.94
0	134000000	813.35645
1000000	134000000	537.5908
2000000	134000000	629.0745
3000000	134000000	694.9752
4000000	134000000	796.8143
5000000	134000000	618.62213
6000000	134000000	554.63525
7000000	134000000	590.18365
8000000	134000000	1082.1365
9000000	134000000	1308.7472
10000000	134000000	1647.0935
11000000	134000000	1954.9043
12000000	134000000	1790.4114
13000000	134000000	1755.8462
14000000	134000000	1584.9854
15000000	134000000	1176.1697
16000000	134000000	1163.4482
17000000	134000000	971.4256
18000000	134000000	811.774
19000000	134000000	610.1796
20000000	134000000	630.5355
21000000	134000000	532.4779
22000000	134000000	567.25964
23000000	134000000	844.8068
24000000	134000000	702.16
25000000	134000000	737.9648
26000000	134000000	517.0093
27000000	134000000	716.1969
28000000	134000000	711.1598
29000000	134000000	823.94916
30000000	134000000	886.6745
31000000	134000000	1121.436
32000000	134000000	1321.2526
33000000	134000000	1164.7957
34000000	134000000	865.4113
35000000	134000000	714.4532
36000000	134000000	1090.2135
37000000	134000000	1770.3859
38000000	134000000	1910.5581
39000000	134000000	1886.2122
40000000	134000000	1708.8884
41000000	134000000	1706.7274
42000000	134000000	1825.7733
43000000	134000000	2112.5708
44000000	134000000	1808.3866
45000000	134000000	1652.3063
46000000	134000000	1462.4464
47000000	134000000	883.13336
48000000	134000000	864.41125
49000000	134000000	809.9136
50000000	134000000	1447.4487
51000000	134000000	1770.0477
52000000	134000000	1159.1985
53000000	134000000	1890.1195
54000000	134000000	2638.1504
55000000	134000000	2511.2942
56000000	134000000	2365.1536
57000000	134000000	1680.168
58000000	134000000	1764.5864
59000000	134000000	1718.6735
60000000	134000000	1683.1864
61000000	134000000	1703.5751
62000000	134000000	1745.0778
63000000	134000000	1630.0249
64000000	134000000	1526.1947
65000000	134000000	1389.7051
66000000	134000000	1676.993
67000000	134000000	1540.0477
68000000	134000000	1397.5431
69000000	134000000	1744.9939
70000000	134000000	1374.2957
71000000	134000000	1687.5094
72000000	134000000	1756.1471
73000000	134000000	1545.0565
74000000	134000000	979.1203
75000000	134000000	1133.8126
76000000	134000000	978.406
77000000	134000000	1039.1318
78000000	134000000	1196.7365
79000000	134000000	1180.0416
80000000	134000000	1155.692
81000000	134000000	1412.856
82000000	134000000	1082.317
83000000	134000000	1023.8265
84000000	134000000	1235.7968
85000000	134000000	1313.2606
86000000	134000000	1424.2136
87000000	134000000	1581.6708
88000000	134000000	1653.244
89000000	134000000	1485.8882
90000000	134000000	1212.6316
93000000	134000000	2821.4827
94000000	134000000	2098.9624
95000000	134000000	2026.4733
96000000	134000000	2086.4536
97000000	134000000	2376.0703
98000000	134000000	2360.6887
99000000	134000000	2790.0251
100000000	134000000	2781.7292
101000000	134000000	2593.942
102000000	134000000	2227.5498
103000000	134000000	2031.6506
104000000	134000000	1897.7848
105000000	134000000	2337.3835
106000000	134000000	2429.1133
107000000	134000000	3643.0215
108000000	134000000	3535.343
109000000	134000000	2650.652
110000000	134000000	3142.2705
111000000	134000000	3789.353
112000000	134000000	3863.9824
113000000	134000000	4788.799
114000000	134000000	4420.8706
115000000	134000000	4646.5127
116000000	134000000	4278.978
117000000	134000000	4214.024
118000000	134000000	4417.6543
119000000	134000000	4214.494
120000000	134000000	5445.306
121000000	134000000	4390.5728
122000000	134000000	5253.712
123000000	134000000	9282.317
124000000	134000000	7017.5854
125000000	134000000	7861.8486
126000000	134000000	9320.982
127000000	134000000	8164.487
128000000	134000000	8102.1074
129000000	134000000	10806.276
130000000	134000000	15629.974
131000000	134000000	18897.746
132000000	134000000	33849.36
133000000	134000000	90801.234
134000000	134000000	482980.88
0	135000000	785.19135
1000000	135000000	641.0549
2000000	135000000	572.48456
3000000	135000000	730.79254
4000000	135000000	611.48615
5000000	135000000	591.54175
6000000	135000000	526.623
7000000	135000000	615.5849
8000000	135000000	1010.57245
9000000	135000000	1117.1427
10000000	135000000	1537.7107
11000000	135000000	1723.3671
12000000	135000000	1500.9954
13000000	135000000	1433.0249
14000000	135000000	1319.1709
15000000	135000000	918.9729
16000000	135000000	936.44836
17000000	135000000	748.86273
18000000	135000000	766.8477
19000000	135000000	572.4745
20000000	135000000	594.3857
21000000	135000000	599.63025
22000000	135000000	556.35315
23000000	135000000	641.48285
24000000	135000000	680.80505
25000000	135000000	650.66406
26000000	135000000	652.5638
27000000	135000000	610.48804
28000000	135000000	675.1274
29000000	135000000	725.65247
30000000	135000000	862.039
31000000	135000000	851.4722
32000000	135000000	1043.1428
33000000	135000000	916.5563
34000000	135000000	841.3824
35000000	135000000	860.7985
36000000	135000000	1027.521
37000000	135000000	1461.7861
38000000	135000000	1674.4718
39000000	135000000	1590.2139
40000000	135000000	1523.3184
41000000	135000000	1580.3411
42000000	135000000	1371.9183
43000000	135000000	2010.0796
44000000	135000000	1557.3295
45000000	135000000	1327.7665
46000000	135000000	1158.1951
47000000	135000000	720.58264
48000000	135000000	686.88947
49000000	135000000	732.7963
50000000	135000000	1203.6648
51000000	135000000	1618.5004
52000000	135000000	855.40643
53000000	135000000	1457.8927
54000000	135000000	2842.657
55000000	135000000	2355.0305
56000000	135000000	2098.2808
57000000	135000000	1314.3983
58000000	135000000	1443.9326
59000000	135000000	1468.3435
60000000	135000000	1568.6404
61000000	135000000	1506.3513
62000000	135000000	1723.083
63000000	135000000	1542.2212
64000000	135000000	1515.8928
65000000	135000000	1609.1428
66000000	135000000	1372.3762
67000000	135000000	1350.8981
68000000	135000000	1497.9972
69000000	135000000	1495.9172
70000000	135000000	1408.9481
71000000	135000000	1375.9514
72000000	135000000	1232.135
73000000	135000000	1375.9703
74000000	135000000	1229.4231
75000000	135000000	1241.6885
76000000	135000000	1151.093
77000000	135000000	1267.4255
78000000	135000000	1302.249
79000000	135000000	1197.2675
80000000	135000000	1318.6484
81000000	135000000	1138.0549
82000000	135000000	1080.3198
83000000	135000000	1158.7401
84000000	135000000	1237.7847
85000000	135000000	1405.8722
86000000	135000000	1570.1351
87000000	135000000	1628.1149
88000000	135000000	1615.2366
89000000	135000000	1662.4739
90000000	135000000	1508.4667
93000000	135000000	2679.3218
94000000	135000000	2414.2373
95000000	135000000	2212.3953
96000000	135000000	2451.5085
97000000	135000000	2317.3513
98000000	135000000	2076.7092
99000000	135000000	2463.0051
100000000	135000000	2519.689
101000000	135000000	2081.7627
102000000	135000000	2354.4514
103000000	135000000	2380.8083
104000000	135000000	2087.826
105000000	135000000	1775.6913
106000000	135000000	2236.8787
107000000	135000000	2852.9326
108000000	135000000	3274.2012
109000000	135000000	3664.359
110000000	135000000	3611.9084
111000000	135000000	3356.4307
112000000	135000000	3111.66
113000000	135000000	3724.6821
114000000	135000000	3596.5793
115000000	135000000	4557.3916
116000000	135000000	4510.08
117000000	135000000	4386.7173
118000000	135000000	4017.9412
119000000	135000000	3310.8943
120000000	135000000	5319.85
121000000	135000000	3514.5618
122000000	135000000	4028.0342
123000000	135000000	8061.702
124000000	135000000	5410.9106
125000000	135000000	6708.0444
126000000	135000000	8141.6094
127000000	135000000	6343.6704
128000000	135000000	5987.1953
129000000	135000000	7631.2983
130000000	135000000	12944.499
131000000	135000000	15581.559
132000000	135000000	21476.797
133000000	135000000	33094.67
134000000	135000000	144556.69
135000000	135000000	444078.84
0	136000000	815.3181
1000000	136000000	386.4897
2000000	136000000	567.12305
3000000	136000000	587.16003
4000000	136000000	887.5315
5000000	136000000	869.08844
6000000	136000000	914.14374
7000000	136000000	569.40546
8000000	136000000	830.17017
9000000	136000000	1181.9106
10000000	136000000	1136.8743
11000000	136000000	1248.1104
12000000	136000000	1284.2747
13000000	136000000	1067.4565
14000000	136000000	1226.7377
15000000	136000000	1430.1783
16000000	136000000	1109.7506
17000000	136000000	1136.066
18000000	136000000	546.6146
19000000	136000000	547.5174
20000000	136000000	591.6888
21000000	136000000	382.85657
22000000	136000000	379.83487
23000000	136000000	1114.9363
24000000	136000000	465.7051
25000000	136000000	620.12335
26000000	136000000	402.8405
27000000	136000000	754.9747
28000000	136000000	795.2045
29000000	136000000	798.7252
30000000	136000000	605.85077
31000000	136000000	1104.1094
32000000	136000000	1236.2192
33000000	136000000	1349.6398
34000000	136000000	672.9324
35000000	136000000	541.4546
36000000	136000000	767.9853
37000000	136000000	1418.9231
38000000	136000000	1403.1947
39000000	136000000	1485.6223
40000000	136000000	1115.2258
41000000	136000000	1124.4452
42000000	136000000	1544.5957
43000000	136000000	1456.4237
44000000	136000000	1778.1262
45000000	136000000	1521.9004
46000000	136000000	1442.0009
47000000	136000000	1240.8241
48000000	136000000	1188.9233
49000000	136000000	1135.0326
50000000	136000000	1150.0209
51000000	136000000	1271.7351
52000000	136000000	1416.7245
53000000	136000000	1571.0125
54000000	136000000	1119.415
55000000	136000000	1309.5898
56000000	136000000	1586.6659
57000000	136000000	1847.3207
58000000	136000000	1567.4584
59000000	136000000	1331.0103
60000000	136000000	1090.599
61000000	136000000	1316.083
62000000	136000000	930.5542
63000000	136000000	1095.7789
64000000	136000000	829.6578
65000000	136000000	731.0643
66000000	136000000	1051.6812
67000000	136000000	1104.055
68000000	136000000	705.3214
69000000	136000000	1317.9832
70000000	136000000	740.8609
71000000	136000000	1006.2298
72000000	136000000	1654.7369
73000000	136000000	1048.2692
74000000	136000000	694.6562
75000000	136000000	1014.6012
76000000	136000000	856.4652
77000000	136000000	731.0992
78000000	136000000	972.38403
79000000	136000000	855.6976
80000000	136000000	802.8478
81000000	136000000	1515.677
82000000	136000000	1102.1357
83000000	136000000	833.14734
84000000	136000000	801.87915
85000000	136000000	947.1318
86000000	136000000	996.2271
87000000	136000000	1268.1774
88000000	136000000	1486.0142
89000000	136000000	1084.3544
90000000	136000000	971.12756
93000000	136000000	2535.6985
94000000	136000000	1838.8995
95000000	136000000	2026.0952
96000000	136000000	1551.029
97000000	136000000	2073.4302
98000000	136000000	2632.6504
99000000	136000000	2928.777
100000000	136000000	2796.742
101000000	136000000	3027.6113
102000000	136000000	1592.932
103000000	136000000	1487.4207
104000000	136000000	1808.2854
105000000	136000000	3138.0564
106000000	136000000	2380.171
107000000	136000000	3373.9102
108000000	136000000	2781.7258
109000000	136000000	1967.9701
110000000	136000000	2098.4573
111000000	136000000	3425.8618
112000000	136000000	4628.5312
113000000	136000000	4853.4795
114000000	136000000	3835.3875
115000000	136000000	3135.0562
116000000	136000000	2748.8472
117000000	136000000	2690.0503
118000000	136000000	3876.7432
119000000	136000000	5205.9536
120000000	136000000	4083.636
121000000	136000000	5091.4014
122000000	136000000	4991.2065
123000000	136000000	5151.8877
124000000	136000000	5187.262
125000000	136000000	5394.8916
126000000	136000000	4756.874
127000000	136000000	5226.491
128000000	136000000	5582.0576
129000000	136000000	7353.651
130000000	136000000	8517.188
131000000	136000000	8868.596
132000000	136000000	11865.494
133000000	136000000	16619.955
134000000	136000000	32895.117
135000000	136000000	139312.95
136000000	136000000	542761.25
0	137000000	796.9425
1000000	137000000	590.7908
2000000	137000000	574.35046
3000000	137000000	709.11
4000000	137000000	761.0483
5000000	137000000	708.76654
6000000	137000000	751.2489
7000000	137000000	785.61084
8000000	137000000	987.7662
9000000	137000000	1057.7961
10000000	137000000	1223.4584
11000000	137000000	1408.7903
12000000	137000000	1302.4844
13000000	137000000	1276.3739
14000000	137000000	1159.7795
15000000	137000000	1080.7444
16000000	137000000	1082.9655
17000000	137000000	855.07794
18000000	137000000	677.2818
19000000	137000000	595.5482
20000000	137000000	683.9401
21000000	137000000	569.0458
22000000	137000000	559.30054
23000000	137000000	766.4541
24000000	137000000	607.03815
25000000	137000000	646.2631
26000000	137000000	691.1633
27000000	137000000	744.2383
28000000	137000000	714.3002
29000000	137000000	835.4418
30000000	137000000	777.3476
31000000	137000000	953.62726
32000000	137000000	1067.954
33000000	137000000	1003.5483
34000000	137000000	823.1534
35000000	137000000	774.01
36000000	137000000	984.7548
37000000	137000000	1296.6095
38000000	137000000	1491.7577
39000000	137000000	1521.2732
40000000	137000000	1334.9177
41000000	137000000	1349.9885
42000000	137000000	1383.1473
43000000	137000000	1780.2604
44000000	137000000	1614.4968
45000000	137000000	1428.0419
46000000	137000000	1257.8805
47000000	137000000	789.86945
48000000	137000000	746.794
49000000	137000000	743.0381
50000000	137000000	1110.8993
51000000	137000000	1413.4568
52000000	137000000	978.4447
53000000	137000000	1366.4921
54000000	137000000	1853.256
55000000	137000000	1780.2401
56000000	137000000	1673.0873
57000000	137000000	1400.884
58000000	137000000	1463.5774
59000000	137000000	1410.698
60000000	137000000	1396.8838
61000000	137000000	1405.8552
62000000	137000000	1330.8922
63000000	137000000	1292.3711
64000000	137000000	1262.0842
65000000	137000000	1298.4265
66000000	137000000	1300.015
67000000	137000000	1176.6799
68000000	137000000	1063.1628
69000000	137000000	1216.9524
70000000	137000000	1164.4869
71000000	137000000	1109.3997
72000000	137000000	1175.6947
73000000	137000000	1232.2723
74000000	137000000	1076.6716
75000000	137000000	1409.0732
76000000	137000000	1243.9353
77000000	137000000	1145.3042
78000000	137000000	1239.6771
79000000	137000000	1229.074
80000000	137000000	1194.6146
81000000	137000000	1315.7682
82000000	137000000	1207.8104
83000000	137000000	1194.4092
84000000	137000000	1336.391
85000000	137000000	1307.9946
86000000	137000000	1484.1925
87000000	137000000	1604.0852
88000000	137000000	1637.324
89000000	137000000	1666.6212
90000000	137000000	1639.9331
93000000	137000000	3036.2273
94000000	137000000	2424.8752
95000000	137000000	2314.8298
96000000	137000000	2480.0474
97000000	137000000	2377.6208
98000000	137000000	2544.8953
99000000	137000000	2760.4294
100000000	137000000	2675.4697
101000000	137000000	2410.9348
102000000	137000000	2168.956
103000000	137000000	2161.2087
104000000	137000000	2146.8137
105000000	137000000	2318.6265
106000000	137000000	2412.9321
107000000	137000000	3019.9932
108000000	137000000	3190.665
109000000	137000000	3425.79
110000000	137000000	3314.3872
111000000	137000000	3475.6216
112000000	137000000	3611.2686
113000000	137000000	3930.104
114000000	137000000	3662.749
115000000	137000000	4022.2266
116000000	137000000	3954.2346
117000000	137000000	4001.3506
118000000	137000000	4438.843
119000000	137000000	3716.3435
120000000	137000000	5167.482
121000000	137000000	4000.3367
122000000	137000000	4038.5415
123000000	137000000	6397.1733
124000000	137000000	4791.96
125000000	137000000	5446.793
126000000	137000000	5980.035
127000000	137000000	5240.3594
128000000	137000000	4908.4834
129000000	137000000	6294.4805
130000000	137000000	9354.463
131000000	137000000	10584.586
132000000	137000000	12189.614
133000000	137000000	15221.817
134000000	137000000	28143.705
135000000	137000000	61180.516
136000000	137000000	150244.19
137000000	137000000	495752.22
0	138000000	833.4835
1000000	138000000	543.54175
2000000	138000000	668.6814
3000000	138000000	676.7572
4000000	138000000	822.366
5000000	138000000	761.6765
6000000	138000000	644.54724
7000000	138000000	717.1441
8000000	138000000	1133.6931
9000000	138000000	1403.4373
10000000	138000000	1622.5065
11000000	138000000	1872.1637
12000000	138000000	1716.8989
13000000	138000000	1590.0962
14000000	138000000	1605.3278
15000000	138000000	1300.105
16000000	138000000	1279.9532
17000000	138000000	1096.8785
18000000	138000000	780.7908
19000000	138000000	567.8287
20000000	138000000	651.7673
21000000	138000000	532.6626
22000000	138000000	591.0612
23000000	138000000	960.8973
24000000	138000000	598.5593
25000000	138000000	758.0523
26000000	138000000	531.73303
27000000	138000000	745.3175
28000000	138000000	710.7554
29000000	138000000	867.51025
30000000	138000000	814.59015
31000000	138000000	1070.7042
32000000	138000000	1356.3059
33000000	138000000	1209.7926
34000000	138000000	825.49036
35000000	138000000	685.5388
36000000	138000000	1002.7055
37000000	138000000	1721.7383
38000000	138000000	1835.3463
39000000	138000000	1834.9382
40000000	138000000	1532.0514
41000000	138000000	1475.7635
42000000	138000000	1781.8041
43000000	138000000	2006.0049
44000000	138000000	1850.219
45000000	138000000	1732.3853
46000000	138000000	1464.8895
47000000	138000000	981.5046
48000000	138000000	913.2946
49000000	138000000	954.7172
50000000	138000000	1305.2688
51000000	138000000	1648.4192
52000000	138000000	1172.7175
53000000	138000000	1705.1941
54000000	138000000	2085.9326
55000000	138000000	2031.3267
56000000	138000000	1980.6376
57000000	138000000	1695.6312
58000000	138000000	1668.8333
59000000	138000000	1565.3131
60000000	138000000	1582.5134
61000000	138000000	1598.1161
62000000	138000000	1507.1938
63000000	138000000	1399.9061
64000000	138000000	1258.4308
65000000	138000000	1246.4889
66000000	138000000	1445.772
67000000	138000000	1343.9567
68000000	138000000	1116.9845
69000000	138000000	1375.3351
70000000	138000000	1152.1575
71000000	138000000	1385.7046
72000000	138000000	1588.8463
73000000	138000000	1311.2223
74000000	138000000	1012.235
75000000	138000000	1144.3918
76000000	138000000	1065.3204
77000000	138000000	962.00305
78000000	138000000	1204.6431
79000000	138000000	1149.9208
80000000	138000000	1101.562
81000000	138000000	1382.9583
82000000	138000000	1148.8528
83000000	138000000	994.5738
84000000	138000000	1042.1146
85000000	138000000	1226.2095
86000000	138000000	1223.8967
87000000	138000000	1552.9788
88000000	138000000	1584.5741
89000000	138000000	1347.5701
90000000	138000000	1242.0659
93000000	138000000	2991.4375
94000000	138000000	2152.8735
95000000	138000000	2119.9238
96000000	138000000	2147.7126
97000000	138000000	2370.4487
98000000	138000000	2505.232
99000000	138000000	2978.4438
100000000	138000000	2998.0542
101000000	138000000	2623.6658
102000000	138000000	2135.688
103000000	138000000	1976.7196
104000000	138000000	1855.2643
105000000	138000000	2436.3735
106000000	138000000	2412.526
107000000	138000000	3520.9583
108000000	138000000	3326.7886
109000000	138000000	2836.9658
110000000	138000000	3059.8782
111000000	138000000	3785.0522
112000000	138000000	4125.5654
113000000	138000000	4884.6504
114000000	138000000	4185.4014
115000000	138000000	4199.378
116000000	138000000	3761.6697
117000000	138000000	3791.4504
118000000	138000000	4585.4688
119000000	138000000	4273.1895
120000000	138000000	5147.9497
121000000	138000000	4311.05
122000000	138000000	4834.1064
123000000	138000000	7508.5005
124000000	138000000	5627.706
125000000	138000000	6214.2925
126000000	138000000	6948.562
127000000	138000000	6087.2056
128000000	138000000	5961.0337
129000000	138000000	7313.659
130000000	138000000	9384.166
131000000	138000000	9754.16
132000000	138000000	11593.345
133000000	138000000	14573.66
134000000	138000000	21951.795
135000000	138000000	29854.89
136000000	138000000	34931.992
137000000	138000000	107291.06
138000000	138000000	514741.47
0	139000000	868.648
1000000	139000000	713.973
2000000	139000000	677.4844
3000000	139000000	834.65967
4000000	139000000	710.2279
5000000	139000000	559.7755
6000000	139000000	506.9726
7000000	139000000	734.7053
8000000	139000000	1169.5706
9000000	139000000	1320.6366
10000000	139000000	2023.8075
11000000	139000000	2275.0625
12000000	139000000	1919.9954
13000000	139000000	1986.257
14000000	139000000	1636.1051
15000000	139000000	914.26556
16000000	139000000	1120.3549
17000000	139000000	876.2276
18000000	139000000	996.75903
19000000	139000000	630.7619
20000000	139000000	647.98285
21000000	139000000	620.6262
22000000	139000000	665.1435
23000000	139000000	666.2049
24000000	139000000	836.71576
25000000	139000000	834.8268
26000000	139000000	735.9993
27000000	139000000	682.3167
28000000	139000000	732.19354
29000000	139000000	754.9178
30000000	139000000	1004.50635
31000000	139000000	937.9208
32000000	139000000	1102.139
33000000	139000000	892.3095
34000000	139000000	936.91113
35000000	139000000	1025.8156
36000000	139000000	1250.132
37000000	139000000	1749.1998
38000000	139000000	1921.1777
39000000	139000000	1800.4546
40000000	139000000	1818.0424
41000000	139000000	1812.1904
42000000	139000000	1684.5947
43000000	139000000	2255.268
44000000	139000000	1633.7297
45000000	139000000	1439.4619
46000000	139000000	1115.7118
47000000	139000000	607.07654
48000000	139000000	517.5415
49000000	139000000	614.821
50000000	139000000	1270.4031
51000000	139000000	1715.6688
52000000	139000000	888.60266
53000000	139000000	1497.3367
54000000	139000000	3331.379
55000000	139000000	2650.4253
56000000	139000000	2280.919
57000000	139000000	1312.7628
58000000	139000000	1498.7716
59000000	139000000	1638.0972
60000000	139000000	1889.0024
61000000	139000000	1663.3136
62000000	139000000	2076.628
63000000	139000000	1930.9646
64000000	139000000	1818.3226
65000000	139000000	1837.0823
66000000	139000000	1696.8132
67000000	139000000	1477.8624
68000000	139000000	1778.5482
69000000	139000000	1559.8853
70000000	139000000	1552.1658
71000000	139000000	1507.6797
72000000	139000000	1162.679
73000000	139000000	1622.6423
74000000	139000000	1287.6486
75000000	139000000	1267.0723
76000000	139000000	1124.869
77000000	139000000	1217.7357
78000000	139000000	1184.9229
79000000	139000000	1203.819
80000000	139000000	1339.5555
81000000	139000000	1190.2736
82000000	139000000	1022.61163
83000000	139000000	1185.2651
84000000	139000000	1253.767
85000000	139000000	1366.9314
86000000	139000000	1702.6785
87000000	139000000	1557.2142
88000000	139000000	1573.5465
89000000	139000000	1660.339
90000000	139000000	1524.1887
93000000	139000000	2951.4111
94000000	139000000	2481.5159
95000000	139000000	2020.7214
96000000	139000000	2617.181
97000000	139000000	2475.324
98000000	139000000	2145.3933
99000000	139000000	2589.5476
100000000	139000000	2661.3772
101000000	139000000	1960.0693
102000000	139000000	2540.6863
103000000	139000000	2404.6287
104000000	139000000	2146.9426
105000000	139000000	1723.0001
106000000	139000000	2407.8599
107000000	139000000	3126.3167
108000000	139000000	3609.793
109000000	139000000	3746.205
110000000	139000000	3788.7273
111000000	139000000	3539.8625
112000000	139000000	3068.6462
113000000	139000000	3904.0793
114000000	139000000	3964.864
115000000	139000000	4956.754
116000000	139000000	5134.9844
117000000	139000000	5018.192
118000000	139000000	4301.211
119000000	139000000	3077.1296
120000000	139000000	5580.06
121000000	139000000	3279.6545
122000000	139000000	3971.2605
123000000	139000000	8707.808
124000000	139000000	5411.6895
125000000	139000000	6697.189
126000000	139000000	8731.307
127000000	139000000	6543.027
128000000	139000000	5869.7593
129000000	139000000	6285.5903
130000000	139000000	9362.67
131000000	139000000	10684.593
132000000	139000000	11949.853
133000000	139000000	13423.103
134000000	139000000	20461.748
135000000	139000000	25174.988
136000000	139000000	15018.635
137000000	139000000	32980.99
138000000	139000000	102824.266
139000000	139000000	470923.53
0	140000000	844.175
1000000	140000000	528.84924
2000000	140000000	648.55194
3000000	140000000	802.45496
4000000	140000000	866.80774
5000000	140000000	751.63776
6000000	140000000	607.3358
7000000	140000000	682.0952
8000000	140000000	1264.3005
9000000	140000000	1481.9146
10000000	140000000	1955.9011
11000000	140000000	2155.0654
12000000	140000000	1994.1078
13000000	140000000	1973.8579
14000000	140000000	1745.3574
15000000	140000000	1270.9025
16000000	140000000	1430.938
17000000	140000000	1059.6367
18000000	140000000	867.76953
19000000	140000000	593.9468
20000000	140000000	609.23334
21000000	140000000	541.62585
22000000	140000000	655.2402
23000000	140000000	873.8691
24000000	140000000	773.715
25000000	140000000	728.64484
26000000	140000000	662.2581
27000000	140000000	726.96106
28000000	140000000	769.2979
29000000	140000000	820.00745
30000000	140000000	965.57306
31000000	140000000	1087.7991
32000000	140000000	1290.455
33000000	140000000	1093.7411
34000000	140000000	870.60565
35000000	140000000	802.0626
36000000	140000000	1093.9199
37000000	140000000	1891.4021
38000000	140000000	2098.4824
39000000	140000000	1914.9512
40000000	140000000	1735.2172
41000000	140000000	1639.2455
42000000	140000000	1750.5203
43000000	140000000	2270.048
44000000	140000000	1793.331
45000000	140000000	1676.7368
46000000	140000000	1370.387
47000000	140000000	727.2139
48000000	140000000	665.5908
49000000	140000000	759.50903
50000000	140000000	1323.6874
51000000	140000000	1584.8497
52000000	140000000	1000.99164
53000000	140000000	1685.3431
54000000	140000000	2598.8096
55000000	140000000	2276.6548
56000000	140000000	2204.8555
57000000	140000000	1615.662
58000000	140000000	1647.7028
59000000	140000000	1713.4468
60000000	140000000	1739.7584
61000000	140000000	1789.7776
62000000	140000000	1761.8248
63000000	140000000	1640.4734
64000000	140000000	1470.1737
65000000	140000000	1366.7311
66000000	140000000	1557.0269
67000000	140000000	1498.2634
68000000	140000000	1397.8494
69000000	140000000	1561.4795
70000000	140000000	1302.9064
71000000	140000000	1464.8545
72000000	140000000	1541.7117
73000000	140000000	1496.8087
74000000	140000000	1057.3518
75000000	140000000	1155.9764
76000000	140000000	1000.441
77000000	140000000	935.92773
78000000	140000000	1005.721
79000000	140000000	1111.8447
80000000	140000000	1040.0616
81000000	140000000	1175.8904
82000000	140000000	960.20746
83000000	140000000	896.95636
84000000	140000000	1055.2694
85000000	140000000	1159.4008
86000000	140000000	1316.5645
87000000	140000000	1456.1082
88000000	140000000	1461.2899
89000000	140000000	1358.7341
90000000	140000000	1153.282
93000000	140000000	2694.9053
94000000	140000000	2153.5212
95000000	140000000	2012.9949
96000000	140000000	2089.4524
97000000	140000000	2382.5515
98000000	140000000	2430.942
99000000	140000000	2891.7393
100000000	140000000	2810.663
101000000	140000000	2400.095
102000000	140000000	2223.4148
103000000	140000000	2119.1765
104000000	140000000	1962.0873
105000000	140000000	2060.717
106000000	140000000	2350.2969
107000000	140000000	3368.6567
108000000	140000000	3305.2175
109000000	140000000	2868.0574
110000000	140000000	3177.4915
111000000	140000000	3695.2012
112000000	140000000	3888.991
113000000	140000000	4776.6016
114000000	140000000	4349.223
115000000	140000000	4696.027
116000000	140000000	4160.453
117000000	140000000	4087.9775
118000000	140000000	4411.3213
119000000	140000000	3722.3928
120000000	140000000	5251.062
121000000	140000000	3661.8428
122000000	140000000	4652.0522
123000000	140000000	8680.544
124000000	140000000	5870.7397
125000000	140000000	6616.1606
126000000	140000000	7766.4946
127000000	140000000	6511.4326
128000000	140000000	6025.783
129000000	140000000	6572.345
130000000	140000000	8700.423
131000000	140000000	9191.852
132000000	140000000	9975.555
133000000	140000000	12078.924
134000000	140000000	16083.502
135000000	140000000	17582.934
136000000	140000000	12192.738
137000000	140000000	20077.932
138000000	140000000	37867.664
139000000	140000000	146956.25
140000000	140000000	496558.75
0	141000000	822.0499
1000000	141000000	369.7342
2000000	141000000	673.38666
3000000	141000000	617.25146
4000000	141000000	1210.7007
5000000	141000000	953.11273
6000000	141000000	728.9302
7000000	141000000	557.5916
8000000	141000000	1062.7401
9000000	141000000	1903.7646
10000000	141000000	1629.3955
11000000	141000000	1727.6315
12000000	141000000	1792.2253
13000000	141000000	1538.908
14000000	141000000	1757.005
15000000	141000000	2081.7568
16000000	141000000	1692.2266
17000000	141000000	1362.4026
18000000	141000000	662.6365
19000000	141000000	587.79724
20000000	141000000	619.4574
21000000	141000000	387.5823
22000000	141000000	422.34967
23000000	141000000	1278.2334
24000000	141000000	561.3868
25000000	141000000	719.26587
26000000	141000000	413.1878
27000000	141000000	894.59357
28000000	141000000	811.2415
29000000	141000000	873.94183
30000000	141000000	685.98346
31000000	141000000	1297.1064
32000000	141000000	1809.8601
33000000	141000000	1753.7694
34000000	141000000	707.4625
35000000	141000000	479.94693
36000000	141000000	805.77423
37000000	141000000	1831.4915
38000000	141000000	1898.6191
39000000	141000000	1743.5145
40000000	141000000	1296.7821
41000000	141000000	1289.1201
42000000	141000000	1903.5958
43000000	141000000	1854.8723
44000000	141000000	2074.1023
45000000	141000000	1988.5269
46000000	141000000	1635.5903
47000000	141000000	1479.1783
48000000	141000000	1378.6735
49000000	141000000	1304.3938
50000000	141000000	1376.9535
51000000	141000000	1530.8182
52000000	141000000	1743.1707
53000000	141000000	1978.2833
54000000	141000000	1106.6974
55000000	141000000	1399.2078
56000000	141000000	1816.1022
57000000	141000000	2412.8203
58000000	141000000	2071.876
59000000	141000000	1419.8424
60000000	141000000	1210.7096
61000000	141000000	1383.0499
62000000	141000000	992.3103
63000000	141000000	1122.9277
64000000	141000000	893.61993
65000000	141000000	753.1093
66000000	141000000	1272.6648
67000000	141000000	1114.8059
68000000	141000000	721.2232
69000000	141000000	1431.6866
70000000	141000000	720.61584
71000000	141000000	1137.7903
72000000	141000000	1925.3505
73000000	141000000	1152.131
74000000	141000000	586.6544
75000000	141000000	817.78687
76000000	141000000	691.75055
77000000	141000000	693.4967
78000000	141000000	973.2602
79000000	141000000	788.34845
80000000	141000000	687.4569
81000000	141000000	1362.9438
82000000	141000000	966.78265
83000000	141000000	782.3529
84000000	141000000	747.8016
85000000	141000000	856.19196
86000000	141000000	915.47565
87000000	141000000	1202.1101
88000000	141000000	1316.8289
89000000	141000000	937.71173
90000000	141000000	677.75616
93000000	141000000	2243.2578
94000000	141000000	1575.0134
95000000	141000000	1752.0223
96000000	141000000	1411.1467
97000000	141000000	2174.4707
98000000	141000000	3281.2285
99000000	141000000	3526.34
100000000	141000000	3397.4927
101000000	141000000	3555.9468
102000000	141000000	1596.3219
103000000	141000000	1412.1545
104000000	141000000	1640.9639
105000000	141000000	3161.8767
106000000	141000000	2216.3394
107000000	141000000	4156.584
108000000	141000000	3073.9905
109000000	141000000	1565.3859
110000000	141000000	1847.337
111000000	141000000	3759.897
112000000	141000000	5984.2715
113000000	141000000	6925.8193
114000000	141000000	4636.001
115000000	141000000	3158.3713
116000000	141000000	2623.9724
117000000	141000000	2459.1792
118000000	141000000	3749.0215
119000000	141000000	5865.2056
120000000	141000000	4183.4487
121000000	141000000	5624.9614
122000000	141000000	6820.923
123000000	141000000	6586.586
124000000	141000000	6228.7114
125000000	141000000	6109.759
126000000	141000000	5147.5195
127000000	141000000	5995.9727
128000000	141000000	6704.004
129000000	141000000	7293.14
130000000	141000000	6627.124
131000000	141000000	6174.219
132000000	141000000	7696.3
133000000	141000000	8915.24
134000000	141000000	9270.016
135000000	141000000	7922.335
136000000	141000000	10953.143
137000000	141000000	11438.96
138000000	141000000	18337.895
139000000	141000000	23740.686
140000000	141000000	85699.266
141000000	141000000	580381.5
0	142000000	1022.10016
1000000	142000000	515.53503
2000000	142000000	791.16705
3000000	142000000	773.742
4000000	142000000	1366.7383
5000000	142000000	1027.0022
6000000	142000000	754.4439
7000000	142000000	573.0085
8000000	142000000	1118.2352
9000000	142000000	1729.4655
10000000	142000000	1200.7666
11000000	142000000	1377.7681
12000000	142000000	1348.2406
13000000	142000000	1110.7388
14000000	142000000	1246.6179
15000000	142000000	1925.8737
16000000	142000000	1642.8936
17000000	142000000	1577.6096
18000000	142000000	804.93365
19000000	142000000	721.70874
20000000	142000000	796.62006
21000000	142000000	514.5262
22000000	142000000	598.43146
23000000	142000000	1488.048
24000000	142000000	727.8846
25000000	142000000	832.0631
26000000	142000000	523.3419
27000000	142000000	968.66144
28000000	142000000	877.03625
29000000	142000000	1044.612
30000000	142000000	819.98694
31000000	142000000	1310.8344
32000000	142000000	1628.8717
33000000	142000000	1733.7937
34000000	142000000	791.22253
35000000	142000000	616.0046
36000000	142000000	924.8346
37000000	142000000	1775.3365
38000000	142000000	1468.6194
39000000	142000000	1379.5134
40000000	142000000	961.83655
41000000	142000000	1051.5785
42000000	142000000	1433.3387
43000000	142000000	1316.7465
44000000	142000000	1520.2302
45000000	142000000	1433.3746
46000000	142000000	1091.8286
47000000	142000000	1055.3798
48000000	142000000	955.5566
49000000	142000000	962.58575
50000000	142000000	951.21423
51000000	142000000	1075.3666
52000000	142000000	1239.4767
53000000	142000000	1384.5569
54000000	142000000	815.24097
55000000	142000000	971.32996
56000000	142000000	1349.0128
57000000	142000000	1875.7504
58000000	142000000	1541.1418
59000000	142000000	1222.1813
60000000	142000000	1132.4409
61000000	142000000	1307.1681
62000000	142000000	930.38416
63000000	142000000	1030.2513
64000000	142000000	880.23376
65000000	142000000	728.7962
66000000	142000000	1191.8436
67000000	142000000	1193.9285
68000000	142000000	660.01
69000000	142000000	1428.9349
70000000	142000000	765.64166
71000000	142000000	1168.8927
72000000	142000000	1673.6426
73000000	142000000	1082.3829
74000000	142000000	635.0787
75000000	142000000	779.77386
76000000	142000000	807.2407
77000000	142000000	755.4764
78000000	142000000	1086.0444
79000000	142000000	1016.50964
80000000	142000000	931.81903
81000000	142000000	1522.3496
82000000	142000000	1080.3466
83000000	142000000	865.9299
84000000	142000000	918.7681
85000000	142000000	1101.3599
86000000	142000000	1146.8444
87000000	142000000	1194.4803
88000000	142000000	1432.8755
89000000	142000000	1043.8274
90000000	142000000	713.83386
93000000	142000000	2374.6396
94000000	142000000	1852.8373
95000000	142000000	2142.445
96000000	142000000	1687.3655
97000000	142000000	2622.5354
98000000	142000000	3223.2808
99000000	142000000	3702.087
100000000	142000000	3844.5237
101000000	142000000	4134.111
102000000	142000000	2106.5874
103000000	142000000	1851.6095
104000000	142000000	2136.2021
105000000	142000000	3643.477
106000000	142000000	2751.7917
107000000	142000000	4790.2554
108000000	142000000	3587.3472
109000000	142000000	1939.931
110000000	142000000	2210.6323
111000000	142000000	4150.645
112000000	142000000	5736.329
113000000	142000000	7032.8257
114000000	142000000	5127.9307
115000000	142000000	3797.2683
116000000	142000000	3093.244
117000000	142000000	2977.0662
118000000	142000000	4454.1616
119000000	142000000	5971.018
120000000	142000000	4241.815
121000000	142000000	5619.6167
122000000	142000000	5687.035
123000000	142000000	4885.2295
124000000	142000000	4448.996
125000000	142000000	4339.6235
126000000	142000000	3578.8853
127000000	142000000	4190.0312
128000000	142000000	4760.002
129000000	142000000	5451.489
130000000	142000000	5517.776
131000000	142000000	4998.133
132000000	142000000	6305.851
133000000	142000000	6550.972
134000000	142000000	6861.0625
135000000	142000000	5825.4556
136000000	142000000	7979.2017
137000000	142000000	7596.7085
138000000	142000000	11072.577
139000000	142000000	12724.712
140000000	142000000	20819.238
141000000	142000000	104685.19
142000000	142000000	504334.9
0	143000000	1212.4802
1000000	143000000	742.86005
2000000	143000000	998.31537
3000000	143000000	945.94476
4000000	143000000	1164.1172
5000000	143000000	928.13
6000000	143000000	844.4755
7000000	143000000	760.4967
8000000	143000000	983.24976
9000000	143000000	967.1283
10000000	143000000	637.3555
11000000	143000000	825.0814
12000000	143000000	773.8337
13000000	143000000	653.7888
14000000	143000000	728.69855
15000000	143000000	979.9879
16000000	143000000	1347.4435
17000000	143000000	1471.581
18000000	143000000	1114.23
19000000	143000000	1004.10736
20000000	143000000	954.50775
21000000	143000000	771.2817
22000000	143000000	804.1661
23000000	143000000	1502.8419
24000000	143000000	899.63245
25000000	143000000	970.71173
26000000	143000000	715.2811
27000000	143000000	937.63916
28000000	143000000	893.4924
29000000	143000000	1187.9922
30000000	143000000	963.5123
31000000	143000000	1126.2556
32000000	143000000	1122.83
33000000	143000000	1289.4297
34000000	143000000	985.1976
35000000	143000000	713.5794
36000000	143000000	1001.1768
37000000	143000000	1173.4044
38000000	143000000	897.12213
39000000	143000000	883.68
40000000	143000000	755.85376
41000000	143000000	845.69604
42000000	143000000	837.87915
43000000	143000000	813.4976
44000000	143000000	845.7031
45000000	143000000	737.9823
46000000	143000000	611.6688
47000000	143000000	490.051
48000000	143000000	439.6663
49000000	143000000	427.38022
50000000	143000000	545.0041
51000000	143000000	620.00574
52000000	143000000	596.8997
53000000	143000000	695.69354
54000000	143000000	591.1303
55000000	143000000	748.742
56000000	143000000	900.10455
57000000	143000000	930.4457
58000000	143000000	965.3803
59000000	143000000	960.74756
60000000	143000000	991.49005
61000000	143000000	1084.2322
62000000	143000000	943.2336
63000000	143000000	1056.5979
64000000	143000000	873.1115
65000000	143000000	808.178
66000000	143000000	1094.0004
67000000	143000000	1213.2562
68000000	143000000	798.17865
69000000	143000000	1275.1123
70000000	143000000	906.5317
71000000	143000000	1075.5807
72000000	143000000	1310.8782
73000000	143000000	1041.5835
74000000	143000000	772.56586
75000000	143000000	898.2094
76000000	143000000	906.0148
77000000	143000000	971.43713
78000000	143000000	1155.3993
79000000	143000000	1207.4547
80000000	143000000	1212.0093
81000000	143000000	1595.5142
82000000	143000000	1329.0657
83000000	143000000	1106.1356
84000000	143000000	1194.8342
85000000	143000000	1318.0258
86000000	143000000	1386.7969
87000000	143000000	1616.7689
88000000	143000000	1680.3644
89000000	143000000	1274.1344
90000000	143000000	846.8016
93000000	143000000	2620.7046
94000000	143000000	2444.6643
95000000	143000000	2559.5989
96000000	143000000	2367.5237
97000000	143000000	3221.882
98000000	143000000	3267.5757
99000000	143000000	3980.0781
100000000	143000000	3496.3398
101000000	143000000	3958.3225
102000000	143000000	2920.925
103000000	143000000	2770.9949
104000000	143000000	3126.2473
105000000	143000000	4000.7664
106000000	143000000	3379.5208
107000000	143000000	5006.653
108000000	143000000	4228.714
109000000	143000000	2913.82
110000000	143000000	3314.6052
111000000	143000000	4471.4976
112000000	143000000	4300.41
113000000	143000000	5217.877
114000000	143000000	5531.229
115000000	143000000	4582.972
116000000	143000000	3880.2388
117000000	143000000	3918.117
118000000	143000000	5018.698
119000000	143000000	4898.3506
120000000	143000000	4161.4165
121000000	143000000	4015.912
122000000	143000000	3355.137
123000000	143000000	3058.3818
124000000	143000000	2573.6758
125000000	143000000	2406.1711
126000000	143000000	2280.946
127000000	143000000	2462.6064
128000000	143000000	2494.2075
129000000	143000000	3340.0786
130000000	143000000	4041.7375
131000000	143000000	4112.3496
132000000	143000000	4264.353
133000000	143000000	4562.8423
134000000	143000000	5360.083
135000000	143000000	4810.89
136000000	143000000	5718.3267
137000000	143000000	5783.108
138000000	143000000	7570.0522
139000000	143000000	8951.332
140000000	143000000	11562.463
141000000	143000000	21199.352
142000000	143000000	145585.84
143000000	143000000	474508.25
0	144000000	1371.0299
1000000	144000000	1371.9967
2000000	144000000	1172.3156
3000000	144000000	1171.9606
4000000	144000000	802.53284
5000000	144000000	677.6645
6000000	144000000	818.77856
7000000	144000000	918.3108
8000000	144000000	777.4427
9000000	144000000	461.81915
10000000	144000000	338.07895
11000000	144000000	491.7071
12000000	144000000	484.64313
13000000	144000000	405.07605
14000000	144000000	350.13416
15000000	144000000	399.939
16000000	144000000	637.16473
17000000	144000000	891.8212
18000000	144000000	1439.5653
19000000	144000000	1302.5925
20000000	144000000	1147.6335
21000000	144000000	1232.6831
22000000	144000000	1236.4663
23000000	144000000	822.2924
24000000	144000000	1177.122
25000000	144000000	1085.4183
26000000	144000000	1099.5643
27000000	144000000	1000.72797
28000000	144000000	945.4562
29000000	144000000	1044.8717
30000000	144000000	1040.171
31000000	144000000	741.9456
32000000	144000000	622.0101
33000000	144000000	794.9702
34000000	144000000	1168.1884
35000000	144000000	1347.8239
36000000	144000000	1132.1179
37000000	144000000	642.37384
38000000	144000000	538.47095
39000000	144000000	643.15814
40000000	144000000	642.87366
41000000	144000000	627.04346
42000000	144000000	474.264
43000000	144000000	499.32263
44000000	144000000	435.54495
45000000	144000000	338.93735
46000000	144000000	277.577
47000000	144000000	256.39783
48000000	144000000	245.8971
49000000	144000000	222.29047
50000000	144000000	339.0923
51000000	144000000	396.4028
52000000	144000000	274.1967
53000000	144000000	356.43866
54000000	144000000	669.28656
55000000	144000000	644.6362
56000000	144000000	595.9031
57000000	144000000	490.54398
58000000	144000000	501.1798
59000000	144000000	667.1523
60000000	144000000	916.31525
61000000	144000000	774.37164
62000000	144000000	963.96924
63000000	144000000	1049.2517
64000000	144000000	897.5023
65000000	144000000	1004.47955
66000000	144000000	833.85486
67000000	144000000	1004.70764
68000000	144000000	1165.4252
69000000	144000000	1045.8737
70000000	144000000	1263.6123
71000000	144000000	916.51294
72000000	144000000	614.9305
73000000	144000000	986.09686
74000000	144000000	1343.5024
75000000	144000000	1115.8583
76000000	144000000	1536.9386
77000000	144000000	1603.2004
78000000	144000000	1462.1757
79000000	144000000	1801.6445
80000000	144000000	1974.186
81000000	144000000	1466.7412
82000000	144000000	1597.3308
83000000	144000000	1798.2751
84000000	144000000	1841.588
85000000	144000000	2079.0251
86000000	144000000	2350.769
87000000	144000000	2038.3188
88000000	144000000	2060.4844
89000000	144000000	1953.0503
90000000	144000000	1430.4495
93000000	144000000	2832.9019
94000000	144000000	3709.5298
95000000	144000000	3375.051
96000000	144000000	4265.7676
97000000	144000000	3934.6084
98000000	144000000	2757.9834
99000000	144000000	3047.847
100000000	144000000	2942.5696
101000000	144000000	2806.6196
102000000	144000000	4622.103
103000000	144000000	5331.9697
104000000	144000000	4679.096
105000000	144000000	2560.338
106000000	144000000	3865.7637
107000000	144000000	3466.188
108000000	144000000	4579.2363
109000000	144000000	5599.3335
110000000	144000000	5676.813
111000000	144000000	3879.432
112000000	144000000	2125.5388
113000000	144000000	2717.2974
114000000	144000000	4105.1455
115000000	144000000	5330.964
116000000	144000000	5853.7065
117000000	144000000	5985.575
118000000	144000000	4610.278
119000000	144000000	2676.58
120000000	144000000	4745.888
121000000	144000000	2316.8564
122000000	144000000	1594.2141
123000000	144000000	1957.4949
124000000	144000000	1402.2523
125000000	144000000	1475.5483
126000000	144000000	1548.1974
127000000	144000000	1546.2485
128000000	144000000	1489.6697
129000000	144000000	1866.7439
130000000	144000000	3506.9507
131000000	144000000	3849.0625
132000000	144000000	3616.046
133000000	144000000	3163.3362
134000000	144000000	4036.9058
135000000	144000000	4777.4097
136000000	144000000	3557.3384
137000000	144000000	5223.083
138000000	144000000	5812.904
139000000	144000000	8446.192
140000000	144000000	8121.1987
141000000	144000000	8612.767
142000000	144000000	22893.844
143000000	144000000	138020.08
144000000	144000000	523590.6
0	145000000	1378.2546
1000000	145000000	1280.5459
2000000	145000000	1054.04
3000000	145000000	981.7165
4000000	145000000	733.5703
5000000	145000000	618.717
6000000	145000000	673.3095
7000000	145000000	907.7584
8000000	145000000	799.61847
9000000	145000000	374.19464
10000000	145000000	292.66306
11000000	145000000	454.77356
12000000	145000000	456.23376
13000000	145000000	371.64606
14000000	145000000	321.6004
15000000	145000000	385.5346
16000000	145000000	683.265
17000000	145000000	845.657
18000000	145000000	1315.838
19000000	145000000	1063.6149
20000000	145000000	1067.6246
21000000	145000000	1186.3102
22000000	145000000	1212.9014
23000000	145000000	742.25385
24000000	145000000	1059.3119
25000000	145000000	989.14954
26000000	145000000	1141.8346
27000000	145000000	943.2248
28000000	145000000	1034.7042
29000000	145000000	1003.45715
30000000	145000000	953.49365
31000000	145000000	644.57416
32000000	145000000	558.88684
33000000	145000000	646.5038
34000000	145000000	1016.215
35000000	145000000	1256.1381
36000000	145000000	1089.3462
37000000	145000000	619.89716
38000000	145000000	484.86707
39000000	145000000	576.3445
40000000	145000000	529.5787
41000000	145000000	553.2266
42000000	145000000	437.96
43000000	145000000	440.00696
44000000	145000000	368.5924
45000000	145000000	305.13815
46000000	145000000	227.81212
47000000	145000000	216.3072
48000000	145000000	212.25044
49000000	145000000	222.972
50000000	145000000	284.18048
51000000	145000000	379.8089
52000000	145000000	208.72736
53000000	145000000	335.88385
54000000	145000000	545.50653
55000000	145000000	632.623
56000000	145000000	530.0241
57000000	145000000	424.5674
58000000	145000000	464.8026
59000000	145000000	588.8449
60000000	145000000	798.5259
61000000	145000000	736.58765
62000000	145000000	926.9231
63000000	145000000	939.7503
64000000	145000000	894.6874
65000000	145000000	1020.5302
66000000	145000000	734.2254
67000000	145000000	908.604
68000000	145000000	1073.3845
69000000	145000000	954.9464
70000000	145000000	1192.3727
71000000	145000000	756.64886
72000000	145000000	538.8953
73000000	145000000	959.69073
74000000	145000000	1259.218
75000000	145000000	1060.1669
76000000	145000000	1344.4843
77000000	145000000	1558.2354
78000000	145000000	1459.4879
79000000	145000000	1674.6882
80000000	145000000	1829.882
81000000	145000000	1378.7462
82000000	145000000	1437.3091
83000000	145000000	1636.5676
84000000	145000000	1804.01
85000000	145000000	2048.4285
86000000	145000000	2141.445
87000000	145000000	1894.9722
88000000	145000000	1798.2136
89000000	145000000	1963.8223
90000000	145000000	1367.0559
93000000	145000000	2970.03
94000000	145000000	3827.7144
95000000	145000000	3678.6372
96000000	145000000	4335.4746
97000000	145000000	3873.5046
98000000	145000000	2633.045
99000000	145000000	3063.3337
100000000	145000000	3026.5034
101000000	145000000	2792.8582
102000000	145000000	4722.3047
103000000	145000000	5199.768
104000000	145000000	4610.0884
105000000	145000000	2498.4136
106000000	145000000	3959.9404
107000000	145000000	3682.9934
108000000	145000000	4589.1978
109000000	145000000	5939.4507
110000000	145000000	5822.4385
111000000	145000000	3971.1548
112000000	145000000	2077.4849
113000000	145000000	2549.5183
114000000	145000000	3958.0989
115000000	145000000	5424.6387
116000000	145000000	6187.506
117000000	145000000	6290.183
118000000	145000000	4600.586
119000000	145000000	2506.596
120000000	145000000	4934.7124
121000000	145000000	2416.985
122000000	145000000	1424.2134
123000000	145000000	1828.2382
124000000	145000000	1239.163
125000000	145000000	1352.3011
126000000	145000000	1508.1644
127000000	145000000	1406.5251
128000000	145000000	1306.3943
129000000	145000000	1858.8901
130000000	145000000	3205.7273
131000000	145000000	3904.2651
132000000	145000000	3539.862
133000000	145000000	3060.7659
134000000	145000000	3861.1653
135000000	145000000	4747.9424
136000000	145000000	3463.7832
137000000	145000000	5326.6646
138000000	145000000	5325.001
139000000	145000000	7315.121
140000000	145000000	7019.645
141000000	145000000	6509.167
142000000	145000000	14247.355
143000000	145000000	37715.07
144000000	145000000	109848.54
145000000	145000000	498193.25
0	146000000	1340.9515
1000000	146000000	1237.2415
2000000	146000000	931.83514
3000000	146000000	1007.4112
4000000	146000000	752.1193
5000000	146000000	634.0409
6000000	146000000	627.7626
7000000	146000000	874.0882
8000000	146000000	802.2934
9000000	146000000	393.58408
10000000	146000000	322.61392
11000000	146000000	437.595
12000000	146000000	422.81628
13000000	146000000	354.95526
14000000	146000000	320.06522
15000000	146000000	417.2844
16000000	146000000	674.6408
17000000	146000000	800.61676
18000000	146000000	1266.398
19000000	146000000	1014.0284
20000000	146000000	902.93317
21000000	146000000	1052.8604
22000000	146000000	1095.1207
23000000	146000000	743.5389
24000000	146000000	1050.509
25000000	146000000	905.94495
26000000	146000000	1115.4149
27000000	146000000	825.6485
28000000	146000000	931.7463
29000000	146000000	959.9704
30000000	146000000	973.13446
31000000	146000000	609.7539
32000000	146000000	625.84595
33000000	146000000	699.6229
34000000	146000000	1129.1947
35000000	146000000	1336.4229
36000000	146000000	1078.5269
37000000	146000000	564.9702
38000000	146000000	525.12384
39000000	146000000	561.22833
40000000	146000000	558.0339
41000000	146000000	538.00183
42000000	146000000	384.482
43000000	146000000	443.01776
44000000	146000000	368.08917
45000000	146000000	348.09827
46000000	146000000	224.13899
47000000	146000000	187.68246
48000000	146000000	189.95381
49000000	146000000	219.17018
50000000	146000000	327.19604
51000000	146000000	372.96884
52000000	146000000	217.91704
53000000	146000000	344.13763
54000000	146000000	602.3808
55000000	146000000	600.4124
56000000	146000000	529.3005
57000000	146000000	408.23962
58000000	146000000	418.4207
59000000	146000000	592.7547
60000000	146000000	777.986
61000000	146000000	715.38025
62000000	146000000	840.48206
63000000	146000000	930.4002
64000000	146000000	882.97
65000000	146000000	920.7866
66000000	146000000	734.5026
67000000	146000000	917.57294
68000000	146000000	1012.84827
69000000	146000000	920.50446
70000000	146000000	1089.7303
71000000	146000000	742.3805
72000000	146000000	525.9518
73000000	146000000	940.4188
74000000	146000000	1272.6493
75000000	146000000	1011.415
76000000	146000000	1330.0669
77000000	146000000	1375.6637
78000000	146000000	1270.1483
79000000	146000000	1513.4475
80000000	146000000	1638.5413
81000000	146000000	1233.2645
82000000	146000000	1240.5259
83000000	146000000	1539.5343
84000000	146000000	1618.2727
85000000	146000000	1770.8735
86000000	146000000	2003.5929
87000000	146000000	1767.6301
88000000	146000000	1716.5576
89000000	146000000	1898.1176
90000000	146000000	1418.4851
93000000	146000000	2874.4326
94000000	146000000	3392.7708
95000000	146000000	3453.2686
96000000	146000000	4044.3225
97000000	146000000	3535.9766
98000000	146000000	2655.6138
99000000	146000000	2831.0457
100000000	146000000	2920.5393
101000000	146000000	2535.3835
102000000	146000000	4519.638
103000000	146000000	4909.6304
104000000	146000000	4039.1038
105000000	146000000	2311.7322
106000000	146000000	3764.695
107000000	146000000	3618.3738
108000000	146000000	4531.7485
109000000	146000000	5680.947
110000000	146000000	5484.446
111000000	146000000	3797.588
112000000	146000000	2019.1085
113000000	146000000	2564.256
114000000	146000000	3829.8132
115000000	146000000	5139.255
116000000	146000000	5816.715
117000000	146000000	5842.1787
118000000	146000000	4365.681
119000000	146000000	2553.787
120000000	146000000	4680.2803
121000000	146000000	2394.0518
122000000	146000000	1452.997
123000000	146000000	1825.7421
124000000	146000000	1278.326
125000000	146000000	1272.3066
126000000	146000000	1426.8367
127000000	146000000	1400.39
128000000	146000000	1280.4309
129000000	146000000	1709.353
130000000	146000000	3292.7058
131000000	146000000	3547.9775
132000000	146000000	3356.6257
133000000	146000000	2988.6628
134000000	146000000	3883.5781
135000000	146000000	4314.257
136000000	146000000	3222.9036
137000000	146000000	4851.6226
138000000	146000000	4874.4883
139000000	146000000	6442.603
140000000	146000000	6020.5312
141000000	146000000	5433.791
142000000	146000000	9824.703
143000000	146000000	17928.016
144000000	146000000	33850.145
145000000	146000000	124886.4
146000000	146000000	495151.53
0	147000000	1478.4459
1000000	147000000	1241.3247
2000000	147000000	1068.2484
3000000	147000000	936.3527
4000000	147000000	861.20966
5000000	147000000	812.9458
6000000	147000000	1025.7303
7000000	147000000	1103.725
8000000	147000000	784.4622
9000000	147000000	495.9558
10000000	147000000	346.61728
11000000	147000000	474.19873
12000000	147000000	465.39493
13000000	147000000	388.93497
14000000	147000000	324.19507
15000000	147000000	477.72656
16000000	147000000	738.8576
17000000	147000000	944.73395
18000000	147000000	1087.3582
19000000	147000000	1022.6668
20000000	147000000	1035.1515
21000000	147000000	1085.8451
22000000	147000000	1048.2996
23000000	147000000	920.5174
24000000	147000000	954.9787
25000000	147000000	944.14655
26000000	147000000	1034.0363
27000000	147000000	1007.09015
28000000	147000000	1048.5803
29000000	147000000	1073.206
30000000	147000000	883.62427
31000000	147000000	808.0402
32000000	147000000	581.52356
33000000	147000000	747.62463
34000000	147000000	1055.48
35000000	147000000	1157.5143
36000000	147000000	937.22546
37000000	147000000	586.51886
38000000	147000000	488.43024
39000000	147000000	589.3442
40000000	147000000	539.92035
41000000	147000000	534.50745
42000000	147000000	479.3479
43000000	147000000	471.8617
44000000	147000000	437.99863
45000000	147000000	338.2838
46000000	147000000	249.85843
47000000	147000000	249.37294
48000000	147000000	240.53099
49000000	147000000	260.96234
50000000	147000000	315.15643
51000000	147000000	356.89056
52000000	147000000	259.3142
53000000	147000000	380.84616
54000000	147000000	547.4206
55000000	147000000	569.0292
56000000	147000000	560.1886
57000000	147000000	502.04318
58000000	147000000	497.52908
59000000	147000000	670.6032
60000000	147000000	793.8209
61000000	147000000	850.3709
62000000	147000000	844.5436
63000000	147000000	873.89026
64000000	147000000	815.0116
65000000	147000000	817.52686
66000000	147000000	775.3472
67000000	147000000	869.63257
68000000	147000000	860.0269
69000000	147000000	881.5893
70000000	147000000	959.01794
71000000	147000000	771.2334
72000000	147000000	581.6576
73000000	147000000	841.96704
74000000	147000000	1092.6449
75000000	147000000	1030.7556
76000000	147000000	1284.5878
77000000	147000000	1315.4076
78000000	147000000	1254.6085
79000000	147000000	1354.4935
80000000	147000000	1630.796
81000000	147000000	1290.9434
82000000	147000000	1347.2462
83000000	147000000	1554.4727
84000000	147000000	1426.7666
85000000	147000000	1554.7778
86000000	147000000	1753.0228
87000000	147000000	1599.2777
88000000	147000000	1537.356
89000000	147000000	1689.725
90000000	147000000	1286.2607
93000000	147000000	2762.7856
94000000	147000000	3300.1218
95000000	147000000	3559.2668
96000000	147000000	3382.5498
97000000	147000000	3256.1445
98000000	147000000	2731.9514
99000000	147000000	2780.9065
100000000	147000000	2772.0093
101000000	147000000	2840.5266
102000000	147000000	3674.7354
103000000	147000000	4198.406
104000000	147000000	3832.7644
105000000	147000000	2979.2805
106000000	147000000	3656.0427
107000000	147000000	3396.4548
108000000	147000000	3957.1924
109000000	147000000	4798.9956
110000000	147000000	4614.077
111000000	147000000	3827.1665
112000000	147000000	2324.8591
113000000	147000000	2741.312
114000000	147000000	3520.0625
115000000	147000000	4469.4824
116000000	147000000	4855.562
117000000	147000000	5032.01
118000000	147000000	4747.9795
119000000	147000000	2752.819
120000000	147000000	4212.7036
121000000	147000000	2704.9026
122000000	147000000	1556.8208
123000000	147000000	1639.2529
124000000	147000000	1255.5205
125000000	147000000	1267.0444
126000000	147000000	1277.6218
127000000	147000000	1305.3535
128000000	147000000	1241.9966
129000000	147000000	1818.5352
130000000	147000000	3016.4258
131000000	147000000	3125.3047
132000000	147000000	3153.0078
133000000	147000000	2833.3298
134000000	147000000	3575.9177
135000000	147000000	3699.8452
136000000	147000000	3327.4521
137000000	147000000	4308.2554
138000000	147000000	4241.1685
139000000	147000000	4863.113
140000000	147000000	4862.166
141000000	147000000	4715.419
142000000	147000000	7335.7217
143000000	147000000	10985.799
144000000	147000000	16703.479
145000000	147000000	32359.27
146000000	147000000	102286.53
147000000	147000000	531487.8
0	148000000	1267.7612
1000000	148000000	887.5118
2000000	148000000	1008.65533
3000000	148000000	1034.2163
4000000	148000000	1160.804
5000000	148000000	817.0778
6000000	148000000	803.7309
7000000	148000000	797.3279
8000000	148000000	913.55035
9000000	148000000	682.05304
10000000	148000000	521.19507
11000000	148000000	655.47473
12000000	148000000	650.0338
13000000	148000000	479.36014
14000000	148000000	509.07196
15000000	148000000	797.6886
16000000	148000000	1075.888
17000000	148000000	1287.1857
18000000	148000000	1161.0879
19000000	148000000	1017.1599
20000000	148000000	1043.8279
21000000	148000000	957.00684
22000000	148000000	887.63434
23000000	148000000	1236.4783
24000000	148000000	953.2336
25000000	148000000	998.7203
26000000	148000000	863.39343
27000000	148000000	1047.1606
28000000	148000000	933.66064
29000000	148000000	1108.4232
30000000	148000000	898.07666
31000000	148000000	924.9429
32000000	148000000	870.3646
33000000	148000000	1034.7917
34000000	148000000	982.75696
35000000	148000000	926.4277
36000000	148000000	987.5672
37000000	148000000	905.81036
38000000	148000000	715.2907
39000000	148000000	725.5773
40000000	148000000	606.9877
41000000	148000000	639.4291
42000000	148000000	679.64355
43000000	148000000	609.4293
44000000	148000000	580.9081
45000000	148000000	520.4282
46000000	148000000	469.30695
47000000	148000000	402.0236
48000000	148000000	393.5872
49000000	148000000	382.6148
50000000	148000000	444.5112
51000000	148000000	474.64026
52000000	148000000	471.00006
53000000	148000000	603.5738
54000000	148000000	556.4907
55000000	148000000	590.7399
56000000	148000000	769.1339
57000000	148000000	710.7662
58000000	148000000	714.2655
59000000	148000000	811.8379
60000000	148000000	797.9211
61000000	148000000	963.0735
62000000	148000000	812.49786
63000000	148000000	962.67065
64000000	148000000	762.6813
65000000	148000000	762.38934
66000000	148000000	909.27747
67000000	148000000	988.8219
68000000	148000000	789.5772
69000000	148000000	1108.684
70000000	148000000	803.2321
71000000	148000000	848.46136
72000000	148000000	976.4486
73000000	148000000	924.569
74000000	148000000	879.55505
75000000	148000000	906.6897
76000000	148000000	968.32983
77000000	148000000	1051.0115
78000000	148000000	1238.7888
79000000	148000000	1295.8413
80000000	148000000	1283.0875
81000000	148000000	1470.0645
82000000	148000000	1272.152
83000000	148000000	1171.1392
84000000	148000000	1201.3208
85000000	148000000	1423.1963
86000000	148000000	1610.9828
87000000	148000000	1587.7153
88000000	148000000	1501.3689
89000000	148000000	1364.5076
90000000	148000000	929.798
93000000	148000000	2747.303
94000000	148000000	2748.6724
95000000	148000000	2754.8916
96000000	148000000	2857.9558
97000000	148000000	3224.981
98000000	148000000	2885.9314
99000000	148000000	3245.8823
100000000	148000000	2994.2454
101000000	148000000	3264.5264
102000000	148000000	3189.5776
103000000	148000000	3261.0352
104000000	148000000	3246.6948
105000000	148000000	3310.7507
106000000	148000000	3285.5884
107000000	148000000	4235.369
108000000	148000000	4050.305
109000000	148000000	3597.3484
110000000	148000000	3852.9353
111000000	148000000	4074.2922
112000000	148000000	3146.4053
113000000	148000000	3879.8535
114000000	148000000	4463.5776
115000000	148000000	4439.296
116000000	148000000	4287.2417
117000000	148000000	4299.602
118000000	148000000	4523.6035
119000000	148000000	3845.383
120000000	148000000	4054.1897
121000000	148000000	3411.8103
122000000	148000000	2346.2412
123000000	148000000	2221.039
124000000	148000000	1899.0994
125000000	148000000	1681.0139
126000000	148000000	1647.9114
127000000	148000000	1834.365
128000000	148000000	1801.8907
129000000	148000000	2374.3923
130000000	148000000	3372.0522
131000000	148000000	3376.7898
132000000	148000000	3390.9785
133000000	148000000	3403.4902
134000000	148000000	4033.857
135000000	148000000	3665.3484
136000000	148000000	3805.5178
137000000	148000000	3996.1333
138000000	148000000	4580.676
139000000	148000000	4877.718
140000000	148000000	5032.603
141000000	148000000	6309.5425
142000000	148000000	9299.499
143000000	148000000	11958.297
144000000	148000000	13408.714
145000000	148000000	22762.479
146000000	148000000	49027.21
147000000	148000000	136389.12
148000000	148000000	475473.34
0	149000000	1117.0253
1000000	149000000	502.85815
2000000	149000000	776.13477
3000000	149000000	712.58734
4000000	149000000	1342.8381
5000000	149000000	1086.7362
6000000	149000000	933.1918
7000000	149000000	654.33594
8000000	149000000	994.4611
9000000	149000000	1313.5126
10000000	149000000	901.45233
11000000	149000000	1048.1993
12000000	149000000	1082.0404
13000000	149000000	895.7757
14000000	149000000	1066.81
15000000	149000000	1697.6653
16000000	149000000	1574.7604
17000000	149000000	1646.0016
18000000	149000000	833.47736
19000000	149000000	690.3943
20000000	149000000	830.46063
21000000	149000000	516.5198
22000000	149000000	550.51984
23000000	149000000	1492.578
24000000	149000000	676.71844
25000000	149000000	723.1295
26000000	149000000	499.10117
27000000	149000000	992.7591
28000000	149000000	984.70636
29000000	149000000	1030.6782
30000000	149000000	767.2857
31000000	149000000	1256.2872
32000000	149000000	1385.694
33000000	149000000	1517.4746
34000000	149000000	734.54083
35000000	149000000	538.03674
36000000	149000000	809.9614
37000000	149000000	1339.0159
38000000	149000000	1170.6571
39000000	149000000	1190.5062
40000000	149000000	773.8842
41000000	149000000	845.98224
42000000	149000000	1208.6924
43000000	149000000	1153.4233
44000000	149000000	1189.9939
45000000	149000000	1178.3342
46000000	149000000	1047.9023
47000000	149000000	816.70807
48000000	149000000	745.67523
49000000	149000000	748.9955
50000000	149000000	747.28436
51000000	149000000	768.95905
52000000	149000000	924.00867
53000000	149000000	1039.1174
54000000	149000000	581.5997
55000000	149000000	765.0637
56000000	149000000	1036.0392
57000000	149000000	1483.1393
58000000	149000000	1366.823
59000000	149000000	1098.7893
60000000	149000000	937.299
61000000	149000000	1165.1836
62000000	149000000	772.561
63000000	149000000	908.1102
64000000	149000000	708.9175
65000000	149000000	552.27423
66000000	149000000	986.54816
67000000	149000000	984.7355
68000000	149000000	565.83044
69000000	149000000	1120.1222
70000000	149000000	615.205
71000000	149000000	912.5732
72000000	149000000	1520.3705
73000000	149000000	913.0448
74000000	149000000	529.1226
75000000	149000000	722.87463
76000000	149000000	686.94305
77000000	149000000	661.62036
78000000	149000000	1007.4923
79000000	149000000	833.48334
80000000	149000000	773.0193
81000000	149000000	1353.5005
82000000	149000000	957.8881
83000000	149000000	785.84155
84000000	149000000	760.58246
85000000	149000000	944.9393
86000000	149000000	925.6457
87000000	149000000	1170.114
88000000	149000000	1250.4115
89000000	149000000	876.998
90000000	149000000	688.8741
93000000	149000000	1930.294
94000000	149000000	1639.7025
95000000	149000000	1932.8591
96000000	149000000	1631.2522
97000000	149000000	2413.0994
98000000	149000000	2941.2292
99000000	149000000	3344.3923
100000000	149000000	3115.318
101000000	149000000	3629.4197
102000000	149000000	1802.5695
103000000	149000000	1651.0707
104000000	149000000	1935.9607
105000000	149000000	3622.9644
106000000	149000000	2629.6167
107000000	149000000	4483.557
108000000	149000000	3192.01
109000000	149000000	1799.7567
110000000	149000000	2149.293
111000000	149000000	4092.17
112000000	149000000	5264.0015
113000000	149000000	5729.41
114000000	149000000	4475.4243
115000000	149000000	3283.0825
116000000	149000000	2837.894
117000000	149000000	2671.075
118000000	149000000	4140.362
119000000	149000000	5274.649
120000000	149000000	3345.968
121000000	149000000	4701.9385
122000000	149000000	4443.0264
123000000	149000000	3606.929
124000000	149000000	3456.5398
125000000	149000000	3031.0098
126000000	149000000	2555.7317
127000000	149000000	2943.3264
128000000	149000000	3236.6187
129000000	149000000	3885.7344
130000000	149000000	3888.8142
131000000	149000000	3517.8064
132000000	149000000	3710.4941
133000000	149000000	4149.1104
134000000	149000000	4527.819
135000000	149000000	3666.9255
136000000	149000000	5261.7427
137000000	149000000	4286.643
138000000	149000000	5329.5674
139000000	149000000	4565.4976
140000000	149000000	5894.328
141000000	149000000	9506.292
142000000	149000000	11631.881
143000000	149000000	10926.94
144000000	149000000	6906.549
145000000	149000000	9731.681
146000000	149000000	14426.108
147000000	149000000	23591.098
148000000	149000000	96630.06
149000000	149000000	537765.5
0	150000000	1105.7372
1000000	150000000	624.3106
2000000	150000000	880.46136
3000000	150000000	791.59766
4000000	150000000	1201.679
5000000	150000000	959.4096
6000000	150000000	724.7753
7000000	150000000	576.9948
8000000	150000000	1024.975
9000000	150000000	1323.9331
10000000	150000000	986.1198
11000000	150000000	1141.1171
12000000	150000000	1158.1179
13000000	150000000	1012.9134
14000000	150000000	1073.336
15000000	150000000	1547.6154
16000000	150000000	1470.6643
17000000	150000000	1321.3435
18000000	150000000	874.9974
19000000	150000000	741.10077
20000000	150000000	801.0152
21000000	150000000	588.80414
22000000	150000000	611.42395
23000000	150000000	1273.1709
24000000	150000000	739.99603
25000000	150000000	833.53455
26000000	150000000	564.7955
27000000	150000000	931.9131
28000000	150000000	869.51953
29000000	150000000	994.7889
30000000	150000000	802.52734
31000000	150000000	1237.3307
32000000	150000000	1444.5797
33000000	150000000	1315.523
34000000	150000000	722.1746
35000000	150000000	589.7698
36000000	150000000	854.796
37000000	150000000	1388.1514
38000000	150000000	1252.2357
39000000	150000000	1209.3274
40000000	150000000	933.4288
41000000	150000000	931.62524
42000000	150000000	1206.9308
43000000	150000000	1197.7831
44000000	150000000	1130.6064
45000000	150000000	1159.8352
46000000	150000000	994.6445
47000000	150000000	824.69385
48000000	150000000	736.3094
49000000	150000000	716.375
50000000	150000000	765.3626
51000000	150000000	868.60974
52000000	150000000	897.5927
53000000	150000000	1161.8008
54000000	150000000	819.0302
55000000	150000000	934.7397
56000000	150000000	1163.1406
57000000	150000000	1399.2592
58000000	150000000	1303.3345
59000000	150000000	1054.7638
60000000	150000000	1018.59814
61000000	150000000	1176.6558
62000000	150000000	880.27185
63000000	150000000	1081.0406
64000000	150000000	790.04895
65000000	150000000	678.85364
66000000	150000000	1159.3375
67000000	150000000	1058.4121
68000000	150000000	716.7438
69000000	150000000	1271.5427
70000000	150000000	822.1464
71000000	150000000	1085.1687
72000000	150000000	1431.9575
73000000	150000000	990.3003
74000000	150000000	627.8038
75000000	150000000	772.25586
76000000	150000000	729.35156
77000000	150000000	732.2997
78000000	150000000	1060.3634
79000000	150000000	933.8096
80000000	150000000	975.0464
81000000	150000000	1254.3062
82000000	150000000	955.987
83000000	150000000	844.60724
84000000	150000000	895.2341
85000000	150000000	1074.0004
86000000	150000000	1063.6938
87000000	150000000	1214.0071
88000000	150000000	1325.0466
89000000	150000000	974.14777
90000000	150000000	735.00525
93000000	150000000	2115.4968
94000000	150000000	1806.4802
95000000	150000000	1922.7583
96000000	150000000	1769.8931
97000000	150000000	2321.185
98000000	150000000	2786.6885
99000000	150000000	3025.5554
100000000	150000000	2916.4492
101000000	150000000	3235.631
102000000	150000000	2071.609
103000000	150000000	1777.8883
104000000	150000000	1854.7782
105000000	150000000	2816.9688
106000000	150000000	2319.079
107000000	150000000	3847.7786
108000000	150000000	3272.563
109000000	150000000	2120.52
110000000	150000000	2276.8918
111000000	150000000	3916.3037
112000000	150000000	4560.6543
113000000	150000000	5092.6694
114000000	150000000	4214.8496
115000000	150000000	3608.666
116000000	150000000	2923.7607
117000000	150000000	2762.7034
118000000	150000000	3508.5837
119000000	150000000	4491.933
120000000	150000000	3472.6807
121000000	150000000	3895.3015
122000000	150000000	3977.8384
123000000	150000000	3783.4836
124000000	150000000	3431.3005
125000000	150000000	3115.6824
126000000	150000000	2855.4966
127000000	150000000	3101.9507
128000000	150000000	3266.3333
129000000	150000000	3832.2163
130000000	150000000	4116.071
131000000	150000000	3817.1301
132000000	150000000	4075.6533
133000000	150000000	4481.432
134000000	150000000	4672.403
135000000	150000000	4001.7073
136000000	150000000	4453.5054
137000000	150000000	4263.959
138000000	150000000	5354.652
139000000	150000000	5397.6313
140000000	150000000	6396.433
141000000	150000000	8281.685
142000000	150000000	10019.968
143000000	150000000	9374.666
144000000	150000000	6679.5625
145000000	150000000	8817.677
146000000	150000000	11746.948
147000000	150000000	14699.914
148000000	150000000	28397.873
149000000	150000000	124094.28
150000000	150000000	519684.78
0	151000000	1203.5798
1000000	151000000	867.9883
2000000	151000000	1061.6406
3000000	151000000	886.6764
4000000	151000000	949.5041
5000000	151000000	839.6211
6000000	151000000	814.7278
7000000	151000000	766.183
8000000	151000000	939.0571
9000000	151000000	745.10876
10000000	151000000	671.91876
11000000	151000000	876.613
12000000	151000000	827.8682
13000000	151000000	636.84015
14000000	151000000	703.51666
15000000	151000000	903.4927
16000000	151000000	985.9908
17000000	151000000	1026.2544
18000000	151000000	1027.7598
19000000	151000000	857.16547
20000000	151000000	815.2987
21000000	151000000	746.744
22000000	151000000	797.7665
23000000	151000000	1038.9877
24000000	151000000	813.5025
25000000	151000000	861.4206
26000000	151000000	725.6791
27000000	151000000	962.5318
28000000	151000000	990.44556
29000000	151000000	1114.4291
30000000	151000000	993.1221
31000000	151000000	1020.50073
32000000	151000000	1111.4698
33000000	151000000	1123.4976
34000000	151000000	903.20496
35000000	151000000	848.6365
36000000	151000000	908.45386
37000000	151000000	1044.5901
38000000	151000000	897.6774
39000000	151000000	985.8926
40000000	151000000	795.7517
41000000	151000000	805.93475
42000000	151000000	830.553
43000000	151000000	872.5105
44000000	151000000	775.2438
45000000	151000000	711.405
46000000	151000000	622.997
47000000	151000000	450.68494
48000000	151000000	445.69418
49000000	151000000	393.72015
50000000	151000000	512.23236
51000000	151000000	604.58325
52000000	151000000	573.42145
53000000	151000000	705.4882
54000000	151000000	754.3854
55000000	151000000	948.5807
56000000	151000000	950.05817
57000000	151000000	913.27594
58000000	151000000	1042.1194
59000000	151000000	963.27423
60000000	151000000	961.0762
61000000	151000000	1083.2429
62000000	151000000	998.61005
63000000	151000000	974.4533
64000000	151000000	879.3239
65000000	151000000	850.9398
66000000	151000000	1019.2113
67000000	151000000	1007.888
68000000	151000000	861.20123
69000000	151000000	1269.1891
70000000	151000000	1048.6583
71000000	151000000	1099.4955
72000000	151000000	1178.943
73000000	151000000	1009.41864
74000000	151000000	895.5556
75000000	151000000	846.5968
76000000	151000000	1078.4075
77000000	151000000	1081.265
78000000	151000000	1204.0822
79000000	151000000	1282.4368
80000000	151000000	1187.2299
81000000	151000000	1472.671
82000000	151000000	1302.6323
83000000	151000000	1174.3931
84000000	151000000	1210.5988
85000000	151000000	1479.2421
86000000	151000000	1539.858
87000000	151000000	1587.0658
88000000	151000000	1519.288
89000000	151000000	1250.6521
90000000	151000000	998.60077
93000000	151000000	2438.9036
94000000	151000000	2378.2075
95000000	151000000	2555.1902
96000000	151000000	2453.5178
97000000	151000000	2628.7144
98000000	151000000	2556.0312
99000000	151000000	2794.2065
100000000	151000000	2496.6626
101000000	151000000	2816.2825
102000000	151000000	2545.3677
103000000	151000000	2539.1267
104000000	151000000	2451.8564
105000000	151000000	2693.3882
106000000	151000000	2593.1487
107000000	151000000	3404.4077
108000000	151000000	3305.6248
109000000	151000000	2903.2163
110000000	151000000	3059.8784
111000000	151000000	3803.4756
112000000	151000000	3636.295
113000000	151000000	3489.0593
114000000	151000000	3895.4355
115000000	151000000	4000.9434
116000000	151000000	3568.1858
117000000	151000000	3521.2163
118000000	151000000	3491.316
119000000	151000000	3239.9746
120000000	151000000	3375.426
121000000	151000000	2778.0781
122000000	151000000	2511.5933
123000000	151000000	2849.6724
124000000	151000000	2382.6294
125000000	151000000	2127.678
126000000	151000000	2037.4445
127000000	151000000	2112.3713
128000000	151000000	1915.8899
129000000	151000000	2637.982
130000000	151000000	3458.7761
131000000	151000000	3444.5918
132000000	151000000	3475.6614
133000000	151000000	3363.986
134000000	151000000	3762.243
135000000	151000000	3547.3665
136000000	151000000	3455.8025
137000000	151000000	3853.4492
138000000	151000000	4335.316
139000000	151000000	4782.619
140000000	151000000	5066.955
141000000	151000000	5239.9043
142000000	151000000	6639.7734
143000000	151000000	8317.41
144000000	151000000	8255.355
145000000	151000000	10413.411
146000000	151000000	12902.457
147000000	151000000	15112.451
148000000	151000000	19999.18
149000000	151000000	26346.688
150000000	151000000	90785.0
151000000	151000000	485248.7
0	152000000	1284.9917
1000000	152000000	759.6731
2000000	152000000	987.5383
3000000	152000000	899.3992
4000000	152000000	1081.6802
5000000	152000000	974.72296
6000000	152000000	988.5378
7000000	152000000	715.69696
8000000	152000000	885.0149
9000000	152000000	756.99066
10000000	152000000	558.2128
11000000	152000000	705.7979
12000000	152000000	759.74243
13000000	152000000	594.0876
14000000	152000000	626.48145
15000000	152000000	981.1894
16000000	152000000	1024.75
17000000	152000000	1136.1228
18000000	152000000	839.637
19000000	152000000	952.8831
20000000	152000000	865.9418
21000000	152000000	634.29254
22000000	152000000	690.491
23000000	152000000	1213.4347
24000000	152000000	714.72815
25000000	152000000	837.9383
26000000	152000000	611.6046
27000000	152000000	996.4546
28000000	152000000	971.2226
29000000	152000000	1063.4803
30000000	152000000	826.1571
31000000	152000000	1106.7004
32000000	152000000	1060.3582
33000000	152000000	1202.2358
34000000	152000000	909.85065
35000000	152000000	721.7826
36000000	152000000	945.49
37000000	152000000	978.6005
38000000	152000000	806.9291
39000000	152000000	951.86694
40000000	152000000	693.9888
41000000	152000000	624.7773
42000000	152000000	797.19336
43000000	152000000	756.605
44000000	152000000	768.41705
45000000	152000000	669.81836
46000000	152000000	647.80035
47000000	152000000	463.663
48000000	152000000	448.28876
49000000	152000000	412.5575
50000000	152000000	495.71103
51000000	152000000	574.98865
52000000	152000000	586.5158
53000000	152000000	739.39307
54000000	152000000	551.1953
55000000	152000000	764.6847
56000000	152000000	828.0039
57000000	152000000	903.65985
58000000	152000000	884.6143
59000000	152000000	876.5286
60000000	152000000	770.0646
61000000	152000000	960.9763
62000000	152000000	800.7721
63000000	152000000	878.9221
64000000	152000000	725.27985
65000000	152000000	704.7417
66000000	152000000	960.0892
67000000	152000000	927.15344
68000000	152000000	680.1579
69000000	152000000	1105.7426
70000000	152000000	815.1976
71000000	152000000	1003.35394
72000000	152000000	1283.1365
73000000	152000000	1013.4616
74000000	152000000	727.9769
75000000	152000000	868.5928
76000000	152000000	970.29315
77000000	152000000	891.0602
78000000	152000000	1240.4325
79000000	152000000	1101.7731
80000000	152000000	1013.2372
81000000	152000000	1616.3943
82000000	152000000	1357.3491
83000000	152000000	1015.3167
84000000	152000000	1041.2888
85000000	152000000	1166.476
86000000	152000000	1286.8761
87000000	152000000	1351.0748
88000000	152000000	1441.063
89000000	152000000	1099.5181
90000000	152000000	886.44
93000000	152000000	2610.86
94000000	152000000	2234.0312
95000000	152000000	2576.5776
96000000	152000000	2038.026
97000000	152000000	2446.968
98000000	152000000	2899.3015
99000000	152000000	2987.6082
100000000	152000000	2476.8186
101000000	152000000	3372.487
102000000	152000000	2287.73
103000000	152000000	2165.5127
104000000	152000000	2373.0103
105000000	152000000	3162.8816
106000000	152000000	2651.7036
107000000	152000000	3420.5215
108000000	152000000	3158.3845
109000000	152000000	2490.7417
110000000	152000000	2693.095
111000000	152000000	3786.486
112000000	152000000	3918.7637
113000000	152000000	3514.9607
114000000	152000000	3716.0784
115000000	152000000	3315.8357
116000000	152000000	3091.2292
117000000	152000000	2721.7568
118000000	152000000	3551.0667
119000000	152000000	3581.318
120000000	152000000	3054.6267
121000000	152000000	3278.523
122000000	152000000	2520.7988
123000000	152000000	2287.2368
124000000	152000000	2120.0947
125000000	152000000	1808.3159
126000000	152000000	1662.5477
127000000	152000000	1790.041
128000000	152000000	1791.8523
129000000	152000000	2343.9902
130000000	152000000	2931.9182
131000000	152000000	3012.4827
132000000	152000000	2984.07
133000000	152000000	3240.87
134000000	152000000	3241.2212
135000000	152000000	2904.4924
136000000	152000000	3753.2937
137000000	152000000	3473.0225
138000000	152000000	3724.8044
139000000	152000000	3536.3086
140000000	152000000	3941.8816
141000000	152000000	5029.8564
142000000	152000000	6804.18
143000000	152000000	8355.157
144000000	152000000	7289.1133
145000000	152000000	8762.624
146000000	152000000	10223.874
147000000	152000000	12000.47
148000000	152000000	15906.241
149000000	152000000	19110.734
150000000	152000000	33195.438
151000000	152000000	160862.14
152000000	152000000	471154.97
0	153000000	1337.7944
1000000	153000000	1188.6996
2000000	153000000	1020.9595
3000000	153000000	1022.4696
4000000	153000000	855.3003
5000000	153000000	732.788
6000000	153000000	795.59216
7000000	153000000	965.1536
8000000	153000000	883.712
9000000	153000000	547.1999
10000000	153000000	503.74887
11000000	153000000	629.4502
12000000	153000000	571.57764
13000000	153000000	549.892
14000000	153000000	482.66043
15000000	153000000	545.55505
16000000	153000000	775.2665
17000000	153000000	808.10126
18000000	153000000	1112.3765
19000000	153000000	935.9884
20000000	153000000	998.0938
21000000	153000000	991.38116
22000000	153000000	1000.98505
23000000	153000000	802.8914
24000000	153000000	1016.4412
25000000	153000000	930.79047
26000000	153000000	984.08887
27000000	153000000	1004.6369
28000000	153000000	940.8637
29000000	153000000	1025.974
30000000	153000000	901.61
31000000	153000000	756.7946
32000000	153000000	713.5331
33000000	153000000	762.4683
34000000	153000000	1013.93
35000000	153000000	1063.1458
36000000	153000000	1105.9022
37000000	153000000	785.9458
38000000	153000000	666.02234
39000000	153000000	712.11896
40000000	153000000	623.8669
41000000	153000000	671.5805
42000000	153000000	538.5823
43000000	153000000	608.365
44000000	153000000	517.31445
45000000	153000000	421.1116
46000000	153000000	373.02765
47000000	153000000	262.95535
48000000	153000000	275.09143
49000000	153000000	302.1462
50000000	153000000	400.342
51000000	153000000	473.43094
52000000	153000000	340.37057
53000000	153000000	468.2191
54000000	153000000	723.0612
55000000	153000000	705.41785
56000000	153000000	705.9284
57000000	153000000	519.7719
58000000	153000000	622.8595
59000000	153000000	662.93976
60000000	153000000	831.71515
61000000	153000000	863.1908
62000000	153000000	914.1982
63000000	153000000	930.0129
64000000	153000000	844.97144
65000000	153000000	926.63794
66000000	153000000	884.0201
67000000	153000000	942.4833
68000000	153000000	957.8704
69000000	153000000	1015.9922
70000000	153000000	1118.379
71000000	153000000	886.50806
72000000	153000000	689.5798
73000000	153000000	956.3969
74000000	153000000	1079.7943
75000000	153000000	1001.6656
76000000	153000000	1229.2526
77000000	153000000	1277.6086
78000000	153000000	1297.7723
79000000	153000000	1421.7997
80000000	153000000	1511.2377
81000000	153000000	1339.9137
82000000	153000000	1317.7793
83000000	153000000	1383.7823
84000000	153000000	1573.4236
85000000	153000000	1634.5116
86000000	153000000	1765.5668
87000000	153000000	1671.229
88000000	153000000	1578.9928
89000000	153000000	1695.1104
90000000	153000000	1233.1063
93000000	153000000	2704.6885
94000000	153000000	2974.0828
95000000	153000000	2834.4067
96000000	153000000	3168.3599
97000000	153000000	2855.4465
98000000	153000000	2139.7505
99000000	153000000	2290.2986
100000000	153000000	2333.822
101000000	153000000	2319.3665
102000000	153000000	3095.818
103000000	153000000	3310.5142
104000000	153000000	2991.2507
105000000	153000000	2027.9283
106000000	153000000	2594.619
107000000	153000000	2777.9526
108000000	153000000	3402.5771
109000000	153000000	4145.388
110000000	153000000	4130.701
111000000	153000000	3284.2178
112000000	153000000	2068.1177
113000000	153000000	2434.919
114000000	153000000	3098.9124
115000000	153000000	3931.3325
116000000	153000000	4147.1567
117000000	153000000	3972.4983
118000000	153000000	3701.8162
119000000	153000000	2163.0918
120000000	153000000	3661.1953
121000000	153000000	2212.3914
122000000	153000000	1497.2827
123000000	153000000	2023.887
124000000	153000000	1486.4243
125000000	153000000	1490.2657
126000000	153000000	1645.1294
127000000	153000000	1473.2645
128000000	153000000	1363.3024
129000000	153000000	1805.303
130000000	153000000	2950.2961
131000000	153000000	3096.075
132000000	153000000	2890.073
133000000	153000000	2646.5269
134000000	153000000	3231.9287
135000000	153000000	3426.377
136000000	153000000	2592.1199
137000000	153000000	3477.8662
138000000	153000000	3639.7354
139000000	153000000	4398.6787
140000000	153000000	4191.6313
141000000	153000000	3458.7336
142000000	153000000	4754.896
143000000	153000000	6327.4062
144000000	153000000	9063.902
145000000	153000000	11477.377
146000000	153000000	12902.916
147000000	153000000	13579.843
148000000	153000000	13578.228
149000000	153000000	10672.467
150000000	153000000	17761.215
151000000	153000000	39114.93
152000000	153000000	131628.16
153000000	153000000	506742.97
0	154000000	1367.7107
1000000	154000000	1455.7487
2000000	154000000	1070.4775
3000000	154000000	1181.7317
4000000	154000000	835.97986
5000000	154000000	693.0693
6000000	154000000	680.1667
7000000	154000000	958.4867
8000000	154000000	903.71155
9000000	154000000	508.46048
10000000	154000000	471.80386
11000000	154000000	640.0379
12000000	154000000	639.0696
13000000	154000000	538.5822
14000000	154000000	464.9558
15000000	154000000	440.58508
16000000	154000000	708.44135
17000000	154000000	722.3833
18000000	154000000	1242.0927
19000000	154000000	1146.2661
20000000	154000000	1047.979
21000000	154000000	1166.1373
22000000	154000000	1085.9905
23000000	154000000	719.41565
24000000	154000000	1119.4473
25000000	154000000	1098.9418
26000000	154000000	1178.14
27000000	154000000	947.3271
28000000	154000000	947.26135
29000000	154000000	999.9383
30000000	154000000	1034.8577
31000000	154000000	690.8452
32000000	154000000	670.4649
33000000	154000000	688.00714
34000000	154000000	1109.2361
35000000	154000000	1221.5005
36000000	154000000	1164.3505
37000000	154000000	751.14514
38000000	154000000	629.32336
39000000	154000000	704.8645
40000000	154000000	702.44867
41000000	154000000	729.4818
42000000	154000000	506.66425
43000000	154000000	564.41046
44000000	154000000	479.7705
45000000	154000000	399.95334
46000000	154000000	276.22244
47000000	154000000	274.07053
48000000	154000000	274.10217
49000000	154000000	236.32622
50000000	154000000	407.48068
51000000	154000000	521.62085
52000000	154000000	278.2755
53000000	154000000	427.91763
54000000	154000000	871.22833
55000000	154000000	821.4995
56000000	154000000	720.8329
57000000	154000000	472.74738
58000000	154000000	543.0513
59000000	154000000	679.8326
60000000	154000000	966.87305
61000000	154000000	772.56366
62000000	154000000	1149.9037
63000000	154000000	1120.2316
64000000	154000000	1077.9066
65000000	154000000	1176.145
66000000	154000000	958.75104
67000000	154000000	926.54114
68000000	154000000	1146.3816
69000000	154000000	1013.83856
70000000	154000000	1343.5537
71000000	154000000	881.0848
72000000	154000000	626.8548
73000000	154000000	1009.3823
74000000	154000000	1339.4519
75000000	154000000	1172.7732
76000000	154000000	1337.0548
77000000	154000000	1482.1758
78000000	154000000	1406.4962
79000000	154000000	1561.4473
80000000	154000000	1681.2947
81000000	154000000	1240.8855
82000000	154000000	1272.875
83000000	154000000	1498.439
84000000	154000000	1662.7977
85000000	154000000	1752.8497
86000000	154000000	2084.7117
87000000	154000000	1720.3268
88000000	154000000	1652.7296
89000000	154000000	1926.8086
90000000	154000000	1372.911
93000000	154000000	2788.8247
94000000	154000000	3136.9133
95000000	154000000	2893.3691
96000000	154000000	3493.7456
97000000	154000000	2892.7986
98000000	154000000	2096.987
99000000	154000000	2136.6243
100000000	154000000	2343.7805
101000000	154000000	1998.0424
102000000	154000000	3604.6948
103000000	154000000	3736.3086
104000000	154000000	2997.6711
105000000	154000000	1764.1896
106000000	154000000	2748.305
107000000	154000000	2656.5542
108000000	154000000	3544.161
109000000	154000000	4895.5957
110000000	154000000	4687.208
111000000	154000000	3161.0903
112000000	154000000	1661.5474
113000000	154000000	2079.4512
114000000	154000000	2986.8806
115000000	154000000	4256.9004
116000000	154000000	4827.293
117000000	154000000	4782.6504
118000000	154000000	3500.643
119000000	154000000	1943.5615
120000000	154000000	3788.6428
121000000	154000000	1901.2454
122000000	154000000	1318.1396
123000000	154000000	2048.0657
124000000	154000000	1336.4768
125000000	154000000	1475.3441
126000000	154000000	1643.31
127000000	154000000	1342.7972
128000000	154000000	1254.3638
129000000	154000000	1611.2959
130000000	154000000	3001.0647
131000000	154000000	3225.193
132000000	154000000	2940.8962
133000000	154000000	2713.4258
134000000	154000000	3336.5974
135000000	154000000	3678.6128
136000000	154000000	2316.4868
137000000	154000000	3587.7576
138000000	154000000	3648.7537
139000000	154000000	5059.8276
140000000	154000000	4365.192
141000000	154000000	3103.452
142000000	154000000	4242.244
143000000	154000000	5877.671
144000000	154000000	9905.82
145000000	154000000	11953.58
146000000	154000000	13727.61
147000000	154000000	12223.67
148000000	154000000	11766.63
149000000	154000000	8022.2817
150000000	154000000	11725.211
151000000	154000000	19252.395
152000000	154000000	27936.426
153000000	154000000	92870.49
154000000	154000000	502610.34
0	155000000	1308.8491
1000000	155000000	922.5697
2000000	155000000	992.1059
3000000	155000000	1132.9075
4000000	155000000	1076.8453
5000000	155000000	798.5391
6000000	155000000	721.18195
7000000	155000000	760.96124
8000000	155000000	1123.9397
9000000	155000000	889.0415
10000000	155000000	656.2237
11000000	155000000	895.51166
12000000	155000000	857.2219
13000000	155000000	748.32166
14000000	155000000	684.2404
15000000	155000000	805.35876
16000000	155000000	1044.719
17000000	155000000	1149.1825
18000000	155000000	1153.7133
19000000	155000000	944.7785
20000000	155000000	930.74493
21000000	155000000	853.3676
22000000	155000000	849.4916
23000000	155000000	1003.011
24000000	155000000	954.5909
25000000	155000000	983.32477
26000000	155000000	874.14526
27000000	155000000	968.08264
28000000	155000000	825.87103
29000000	155000000	950.65717
30000000	155000000	978.4782
31000000	155000000	933.52356
32000000	155000000	998.83484
33000000	155000000	1040.4376
34000000	155000000	967.5097
35000000	155000000	926.4923
36000000	155000000	1120.2153
37000000	155000000	1079.9224
38000000	155000000	898.41376
39000000	155000000	936.9381
40000000	155000000	844.13245
41000000	155000000	746.0526
42000000	155000000	757.75165
43000000	155000000	774.11
44000000	155000000	675.62164
45000000	155000000	615.0435
46000000	155000000	515.78204
47000000	155000000	410.21448
48000000	155000000	412.56314
49000000	155000000	385.77
50000000	155000000	534.7142
51000000	155000000	657.6917
52000000	155000000	507.3247
53000000	155000000	659.3689
54000000	155000000	777.7221
55000000	155000000	800.5255
56000000	155000000	860.4471
57000000	155000000	784.2104
58000000	155000000	803.7415
59000000	155000000	874.4134
60000000	155000000	933.08075
61000000	155000000	940.143
62000000	155000000	962.0076
63000000	155000000	975.29675
64000000	155000000	894.83344
65000000	155000000	820.775
66000000	155000000	1044.7184
67000000	155000000	1050.2067
68000000	155000000	924.3605
69000000	155000000	1111.1049
70000000	155000000	878.0089
71000000	155000000	965.8169
72000000	155000000	943.0211
73000000	155000000	1067.8473
74000000	155000000	992.4679
75000000	155000000	945.5805
76000000	155000000	944.0946
77000000	155000000	1017.15497
78000000	155000000	1077.1332
79000000	155000000	1143.5615
80000000	155000000	1135.6141
81000000	155000000	1295.8684
82000000	155000000	1040.6508
83000000	155000000	1012.3184
84000000	155000000	1198.7883
85000000	155000000	1214.1958
86000000	155000000	1415.5507
87000000	155000000	1479.6298
88000000	155000000	1488.9613
89000000	155000000	1353.9844
90000000	155000000	980.4287
93000000	155000000	2505.7476
94000000	155000000	2292.4392
95000000	155000000	2354.8984
96000000	155000000	2443.7202
97000000	155000000	2631.909
98000000	155000000	2285.412
99000000	155000000	2523.3777
100000000	155000000	2560.3687
101000000	155000000	2539.9944
102000000	155000000	2600.6848
103000000	155000000	2481.481
104000000	155000000	2215.6128
105000000	155000000	2084.8225
106000000	155000000	2345.2285
107000000	155000000	3237.7168
108000000	155000000	3326.3516
109000000	155000000	3110.1294
110000000	155000000	3335.9673
111000000	155000000	3362.8914
112000000	155000000	2622.5156
113000000	155000000	3275.9224
114000000	155000000	3677.9934
115000000	155000000	3802.4932
116000000	155000000	3598.8625
117000000	155000000	3475.231
118000000	155000000	3656.2544
119000000	155000000	2937.4019
120000000	155000000	3601.0522
121000000	155000000	2632.242
122000000	155000000	2175.7058
123000000	155000000	2638.2063
124000000	155000000	1966.035
125000000	155000000	1923.6781
126000000	155000000	2065.877
127000000	155000000	1934.4968
128000000	155000000	1864.5226
129000000	155000000	2335.6199
130000000	155000000	3210.6438
131000000	155000000	3199.7332
132000000	155000000	3401.9224
133000000	155000000	3325.6743
134000000	155000000	3942.0144
135000000	155000000	3580.0444
136000000	155000000	2933.2378
137000000	155000000	3582.4224
138000000	155000000	4199.793
139000000	155000000	4938.4634
140000000	155000000	4847.122
141000000	155000000	4513.4116
142000000	155000000	5855.5566
143000000	155000000	6611.693
144000000	155000000	7004.4736
145000000	155000000	8086.5225
146000000	155000000	8918.823
147000000	155000000	8680.019
148000000	155000000	10381.912
149000000	155000000	9597.382
150000000	155000000	12813.178
151000000	155000000	15370.331
152000000	155000000	19844.068
153000000	155000000	37308.527
154000000	155000000	117160.7
155000000	155000000	457580.06
0	156000000	1261.42
1000000	156000000	715.9179
2000000	156000000	1034.1248
3000000	156000000	1005.2625
4000000	156000000	1378.5721
5000000	156000000	1058.6682
6000000	156000000	916.8222
7000000	156000000	692.1155
8000000	156000000	1085.3774
9000000	156000000	1243.5756
10000000	156000000	874.9462
11000000	156000000	976.6887
12000000	156000000	998.9952
13000000	156000000	909.258
14000000	156000000	906.6793
15000000	156000000	1459.1709
16000000	156000000	1382.6761
17000000	156000000	1503.837
18000000	156000000	939.91327
19000000	156000000	836.5611
20000000	156000000	939.2396
21000000	156000000	629.30225
22000000	156000000	680.1753
23000000	156000000	1407.9779
24000000	156000000	782.08856
25000000	156000000	928.41907
26000000	156000000	607.9347
27000000	156000000	1005.714
28000000	156000000	877.36005
29000000	156000000	964.0007
30000000	156000000	798.00555
31000000	156000000	1197.4141
32000000	156000000	1246.8708
33000000	156000000	1297.7601
34000000	156000000	891.24756
35000000	156000000	623.396
36000000	156000000	919.26697
37000000	156000000	1236.5497
38000000	156000000	1079.6827
39000000	156000000	1104.3186
40000000	156000000	782.2622
41000000	156000000	808.02893
42000000	156000000	1003.14764
43000000	156000000	883.97516
44000000	156000000	981.3165
45000000	156000000	880.0944
46000000	156000000	819.874
47000000	156000000	717.889
48000000	156000000	649.4533
49000000	156000000	624.4375
50000000	156000000	669.30273
51000000	156000000	718.3446
52000000	156000000	820.1232
53000000	156000000	974.66925
54000000	156000000	597.5395
55000000	156000000	765.1286
56000000	156000000	937.1474
57000000	156000000	1156.4481
58000000	156000000	1125.701
59000000	156000000	937.22375
60000000	156000000	799.13965
61000000	156000000	1026.4745
62000000	156000000	807.6528
63000000	156000000	903.39075
64000000	156000000	708.96936
65000000	156000000	585.6489
66000000	156000000	1016.8276
67000000	156000000	931.0269
68000000	156000000	593.924
69000000	156000000	1155.8597
70000000	156000000	650.6462
71000000	156000000	888.39795
72000000	156000000	1385.0243
73000000	156000000	974.25726
74000000	156000000	595.79346
75000000	156000000	733.0989
76000000	156000000	722.6612
77000000	156000000	718.31433
78000000	156000000	936.53064
79000000	156000000	922.9506
80000000	156000000	879.4505
81000000	156000000	1350.6625
82000000	156000000	949.47565
83000000	156000000	809.86414
84000000	156000000	850.0077
85000000	156000000	1022.04193
86000000	156000000	1035.1387
87000000	156000000	1234.7278
88000000	156000000	1423.5781
89000000	156000000	961.44147
90000000	156000000	733.82227
93000000	156000000	2239.732
94000000	156000000	1787.6506
95000000	156000000	1905.1207
96000000	156000000	1646.2179
97000000	156000000	2264.6953
98000000	156000000	2639.6118
99000000	156000000	2650.679
100000000	156000000	2574.8586
101000000	156000000	3114.9482
102000000	156000000	1898.3251
103000000	156000000	1738.2067
104000000	156000000	1854.7805
105000000	156000000	2886.2515
106000000	156000000	2188.1277
107000000	156000000	3325.2153
108000000	156000000	2876.8232
109000000	156000000	1834.9731
110000000	156000000	2144.119
111000000	156000000	3415.0715
112000000	156000000	3872.3772
113000000	156000000	4029.1975
114000000	156000000	3727.4983
115000000	156000000	3018.2627
116000000	156000000	2386.5417
117000000	156000000	2385.443
118000000	156000000	3385.8318
119000000	156000000	4348.5244
120000000	156000000	3103.9683
121000000	156000000	3624.1184
122000000	156000000	3213.6472
123000000	156000000	2667.0989
124000000	156000000	2457.292
125000000	156000000	2262.5735
126000000	156000000	2088.3865
127000000	156000000	2419.7888
128000000	156000000	2489.6882
129000000	156000000	3020.8923
130000000	156000000	3146.5576
131000000	156000000	2894.0547
132000000	156000000	3316.092
133000000	156000000	3524.627
134000000	156000000	3504.0667
135000000	156000000	2872.9194
136000000	156000000	3638.6345
137000000	156000000	3080.4116
138000000	156000000	3927.5974
139000000	156000000	3554.5981
140000000	156000000	4286.262
141000000	156000000	5890.2183
142000000	156000000	6887.525
143000000	156000000	6897.087
144000000	156000000	4961.6396
145000000	156000000	5572.8657
146000000	156000000	6023.189
147000000	156000000	6225.104
148000000	156000000	8247.146
149000000	156000000	10078.866
150000000	156000000	11731.5
151000000	156000000	11302.935
152000000	156000000	14141.646
153000000	156000000	15281.597
154000000	156000000	24264.682
155000000	156000000	126145.43
156000000	156000000	566128.06
0	157000000	1508.5265
1000000	157000000	1267.3948
2000000	157000000	1220.3954
3000000	157000000	1323.0562
4000000	157000000	920.945
5000000	157000000	914.60144
6000000	157000000	934.53564
7000000	157000000	978.8966
8000000	157000000	1085.4319
9000000	157000000	714.16
10000000	157000000	608.2739
11000000	157000000	718.1928
12000000	157000000	793.41284
13000000	157000000	626.449
14000000	157000000	620.5377
15000000	157000000	659.0908
16000000	157000000	820.5229
17000000	157000000	1009.1339
18000000	157000000	1253.0535
19000000	157000000	1097.2468
20000000	157000000	1003.3052
21000000	157000000	1032.9698
22000000	157000000	1035.3346
23000000	157000000	923.0691
24000000	157000000	1032.2771
25000000	157000000	1030.4424
26000000	157000000	1010.4589
27000000	157000000	1076.3911
28000000	157000000	943.9574
29000000	157000000	1085.7043
30000000	157000000	940.1605
31000000	157000000	895.69165
32000000	157000000	862.52875
33000000	157000000	896.15247
34000000	157000000	1082.2546
35000000	157000000	1150.9166
36000000	157000000	1131.0287
37000000	157000000	911.23627
38000000	157000000	739.72235
39000000	157000000	849.3482
40000000	157000000	719.6468
41000000	157000000	797.72595
42000000	157000000	637.0085
43000000	157000000	748.5196
44000000	157000000	565.82916
45000000	157000000	550.0763
46000000	157000000	426.58432
47000000	157000000	298.90396
48000000	157000000	339.06757
49000000	157000000	337.51535
50000000	157000000	473.8819
51000000	157000000	574.0297
52000000	157000000	359.11758
53000000	157000000	548.031
54000000	157000000	774.0922
55000000	157000000	780.7488
56000000	157000000	803.25867
57000000	157000000	695.56976
58000000	157000000	725.25775
59000000	157000000	692.8034
60000000	157000000	845.94965
61000000	157000000	825.12366
62000000	157000000	904.0749
63000000	157000000	957.41425
64000000	157000000	920.5038
65000000	157000000	918.4356
66000000	157000000	868.8984
67000000	157000000	1006.5284
68000000	157000000	978.31024
69000000	157000000	1032.3439
70000000	157000000	994.8316
71000000	157000000	838.3601
72000000	157000000	713.7566
73000000	157000000	979.8121
74000000	157000000	1079.2687
75000000	157000000	1135.3729
76000000	157000000	1172.6428
77000000	157000000	1214.5757
78000000	157000000	1234.2893
79000000	157000000	1430.5244
80000000	157000000	1438.306
81000000	157000000	1371.496
82000000	157000000	1330.7567
83000000	157000000	1278.2479
84000000	157000000	1561.343
85000000	157000000	1541.9387
86000000	157000000	1730.565
87000000	157000000	1658.0734
88000000	157000000	1678.9014
89000000	157000000	1611.452
90000000	157000000	1312.5464
93000000	157000000	2807.4236
94000000	157000000	2784.4424
95000000	157000000	2656.9333
96000000	157000000	2929.2705
97000000	157000000	2736.7468
98000000	157000000	2237.613
99000000	157000000	2330.0972
100000000	157000000	2414.386
101000000	157000000	2401.1487
102000000	157000000	2998.587
103000000	157000000	2910.2563
104000000	157000000	2790.5432
105000000	157000000	2292.391
106000000	157000000	2623.099
107000000	157000000	2830.5605
108000000	157000000	3246.0742
109000000	157000000	3660.52
110000000	157000000	3709.9763
111000000	157000000	3341.7861
112000000	157000000	2234.8337
113000000	157000000	2709.8027
114000000	157000000	3182.4749
115000000	157000000	3680.0967
116000000	157000000	3852.4038
117000000	157000000	3563.8757
118000000	157000000	3675.0217
119000000	157000000	2480.0867
120000000	157000000	3798.783
121000000	157000000	2410.6213
122000000	157000000	1782.4265
123000000	157000000	2272.1765
124000000	157000000	1592.7382
125000000	157000000	1687.2281
126000000	157000000	1730.5669
127000000	157000000	1566.969
128000000	157000000	1520.0917
129000000	157000000	1850.591
130000000	157000000	3060.5925
131000000	157000000	3269.241
132000000	157000000	3003.2097
133000000	157000000	2776.2903
134000000	157000000	3323.0083
135000000	157000000	3409.1113
136000000	157000000	2868.4814
137000000	157000000	3604.4128
138000000	157000000	3787.4624
139000000	157000000	4502.997
140000000	157000000	4467.2773
141000000	157000000	3734.8728
142000000	157000000	4811.0537
143000000	157000000	5906.4526
144000000	157000000	7753.311
145000000	157000000	8719.524
146000000	157000000	8917.442
147000000	157000000	8654.927
148000000	157000000	8326.502
149000000	157000000	6405.501
150000000	157000000	7595.9346
151000000	157000000	9687.839
152000000	157000000	10408.802
153000000	157000000	16115.8955
154000000	157000000	26559.896
155000000	157000000	40962.348
156000000	157000000	66937.305
157000000	157000000	475107.78
0	158000000	1354.5233
1000000	158000000	1004.8835
2000000	158000000	1109.0326
3000000	158000000	1053.9885
4000000	158000000	1073.1185
5000000	158000000	903.1513
6000000	158000000	770.52454
7000000	158000000	858.85315
8000000	158000000	1108.9891
9000000	158000000	771.5737
10000000	158000000	580.4925
11000000	158000000	806.96857
12000000	158000000	725.2596
13000000	158000000	615.1354
14000000	158000000	623.24725
15000000	158000000	770.3582
16000000	158000000	955.1032
17000000	158000000	1120.6334
18000000	158000000	1115.6829
19000000	158000000	1029.7745
20000000	158000000	972.4713
21000000	158000000	901.9418
22000000	158000000	920.827
23000000	158000000	1046.3954
24000000	158000000	905.3376
25000000	158000000	1097.9036
26000000	158000000	833.9419
27000000	158000000	927.9127
28000000	158000000	923.4715
29000000	158000000	973.96063
30000000	158000000	906.9597
31000000	158000000	905.20715
32000000	158000000	870.35504
33000000	158000000	944.9928
34000000	158000000	1021.6081
35000000	158000000	939.02045
36000000	158000000	1024.8999
37000000	158000000	932.093
38000000	158000000	778.19867
39000000	158000000	864.0509
40000000	158000000	714.0047
41000000	158000000	680.31555
42000000	158000000	671.0258
43000000	158000000	704.19855
44000000	158000000	635.5753
45000000	158000000	516.08344
46000000	158000000	436.45483
47000000	158000000	340.1811
48000000	158000000	358.15955
49000000	158000000	342.33148
50000000	158000000	443.8258
51000000	158000000	584.95013
52000000	158000000	405.0696
53000000	158000000	598.8688
54000000	158000000	768.05115
55000000	158000000	747.507
56000000	158000000	758.9559
57000000	158000000	697.287
58000000	158000000	697.8777
59000000	158000000	710.44403
60000000	158000000	799.8851
61000000	158000000	862.65717
62000000	158000000	858.55963
63000000	158000000	946.70355
64000000	158000000	852.27313
65000000	158000000	850.4271
66000000	158000000	872.1102
67000000	158000000	997.99255
68000000	158000000	850.6289
69000000	158000000	1081.2076
70000000	158000000	823.7568
71000000	158000000	835.9651
72000000	158000000	828.8367
73000000	158000000	939.34924
74000000	158000000	898.1718
75000000	158000000	931.66425
76000000	158000000	1002.3899
77000000	158000000	1015.8423
78000000	158000000	1138.9535
79000000	158000000	1051.0638
80000000	158000000	1118.7708
81000000	158000000	1253.3727
82000000	158000000	1081.6768
83000000	158000000	1066.2338
84000000	158000000	1155.6868
85000000	158000000	1281.1243
86000000	158000000	1432.4688
87000000	158000000	1376.8076
88000000	158000000	1525.8729
89000000	158000000	1310.9644
90000000	158000000	1044.1871
93000000	158000000	2733.939
94000000	158000000	2375.3833
95000000	158000000	2294.3213
96000000	158000000	2269.6802
97000000	158000000	2567.0188
98000000	158000000	2228.4326
99000000	158000000	2497.2734
100000000	158000000	2453.5364
101000000	158000000	2405.4521
102000000	158000000	2495.4526
103000000	158000000	2392.5435
104000000	158000000	2505.8513
105000000	158000000	2403.1091
106000000	158000000	2483.5186
107000000	158000000	2977.0938
108000000	158000000	3243.5542
109000000	158000000	2957.3047
110000000	158000000	3189.7778
111000000	158000000	3355.6978
112000000	158000000	2491.961
113000000	158000000	2868.236
114000000	158000000	3504.477
115000000	158000000	3552.3225
116000000	158000000	3417.852
117000000	158000000	3372.0833
118000000	158000000	3581.5066
119000000	158000000	2781.033
120000000	158000000	3560.2236
121000000	158000000	2588.2534
122000000	158000000	1918.9999
123000000	158000000	2276.211
124000000	158000000	1639.662
125000000	158000000	1694.7383
126000000	158000000	1776.4175
127000000	158000000	1650.5093
128000000	158000000	1595.7247
129000000	158000000	2057.9187
130000000	158000000	2906.2415
131000000	158000000	3032.7551
132000000	158000000	3116.786
133000000	158000000	2893.9663
134000000	158000000	3507.9414
135000000	158000000	3275.2542
136000000	158000000	2998.2795
137000000	158000000	3409.4531
138000000	158000000	3700.33
139000000	158000000	4497.3135
140000000	158000000	4258.1104
141000000	158000000	4102.0415
142000000	158000000	5240.389
143000000	158000000	6342.6743
144000000	158000000	6882.743
145000000	158000000	7220.775
146000000	158000000	7693.9575
147000000	158000000	7283.657
148000000	158000000	8115.153
149000000	158000000	6825.1333
150000000	158000000	7544.4907
151000000	158000000	8532.416
152000000	158000000	9570.061
153000000	158000000	12381.83
154000000	158000000	18060.38
155000000	158000000	23452.094
156000000	158000000	28780.27
157000000	158000000	151678.1
158000000	158000000	460795.66
0	159000000	1249.2689
1000000	159000000	1023.89923
2000000	159000000	1049.4629
3000000	159000000	1135.3145
4000000	159000000	1123.2223
5000000	159000000	936.9912
6000000	159000000	781.1249
7000000	159000000	856.75604
8000000	159000000	1111.814
9000000	159000000	989.9491
10000000	159000000	762.64276
11000000	159000000	905.2068
12000000	159000000	836.8437
13000000	159000000	737.31476
14000000	159000000	783.169
15000000	159000000	935.2208
16000000	159000000	1246.3154
17000000	159000000	1216.2897
18000000	159000000	1100.2747
19000000	159000000	958.16095
20000000	159000000	948.87
21000000	159000000	801.99457
22000000	159000000	857.1538
23000000	159000000	1197.954
24000000	159000000	972.21405
25000000	159000000	960.86725
26000000	159000000	785.94586
27000000	159000000	889.41
28000000	159000000	846.6245
29000000	159000000	1013.02985
30000000	159000000	928.4925
31000000	159000000	966.8967
32000000	159000000	991.87244
33000000	159000000	1013.4727
34000000	159000000	890.107
35000000	159000000	827.3444
36000000	159000000	1041.1023
37000000	159000000	1019.74194
38000000	159000000	890.0373
39000000	159000000	885.25
40000000	159000000	721.7318
41000000	159000000	726.03937
42000000	159000000	816.72296
43000000	159000000	751.24695
44000000	159000000	673.4932
45000000	159000000	665.22
46000000	159000000	502.93268
47000000	159000000	437.9601
48000000	159000000	406.8265
49000000	159000000	395.47
50000000	159000000	537.19275
51000000	159000000	556.6565
52000000	159000000	490.29218
53000000	159000000	599.55804
54000000	159000000	750.55554
55000000	159000000	805.1946
56000000	159000000	836.5529
57000000	159000000	786.773
58000000	159000000	833.49994
59000000	159000000	835.3273
60000000	159000000	885.21014
61000000	159000000	962.44025
62000000	159000000	860.4406
63000000	159000000	972.99896
64000000	159000000	837.27344
65000000	159000000	814.93634
66000000	159000000	897.102
67000000	159000000	978.56604
68000000	159000000	807.4413
69000000	159000000	1054.7437
70000000	159000000	842.6073
71000000	159000000	932.8176
72000000	159000000	932.4898
73000000	159000000	913.052
74000000	159000000	804.2339
75000000	159000000	797.5712
76000000	159000000	877.7453
77000000	159000000	929.28314
78000000	159000000	1008.72516
79000000	159000000	919.0082
80000000	159000000	1029.9266
81000000	159000000	1113.3479
82000000	159000000	892.0054
83000000	159000000	891.05334
84000000	159000000	935.60406
85000000	159000000	1044.038
86000000	159000000	1206.9823
87000000	159000000	1225.1779
88000000	159000000	1311.3677
89000000	159000000	1066.3414
90000000	159000000	909.76044
93000000	159000000	2182.9966
94000000	159000000	1930.4387
95000000	159000000	1979.5593
96000000	159000000	2116.5952
97000000	159000000	2345.913
98000000	159000000	2260.458
99000000	159000000	2484.3848
100000000	159000000	2361.473
101000000	159000000	2427.9526
102000000	159000000	2245.562
103000000	159000000	2146.4717
104000000	159000000	2136.1816
105000000	159000000	2130.399
106000000	159000000	2294.9507
107000000	159000000	3044.027
108000000	159000000	3152.6016
109000000	159000000	2778.6433
110000000	159000000	3027.4766
111000000	159000000	3294.7231
112000000	159000000	2758.2224
113000000	159000000	3329.103
114000000	159000000	3557.8584
115000000	159000000	3498.5503
116000000	159000000	3397.9697
117000000	159000000	3360.77
118000000	159000000	3421.1782
119000000	159000000	3144.629
120000000	159000000	3375.8462
121000000	159000000	2790.686
122000000	159000000	2347.6743
123000000	159000000	2586.2832
124000000	159000000	1917.7758
125000000	159000000	1857.4393
126000000	159000000	1839.888
127000000	159000000	1895.9685
128000000	159000000	1826.1294
129000000	159000000	2258.865
130000000	159000000	3001.2483
131000000	159000000	3069.0098
132000000	159000000	3055.8442
133000000	159000000	3235.4363
134000000	159000000	3748.6985
135000000	159000000	3402.6765
136000000	159000000	2953.9158
137000000	159000000	3371.9448
138000000	159000000	3789.8164
139000000	159000000	4520.1807
140000000	159000000	4417.2607
141000000	159000000	4387.35
142000000	159000000	5433.536
143000000	159000000	6085.6914
144000000	159000000	5710.192
145000000	159000000	6337.255
146000000	159000000	6692.5757
147000000	159000000	6112.797
148000000	159000000	7165.2505
149000000	159000000	6849.1167
150000000	159000000	7683.9097
151000000	159000000	8375.99
152000000	159000000	8862.962
153000000	159000000	10146.045
154000000	159000000	13487.324
155000000	159000000	16458.021
156000000	159000000	17810.77
157000000	159000000	32916.438
158000000	159000000	103086.695
159000000	159000000	488686.97
0	160000000	1275.8519
1000000	160000000	845.0835
2000000	160000000	1032.6141
3000000	160000000	1031.3987
4000000	160000000	1310.1914
5000000	160000000	987.8415
6000000	160000000	880.97766
7000000	160000000	724.1332
8000000	160000000	1062.2244
9000000	160000000	1044.7318
10000000	160000000	662.4833
11000000	160000000	815.7322
12000000	160000000	797.7558
13000000	160000000	685.35144
14000000	160000000	685.28937
15000000	160000000	1093.4156
16000000	160000000	1247.8469
17000000	160000000	1399.7568
18000000	160000000	1031.3848
19000000	160000000	920.29047
20000000	160000000	909.9131
21000000	160000000	707.6116
22000000	160000000	729.6649
23000000	160000000	1268.0603
24000000	160000000	881.88055
25000000	160000000	1030.5054
26000000	160000000	752.189
27000000	160000000	1002.35944
28000000	160000000	854.9674
29000000	160000000	962.12225
30000000	160000000	832.8471
31000000	160000000	1052.2435
32000000	160000000	1018.81445
33000000	160000000	1174.4377
34000000	160000000	807.52454
35000000	160000000	706.7494
36000000	160000000	887.0177
37000000	160000000	1052.6805
38000000	160000000	814.9325
39000000	160000000	910.93054
40000000	160000000	662.46564
41000000	160000000	671.49426
42000000	160000000	797.76294
43000000	160000000	687.0499
44000000	160000000	684.11475
45000000	160000000	622.7751
46000000	160000000	539.1528
47000000	160000000	509.47742
48000000	160000000	470.8571
49000000	160000000	432.96747
50000000	160000000	509.07678
51000000	160000000	542.97424
52000000	160000000	549.4828
53000000	160000000	634.80084
54000000	160000000	472.26218
55000000	160000000	616.32776
56000000	160000000	761.57416
57000000	160000000	829.45056
58000000	160000000	815.98834
59000000	160000000	787.4533
60000000	160000000	730.70984
61000000	160000000	867.34143
62000000	160000000	722.0443
63000000	160000000	805.88275
64000000	160000000	712.0797
65000000	160000000	593.75116
66000000	160000000	875.24915
67000000	160000000	893.9396
68000000	160000000	602.226
69000000	160000000	1007.5625
70000000	160000000	686.93445
71000000	160000000	795.37915
72000000	160000000	975.1888
73000000	160000000	846.26636
74000000	160000000	645.7176
75000000	160000000	770.37695
76000000	160000000	715.215
77000000	160000000	687.8563
78000000	160000000	923.18176
79000000	160000000	829.28217
80000000	160000000	884.8515
81000000	160000000	1089.1193
82000000	160000000	887.034
83000000	160000000	823.77356
84000000	160000000	827.55566
85000000	160000000	895.91724
86000000	160000000	979.3243
87000000	160000000	1083.8026
88000000	160000000	1214.4987
89000000	160000000	959.53815
90000000	160000000	667.2313
93000000	160000000	2265.287
94000000	160000000	1732.7375
95000000	160000000	1937.4922
96000000	160000000	1781.2041
97000000	160000000	2300.1785
98000000	160000000	2470.5095
99000000	160000000	2661.2456
100000000	160000000	2571.9194
101000000	160000000	2884.2861
102000000	160000000	2118.5295
103000000	160000000	1934.3446
104000000	160000000	2004.0907
105000000	160000000	2523.7766
106000000	160000000	2327.2751
107000000	160000000	3517.134
108000000	160000000	3214.3188
109000000	160000000	2417.872
110000000	160000000	2536.547
111000000	160000000	3495.2087
112000000	160000000	3169.0527
113000000	160000000	3885.175
114000000	160000000	3601.197
115000000	160000000	3271.7917
116000000	160000000	2811.0298
117000000	160000000	2730.7795
118000000	160000000	3687.201
119000000	160000000	3684.8628
120000000	160000000	3361.8223
121000000	160000000	3251.6973
122000000	160000000	2546.955
123000000	160000000	2209.204
124000000	160000000	1842.2966
125000000	160000000	1718.2532
126000000	160000000	1613.2566
127000000	160000000	1680.1989
128000000	160000000	1879.4054
129000000	160000000	2263.6436
130000000	160000000	2910.969
131000000	160000000	2845.7502
132000000	160000000	3070.79
133000000	160000000	3167.1028
134000000	160000000	3364.799
135000000	160000000	2842.1104
136000000	160000000	3278.3591
137000000	160000000	3212.0627
138000000	160000000	3826.1846
139000000	160000000	3586.4265
140000000	160000000	3900.7742
141000000	160000000	4814.2886
142000000	160000000	6277.743
143000000	160000000	6249.1035
144000000	160000000	5320.8237
145000000	160000000	5610.323
146000000	160000000	6003.8574
147000000	160000000	5902.805
148000000	160000000	7166.309
149000000	160000000	7382.883
150000000	160000000	8270.097
151000000	160000000	7865.476
152000000	160000000	8598.282
153000000	160000000	8473.552
154000000	160000000	9852.574
155000000	160000000	12763.236
156000000	160000000	15035.325
157000000	160000000	18597.455
158000000	160000000	34233.605
159000000	160000000	126131.45
160000000	160000000	471660.44
0	161000000	1407.3243
1000000	161000000	1085.3112
2000000	161000000	1009.3003
3000000	161000000	1004.17847
4000000	161000000	891.4065
5000000	161000000	797.45544
6000000	161000000	816.95667
7000000	161000000	1034.9882
8000000	161000000	858.45013
9000000	161000000	474.31497
10000000	161000000	356.7006
11000000	161000000	474.37338
12000000	161000000	462.84195
13000000	161000000	394.3963
14000000	161000000	356.17072
15000000	161000000	528.6816
16000000	161000000	729.86957
17000000	161000000	938.43427
18000000	161000000	1135.3469
19000000	161000000	949.03357
20000000	161000000	842.45605
21000000	161000000	915.0469
22000000	161000000	895.29755
23000000	161000000	906.3307
24000000	161000000	876.48724
25000000	161000000	879.3096
26000000	161000000	891.96924
27000000	161000000	908.5874
28000000	161000000	884.81854
29000000	161000000	1027.3868
30000000	161000000	909.7083
31000000	161000000	787.3274
32000000	161000000	598.7515
33000000	161000000	713.87494
34000000	161000000	856.29376
35000000	161000000	953.7158
36000000	161000000	826.90906
37000000	161000000	631.91705
38000000	161000000	456.86163
39000000	161000000	506.23343
40000000	161000000	457.80362
41000000	161000000	469.72562
42000000	161000000	420.43463
43000000	161000000	400.3476
44000000	161000000	333.65213
45000000	161000000	296.3949
46000000	161000000	266.4803
47000000	161000000	227.73656
48000000	161000000	187.20131
49000000	161000000	182.5016
50000000	161000000	243.91125
51000000	161000000	324.16382
52000000	161000000	230.72356
53000000	161000000	352.0301
54000000	161000000	438.81335
55000000	161000000	433.59134
56000000	161000000	433.64124
57000000	161000000	405.9306
58000000	161000000	430.54456
59000000	161000000	545.4635
60000000	161000000	640.7738
61000000	161000000	654.6253
62000000	161000000	658.2167
63000000	161000000	666.7034
64000000	161000000	692.76636
65000000	161000000	698.3552
66000000	161000000	662.68054
67000000	161000000	623.1016
68000000	161000000	730.27637
69000000	161000000	718.6908
70000000	161000000	774.4825
71000000	161000000	628.2
72000000	161000000	471.745
73000000	161000000	683.9577
74000000	161000000	790.58997
75000000	161000000	831.07623
76000000	161000000	903.44055
77000000	161000000	916.14777
78000000	161000000	870.5843
79000000	161000000	932.9606
80000000	161000000	1016.895
81000000	161000000	894.67114
82000000	161000000	836.96515
83000000	161000000	925.72186
84000000	161000000	965.1634
85000000	161000000	1076.5049
86000000	161000000	1168.3479
87000000	161000000	1131.0764
88000000	161000000	1109.2415
89000000	161000000	1182.6761
90000000	161000000	898.5036
93000000	161000000	1983.0507
94000000	161000000	2167.66
95000000	161000000	2222.5603
96000000	161000000	2388.3044
97000000	161000000	2220.2522
98000000	161000000	1989.2451
99000000	161000000	2085.7136
100000000	161000000	2048.5442
101000000	161000000	1956.8352
102000000	161000000	2515.7166
103000000	161000000	2649.9224
104000000	161000000	2589.622
105000000	161000000	1961.528
106000000	161000000	2442.4246
107000000	161000000	2584.828
108000000	161000000	2901.8835
109000000	161000000	3376.61
110000000	161000000	3344.2554
111000000	161000000	2750.8206
112000000	161000000	1740.874
113000000	161000000	2092.783
114000000	161000000	2664.5413
115000000	161000000	3209.844
116000000	161000000	3315.1802
117000000	161000000	3519.9363
118000000	161000000	3256.2222
119000000	161000000	2226.1812
120000000	161000000	3191.5034
121000000	161000000	1901.2357
122000000	161000000	1209.0912
123000000	161000000	1240.8232
124000000	161000000	974.36255
125000000	161000000	918.841
126000000	161000000	961.1164
127000000	161000000	913.94324
128000000	161000000	839.826
129000000	161000000	1241.7004
130000000	161000000	2272.7537
131000000	161000000	2462.122
132000000	161000000	2152.6394
133000000	161000000	1969.5521
134000000	161000000	2501.0146
135000000	161000000	2619.81
136000000	161000000	2284.0647
137000000	161000000	2930.218
138000000	161000000	2843.951
139000000	161000000	3261.0588
140000000	161000000	3061.166
141000000	161000000	2660.5105
142000000	161000000	3571.767
143000000	161000000	4746.429
144000000	161000000	6327.265
145000000	161000000	7057.9155
146000000	161000000	7306.143
147000000	161000000	7254.112
148000000	161000000	6585.667
149000000	161000000	4865.0444
150000000	161000000	5369.9736
151000000	161000000	7058.9653
152000000	161000000	7010.25
153000000	161000000	9181.238
154000000	161000000	10735.546
155000000	161000000	9680.353
156000000	161000000	8578.17
157000000	161000000	15628.121
158000000	161000000	19554.123
159000000	161000000	28673.195
160000000	161000000	106672.04
161000000	161000000	465964.16
0	162000000	1333.5719
1000000	162000000	1240.9554
2000000	162000000	1021.71436
3000000	162000000	1031.4984
4000000	162000000	721.6619
5000000	162000000	771.8128
6000000	162000000	973.9258
7000000	162000000	1110.7789
8000000	162000000	813.4736
9000000	162000000	381.9464
10000000	162000000	309.40158
11000000	162000000	363.0404
12000000	162000000	382.078
13000000	162000000	314.0696
14000000	162000000	285.56076
15000000	162000000	369.50903
16000000	162000000	579.9696
17000000	162000000	768.47894
18000000	162000000	1213.3632
19000000	162000000	1106.7904
20000000	162000000	901.15515
21000000	162000000	1031.1438
22000000	162000000	1023.0463
23000000	162000000	661.26904
24000000	162000000	948.26324
25000000	162000000	886.30414
26000000	162000000	1068.1906
27000000	162000000	815.2008
28000000	162000000	881.30457
29000000	162000000	949.1771
30000000	162000000	844.49365
31000000	162000000	654.8757
32000000	162000000	514.4786
33000000	162000000	589.9297
34000000	162000000	833.0154
35000000	162000000	1045.4081
36000000	162000000	842.6199
37000000	162000000	475.7206
38000000	162000000	432.58762
39000000	162000000	408.47336
40000000	162000000	407.6192
41000000	162000000	464.86847
42000000	162000000	331.9306
43000000	162000000	347.71912
44000000	162000000	269.8607
45000000	162000000	189.16144
46000000	162000000	199.29764
47000000	162000000	168.46596
48000000	162000000	202.0412
49000000	162000000	171.6651
50000000	162000000	221.86482
51000000	162000000	309.3281
52000000	162000000	180.05817
53000000	162000000	250.4126
54000000	162000000	403.457
55000000	162000000	383.74408
56000000	162000000	336.55933
57000000	162000000	270.31274
58000000	162000000	313.43582
59000000	162000000	355.0616
60000000	162000000	588.9521
61000000	162000000	538.41296
62000000	162000000	644.1349
63000000	162000000	656.38104
64000000	162000000	668.74176
65000000	162000000	731.3743
66000000	162000000	520.3445
67000000	162000000	610.0132
68000000	162000000	793.1227
69000000	162000000	663.1291
70000000	162000000	809.60095
71000000	162000000	506.99002
72000000	162000000	351.45547
73000000	162000000	619.0732
74000000	162000000	949.5796
75000000	162000000	816.48474
76000000	162000000	1105.4946
77000000	162000000	1086.7031
78000000	162000000	841.63806
79000000	162000000	1020.90796
80000000	162000000	1106.2397
81000000	162000000	754.2726
82000000	162000000	1050.5575
83000000	162000000	1088.8207
84000000	162000000	1159.4392
85000000	162000000	1166.0048
86000000	162000000	1308.5046
87000000	162000000	1119.4677
88000000	162000000	1001.4661
89000000	162000000	1274.462
90000000	162000000	1007.68195
93000000	162000000	1593.8658
94000000	162000000	2277.1194
95000000	162000000	2344.1157
96000000	162000000	2451.0476
97000000	162000000	2135.3237
98000000	162000000	1761.8372
99000000	162000000	1795.7095
100000000	162000000	1923.9554
101000000	162000000	1701.6185
102000000	162000000	2616.6633
103000000	162000000	3060.0657
104000000	162000000	2739.7266
105000000	162000000	1732.3046
106000000	162000000	2395.6243
107000000	162000000	2172.1147
108000000	162000000	2707.037
109000000	162000000	3858.0703
110000000	162000000	3364.5627
111000000	162000000	2329.2307
112000000	162000000	1301.4531
113000000	162000000	1493.5392
114000000	162000000	2319.8027
115000000	162000000	2957.3206
116000000	162000000	3306.8618
117000000	162000000	3540.8806
118000000	162000000	2813.665
119000000	162000000	1697.4685
120000000	162000000	3056.843
121000000	162000000	1555.3259
122000000	162000000	872.6275
123000000	162000000	1025.5286
124000000	162000000	701.4509
125000000	162000000	774.92456
126000000	162000000	717.01886
127000000	162000000	662.4179
128000000	162000000	653.58875
129000000	162000000	1028.5061
130000000	162000000	1991.2157
131000000	162000000	2092.654
132000000	162000000	1968.3849
133000000	162000000	1614.4098
134000000	162000000	1965.5331
135000000	162000000	2197.2134
136000000	162000000	1816.9764
137000000	162000000	2665.6292
138000000	162000000	2366.0957
139000000	162000000	2803.111
140000000	162000000	2419.7207
141000000	162000000	1924.8112
142000000	162000000	2834.0645
143000000	162000000	4238.4053
144000000	162000000	6886.336
145000000	162000000	7565.738
146000000	162000000	7549.3525
147000000	162000000	7216.865
148000000	162000000	5995.1797
149000000	162000000	3895.906
150000000	162000000	4344.0938
151000000	162000000	6325.46
152000000	162000000	6431.881
153000000	162000000	8660.952
154000000	162000000	10541.634
155000000	162000000	8167.0547
156000000	162000000	6827.943
157000000	162000000	14027.157
158000000	162000000	14972.48
159000000	162000000	18214.182
160000000	162000000	30266.09
161000000	162000000	139888.73
162000000	162000000	529469.7
0	163000000	1362.7395
1000000	163000000	1333.2773
2000000	163000000	989.22314
3000000	163000000	1002.7951
4000000	163000000	721.8232
5000000	163000000	744.94696
6000000	163000000	949.8484
7000000	163000000	1133.6514
8000000	163000000	828.953
9000000	163000000	382.97656
10000000	163000000	300.28268
11000000	163000000	400.6999
12000000	163000000	394.27585
13000000	163000000	312.8117
14000000	163000000	311.8537
15000000	163000000	386.7907
16000000	163000000	640.72626
17000000	163000000	833.3341
18000000	163000000	1188.275
19000000	163000000	1034.9359
20000000	163000000	946.96936
21000000	163000000	990.48346
22000000	163000000	1015.81396
23000000	163000000	661.4077
24000000	163000000	873.94257
25000000	163000000	848.1858
26000000	163000000	1121.2526
27000000	163000000	910.61127
28000000	163000000	970.0695
29000000	163000000	980.9362
30000000	163000000	838.41534
31000000	163000000	678.6598
32000000	163000000	508.44153
33000000	163000000	560.3481
34000000	163000000	963.67084
35000000	163000000	1034.4315
36000000	163000000	829.528
37000000	163000000	446.0733
38000000	163000000	344.36414
39000000	163000000	470.698
40000000	163000000	436.98834
41000000	163000000	522.7999
42000000	163000000	315.82645
43000000	163000000	337.27722
44000000	163000000	309.16223
45000000	163000000	227.27315
46000000	163000000	166.72548
47000000	163000000	197.39732
48000000	163000000	162.25117
49000000	163000000	174.70152
50000000	163000000	210.2829
51000000	163000000	282.82108
52000000	163000000	177.19298
53000000	163000000	260.1727
54000000	163000000	432.29562
55000000	163000000	387.5306
56000000	163000000	327.8818
57000000	163000000	318.3425
58000000	163000000	338.04935
59000000	163000000	459.40472
60000000	163000000	646.2897
61000000	163000000	544.56146
62000000	163000000	601.2044
63000000	163000000	586.9266
64000000	163000000	672.46063
65000000	163000000	733.6667
66000000	163000000	528.0305
67000000	163000000	577.88544
68000000	163000000	708.7307
69000000	163000000	618.41016
70000000	163000000	840.97595
71000000	163000000	551.376
72000000	163000000	373.39294
73000000	163000000	614.3982
74000000	163000000	1036.4873
75000000	163000000	807.2182
76000000	163000000	991.51544
77000000	163000000	898.24854
78000000	163000000	884.45514
79000000	163000000	908.9574
80000000	163000000	1077.1138
81000000	163000000	785.7949
82000000	163000000	913.1349
83000000	163000000	930.60583
84000000	163000000	1145.4203
85000000	163000000	1123.9697
86000000	163000000	1214.31
87000000	163000000	1104.8932
88000000	163000000	1002.2221
89000000	163000000	1264.0865
90000000	163000000	974.96
93000000	163000000	1593.3503
94000000	163000000	2072.7268
95000000	163000000	2153.4878
96000000	163000000	2483.636
97000000	163000000	2137.3125
98000000	163000000	1751.5637
99000000	163000000	1812.3558
100000000	163000000	1925.5723
101000000	163000000	1754.3455
102000000	163000000	2675.095
103000000	163000000	3061.7236
104000000	163000000	2689.5764
105000000	163000000	1619.5703
106000000	163000000	2492.6506
107000000	163000000	2096.6245
108000000	163000000	2841.766
109000000	163000000	3914.6821
110000000	163000000	3496.2048
111000000	163000000	2273.5898
112000000	163000000	1271.5654
113000000	163000000	1533.2349
114000000	163000000	2251.7751
115000000	163000000	3131.2397
116000000	163000000	3395.1018
117000000	163000000	3646.0059
118000000	163000000	3022.4126
119000000	163000000	1691.8693
120000000	163000000	3351.2332
121000000	163000000	1653.644
122000000	163000000	872.332
123000000	163000000	989.41986
124000000	163000000	720.3423
125000000	163000000	716.11523
126000000	163000000	759.952
127000000	163000000	725.44965
128000000	163000000	577.6564
129000000	163000000	1035.4625
130000000	163000000	2122.9583
131000000	163000000	2150.0242
132000000	163000000	1991.8318
133000000	163000000	1623.9393
134000000	163000000	2009.4015
135000000	163000000	2482.6982
136000000	163000000	1896.0487
137000000	163000000	2893.1995
138000000	163000000	2350.2832
139000000	163000000	2892.4985
140000000	163000000	2433.5562
141000000	163000000	1988.6246
142000000	163000000	2706.297
143000000	163000000	3954.792
144000000	163000000	6639.9126
145000000	163000000	7594.263
146000000	163000000	7717.421
147000000	163000000	6873.516
148000000	163000000	6276.295
149000000	163000000	3972.1538
150000000	163000000	4421.5435
151000000	163000000	6295.5117
152000000	163000000	6141.085
153000000	163000000	8838.276
154000000	163000000	10389.591
155000000	163000000	7982.0864
156000000	163000000	6673.1616
157000000	163000000	13119.991
158000000	163000000	13122.53
159000000	163000000	14572.001
160000000	163000000	22533.656
161000000	163000000	62388.13
162000000	163000000	107620.72
163000000	163000000	509056.34
0	164000000	1347.0278
1000000	164000000	1325.5236
2000000	164000000	1131.2925
3000000	164000000	1067.4143
4000000	164000000	743.89246
5000000	164000000	682.4078
6000000	164000000	768.51245
7000000	164000000	967.3609
8000000	164000000	852.6846
9000000	164000000	387.91077
10000000	164000000	248.01718
11000000	164000000	404.78503
12000000	164000000	392.04108
13000000	164000000	310.03854
14000000	164000000	322.06607
15000000	164000000	351.10474
16000000	164000000	625.58545
17000000	164000000	774.8833
18000000	164000000	1230.6729
19000000	164000000	1089.6553
20000000	164000000	897.4226
21000000	164000000	1087.1589
22000000	164000000	1020.6956
23000000	164000000	645.64923
24000000	164000000	958.04004
25000000	164000000	922.79193
26000000	164000000	995.36487
27000000	164000000	887.2413
28000000	164000000	959.99274
29000000	164000000	955.046
30000000	164000000	885.0791
31000000	164000000	604.6232
32000000	164000000	512.7309
33000000	164000000	604.46063
34000000	164000000	955.1277
35000000	164000000	1070.3275
36000000	164000000	853.74097
37000000	164000000	478.0332
38000000	164000000	402.47818
39000000	164000000	445.96207
40000000	164000000	429.18884
41000000	164000000	484.18713
42000000	164000000	335.555
43000000	164000000	314.8519
44000000	164000000	298.72885
45000000	164000000	220.58977
46000000	164000000	197.81444
47000000	164000000	170.2386
48000000	164000000	164.55261
49000000	164000000	185.70006
50000000	164000000	243.15515
51000000	164000000	295.282
52000000	164000000	200.54913
53000000	164000000	246.14503
54000000	164000000	420.00674
55000000	164000000	423.02362
56000000	164000000	384.53226
57000000	164000000	327.25455
58000000	164000000	326.64612
59000000	164000000	412.20865
60000000	164000000	587.52905
61000000	164000000	539.73376
62000000	164000000	602.6153
63000000	164000000	681.57135
64000000	164000000	677.7957
65000000	164000000	684.2078
66000000	164000000	513.70874
67000000	164000000	648.3066
68000000	164000000	730.3595
69000000	164000000	653.87775
70000000	164000000	793.98596
71000000	164000000	517.99805
72000000	164000000	344.89957
73000000	164000000	655.9
74000000	164000000	987.4388
75000000	164000000	804.91095
76000000	164000000	915.01794
77000000	164000000	1044.1144
78000000	164000000	919.3343
79000000	164000000	979.1592
80000000	164000000	1143.5262
81000000	164000000	763.6764
82000000	164000000	838.7299
83000000	164000000	1065.1985
84000000	164000000	1066.0167
85000000	164000000	1217.3042
86000000	164000000	1312.958
87000000	164000000	1070.685
88000000	164000000	1080.3195
89000000	164000000	1147.1434
90000000	164000000	860.419
93000000	164000000	1553.8898
94000000	164000000	2104.5454
95000000	164000000	2005.3843
96000000	164000000	2516.5732
97000000	164000000	2126.3467
98000000	164000000	1664.2289
99000000	164000000	1760.8269
100000000	164000000	1920.1923
101000000	164000000	1602.287
102000000	164000000	2862.5674
103000000	164000000	3136.124
104000000	164000000	2626.9033
105000000	164000000	1425.6464
106000000	164000000	2343.9316
107000000	164000000	2116.5198
108000000	164000000	2854.7114
109000000	164000000	3914.3813
110000000	164000000	3496.0203
111000000	164000000	2231.9854
112000000	164000000	1179.3451
113000000	164000000	1534.3485
114000000	164000000	2381.9778
115000000	164000000	3252.356
116000000	164000000	3688.133
117000000	164000000	3647.0112
118000000	164000000	2885.0278
119000000	164000000	1579.7635
120000000	164000000	3168.0796
121000000	164000000	1380.1277
122000000	164000000	732.31024
123000000	164000000	975.68945
124000000	164000000	654.9421
125000000	164000000	749.6081
126000000	164000000	769.0592
127000000	164000000	737.16394
128000000	164000000	638.77905
129000000	164000000	925.47473
130000000	164000000	1976.3164
131000000	164000000	2264.9507
132000000	164000000	1979.863
133000000	164000000	1681.43
134000000	164000000	2172.7495
135000000	164000000	2392.5217
136000000	164000000	1762.0343
137000000	164000000	2701.624
138000000	164000000	2485.5051
139000000	164000000	2940.8054
140000000	164000000	2446.5854
141000000	164000000	2007.7767
142000000	164000000	2907.5977
143000000	164000000	4188.656
144000000	164000000	7272.8975
145000000	164000000	8020.5396
146000000	164000000	7986.573
147000000	164000000	7483.321
148000000	164000000	6467.105
149000000	164000000	3775.165
150000000	164000000	4507.0303
151000000	164000000	6413.1055
152000000	164000000	5832.284
153000000	164000000	8834.737
154000000	164000000	10287.208
155000000	164000000	8180.1616
156000000	164000000	6258.9844
157000000	164000000	12061.697
158000000	164000000	12141.208
159000000	164000000	13281.156
160000000	164000000	18508.21
161000000	164000000	41672.395
162000000	164000000	52683.734
163000000	164000000	131783.84
164000000	164000000	501911.9
0	165000000	1409.73
1000000	165000000	1356.2758
2000000	165000000	1124.8983
3000000	165000000	1075.0463
4000000	165000000	800.57324
5000000	165000000	735.363
6000000	165000000	978.2007
7000000	165000000	1121.7272
8000000	165000000	846.5493
9000000	165000000	400.94278
10000000	165000000	288.17212
11000000	165000000	440.00183
12000000	165000000	411.32965
13000000	165000000	323.80673
14000000	165000000	298.1342
15000000	165000000	366.38614
16000000	165000000	617.1755
17000000	165000000	833.09863
18000000	165000000	1170.7819
19000000	165000000	1108.5676
20000000	165000000	1017.58563
21000000	165000000	1138.0449
22000000	165000000	1048.7994
23000000	165000000	702.99646
24000000	165000000	886.2272
25000000	165000000	892.0505
26000000	165000000	1057.0327
27000000	165000000	929.0927
28000000	165000000	1003.8773
29000000	165000000	930.7802
30000000	165000000	955.919
31000000	165000000	672.02295
32000000	165000000	568.2444
33000000	165000000	557.7582
34000000	165000000	967.0477
35000000	165000000	1039.9843
36000000	165000000	829.416
37000000	165000000	497.6314
38000000	165000000	425.2358
39000000	165000000	535.08875
40000000	165000000	508.05167
41000000	165000000	452.36606
42000000	165000000	357.048
43000000	165000000	348.7657
44000000	165000000	310.3489
45000000	165000000	228.2779
46000000	165000000	171.68027
47000000	165000000	173.44481
48000000	165000000	195.53964
49000000	165000000	183.44936
50000000	165000000	215.71945
51000000	165000000	284.59018
52000000	165000000	182.11452
53000000	165000000	266.7034
54000000	165000000	416.22556
55000000	165000000	385.72192
56000000	165000000	381.0999
57000000	165000000	308.02835
58000000	165000000	309.29947
59000000	165000000	399.1223
60000000	165000000	622.92694
61000000	165000000	547.36664
62000000	165000000	651.3615
63000000	165000000	672.5438
64000000	165000000	723.2728
65000000	165000000	652.0886
66000000	165000000	552.07416
67000000	165000000	622.40515
68000000	165000000	818.2786
69000000	165000000	711.13995
70000000	165000000	832.5785
71000000	165000000	579.294
72000000	165000000	379.53696
73000000	165000000	628.3923
74000000	165000000	891.1818
75000000	165000000	779.35754
76000000	165000000	983.36945
77000000	165000000	1023.9998
78000000	165000000	850.4391
79000000	165000000	972.74506
80000000	165000000	1160.8944
81000000	165000000	787.8473
82000000	165000000	893.6602
83000000	165000000	1120.2941
84000000	165000000	1154.0845
85000000	165000000	1255.1439
86000000	165000000	1340.6182
87000000	165000000	1063.709
88000000	165000000	1035.9161
89000000	165000000	1201.5149
90000000	165000000	850.19275
93000000	165000000	1654.4695
94000000	165000000	2103.69
95000000	165000000	2250.3374
96000000	165000000	2442.1846
97000000	165000000	2094.3923
98000000	165000000	1834.9725
99000000	165000000	1770.9574
100000000	165000000	1894.6058
101000000	165000000	1754.1691
102000000	165000000	2895.4106
103000000	165000000	3028.999
104000000	165000000	2788.704
105000000	165000000	1637.2334
106000000	165000000	2414.4119
107000000	165000000	2139.9941
108000000	165000000	2910.4253
109000000	165000000	3719.7878
110000000	165000000	3520.153
111000000	165000000	2381.7825
112000000	165000000	1340.8638
113000000	165000000	1517.6764
114000000	165000000	2365.0503
115000000	165000000	3225.3367
116000000	165000000	3752.9124
117000000	165000000	3687.9688
118000000	165000000	2896.5015
119000000	165000000	1691.2866
120000000	165000000	3190.5632
121000000	165000000	1590.7878
122000000	165000000	832.5757
123000000	165000000	949.516
124000000	165000000	713.69855
125000000	165000000	708.6653
126000000	165000000	764.70575
127000000	165000000	701.68225
128000000	165000000	613.9184
129000000	165000000	1015.3923
130000000	165000000	2123.0205
131000000	165000000	2326.9194
132000000	165000000	2097.4167
133000000	165000000	1712.9917
134000000	165000000	2175.3206
135000000	165000000	2483.515
136000000	165000000	1873.1345
137000000	165000000	2672.1553
138000000	165000000	2396.7705
139000000	165000000	2878.1304
140000000	165000000	2504.1743
141000000	165000000	2028.7731
142000000	165000000	3080.9082
143000000	165000000	3973.1177
144000000	165000000	7093.1143
145000000	165000000	8241.984
146000000	165000000	8202.875
147000000	165000000	7566.2983
148000000	165000000	6385.421
149000000	165000000	4050.5842
150000000	165000000	4560.9214
151000000	165000000	6210.8975
152000000	165000000	5802.3936
153000000	165000000	8536.556
154000000	165000000	10046.861
155000000	165000000	7572.9487
156000000	165000000	5959.55
157000000	165000000	10908.979
158000000	165000000	10845.91
159000000	165000000	10826.515
160000000	165000000	13392.208
161000000	165000000	22618.373
162000000	165000000	24327.605
163000000	165000000	37219.477
164000000	165000000	86269.42
165000000	165000000	508870.97
0	166000000	1492.4354
1000000	166000000	1705.4
2000000	166000000	1254.3416
3000000	166000000	1206.1571
4000000	166000000	773.53827
5000000	166000000	708.2007
6000000	166000000	839.6111
7000000	166000000	1209.146
8000000	166000000	940.4173
9000000	166000000	403.487
10000000	166000000	307.6837
11000000	166000000	393.98877
12000000	166000000	447.3326
13000000	166000000	337.66287
14000000	166000000	319.79517
15000000	166000000	300.8446
16000000	166000000	557.20593
17000000	166000000	717.26447
18000000	166000000	1389.2043
19000000	166000000	1142.192
20000000	166000000	1082.7552
21000000	166000000	1273.8748
22000000	166000000	1149.8602
23000000	166000000	593.76135
24000000	166000000	1091.0945
25000000	166000000	999.406
26000000	166000000	1204.4688
27000000	166000000	1023.9966
28000000	166000000	950.65875
29000000	166000000	981.47534
30000000	166000000	1014.64526
31000000	166000000	632.00165
32000000	166000000	531.4269
33000000	166000000	628.9353
34000000	166000000	1081.2609
35000000	166000000	1123.537
36000000	166000000	947.6344
37000000	166000000	471.21045
38000000	166000000	406.38083
39000000	166000000	457.33298
40000000	166000000	500.45285
41000000	166000000	471.6944
42000000	166000000	305.05255
43000000	166000000	312.91254
44000000	166000000	280.56345
45000000	166000000	200.18414
46000000	166000000	180.72348
47000000	166000000	161.54735
48000000	166000000	188.00923
49000000	166000000	159.55003
50000000	166000000	236.14258
51000000	166000000	329.96603
52000000	166000000	197.6868
53000000	166000000	253.03044
54000000	166000000	465.41638
55000000	166000000	457.91718
56000000	166000000	344.58548
57000000	166000000	298.1651
58000000	166000000	313.6977
59000000	166000000	397.57376
60000000	166000000	675.4382
61000000	166000000	530.76965
62000000	166000000	675.07684
63000000	166000000	763.13446
64000000	166000000	700.136
65000000	166000000	831.71155
66000000	166000000	564.75275
67000000	166000000	689.14886
68000000	166000000	872.78796
69000000	166000000	705.7445
70000000	166000000	969.3865
71000000	166000000	547.6237
72000000	166000000	350.76993
73000000	166000000	677.8448
74000000	166000000	1123.3657
75000000	166000000	826.88043
76000000	166000000	1003.02344
77000000	166000000	1154.3099
78000000	166000000	918.0039
79000000	166000000	1067.4435
80000000	166000000	1242.5565
81000000	166000000	718.4239
82000000	166000000	957.48596
83000000	166000000	1033.9036
84000000	166000000	1191.4606
85000000	166000000	1283.7855
86000000	166000000	1409.9142
87000000	166000000	1112.1273
88000000	166000000	1037.4635
89000000	166000000	1288.0955
90000000	166000000	1052.5619
93000000	166000000	1584.4338
94000000	166000000	2169.9285
95000000	166000000	2115.1545
96000000	166000000	2725.3586
97000000	166000000	2195.1333
98000000	166000000	1621.0458
99000000	166000000	1692.6727
100000000	166000000	1820.7625
101000000	166000000	1538.9204
102000000	166000000	2944.1663
103000000	166000000	3068.2651
104000000	166000000	2667.6255
105000000	166000000	1296.6831
106000000	166000000	2404.0884
107000000	166000000	2023.0901
108000000	166000000	2755.4883
109000000	166000000	4361.552
110000000	166000000	3753.398
111000000	166000000	2196.165
112000000	166000000	1027.4797
113000000	166000000	1293.7968
114000000	166000000	2247.489
115000000	166000000	3292.0115
116000000	166000000	3877.1282
117000000	166000000	3770.1704
118000000	166000000	2696.685
119000000	166000000	1407.7983
120000000	166000000	2989.9429
121000000	166000000	1274.5078
122000000	166000000	646.1796
123000000	166000000	944.65497
124000000	166000000	589.70374
125000000	166000000	685.09106
126000000	166000000	729.2492
127000000	166000000	596.96497
128000000	166000000	571.36005
129000000	166000000	903.9851
130000000	166000000	1986.8777
131000000	166000000	2267.7505
132000000	166000000	1972.6357
133000000	166000000	1612.9934
134000000	166000000	1998.4081
135000000	166000000	2586.3066
136000000	166000000	1549.9562
137000000	166000000	2544.2407
138000000	166000000	2327.4668
139000000	166000000	2987.3467
140000000	166000000	2417.9832
141000000	166000000	1689.0664
142000000	166000000	2532.9834
143000000	166000000	3909.046
144000000	166000000	7535.1685
145000000	166000000	8258.204
146000000	166000000	8420.867
147000000	166000000	7339.1226
148000000	166000000	6259.1904
149000000	166000000	3260.3281
150000000	166000000	4022.2383
151000000	166000000	5762.168
152000000	166000000	5047.2754
153000000	166000000	8126.8657
154000000	166000000	9873.62
155000000	166000000	7310.7524
156000000	166000000	5064.6787
157000000	166000000	10055.343
158000000	166000000	9281.877
159000000	166000000	9089.831
160000000	166000000	9893.999
161000000	166000000	15480.103
162000000	166000000	17862.398
163000000	166000000	23394.562
164000000	166000000	37738.406
165000000	166000000	126978.94
166000000	166000000	525328.1
0	167000000	1528.987
1000000	167000000	1169.3518
2000000	167000000	1129.3044
3000000	167000000	1158.1643
4000000	167000000	1121.5819
5000000	167000000	880.4504
6000000	167000000	856.3446
7000000	167000000	868.77203
8000000	167000000	1007.5548
9000000	167000000	592.9787
10000000	167000000	452.87314
11000000	167000000	571.3904
12000000	167000000	575.4479
13000000	167000000	455.86652
14000000	167000000	467.63135
15000000	167000000	574.84546
16000000	167000000	886.2388
17000000	167000000	1076.1453
18000000	167000000	1170.405
19000000	167000000	1070.7816
20000000	167000000	1040.4261
21000000	167000000	967.1795
22000000	167000000	962.7865
23000000	167000000	1018.209
24000000	167000000	1057.8069
25000000	167000000	1014.49603
26000000	167000000	941.87036
27000000	167000000	969.1703
28000000	167000000	957.3655
29000000	167000000	1072.6874
30000000	167000000	975.21277
31000000	167000000	852.9374
32000000	167000000	755.3357
33000000	167000000	871.6243
34000000	167000000	930.581
35000000	167000000	925.7642
36000000	167000000	992.33105
37000000	167000000	716.09045
38000000	167000000	579.8532
39000000	167000000	654.1512
40000000	167000000	493.78717
41000000	167000000	495.48273
42000000	167000000	468.19653
43000000	167000000	440.6473
44000000	167000000	398.95886
45000000	167000000	324.11563
46000000	167000000	284.48502
47000000	167000000	269.6752
48000000	167000000	290.22568
49000000	167000000	229.11057
50000000	167000000	287.06586
51000000	167000000	361.3152
52000000	167000000	348.26712
53000000	167000000	370.08667
54000000	167000000	439.65033
55000000	167000000	517.3231
56000000	167000000	544.7347
57000000	167000000	454.3191
58000000	167000000	481.50717
59000000	167000000	585.74146
60000000	167000000	609.4565
61000000	167000000	665.59
62000000	167000000	604.1315
63000000	167000000	754.1618
64000000	167000000	615.59595
65000000	167000000	585.92285
66000000	167000000	742.91296
67000000	167000000	731.5096
68000000	167000000	723.2023
69000000	167000000	865.32263
70000000	167000000	728.1577
71000000	167000000	667.0223
72000000	167000000	650.60394
73000000	167000000	786.88165
74000000	167000000	720.93964
75000000	167000000	706.4673
76000000	167000000	815.3833
77000000	167000000	828.0342
78000000	167000000	881.4637
79000000	167000000	909.7456
80000000	167000000	930.938
81000000	167000000	975.2877
82000000	167000000	884.921
83000000	167000000	874.08167
84000000	167000000	914.826
85000000	167000000	978.54755
86000000	167000000	1148.7678
87000000	167000000	1147.6066
88000000	167000000	1065.467
89000000	167000000	957.77344
90000000	167000000	721.76764
93000000	167000000	1766.9271
94000000	167000000	1767.5786
95000000	167000000	1814.4352
96000000	167000000	1923.317
97000000	167000000	2121.809
98000000	167000000	1806.0789
99000000	167000000	1989.2808
100000000	167000000	2047.9651
101000000	167000000	2160.8257
102000000	167000000	2453.3518
103000000	167000000	2383.0635
104000000	167000000	2209.2583
105000000	167000000	1915.7573
106000000	167000000	2152.2412
107000000	167000000	2683.8276
108000000	167000000	2775.9004
109000000	167000000	2563.711
110000000	167000000	2830.8328
111000000	167000000	2721.1125
112000000	167000000	1861.8173
113000000	167000000	2191.145
114000000	167000000	2853.083
115000000	167000000	3118.133
116000000	167000000	2971.9307
117000000	167000000	2882.1929
118000000	167000000	2862.8542
119000000	167000000	2311.9397
120000000	167000000	2836.0496
121000000	167000000	2037.7667
122000000	167000000	1341.6733
123000000	167000000	1252.6176
124000000	167000000	983.38416
125000000	167000000	974.482
126000000	167000000	939.3413
127000000	167000000	947.40704
128000000	167000000	979.19543
129000000	167000000	1440.2018
130000000	167000000	2285.8972
131000000	167000000	2209.0698
132000000	167000000	2290.8694
133000000	167000000	2047.7596
134000000	167000000	2453.7727
135000000	167000000	2293.1526
136000000	167000000	2034.9406
137000000	167000000	2446.0483
138000000	167000000	2650.723
139000000	167000000	2835.219
140000000	167000000	2699.9827
141000000	167000000	2701.9424
142000000	167000000	3851.6304
143000000	167000000	5211.9014
144000000	167000000	6180.2393
145000000	167000000	6547.8936
146000000	167000000	6925.658
147000000	167000000	6454.362
148000000	167000000	6665.4766
149000000	167000000	4930.969
150000000	167000000	5237.4424
151000000	167000000	5776.5806
152000000	167000000	5923.4585
153000000	167000000	6719.1406
154000000	167000000	7491.8325
155000000	167000000	7272.7026
156000000	167000000	6640.8477
157000000	167000000	8443.659
158000000	167000000	8545.107
159000000	167000000	9403.328
160000000	167000000	11308.909
161000000	167000000	12880.4375
162000000	167000000	11808.366
163000000	167000000	14410.606
164000000	167000000	20763.064
165000000	167000000	43053.074
166000000	167000000	91230.19
167000000	167000000	484888.3
0	168000000	1776.4014
1000000	168000000	1332.6625
2000000	168000000	1233.5449
3000000	168000000	1179.6768
4000000	168000000	1052.4221
5000000	168000000	884.67
6000000	168000000	953.18567
7000000	168000000	1010.59406
8000000	168000000	971.3928
9000000	168000000	612.3188
10000000	168000000	466.45187
11000000	168000000	619.7584
12000000	168000000	614.75476
13000000	168000000	444.019
14000000	168000000	473.52213
15000000	168000000	639.41266
16000000	168000000	854.7748
17000000	168000000	1055.1108
18000000	168000000	1274.185
19000000	168000000	1106.0079
20000000	168000000	993.65845
21000000	168000000	1033.7299
22000000	168000000	1060.9287
23000000	168000000	1015.4414
24000000	168000000	985.37335
25000000	168000000	976.4395
26000000	168000000	970.1856
27000000	168000000	1031.5983
28000000	168000000	983.3329
29000000	168000000	1157.0302
30000000	168000000	943.38715
31000000	168000000	820.7169
32000000	168000000	793.93
33000000	168000000	889.5931
34000000	168000000	969.5573
35000000	168000000	1040.6145
36000000	168000000	1003.04364
37000000	168000000	766.70355
38000000	168000000	642.1108
39000000	168000000	687.8047
40000000	168000000	586.3285
41000000	168000000	541.3576
42000000	168000000	528.48865
43000000	168000000	490.31808
44000000	168000000	468.9356
45000000	168000000	390.8534
46000000	168000000	360.95737
47000000	168000000	275.5839
48000000	168000000	271.4023
49000000	168000000	244.36298
50000000	168000000	333.7952
51000000	168000000	396.43777
52000000	168000000	315.74768
53000000	168000000	460.26022
54000000	168000000	530.0094
55000000	168000000	591.7244
56000000	168000000	528.90295
57000000	168000000	541.9026
58000000	168000000	540.01636
59000000	168000000	601.4652
60000000	168000000	698.2554
61000000	168000000	766.5015
62000000	168000000	794.0641
63000000	168000000	801.93365
64000000	168000000	760.18005
65000000	168000000	709.2772
66000000	168000000	767.5926
67000000	168000000	766.61536
68000000	168000000	876.5243
69000000	168000000	839.76324
70000000	168000000	893.3185
71000000	168000000	817.10223
72000000	168000000	620.64764
73000000	168000000	819.88947
74000000	168000000	852.0206
75000000	168000000	733.20105
76000000	168000000	880.6155
77000000	168000000	946.8662
78000000	168000000	953.7406
79000000	168000000	976.90137
80000000	168000000	1090.5948
81000000	168000000	993.25134
82000000	168000000	936.41895
83000000	168000000	1032.3118
84000000	168000000	1081.5118
85000000	168000000	1215.4689
86000000	168000000	1304.0289
87000000	168000000	1120.9839
88000000	168000000	1130.7164
89000000	168000000	990.3014
90000000	168000000	698.6431
93000000	168000000	1502.073
94000000	168000000	1879.006
95000000	168000000	2015.6964
96000000	168000000	1987.8214
97000000	168000000	2004.3936
98000000	168000000	1599.5487
99000000	168000000	1916.6321
100000000	168000000	1871.8794
101000000	168000000	1813.0415
102000000	168000000	2425.0022
103000000	168000000	2445.7056
104000000	168000000	2123.7744
105000000	168000000	1711.2931
106000000	168000000	2049.2974
107000000	168000000	2315.385
108000000	168000000	2539.5867
109000000	168000000	2628.3486
110000000	168000000	3018.8213
111000000	168000000	2642.5696
112000000	168000000	1917.6111
113000000	168000000	2035.519
114000000	168000000	2631.7827
115000000	168000000	3119.9377
116000000	168000000	3209.6633
117000000	168000000	2917.422
118000000	168000000	2667.0618
119000000	168000000	1929.4415
120000000	168000000	2633.2668
121000000	168000000	1688.5948
122000000	168000000	1220.2925
123000000	168000000	1544.8687
124000000	168000000	1173.5067
125000000	168000000	1061.902
126000000	168000000	1073.929
127000000	168000000	1013.66547
128000000	168000000	943.0536
129000000	168000000	1340.1067
130000000	168000000	2100.6045
131000000	168000000	2390.071
132000000	168000000	2151.8232
133000000	168000000	2070.0432
134000000	168000000	2550.463
135000000	168000000	2387.2173
136000000	168000000	2139.3684
137000000	168000000	2525.0464
138000000	168000000	2631.6704
139000000	168000000	3112.253
140000000	168000000	3013.4285
141000000	168000000	2647.8577
142000000	168000000	3770.7324
143000000	168000000	4894.6675
144000000	168000000	5971.2295
145000000	168000000	6837.7935
146000000	168000000	6881.6035
147000000	168000000	6433.5703
148000000	168000000	6184.7603
149000000	168000000	4539.62
150000000	168000000	4874.2256
151000000	168000000	5662.561
152000000	168000000	5218.1357
153000000	168000000	6528.355
154000000	168000000	7105.4805
155000000	168000000	6569.3267
156000000	168000000	5748.8823
157000000	168000000	7418.3013
158000000	168000000	7732.617
159000000	168000000	8192.201
160000000	168000000	8760.636
161000000	168000000	10295.945
162000000	168000000	10428.032
163000000	168000000	11499.413
164000000	168000000	15334.448
165000000	168000000	22482.691
166000000	168000000	33407.977
167000000	168000000	134405.06
168000000	168000000	502806.0
0	169000000	1420.755
1000000	169000000	857.85846
2000000	169000000	1110.8895
3000000	169000000	1192.4658
4000000	169000000	1462.4113
5000000	169000000	1098.9963
6000000	169000000	901.4951
7000000	169000000	768.209
8000000	169000000	1066.471
9000000	169000000	1205.0396
10000000	169000000	922.10754
11000000	169000000	976.0518
12000000	169000000	1030.5966
13000000	169000000	829.9072
14000000	169000000	894.491
15000000	169000000	1354.5856
16000000	169000000	1356.6757
17000000	169000000	1397.1772
18000000	169000000	1034.9794
19000000	169000000	911.98584
20000000	169000000	959.0148
21000000	169000000	695.29407
22000000	169000000	731.33374
23000000	169000000	1387.159
24000000	169000000	828.9811
25000000	169000000	935.26514
26000000	169000000	657.4394
27000000	169000000	949.8973
28000000	169000000	919.22626
29000000	169000000	1108.897
30000000	169000000	905.5424
31000000	169000000	1151.0724
32000000	169000000	1298.3572
33000000	169000000	1306.3013
34000000	169000000	823.8936
35000000	169000000	716.8301
36000000	169000000	921.43335
37000000	169000000	1205.9994
38000000	169000000	989.66187
39000000	169000000	1026.1443
40000000	169000000	744.52826
41000000	169000000	757.01385
42000000	169000000	938.89307
43000000	169000000	782.5126
44000000	169000000	783.6043
45000000	169000000	894.18115
46000000	169000000	759.47473
47000000	169000000	664.2358
48000000	169000000	590.9566
49000000	169000000	594.8056
50000000	169000000	657.0624
51000000	169000000	643.26843
52000000	169000000	717.1576
53000000	169000000	818.3961
54000000	169000000	554.7664
55000000	169000000	744.32416
56000000	169000000	892.9021
57000000	169000000	1048.7395
58000000	169000000	1005.56036
59000000	169000000	820.3488
60000000	169000000	735.1735
61000000	169000000	886.2693
62000000	169000000	748.4117
63000000	169000000	827.1901
64000000	169000000	682.42883
65000000	169000000	656.438
66000000	169000000	917.1183
67000000	169000000	892.9171
68000000	169000000	686.0158
69000000	169000000	1113.9296
70000000	169000000	711.382
71000000	169000000	882.84503
72000000	169000000	1159.3738
73000000	169000000	909.50555
74000000	169000000	554.2778
75000000	169000000	605.82166
76000000	169000000	621.1454
77000000	169000000	627.5514
78000000	169000000	828.0839
79000000	169000000	727.1759
80000000	169000000	768.83844
81000000	169000000	1023.99664
82000000	169000000	783.4037
83000000	169000000	694.2335
84000000	169000000	711.1468
85000000	169000000	838.64874
86000000	169000000	873.52826
87000000	169000000	893.3265
88000000	169000000	989.84503
89000000	169000000	772.1182
90000000	169000000	500.3797
93000000	169000000	1345.5969
94000000	169000000	1262.2845
95000000	169000000	1320.9377
96000000	169000000	1278.1533
97000000	169000000	1686.1188
98000000	169000000	1847.33
99000000	169000000	2129.4524
100000000	169000000	2043.5527
101000000	169000000	2347.8887
102000000	169000000	1617.0565
103000000	169000000	1465.1625
104000000	169000000	1516.0287
105000000	169000000	1972.2937
106000000	169000000	1794.9022
107000000	169000000	2823.9084
108000000	169000000	2324.5361
109000000	169000000	1587.8137
110000000	169000000	1792.3746
111000000	169000000	2602.9045
112000000	169000000	3060.1743
113000000	169000000	3320.1038
114000000	169000000	3002.9036
115000000	169000000	2626.6292
116000000	169000000	2243.7996
117000000	169000000	2059.2449
118000000	169000000	2551.093
119000000	169000000	3179.361
120000000	169000000	2442.3557
121000000	169000000	2599.2205
122000000	169000000	2571.4395
123000000	169000000	2168.5525
124000000	169000000	2189.597
125000000	169000000	1906.876
126000000	169000000	1623.2208
127000000	169000000	1828.2072
128000000	169000000	1920.9548
129000000	169000000	2445.349
130000000	169000000	2631.978
131000000	169000000	2478.2256
132000000	169000000	2769.2056
133000000	169000000	2963.4949
134000000	169000000	2905.9338
135000000	169000000	2488.6475
136000000	169000000	2782.8008
137000000	169000000	2677.9272
138000000	169000000	3255.734
139000000	169000000	3016.7903
140000000	169000000	3450.929
141000000	169000000	4450.463
142000000	169000000	5399.8535
143000000	169000000	5089.138
144000000	169000000	4015.855
145000000	169000000	4153.4863
146000000	169000000	4391.879
147000000	169000000	4246.1084
148000000	169000000	5634.2827
149000000	169000000	6141.353
150000000	169000000	6376.6797
151000000	169000000	5401.8105
152000000	169000000	5374.723
153000000	169000000	4796.7295
154000000	169000000	5112.3257
155000000	169000000	6310.6543
156000000	169000000	6983.529
157000000	169000000	5830.2773
158000000	169000000	6682.105
159000000	169000000	8035.303
160000000	169000000	9428.423
161000000	169000000	7248.7334
162000000	169000000	6089.081
163000000	169000000	7132.4956
164000000	169000000	8641.2705
165000000	169000000	12079.28
166000000	169000000	15133.461
167000000	169000000	37867.7
168000000	169000000	97325.23
169000000	169000000	515761.12
0	170000000	1167.8883
1000000	170000000	626.90796
2000000	170000000	906.3284
3000000	170000000	920.2406
4000000	170000000	1192.8485
5000000	170000000	916.9223
6000000	170000000	695.4546
7000000	170000000	665.1469
8000000	170000000	1167.1008
9000000	170000000	1408.9346
10000000	170000000	1162.8793
11000000	170000000	1299.2638
12000000	170000000	1317.8113
13000000	170000000	1074.211
14000000	170000000	1241.5045
15000000	170000000	1333.8989
16000000	170000000	1335.1107
17000000	170000000	1171.2537
18000000	170000000	790.7726
19000000	170000000	706.3619
20000000	170000000	787.71924
21000000	170000000	556.04565
22000000	170000000	564.9591
23000000	170000000	1054.159
24000000	170000000	691.85065
25000000	170000000	773.399
26000000	170000000	484.55197
27000000	170000000	847.9736
28000000	170000000	826.68835
29000000	170000000	984.78436
30000000	170000000	984.78656
31000000	170000000	1265.772
32000000	170000000	1575.5403
33000000	170000000	1356.7616
34000000	170000000	790.25714
35000000	170000000	579.03625
36000000	170000000	895.82056
37000000	170000000	1416.1963
38000000	170000000	1313.7335
39000000	170000000	1242.6318
40000000	170000000	971.0401
41000000	170000000	938.5746
42000000	170000000	1211.7577
43000000	170000000	1230.6265
44000000	170000000	1052.1102
45000000	170000000	1103.3628
46000000	170000000	927.9517
47000000	170000000	700.6585
48000000	170000000	607.0049
49000000	170000000	605.397
50000000	170000000	640.88354
51000000	170000000	819.3939
52000000	170000000	826.48505
53000000	170000000	952.2115
54000000	170000000	831.7463
55000000	170000000	1024.586
56000000	170000000	1144.4497
57000000	170000000	1296.9496
58000000	170000000	1224.2482
59000000	170000000	1044.0277
60000000	170000000	889.83954
61000000	170000000	1024.4545
62000000	170000000	910.81885
63000000	170000000	877.7905
64000000	170000000	746.5846
65000000	170000000	714.934
66000000	170000000	1030.7672
67000000	170000000	944.5027
68000000	170000000	683.3764
69000000	170000000	1143.3911
70000000	170000000	825.04425
71000000	170000000	1111.8925
72000000	170000000	1394.9064
73000000	170000000	904.93915
74000000	170000000	519.693
75000000	170000000	581.81366
76000000	170000000	540.1844
77000000	170000000	552.7631
78000000	170000000	735.7581
79000000	170000000	636.12885
80000000	170000000	600.57587
81000000	170000000	929.6888
82000000	170000000	670.6543
83000000	170000000	555.60156
84000000	170000000	589.95416
85000000	170000000	700.2486
86000000	170000000	757.0357
87000000	170000000	900.98694
88000000	170000000	771.06964
89000000	170000000	613.93317
90000000	170000000	435.8479
93000000	170000000	1167.5015
94000000	170000000	1069.2422
95000000	170000000	1173.6866
96000000	170000000	1004.3196
97000000	170000000	1400.9674
98000000	170000000	1664.4657
99000000	170000000	1970.7931
100000000	170000000	1871.8895
101000000	170000000	1948.5485
102000000	170000000	1193.3857
103000000	170000000	1049.7609
104000000	170000000	1130.9805
105000000	170000000	1686.546
106000000	170000000	1452.2693
107000000	170000000	2520.3167
108000000	170000000	2028.495
109000000	170000000	1205.3898
110000000	170000000	1522.8165
111000000	170000000	2537.9512
112000000	170000000	3151.0217
113000000	170000000	3358.4734
114000000	170000000	2927.5186
115000000	170000000	2514.3816
116000000	170000000	1955.3173
117000000	170000000	1649.0378
118000000	170000000	2038.6
119000000	170000000	2487.2344
120000000	170000000	2148.305
121000000	170000000	2323.112
122000000	170000000	2725.3154
123000000	170000000	3671.4634
124000000	170000000	2927.1045
125000000	170000000	2662.8726
126000000	170000000	2626.969
127000000	170000000	2417.129
128000000	170000000	2422.3223
129000000	170000000	2926.4668
130000000	170000000	3100.45
131000000	170000000	3173.3552
132000000	170000000	3328.6096
133000000	170000000	3572.8062
134000000	170000000	3535.6362
135000000	170000000	2934.2134
136000000	170000000	2832.6228
137000000	170000000	3023.4866
138000000	170000000	3959.8071
139000000	170000000	4210.821
140000000	170000000	4675.061
141000000	170000000	4951.913
142000000	170000000	5715.3594
143000000	170000000	4867.527
144000000	170000000	2998.471
145000000	170000000	3084.092
146000000	170000000	3348.2778
147000000	170000000	3643.3074
148000000	170000000	5040.6187
149000000	170000000	6597.413
150000000	170000000	6400.718
151000000	170000000	4749.458
152000000	170000000	4324.9287
153000000	170000000	4148.7144
154000000	170000000	4254.666
155000000	170000000	5849.1045
156000000	170000000	6108.975
157000000	170000000	4864.6807
158000000	170000000	5675.679
159000000	170000000	7145.254
160000000	170000000	8426.114
161000000	170000000	5874.1943
162000000	170000000	4642.7314
163000000	170000000	5172.331
164000000	170000000	6059.752
165000000	170000000	7732.8853
166000000	170000000	8596.553
167000000	170000000	17056.285
168000000	170000000	25592.967
169000000	170000000	114062.875
170000000	170000000	474884.53
0	171000000	1304.4105
1000000	171000000	504.7561
2000000	171000000	890.4499
3000000	171000000	848.06195
4000000	171000000	1462.2032
5000000	171000000	1110.7202
6000000	171000000	988.28705
7000000	171000000	597.1414
8000000	171000000	1056.7678
9000000	171000000	1464.2211
10000000	171000000	1176.6
11000000	171000000	1176.0394
12000000	171000000	1199.2657
13000000	171000000	967.8677
14000000	171000000	1163.5139
15000000	171000000	1733.9067
16000000	171000000	1351.6942
17000000	171000000	1306.5016
18000000	171000000	669.0231
19000000	171000000	666.8306
20000000	171000000	761.486
21000000	171000000	451.91754
22000000	171000000	459.78192
23000000	171000000	1344.4099
24000000	171000000	561.658
25000000	171000000	775.62744
26000000	171000000	390.83987
27000000	171000000	1012.7481
28000000	171000000	991.0706
29000000	171000000	1134.741
30000000	171000000	803.7674
31000000	171000000	1421.0275
32000000	171000000	1674.3677
33000000	171000000	1635.8813
34000000	171000000	788.8533
35000000	171000000	493.06766
36000000	171000000	801.9655
37000000	171000000	1353.8901
38000000	171000000	1231.0177
39000000	171000000	1370.46
40000000	171000000	824.913
41000000	171000000	844.7408
42000000	171000000	1266.4078
43000000	171000000	1195.6013
44000000	171000000	1232.2039
45000000	171000000	1241.2377
46000000	171000000	1128.1943
47000000	171000000	939.0047
48000000	171000000	817.98676
49000000	171000000	749.3812
50000000	171000000	731.14557
51000000	171000000	761.32153
52000000	171000000	1013.11444
53000000	171000000	1145.2799
54000000	171000000	614.394
55000000	171000000	944.24817
56000000	171000000	1185.0818
57000000	171000000	1544.6997
58000000	171000000	1433.7817
59000000	171000000	1115.2175
60000000	171000000	737.6854
61000000	171000000	1102.6366
62000000	171000000	702.5917
63000000	171000000	843.5612
64000000	171000000	612.32043
65000000	171000000	542.3675
66000000	171000000	1006.9108
67000000	171000000	891.8386
68000000	171000000	487.8996
69000000	171000000	1253.6887
70000000	171000000	623.8436
71000000	171000000	1017.1632
72000000	171000000	1713.7607
73000000	171000000	822.33124
74000000	171000000	409.41406
75000000	171000000	515.94653
76000000	171000000	480.29736
77000000	171000000	496.10864
78000000	171000000	706.77545
79000000	171000000	566.3983
80000000	171000000	519.11694
81000000	171000000	1091.3312
82000000	171000000	792.5155
83000000	171000000	547.501
84000000	171000000	481.3896
85000000	171000000	659.30884
86000000	171000000	663.47943
87000000	171000000	794.06934
88000000	171000000	815.07294
89000000	171000000	558.0983
90000000	171000000	373.58472
93000000	171000000	1196.5255
94000000	171000000	876.8157
95000000	171000000	1152.6544
96000000	171000000	790.2983
97000000	171000000	1375.3297
98000000	171000000	1901.7068
99000000	171000000	2163.6763
100000000	171000000	1868.4388
101000000	171000000	2413.252
102000000	171000000	995.96106
103000000	171000000	845.6596
104000000	171000000	1029.5411
105000000	171000000	2247.5
106000000	171000000	1524.4628
107000000	171000000	2778.2478
108000000	171000000	2008.857
109000000	171000000	908.6282
110000000	171000000	1093.8208
111000000	171000000	2543.751
112000000	171000000	3641.9482
113000000	171000000	3618.3083
114000000	171000000	2853.01
115000000	171000000	2035.8364
116000000	171000000	1654.5789
117000000	171000000	1373.656
118000000	171000000	1901.9304
119000000	171000000	3172.5789
120000000	171000000	1789.3214
121000000	171000000	2847.6138
122000000	171000000	3365.6733
123000000	171000000	2919.9119
124000000	171000000	3207.9077
125000000	171000000	2528.246
126000000	171000000	2040.1248
127000000	171000000	2277.8943
128000000	171000000	2411.1528
129000000	171000000	2878.6787
130000000	171000000	2696.723
131000000	171000000	2513.1562
132000000	171000000	2910.495
133000000	171000000	3127.5754
134000000	171000000	2920.9521
135000000	171000000	2148.6277
136000000	171000000	3156.6343
137000000	171000000	2628.6147
138000000	171000000	3388.8794
139000000	171000000	2684.0664
140000000	171000000	3739.1824
141000000	171000000	5407.037
142000000	171000000	6169.747
143000000	171000000	5226.206
144000000	171000000	2536.498
145000000	171000000	2838.0464
146000000	171000000	2835.269
147000000	171000000	3573.7566
148000000	171000000	5230.145
149000000	171000000	7611.274
150000000	171000000	6183.0933
151000000	171000000	4520.5796
152000000	171000000	4748.1216
153000000	171000000	3419.1882
154000000	171000000	3073.822
155000000	171000000	4975.3545
156000000	171000000	6781.046
157000000	171000000	4091.6177
158000000	171000000	5207.326
159000000	171000000	6657.9624
160000000	171000000	7991.1973
161000000	171000000	5274.7017
162000000	171000000	3939.8171
163000000	171000000	4457.419
164000000	171000000	4866.6606
165000000	171000000	6219.2275
166000000	171000000	5656.2974
167000000	171000000	12378.462
168000000	171000000	13439.599
169000000	171000000	32237.889
170000000	171000000	162281.56
171000000	171000000	519151.12
0	172000000	1580.4143
1000000	172000000	1062.4441
2000000	172000000	1223.3859
3000000	172000000	1148.5963
4000000	172000000	1306.5997
5000000	172000000	1021.3594
6000000	172000000	883.6595
7000000	172000000	893.53455
8000000	172000000	1130.618
9000000	172000000	969.9814
10000000	172000000	728.4365
11000000	172000000	846.037
12000000	172000000	786.0949
13000000	172000000	674.1771
14000000	172000000	736.444
15000000	172000000	923.22644
16000000	172000000	1030.2775
17000000	172000000	1145.4427
18000000	172000000	1059.5344
19000000	172000000	1016.1068
20000000	172000000	981.8446
21000000	172000000	830.8517
22000000	172000000	821.1971
23000000	172000000	1237.1614
24000000	172000000	960.6603
25000000	172000000	995.366
26000000	172000000	821.7872
27000000	172000000	1066.57
28000000	172000000	980.6649
29000000	172000000	1122.423
30000000	172000000	927.27515
31000000	172000000	1085.0928
32000000	172000000	1210.3073
33000000	172000000	1312.0795
34000000	172000000	956.4091
35000000	172000000	822.2482
36000000	172000000	992.94574
37000000	172000000	1070.862
38000000	172000000	861.7157
39000000	172000000	912.8235
40000000	172000000	719.62933
41000000	172000000	707.57806
42000000	172000000	856.84186
43000000	172000000	773.37006
44000000	172000000	751.0568
45000000	172000000	646.4491
46000000	172000000	597.3372
47000000	172000000	479.31793
48000000	172000000	449.20837
49000000	172000000	437.4173
50000000	172000000	490.9417
51000000	172000000	547.0843
52000000	172000000	598.032
53000000	172000000	703.43384
54000000	172000000	603.38873
55000000	172000000	700.96027
56000000	172000000	842.81775
57000000	172000000	944.73193
58000000	172000000	870.9548
59000000	172000000	835.5582
60000000	172000000	719.30914
61000000	172000000	835.91077
62000000	172000000	795.88934
63000000	172000000	903.3328
64000000	172000000	746.2258
65000000	172000000	660.76416
66000000	172000000	866.9162
67000000	172000000	927.2354
68000000	172000000	724.48065
69000000	172000000	1101.7756
70000000	172000000	801.82245
71000000	172000000	902.9085
72000000	172000000	1115.149
73000000	172000000	935.77026
74000000	172000000	644.6117
75000000	172000000	737.76575
76000000	172000000	695.82404
77000000	172000000	805.6587
78000000	172000000	940.8919
79000000	172000000	923.8476
80000000	172000000	834.77106
81000000	172000000	1010.05804
82000000	172000000	944.74945
83000000	172000000	882.91724
84000000	172000000	823.16833
85000000	172000000	981.95013
86000000	172000000	986.469
87000000	172000000	1088.5559
88000000	172000000	1050.8292
89000000	172000000	824.1969
90000000	172000000	603.7909
93000000	172000000	1476.6205
94000000	172000000	1358.5066
95000000	172000000	1550.2866
96000000	172000000	1539.8195
97000000	172000000	1855.7375
98000000	172000000	1734.0005
99000000	172000000	2040.5824
100000000	172000000	2090.1418
101000000	172000000	2118.3777
102000000	172000000	1843.3232
103000000	172000000	1755.9762
104000000	172000000	1743.6351
105000000	172000000	1982.9344
106000000	172000000	1799.2466
107000000	172000000	2795.0945
108000000	172000000	2521.0403
109000000	172000000	1819.5972
110000000	172000000	2207.206
111000000	172000000	2645.8684
112000000	172000000	2428.7874
113000000	172000000	2834.914
114000000	172000000	2896.9001
115000000	172000000	2706.0095
116000000	172000000	2534.9746
117000000	172000000	2322.6763
118000000	172000000	2456.431
119000000	172000000	2521.7974
120000000	172000000	2263.3352
121000000	172000000	2192.776
122000000	172000000	2018.0316
123000000	172000000	2025.2706
124000000	172000000	1849.5917
125000000	172000000	1553.8309
126000000	172000000	1482.7454
127000000	172000000	1531.9404
128000000	172000000	1611.769
129000000	172000000	2104.7598
130000000	172000000	2450.206
131000000	172000000	2512.4302
132000000	172000000	2607.0989
133000000	172000000	2543.0125
134000000	172000000	2767.137
135000000	172000000	2334.154
136000000	172000000	2516.878
137000000	172000000	2524.6577
138000000	172000000	3030.024
139000000	172000000	3095.9866
140000000	172000000	3284.5076
141000000	172000000	3723.241
142000000	172000000	4873.899
143000000	172000000	5249.3643
144000000	172000000	4693.687
145000000	172000000	5131.198
146000000	172000000	5419.1465
147000000	172000000	5213.3213
148000000	172000000	6230.168
149000000	172000000	6035.8345
150000000	172000000	5559.8394
151000000	172000000	5089.366
152000000	172000000	5129.9688
153000000	172000000	5374.4395
154000000	172000000	5834.9834
155000000	172000000	6418.4233
156000000	172000000	6405.37
157000000	172000000	6453.578
158000000	172000000	7337.0586
159000000	172000000	7921.9907
160000000	172000000	8984.926
161000000	172000000	7876.851
162000000	172000000	6792.301
163000000	172000000	7547.2456
164000000	172000000	8989.588
165000000	172000000	10577.104
166000000	172000000	11999.793
167000000	172000000	17345.865
168000000	172000000	19526.432
169000000	172000000	28183.225
170000000	172000000	52017.016
171000000	172000000	126225.25
172000000	172000000	471923.56
0	173000000	1796.0278
1000000	173000000	1725.8387
2000000	173000000	1313.9316
3000000	173000000	1340.5472
4000000	173000000	848.71954
5000000	173000000	707.2401
6000000	173000000	781.0415
7000000	173000000	1085.1487
8000000	173000000	973.4123
9000000	173000000	466.5448
10000000	173000000	340.8765
11000000	173000000	465.42786
12000000	173000000	466.66788
13000000	173000000	373.75742
14000000	173000000	327.0142
15000000	173000000	352.9519
16000000	173000000	568.2667
17000000	173000000	722.8528
18000000	173000000	1423.811
19000000	173000000	1201.4203
20000000	173000000	1144.4526
21000000	173000000	1389.9136
22000000	173000000	1397.6238
23000000	173000000	676.6873
24000000	173000000	1184.003
25000000	173000000	1014.33704
26000000	173000000	1180.8518
27000000	173000000	953.56335
28000000	173000000	1008.66534
29000000	173000000	1083.1968
30000000	173000000	1049.5575
31000000	173000000	673.057
32000000	173000000	538.5647
33000000	173000000	625.3561
34000000	173000000	1028.6086
35000000	173000000	1267.0222
36000000	173000000	1093.7703
37000000	173000000	552.1922
38000000	173000000	484.1131
39000000	173000000	473.43512
40000000	173000000	564.3472
41000000	173000000	517.6571
42000000	173000000	325.42764
43000000	173000000	387.51144
44000000	173000000	279.40222
45000000	173000000	249.02908
46000000	173000000	192.46991
47000000	173000000	173.76216
48000000	173000000	173.91338
49000000	173000000	172.7579
50000000	173000000	279.6006
51000000	173000000	323.83847
52000000	173000000	179.76596
53000000	173000000	290.70422
54000000	173000000	523.05225
55000000	173000000	549.0042
56000000	173000000	420.27832
57000000	173000000	319.7974
58000000	173000000	365.73434
59000000	173000000	462.5987
60000000	173000000	669.3352
61000000	173000000	559.78217
62000000	173000000	797.7889
63000000	173000000	781.1291
64000000	173000000	758.37415
65000000	173000000	846.29004
66000000	173000000	621.61865
67000000	173000000	730.1593
68000000	173000000	880.8754
69000000	173000000	716.6696
70000000	173000000	971.8086
71000000	173000000	647.08203
72000000	173000000	389.36542
73000000	173000000	717.6779
74000000	173000000	1052.3586
75000000	173000000	786.9922
76000000	173000000	982.504
77000000	173000000	1085.2994
78000000	173000000	936.4321
79000000	173000000	1176.5975
80000000	173000000	1334.723
81000000	173000000	799.95966
82000000	173000000	856.2848
83000000	173000000	1149.8977
84000000	173000000	1241.8115
85000000	173000000	1314.9684
86000000	173000000	1454.7621
87000000	173000000	1179.7987
88000000	173000000	1058.0278
89000000	173000000	1058.7258
90000000	173000000	808.6901
93000000	173000000	1373.2373
94000000	173000000	2003.9705
95000000	173000000	1800.8768
96000000	173000000	2199.6348
97000000	173000000	1868.9838
98000000	173000000	1197.8098
99000000	173000000	1455.0802
100000000	173000000	1535.0146
101000000	173000000	1268.8608
102000000	173000000	2474.2268
103000000	173000000	2884.5188
104000000	173000000	2072.0022
105000000	173000000	1175.8977
106000000	173000000	1961.4431
107000000	173000000	1835.1519
108000000	173000000	2342.822
109000000	173000000	3008.0474
110000000	173000000	2976.2273
111000000	173000000	1977.7268
112000000	173000000	895.93933
113000000	173000000	1218.0269
114000000	173000000	2090.2908
115000000	173000000	2832.4363
116000000	173000000	3243.9097
117000000	173000000	3141.6482
118000000	173000000	2094.9287
119000000	173000000	1121.9215
120000000	173000000	2401.1497
121000000	173000000	1039.2605
122000000	173000000	670.9685
123000000	173000000	998.1786
124000000	173000000	674.21436
125000000	173000000	632.38135
126000000	173000000	775.70483
127000000	173000000	640.1062
128000000	173000000	587.8467
129000000	173000000	891.10565
130000000	173000000	1766.1896
131000000	173000000	1983.3533
132000000	173000000	1779.3473
133000000	173000000	1477.6174
134000000	173000000	1862.7068
135000000	173000000	2196.182
136000000	173000000	1313.6698
137000000	173000000	2151.7605
138000000	173000000	2104.3772
139000000	173000000	2851.2705
140000000	173000000	2248.3826
141000000	173000000	1527.7349
142000000	173000000	2459.0806
143000000	173000000	3800.1755
144000000	173000000	6537.056
145000000	173000000	7469.1777
146000000	173000000	7670.5947
147000000	173000000	6369.093
148000000	173000000	5477.1997
149000000	173000000	2900.6453
150000000	173000000	3458.5872
151000000	173000000	4760.419
152000000	173000000	4231.4688
153000000	173000000	6708.0464
154000000	173000000	8363.39
155000000	173000000	6007.018
156000000	173000000	4237.925
157000000	173000000	7477.83
158000000	173000000	7067.1167
159000000	173000000	6603.8057
160000000	173000000	5958.5244
161000000	173000000	8408.78
162000000	173000000	9268.907
163000000	173000000	9846.982
164000000	173000000	12242.431
165000000	173000000	14182.974
166000000	173000000	17990.225
167000000	173000000	16396.012
168000000	173000000	20674.68
169000000	173000000	14321.509
170000000	173000000	12761.152
171000000	173000000	12023.662
172000000	173000000	75764.125
173000000	173000000	518122.12
0	174000000	1690.8237
1000000	174000000	1539.906
2000000	174000000	1336.8647
3000000	174000000	1253.2163
4000000	174000000	910.6306
5000000	174000000	770.7213
6000000	174000000	906.41455
7000000	174000000	1101.4296
8000000	174000000	982.4298
9000000	174000000	487.3841
10000000	174000000	339.83386
11000000	174000000	428.3951
12000000	174000000	447.26773
13000000	174000000	364.54224
14000000	174000000	378.56888
15000000	174000000	391.64548
16000000	174000000	588.2517
17000000	174000000	807.083
18000000	174000000	1201.1365
19000000	174000000	1157.8447
20000000	174000000	1046.0773
21000000	174000000	1105.5024
22000000	174000000	1065.761
23000000	174000000	780.9063
24000000	174000000	1104.4318
25000000	174000000	1029.7332
26000000	174000000	1031.5873
27000000	174000000	896.13916
28000000	174000000	958.1415
29000000	174000000	921.61383
30000000	174000000	951.337
31000000	174000000	695.5903
32000000	174000000	642.6032
33000000	174000000	733.4518
34000000	174000000	1052.8298
35000000	174000000	1167.5731
36000000	174000000	958.3112
37000000	174000000	541.7201
38000000	174000000	435.1169
39000000	174000000	518.5882
40000000	174000000	521.1662
41000000	174000000	502.32352
42000000	174000000	383.5804
43000000	174000000	336.90497
44000000	174000000	302.1529
45000000	174000000	247.65642
46000000	174000000	219.2283
47000000	174000000	191.13295
48000000	174000000	174.53918
49000000	174000000	196.40793
50000000	174000000	240.62216
51000000	174000000	353.82184
52000000	174000000	219.72961
53000000	174000000	272.15683
54000000	174000000	462.08038
55000000	174000000	485.23453
56000000	174000000	427.85452
57000000	174000000	315.2049
58000000	174000000	334.191
59000000	174000000	413.6197
60000000	174000000	593.4612
61000000	174000000	519.4219
62000000	174000000	709.2906
63000000	174000000	693.39105
64000000	174000000	669.2529
65000000	174000000	776.448
66000000	174000000	576.0888
67000000	174000000	665.31885
68000000	174000000	779.4348
69000000	174000000	709.9308
70000000	174000000	883.86743
71000000	174000000	639.6651
72000000	174000000	439.9064
73000000	174000000	684.4711
74000000	174000000	901.2513
75000000	174000000	630.40137
76000000	174000000	819.2824
77000000	174000000	981.57294
78000000	174000000	887.1595
79000000	174000000	986.0417
80000000	174000000	1153.3461
81000000	174000000	803.7942
82000000	174000000	797.9624
83000000	174000000	984.89343
84000000	174000000	1074.8599
85000000	174000000	1132.5876
86000000	174000000	1193.6918
87000000	174000000	1032.7059
88000000	174000000	866.86487
89000000	174000000	945.5458
90000000	174000000	683.01715
93000000	174000000	1187.2963
94000000	174000000	1560.4882
95000000	174000000	1570.7091
96000000	174000000	1816.0563
97000000	174000000	1603.4227
98000000	174000000	1225.6483
99000000	174000000	1393.6846
100000000	174000000	1348.3447
101000000	174000000	1301.2003
102000000	174000000	2210.0422
103000000	174000000	2270.4675
104000000	174000000	1866.0198
105000000	174000000	1121.4891
106000000	174000000	1696.7573
107000000	174000000	1742.4312
108000000	174000000	2095.6133
109000000	174000000	2454.991
110000000	174000000	2531.1824
111000000	174000000	1760.3145
112000000	174000000	1047.2578
113000000	174000000	1278.9016
114000000	174000000	1997.1676
115000000	174000000	2635.4016
116000000	174000000	2693.7642
117000000	174000000	2540.8384
118000000	174000000	1829.6938
119000000	174000000	1255.3828
120000000	174000000	2149.8694
121000000	174000000	1083.0559
122000000	174000000	697.4441
123000000	174000000	909.9458
124000000	174000000	686.289
125000000	174000000	667.283
126000000	174000000	640.1821
127000000	174000000	627.2549
128000000	174000000	569.9056
129000000	174000000	865.703
130000000	174000000	1638.0508
131000000	174000000	1750.2728
132000000	174000000	1669.8055
133000000	174000000	1459.049
134000000	174000000	1655.252
135000000	174000000	1735.3972
136000000	174000000	1330.7626
137000000	174000000	1912.8369
138000000	174000000	1850.3313
139000000	174000000	2287.5552
140000000	174000000	1982.7439
141000000	174000000	1592.7144
142000000	174000000	2321.0974
143000000	174000000	3533.0776
144000000	174000000	5634.5728
145000000	174000000	5979.465
146000000	174000000	6216.4917
147000000	174000000	5513.5903
148000000	174000000	5089.497
149000000	174000000	3028.0186
150000000	174000000	3482.3196
151000000	174000000	4411.7896
152000000	174000000	3994.806
153000000	174000000	5770.189
154000000	174000000	6807.1387
155000000	174000000	5325.3643
156000000	174000000	4171.89
157000000	174000000	6389.3257
158000000	174000000	6099.629
159000000	174000000	5946.971
160000000	174000000	5615.8555
161000000	174000000	7016.1855
162000000	174000000	7697.01
163000000	174000000	8324.534
164000000	174000000	9907.705
165000000	174000000	11550.388
166000000	174000000	13147.959
167000000	174000000	12217.337
168000000	174000000	13902.417
169000000	174000000	10885.657
170000000	174000000	8904.944
171000000	174000000	8406.91
172000000	174000000	25957.438
173000000	174000000	112979.15
174000000	174000000	479550.94
0	175000000	1700.0526
1000000	175000000	1472.7106
2000000	175000000	1346.8638
3000000	175000000	1256.7441
4000000	175000000	1001.4022
5000000	175000000	837.2987
6000000	175000000	883.05414
7000000	175000000	1106.3005
8000000	175000000	949.9988
9000000	175000000	487.7071
10000000	175000000	383.7646
11000000	175000000	530.79913
12000000	175000000	465.00598
13000000	175000000	348.6754
14000000	175000000	347.93436
15000000	175000000	425.59647
16000000	175000000	629.0603
17000000	175000000	879.2535
18000000	175000000	1246.8868
19000000	175000000	1038.6052
20000000	175000000	1032.3145
21000000	175000000	1081.4357
22000000	175000000	1091.9697
23000000	175000000	839.785
24000000	175000000	1096.3174
25000000	175000000	1015.14215
26000000	175000000	1077.6179
27000000	175000000	999.9576
28000000	175000000	927.74945
29000000	175000000	986.06006
30000000	175000000	939.92004
31000000	175000000	702.5948
32000000	175000000	606.8979
33000000	175000000	672.0816
34000000	175000000	1014.85815
35000000	175000000	1028.9729
36000000	175000000	958.86487
37000000	175000000	538.4899
38000000	175000000	458.89734
39000000	175000000	510.72876
40000000	175000000	473.35568
41000000	175000000	495.75455
42000000	175000000	393.01328
43000000	175000000	395.9872
44000000	175000000	314.15283
45000000	175000000	278.70538
46000000	175000000	219.24582
47000000	175000000	200.36116
48000000	175000000	183.2744
49000000	175000000	219.12573
50000000	175000000	270.01938
51000000	175000000	307.9626
52000000	175000000	215.03748
53000000	175000000	303.91473
54000000	175000000	454.6064
55000000	175000000	432.41986
56000000	175000000	464.90945
57000000	175000000	315.98602
58000000	175000000	372.37015
59000000	175000000	424.92136
60000000	175000000	584.42944
61000000	175000000	541.31213
62000000	175000000	652.25806
63000000	175000000	649.8423
64000000	175000000	602.6707
65000000	175000000	645.1819
66000000	175000000	587.80145
67000000	175000000	663.32245
68000000	175000000	726.7558
69000000	175000000	715.6191
70000000	175000000	789.65076
71000000	175000000	605.7793
72000000	175000000	476.08987
73000000	175000000	676.6962
74000000	175000000	771.66455
75000000	175000000	684.7878
76000000	175000000	739.4567
77000000	175000000	860.08026
78000000	175000000	829.80237
79000000	175000000	914.61255
80000000	175000000	964.0256
81000000	175000000	722.30334
82000000	175000000	780.8581
83000000	175000000	907.2931
84000000	175000000	947.9715
85000000	175000000	1109.9075
86000000	175000000	1155.6904
87000000	175000000	991.2907
88000000	175000000	936.23425
89000000	175000000	851.47595
90000000	175000000	735.19745
93000000	175000000	1193.9197
94000000	175000000	1493.4435
95000000	175000000	1580.5973
96000000	175000000	1690.1785
97000000	175000000	1595.9148
98000000	175000000	1249.5162
99000000	175000000	1375.7003
100000000	175000000	1313.7948
101000000	175000000	1335.5607
102000000	175000000	2066.731
103000000	175000000	1964.3942
104000000	175000000	1872.7976
105000000	175000000	1237.5515
106000000	175000000	1593.6097
107000000	175000000	1684.7012
108000000	175000000	1953.3256
109000000	175000000	2207.1162
110000000	175000000	2464.2412
111000000	175000000	1865.7142
112000000	175000000	1183.9745
113000000	175000000	1227.3629
114000000	175000000	1857.2427
115000000	175000000	2335.4204
116000000	175000000	2493.3682
117000000	175000000	2396.866
118000000	175000000	1838.9689
119000000	175000000	1291.5305
120000000	175000000	1940.343
121000000	175000000	1220.3059
122000000	175000000	773.53107
123000000	175000000	891.45087
124000000	175000000	695.9487
125000000	175000000	617.95294
126000000	175000000	695.02014
127000000	175000000	657.83765
128000000	175000000	556.51624
129000000	175000000	938.1406
130000000	175000000	1544.4169
131000000	175000000	1609.1572
132000000	175000000	1514.4357
133000000	175000000	1378.7656
134000000	175000000	1651.3547
135000000	175000000	1734.0085
136000000	175000000	1376.3955
137000000	175000000	1781.706
138000000	175000000	1822.352
139000000	175000000	2061.423
140000000	175000000	1921.877
141000000	175000000	1635.2721
142000000	175000000	2362.8262
143000000	175000000	3545.1545
144000000	175000000	4886.253
145000000	175000000	5503.591
146000000	175000000	5651.5938
147000000	175000000	5122.2085
148000000	175000000	4782.0854
149000000	175000000	3135.1401
150000000	175000000	3447.5032
151000000	175000000	4319.807
152000000	175000000	3979.7253
153000000	175000000	5224.739
154000000	175000000	6373.2314
155000000	175000000	4963.6616
156000000	175000000	4170.1997
157000000	175000000	5827.0293
158000000	175000000	5697.2124
159000000	175000000	5669.288
160000000	175000000	5700.046
161000000	175000000	6899.4985
162000000	175000000	7398.48
163000000	175000000	7684.8604
164000000	175000000	8900.596
165000000	175000000	10753.393
166000000	175000000	11944.663
167000000	175000000	10874.866
168000000	175000000	12074.6
169000000	175000000	9808.451
170000000	175000000	8104.8555
171000000	175000000	7878.133
172000000	175000000	19233.094
173000000	175000000	52694.645
174000000	175000000	174244.52
175000000	175000000	511283.66
0	176000000	1538.4586
1000000	176000000	1249.4225
2000000	176000000	1177.2051
3000000	176000000	1234.0084
4000000	176000000	1035.1217
5000000	176000000	821.24744
6000000	176000000	912.4895
7000000	176000000	906.4815
8000000	176000000	949.1186
9000000	176000000	642.7474
10000000	176000000	474.38174
11000000	176000000	578.666
12000000	176000000	572.1244
13000000	176000000	419.8848
14000000	176000000	462.57523
15000000	176000000	662.772
16000000	176000000	775.1688
17000000	176000000	935.5635
18000000	176000000	1083.0332
19000000	176000000	941.788
20000000	176000000	920.895
21000000	176000000	923.0043
22000000	176000000	966.073
23000000	176000000	957.0814
24000000	176000000	894.25116
25000000	176000000	928.7761
26000000	176000000	927.7153
27000000	176000000	850.5156
28000000	176000000	884.5857
29000000	176000000	921.08075
30000000	176000000	845.2361
31000000	176000000	851.9162
32000000	176000000	774.1928
33000000	176000000	837.0083
34000000	176000000	890.33124
35000000	176000000	892.75464
36000000	176000000	873.27673
37000000	176000000	722.3975
38000000	176000000	552.4902
39000000	176000000	580.4256
40000000	176000000	525.72394
41000000	176000000	523.51965
42000000	176000000	475.50543
43000000	176000000	432.8484
44000000	176000000	406.36874
45000000	176000000	395.98416
46000000	176000000	336.53857
47000000	176000000	317.60107
48000000	176000000	307.93454
49000000	176000000	247.39198
50000000	176000000	337.7661
51000000	176000000	365.48865
52000000	176000000	349.00955
53000000	176000000	420.3473
54000000	176000000	501.2534
55000000	176000000	451.83755
56000000	176000000	515.3705
57000000	176000000	477.27258
58000000	176000000	469.98477
59000000	176000000	495.43018
60000000	176000000	530.5882
61000000	176000000	629.96234
62000000	176000000	643.95734
63000000	176000000	677.2211
64000000	176000000	636.6777
65000000	176000000	575.2719
66000000	176000000	666.0563
67000000	176000000	640.76
68000000	176000000	651.85895
69000000	176000000	719.4355
70000000	176000000	671.6388
71000000	176000000	670.605
72000000	176000000	599.58307
73000000	176000000	673.96497
74000000	176000000	671.3244
75000000	176000000	616.9149
76000000	176000000	676.48126
77000000	176000000	763.9747
78000000	176000000	718.3384
79000000	176000000	801.64514
80000000	176000000	847.76086
81000000	176000000	765.48737
82000000	176000000	742.71277
83000000	176000000	798.6109
84000000	176000000	793.1466
85000000	176000000	865.01965
86000000	176000000	951.7159
87000000	176000000	884.8449
88000000	176000000	864.6224
89000000	176000000	808.9763
90000000	176000000	613.9125
93000000	176000000	1120.5322
94000000	176000000	1305.7568
95000000	176000000	1288.792
96000000	176000000	1353.5433
97000000	176000000	1351.6416
98000000	176000000	1200.5206
99000000	176000000	1345.6229
100000000	176000000	1347.1318
101000000	176000000	1282.8644
102000000	176000000	1564.693
103000000	176000000	1598.1952
104000000	176000000	1443.2579
105000000	176000000	1288.4524
106000000	176000000	1429.2051
107000000	176000000	1676.8707
108000000	176000000	1828.6669
109000000	176000000	1892.7823
110000000	176000000	2045.5812
111000000	176000000	1674.6237
112000000	176000000	1342.6066
113000000	176000000	1520.004
114000000	176000000	1918.8365
115000000	176000000	2112.0388
116000000	176000000	2093.882
117000000	176000000	1999.0951
118000000	176000000	1875.0103
119000000	176000000	1518.1371
120000000	176000000	1861.2648
121000000	176000000	1356.0369
122000000	176000000	981.626
123000000	176000000	1041.4064
124000000	176000000	858.36316
125000000	176000000	870.6291
126000000	176000000	810.69476
127000000	176000000	839.5822
128000000	176000000	805.31805
129000000	176000000	1180.273
130000000	176000000	1548.8167
131000000	176000000	1592.921
132000000	176000000	1576.7819
133000000	176000000	1456.817
134000000	176000000	1691.9628
135000000	176000000	1632.9221
136000000	176000000	1560.8582
137000000	176000000	1823.3209
138000000	176000000	2016.3733
139000000	176000000	2195.9023
140000000	176000000	2091.1372
141000000	176000000	1905.2864
142000000	176000000	2616.9055
143000000	176000000	3403.4326
144000000	176000000	4217.6265
145000000	176000000	4421.329
146000000	176000000	4659.3184
147000000	176000000	4259.2407
148000000	176000000	4281.493
149000000	176000000	3209.4192
150000000	176000000	3431.4795
151000000	176000000	3884.4
152000000	176000000	3737.692
153000000	176000000	4571.866
154000000	176000000	5472.2217
155000000	176000000	4868.6045
156000000	176000000	4247.584
157000000	176000000	5282.352
158000000	176000000	5405.3687
159000000	176000000	5435.965
160000000	176000000	5661.112
161000000	176000000	6146.5063
162000000	176000000	6181.1904
163000000	176000000	6703.779
164000000	176000000	7482.9556
165000000	176000000	8738.494
166000000	176000000	9757.66
167000000	176000000	9599.686
168000000	176000000	9974.441
169000000	176000000	9168.583
170000000	176000000	7970.8164
171000000	176000000	7906.129
172000000	176000000	17743.61
173000000	176000000	38137.84
174000000	176000000	55009.94
175000000	176000000	90853.67
176000000	176000000	446902.88
0	177000000	1450.7242
1000000	177000000	1143.145
2000000	177000000	1249.3278
3000000	177000000	1290.0453
4000000	177000000	1050.5535
5000000	177000000	881.3734
6000000	177000000	808.31006
7000000	177000000	925.1742
8000000	177000000	1003.215
9000000	177000000	713.794
10000000	177000000	520.72076
11000000	177000000	603.8259
12000000	177000000	680.2118
13000000	177000000	540.12787
14000000	177000000	521.9816
15000000	177000000	636.9086
16000000	177000000	899.744
17000000	177000000	968.54474
18000000	177000000	1129.4949
19000000	177000000	964.88214
20000000	177000000	955.06256
21000000	177000000	880.9947
22000000	177000000	888.678
23000000	177000000	1008.5844
24000000	177000000	929.7088
25000000	177000000	899.9587
26000000	177000000	834.79596
27000000	177000000	864.7866
28000000	177000000	829.4077
29000000	177000000	899.96875
30000000	177000000	935.5125
31000000	177000000	862.7977
32000000	177000000	817.1222
33000000	177000000	821.4912
34000000	177000000	883.8514
35000000	177000000	849.4754
36000000	177000000	929.91583
37000000	177000000	739.38586
38000000	177000000	541.27673
39000000	177000000	634.25806
40000000	177000000	592.8758
41000000	177000000	564.1723
42000000	177000000	508.65225
43000000	177000000	524.59534
44000000	177000000	477.2752
45000000	177000000	428.6883
46000000	177000000	369.47595
47000000	177000000	330.60364
48000000	177000000	287.2781
49000000	177000000	287.3698
50000000	177000000	378.80054
51000000	177000000	448.6612
52000000	177000000	352.69586
53000000	177000000	454.61884
54000000	177000000	508.68167
55000000	177000000	591.6247
56000000	177000000	581.12335
57000000	177000000	483.5061
58000000	177000000	556.8967
59000000	177000000	577.3738
60000000	177000000	628.3611
61000000	177000000	641.1725
62000000	177000000	646.201
63000000	177000000	672.07855
64000000	177000000	634.79736
65000000	177000000	597.1918
66000000	177000000	611.32306
67000000	177000000	692.4626
68000000	177000000	603.63776
69000000	177000000	778.3603
70000000	177000000	676.2895
71000000	177000000	713.47284
72000000	177000000	645.9423
73000000	177000000	738.2504
74000000	177000000	574.2612
75000000	177000000	627.46704
76000000	177000000	669.386
77000000	177000000	748.5295
78000000	177000000	804.53986
79000000	177000000	776.88336
80000000	177000000	838.49744
81000000	177000000	847.7038
82000000	177000000	729.41797
83000000	177000000	743.72345
84000000	177000000	860.0357
85000000	177000000	920.60004
86000000	177000000	995.8638
87000000	177000000	969.3882
88000000	177000000	885.67285
89000000	177000000	804.9158
90000000	177000000	572.5518
93000000	177000000	1113.7909
94000000	177000000	1216.4392
95000000	177000000	1291.4635
96000000	177000000	1335.63
97000000	177000000	1315.2983
98000000	177000000	1204.0131
99000000	177000000	1334.6205
100000000	177000000	1330.4626
101000000	177000000	1320.3184
102000000	177000000	1444.613
103000000	177000000	1488.485
104000000	177000000	1385.0204
105000000	177000000	1252.9911
106000000	177000000	1351.8485
107000000	177000000	1711.7736
108000000	177000000	1805.8428
109000000	177000000	1740.1493
110000000	177000000	1831.2383
111000000	177000000	1825.9664
112000000	177000000	1442.8835
113000000	177000000	1680.6005
114000000	177000000	1968.367
115000000	177000000	2187.3855
116000000	177000000	2036.1294
117000000	177000000	1981.6854
118000000	177000000	1914.3357
119000000	177000000	1424.1326
120000000	177000000	1697.9777
121000000	177000000	1273.5916
122000000	177000000	1091.2799
123000000	177000000	1151.5863
124000000	177000000	978.0274
125000000	177000000	975.1575
126000000	177000000	912.60455
127000000	177000000	852.40283
128000000	177000000	879.87445
129000000	177000000	1147.6494
130000000	177000000	1549.7451
131000000	177000000	1764.6859
132000000	177000000	1643.8865
133000000	177000000	1590.5298
134000000	177000000	1827.1196
135000000	177000000	1730.581
136000000	177000000	1479.1143
137000000	177000000	1752.7324
138000000	177000000	1960.3146
139000000	177000000	2195.7212
140000000	177000000	2190.9878
141000000	177000000	1918.2874
142000000	177000000	2598.251
143000000	177000000	3356.067
144000000	177000000	3794.8877
145000000	177000000	4155.025
146000000	177000000	4331.5913
147000000	177000000	4077.4514
148000000	177000000	4209.8027
149000000	177000000	3460.9978
150000000	177000000	3596.897
151000000	177000000	3823.8237
152000000	177000000	3661.07
153000000	177000000	4319.3247
154000000	177000000	4887.1816
155000000	177000000	4768.565
156000000	177000000	3993.5994
157000000	177000000	5034.1504
158000000	177000000	5271.0884
159000000	177000000	5516.945
160000000	177000000	5763.694
161000000	177000000	5884.17
162000000	177000000	5781.3823
163000000	177000000	6379.928
164000000	177000000	7103.5435
165000000	177000000	7885.71
166000000	177000000	8557.552
167000000	177000000	8913.646
168000000	177000000	9155.811
169000000	177000000	8665.398
170000000	177000000	8351.658
171000000	177000000	7646.014
172000000	177000000	14540.657
173000000	177000000	23925.379
174000000	177000000	29370.074
175000000	177000000	38295.89
176000000	177000000	207454.0
177000000	177000000	490929.12
0	178000000	1489.9573
1000000	178000000	889.80676
2000000	178000000	1343.7285
3000000	178000000	1122.2339
4000000	178000000	1421.5542
5000000	178000000	1235.4664
6000000	178000000	1299.1145
7000000	178000000	851.4955
8000000	178000000	1047.8582
9000000	178000000	1024.9513
10000000	178000000	669.7603
11000000	178000000	777.6016
12000000	178000000	779.3089
13000000	178000000	681.5078
14000000	178000000	737.9695
15000000	178000000	1252.9679
16000000	178000000	1199.8345
17000000	178000000	1303.7076
18000000	178000000	944.3674
19000000	178000000	923.77405
20000000	178000000	1002.7322
21000000	178000000	714.02313
22000000	178000000	738.94183
23000000	178000000	1546.6102
24000000	178000000	719.45416
25000000	178000000	923.1107
26000000	178000000	585.84875
27000000	178000000	1038.5254
28000000	178000000	1029.1455
29000000	178000000	1052.7488
30000000	178000000	715.75323
31000000	178000000	1123.6075
32000000	178000000	1057.3607
33000000	178000000	1139.2017
34000000	178000000	862.5662
35000000	178000000	612.9547
36000000	178000000	819.18207
37000000	178000000	961.9661
38000000	178000000	779.1029
39000000	178000000	859.5925
40000000	178000000	594.49664
41000000	178000000	585.6919
42000000	178000000	755.13684
43000000	178000000	646.5057
44000000	178000000	716.5949
45000000	178000000	608.02405
46000000	178000000	602.651
47000000	178000000	574.6634
48000000	178000000	528.1758
49000000	178000000	514.0625
50000000	178000000	470.7929
51000000	178000000	465.0344
52000000	178000000	604.60333
53000000	178000000	656.68677
54000000	178000000	399.98166
55000000	178000000	516.07385
56000000	178000000	652.9241
57000000	178000000	806.0285
58000000	178000000	784.0164
59000000	178000000	708.057
60000000	178000000	588.49316
61000000	178000000	671.4039
62000000	178000000	578.37427
63000000	178000000	665.1659
64000000	178000000	523.02545
65000000	178000000	459.89233
66000000	178000000	688.1132
67000000	178000000	721.03296
68000000	178000000	453.4932
69000000	178000000	822.7984
70000000	178000000	499.30698
71000000	178000000	659.9637
72000000	178000000	896.4467
73000000	178000000	612.64484
74000000	178000000	439.34485
75000000	178000000	516.83295
76000000	178000000	552.8614
77000000	178000000	581.56006
78000000	178000000	769.535
79000000	178000000	641.3826
80000000	178000000	616.8193
81000000	178000000	997.301
82000000	178000000	734.24646
83000000	178000000	609.01575
84000000	178000000	615.0968
85000000	178000000	725.93445
86000000	178000000	699.7313
87000000	178000000	849.18286
88000000	178000000	868.02625
89000000	178000000	656.5492
90000000	178000000	473.25122
93000000	178000000	1211.4462
94000000	178000000	1065.2352
95000000	178000000	1366.2771
96000000	178000000	990.99536
97000000	178000000	1244.2457
98000000	178000000	1573.9032
99000000	178000000	1651.8658
100000000	178000000	1463.1836
101000000	178000000	1892.907
102000000	178000000	1138.5133
103000000	178000000	1056.3169
104000000	178000000	1236.0118
105000000	178000000	1998.249
106000000	178000000	1509.7147
107000000	178000000	1903.045
108000000	178000000	1572.3993
109000000	178000000	1161.2307
110000000	178000000	1306.3496
111000000	178000000	2003.9664
112000000	178000000	2457.347
113000000	178000000	2177.3748
114000000	178000000	2095.2656
115000000	178000000	1682.2046
116000000	178000000	1488.806
117000000	178000000	1365.9666
118000000	178000000	1979.0394
119000000	178000000	2349.37
120000000	178000000	1721.2394
121000000	178000000	2233.8608
122000000	178000000	1836.5161
123000000	178000000	1295.8368
124000000	178000000	1373.6771
125000000	178000000	1236.6354
126000000	178000000	1033.5924
127000000	178000000	1199.7526
128000000	178000000	1303.4155
129000000	178000000	1678.9049
130000000	178000000	1730.174
131000000	178000000	1653.1951
132000000	178000000	1706.4757
133000000	178000000	1782.4712
134000000	178000000	1742.8018
135000000	178000000	1410.4202
136000000	178000000	2227.4678
137000000	178000000	1749.6912
138000000	178000000	2069.103
139000000	178000000	1739.1747
140000000	178000000	2014.916
141000000	178000000	2969.958
142000000	178000000	3721.2234
143000000	178000000	3787.522
144000000	178000000	2764.1128
145000000	178000000	3143.6829
146000000	178000000	3101.0588
147000000	178000000	3729.7302
148000000	178000000	4136.1523
149000000	178000000	4544.0557
150000000	178000000	3993.1138
151000000	178000000	3843.6123
152000000	178000000	4335.6685
153000000	178000000	3448.9045
154000000	178000000	3352.3894
155000000	178000000	4154.2446
156000000	178000000	5308.811
157000000	178000000	4545.1973
158000000	178000000	4900.497
159000000	178000000	5336.7446
160000000	178000000	6376.961
161000000	178000000	5330.384
162000000	178000000	4877.3643
163000000	178000000	5303.04
164000000	178000000	5433.4287
165000000	178000000	6268.914
166000000	178000000	5664.951
167000000	178000000	7812.619
168000000	178000000	7293.347
169000000	178000000	8721.53
170000000	178000000	7547.807
171000000	178000000	9564.914
172000000	178000000	11749.726
173000000	178000000	13087.397
174000000	178000000	16484.6
175000000	178000000	20735.076
176000000	178000000	51618.92
177000000	178000000	91617.78
178000000	178000000	572717.25
0	179000000	1500.2689
1000000	179000000	911.6549
2000000	179000000	1150.5135
3000000	179000000	1093.1938
4000000	179000000	1535.9033
5000000	179000000	1309.4459
6000000	179000000	1308.0367
7000000	179000000	906.32874
8000000	179000000	1168.5919
9000000	179000000	1296.9221
10000000	179000000	856.77625
11000000	179000000	1012.71906
12000000	179000000	971.19934
13000000	179000000	781.42865
14000000	179000000	888.13214
15000000	179000000	1406.0675
16000000	179000000	1236.8707
17000000	179000000	1400.2164
18000000	179000000	833.3037
19000000	179000000	1018.7408
20000000	179000000	1062.1344
21000000	179000000	680.1273
22000000	179000000	675.7883
23000000	179000000	1474.1322
24000000	179000000	727.0299
25000000	179000000	912.8149
26000000	179000000	624.8912
27000000	179000000	1067.9178
28000000	179000000	928.87164
29000000	179000000	1016.49384
30000000	179000000	728.6555
31000000	179000000	1170.106
32000000	179000000	1147.6173
33000000	179000000	1316.759
34000000	179000000	790.8163
35000000	179000000	642.4537
36000000	179000000	809.47363
37000000	179000000	1137.1682
38000000	179000000	945.5825
39000000	179000000	907.7146
40000000	179000000	634.4977
41000000	179000000	686.5033
42000000	179000000	917.9868
43000000	179000000	808.3749
44000000	179000000	863.59845
45000000	179000000	778.09125
46000000	179000000	634.9517
47000000	179000000	673.5688
48000000	179000000	600.566
49000000	179000000	555.5512
50000000	179000000	629.78864
51000000	179000000	563.12427
52000000	179000000	729.70715
53000000	179000000	814.58264
54000000	179000000	453.84866
55000000	179000000	572.90845
56000000	179000000	732.0439
57000000	179000000	1001.2182
58000000	179000000	824.01373
59000000	179000000	770.56976
60000000	179000000	619.6594
61000000	179000000	790.71826
62000000	179000000	510.42297
63000000	179000000	642.5342
64000000	179000000	501.7728
65000000	179000000	387.86478
66000000	179000000	666.0941
67000000	179000000	716.99744
68000000	179000000	425.2099
69000000	179000000	798.39136
70000000	179000000	469.3157
71000000	179000000	614.9165
72000000	179000000	948.23755
73000000	179000000	642.6535
74000000	179000000	422.75494
75000000	179000000	612.96674
76000000	179000000	551.1474
77000000	179000000	538.1575
78000000	179000000	701.78723
79000000	179000000	637.5692
80000000	179000000	622.35626
81000000	179000000	977.74884
82000000	179000000	730.3859
83000000	179000000	621.16437
84000000	179000000	694.2041
85000000	179000000	673.87823
86000000	179000000	676.87006
87000000	179000000	758.928
88000000	179000000	846.84247
89000000	179000000	627.366
90000000	179000000	471.76468
93000000	179000000	1193.2794
94000000	179000000	977.48566
95000000	179000000	1097.7705
96000000	179000000	883.1426
97000000	179000000	1247.9641
98000000	179000000	1585.0746
99000000	179000000	1547.4907
100000000	179000000	1565.183
101000000	179000000	1910.4238
102000000	179000000	1051.4131
103000000	179000000	932.1603
104000000	179000000	1035.238
105000000	179000000	1771.0139
106000000	179000000	1282.3153
107000000	179000000	1941.0428
108000000	179000000	1618.6218
109000000	179000000	1041.0035
110000000	179000000	1236.7233
111000000	179000000	1892.7557
112000000	179000000	2404.5312
113000000	179000000	2491.1057
114000000	179000000	1998.9016
115000000	179000000	1548.5288
116000000	179000000	1408.5613
117000000	179000000	1347.4788
118000000	179000000	2050.9573
119000000	179000000	2398.9883
120000000	179000000	1749.7692
121000000	179000000	2452.8303
122000000	179000000	2035.4249
123000000	179000000	1559.4375
124000000	179000000	1594.5199
125000000	179000000	1456.1113
126000000	179000000	1127.5718
127000000	179000000	1424.3932
128000000	179000000	1632.2799
129000000	179000000	1855.3624
130000000	179000000	1958.5253
131000000	179000000	1833.282
132000000	179000000	1999.2843
133000000	179000000	2014.6119
134000000	179000000	1969.924
135000000	179000000	1589.628
136000000	179000000	2329.0278
137000000	179000000	1923.8943
138000000	179000000	2408.2446
139000000	179000000	1864.5048
140000000	179000000	2176.303
141000000	179000000	3414.1248
142000000	179000000	4265.786
143000000	179000000	3601.3152
144000000	179000000	2479.1362
145000000	179000000	2845.899
146000000	179000000	2962.6423
147000000	179000000	3395.3833
148000000	179000000	3951.562
149000000	179000000	4766.8984
150000000	179000000	4213.9277
151000000	179000000	3431.305
152000000	179000000	3938.4783
153000000	179000000	3322.9753
154000000	179000000	3143.3923
155000000	179000000	4137.228
156000000	179000000	4915.4536
157000000	179000000	4165.556
158000000	179000000	4744.8677
159000000	179000000	5097.158
160000000	179000000	6651.7446
161000000	179000000	5258.938
162000000	179000000	4636.068
163000000	179000000	5150.6064
164000000	179000000	5120.525
165000000	179000000	5856.7837
166000000	179000000	5204.8545
167000000	179000000	6974.729
168000000	179000000	5981.029
169000000	179000000	7937.681
170000000	179000000	7497.343
171000000	179000000	8846.629
172000000	179000000	10807.627
173000000	179000000	9419.711
174000000	179000000	11001.479
175000000	179000000	13129.87
176000000	179000000	22191.4
177000000	179000000	29247.12
178000000	179000000	123456.44
179000000	179000000	488429.47
0	180000000	1743.6741
1000000	180000000	1445.4158
2000000	180000000	1374.841
3000000	180000000	1329.3644
4000000	180000000	1192.5746
5000000	180000000	1178.943
6000000	180000000	1275.4908
7000000	180000000	1165.4912
8000000	180000000	1174.0287
9000000	180000000	878.1881
10000000	180000000	692.85876
11000000	180000000	845.6904
12000000	180000000	840.3431
13000000	180000000	677.2172
14000000	180000000	667.6351
15000000	180000000	865.2868
16000000	180000000	1008.76184
17000000	180000000	1073.5927
18000000	180000000	1157.3939
19000000	180000000	1171.9507
20000000	180000000	1160.9823
21000000	180000000	1041.8618
22000000	180000000	958.8884
23000000	180000000	1121.0765
24000000	180000000	1017.5511
25000000	180000000	1117.7289
26000000	180000000	993.4091
27000000	180000000	1084.8763
28000000	180000000	1000.0949
29000000	180000000	1022.03125
30000000	180000000	819.9082
31000000	180000000	938.1646
32000000	180000000	832.0838
33000000	180000000	966.8149
34000000	180000000	987.1664
35000000	180000000	870.74066
36000000	180000000	960.83466
37000000	180000000	866.5273
38000000	180000000	792.52966
39000000	180000000	793.0004
40000000	180000000	678.55566
41000000	180000000	679.9075
42000000	180000000	678.1469
43000000	180000000	706.96594
44000000	180000000	684.1344
45000000	180000000	571.91693
46000000	180000000	494.95828
47000000	180000000	410.56653
48000000	180000000	397.2451
49000000	180000000	384.7444
50000000	180000000	482.5186
51000000	180000000	564.51843
52000000	180000000	460.6877
53000000	180000000	568.18964
54000000	180000000	636.61414
55000000	180000000	669.01056
56000000	180000000	703.52
57000000	180000000	708.4547
58000000	180000000	615.5379
59000000	180000000	692.04156
60000000	180000000	694.3318
61000000	180000000	715.15784
62000000	180000000	639.3281
63000000	180000000	700.387
64000000	180000000	619.7724
65000000	180000000	589.1636
66000000	180000000	616.9021
67000000	180000000	712.27765
68000000	180000000	567.55316
69000000	180000000	757.4914
70000000	180000000	680.9109
71000000	180000000	644.2997
72000000	180000000	613.0561
73000000	180000000	662.10455
74000000	180000000	678.1173
75000000	180000000	765.2809
76000000	180000000	772.01337
77000000	180000000	722.57025
78000000	180000000	893.84503
79000000	180000000	927.3903
80000000	180000000	955.0881
81000000	180000000	892.80524
82000000	180000000	871.44977
83000000	180000000	910.9789
84000000	180000000	955.729
85000000	180000000	949.8851
86000000	180000000	1115.3407
87000000	180000000	1007.81665
88000000	180000000	1022.41956
89000000	180000000	976.0963
90000000	180000000	716.29346
93000000	180000000	1368.8229
94000000	180000000	1424.0558
95000000	180000000	1381.6824
96000000	180000000	1350.1488
97000000	180000000	1440.9027
98000000	180000000	1376.6853
99000000	180000000	1409.467
100000000	180000000	1495.8508
101000000	180000000	1473.14
102000000	180000000	1577.858
103000000	180000000	1455.8652
104000000	180000000	1536.5278
105000000	180000000	1402.7054
106000000	180000000	1406.8992
107000000	180000000	1574.296
108000000	180000000	1680.5005
109000000	180000000	1680.664
110000000	180000000	1823.829
111000000	180000000	1740.9354
112000000	180000000	1516.2394
113000000	180000000	1738.9357
114000000	180000000	1820.218
115000000	180000000	1930.0742
116000000	180000000	1830.3485
117000000	180000000	1750.9548
118000000	180000000	1940.7351
119000000	180000000	1660.7709
120000000	180000000	2029.2014
121000000	180000000	1679.4425
122000000	180000000	1312.0177
123000000	180000000	1480.5483
124000000	180000000	1193.1702
125000000	180000000	1184.4142
126000000	180000000	1215.523
127000000	180000000	1122.5309
128000000	180000000	1069.5088
129000000	180000000	1368.9961
130000000	180000000	1944.5262
131000000	180000000	2001.122
132000000	180000000	1957.249
133000000	180000000	1778.3235
134000000	180000000	1859.5685
135000000	180000000	1747.8894
136000000	180000000	1792.4148
137000000	180000000	2000.5806
138000000	180000000	2125.456
139000000	180000000	2312.4045
140000000	180000000	2355.986
141000000	180000000	2493.6418
142000000	180000000	3077.641
143000000	180000000	3015.901
144000000	180000000	3638.3298
145000000	180000000	4212.018
146000000	180000000	4124.1025
147000000	180000000	4291.971
148000000	180000000	3994.541
149000000	180000000	3351.129
150000000	180000000	3389.2622
151000000	180000000	3437.9539
152000000	180000000	3621.749
153000000	180000000	4263.271
154000000	180000000	4864.642
155000000	180000000	4366.9253
156000000	180000000	4084.343
157000000	180000000	5140.505
158000000	180000000	5390.4517
159000000	180000000	5089.589
160000000	180000000	5982.9727
161000000	180000000	6485.5913
162000000	180000000	6473.957
163000000	180000000	7355.48
164000000	180000000	7482.652
165000000	180000000	8350.719
166000000	180000000	8220.034
167000000	180000000	7797.5903
168000000	180000000	6935.9517
169000000	180000000	6402.3447
170000000	180000000	5779.2583
171000000	180000000	5726.439
172000000	180000000	9304.794
173000000	180000000	12809.654
174000000	180000000	13498.688
175000000	180000000	14456.858
176000000	180000000	17504.168
177000000	180000000	20529.803
178000000	180000000	31109.658
179000000	180000000	183976.06
180000000	180000000	492208.84
0	181000000	1775.6348
1000000	181000000	1690.4469
2000000	181000000	1488.5775
3000000	181000000	1464.0983
4000000	181000000	1159.9166
5000000	181000000	953.2212
6000000	181000000	880.79395
7000000	181000000	1097.7887
8000000	181000000	1299.3558
9000000	181000000	813.09735
10000000	181000000	724.68744
11000000	181000000	979.16614
12000000	181000000	840.52527
13000000	181000000	745.884
14000000	181000000	675.0379
15000000	181000000	613.09393
16000000	181000000	881.72125
17000000	181000000	968.90924
18000000	181000000	1353.2445
19000000	181000000	1182.7385
20000000	181000000	1079.0443
21000000	181000000	1214.9972
22000000	181000000	1214.9016
23000000	181000000	932.9262
24000000	181000000	1218.1123
25000000	181000000	1141.5536
26000000	181000000	1096.6094
27000000	181000000	999.5974
28000000	181000000	912.59875
29000000	181000000	1119.8406
30000000	181000000	1012.6098
31000000	181000000	831.9492
32000000	181000000	816.1421
33000000	181000000	875.44696
34000000	181000000	1005.75934
35000000	181000000	1090.7333
36000000	181000000	1038.1522
37000000	181000000	865.7721
38000000	181000000	799.3007
39000000	181000000	909.6074
40000000	181000000	756.97205
41000000	181000000	813.43695
42000000	181000000	674.7202
43000000	181000000	771.00323
44000000	181000000	598.20795
45000000	181000000	547.3306
46000000	181000000	476.27863
47000000	181000000	348.45102
48000000	181000000	339.9509
49000000	181000000	363.9212
50000000	181000000	490.90787
51000000	181000000	648.8463
52000000	181000000	379.52963
53000000	181000000	594.9314
54000000	181000000	913.10565
55000000	181000000	857.0384
56000000	181000000	789.8171
57000000	181000000	640.1905
58000000	181000000	627.52545
59000000	181000000	679.75415
60000000	181000000	767.73596
61000000	181000000	724.77844
62000000	181000000	865.96326
63000000	181000000	854.24304
64000000	181000000	787.9525
65000000	181000000	779.8698
66000000	181000000	713.1531
67000000	181000000	831.39777
68000000	181000000	881.17114
69000000	181000000	818.3199
70000000	181000000	843.8949
71000000	181000000	708.3319
72000000	181000000	566.9656
73000000	181000000	748.7584
74000000	181000000	759.6867
75000000	181000000	668.78577
76000000	181000000	798.9305
77000000	181000000	850.19855
78000000	181000000	898.31
79000000	181000000	984.021
80000000	181000000	1095.4406
81000000	181000000	907.615
82000000	181000000	843.2568
83000000	181000000	860.4449
84000000	181000000	950.99316
85000000	181000000	1157.369
86000000	181000000	1215.1163
87000000	181000000	1011.5338
88000000	181000000	1011.87335
89000000	181000000	952.8657
90000000	181000000	636.40814
93000000	181000000	1202.5127
94000000	181000000	1374.7136
95000000	181000000	1356.248
96000000	181000000	1587.6471
97000000	181000000	1502.254
98000000	181000000	1164.0731
99000000	181000000	1359.8474
100000000	181000000	1309.5409
101000000	181000000	1124.9648
102000000	181000000	1649.0901
103000000	181000000	1743.7605
104000000	181000000	1515.54
105000000	181000000	1022.841
106000000	181000000	1384.6779
107000000	181000000	1535.6964
108000000	181000000	1750.0791
109000000	181000000	1861.9194
110000000	181000000	1928.3448
111000000	181000000	1630.2427
112000000	181000000	1157.2147
113000000	181000000	1483.6113
114000000	181000000	1884.9579
115000000	181000000	2288.0574
116000000	181000000	2312.1453
117000000	181000000	2246.4802
118000000	181000000	1857.6383
119000000	181000000	1311.3596
120000000	181000000	2102.3513
121000000	181000000	1229.3119
122000000	181000000	1035.1837
123000000	181000000	1589.7676
124000000	181000000	1163.7144
125000000	181000000	1180.4452
126000000	181000000	1316.9736
127000000	181000000	1212.9413
128000000	181000000	1102.9375
129000000	181000000	1340.7524
130000000	181000000	2063.562
131000000	181000000	2125.52
132000000	181000000	1986.4099
133000000	181000000	1791.9281
134000000	181000000	2247.8894
135000000	181000000	2196.434
136000000	181000000	1468.669
137000000	181000000	2084.5774
138000000	181000000	2272.9448
139000000	181000000	3046.3374
140000000	181000000	2697.973
141000000	181000000	1932.3046
142000000	181000000	2512.0137
143000000	181000000	2935.2856
144000000	181000000	4008.634
145000000	181000000	4358.068
146000000	181000000	4541.0776
147000000	181000000	4064.7168
148000000	181000000	3854.383
149000000	181000000	2817.0164
150000000	181000000	3266.7173
151000000	181000000	3801.8823
152000000	181000000	3487.5789
153000000	181000000	4456.439
154000000	181000000	5702.238
155000000	181000000	4977.1113
156000000	181000000	3885.5369
157000000	181000000	5738.239
158000000	181000000	5543.414
159000000	181000000	5668.5884
160000000	181000000	5284.7515
161000000	181000000	6078.6445
162000000	181000000	6253.236
163000000	181000000	6730.337
164000000	181000000	7648.494
165000000	181000000	8188.623
166000000	181000000	8884.8955
167000000	181000000	7648.697
168000000	181000000	8199.782
169000000	181000000	6416.939
170000000	181000000	5932.9097
171000000	181000000	4863.2207
172000000	181000000	8993.464
173000000	181000000	13724.137
174000000	181000000	13686.206
175000000	181000000	13676.298
176000000	181000000	15136.452
177000000	181000000	17264.37
178000000	181000000	16305.701
179000000	181000000	29406.5
180000000	181000000	101925.86
181000000	181000000	544342.94
0	182000000	1504.9093
1000000	182000000	972.0817
2000000	182000000	1125.8981
3000000	182000000	1109.0485
4000000	182000000	1614.6102
5000000	182000000	1176.314
6000000	182000000	953.48456
7000000	182000000	787.0302
8000000	182000000	1242.9772
9000000	182000000	1560.086
10000000	182000000	1176.2227
11000000	182000000	1203.7728
12000000	182000000	1246.4547
13000000	182000000	1071.172
14000000	182000000	1072.6238
15000000	182000000	1526.2366
16000000	182000000	1303.4358
17000000	182000000	1400.2667
18000000	182000000	976.3091
19000000	182000000	927.62494
20000000	182000000	986.6644
21000000	182000000	724.7905
22000000	182000000	798.92505
23000000	182000000	1454.3285
24000000	182000000	833.82794
25000000	182000000	916.9676
26000000	182000000	631.7089
27000000	182000000	959.1401
28000000	182000000	850.1626
29000000	182000000	1020.01337
30000000	182000000	695.5845
31000000	182000000	1122.7175
32000000	182000000	1323.45
33000000	182000000	1292.5254
34000000	182000000	723.31366
35000000	182000000	615.1718
36000000	182000000	821.19745
37000000	182000000	1184.3053
38000000	182000000	1040.069
39000000	182000000	1038.9624
40000000	182000000	812.2282
41000000	182000000	802.7511
42000000	182000000	1044.2465
43000000	182000000	975.267
44000000	182000000	1056.8663
45000000	182000000	1072.7893
46000000	182000000	919.098
47000000	182000000	843.3639
48000000	182000000	831.6805
49000000	182000000	792.1637
50000000	182000000	795.1502
51000000	182000000	812.1709
52000000	182000000	998.6198
53000000	182000000	1004.2965
54000000	182000000	656.15247
55000000	182000000	777.93463
56000000	182000000	987.4198
57000000	182000000	1165.5463
58000000	182000000	982.7689
59000000	182000000	785.6123
60000000	182000000	697.8246
61000000	182000000	797.30164
62000000	182000000	627.6209
63000000	182000000	689.037
64000000	182000000	584.34564
65000000	182000000	524.9652
66000000	182000000	755.33795
67000000	182000000	741.4647
68000000	182000000	504.92273
69000000	182000000	904.063
70000000	182000000	535.29047
71000000	182000000	706.79846
72000000	182000000	1010.7622
73000000	182000000	666.658
74000000	182000000	457.79
75000000	182000000	567.5604
76000000	182000000	524.71014
77000000	182000000	605.7167
78000000	182000000	623.2776
79000000	182000000	634.86945
80000000	182000000	559.5777
81000000	182000000	794.84595
82000000	182000000	599.01056
83000000	182000000	588.6769
84000000	182000000	594.23175
85000000	182000000	646.0965
86000000	182000000	749.3469
87000000	182000000	744.7438
88000000	182000000	741.82117
89000000	182000000	598.0203
90000000	182000000	456.4862
93000000	182000000	963.2932
94000000	182000000	797.7014
95000000	182000000	899.6142
96000000	182000000	906.09644
97000000	182000000	1131.7101
98000000	182000000	1301.6254
99000000	182000000	1566.6283
100000000	182000000	1511.8253
101000000	182000000	1720.8949
102000000	182000000	1026.279
103000000	182000000	938.8871
104000000	182000000	988.6051
105000000	182000000	1435.3187
106000000	182000000	1205.1881
107000000	182000000	1841.7214
108000000	182000000	1441.6578
109000000	182000000	960.7935
110000000	182000000	1116.5677
111000000	182000000	1669.5536
112000000	182000000	2180.3315
113000000	182000000	2441.447
114000000	182000000	2069.372
115000000	182000000	1583.4832
116000000	182000000	1443.0345
117000000	182000000	1311.3927
118000000	182000000	1772.0953
119000000	182000000	2367.0486
120000000	182000000	1740.2025
121000000	182000000	2148.4644
122000000	182000000	2088.292
123000000	182000000	1823.5852
124000000	182000000	1926.9073
125000000	182000000	1835.824
126000000	182000000	1608.4633
127000000	182000000	1821.5979
128000000	182000000	1981.6088
129000000	182000000	2039.956
130000000	182000000	2224.4587
131000000	182000000	1890.569
132000000	182000000	2168.5156
133000000	182000000	2326.3176
134000000	182000000	2240.0127
135000000	182000000	1959.8339
136000000	182000000	2145.809
137000000	182000000	1979.7471
138000000	182000000	2434.2004
139000000	182000000	2204.2302
140000000	182000000	2468.191
141000000	182000000	3434.3262
142000000	182000000	3900.4312
143000000	182000000	3233.672
144000000	182000000	2372.8435
145000000	182000000	2445.5244
146000000	182000000	2557.9348
147000000	182000000	2676.9097
148000000	182000000	3448.9734
149000000	182000000	4442.263
150000000	182000000	4210.1147
151000000	182000000	3528.8074
152000000	182000000	3711.971
153000000	182000000	3120.227
154000000	182000000	3358.8545
155000000	182000000	4177.786
156000000	182000000	5025.285
157000000	182000000	4088.7463
158000000	182000000	4502.909
159000000	182000000	5060.0796
160000000	182000000	5694.324
161000000	182000000	4251.536
162000000	182000000	3563.0063
163000000	182000000	3899.2607
164000000	182000000	4105.637
165000000	182000000	4688.437
166000000	182000000	4550.389
167000000	182000000	5948.3955
168000000	182000000	5439.6543
169000000	182000000	7294.8906
170000000	182000000	7089.02
171000000	182000000	7806.6396
172000000	182000000	8301.547
173000000	182000000	6901.784
174000000	182000000	7531.2925
175000000	182000000	8092.1997
176000000	182000000	10049.273
177000000	182000000	10594.4
178000000	182000000	15568.743
179000000	182000000	28690.379
180000000	182000000	44425.105
181000000	182000000	135367.73
182000000	182000000	516324.38
0	183000000	881.7673
1000000	183000000	420.45294
2000000	183000000	624.85706
3000000	183000000	634.34827
4000000	183000000	1441.557
5000000	183000000	1139.1815
6000000	183000000	752.1186
7000000	183000000	541.1612
8000000	183000000	1137.8458
9000000	183000000	2909.4724
10000000	183000000	2330.5317
11000000	183000000	1852.5557
12000000	183000000	2034.2411
13000000	183000000	2063.2288
14000000	183000000	2197.94
15000000	183000000	2521.844
16000000	183000000	1616.9769
17000000	183000000	1303.4695
18000000	183000000	537.5785
19000000	183000000	502.03543
20000000	183000000	628.4819
21000000	183000000	373.88104
22000000	183000000	392.8504
23000000	183000000	1231.5032
24000000	183000000	504.3437
25000000	183000000	561.1539
26000000	183000000	308.8341
27000000	183000000	782.28955
28000000	183000000	717.358
29000000	183000000	715.8043
30000000	183000000	555.84106
31000000	183000000	1065.1057
32000000	183000000	1649.9961
33000000	183000000	1480.5852
34000000	183000000	476.91418
35000000	183000000	345.0736
36000000	183000000	588.4074
37000000	183000000	1560.8857
38000000	183000000	1650.2961
39000000	183000000	1389.7256
40000000	183000000	1032.9768
41000000	183000000	1022.27527
42000000	183000000	1589.0219
43000000	183000000	1505.9617
44000000	183000000	1865.1718
45000000	183000000	2058.6257
46000000	183000000	2029.8485
47000000	183000000	2117.707
48000000	183000000	2104.5083
49000000	183000000	2179.011
50000000	183000000	1839.5145
51000000	183000000	1828.4253
52000000	183000000	2573.5964
53000000	183000000	1797.2921
54000000	183000000	751.2008
55000000	183000000	801.25885
56000000	183000000	1248.5502
57000000	183000000	1891.3546
58000000	183000000	1408.5707
59000000	183000000	855.87305
60000000	183000000	611.87213
61000000	183000000	772.37384
62000000	183000000	506.63974
63000000	183000000	601.96686
64000000	183000000	429.70886
65000000	183000000	424.237
66000000	183000000	711.26117
67000000	183000000	624.12885
68000000	183000000	379.33737
69000000	183000000	764.1587
70000000	183000000	365.98486
71000000	183000000	648.12836
72000000	183000000	1161.9781
73000000	183000000	556.46515
74000000	183000000	280.49457
75000000	183000000	350.9824
76000000	183000000	315.4911
77000000	183000000	265.87262
78000000	183000000	470.52924
79000000	183000000	343.0609
80000000	183000000	315.40878
81000000	183000000	585.55286
82000000	183000000	363.2285
83000000	183000000	273.713
84000000	183000000	337.2708
85000000	183000000	365.03458
86000000	183000000	360.87335
87000000	183000000	450.2817
88000000	183000000	533.5037
89000000	183000000	333.6152
90000000	183000000	260.72635
93000000	183000000	612.1227
94000000	183000000	475.60458
95000000	183000000	514.57043
96000000	183000000	407.58896
97000000	183000000	710.2878
98000000	183000000	1155.5995
99000000	183000000	1304.8085
100000000	183000000	1414.4017
101000000	183000000	1461.2858
102000000	183000000	536.9092
103000000	183000000	451.1635
104000000	183000000	501.7784
105000000	183000000	1183.2264
106000000	183000000	783.05634
107000000	183000000	1470.4479
108000000	183000000	954.0072
109000000	183000000	442.71964
110000000	183000000	499.04205
111000000	183000000	1284.8058
112000000	183000000	2475.4631
113000000	183000000	2814.0513
114000000	183000000	1611.8232
115000000	183000000	1044.6389
116000000	183000000	802.30426
117000000	183000000	771.78516
118000000	183000000	1239.9634
119000000	183000000	2460.3374
120000000	183000000	1512.0696
121000000	183000000	2566.7073
122000000	183000000	3420.5635
123000000	183000000	2995.4597
124000000	183000000	3156.1802
125000000	183000000	3142.4243
126000000	183000000	2813.0159
127000000	183000000	3388.1865
128000000	183000000	4415.4736
129000000	183000000	3687.3577
130000000	183000000	2475.8547
131000000	183000000	2098.061
132000000	183000000	2491.8972
133000000	183000000	2786.2507
134000000	183000000	2341.6619
135000000	183000000	1806.2529
136000000	183000000	2466.7607
137000000	183000000	2018.7208
138000000	183000000	2574.4832
139000000	183000000	2166.0828
140000000	183000000	2744.4302
141000000	183000000	4714.8047
142000000	183000000	4304.601
143000000	183000000	2373.5068
144000000	183000000	1071.5929
145000000	183000000	1103.1101
146000000	183000000	1208.1378
147000000	183000000	1288.8568
148000000	183000000	2221.2388
149000000	183000000	4471.8994
150000000	183000000	3954.4377
151000000	183000000	2486.2278
152000000	183000000	2496.2725
153000000	183000000	1810.5352
154000000	183000000	1624.4141
155000000	183000000	2883.9517
156000000	183000000	4031.8894
157000000	183000000	2478.7026
158000000	183000000	2834.5325
159000000	183000000	3420.8777
160000000	183000000	4092.106
161000000	183000000	2098.35
162000000	183000000	1528.9247
163000000	183000000	1694.678
164000000	183000000	1723.5669
165000000	183000000	2060.9636
166000000	183000000	1756.6816
167000000	183000000	2934.4817
168000000	183000000	2924.0974
169000000	183000000	5738.201
170000000	183000000	6964.3887
171000000	183000000	7600.56
172000000	183000000	5672.7485
173000000	183000000	2514.764
174000000	183000000	3041.2341
175000000	183000000	3266.0095
176000000	183000000	4810.976
177000000	183000000	5154.0386
178000000	183000000	9405.837
179000000	183000000	15433.765
180000000	183000000	12648.309
181000000	183000000	18436.389
182000000	183000000	136427.7
183000000	183000000	611959.44
0	184000000	776.0693
1000000	184000000	465.4034
2000000	184000000	598.7133
3000000	184000000	686.63763
4000000	184000000	1142.0157
5000000	184000000	902.3908
6000000	184000000	651.0312
7000000	184000000	587.5685
8000000	184000000	1339.0881
9000000	184000000	3106.993
10000000	184000000	3030.497
11000000	184000000	2904.3235
12000000	184000000	2914.463
13000000	184000000	2946.8276
14000000	184000000	2920.7556
15000000	184000000	2253.2834
16000000	184000000	1732.7588
17000000	184000000	1223.042
18000000	184000000	645.4104
19000000	184000000	507.80133
20000000	184000000	563.5124
21000000	184000000	398.9211
22000000	184000000	434.7056
23000000	184000000	1005.10254
24000000	184000000	502.70493
25000000	184000000	552.3983
26000000	184000000	406.09882
27000000	184000000	622.63776
28000000	184000000	577.1972
29000000	184000000	647.449
30000000	184000000	684.1958
31000000	184000000	1039.5256
32000000	184000000	1592.6055
33000000	184000000	1366.4673
34000000	184000000	526.1667
35000000	184000000	467.86353
36000000	184000000	664.2038
37000000	184000000	1860.011
38000000	184000000	2027.6575
39000000	184000000	1683.1766
40000000	184000000	1375.2661
41000000	184000000	1423.526
42000000	184000000	1955.5369
43000000	184000000	2263.925
44000000	184000000	2330.1782
45000000	184000000	2479.9558
46000000	184000000	2444.6873
47000000	184000000	1965.9314
48000000	184000000	2026.0265
49000000	184000000	2120.95
50000000	184000000	2265.6091
51000000	184000000	2547.9846
52000000	184000000	2403.21
53000000	184000000	2020.5927
54000000	184000000	1365.4629
55000000	184000000	1287.5115
56000000	184000000	1462.3082
57000000	184000000	1912.8507
58000000	184000000	1429.2538
59000000	184000000	971.31256
60000000	184000000	929.30176
61000000	184000000	939.0322
62000000	184000000	705.04895
63000000	184000000	782.4159
64000000	184000000	622.4027
65000000	184000000	598.57623
66000000	184000000	795.1701
67000000	184000000	727.01776
68000000	184000000	502.073
69000000	184000000	822.82733
70000000	184000000	538.56415
71000000	184000000	691.99976
72000000	184000000	1060.0795
73000000	184000000	583.313
74000000	184000000	349.45773
75000000	184000000	449.2194
76000000	184000000	349.8772
77000000	184000000	396.41217
78000000	184000000	439.81165
79000000	184000000	429.3001
80000000	184000000	360.92493
81000000	184000000	521.2654
82000000	184000000	398.9331
83000000	184000000	375.52097
84000000	184000000	375.5501
85000000	184000000	426.53043
86000000	184000000	418.92114
87000000	184000000	505.05652
88000000	184000000	504.957
89000000	184000000	421.38345
90000000	184000000	326.46933
93000000	184000000	642.6426
94000000	184000000	515.80164
95000000	184000000	519.50726
96000000	184000000	533.27673
97000000	184000000	792.466
98000000	184000000	928.6691
99000000	184000000	1214.4348
100000000	184000000	1298.3949
101000000	184000000	1146.5189
102000000	184000000	618.37805
103000000	184000000	591.51306
104000000	184000000	596.7981
105000000	184000000	907.57837
106000000	184000000	781.62445
107000000	184000000	1387.9363
108000000	184000000	983.47736
109000000	184000000	572.9183
110000000	184000000	678.4917
111000000	184000000	1233.4491
112000000	184000000	2318.515
113000000	184000000	2764.4194
114000000	184000000	1739.8104
115000000	184000000	1270.9779
116000000	184000000	1038.8225
117000000	184000000	1026.7007
118000000	184000000	1330.5259
119000000	184000000	1915.6578
120000000	184000000	1844.6583
121000000	184000000	2219.0938
122000000	184000000	3494.176
123000000	184000000	4859.254
124000000	184000000	3944.1768
125000000	184000000	4298.091
126000000	184000000	4765.5254
127000000	184000000	4840.289
128000000	184000000	5436.1724
129000000	184000000	4285.383
130000000	184000000	3277.705
131000000	184000000	2944.8633
132000000	184000000	3255.1099
133000000	184000000	3451.9053
134000000	184000000	3289.943
135000000	184000000	2745.3645
136000000	184000000	2522.5435
137000000	184000000	2661.797
138000000	184000000	3416.3867
139000000	184000000	3564.9492
140000000	184000000	4040.1804
141000000	184000000	4753.1035
142000000	184000000	3979.1428
143000000	184000000	2178.4702
144000000	184000000	1131.3385
145000000	184000000	1178.1375
146000000	184000000	1268.7106
147000000	184000000	1257.231
148000000	184000000	1959.4114
149000000	184000000	3761.2637
150000000	184000000	3879.3596
151000000	184000000	2605.5195
152000000	184000000	2364.708
153000000	184000000	1920.8427
154000000	184000000	1915.03
155000000	184000000	2855.9763
156000000	184000000	3637.3584
157000000	184000000	2507.9817
158000000	184000000	2878.6257
159000000	184000000	3248.7688
160000000	184000000	3456.7654
161000000	184000000	2017.8354
162000000	184000000	1601.9335
163000000	184000000	1760.9875
164000000	184000000	1879.8365
165000000	184000000	1984.4774
166000000	184000000	2052.4622
167000000	184000000	2792.907
168000000	184000000	2923.752
169000000	184000000	4948.1826
170000000	184000000	7875.7935
171000000	184000000	7071.535
172000000	184000000	5346.3174
173000000	184000000	2861.559
174000000	184000000	2950.5303
175000000	184000000	3127.7742
176000000	184000000	4135.735
177000000	184000000	4558.817
178000000	184000000	6126.7344
179000000	184000000	9228.37
180000000	184000000	8603.388
181000000	184000000	11347.572
182000000	184000000	23792.145
183000000	184000000	125492.36
184000000	184000000	609960.1
0	185000000	894.45026
1000000	185000000	488.40588
2000000	185000000	716.0727
3000000	185000000	808.8397
4000000	185000000	1296.8657
5000000	185000000	1009.8227
6000000	185000000	664.5504
7000000	185000000	610.6446
8000000	185000000	1212.6448
9000000	185000000	2790.966
10000000	185000000	2467.9287
11000000	185000000	2367.8152
12000000	185000000	2467.4082
13000000	185000000	2227.4392
14000000	185000000	2444.0068
15000000	185000000	2395.788
16000000	185000000	1860.027
17000000	185000000	1354.7084
18000000	185000000	675.4522
19000000	185000000	583.7587
20000000	185000000	664.69006
21000000	185000000	428.9825
22000000	185000000	435.06213
23000000	185000000	1173.4547
24000000	185000000	543.0498
25000000	185000000	575.0484
26000000	185000000	394.7346
27000000	185000000	708.13257
28000000	185000000	661.77
29000000	185000000	713.76
30000000	185000000	700.8738
31000000	185000000	1171.9436
32000000	185000000	1657.7892
33000000	185000000	1371.42
34000000	185000000	593.3863
35000000	185000000	402.90018
36000000	185000000	715.72766
37000000	185000000	1651.1058
38000000	185000000	1888.2362
39000000	185000000	1675.7445
40000000	185000000	1333.3945
41000000	185000000	1343.1588
42000000	185000000	1870.0167
43000000	185000000	1980.8986
44000000	185000000	2139.599
45000000	185000000	2353.7175
46000000	185000000	2082.2234
47000000	185000000	1682.9092
48000000	185000000	1664.3015
49000000	185000000	1606.1108
50000000	185000000	1633.5615
51000000	185000000	1861.5977
52000000	185000000	1945.5741
53000000	185000000	1824.9426
54000000	185000000	1107.9738
55000000	185000000	1230.2896
56000000	185000000	1519.5887
57000000	185000000	2024.39
58000000	185000000	1579.0559
59000000	185000000	1059.8655
60000000	185000000	880.3907
61000000	185000000	975.7313
62000000	185000000	676.588
63000000	185000000	783.74115
64000000	185000000	600.7798
65000000	185000000	527.971
66000000	185000000	846.94385
67000000	185000000	764.06146
68000000	185000000	477.74353
69000000	185000000	823.6449
70000000	185000000	522.6147
71000000	185000000	793.99457
72000000	185000000	1213.4683
73000000	185000000	667.681
74000000	185000000	320.0811
75000000	185000000	395.70316
76000000	185000000	386.6916
77000000	185000000	371.43588
78000000	185000000	506.61893
79000000	185000000	450.58276
80000000	185000000	420.42084
81000000	185000000	633.5537
82000000	185000000	451.3589
83000000	185000000	345.53204
84000000	185000000	400.22427
85000000	185000000	437.06683
86000000	185000000	434.13385
87000000	185000000	525.5194
88000000	185000000	556.17413
89000000	185000000	410.98718
90000000	185000000	272.42395
93000000	185000000	760.5923
94000000	185000000	520.51385
95000000	185000000	542.7714
96000000	185000000	507.3809
97000000	185000000	864.5937
98000000	185000000	1142.9893
99000000	185000000	1422.3876
100000000	185000000	1393.5497
101000000	185000000	1356.9922
102000000	185000000	610.77075
103000000	185000000	495.38666
104000000	185000000	586.1804
105000000	185000000	1092.6835
106000000	185000000	832.95654
107000000	185000000	1594.916
108000000	185000000	1067.242
109000000	185000000	585.3551
110000000	185000000	715.68634
111000000	185000000	1336.5326
112000000	185000000	2511.4338
113000000	185000000	2944.1555
114000000	185000000	1916.7412
115000000	185000000	1293.34
116000000	185000000	1031.4185
117000000	185000000	1066.1866
118000000	185000000	1507.5471
119000000	185000000	2401.9346
120000000	185000000	1875.0354
121000000	185000000	2419.57
122000000	185000000	3445.5007
123000000	185000000	4067.4006
124000000	185000000	3821.11
125000000	185000000	3792.1172
126000000	185000000	3587.362
127000000	185000000	3862.1787
128000000	185000000	4438.46
129000000	185000000	3895.0986
130000000	185000000	2995.7932
131000000	185000000	2830.0845
132000000	185000000	3196.097
133000000	185000000	3442.5334
134000000	185000000	3051.9812
135000000	185000000	2518.164
136000000	185000000	2745.1187
137000000	185000000	2573.882
138000000	185000000	3304.7627
139000000	185000000	3134.4543
140000000	185000000	3752.6536
141000000	185000000	4981.454
142000000	185000000	4172.0874
143000000	185000000	2486.715
144000000	185000000	1173.1176
145000000	185000000	1197.5448
146000000	185000000	1335.4326
147000000	185000000	1420.833
148000000	185000000	2186.2878
149000000	185000000	4108.6353
150000000	185000000	4423.902
151000000	185000000	2915.4604
152000000	185000000	2675.399
153000000	185000000	1954.339
154000000	185000000	1949.5769
155000000	185000000	3061.44
156000000	185000000	4185.38
157000000	185000000	2665.4392
158000000	185000000	2940.6003
159000000	185000000	3685.63
160000000	185000000	3994.6301
161000000	185000000	2188.644
162000000	185000000	1786.2227
163000000	185000000	1802.833
164000000	185000000	1971.0879
165000000	185000000	2150.436
166000000	185000000	2067.3445
167000000	185000000	3062.6628
168000000	185000000	3245.8215
169000000	185000000	5954.5894
170000000	185000000	7956.683
171000000	185000000	7860.7676
172000000	185000000	5574.1987
173000000	185000000	2830.5493
174000000	185000000	3025.5054
175000000	185000000	3251.6982
176000000	185000000	4235.3296
177000000	185000000	4591.0845
178000000	185000000	6594.9023
179000000	185000000	8478.505
180000000	185000000	7219.1416
181000000	185000000	8523.442
182000000	185000000	16036.741
183000000	185000000	32732.502
184000000	185000000	110219.77
185000000	185000000	550941.5
0	186000000	1031.7073
1000000	186000000	525.4949
2000000	186000000	856.70593
3000000	186000000	845.3105
4000000	186000000	1449.4658
5000000	186000000	1114.0066
6000000	186000000	835.1646
7000000	186000000	621.6536
8000000	186000000	1359.3185
9000000	186000000	2268.9304
10000000	186000000	2006.9182
11000000	186000000	1910.2632
12000000	186000000	2037.398
13000000	186000000	1907.2505
14000000	186000000	1930.8125
15000000	186000000	2049.3447
16000000	186000000	1721.5768
17000000	186000000	1367.5562
18000000	186000000	775.015
19000000	186000000	688.18524
20000000	186000000	698.1691
21000000	186000000	421.77054
22000000	186000000	483.128
23000000	186000000	1311.3118
24000000	186000000	593.1824
25000000	186000000	679.571
26000000	186000000	426.7336
27000000	186000000	771.6608
28000000	186000000	693.7059
29000000	186000000	829.9451
30000000	186000000	771.5683
31000000	186000000	1237.6863
32000000	186000000	1572.096
33000000	186000000	1352.7312
34000000	186000000	619.1174
35000000	186000000	465.64578
36000000	186000000	742.6047
37000000	186000000	1533.349
38000000	186000000	1670.9858
39000000	186000000	1535.0099
40000000	186000000	1185.6893
41000000	186000000	1150.7028
42000000	186000000	1632.0375
43000000	186000000	1691.1842
44000000	186000000	1719.8285
45000000	186000000	1660.9641
46000000	186000000	1648.2607
47000000	186000000	1191.9669
48000000	186000000	1133.9708
49000000	186000000	1122.3218
50000000	186000000	1299.247
51000000	186000000	1351.3309
52000000	186000000	1355.2715
53000000	186000000	1531.2665
54000000	186000000	1083.0554
55000000	186000000	1160.6842
56000000	186000000	1383.2146
57000000	186000000	1583.8629
58000000	186000000	1443.4467
59000000	186000000	1102.6683
60000000	186000000	907.10455
61000000	186000000	1014.918
62000000	186000000	721.3182
63000000	186000000	790.2985
64000000	186000000	632.7668
65000000	186000000	581.8237
66000000	186000000	871.8922
67000000	186000000	803.0286
68000000	186000000	546.4842
69000000	186000000	969.60956
70000000	186000000	552.66064
71000000	186000000	829.6508
72000000	186000000	1279.0016
73000000	186000000	692.89496
74000000	186000000	345.6896
75000000	186000000	523.4032
76000000	186000000	338.62158
77000000	186000000	382.58466
78000000	186000000	528.4354
79000000	186000000	429.01978
80000000	186000000	396.50058
81000000	186000000	660.4263
82000000	186000000	473.69562
83000000	186000000	353.62372
84000000	186000000	413.84903
85000000	186000000	446.7261
86000000	186000000	459.64972
87000000	186000000	620.6519
88000000	186000000	640.49365
89000000	186000000	453.9828
90000000	186000000	301.22165
93000000	186000000	827.8213
94000000	186000000	549.129
95000000	186000000	619.91986
96000000	186000000	529.6292
97000000	186000000	842.95294
98000000	186000000	1245.431
99000000	186000000	1289.2297
100000000	186000000	1401.7678
101000000	186000000	1376.4452
102000000	186000000	658.57214
103000000	186000000	582.2286
104000000	186000000	681.6564
105000000	186000000	1197.7458
106000000	186000000	847.94977
107000000	186000000	1550.7902
108000000	186000000	1154.6729
109000000	186000000	589.94806
110000000	186000000	731.7668
111000000	186000000	1559.65
112000000	186000000	2533.7734
113000000	186000000	2613.5571
114000000	186000000	1815.8662
115000000	186000000	1414.0723
116000000	186000000	1156.3114
117000000	186000000	1084.3484
118000000	186000000	1551.8778
119000000	186000000	2265.701
120000000	186000000	1760.7838
121000000	186000000	2192.3513
122000000	186000000	2683.6401
123000000	186000000	3311.5977
124000000	186000000	2981.5386
125000000	186000000	2953.1775
126000000	186000000	2909.2751
127000000	186000000	3015.4675
128000000	186000000	3026.575
129000000	186000000	3049.6218
130000000	186000000	2718.5212
131000000	186000000	2512.5256
132000000	186000000	2711.2524
133000000	186000000	3209.8325
134000000	186000000	2956.2354
135000000	186000000	2411.389
136000000	186000000	2399.69
137000000	186000000	2354.1663
138000000	186000000	3089.9937
139000000	186000000	3071.9717
140000000	186000000	3669.403
141000000	186000000	4133.1636
142000000	186000000	3721.675
143000000	186000000	2596.3098
144000000	186000000	1406.8269
145000000	186000000	1316.7577
146000000	186000000	1429.1096
147000000	186000000	1586.5773
148000000	186000000	2490.49
149000000	186000000	3938.6575
150000000	186000000	4332.894
151000000	186000000	2975.9678
152000000	186000000	2924.7034
153000000	186000000	2173.8965
154000000	186000000	2170.6855
155000000	186000000	3260.9355
156000000	186000000	4425.175
157000000	186000000	2847.4065
158000000	186000000	3203.42
159000000	186000000	4248.7324
160000000	186000000	4631.2993
161000000	186000000	2705.5542
162000000	186000000	2091.576
163000000	186000000	2178.9583
164000000	186000000	2218.6611
165000000	186000000	2496.9333
166000000	186000000	2341.3435
167000000	186000000	3778.3157
168000000	186000000	3720.8196
169000000	186000000	6383.299
170000000	186000000	7687.7075
171000000	186000000	6976.6733
172000000	186000000	5608.6226
173000000	186000000	3172.9233
174000000	186000000	3416.8154
175000000	186000000	3818.5132
176000000	186000000	4528.351
177000000	186000000	5042.3853
178000000	186000000	6635.0596
179000000	186000000	7858.664
180000000	186000000	6933.224
181000000	186000000	7770.1475
182000000	186000000	12527.319
183000000	186000000	18366.006
184000000	186000000	29235.47
185000000	186000000	161125.64
186000000	186000000	552368.5
0	187000000	1272.9849
1000000	187000000	1045.68
2000000	187000000	1054.0652
3000000	187000000	1231.9893
4000000	187000000	1156.4601
5000000	187000000	906.25397
6000000	187000000	743.38983
7000000	187000000	824.3853
8000000	187000000	1409.7938
9000000	187000000	1322.0466
10000000	187000000	1506.657
11000000	187000000	1666.6361
12000000	187000000	1537.1097
13000000	187000000	1451.2241
14000000	187000000	1268.1398
15000000	187000000	1035.7827
16000000	187000000	1407.5398
17000000	187000000	1157.1514
18000000	187000000	1167.2338
19000000	187000000	807.2705
20000000	187000000	786.01886
21000000	187000000	717.795
22000000	187000000	805.983
23000000	187000000	962.116
24000000	187000000	879.69244
25000000	187000000	776.53577
26000000	187000000	718.6347
27000000	187000000	718.8101
28000000	187000000	670.7748
29000000	187000000	885.16364
30000000	187000000	1020.3861
31000000	187000000	1016.5201
32000000	187000000	1129.5741
33000000	187000000	904.0395
34000000	187000000	740.2274
35000000	187000000	723.1833
36000000	187000000	922.525
37000000	187000000	1255.1444
38000000	187000000	1302.6182
39000000	187000000	1271.6056
40000000	187000000	1146.3037
41000000	187000000	1060.901
42000000	187000000	1058.2572
43000000	187000000	1383.7594
44000000	187000000	1038.711
45000000	187000000	1018.0297
46000000	187000000	889.3446
47000000	187000000	471.57834
48000000	187000000	439.0446
49000000	187000000	458.59476
50000000	187000000	797.43097
51000000	187000000	934.3498
52000000	187000000	583.50024
53000000	187000000	925.10876
54000000	187000000	1567.7163
55000000	187000000	1370.2051
56000000	187000000	1270.3713
57000000	187000000	890.2945
58000000	187000000	1000.3162
59000000	187000000	1092.6362
60000000	187000000	1147.4265
61000000	187000000	1095.3346
62000000	187000000	1072.569
63000000	187000000	981.70917
64000000	187000000	833.636
65000000	187000000	892.06976
66000000	187000000	917.7552
67000000	187000000	859.60376
68000000	187000000	848.65753
69000000	187000000	860.1762
70000000	187000000	828.4938
71000000	187000000	963.8489
72000000	187000000	835.0482
73000000	187000000	794.20544
74000000	187000000	593.34485
75000000	187000000	600.4674
76000000	187000000	546.5203
77000000	187000000	606.5695
78000000	187000000	614.8122
79000000	187000000	625.99927
80000000	187000000	665.83075
81000000	187000000	654.5852
82000000	187000000	532.4172
83000000	187000000	555.8165
84000000	187000000	592.8409
85000000	187000000	681.2745
86000000	187000000	796.39215
87000000	187000000	742.2763
88000000	187000000	624.80804
89000000	187000000	641.97266
90000000	187000000	441.60648
93000000	187000000	914.748
94000000	187000000	826.65546
95000000	187000000	796.78125
96000000	187000000	860.66394
97000000	187000000	933.3284
98000000	187000000	939.13257
99000000	187000000	1101.5483
100000000	187000000	1136.7126
101000000	187000000	912.5287
102000000	187000000	937.5412
103000000	187000000	869.5729
104000000	187000000	798.8368
105000000	187000000	845.32263
106000000	187000000	921.46313
107000000	187000000	1307.3666
108000000	187000000	1338.5372
109000000	187000000	1090.8397
110000000	187000000	1207.7037
111000000	187000000	1463.9199
112000000	187000000	1484.6139
113000000	187000000	1750.5286
114000000	187000000	1760.1577
115000000	187000000	1835.2837
116000000	187000000	1742.3173
117000000	187000000	1712.0035
118000000	187000000	1719.7765
119000000	187000000	1295.4825
120000000	187000000	1786.856
121000000	187000000	1269.0873
122000000	187000000	1452.2184
123000000	187000000	2909.565
124000000	187000000	1905.7362
125000000	187000000	1902.12
126000000	187000000	2467.4033
127000000	187000000	1992.0652
128000000	187000000	1730.1503
129000000	187000000	1814.5615
130000000	187000000	2370.2795
131000000	187000000	2572.3513
132000000	187000000	2501.0269
133000000	187000000	2654.9792
134000000	187000000	3239.5483
135000000	187000000	3022.554
136000000	187000000	1684.215
137000000	187000000	2358.0999
138000000	187000000	2945.4875
139000000	187000000	3943.1074
140000000	187000000	3930.8113
141000000	187000000	2486.5554
142000000	187000000	2514.1863
143000000	187000000	2407.2834
144000000	187000000	2072.9934
145000000	187000000	2205.687
146000000	187000000	2264.6372
147000000	187000000	2141.831
148000000	187000000	2570.1865
149000000	187000000	2928.5146
150000000	187000000	3407.7764
151000000	187000000	3311.5637
152000000	187000000	2791.582
153000000	187000000	2965.567
154000000	187000000	3476.2234
155000000	187000000	3880.7224
156000000	187000000	3282.61
157000000	187000000	3590.8904
158000000	187000000	3930.036
159000000	187000000	4527.508
160000000	187000000	4074.0088
161000000	187000000	3627.0425
162000000	187000000	3129.3794
163000000	187000000	3355.0042
164000000	187000000	3882.3047
165000000	187000000	4031.2656
166000000	187000000	4522.9277
167000000	187000000	4502.7466
168000000	187000000	5163.6387
169000000	187000000	5693.539
170000000	187000000	7560.1904
171000000	187000000	5179.508
172000000	187000000	6223.462
173000000	187000000	5644.407
174000000	187000000	5460.5674
175000000	187000000	5523.78
176000000	187000000	5824.761
177000000	187000000	6668.335
178000000	187000000	5354.675
179000000	187000000	5921.245
180000000	187000000	7073.805
181000000	187000000	10734.692
182000000	187000000	9336.88
183000000	187000000	8547.175
184000000	187000000	14877.844
185000000	187000000	26827.225
186000000	187000000	89835.25
187000000	187000000	509250.03
0	188000000	1333.8055
1000000	188000000	1245.2155
2000000	188000000	1128.257
3000000	188000000	1260.7124
4000000	188000000	1071.1112
5000000	188000000	722.91986
6000000	188000000	712.99603
7000000	188000000	924.65326
8000000	188000000	1332.6447
9000000	188000000	1065.6451
10000000	188000000	1236.4572
11000000	188000000	1563.7788
12000000	188000000	1319.3064
13000000	188000000	1238.1248
14000000	188000000	1069.7856
15000000	188000000	782.5549
16000000	188000000	1258.4379
17000000	188000000	1071.5284
18000000	188000000	1156.0615
19000000	188000000	796.91736
20000000	188000000	833.8029
21000000	188000000	844.434
22000000	188000000	873.01184
23000000	188000000	868.789
24000000	188000000	937.6571
25000000	188000000	811.79144
26000000	188000000	765.55695
27000000	188000000	722.83795
28000000	188000000	778.0438
29000000	188000000	890.4143
30000000	188000000	1042.8262
31000000	188000000	1006.87146
32000000	188000000	1046.0101
33000000	188000000	762.9681
34000000	188000000	816.44696
35000000	188000000	820.3901
36000000	188000000	972.5784
37000000	188000000	1083.8695
38000000	188000000	1122.2195
39000000	188000000	1096.8138
40000000	188000000	1031.2302
41000000	188000000	1065.0372
42000000	188000000	921.96216
43000000	188000000	1201.3295
44000000	188000000	863.6307
45000000	188000000	832.92413
46000000	188000000	722.68884
47000000	188000000	414.05634
48000000	188000000	390.52957
49000000	188000000	350.7693
50000000	188000000	646.1552
51000000	188000000	847.7915
52000000	188000000	451.25162
53000000	188000000	736.8566
54000000	188000000	1520.6155
55000000	188000000	1324.3441
56000000	188000000	1172.2424
57000000	188000000	745.4603
58000000	188000000	860.3932
59000000	188000000	1018.28217
60000000	188000000	1120.4221
61000000	188000000	1048.3981
62000000	188000000	1125.9073
63000000	188000000	951.381
64000000	188000000	895.64
65000000	188000000	970.88135
66000000	188000000	844.52124
67000000	188000000	887.5941
68000000	188000000	933.43646
69000000	188000000	924.14233
70000000	188000000	899.0316
71000000	188000000	900.5161
72000000	188000000	709.8588
73000000	188000000	833.15424
74000000	188000000	679.5839
75000000	188000000	563.6713
76000000	188000000	614.1792
77000000	188000000	696.9252
78000000	188000000	676.95294
79000000	188000000	738.90234
80000000	188000000	742.6537
81000000	188000000	687.5425
82000000	188000000	599.19946
83000000	188000000	675.1016
84000000	188000000	762.04224
85000000	188000000	826.5877
86000000	188000000	867.7342
87000000	188000000	823.0966
88000000	188000000	672.06525
89000000	188000000	741.2995
90000000	188000000	613.6614
93000000	188000000	848.2554
94000000	188000000	911.62646
95000000	188000000	903.5257
96000000	188000000	1060.8599
97000000	188000000	981.1289
98000000	188000000	877.21765
99000000	188000000	1101.7332
100000000	188000000	1015.15845
101000000	188000000	836.8775
102000000	188000000	1000.97925
103000000	188000000	983.45624
104000000	188000000	897.67377
105000000	188000000	807.4124
106000000	188000000	975.30255
107000000	188000000	1160.4927
108000000	188000000	1252.1128
109000000	188000000	1298.2186
110000000	188000000	1429.5839
111000000	188000000	1364.3748
112000000	188000000	1293.7408
113000000	188000000	1606.2737
114000000	188000000	1838.5884
115000000	188000000	2026.0631
116000000	188000000	1985.691
117000000	188000000	1879.4589
118000000	188000000	1701.1783
119000000	188000000	1074.6993
120000000	188000000	1739.7231
121000000	188000000	1061.2487
122000000	188000000	1261.0583
123000000	188000000	2425.215
124000000	188000000	1658.8903
125000000	188000000	1656.2866
126000000	188000000	2090.5679
127000000	188000000	1667.2784
128000000	188000000	1393.4076
129000000	188000000	1497.7909
130000000	188000000	2273.1758
131000000	188000000	2496.0044
132000000	188000000	2278.8167
133000000	188000000	2296.1938
134000000	188000000	2940.1243
135000000	188000000	2942.321
136000000	188000000	1529.0415
137000000	188000000	2307.0483
138000000	188000000	2687.8174
139000000	188000000	3981.9438
140000000	188000000	3503.6077
141000000	188000000	2097.1484
142000000	188000000	2202.4224
143000000	188000000	2262.119
144000000	188000000	2415.2288
145000000	188000000	2425.6099
146000000	188000000	2511.2146
147000000	188000000	2446.4941
148000000	188000000	2511.1157
149000000	188000000	2534.5159
150000000	188000000	3091.092
151000000	188000000	3298.6782
152000000	188000000	2643.0503
153000000	188000000	3112.1284
154000000	188000000	3819.8306
155000000	188000000	3727.0278
156000000	188000000	2958.6062
157000000	188000000	3910.1665
158000000	188000000	3898.3303
159000000	188000000	4388.27
160000000	188000000	3768.0422
161000000	188000000	3969.5205
162000000	188000000	3827.1943
163000000	188000000	4141.635
164000000	188000000	4624.014
165000000	188000000	4891.3833
166000000	188000000	5296.963
167000000	188000000	4808.7817
168000000	188000000	5567.4507
169000000	188000000	5345.984
170000000	188000000	6769.3013
171000000	188000000	4490.9155
172000000	188000000	5937.35
173000000	188000000	6908.1475
174000000	188000000	6469.979
175000000	188000000	6090.3354
176000000	188000000	6160.1343
177000000	188000000	6904.999
178000000	188000000	4904.1333
179000000	188000000	5168.8696
180000000	188000000	7120.42
181000000	188000000	11336.671
182000000	188000000	8143.75
183000000	188000000	6479.0425
184000000	188000000	11091.431
185000000	188000000	16903.889
186000000	188000000	38678.29
187000000	188000000	209694.4
188000000	188000000	485110.53
0	189000000	1599.3508
1000000	189000000	776.30023
2000000	189000000	1301.1757
3000000	189000000	1111.9545
4000000	189000000	1631.7336
5000000	189000000	1424.7031
6000000	189000000	1516.6715
7000000	189000000	938.77673
8000000	189000000	1150.0146
9000000	189000000	1137.8069
10000000	189000000	953.25574
11000000	189000000	1082.471
12000000	189000000	1105.7391
13000000	189000000	889.0179
14000000	189000000	1000.22345
15000000	189000000	1543.8075
16000000	189000000	1545.4248
17000000	189000000	1656.87
18000000	189000000	984.8716
19000000	189000000	1006.16455
20000000	189000000	939.3484
21000000	189000000	641.70044
22000000	189000000	704.8901
23000000	189000000	1729.9192
24000000	189000000	716.7203
25000000	189000000	834.79144
26000000	189000000	524.2182
27000000	189000000	1145.3722
28000000	189000000	1179.6923
29000000	189000000	1159.8428
30000000	189000000	789.3272
31000000	189000000	1339.3765
32000000	189000000	1184.0413
33000000	189000000	1146.9285
34000000	189000000	795.6032
35000000	189000000	592.52966
36000000	189000000	837.8527
37000000	189000000	1062.6222
38000000	189000000	906.9623
39000000	189000000	1033.1101
40000000	189000000	759.0651
41000000	189000000	787.88794
42000000	189000000	966.7427
43000000	189000000	880.4816
44000000	189000000	939.0838
45000000	189000000	880.1797
46000000	189000000	871.9473
47000000	189000000	716.73663
48000000	189000000	558.6622
49000000	189000000	584.69684
50000000	189000000	638.3469
51000000	189000000	663.5929
52000000	189000000	710.00946
53000000	189000000	851.804
54000000	189000000	635.2175
55000000	189000000	836.29834
56000000	189000000	974.7411
57000000	189000000	1026.4598
58000000	189000000	948.51227
59000000	189000000	952.44977
60000000	189000000	798.88934
61000000	189000000	1070.5204
62000000	189000000	733.92816
63000000	189000000	744.4354
64000000	189000000	604.9088
65000000	189000000	515.37915
66000000	189000000	856.0041
67000000	189000000	808.17084
68000000	189000000	521.9306
69000000	189000000	913.659
70000000	189000000	582.80304
71000000	189000000	712.4296
72000000	189000000	1040.6935
73000000	189000000	629.3803
74000000	189000000	408.86505
75000000	189000000	564.1124
76000000	189000000	524.1076
77000000	189000000	520.955
78000000	189000000	764.70044
79000000	189000000	648.55365
80000000	189000000	520.8793
81000000	189000000	1034.5021
82000000	189000000	815.7133
83000000	189000000	537.246
84000000	189000000	535.08575
85000000	189000000	584.90576
86000000	189000000	601.10223
87000000	189000000	716.995
88000000	189000000	776.2859
89000000	189000000	614.27106
90000000	189000000	492.23956
93000000	189000000	978.00415
94000000	189000000	878.7788
95000000	189000000	1040.1216
96000000	189000000	734.47687
97000000	189000000	1053.2543
98000000	189000000	1534.8104
99000000	189000000	1517.2212
100000000	189000000	1199.8536
101000000	189000000	1620.4128
102000000	189000000	890.3467
103000000	189000000	801.6718
104000000	189000000	1033.1628
105000000	189000000	1877.4635
106000000	189000000	1350.1895
107000000	189000000	1737.6422
108000000	189000000	1449.7224
109000000	189000000	876.0424
110000000	189000000	913.86334
111000000	189000000	1712.5288
112000000	189000000	2531.6782
113000000	189000000	2190.5884
114000000	189000000	2065.5852
115000000	189000000	1617.9368
116000000	189000000	1351.5989
117000000	189000000	1433.5735
118000000	189000000	1937.8308
119000000	189000000	2201.3386
120000000	189000000	1533.4512
121000000	189000000	2142.6626
122000000	189000000	1849.2467
123000000	189000000	1622.5156
124000000	189000000	1743.8013
125000000	189000000	1494.7119
126000000	189000000	1233.0208
127000000	189000000	1484.9581
128000000	189000000	1352.0734
129000000	189000000	1619.9545
130000000	189000000	2008.4208
131000000	189000000	1790.0458
132000000	189000000	1778.0198
133000000	189000000	2034.2217
134000000	189000000	2117.498
135000000	189000000	1752.6703
136000000	189000000	2397.6152
137000000	189000000	2016.034
138000000	189000000	2267.0776
139000000	189000000	1984.9653
140000000	189000000	2344.7656
141000000	189000000	2869.4824
142000000	189000000	3056.5344
143000000	189000000	2950.3083
144000000	189000000	1957.6244
145000000	189000000	2094.8657
146000000	189000000	2100.5642
147000000	189000000	2591.8599
148000000	189000000	3039.9094
149000000	189000000	3798.7917
150000000	189000000	3623.61
151000000	189000000	3905.481
152000000	189000000	4429.973
153000000	189000000	2776.7478
154000000	189000000	2592.1252
155000000	189000000	3348.929
156000000	189000000	4271.803
157000000	189000000	3630.5469
158000000	189000000	3738.9097
159000000	189000000	4266.9014
160000000	189000000	4710.115
161000000	189000000	3996.7673
162000000	189000000	3552.3457
163000000	189000000	3376.3943
164000000	189000000	3413.5752
165000000	189000000	4084.999
166000000	189000000	3568.5105
167000000	189000000	5309.391
168000000	189000000	5835.191
169000000	189000000	6511.5747
170000000	189000000	6358.5186
171000000	189000000	7347.5293
172000000	189000000	6598.4204
173000000	189000000	4610.0703
174000000	189000000	5257.3477
175000000	189000000	5710.255
176000000	189000000	5922.602
177000000	189000000	5990.497
178000000	189000000	8463.252
179000000	189000000	7916.3613
180000000	189000000	7110.0034
181000000	189000000	7739.3413
182000000	189000000	9003.691
183000000	189000000	7267.3286
184000000	189000000	7952.374
185000000	189000000	13211.951
186000000	189000000	25455.062
187000000	189000000	39609.617
188000000	189000000	104491.97
189000000	189000000	587912.6
0	190000000	1946.0497
1000000	190000000	1508.7604
2000000	190000000	1466.0526
3000000	190000000	1537.723
4000000	190000000	1325.9319
5000000	190000000	993.2195
6000000	190000000	1012.95056
7000000	190000000	1117.0809
8000000	190000000	1174.4385
9000000	190000000	876.9909
10000000	190000000	835.177
11000000	190000000	1062.6318
12000000	190000000	1100.1752
13000000	190000000	803.2898
14000000	190000000	717.9726
15000000	190000000	782.2102
16000000	190000000	1143.4214
17000000	190000000	1255.732
18000000	190000000	1437.6095
19000000	190000000	1190.8335
20000000	190000000	1086.8336
21000000	190000000	1134.7242
22000000	190000000	1178.0436
23000000	190000000	1099.3422
24000000	190000000	1108.17
25000000	190000000	1084.1713
26000000	190000000	909.88135
27000000	190000000	1035.0962
28000000	190000000	1030.3196
29000000	190000000	1080.1711
30000000	190000000	1092.1583
31000000	190000000	921.9428
32000000	190000000	923.46045
33000000	190000000	837.88306
34000000	190000000	933.4769
35000000	190000000	945.47577
36000000	190000000	1032.3942
37000000	190000000	940.7646
38000000	190000000	852.5293
39000000	190000000	956.595
40000000	190000000	813.53015
41000000	190000000	833.71985
42000000	190000000	695.65326
43000000	190000000	892.54785
44000000	190000000	763.4329
45000000	190000000	694.9814
46000000	190000000	591.4838
47000000	190000000	379.1718
48000000	190000000	352.04755
49000000	190000000	328.70343
50000000	190000000	564.65015
51000000	190000000	685.15027
52000000	190000000	448.95917
53000000	190000000	688.5368
54000000	190000000	987.349
55000000	190000000	995.1974
56000000	190000000	979.7484
57000000	190000000	721.175
58000000	190000000	724.7256
59000000	190000000	913.5038
60000000	190000000	898.20465
61000000	190000000	902.51227
62000000	190000000	1004.4258
63000000	190000000	901.79486
64000000	190000000	727.48114
65000000	190000000	806.01874
66000000	190000000	795.9629
67000000	190000000	822.8886
68000000	190000000	829.429
69000000	190000000	882.9707
70000000	190000000	760.9024
71000000	190000000	758.82764
72000000	190000000	661.5641
73000000	190000000	725.4977
74000000	190000000	695.4388
75000000	190000000	665.2074
76000000	190000000	742.5295
77000000	190000000	809.6243
78000000	190000000	866.6335
79000000	190000000	881.85785
80000000	190000000	958.80524
81000000	190000000	913.3103
82000000	190000000	822.59564
83000000	190000000	793.6824
84000000	190000000	901.9347
85000000	190000000	1053.8375
86000000	190000000	1030.6821
87000000	190000000	1017.9884
88000000	190000000	977.4865
89000000	190000000	840.01135
90000000	190000000	592.45135
93000000	190000000	1074.3414
94000000	190000000	1155.0754
95000000	190000000	1172.6422
96000000	190000000	1265.2958
97000000	190000000	1268.5781
98000000	190000000	1162.0309
99000000	190000000	1233.165
100000000	190000000	1162.3458
101000000	190000000	1203.0782
102000000	190000000	1414.176
103000000	190000000	1389.3505
104000000	190000000	1287.3904
105000000	190000000	1086.9865
106000000	190000000	1255.7827
107000000	190000000	1421.8561
108000000	190000000	1450.2721
109000000	190000000	1424.0276
110000000	190000000	1679.5963
111000000	190000000	1537.762
112000000	190000000	1269.5413
113000000	190000000	1500.6215
114000000	190000000	1843.7478
115000000	190000000	2087.107
116000000	190000000	2111.7083
117000000	190000000	2097.3215
118000000	190000000	1793.5719
119000000	190000000	1391.3027
120000000	190000000	1900.1328
121000000	190000000	1273.108
122000000	190000000	1110.1426
123000000	190000000	1627.5244
124000000	190000000	1268.2821
125000000	190000000	1182.3127
126000000	190000000	1318.9583
127000000	190000000	1184.2676
128000000	190000000	1088.5077
129000000	190000000	1296.5349
130000000	190000000	2017.1907
131000000	190000000	2071.971
132000000	190000000	1892.0912
133000000	190000000	1853.8102
134000000	190000000	2223.8894
135000000	190000000	2124.3213
136000000	190000000	1496.2574
137000000	190000000	1860.7118
138000000	190000000	2078.5288
139000000	190000000	2657.6624
140000000	190000000	2516.678
141000000	190000000	1875.1388
142000000	190000000	2123.6821
143000000	190000000	2612.3945
144000000	190000000	2967.255
145000000	190000000	3269.7708
146000000	190000000	3478.0483
147000000	190000000	3355.731
148000000	190000000	3212.2268
149000000	190000000	2699.4976
150000000	190000000	3080.1064
151000000	190000000	3637.1768
152000000	190000000	3399.527
153000000	190000000	4018.1108
154000000	190000000	4530.85
155000000	190000000	4220.861
156000000	190000000	3456.1091
157000000	190000000	4493.4185
158000000	190000000	4462.0337
159000000	190000000	4632.1445
160000000	190000000	4604.995
161000000	190000000	4938.7456
162000000	190000000	4911.4043
163000000	190000000	5211.5957
164000000	190000000	5731.7944
165000000	190000000	6563.5283
166000000	190000000	6676.0425
167000000	190000000	6951.0483
168000000	190000000	7098.21
169000000	190000000	6031.635
170000000	190000000	5490.2446
171000000	190000000	4968.065
172000000	190000000	7106.6733
173000000	190000000	8899.274
174000000	190000000	8467.856
175000000	190000000	8058.675
176000000	190000000	7418.5283
177000000	190000000	7486.5254
178000000	190000000	6447.6216
179000000	190000000	6389.3193
180000000	190000000	8622.331
181000000	190000000	11674.31
182000000	190000000	8298.657
183000000	190000000	4847.559
184000000	190000000	6520.6445
185000000	190000000	9021.475
186000000	190000000	14579.032
187000000	190000000	30937.99
188000000	190000000	54323.586
189000000	190000000	126836.99
190000000	190000000	471720.0
0	191000000	2102.9663
1000000	191000000	1687.0054
2000000	191000000	1580.5981
3000000	191000000	1524.2311
4000000	191000000	1415.2013
5000000	191000000	1179.0814
6000000	191000000	1186.5905
7000000	191000000	1222.6343
8000000	191000000	1262.5726
9000000	191000000	848.89575
10000000	191000000	779.77203
11000000	191000000	1088.52
12000000	191000000	1067.9977
13000000	191000000	907.4797
14000000	191000000	755.69434
15000000	191000000	907.69006
16000000	191000000	1179.8229
17000000	191000000	1307.9683
18000000	191000000	1533.7052
19000000	191000000	1281.1934
20000000	191000000	1225.6547
21000000	191000000	1159.895
22000000	191000000	1176.5436
23000000	191000000	1255.5369
24000000	191000000	1230.0214
25000000	191000000	1146.8389
26000000	191000000	957.6198
27000000	191000000	1135.2593
28000000	191000000	1099.2533
29000000	191000000	1243.84
30000000	191000000	1100.5857
31000000	191000000	962.46783
32000000	191000000	952.2624
33000000	191000000	971.54095
34000000	191000000	979.57294
35000000	191000000	1092.8096
36000000	191000000	1052.0477
37000000	191000000	881.5476
38000000	191000000	813.65643
39000000	191000000	936.2064
40000000	191000000	902.41864
41000000	191000000	805.99316
42000000	191000000	848.7134
43000000	191000000	878.1913
44000000	191000000	756.29785
45000000	191000000	710.66547
46000000	191000000	609.3266
47000000	191000000	441.60413
48000000	191000000	437.27023
49000000	191000000	393.42398
50000000	191000000	623.11487
51000000	191000000	753.12964
52000000	191000000	494.32715
53000000	191000000	726.68945
54000000	191000000	994.3357
55000000	191000000	945.2576
56000000	191000000	975.95233
57000000	191000000	738.1308
58000000	191000000	727.4202
59000000	191000000	830.52856
60000000	191000000	890.6306
61000000	191000000	886.1159
62000000	191000000	888.11926
63000000	191000000	820.387
64000000	191000000	735.69666
65000000	191000000	753.1131
66000000	191000000	785.15607
67000000	191000000	768.9058
68000000	191000000	775.97577
69000000	191000000	900.55414
70000000	191000000	779.9779
71000000	191000000	715.71295
72000000	191000000	612.9384
73000000	191000000	746.75836
74000000	191000000	694.3435
75000000	191000000	664.2035
76000000	191000000	761.2726
77000000	191000000	746.0358
78000000	191000000	800.99207
79000000	191000000	893.46606
80000000	191000000	939.58075
81000000	191000000	901.0193
82000000	191000000	807.4281
83000000	191000000	788.4882
84000000	191000000	812.50214
85000000	191000000	891.6918
86000000	191000000	1028.5737
87000000	191000000	996.8869
88000000	191000000	977.9896
89000000	191000000	829.3245
90000000	191000000	565.9861
93000000	191000000	1018.6211
94000000	191000000	1065.9712
95000000	191000000	1063.5825
96000000	191000000	1180.8685
97000000	191000000	1305.7063
98000000	191000000	1119.2952
99000000	191000000	1268.9474
100000000	191000000	1248.493
101000000	191000000	1336.8995
102000000	191000000	1395.3589
103000000	191000000	1359.1016
104000000	191000000	1347.4429
105000000	191000000	1190.2224
106000000	191000000	1281.7157
107000000	191000000	1414.8318
108000000	191000000	1424.8878
109000000	191000000	1440.7395
110000000	191000000	1518.2479
111000000	191000000	1540.1388
112000000	191000000	1357.8137
113000000	191000000	1502.1248
114000000	191000000	1750.786
115000000	191000000	1925.7435
116000000	191000000	1944.7411
117000000	191000000	1954.037
118000000	191000000	1839.9694
119000000	191000000	1609.0476
120000000	191000000	1862.9547
121000000	191000000	1362.5822
122000000	191000000	1147.5281
123000000	191000000	1512.707
124000000	191000000	1166.3535
125000000	191000000	1168.3848
126000000	191000000	1276.7491
127000000	191000000	1288.5995
128000000	191000000	1089.3112
129000000	191000000	1332.5481
130000000	191000000	1965.2339
131000000	191000000	1971.7102
132000000	191000000	1880.7355
133000000	191000000	1811.8015
134000000	191000000	2039.3562
135000000	191000000	1931.4393
136000000	191000000	1472.3406
137000000	191000000	1767.4617
138000000	191000000	2009.211
139000000	191000000	2340.0303
140000000	191000000	2221.3425
141000000	191000000	1885.012
142000000	191000000	2204.647
143000000	191000000	2572.8655
144000000	191000000	2916.6555
145000000	191000000	3041.5042
146000000	191000000	3354.755
147000000	191000000	3197.473
148000000	191000000	3151.6223
149000000	191000000	2705.9685
150000000	191000000	2923.3127
151000000	191000000	3637.9287
152000000	191000000	3457.754
153000000	191000000	3882.0596
154000000	191000000	4189.3384
155000000	191000000	3770.1409
156000000	191000000	3748.0444
157000000	191000000	4330.647
158000000	191000000	4140.1396
159000000	191000000	4309.2266
160000000	191000000	4237.7935
161000000	191000000	4500.415
162000000	191000000	4384.802
163000000	191000000	4906.209
164000000	191000000	5433.164
165000000	191000000	5945.959
166000000	191000000	6196.6636
167000000	191000000	6581.05
168000000	191000000	6515.4023
169000000	191000000	5835.6074
170000000	191000000	5324.908
171000000	191000000	5227.037
172000000	191000000	7060.4385
173000000	191000000	7967.6714
174000000	191000000	7778.11
175000000	191000000	7453.8228
176000000	191000000	6956.283
177000000	191000000	7157.9287
178000000	191000000	6747.824
179000000	191000000	6583.3086
180000000	191000000	8428.32
181000000	191000000	10285.408
182000000	191000000	8072.365
183000000	191000000	4574.1772
184000000	191000000	5568.265
185000000	191000000	7683.6333
186000000	191000000	11052.554
187000000	191000000	17202.64
188000000	191000000	22401.74
189000000	191000000	29893.053
190000000	191000000	150767.81
191000000	191000000	543835.2
0	192000000	2060.3457
1000000	192000000	1681.111
2000000	192000000	1550.4816
3000000	192000000	1717.3116
4000000	192000000	1466.2858
5000000	192000000	1110.2238
6000000	192000000	971.8493
7000000	192000000	1214.2035
8000000	192000000	1405.4226
9000000	192000000	932.8658
10000000	192000000	960.3349
11000000	192000000	1300.8624
12000000	192000000	1225.6082
13000000	192000000	1024.0367
14000000	192000000	908.8918
15000000	192000000	880.14734
16000000	192000000	1208.551
17000000	192000000	1267.1184
18000000	192000000	1438.818
19000000	192000000	1234.1847
20000000	192000000	1253.9606
21000000	192000000	1158.08
22000000	192000000	1141.2672
23000000	192000000	1033.959
24000000	192000000	1240.2688
25000000	192000000	1202.1184
26000000	192000000	1034.4108
27000000	192000000	997.0391
28000000	192000000	1016.61145
29000000	192000000	1048.8539
30000000	192000000	1090.9329
31000000	192000000	1000.80676
32000000	192000000	983.3296
33000000	192000000	904.6057
34000000	192000000	993.89056
35000000	192000000	1088.8969
36000000	192000000	1025.4856
37000000	192000000	1000.74786
38000000	192000000	942.489
39000000	192000000	1110.1613
40000000	192000000	917.44165
41000000	192000000	929.7321
42000000	192000000	847.418
43000000	192000000	978.7126
44000000	192000000	799.4767
45000000	192000000	740.09906
46000000	192000000	636.7755
47000000	192000000	460.20627
48000000	192000000	396.18454
49000000	192000000	373.25156
50000000	192000000	704.5189
51000000	192000000	818.8007
52000000	192000000	480.4079
53000000	192000000	774.1508
54000000	192000000	1221.7139
55000000	192000000	1141.4163
56000000	192000000	970.18286
57000000	192000000	726.6042
58000000	192000000	741.6118
59000000	192000000	825.28064
60000000	192000000	901.7554
61000000	192000000	923.7192
62000000	192000000	983.8086
63000000	192000000	924.14575
64000000	192000000	808.2121
65000000	192000000	733.6368
66000000	192000000	838.0573
67000000	192000000	842.0096
68000000	192000000	834.97986
69000000	192000000	921.2055
70000000	192000000	829.93884
71000000	192000000	749.0029
72000000	192000000	695.1266
73000000	192000000	750.81934
74000000	192000000	738.1849
75000000	192000000	754.07404
76000000	192000000	724.0675
77000000	192000000	754.4669
78000000	192000000	763.1327
79000000	192000000	837.4646
80000000	192000000	1009.62085
81000000	192000000	737.16644
82000000	192000000	730.17633
83000000	192000000	771.4681
84000000	192000000	821.78436
85000000	192000000	832.859
86000000	192000000	1038.2318
87000000	192000000	942.9138
88000000	192000000	884.33856
89000000	192000000	776.77386
90000000	192000000	601.462
93000000	192000000	1009.1188
94000000	192000000	1084.0765
95000000	192000000	1035.8928
96000000	192000000	1167.3982
97000000	192000000	1134.8959
98000000	192000000	1050.8081
99000000	192000000	1128.8657
100000000	192000000	1145.6561
101000000	192000000	1080.9277
102000000	192000000	1261.6752
103000000	192000000	1220.6187
104000000	192000000	1136.6486
105000000	192000000	930.2305
106000000	192000000	1098.7933
107000000	192000000	1354.3802
108000000	192000000	1480.776
109000000	192000000	1479.7233
110000000	192000000	1558.6981
111000000	192000000	1463.8593
112000000	192000000	1236.1198
113000000	192000000	1404.7161
114000000	192000000	1692.1969
115000000	192000000	1922.1854
116000000	192000000	1957.5863
117000000	192000000	1992.4015
118000000	192000000	1708.4031
119000000	192000000	1378.7959
120000000	192000000	1868.7909
121000000	192000000	1300.9629
122000000	192000000	1224.8744
123000000	192000000	1702.0713
124000000	192000000	1302.8124
125000000	192000000	1352.4316
126000000	192000000	1503.4829
127000000	192000000	1355.4448
128000000	192000000	1260.5718
129000000	192000000	1386.5741
130000000	192000000	2043.7308
131000000	192000000	2156.597
132000000	192000000	2093.0264
133000000	192000000	1967.3367
134000000	192000000	2276.284
135000000	192000000	2176.27
136000000	192000000	1391.458
137000000	192000000	2055.961
138000000	192000000	2142.2495
139000000	192000000	2844.2402
140000000	192000000	2603.0925
141000000	192000000	1872.1678
142000000	192000000	2160.7761
143000000	192000000	2353.2698
144000000	192000000	2825.2217
145000000	192000000	3183.5916
146000000	192000000	3125.8003
147000000	192000000	2845.1243
148000000	192000000	2958.4626
149000000	192000000	2456.648
150000000	192000000	3013.7126
151000000	192000000	3236.7266
152000000	192000000	2961.8674
153000000	192000000	3488.2485
154000000	192000000	4392.2144
155000000	192000000	4014.8145
156000000	192000000	3370.956
157000000	192000000	4348.4795
158000000	192000000	4298.9546
159000000	192000000	4452.8525
160000000	192000000	4048.289
161000000	192000000	4372.142
162000000	192000000	4365.207
163000000	192000000	4702.5083
164000000	192000000	5372.846
165000000	192000000	5823.959
166000000	192000000	6327.504
167000000	192000000	6003.933
168000000	192000000	6432.0596
169000000	192000000	5718.5093
170000000	192000000	5312.734
171000000	192000000	4482.427
172000000	192000000	6679.923
173000000	192000000	8159.473
174000000	192000000	7322.266
175000000	192000000	7176.8066
176000000	192000000	6871.9443
177000000	192000000	6876.4507
178000000	192000000	5573.9727
179000000	192000000	5723.8003
180000000	192000000	7924.106
181000000	192000000	10280.207
182000000	192000000	7398.45
183000000	192000000	4391.9653
184000000	192000000	6112.131
185000000	192000000	7564.709
186000000	192000000	10768.194
187000000	192000000	17626.35
188000000	192000000	21354.965
189000000	192000000	19929.932
190000000	192000000	58455.45
191000000	192000000	128947.36
192000000	192000000	556446.5
0	193000000	1636.9834
1000000	193000000	1103.8108
2000000	193000000	1211.7676
3000000	193000000	1427.7749
4000000	193000000	1672.1943
5000000	193000000	1154.1078
6000000	193000000	930.50714
7000000	193000000	915.1546
8000000	193000000	1702.4757
9000000	193000000	2040.5308
10000000	193000000	1783.2767
11000000	193000000	1848.6593
12000000	193000000	1907.8754
13000000	193000000	1747.0914
14000000	193000000	1646.4238
15000000	193000000	1564.6287
16000000	193000000	1801.1259
17000000	193000000	1585.5306
18000000	193000000	1174.2758
19000000	193000000	901.2782
20000000	193000000	1024.7616
21000000	193000000	790.55023
22000000	193000000	857.3059
23000000	193000000	1443.2104
24000000	193000000	934.4466
25000000	193000000	1021.96216
26000000	193000000	741.1582
27000000	193000000	904.8196
28000000	193000000	782.11536
29000000	193000000	954.2536
30000000	193000000	922.16425
31000000	193000000	1212.8951
32000000	193000000	1451.118
33000000	193000000	1318.5599
34000000	193000000	774.481
35000000	193000000	690.451
36000000	193000000	981.1244
37000000	193000000	1636.7965
38000000	193000000	1485.8828
39000000	193000000	1309.5802
40000000	193000000	1179.069
41000000	193000000	1116.0201
42000000	193000000	1360.8373
43000000	193000000	1464.7681
44000000	193000000	1326.852
45000000	193000000	1362.5869
46000000	193000000	1274.4238
47000000	193000000	804.73865
48000000	193000000	803.94543
49000000	193000000	768.4028
50000000	193000000	1083.1411
51000000	193000000	1203.5992
52000000	193000000	1011.5815
53000000	193000000	1275.0303
54000000	193000000	1243.0577
55000000	193000000	1191.5883
56000000	193000000	1184.8025
57000000	193000000	1190.6205
58000000	193000000	1105.8384
59000000	193000000	998.19617
60000000	193000000	947.1354
61000000	193000000	965.83
62000000	193000000	875.4312
63000000	193000000	876.97284
64000000	193000000	763.07745
65000000	193000000	713.6598
66000000	193000000	916.2708
67000000	193000000	875.29333
68000000	193000000	701.59955
69000000	193000000	885.5688
70000000	193000000	683.3795
71000000	193000000	856.6051
72000000	193000000	1029.873
73000000	193000000	820.1158
74000000	193000000	472.2285
75000000	193000000	556.1955
76000000	193000000	520.2309
77000000	193000000	514.65094
78000000	193000000	607.6319
79000000	193000000	577.5846
80000000	193000000	590.0417
81000000	193000000	714.5387
82000000	193000000	571.0334
83000000	193000000	512.3556
84000000	193000000	513.50745
85000000	193000000	636.3364
86000000	193000000	614.84247
87000000	193000000	708.9722
88000000	193000000	640.77216
89000000	193000000	570.83606
90000000	193000000	385.22208
93000000	193000000	728.32025
94000000	193000000	757.38885
95000000	193000000	745.9728
96000000	193000000	776.4932
97000000	193000000	895.21576
98000000	193000000	1057.8512
99000000	193000000	1345.4779
100000000	193000000	1329.8197
101000000	193000000	1173.0903
102000000	193000000	862.90125
103000000	193000000	772.7776
104000000	193000000	804.73206
105000000	193000000	1077.5486
106000000	193000000	972.86914
107000000	193000000	1501.6293
108000000	193000000	1271.9009
109000000	193000000	950.0424
110000000	193000000	1085.6373
111000000	193000000	1354.8634
112000000	193000000	1736.4147
113000000	193000000	2219.5195
114000000	193000000	1777.8002
115000000	193000000	1662.0853
116000000	193000000	1408.9578
117000000	193000000	1403.7563
118000000	193000000	1627.0828
119000000	193000000	1772.6969
120000000	193000000	1825.292
121000000	193000000	1694.1893
122000000	193000000	2121.8452
123000000	193000000	2778.5898
124000000	193000000	2213.6675
125000000	193000000	2194.7578
126000000	193000000	2532.774
127000000	193000000	2330.027
128000000	193000000	2382.0957
129000000	193000000	2467.0244
130000000	193000000	2428.44
131000000	193000000	2355.3345
132000000	193000000	2387.4094
133000000	193000000	2591.7986
134000000	193000000	2826.9268
135000000	193000000	2430.9277
136000000	193000000	1988.1013
137000000	193000000	2209.6526
138000000	193000000	2798.3179
139000000	193000000	3125.3823
140000000	193000000	3174.565
141000000	193000000	2960.647
142000000	193000000	2995.5327
143000000	193000000	2513.7634
144000000	193000000	1886.08
145000000	193000000	1884.8596
146000000	193000000	2043.6251
147000000	193000000	1921.8065
148000000	193000000	2456.0767
149000000	193000000	3471.3086
150000000	193000000	3651.65
151000000	193000000	2996.3792
152000000	193000000	2738.8298
153000000	193000000	2660.3208
154000000	193000000	2847.7476
155000000	193000000	3542.0686
156000000	193000000	3642.1858
157000000	193000000	3367.1174
158000000	193000000	3602.45
159000000	193000000	4118.6025
160000000	193000000	4279.1113
161000000	193000000	2976.6453
162000000	193000000	2611.089
163000000	193000000	2898.7554
164000000	193000000	3074.329
165000000	193000000	3347.3872
166000000	193000000	3633.4287
167000000	193000000	4417.8154
168000000	193000000	4455.356
169000000	193000000	5847.581
170000000	193000000	7241.796
171000000	193000000	6228.9756
172000000	193000000	6399.875
173000000	193000000	4820.8135
174000000	193000000	4808.2524
175000000	193000000	4646.354
176000000	193000000	5143.4414
177000000	193000000	5481.9575
178000000	193000000	5450.954
179000000	193000000	6254.8164
180000000	193000000	6003.2334
181000000	193000000	7068.9985
182000000	193000000	7821.132
183000000	193000000	8221.739
184000000	193000000	10664.999
185000000	193000000	12192.609
186000000	193000000	14935.328
187000000	193000000	16796.566
188000000	193000000	16358.793
189000000	193000000	14899.401
190000000	193000000	24259.998
191000000	193000000	34879.5
192000000	193000000	117859.63
193000000	193000000	563041.2
0	194000000	1013.9803
1000000	194000000	505.47632
2000000	194000000	762.97064
3000000	194000000	821.9911
4000000	194000000	1471.6528
5000000	194000000	1086.811
6000000	194000000	774.46423
7000000	194000000	585.61914
8000000	194000000	1312.8896
9000000	194000000	2816.9082
10000000	194000000	2526.214
11000000	194000000	2291.9187
12000000	194000000	2345.4807
13000000	194000000	2486.8945
14000000	194000000	2554.3958
15000000	194000000	2566.4312
16000000	194000000	1955.7885
17000000	194000000	1420.784
18000000	194000000	637.37634
19000000	194000000	533.1379
20000000	194000000	649.04034
21000000	194000000	404.4283
22000000	194000000	473.531
23000000	194000000	1339.4304
24000000	194000000	559.79376
25000000	194000000	634.30646
26000000	194000000	395.17047
27000000	194000000	752.1635
28000000	194000000	679.60126
29000000	194000000	712.80804
30000000	194000000	632.1404
31000000	194000000	1118.4211
32000000	194000000	1678.5311
33000000	194000000	1365.1901
34000000	194000000	550.8086
35000000	194000000	411.56012
36000000	194000000	685.6122
37000000	194000000	1651.9454
38000000	194000000	1688.7573
39000000	194000000	1538.653
40000000	194000000	1204.2152
41000000	194000000	1199.4843
42000000	194000000	1807.9653
43000000	194000000	1878.7118
44000000	194000000	1906.598
45000000	194000000	2157.8687
46000000	194000000	2134.116
47000000	194000000	1680.4211
48000000	194000000	1677.55
49000000	194000000	1604.9395
50000000	194000000	1639.4009
51000000	194000000	1743.7533
52000000	194000000	1829.8063
53000000	194000000	1716.8068
54000000	194000000	1003.1259
55000000	194000000	1079.5189
56000000	194000000	1295.2766
57000000	194000000	1743.7585
58000000	194000000	1393.8734
59000000	194000000	985.6598
60000000	194000000	735.07776
61000000	194000000	853.77924
62000000	194000000	605.25183
63000000	194000000	662.46045
64000000	194000000	557.4179
65000000	194000000	474.52707
66000000	194000000	753.0168
67000000	194000000	642.5508
68000000	194000000	428.48648
69000000	194000000	775.9523
70000000	194000000	427.03845
71000000	194000000	676.7687
72000000	194000000	1149.5778
73000000	194000000	572.7502
74000000	194000000	321.3133
75000000	194000000	441.38416
76000000	194000000	343.0706
77000000	194000000	333.0766
78000000	194000000	451.04276
79000000	194000000	313.11395
80000000	194000000	321.7519
81000000	194000000	520.4703
82000000	194000000	384.34937
83000000	194000000	328.22467
84000000	194000000	320.22012
85000000	194000000	365.1696
86000000	194000000	370.37573
87000000	194000000	443.83917
88000000	194000000	475.58383
89000000	194000000	307.9638
90000000	194000000	252.1713
93000000	194000000	597.0795
94000000	194000000	427.75366
95000000	194000000	473.95486
96000000	194000000	408.64023
97000000	194000000	659.3202
98000000	194000000	942.37213
99000000	194000000	1079.2323
100000000	194000000	1155.448
101000000	194000000	1082.2455
102000000	194000000	470.52466
103000000	194000000	416.4902
104000000	194000000	489.38214
105000000	194000000	944.1573
106000000	194000000	667.1863
107000000	194000000	1356.5985
108000000	194000000	917.95197
109000000	194000000	519.13776
110000000	194000000	560.5954
111000000	194000000	1168.9269
112000000	194000000	2146.9097
113000000	194000000	2397.2112
114000000	194000000	1405.0388
115000000	194000000	975.8243
116000000	194000000	799.0403
117000000	194000000	758.32684
118000000	194000000	1197.2737
119000000	194000000	2098.0615
120000000	194000000	1442.8488
121000000	194000000	2092.3884
122000000	194000000	2981.2708
123000000	194000000	3309.6301
124000000	194000000	3014.0852
125000000	194000000	3128.0972
126000000	194000000	3275.927
127000000	194000000	3254.748
128000000	194000000	3792.1382
129000000	194000000	3378.046
130000000	194000000	2454.6074
131000000	194000000	2043.2688
132000000	194000000	2232.4343
133000000	194000000	2755.2004
134000000	194000000	2517.449
135000000	194000000	2007.3413
136000000	194000000	2315.291
137000000	194000000	2054.646
138000000	194000000	2585.707
139000000	194000000	2413.4392
140000000	194000000	2860.309
141000000	194000000	3678.1094
142000000	194000000	3027.987
143000000	194000000	1790.0404
144000000	194000000	909.657
145000000	194000000	835.1183
146000000	194000000	932.29254
147000000	194000000	1087.0186
148000000	194000000	1615.6134
149000000	194000000	3235.4824
150000000	194000000	3332.8518
151000000	194000000	2112.5703
152000000	194000000	2072.024
153000000	194000000	1469.3048
154000000	194000000	1385.5789
155000000	194000000	2174.2466
156000000	194000000	3106.901
157000000	194000000	1850.903
158000000	194000000	2145.0415
159000000	194000000	2748.0945
160000000	194000000	2990.5027
161000000	194000000	1588.3246
162000000	194000000	1212.1694
163000000	194000000	1246.7689
164000000	194000000	1313.5564
165000000	194000000	1481.4757
166000000	194000000	1369.1403
167000000	194000000	2303.2095
168000000	194000000	2407.2156
169000000	194000000	4489.844
170000000	194000000	6033.9116
171000000	194000000	6117.3687
172000000	194000000	4266.2
173000000	194000000	1988.4558
174000000	194000000	2111.1628
175000000	194000000	2241.1067
176000000	194000000	2869.5293
177000000	194000000	3098.6355
178000000	194000000	4103.8823
179000000	194000000	5035.585
180000000	194000000	3582.301
181000000	194000000	3519.9531
182000000	194000000	6414.001
183000000	194000000	10540.135
184000000	194000000	12862.35
185000000	194000000	13707.673
186000000	194000000	13662.36
187000000	194000000	9483.879
188000000	194000000	8232.087
189000000	194000000	9703.287
190000000	194000000	9168.215
191000000	194000000	11982.996
192000000	194000000	22124.234
193000000	194000000	130476.61
194000000	194000000	640239.25
0	195000000	753.575
1000000	195000000	314.60074
2000000	195000000	517.81647
3000000	195000000	518.89514
4000000	195000000	1216.4042
5000000	195000000	990.92
6000000	195000000	692.786
7000000	195000000	421.77325
8000000	195000000	878.07214
9000000	195000000	2859.7502
10000000	195000000	2444.4824
11000000	195000000	1854.9518
12000000	195000000	2141.1504
13000000	195000000	2240.5916
14000000	195000000	2448.5342
15000000	195000000	2920.7388
16000000	195000000	1491.7527
17000000	195000000	1034.54
18000000	195000000	357.87314
19000000	195000000	390.0748
20000000	195000000	491.01157
21000000	195000000	288.2712
22000000	195000000	294.0819
23000000	195000000	1114.8474
24000000	195000000	387.89322
25000000	195000000	447.89484
26000000	195000000	289.11978
27000000	195000000	634.3791
28000000	195000000	539.41296
29000000	195000000	564.0085
30000000	195000000	397.8427
31000000	195000000	938.58734
32000000	195000000	1377.8691
33000000	195000000	1213.4132
34000000	195000000	427.37585
35000000	195000000	261.6573
36000000	195000000	494.58896
37000000	195000000	1263.3838
38000000	195000000	1527.9126
39000000	195000000	1396.8638
40000000	195000000	891.51306
41000000	195000000	958.3547
42000000	195000000	1733.9631
43000000	195000000	1536.5527
44000000	195000000	2141.965
45000000	195000000	2425.8325
46000000	195000000	2537.0598
47000000	195000000	3185.5894
48000000	195000000	3115.7878
49000000	195000000	3093.7517
50000000	195000000	2252.3862
51000000	195000000	1867.1897
52000000	195000000	3031.3757
53000000	195000000	1921.2626
54000000	195000000	703.922
55000000	195000000	739.4443
56000000	195000000	1194.5226
57000000	195000000	1921.9648
58000000	195000000	1423.2703
59000000	195000000	749.73224
60000000	195000000	548.592
61000000	195000000	675.3627
62000000	195000000	432.06738
63000000	195000000	491.3702
64000000	195000000	390.42386
65000000	195000000	342.02997
66000000	195000000	578.76227
67000000	195000000	487.55228
68000000	195000000	291.13416
69000000	195000000	641.33765
70000000	195000000	295.9847
71000000	195000000	508.11185
72000000	195000000	1161.1487
73000000	195000000	427.36005
74000000	195000000	237.85052
75000000	195000000	263.15332
76000000	195000000	261.05002
77000000	195000000	248.19804
78000000	195000000	302.02692
79000000	195000000	266.95523
80000000	195000000	263.49136
81000000	195000000	457.83972
82000000	195000000	320.70337
83000000	195000000	225.9823
84000000	195000000	237.00552
85000000	195000000	262.9271
86000000	195000000	248.02374
87000000	195000000	349.13504
88000000	195000000	394.23618
89000000	195000000	228.25058
90000000	195000000	207.10605
93000000	195000000	478.96805
94000000	195000000	340.50803
95000000	195000000	365.94498
96000000	195000000	282.1272
97000000	195000000	550.2564
98000000	195000000	894.2334
99000000	195000000	874.25726
100000000	195000000	984.92303
101000000	195000000	1064.3037
102000000	195000000	355.32144
103000000	195000000	283.56348
104000000	195000000	392.4923
105000000	195000000	896.9075
106000000	195000000	604.6665
107000000	195000000	1018.83594
108000000	195000000	680.6106
109000000	195000000	319.59903
110000000	195000000	370.83722
111000000	195000000	879.90857
112000000	195000000	2036.7289
113000000	195000000	2006.0941
114000000	195000000	1085.1366
115000000	195000000	597.3645
116000000	195000000	487.97125
117000000	195000000	559.8473
118000000	195000000	910.419
119000000	195000000	1996.6993
120000000	195000000	1091.2489
121000000	195000000	2370.1418
122000000	195000000	3159.1963
123000000	195000000	2436.7393
124000000	195000000	3018.6152
125000000	195000000	2967.3953
126000000	195000000	2534.0833
127000000	195000000	3295.3582
128000000	195000000	4238.8477
129000000	195000000	3373.1519
130000000	195000000	1943.89
131000000	195000000	1515.7943
132000000	195000000	1869.2671
133000000	195000000	2213.4165
134000000	195000000	1714.9814
135000000	195000000	1533.1232
136000000	195000000	2322.7942
137000000	195000000	1585.0841
138000000	195000000	1939.1677
139000000	195000000	1404.2728
140000000	195000000	1788.6719
141000000	195000000	3349.6162
142000000	195000000	2740.8433
143000000	195000000	1299.776
144000000	195000000	554.40485
145000000	195000000	549.3449
146000000	195000000	561.2548
147000000	195000000	660.1043
148000000	195000000	1094.2726
149000000	195000000	2635.2087
150000000	195000000	2510.3555
151000000	195000000	1488.2504
152000000	195000000	1488.3073
153000000	195000000	918.1307
154000000	195000000	798.92633
155000000	195000000	1447.2264
156000000	195000000	2376.695
157000000	195000000	1149.1377
158000000	195000000	1391.4666
159000000	195000000	1812.2686
160000000	195000000	2038.2402
161000000	195000000	979.6216
162000000	195000000	775.94543
163000000	195000000	811.10236
164000000	195000000	726.6999
165000000	195000000	911.78656
166000000	195000000	829.7467
167000000	195000000	1353.4285
168000000	195000000	1378.3569
169000000	195000000	3337.9204
170000000	195000000	3599.6377
171000000	195000000	4577.3154
172000000	195000000	2531.4094
173000000	195000000	1049.1514
174000000	195000000	1205.9951
175000000	195000000	1270.7256
176000000	195000000	1861.985
177000000	195000000	1798.113
178000000	195000000	3233.463
179000000	195000000	3828.68
180000000	195000000	2374.642
181000000	195000000	1946.1533
182000000	195000000	4562.2583
183000000	195000000	9890.572
184000000	195000000	9950.295
185000000	195000000	9989.523
186000000	195000000	8651.648
187000000	195000000	4256.9834
188000000	195000000	3667.7122
189000000	195000000	5802.2427
190000000	195000000	4422.409
191000000	195000000	5299.6807
192000000	195000000	7245.755
193000000	195000000	22169.72
194000000	195000000	135333.47
195000000	195000000	704749.6
0	196000000	789.8723
1000000	196000000	299.69202
2000000	196000000	527.2854
3000000	196000000	457.47516
4000000	196000000	1297.3247
5000000	196000000	1108.2854
6000000	196000000	862.973
7000000	196000000	459.81653
8000000	196000000	701.15704
9000000	196000000	2251.714
10000000	196000000	1990.0892
11000000	196000000	1315.9817
12000000	196000000	1638.0522
13000000	196000000	1527.7537
14000000	196000000	1729.879
15000000	196000000	2536.264
16000000	196000000	1178.8235
17000000	196000000	988.17377
18000000	196000000	294.32672
19000000	196000000	399.22635
20000000	196000000	423.46802
21000000	196000000	255.25444
22000000	196000000	277.3087
23000000	196000000	1032.9435
24000000	196000000	343.46637
25000000	196000000	415.01956
26000000	196000000	236.31306
27000000	196000000	669.1889
28000000	196000000	688.63403
29000000	196000000	555.2389
30000000	196000000	367.88968
31000000	196000000	905.52545
32000000	196000000	1224.9532
33000000	196000000	1310.1248
34000000	196000000	408.782
35000000	196000000	231.68872
36000000	196000000	398.80664
37000000	196000000	1076.8638
38000000	196000000	1255.2002
39000000	196000000	1286.9518
40000000	196000000	667.8925
41000000	196000000	789.75024
42000000	196000000	1498.4062
43000000	196000000	1217.5254
44000000	196000000	1981.562
45000000	196000000	2334.4453
46000000	196000000	2295.0452
47000000	196000000	3503.0208
48000000	196000000	3427.6082
49000000	196000000	3294.3027
50000000	196000000	1944.6296
51000000	196000000	1528.737
52000000	196000000	2988.8005
53000000	196000000	1833.6567
54000000	196000000	482.34753
55000000	196000000	626.94495
56000000	196000000	1087.9779
57000000	196000000	1976.1608
58000000	196000000	1434.947
59000000	196000000	709.98706
60000000	196000000	474.8845
61000000	196000000	657.812
62000000	196000000	396.58865
63000000	196000000	452.00677
64000000	196000000	276.93253
65000000	196000000	260.01782
66000000	196000000	503.53076
67000000	196000000	428.14325
68000000	196000000	234.62871
69000000	196000000	642.51404
70000000	196000000	284.54886
71000000	196000000	491.9641
72000000	196000000	1101.3947
73000000	196000000	460.01382
74000000	196000000	215.31497
75000000	196000000	275.5226
76000000	196000000	232.40724
77000000	196000000	242.24757
78000000	196000000	368.4162
79000000	196000000	243.47127
80000000	196000000	218.64737
81000000	196000000	496.9122
82000000	196000000	358.45648
83000000	196000000	230.57848
84000000	196000000	204.40948
85000000	196000000	244.65103
86000000	196000000	260.95627
87000000	196000000	331.79547
88000000	196000000	413.47678
89000000	196000000	259.11307
90000000	196000000	149.00066
93000000	196000000	455.1871
94000000	196000000	328.28326
95000000	196000000	391.7953
96000000	196000000	274.42636
97000000	196000000	477.9035
98000000	196000000	988.3954
99000000	196000000	967.21387
100000000	196000000	960.37164
101000000	196000000	1198.877
102000000	196000000	329.6073
103000000	196000000	289.12924
104000000	196000000	426.47498
105000000	196000000	1071.5706
106000000	196000000	604.5575
107000000	196000000	1020.43164
108000000	196000000	614.58246
109000000	196000000	310.30063
110000000	196000000	282.46353
111000000	196000000	948.0133
112000000	196000000	2207.817
113000000	196000000	1944.2523
114000000	196000000	943.8536
115000000	196000000	557.764
116000000	196000000	432.0821
117000000	196000000	408.1236
118000000	196000000	755.8735
119000000	196000000	2111.7683
120000000	196000000	943.1141
121000000	196000000	2527.508
122000000	196000000	2824.9749
123000000	196000000	1690.6964
124000000	196000000	2645.83
125000000	196000000	2647.6519
126000000	196000000	1704.8477
127000000	196000000	2579.8848
128000000	196000000	3443.0095
129000000	196000000	2836.7898
130000000	196000000	1625.4722
131000000	196000000	1126.5096
132000000	196000000	1535.099
133000000	196000000	1767.6339
134000000	196000000	1298.7466
135000000	196000000	1130.9847
136000000	196000000	2267.9905
137000000	196000000	1366.7003
138000000	196000000	1677.519
139000000	196000000	925.2881
140000000	196000000	1374.909
141000000	196000000	3008.8022
142000000	196000000	2425.2031
143000000	196000000	1262.506
144000000	196000000	494.57944
145000000	196000000	457.73975
146000000	196000000	519.392
147000000	196000000	621.4513
148000000	196000000	1144.4115
149000000	196000000	2599.311
150000000	196000000	2213.4597
151000000	196000000	1337.3392
152000000	196000000	1555.7405
153000000	196000000	728.76135
154000000	196000000	670.71643
155000000	196000000	1141.0845
156000000	196000000	2363.7437
157000000	196000000	1023.5495
158000000	196000000	1176.7979
159000000	196000000	1480.5869
160000000	196000000	1867.3044
161000000	196000000	853.7202
162000000	196000000	681.43024
163000000	196000000	737.1395
164000000	196000000	611.29486
165000000	196000000	726.88025
166000000	196000000	622.39154
167000000	196000000	1185.1562
168000000	196000000	1170.6078
169000000	196000000	2855.7402
170000000	196000000	2541.398
171000000	196000000	3905.0474
172000000	196000000	2060.657
173000000	196000000	798.1964
174000000	196000000	965.27814
175000000	196000000	1055.9058
176000000	196000000	1507.0922
177000000	196000000	1529.4324
178000000	196000000	3007.7966
179000000	196000000	3298.2673
180000000	196000000	1996.8773
181000000	196000000	1553.1467
182000000	196000000	3885.0356
183000000	196000000	7160.046
184000000	196000000	6158.0454
185000000	196000000	6684.4375
186000000	196000000	5513.639
187000000	196000000	2396.326
188000000	196000000	2091.3303
189000000	196000000	4855.6816
190000000	196000000	2820.2659
191000000	196000000	3545.2568
192000000	196000000	3883.8486
193000000	196000000	7948.2373
194000000	196000000	20572.74
195000000	196000000	153047.23
196000000	196000000	736543.8
0	197000000	2266.7847
1000000	197000000	760.7237
2000000	197000000	1019.45026
3000000	197000000	962.9616
4000000	197000000	1819.3787
5000000	197000000	1320.5172
6000000	197000000	955.9496
7000000	197000000	616.53766
8000000	197000000	1159.6869
9000000	197000000	2601.7932
10000000	197000000	2245.8088
11000000	197000000	1757.1483
12000000	197000000	2179.0107
13000000	197000000	2060.105
14000000	197000000	2266.6865
15000000	197000000	2566.4092
16000000	197000000	1468.9237
17000000	197000000	1159.9253
18000000	197000000	558.4021
19000000	197000000	533.79266
20000000	197000000	669.4938
21000000	197000000	416.43814
22000000	197000000	419.377
23000000	197000000	1318.0342
24000000	197000000	562.91003
25000000	197000000	602.4573
26000000	197000000	383.07278
27000000	197000000	876.702
28000000	197000000	747.2643
29000000	197000000	670.0743
30000000	197000000	597.7298
31000000	197000000	1161.9458
32000000	197000000	1517.0242
33000000	197000000	1551.7863
34000000	197000000	545.0027
35000000	197000000	375.75623
36000000	197000000	630.278
37000000	197000000	1413.3759
38000000	197000000	1616.0758
39000000	197000000	1522.1556
40000000	197000000	1082.4922
41000000	197000000	1089.4506
42000000	197000000	1776.6266
43000000	197000000	1693.7339
44000000	197000000	2302.765
45000000	197000000	2482.7014
46000000	197000000	2522.583
47000000	197000000	2776.8357
48000000	197000000	2908.3005
49000000	197000000	2850.6934
50000000	197000000	2257.5776
51000000	197000000	2101.994
52000000	197000000	2725.3867
53000000	197000000	2006.0731
54000000	197000000	794.5157
55000000	197000000	995.37787
56000000	197000000	1341.7605
57000000	197000000	2035.2426
58000000	197000000	1544.4353
59000000	197000000	958.4704
60000000	197000000	653.8814
61000000	197000000	871.8473
62000000	197000000	558.18695
63000000	197000000	648.59155
64000000	197000000	519.1887
65000000	197000000	452.99045
66000000	197000000	780.8546
67000000	197000000	699.4264
68000000	197000000	401.11798
69000000	197000000	806.9758
70000000	197000000	438.17014
71000000	197000000	646.79364
72000000	197000000	1270.9701
73000000	197000000	664.9592
74000000	197000000	325.71307
75000000	197000000	453.5935
76000000	197000000	354.06274
77000000	197000000	364.4462
78000000	197000000	478.1662
79000000	197000000	365.67667
80000000	197000000	360.72308
81000000	197000000	621.21027
82000000	197000000	459.215
83000000	197000000	371.8239
84000000	197000000	339.6899
85000000	197000000	364.12137
86000000	197000000	406.1719
87000000	197000000	492.21188
88000000	197000000	584.43994
89000000	197000000	386.23895
90000000	197000000	279.9621
93000000	197000000	705.27924
94000000	197000000	485.58322
95000000	197000000	475.33804
96000000	197000000	433.15872
97000000	197000000	806.4003
98000000	197000000	1107.5193
99000000	197000000	1138.3269
100000000	197000000	1281.4374
101000000	197000000	1444.6016
102000000	197000000	550.0163
103000000	197000000	462.24258
104000000	197000000	578.15704
105000000	197000000	1074.4817
106000000	197000000	753.7702
107000000	197000000	1299.0833
108000000	197000000	913.4658
109000000	197000000	463.3175
110000000	197000000	564.6375
111000000	197000000	1203.8585
112000000	197000000	2243.8506
113000000	197000000	2122.3872
114000000	197000000	1326.8556
115000000	197000000	900.116
116000000	197000000	690.1397
117000000	197000000	666.14075
118000000	197000000	1057.0236
119000000	197000000	2127.9492
120000000	197000000	1279.7068
121000000	197000000	2468.779
122000000	197000000	2964.066
123000000	197000000	2456.6506
124000000	197000000	3022.4285
125000000	197000000	2993.617
126000000	197000000	2528.1326
127000000	197000000	3172.577
128000000	197000000	3739.2883
129000000	197000000	3161.6357
130000000	197000000	2164.0715
131000000	197000000	1769.37
132000000	197000000	2027.0258
133000000	197000000	2540.2566
134000000	197000000	1846.9164
135000000	197000000	1677.6372
136000000	197000000	2472.426
137000000	197000000	1939.2192
138000000	197000000	2366.5383
139000000	197000000	1640.2662
140000000	197000000	1988.0825
141000000	197000000	3246.8372
142000000	197000000	2724.1572
143000000	197000000	1612.3877
144000000	197000000	755.9993
145000000	197000000	778.03955
146000000	197000000	853.4269
147000000	197000000	1001.45654
148000000	197000000	1524.0901
149000000	197000000	2883.785
150000000	197000000	2784.3706
151000000	197000000	1734.6327
152000000	197000000	1838.553
153000000	197000000	1246.9019
154000000	197000000	1252.5675
155000000	197000000	1828.3915
156000000	197000000	2608.6172
157000000	197000000	1601.7062
158000000	197000000	1792.4741
159000000	197000000	2147.9128
160000000	197000000	2415.091
161000000	197000000	1349.2775
162000000	197000000	1063.8749
163000000	197000000	979.26636
164000000	197000000	1094.8467
165000000	197000000	1151.1393
166000000	197000000	1094.1177
167000000	197000000	1912.5424
168000000	197000000	1811.9723
169000000	197000000	3471.983
170000000	197000000	3422.6436
171000000	197000000	3959.7312
172000000	197000000	2732.2227
173000000	197000000	1362.7192
174000000	197000000	1450.0773
175000000	197000000	1743.0853
176000000	197000000	2113.9539
177000000	197000000	2174.1765
178000000	197000000	3519.2888
179000000	197000000	3970.9521
180000000	197000000	2879.9382
181000000	197000000	2568.86
182000000	197000000	4491.192
183000000	197000000	7352.473
184000000	197000000	7413.1787
185000000	197000000	7907.043
186000000	197000000	6969.208
187000000	197000000	4103.6553
188000000	197000000	3559.6978
189000000	197000000	5321.2363
190000000	197000000	4066.984
191000000	197000000	5067.106
192000000	197000000	5760.3423
193000000	197000000	10262.178
194000000	197000000	17579.934
195000000	197000000	34440.82
196000000	197000000	181813.58
197000000	197000000	786463.75
