0	0	642282.44
0	1000000	147050.92
1000000	1000000	576540.06
0	2000000	21972.451
1000000	2000000	111791.555
2000000	2000000	632215.94
0	3000000	15245.379
1000000	3000000	37561.336
2000000	3000000	116241.805
3000000	3000000	571482.3
0	4000000	10410.715
1000000	4000000	15738.041
2000000	4000000	16268.392
3000000	4000000	60384.68
4000000	4000000	487782.12
0	5000000	9882.576
1000000	5000000	10956.874
2000000	5000000	8159.5845
3000000	5000000	29009.191
4000000	5000000	121612.28
5000000	5000000	467411.44
0	6000000	8993.59
1000000	6000000	14267.597
2000000	6000000	14729.474
3000000	6000000	33682.996
4000000	6000000	54226.723
5000000	6000000	86210.3
6000000	6000000	475484.28
0	7000000	8494.472
1000000	7000000	12665.447
2000000	7000000	9782.446
3000000	7000000	30200.258
4000000	7000000	35135.707
5000000	7000000	46141.438
6000000	7000000	117228.85
7000000	7000000	448460.28
0	8000000	9907.762
1000000	8000000	11891.985
2000000	8000000	8618.939
3000000	8000000	21558.969
4000000	8000000	27066.508
5000000	8000000	30995.771
6000000	8000000	41902.305
7000000	8000000	117135.11
8000000	8000000	461734.94
0	9000000	6602.495
1000000	9000000	5564.8047
2000000	9000000	3893.9944
3000000	9000000	8202.58
4000000	9000000	13245.857
5000000	9000000	18355.986
6000000	9000000	14266.297
7000000	9000000	24382.906
8000000	9000000	52742.0
9000000	9000000	475482.94
0	10000000	5263.233
1000000	10000000	4675.4067
2000000	10000000	3897.5344
3000000	10000000	6252.1265
4000000	10000000	9447.689
5000000	10000000	9412.405
6000000	10000000	11199.939
7000000	10000000	13846.241
8000000	10000000	24072.125
9000000	10000000	122540.734
10000000	10000000	375954.6
0	11000000	4082.9368
1000000	11000000	2879.1409
2000000	11000000	2292.8208
3000000	11000000	3607.1514
4000000	11000000	6283.31
5000000	11000000	7947.2114
6000000	11000000	5968.2295
7000000	11000000	7971.8823
8000000	11000000	12759.148
9000000	11000000	34116.25
10000000	11000000	156986.16
11000000	11000000	405713.22
0	12000000	4095.4868
1000000	12000000	2277.4817
2000000	12000000	1516.709
3000000	12000000	2651.8535
4000000	12000000	4620.5146
5000000	12000000	9201.363
6000000	12000000	3748.5386
7000000	12000000	6431.48
8000000	12000000	10448.585
9000000	12000000	25014.47
10000000	12000000	40255.047
11000000	12000000	102721.93
12000000	12000000	411101.9
0	13000000	4058.7715
1000000	13000000	3016.5588
2000000	13000000	2263.0405
3000000	13000000	3114.7954
4000000	13000000	5642.548
5000000	13000000	6893.2993
6000000	13000000	5141.4893
7000000	13000000	6428.094
8000000	13000000	9693.97
9000000	13000000	17286.613
10000000	13000000	25682.379
11000000	13000000	35270.3
12000000	13000000	109792.58
13000000	13000000	373116.0
0	14000000	4073.6824
1000000	14000000	2731.558
2000000	14000000	2210.3613
3000000	14000000	2885.8884
4000000	14000000	4762.725
5000000	14000000	5661.795
6000000	14000000	4577.8037
7000000	14000000	5150.237
8000000	14000000	7400.024
9000000	14000000	11400.321
10000000	14000000	14723.354
11000000	14000000	18177.117
12000000	14000000	36096.215
13000000	14000000	124159.04
14000000	14000000	440679.12
0	15000000	3797.922
1000000	15000000	3341.7385
2000000	15000000	2984.2686
3000000	15000000	3861.6836
4000000	15000000	6081.0234
5000000	15000000	5422.307
6000000	15000000	6500.9116
7000000	15000000	6552.7437
8000000	15000000	8906.064
9000000	15000000	11942.685
10000000	15000000	15666.631
11000000	15000000	14750.94
12000000	15000000	21705.309
13000000	15000000	58380.04
14000000	15000000	117187.21
15000000	15000000	410370.78
0	16000000	3196.8596
1000000	16000000	2714.9744
2000000	16000000	2270.5103
3000000	16000000	3491.1868
4000000	16000000	5989.9883
5000000	16000000	7630.121
6000000	16000000	5289.2954
7000000	16000000	7346.364
8000000	16000000	9455.034
9000000	16000000	11397.986
10000000	16000000	11234.427
11000000	16000000	12915.1455
12000000	16000000	18895.146
13000000	16000000	25120.08
14000000	16000000	27335.916
15000000	16000000	95636.625
16000000	16000000	398623.78
0	17000000	3907.2336
1000000	17000000	3280.8235
2000000	17000000	2746.389
3000000	17000000	3501.0227
4000000	17000000	5838.1763
5000000	17000000	5497.1187
6000000	17000000	5648.7886
7000000	17000000	5813.245
8000000	17000000	8240.622
9000000	17000000	9300.906
10000000	17000000	10280.409
11000000	17000000	9947.839
12000000	17000000	11050.984
13000000	17000000	15367.673
14000000	17000000	15839.643
15000000	17000000	31269.168
16000000	17000000	108818.97
17000000	17000000	390660.16
0	18000000	3348.3545
1000000	18000000	2095.3545
2000000	18000000	1589.6475
3000000	18000000	2339.8928
4000000	18000000	3911.5854
5000000	18000000	5257.1
6000000	18000000	3367.449
7000000	18000000	4117.8916
8000000	18000000	5695.2847
9000000	18000000	7274.006
10000000	18000000	6827.63
11000000	18000000	9326.717
12000000	18000000	13315.9375
13000000	18000000	12772.778
14000000	18000000	12580.647
15000000	18000000	15267.846
16000000	18000000	34789.48
17000000	18000000	124932.1
18000000	18000000	394637.03
0	19000000	3743.9824
1000000	19000000	1799.312
2000000	19000000	1109.608
3000000	19000000	1880.6349
4000000	19000000	3592.4248
5000000	19000000	6754.2505
6000000	19000000	2467.1353
7000000	19000000	3880.5876
8000000	19000000	5493.924
9000000	19000000	7429.2583
10000000	19000000	5882.4707
11000000	19000000	9956.544
12000000	19000000	17819.271
13000000	19000000	12114.593
14000000	19000000	10995.494
15000000	19000000	10708.414
16000000	19000000	21570.56
17000000	19000000	25945.934
18000000	19000000	88899.73
19000000	19000000	445217.88
0	20000000	3240.6558
1000000	20000000	2053.8877
2000000	20000000	1448.3193
3000000	20000000	2175.9197
4000000	20000000	4286.8613
5000000	20000000	5875.1313
6000000	20000000	3457.64
7000000	20000000	4503.673
8000000	20000000	5944.8403
9000000	20000000	7358.188
10000000	20000000	6847.116
11000000	20000000	9049.729
12000000	20000000	13210.946
13000000	20000000	11082.676
14000000	20000000	9789.547
15000000	20000000	11056.427
16000000	20000000	19492.23
17000000	20000000	24684.666
18000000	20000000	51882.54
19000000	20000000	102649.72
20000000	20000000	384091.75
0	21000000	3147.1904
1000000	21000000	1873.6755
2000000	21000000	1258.9938
3000000	21000000	2030.9619
4000000	21000000	3927.79
5000000	21000000	6564.0386
6000000	21000000	2851.8906
7000000	21000000	4506.404
8000000	21000000	5693.377
9000000	21000000	7153.9395
10000000	21000000	5721.8223
11000000	21000000	8493.554
12000000	21000000	13041.1
13000000	21000000	9483.256
14000000	21000000	8290.296
15000000	21000000	8121.2554
16000000	21000000	14177.561
17000000	21000000	13665.748
18000000	21000000	23732.256
19000000	21000000	37000.625
20000000	21000000	95626.23
21000000	21000000	394646.3
0	22000000	3425.3486
1000000	22000000	2166.0928
2000000	22000000	1701.6927
3000000	22000000	2259.9194
4000000	22000000	4049.347
5000000	22000000	6134.9897
6000000	22000000	3426.2869
7000000	22000000	4367.7485
8000000	22000000	5871.98
9000000	22000000	7010.489
10000000	22000000	6227.4707
11000000	22000000	7380.123
12000000	22000000	10030.947
13000000	22000000	7963.415
14000000	22000000	7546.4087
15000000	22000000	7679.5684
16000000	22000000	10229.544
17000000	22000000	10732.744
18000000	22000000	14706.138
19000000	22000000	20271.316
20000000	22000000	30913.6
21000000	22000000	107606.13
22000000	22000000	417544.03
0	23000000	3025.8003
1000000	23000000	1784.2648
2000000	23000000	1308.4128
3000000	23000000	2031.2435
4000000	23000000	3762.0933
5000000	23000000	5501.39
6000000	23000000	2901.989
7000000	23000000	4003.1282
8000000	23000000	5083.777
9000000	23000000	5955.5527
10000000	23000000	5043.763
11000000	23000000	6857.544
12000000	23000000	9090.528
13000000	23000000	7282.991
14000000	23000000	6408.6626
15000000	23000000	6195.5522
16000000	23000000	9200.965
17000000	23000000	8568.722
18000000	23000000	11908.956
19000000	23000000	15318.735
20000000	23000000	19678.338
21000000	23000000	37608.562
22000000	23000000	85403.37
23000000	23000000	431364.25
0	24000000	3084.1497
1000000	24000000	2789.7375
2000000	24000000	2125.3782
3000000	24000000	3794.6958
4000000	24000000	6375.3076
5000000	24000000	6898.333
6000000	24000000	5592.1
7000000	24000000	7144.2603
8000000	24000000	8572.943
9000000	24000000	8221.4
10000000	24000000	7167.013
11000000	24000000	6849.8706
12000000	24000000	6710.3433
13000000	24000000	7188.6953
14000000	24000000	6248.715
15000000	24000000	7843.7007
16000000	24000000	10717.617
17000000	24000000	10895.39
18000000	24000000	10527.704
19000000	24000000	10024.709
20000000	24000000	15774.52
21000000	24000000	24536.379
22000000	24000000	42748.293
23000000	24000000	106361.19
24000000	24000000	383390.44
0	25000000	3292.2708
1000000	25000000	3532.8416
2000000	25000000	3587.4314
3000000	25000000	5035.1367
4000000	25000000	7242.46
5000000	25000000	5771.561
6000000	25000000	7370.3677
7000000	25000000	7526.325
8000000	25000000	9058.189
9000000	25000000	7461.4346
10000000	25000000	7706.246
11000000	25000000	5575.407
12000000	25000000	4199.8174
13000000	25000000	6004.651
14000000	25000000	5417.086
15000000	25000000	8109.282
16000000	25000000	8645.821
17000000	25000000	10097.257
18000000	25000000	7455.036
19000000	25000000	6218.928
20000000	25000000	10012.643
21000000	25000000	11562.37
22000000	25000000	16672.867
23000000	25000000	22473.975
24000000	25000000	88291.336
25000000	25000000	397307.2
0	26000000	2968.5789
1000000	26000000	2809.217
2000000	26000000	3100.1575
3000000	26000000	3477.9307
4000000	26000000	5254.0405
5000000	26000000	3602.3767
6000000	26000000	5601.3745
7000000	26000000	4602.562
8000000	26000000	5741.038
9000000	26000000	5522.3564
10000000	26000000	6309.9424
11000000	26000000	4726.437
12000000	26000000	3176.4336
13000000	26000000	4968.214
14000000	26000000	4980.7773
15000000	26000000	6826.337
16000000	26000000	6036.8857
17000000	26000000	7660.0107
18000000	26000000	5604.4346
19000000	26000000	4445.0557
20000000	26000000	6646.0566
21000000	26000000	6777.1787
22000000	26000000	9633.403
23000000	26000000	10441.68
24000000	26000000	20526.57
25000000	26000000	102825.04
26000000	26000000	455156.53
0	27000000	2355.1125
1000000	27000000	1560.1658
2000000	27000000	1184.5598
3000000	27000000	1920.2926
4000000	27000000	3421.7837
5000000	27000000	4306.121
6000000	27000000	2757.6436
7000000	27000000	3396.4375
8000000	27000000	4103.6733
9000000	27000000	4726.877
10000000	27000000	4486.0034
11000000	27000000	5401.786
12000000	27000000	6077.283
13000000	27000000	5670.938
14000000	27000000	4948.6646
15000000	27000000	5296.0264
16000000	27000000	7160.1274
17000000	27000000	6528.8286
18000000	27000000	7234.1416
19000000	27000000	7648.7886
20000000	27000000	9424.986
21000000	27000000	10877.574
22000000	27000000	11939.002
23000000	27000000	15105.393
24000000	27000000	18449.031
25000000	27000000	31670.45
26000000	27000000	86926.25
27000000	27000000	373702.72
0	28000000	2369.3809
1000000	28000000	1274.1177
2000000	28000000	891.4122
3000000	28000000	1361.2043
4000000	28000000	2549.2615
5000000	28000000	4024.3962
6000000	28000000	1924.1301
7000000	28000000	2559.2866
8000000	28000000	3130.486
9000000	28000000	4005.0894
10000000	28000000	3521.212
11000000	28000000	5208.5063
12000000	28000000	7354.1616
13000000	28000000	5429.5225
14000000	28000000	4882.6177
15000000	28000000	4310.455
16000000	28000000	6360.9614
17000000	28000000	5362.6465
18000000	28000000	7657.8315
19000000	28000000	9583.385
20000000	28000000	9372.023
21000000	28000000	11937.179
22000000	28000000	11592.976
23000000	28000000	14485.877
24000000	28000000	12995.8955
25000000	28000000	14812.997
26000000	28000000	22253.684
27000000	28000000	104025.58
28000000	28000000	410974.53
0	29000000	2524.47
1000000	29000000	1252.7465
2000000	29000000	877.8041
3000000	29000000	1364.3954
4000000	29000000	2470.8706
5000000	29000000	3780.2417
6000000	29000000	1814.7375
7000000	29000000	2331.5874
8000000	29000000	3026.8362
9000000	29000000	3963.2402
10000000	29000000	3425.488
11000000	29000000	5196.099
12000000	29000000	7556.8867
13000000	29000000	5492.452
14000000	29000000	4976.857
15000000	29000000	4301.6284
16000000	29000000	5941.919
17000000	29000000	5207.5254
18000000	29000000	7614.2534
19000000	29000000	9591.967
20000000	29000000	9251.558
21000000	29000000	11151.44
22000000	29000000	10822.458
23000000	29000000	13231.751
24000000	29000000	10882.921
25000000	29000000	12186.733
26000000	29000000	16997.17
27000000	29000000	51225.52
28000000	29000000	105009.58
29000000	29000000	413392.94
0	30000000	2668.4229
1000000	30000000	1464.014
2000000	30000000	1034.5753
3000000	30000000	1381.0062
4000000	30000000	2803.6248
5000000	30000000	3780.6167
6000000	30000000	2086.749
7000000	30000000	2545.2754
8000000	30000000	3234.4114
9000000	30000000	4231.3623
10000000	30000000	4014.3713
11000000	30000000	5513.1987
12000000	30000000	6894.28
13000000	30000000	5723.552
14000000	30000000	5065.4746
15000000	30000000	4776.983
16000000	30000000	6184.5107
17000000	30000000	5545.8228
18000000	30000000	7418.452
19000000	30000000	8527.437
20000000	30000000	8251.75
21000000	30000000	9797.81
22000000	30000000	9863.015
23000000	30000000	10843.508
24000000	30000000	9813.961
25000000	30000000	11519.974
26000000	30000000	15669.476
27000000	30000000	34726.984
28000000	30000000	44275.02
29000000	30000000	90019.27
30000000	30000000	390450.25
0	31000000	2295.2773
1000000	31000000	1277.8774
2000000	31000000	933.79346
3000000	31000000	1246.4271
4000000	31000000	2557.064
5000000	31000000	3648.3904
6000000	31000000	1980.1277
7000000	31000000	2328.8696
8000000	31000000	2916.8906
9000000	31000000	3952.487
10000000	31000000	3780.226
11000000	31000000	5300.8203
12000000	31000000	6816.508
13000000	31000000	5305.403
14000000	31000000	4855.369
15000000	31000000	4588.906
16000000	31000000	6052.6553
17000000	31000000	5386.717
18000000	31000000	7236.0815
19000000	31000000	8173.372
20000000	31000000	7951.798
21000000	31000000	9140.742
22000000	31000000	8489.163
23000000	31000000	9329.2295
24000000	31000000	8519.8125
25000000	31000000	9173.103
26000000	31000000	11262.575
27000000	31000000	22837.105
28000000	31000000	25388.03
29000000	31000000	35588.6
30000000	31000000	99307.69
31000000	31000000	400120.56
0	32000000	2200.7932
1000000	32000000	1189.6091
2000000	32000000	895.0618
3000000	32000000	1230.2233
4000000	32000000	2413.4468
5000000	32000000	3498.4265
6000000	32000000	1738.1603
7000000	32000000	2240.5742
8000000	32000000	2810.7065
9000000	32000000	3781.07
10000000	32000000	3552.0767
11000000	32000000	5170.0845
12000000	32000000	6669.3687
13000000	32000000	5200.277
14000000	32000000	4826.0474
15000000	32000000	4476.291
16000000	32000000	5868.102
17000000	32000000	5209.951
18000000	32000000	6974.582
19000000	32000000	7997.6133
20000000	32000000	7728.064
21000000	32000000	8383.944
22000000	32000000	7807.7944
23000000	32000000	8847.364
24000000	32000000	7313.45
25000000	32000000	7407.692
26000000	32000000	8359.709
27000000	32000000	15714.389
28000000	32000000	17899.92
29000000	32000000	20824.469
30000000	32000000	34147.848
31000000	32000000	87400.47
32000000	32000000	407148.8
0	33000000	2067.5212
1000000	33000000	1015.1263
2000000	33000000	876.358
3000000	33000000	1097.4332
4000000	33000000	2271.0193
5000000	33000000	3219.0557
6000000	33000000	1667.8007
7000000	33000000	2090.0042
8000000	33000000	2626.4277
9000000	33000000	3487.2307
10000000	33000000	3410.8582
11000000	33000000	4962.2417
12000000	33000000	6275.3335
13000000	33000000	5117.3706
14000000	33000000	4637.2305
15000000	33000000	4416.6875
16000000	33000000	5420.891
17000000	33000000	4850.166
18000000	33000000	6366.3193
19000000	33000000	7177.0776
20000000	33000000	7064.8433
21000000	33000000	7339.592
22000000	33000000	6702.724
23000000	33000000	7364.5767
24000000	33000000	6333.389
25000000	33000000	6168.647
26000000	33000000	6798.749
27000000	33000000	12081.479
28000000	33000000	12740.522
29000000	33000000	14302.605
30000000	33000000	19706.13
31000000	33000000	34019.418
32000000	33000000	88052.06
33000000	33000000	405422.1
0	34000000	1689.2153
1000000	34000000	1004.9477
2000000	34000000	790.3687
3000000	34000000	1072.6261
4000000	34000000	2134.7617
5000000	34000000	2730.9734
6000000	34000000	1610.4028
7000000	34000000	1890.8069
8000000	34000000	2269.2168
9000000	34000000	3053.5908
10000000	34000000	3068.674
11000000	34000000	4455.778
12000000	34000000	5519.8154
13000000	34000000	4623.3945
14000000	34000000	4214.091
15000000	34000000	3966.6082
16000000	34000000	5042.0864
17000000	34000000	4319.474
18000000	34000000	5878.6416
19000000	34000000	5982.278
20000000	34000000	6167.3257
21000000	34000000	6382.559
22000000	34000000	5659.7134
23000000	34000000	6467.347
24000000	34000000	5762.708
25000000	34000000	5556.1006
26000000	34000000	5867.3945
27000000	34000000	10446.124
28000000	34000000	10345.421
29000000	34000000	11001.491
30000000	34000000	14592.368
31000000	34000000	22103.584
32000000	34000000	39758.082
33000000	34000000	104854.34
34000000	34000000	413219.66
0	35000000	1728.8567
1000000	35000000	1118.0483
2000000	35000000	933.26166
3000000	35000000	1162.4962
4000000	35000000	2216.105
5000000	35000000	2458.7563
6000000	35000000	1757.9423
7000000	35000000	1941.3835
8000000	35000000	2369.4873
9000000	35000000	2905.8699
10000000	35000000	3420.9756
11000000	35000000	4202.0566
12000000	35000000	4579.3687
13000000	35000000	4579.4067
14000000	35000000	4346.2437
15000000	35000000	4160.557
16000000	35000000	4862.394
17000000	35000000	4774.677
18000000	35000000	5460.1235
19000000	35000000	5018.016
20000000	35000000	5505.317
21000000	35000000	5520.662
22000000	35000000	5582.12
23000000	35000000	6022.246
24000000	35000000	5830.12
25000000	35000000	6180.5723
26000000	35000000	7093.828
27000000	35000000	10415.566
28000000	35000000	8775.74
29000000	35000000	9381.648
30000000	35000000	13187.156
31000000	35000000	18488.893
32000000	35000000	26554.742
33000000	35000000	44034.637
34000000	35000000	99066.15
35000000	35000000	408308.06
0	36000000	2433.1611
1000000	36000000	1735.9478
2000000	36000000	1749.9526
3000000	36000000	1769.067
4000000	36000000	2960.5205
5000000	36000000	2225.0059
6000000	36000000	2939.19
7000000	36000000	2296.1096
8000000	36000000	2984.0894
9000000	36000000	3286.1584
10000000	36000000	4556.097
11000000	36000000	3934.8682
12000000	36000000	2796.936
13000000	36000000	3968.182
14000000	36000000	4352.0083
15000000	36000000	4973.7305
16000000	36000000	3897.3037
17000000	36000000	5038.2476
18000000	36000000	4293.816
19000000	36000000	3133.8635
20000000	36000000	3803.7446
21000000	36000000	3559.2773
22000000	36000000	4695.2676
23000000	36000000	4162.588
24000000	36000000	5131.472
25000000	36000000	7471.002
26000000	36000000	9326.367
27000000	36000000	6835.0703
28000000	36000000	5085.519
29000000	36000000	5770.6084
30000000	36000000	8853.898
31000000	36000000	9943.346
32000000	36000000	12967.771
33000000	36000000	17835.467
34000000	36000000	26034.28
35000000	36000000	81736.03
36000000	36000000	437375.97
0	37000000	2104.0273
1000000	37000000	2057.7698
2000000	37000000	2211.3445
3000000	37000000	2627.9448
4000000	37000000	3421.073
5000000	37000000	2821.479
6000000	37000000	3560.0813
7000000	37000000	3134.0164
8000000	37000000	3679.3547
9000000	37000000	3582.9348
10000000	37000000	4230.6772
11000000	37000000	3602.4612
12000000	37000000	2873.6418
13000000	37000000	3834.8013
14000000	37000000	3843.9963
15000000	37000000	4800.638
16000000	37000000	4388.4624
17000000	37000000	4784.401
18000000	37000000	3934.3796
19000000	37000000	3172.87
20000000	37000000	3852.3398
21000000	37000000	3669.804
22000000	37000000	4241.3154
23000000	37000000	4030.14
24000000	37000000	5513.773
25000000	37000000	7668.5117
26000000	37000000	8452.707
27000000	37000000	6154.091
28000000	37000000	4898.49
29000000	37000000	5069.688
30000000	37000000	7036.426
31000000	37000000	8249.857
32000000	37000000	10551.024
33000000	37000000	13504.209
34000000	37000000	17379.57
35000000	37000000	32541.795
36000000	37000000	117426.02
37000000	37000000	400672.16
0	38000000	2389.2922
1000000	38000000	2605.789
2000000	38000000	3563.3818
3000000	38000000	2975.8896
4000000	38000000	2909.4277
5000000	38000000	1899.394
6000000	38000000	3898.6548
7000000	38000000	2717.6572
8000000	38000000	2979.478
9000000	38000000	2589.7036
10000000	38000000	3737.1445
11000000	38000000	2344.416
12000000	38000000	1221.3912
13000000	38000000	2239.2595
14000000	38000000	2707.8457
15000000	38000000	3676.4885
16000000	38000000	2384.0132
17000000	38000000	3299.4778
18000000	38000000	2092.1953
19000000	38000000	1315.3109
20000000	38000000	1899.4664
21000000	38000000	1676.9844
22000000	38000000	2699.2065
23000000	38000000	2036.6216
24000000	38000000	3170.5
25000000	38000000	5807.399
26000000	38000000	7062.187
27000000	38000000	2908.29
28000000	38000000	2244.1672
29000000	38000000	2465.7957
30000000	38000000	3441.5688
31000000	38000000	3404.4604
32000000	38000000	3910.105
33000000	38000000	4741.6904
34000000	38000000	5172.8027
35000000	38000000	8195.145
36000000	38000000	25056.475
37000000	38000000	98749.234
38000000	38000000	522822.22
0	39000000	2103.6353
1000000	39000000	2925.8694
2000000	39000000	5310.415
3000000	39000000	3862.233
4000000	39000000	2623.5261
5000000	39000000	1347.9904
6000000	39000000	3942.5693
7000000	39000000	2277.791
8000000	39000000	2531.4043
9000000	39000000	1975.2881
10000000	39000000	2687.1833
11000000	39000000	1625.7036
12000000	39000000	758.4616
13000000	39000000	1498.0858
14000000	39000000	1814.0107
15000000	39000000	2884.482
16000000	39000000	1713.0422
17000000	39000000	2686.1292
18000000	39000000	1484.4115
19000000	39000000	909.7488
20000000	39000000	1278.4534
21000000	39000000	1097.286
22000000	39000000	1984.3291
23000000	39000000	1402.9879
24000000	39000000	2271.525
25000000	39000000	4790.0093
26000000	39000000	5502.861
27000000	39000000	1926.9675
28000000	39000000	1464.3491
29000000	39000000	1558.1407
30000000	39000000	2129.249
31000000	39000000	2142.404
32000000	39000000	2338.4453
33000000	39000000	2542.962
34000000	39000000	2801.9622
35000000	39000000	4164.7095
36000000	39000000	11271.714
37000000	39000000	23556.352
38000000	39000000	129020.75
39000000	39000000	563538.75
0	40000000	1666.6829
1000000	40000000	2308.0886
2000000	40000000	3709.0383
3000000	40000000	3359.831
4000000	40000000	3213.9373
5000000	40000000	1673.0758
6000000	40000000	4464.3794
7000000	40000000	3025.8948
8000000	40000000	3214.6504
9000000	40000000	2605.884
10000000	40000000	3544.3643
11000000	40000000	2070.6763
12000000	40000000	935.5616
13000000	40000000	1996.2656
14000000	40000000	2428.1367
15000000	40000000	3649.5867
16000000	40000000	2463.025
17000000	40000000	3294.941
18000000	40000000	1805.3947
19000000	40000000	1145.3452
20000000	40000000	1772.2035
21000000	40000000	1466.4307
22000000	40000000	2539.168
23000000	40000000	1953.1055
24000000	40000000	3204.0742
25000000	40000000	6124.6807
26000000	40000000	6949.281
27000000	40000000	2744.397
28000000	40000000	1932.4819
29000000	40000000	2039.1915
30000000	40000000	2858.6614
31000000	40000000	2866.5361
32000000	40000000	3075.4146
33000000	40000000	3431.6494
34000000	40000000	3755.3528
35000000	40000000	5063.9478
36000000	40000000	11536.97
37000000	40000000	15796.677
38000000	40000000	27907.232
39000000	40000000	106085.734
40000000	40000000	506505.62
0	41000000	1700.5277
1000000	41000000	1855.2378
2000000	41000000	2133.5981
3000000	41000000	3102.7087
4000000	41000000	4280.517
5000000	41000000	3733.9492
6000000	41000000	4106.759
7000000	41000000	4704.208
8000000	41000000	4572.7646
9000000	41000000	4006.086
10000000	41000000	4113.4287
11000000	41000000	3226.3367
12000000	41000000	2559.3933
13000000	41000000	3411.6956
14000000	41000000	3289.6565
15000000	41000000	4243.428
16000000	41000000	4710.9077
17000000	41000000	4461.086
18000000	41000000	3522.0884
19000000	41000000	2893.4473
20000000	41000000	3797.6997
21000000	41000000	3626.1377
22000000	41000000	3992.0146
23000000	41000000	4106.566
24000000	41000000	6386.952
25000000	41000000	7874.6465
26000000	41000000	6690.1084
27000000	41000000	5425.8423
28000000	41000000	4297.728
29000000	41000000	4188.8105
30000000	41000000	5214.705
31000000	41000000	5572.2354
32000000	41000000	6157.8584
33000000	41000000	6829.801
34000000	41000000	7522.0044
35000000	41000000	9009.053
36000000	41000000	11121.968
37000000	41000000	15276.325
38000000	41000000	12733.87
39000000	41000000	16393.266
40000000	41000000	95288.19
41000000	41000000	422039.44
0	42000000	1444.3335
1000000	42000000	1600.5928
2000000	42000000	1726.004
3000000	42000000	2305.1697
4000000	42000000	3364.1768
5000000	42000000	2375.4885
6000000	42000000	3448.5205
7000000	42000000	3057.0967
8000000	42000000	3599.147
9000000	42000000	3316.0088
10000000	42000000	3952.9595
11000000	42000000	3149.58
12000000	42000000	2278.1892
13000000	42000000	3329.3855
14000000	42000000	3345.983
15000000	42000000	4480.378
16000000	42000000	4161.2114
17000000	42000000	4734.241
18000000	42000000	3470.9932
19000000	42000000	2729.0798
20000000	42000000	3973.6743
21000000	42000000	3418.805
22000000	42000000	3949.0747
23000000	42000000	4007.4827
24000000	42000000	5812.3516
25000000	42000000	7527.5474
26000000	42000000	7239.9663
27000000	42000000	5491.225
28000000	42000000	4268.504
29000000	42000000	4216.8677
30000000	42000000	5457.724
31000000	42000000	5819.159
32000000	42000000	6453.3086
33000000	42000000	7146.9844
34000000	42000000	7620.1177
35000000	42000000	9381.912
36000000	42000000	12189.542
37000000	42000000	13423.258
38000000	42000000	10527.536
39000000	42000000	10962.972
40000000	42000000	24377.393
41000000	42000000	81978.48
42000000	42000000	428011.22
0	43000000	1279.9098
1000000	43000000	906.683
2000000	43000000	767.4111
3000000	43000000	1093.0088
4000000	43000000	2064.7979
5000000	43000000	2459.5679
6000000	43000000	1599.4949
7000000	43000000	1912.9844
8000000	43000000	2255.4114
9000000	43000000	2751.1218
10000000	43000000	2949.0098
11000000	43000000	3740.3887
12000000	43000000	4489.43
13000000	43000000	4006.8755
14000000	43000000	3609.8118
15000000	43000000	3620.8735
16000000	43000000	4559.5747
17000000	43000000	4283.272
18000000	43000000	4988.6216
19000000	43000000	4868.298
20000000	43000000	5447.792
21000000	43000000	5174.206
22000000	43000000	4640.534
23000000	43000000	5494.19
24000000	43000000	5021.387
25000000	43000000	4475.2344
26000000	43000000	4031.5732
27000000	43000000	5956.113
28000000	43000000	5940.491
29000000	43000000	6069.6895
30000000	43000000	6513.022
31000000	43000000	7447.174
32000000	43000000	8674.638
33000000	43000000	9228.828
34000000	43000000	10243.281
35000000	43000000	10627.58
36000000	43000000	7723.953
37000000	43000000	8234.765
38000000	43000000	4114.344
39000000	43000000	3318.5237
40000000	43000000	6554.423
41000000	43000000	20827.133
42000000	43000000	58736.11
43000000	43000000	444977.47
0	44000000	1396.605
1000000	44000000	1062.9341
2000000	44000000	884.699
3000000	44000000	1193.9688
4000000	44000000	2282.442
5000000	44000000	2407.3035
6000000	44000000	1857.4059
7000000	44000000	2009.4899
8000000	44000000	2510.1824
9000000	44000000	2807.7524
10000000	44000000	3148.6653
11000000	44000000	3761.8748
12000000	44000000	4117.613
13000000	44000000	4012.277
14000000	44000000	3630.0784
15000000	44000000	3736.1973
16000000	44000000	4600.463
17000000	44000000	4388.622
18000000	44000000	4927.559
19000000	44000000	4523.8384
20000000	44000000	5414.6226
21000000	44000000	5163.8735
22000000	44000000	4737.625
23000000	44000000	5330.9697
24000000	44000000	5476.2427
25000000	44000000	5100.3022
26000000	44000000	4420.436
27000000	44000000	5934.699
28000000	44000000	5756.543
29000000	44000000	5740.7485
30000000	44000000	6371.7905
31000000	44000000	7243.3325
32000000	44000000	8274.299
33000000	44000000	8956.762
34000000	44000000	9985.076
35000000	44000000	10289.894
36000000	44000000	7380.325
37000000	44000000	7839.286
38000000	44000000	4004.437
39000000	44000000	3337.785
40000000	44000000	6361.7896
41000000	44000000	16944.762
42000000	44000000	34389.5
43000000	44000000	118366.11
44000000	44000000	368514.47
0	45000000	1475.5653
1000000	45000000	945.26904
2000000	45000000	738.097
3000000	45000000	1021.93146
4000000	45000000	1946.9335
5000000	45000000	2649.4446
6000000	45000000	1468.0614
7000000	45000000	1778.8069
8000000	45000000	2175.5056
9000000	45000000	2850.1418
10000000	45000000	2817.1172
11000000	45000000	3951.3728
12000000	45000000	4831.786
13000000	45000000	4085.0608
14000000	45000000	3616.549
15000000	45000000	3522.7832
16000000	45000000	4588.486
17000000	45000000	4191.986
18000000	45000000	5413.5107
19000000	45000000	5694.5923
20000000	45000000	5706.0337
21000000	45000000	5826.8755
22000000	45000000	4973.7573
23000000	45000000	5896.0225
24000000	45000000	4955.2974
25000000	45000000	4127.1406
26000000	45000000	3734.3347
27000000	45000000	5808.036
28000000	45000000	6698.324
29000000	45000000	6995.572
30000000	45000000	6729.2417
31000000	45000000	7887.0894
32000000	45000000	8813.439
33000000	45000000	9457.382
34000000	45000000	9827.031
35000000	45000000	9162.341
36000000	45000000	6119.928
37000000	45000000	6199.504
38000000	45000000	3227.8933
39000000	45000000	2490.07
40000000	45000000	4217.617
41000000	45000000	10756.08
42000000	45000000	15338.02
43000000	45000000	28823.38
44000000	45000000	89808.805
45000000	45000000	435102.03
0	46000000	1347.6952
1000000	46000000	1029.7368
2000000	46000000	838.29584
3000000	46000000	1174.5482
4000000	46000000	2308.3958
5000000	46000000	2630.53
6000000	46000000	1748.8452
7000000	46000000	2214.8628
8000000	46000000	2560.858
9000000	46000000	3085.2676
10000000	46000000	2968.6785
11000000	46000000	3916.9565
12000000	46000000	4522.6025
13000000	46000000	4212.409
14000000	46000000	3605.6724
15000000	46000000	3754.3625
16000000	46000000	4802.3345
17000000	46000000	4367.9565
18000000	46000000	5235.5273
19000000	46000000	5077.546
20000000	46000000	5789.6924
21000000	46000000	5621.146
22000000	46000000	4900.302
23000000	46000000	5707.3887
24000000	46000000	5546.7476
25000000	46000000	4900.7705
26000000	46000000	4355.9556
27000000	46000000	6275.6016
28000000	46000000	6336.9326
29000000	46000000	6243.6455
30000000	46000000	6718.396
31000000	46000000	7510.7563
32000000	46000000	8302.025
33000000	46000000	8697.13
34000000	46000000	9508.802
35000000	46000000	9092.5625
36000000	46000000	6280.419
37000000	46000000	6497.2437
38000000	46000000	3217.383
39000000	46000000	2613.029
40000000	46000000	4570.909
41000000	46000000	11091.609
42000000	46000000	14809.02
43000000	46000000	23623.432
44000000	46000000	54423.465
45000000	46000000	104215.45
46000000	46000000	387535.1
0	47000000	1858.021
1000000	47000000	1754.224
2000000	47000000	1769.1119
3000000	47000000	2138.882
4000000	47000000	3308.968
5000000	47000000	2369.111
6000000	47000000	3139.6436
7000000	47000000	2766.81
8000000	47000000	3491.589
9000000	47000000	3497.226
10000000	47000000	4224.889
11000000	47000000	3556.111
12000000	47000000	2728.1526
13000000	47000000	3846.6658
14000000	47000000	3695.978
15000000	47000000	4556.6816
16000000	47000000	4233.148
17000000	47000000	5245.481
18000000	47000000	4076.705
19000000	47000000	3205.064
20000000	47000000	4576.1924
21000000	47000000	4015.6895
22000000	47000000	4658.4937
23000000	47000000	4323.5312
24000000	47000000	5761.0356
25000000	47000000	7092.4297
26000000	47000000	6575.321
27000000	47000000	5418.0903
28000000	47000000	4462.0903
29000000	47000000	4496.526
30000000	47000000	5454.912
31000000	47000000	5774.2075
32000000	47000000	6102.6685
33000000	47000000	6046.8335
34000000	47000000	6442.3228
35000000	47000000	7545.936
36000000	47000000	8141.643
37000000	47000000	7982.041
38000000	47000000	5931.4688
39000000	47000000	5641.589
40000000	47000000	8195.417
41000000	47000000	11010.188
42000000	47000000	15490.187
43000000	47000000	13302.09
44000000	47000000	23871.004
45000000	47000000	27047.695
46000000	47000000	91393.63
47000000	47000000	415113.3
0	48000000	3228.9324
1000000	48000000	3189.24
2000000	48000000	3283.6206
3000000	48000000	3342.0461
4000000	48000000	4730.447
5000000	48000000	2705.814
6000000	48000000	5423.8633
7000000	48000000	3999.5693
8000000	48000000	5807.9946
9000000	48000000	5076.504
10000000	48000000	5908.895
11000000	48000000	3681.5938
12000000	48000000	2178.7766
13000000	48000000	4080.1477
14000000	48000000	4031.5903
15000000	48000000	5626.4077
16000000	48000000	3937.151
17000000	48000000	5853.227
18000000	48000000	3582.028
19000000	48000000	2267.8267
20000000	48000000	3569.6248
21000000	48000000	2903.189
22000000	48000000	4349.114
23000000	48000000	3520.9922
24000000	48000000	5607.4033
25000000	48000000	8122.225
26000000	48000000	7891.467
27000000	48000000	4068.147
28000000	48000000	2835.8657
29000000	48000000	3051.9182
30000000	48000000	4233.9004
31000000	48000000	3904.0183
32000000	48000000	3871.419
33000000	48000000	3871.219
34000000	48000000	3779.5813
35000000	48000000	4796.259
36000000	48000000	8671.41
37000000	48000000	7770.9727
38000000	48000000	8072.8423
39000000	48000000	8349.323
40000000	48000000	9649.507
41000000	48000000	8666.996
42000000	48000000	11855.335
43000000	48000000	7044.3423
44000000	48000000	10457.232
45000000	48000000	10151.835
46000000	48000000	17122.135
47000000	48000000	85480.766
48000000	48000000	464824.97
0	49000000	3215.0132
1000000	49000000	1421.6868
2000000	49000000	552.9893
3000000	49000000	1306.7991
4000000	49000000	2647.5063
5000000	49000000	4430.0073
6000000	49000000	2099.1975
7000000	49000000	3689.0076
8000000	49000000	4833.4585
9000000	49000000	5226.1294
10000000	49000000	3116.6772
11000000	49000000	3568.456
12000000	49000000	4178.411
13000000	49000000	3701.2002
14000000	49000000	2918.4272
15000000	49000000	2436.575
16000000	49000000	3401.5105
17000000	49000000	3159.5596
18000000	49000000	3737.425
19000000	49000000	3985.292
20000000	49000000	4210.254
21000000	49000000	4605.205
22000000	49000000	4016.7812
23000000	49000000	4151.4746
24000000	49000000	4917.66
25000000	49000000	3421.125
26000000	49000000	2571.9426
27000000	49000000	3579.5474
28000000	49000000	3524.5586
29000000	49000000	3716.9294
30000000	49000000	3945.0212
31000000	49000000	3664.0483
32000000	49000000	3862.7505
33000000	49000000	3491.8037
34000000	49000000	3580.3186
35000000	49000000	3077.2107
36000000	49000000	3051.198
37000000	49000000	3220.4973
38000000	49000000	1511.4592
39000000	49000000	1114.2601
40000000	49000000	1432.8906
41000000	49000000	4440.536
42000000	49000000	4308.567
43000000	49000000	5641.938
44000000	49000000	6733.5894
45000000	49000000	8262.705
46000000	49000000	11049.73
47000000	49000000	15539.045
48000000	49000000	64099.227
49000000	49000000	700963.8
0	52000000	2347.7969
1000000	52000000	1485.5524
2000000	52000000	765.35254
3000000	52000000	1227.7206
4000000	52000000	2639.426
5000000	52000000	2792.9866
6000000	52000000	2186.8486
7000000	52000000	2623.4778
8000000	52000000	3854.2065
9000000	52000000	3357.0989
10000000	52000000	2751.3696
11000000	52000000	2509.4429
12000000	52000000	2413.4849
13000000	52000000	2772.0435
14000000	52000000	2394.5337
15000000	52000000	2506.5083
16000000	52000000	2753.4521
17000000	52000000	3036.7058
18000000	52000000	2856.236
19000000	52000000	2565.621
20000000	52000000	3208.1077
21000000	52000000	3183.472
22000000	52000000	3145.7651
23000000	52000000	3056.9783
24000000	52000000	3742.6826
25000000	52000000	3485.3958
26000000	52000000	2932.0566
27000000	52000000	2846.9534
28000000	52000000	2627.4841
29000000	52000000	2555.913
30000000	52000000	2948.5986
31000000	52000000	2855.1023
32000000	52000000	2946.7517
33000000	52000000	2833.4336
34000000	52000000	2817.751
35000000	52000000	3188.03
36000000	52000000	3119.1067
37000000	52000000	3096.3325
38000000	52000000	1856.6315
39000000	52000000	1446.938
40000000	52000000	2094.713
41000000	52000000	3669.3918
42000000	52000000	4183.397
43000000	52000000	4285.8706
44000000	52000000	4677.0938
45000000	52000000	4492.4336
46000000	52000000	5460.4634
47000000	52000000	6782.759
48000000	52000000	11617.082
49000000	52000000	11790.664
52000000	52000000	560629.06
0	53000000	1754.4697
1000000	53000000	1481.6766
2000000	53000000	1299.7238
3000000	53000000	1780.3959
4000000	53000000	2980.7297
5000000	53000000	2636.1392
6000000	53000000	2640.2104
7000000	53000000	2893.887
8000000	53000000	3738.4075
9000000	53000000	3167.0073
10000000	53000000	2852.694
11000000	53000000	2417.0085
12000000	53000000	1997.2095
13000000	53000000	2364.3677
14000000	53000000	2232.655
15000000	53000000	2582.1677
16000000	53000000	2778.0515
17000000	53000000	3010.63
18000000	53000000	2579.682
19000000	53000000	2390.5833
20000000	53000000	2871.063
21000000	53000000	2839.943
22000000	53000000	2928.3643
23000000	53000000	3015.2747
24000000	53000000	4135.372
25000000	53000000	4180.618
26000000	53000000	3608.3667
27000000	53000000	3198.172
28000000	53000000	2609.1094
29000000	53000000	2620.8257
30000000	53000000	3018.583
31000000	53000000	2855.9727
32000000	53000000	3109.2502
33000000	53000000	3043.253
34000000	53000000	2866.172
35000000	53000000	3141.4902
36000000	53000000	3861.7837
37000000	53000000	4163.5464
38000000	53000000	2946.8247
39000000	53000000	2463.2524
40000000	53000000	3463.4058
41000000	53000000	4980.1675
42000000	53000000	5132.6294
43000000	53000000	4367.386
44000000	53000000	4823.678
45000000	53000000	4619.561
46000000	53000000	5469.86
47000000	53000000	7583.702
48000000	53000000	12222.527
49000000	53000000	9268.673
52000000	53000000	95164.58
53000000	53000000	381464.84
0	54000000	1914.4501
1000000	54000000	1786.9518
2000000	54000000	1962.0529
3000000	54000000	2143.9883
4000000	54000000	2904.6702
5000000	54000000	2212.8801
6000000	54000000	3030.3972
7000000	54000000	2745.1157
8000000	54000000	3306.9893
9000000	54000000	2573.7046
10000000	54000000	2792.6782
11000000	54000000	1951.4957
12000000	54000000	1174.2787
13000000	54000000	1915.8954
14000000	54000000	1967.7177
15000000	54000000	2520.0662
16000000	54000000	2113.278
17000000	54000000	2584.5308
18000000	54000000	1900.1289
19000000	54000000	1514.9486
20000000	54000000	1981.0156
21000000	54000000	1838.4608
22000000	54000000	2332.9673
23000000	54000000	2133.6782
24000000	54000000	3202.449
25000000	54000000	4127.8613
26000000	54000000	3785.217
27000000	54000000	2351.3335
28000000	54000000	1838.093
29000000	54000000	1861.8429
30000000	54000000	2340.5637
31000000	54000000	2178.2163
32000000	54000000	2108.189
33000000	54000000	2162.3948
34000000	54000000	2042.3341
35000000	54000000	2662.8367
36000000	54000000	4200.3486
37000000	54000000	4278.7124
38000000	54000000	4358.433
39000000	54000000	3902.423
40000000	54000000	4906.049
41000000	54000000	5201.028
42000000	54000000	5070.4663
43000000	54000000	3213.0369
44000000	54000000	3478.0725
45000000	54000000	3243.6033
46000000	54000000	3929.88
47000000	54000000	6971.0396
48000000	54000000	12624.733
49000000	54000000	6312.18
52000000	54000000	30159.373
53000000	54000000	113175.46
54000000	54000000	434861.06
0	55000000	1240.3018
1000000	55000000	1125.7646
2000000	55000000	980.02924
3000000	55000000	1632.1326
4000000	55000000	2732.7312
5000000	55000000	3014.97
6000000	55000000	2113.6497
7000000	55000000	2817.211
8000000	55000000	3145.008
9000000	55000000	2672.2874
10000000	55000000	2235.6035
11000000	55000000	2284.9124
12000000	55000000	2146.9824
13000000	55000000	2275.6147
14000000	55000000	1909.6832
15000000	55000000	2069.388
16000000	55000000	2870.473
17000000	55000000	2438.74
18000000	55000000	2525.5215
19000000	55000000	2616.7034
20000000	55000000	2896.3066
21000000	55000000	3035.2402
22000000	55000000	2820.7788
23000000	55000000	3108.3484
24000000	55000000	3966.7717
25000000	55000000	3505.8564
26000000	55000000	2725.7334
27000000	55000000	3195.7666
28000000	55000000	2832.0906
29000000	55000000	2844.489
30000000	55000000	2957.1729
31000000	55000000	3063.3438
32000000	55000000	3205.9788
33000000	55000000	3341.3064
34000000	55000000	3347.7996
35000000	55000000	3303.5515
36000000	55000000	2987.1484
37000000	55000000	3459.285
38000000	55000000	2060.3066
39000000	55000000	1645.2515
40000000	55000000	2640.0415
41000000	55000000	5780.461
42000000	55000000	4789.804
43000000	55000000	4875.962
44000000	55000000	5068.061
45000000	55000000	5074.4766
46000000	55000000	5805.6406
47000000	55000000	5971.6304
48000000	55000000	6790.401
49000000	55000000	7539.527
52000000	55000000	25784.484
53000000	55000000	54204.0
54000000	55000000	93446.9
55000000	55000000	370240.66
0	56000000	1378.2345
1000000	56000000	1449.5769
2000000	56000000	1633.6292
3000000	56000000	1782.5247
4000000	56000000	2633.1475
5000000	56000000	2015.9493
6000000	56000000	2449.8826
7000000	56000000	2218.3323
8000000	56000000	2535.2747
9000000	56000000	2220.6052
10000000	56000000	2206.7095
11000000	56000000	1716.8016
12000000	56000000	1325.5085
13000000	56000000	1820.1758
14000000	56000000	1722.8175
15000000	56000000	2125.7336
16000000	56000000	2143.2124
17000000	56000000	2570.9075
18000000	56000000	2031.0759
19000000	56000000	1658.1619
20000000	56000000	2169.67
21000000	56000000	1947.2788
22000000	56000000	2194.2349
23000000	56000000	2122.4102
24000000	56000000	3150.437
25000000	56000000	3910.3909
26000000	56000000	3144.9795
27000000	56000000	2568.484
28000000	56000000	2086.2312
29000000	56000000	2040.021
30000000	56000000	2308.5923
31000000	56000000	2423.7224
32000000	56000000	2440.2273
33000000	56000000	2597.9788
34000000	56000000	2544.73
35000000	56000000	3008.9368
36000000	56000000	3513.8438
37000000	56000000	3813.9167
38000000	56000000	2928.8079
39000000	56000000	3075.7021
40000000	56000000	4321.366
41000000	56000000	5414.35
42000000	56000000	5473.483
43000000	56000000	3772.0508
44000000	56000000	4421.5747
45000000	56000000	3975.3196
46000000	56000000	4666.3306
47000000	56000000	6590.658
48000000	56000000	8324.88
49000000	56000000	4034.4326
52000000	56000000	12961.03
53000000	56000000	20562.94
54000000	56000000	26933.453
55000000	56000000	85197.92
56000000	56000000	406333.28
0	57000000	1624.6857
1000000	57000000	1783.7911
2000000	57000000	2011.3313
3000000	57000000	2230.75
4000000	57000000	2694.5093
5000000	57000000	2000.3337
6000000	57000000	2770.2136
7000000	57000000	2331.2698
8000000	57000000	2611.3533
9000000	57000000	2144.5276
10000000	57000000	2261.6182
11000000	57000000	1618.908
12000000	57000000	1113.5483
13000000	57000000	1695.0994
14000000	57000000	1706.296
15000000	57000000	2386.4585
16000000	57000000	2080.009
17000000	57000000	2668.3904
18000000	57000000	1776.4541
19000000	57000000	1318.4536
20000000	57000000	1749.6842
21000000	57000000	1593.6661
22000000	57000000	1905.6974
23000000	57000000	1889.9982
24000000	57000000	3255.741
25000000	57000000	4130.0977
26000000	57000000	3358.6882
27000000	57000000	2106.608
28000000	57000000	1623.6155
29000000	57000000	1593.9155
30000000	57000000	1863.131
31000000	57000000	1955.7949
32000000	57000000	1967.6216
33000000	57000000	2012.1055
34000000	57000000	2154.119
35000000	57000000	2451.7195
36000000	57000000	3410.709
37000000	57000000	4040.102
38000000	57000000	3619.1963
39000000	57000000	3944.6248
40000000	57000000	5147.869
41000000	57000000	5752.942
42000000	57000000	6082.468
43000000	57000000	3459.2937
44000000	57000000	3883.1558
45000000	57000000	3241.6519
46000000	57000000	3955.053
47000000	57000000	6825.5845
48000000	57000000	8723.299
49000000	57000000	3332.6611
52000000	57000000	9474.632
53000000	57000000	15108.422
54000000	57000000	19070.826
55000000	57000000	29912.912
56000000	57000000	104413.59
57000000	57000000	409212.06
0	58000000	928.36487
1000000	58000000	659.27686
2000000	58000000	501.07858
3000000	58000000	769.74817
4000000	58000000	1419.8599
5000000	58000000	1884.704
6000000	58000000	1089.1154
7000000	58000000	1348.3914
8000000	58000000	1676.4633
9000000	58000000	1708.8491
10000000	58000000	1471.3752
11000000	58000000	1881.4788
12000000	58000000	2048.8838
13000000	58000000	1840.8059
14000000	58000000	1588.4409
15000000	58000000	1522.42
16000000	58000000	2217.3345
17000000	58000000	1856.8103
18000000	58000000	2217.5144
19000000	58000000	2335.2668
20000000	58000000	2539.9773
21000000	58000000	2525.4888
22000000	58000000	2240.1396
23000000	58000000	2553.0955
24000000	58000000	2808.0205
25000000	58000000	2270.3435
26000000	58000000	1878.3885
27000000	58000000	2516.182
28000000	58000000	2566.9688
29000000	58000000	2482.735
30000000	58000000	2511.1157
31000000	58000000	2659.1843
32000000	58000000	2787.394
33000000	58000000	3004.1338
34000000	58000000	2893.341
35000000	58000000	2937.5205
36000000	58000000	2242.6326
37000000	58000000	2589.032
38000000	58000000	1408.7476
39000000	58000000	989.7687
40000000	58000000	1783.8925
41000000	58000000	4078.134
42000000	58000000	4143.5947
43000000	58000000	4529.821
44000000	58000000	4395.1255
45000000	58000000	4648.1816
46000000	58000000	5114.1313
47000000	58000000	4264.1333
48000000	58000000	3594.2288
49000000	58000000	3769.865
52000000	58000000	8665.465
53000000	58000000	11072.796
54000000	58000000	9059.036
55000000	58000000	19491.594
56000000	58000000	20691.625
57000000	58000000	52148.47
58000000	58000000	382706.22
0	59000000	910.1573
1000000	59000000	499.76596
2000000	59000000	445.03235
3000000	59000000	539.05835
4000000	59000000	1020.9405
5000000	59000000	1317.7229
6000000	59000000	775.21515
7000000	59000000	842.7018
8000000	59000000	1039.5571
9000000	59000000	1209.2737
10000000	59000000	1150.1764
11000000	59000000	1578.4312
12000000	59000000	2075.497
13000000	59000000	1569.2207
14000000	59000000	1483.8287
15000000	59000000	1376.3625
16000000	59000000	1735.5153
17000000	59000000	1548.0609
18000000	59000000	2154.0427
19000000	59000000	2410.6125
20000000	59000000	2238.3389
21000000	59000000	2397.8625
22000000	59000000	2281.3896
23000000	59000000	2330.0142
24000000	59000000	1981.702
25000000	59000000	1664.046
26000000	59000000	1420.8722
27000000	59000000	2327.9358
28000000	59000000	2550.675
29000000	59000000	2678.2786
30000000	59000000	2743.7979
31000000	59000000	2792.785
32000000	59000000	2984.3794
33000000	59000000	3226.716
34000000	59000000	3051.5823
35000000	59000000	3232.4365
36000000	59000000	2304.1357
37000000	59000000	2299.4338
38000000	59000000	1277.5569
39000000	59000000	1005.0864
40000000	59000000	1567.2301
41000000	59000000	2984.663
42000000	59000000	3362.9688
43000000	59000000	4242.144
44000000	59000000	3943.3223
45000000	59000000	4401.3125
46000000	59000000	4522.428
47000000	59000000	3760.2637
48000000	59000000	3136.1206
49000000	59000000	2631.7188
52000000	59000000	6443.913
53000000	59000000	8017.1562
54000000	59000000	6843.6235
55000000	59000000	12251.58
56000000	59000000	12830.882
57000000	59000000	20220.67
58000000	59000000	104531.3
59000000	59000000	418414.6
0	60000000	842.8277
1000000	60000000	477.86026
2000000	60000000	415.99902
3000000	60000000	495.63318
4000000	60000000	988.7129
5000000	60000000	1091.6199
6000000	60000000	748.51404
7000000	60000000	854.817
8000000	60000000	888.4726
9000000	60000000	1062.4065
10000000	60000000	1155.7933
11000000	60000000	1438.1654
12000000	60000000	1581.1906
13000000	60000000	1484.1724
14000000	60000000	1371.8235
15000000	60000000	1278.0957
16000000	60000000	1575.7186
17000000	60000000	1533.6068
18000000	60000000	1900.5377
19000000	60000000	1790.3138
20000000	60000000	1992.4081
21000000	60000000	1964.1093
22000000	60000000	1752.5204
23000000	60000000	2080.9194
24000000	60000000	1796.9244
25000000	60000000	1693.1036
26000000	60000000	1651.4893
27000000	60000000	2083.937
28000000	60000000	2212.2703
29000000	60000000	2318.0269
30000000	60000000	2350.206
31000000	60000000	2502.665
32000000	60000000	2734.6777
33000000	60000000	2736.5981
34000000	60000000	3010.0493
35000000	60000000	2970.2903
36000000	60000000	2264.6965
37000000	60000000	2367.9363
38000000	60000000	1400.6956
39000000	60000000	1116.8184
40000000	60000000	1795.7859
41000000	60000000	3139.153
42000000	60000000	3668.1812
43000000	60000000	4032.3176
44000000	60000000	4091.506
45000000	60000000	4374.7876
46000000	60000000	4493.2676
47000000	60000000	3953.2693
48000000	60000000	3158.0786
49000000	60000000	2316.2456
52000000	60000000	5832.3325
53000000	60000000	7528.8115
54000000	60000000	6369.732
55000000	60000000	10400.045
56000000	60000000	11791.314
57000000	60000000	17395.15
58000000	60000000	52757.406
59000000	60000000	89512.484
60000000	60000000	419332.78
0	61000000	794.2797
1000000	61000000	447.3717
2000000	61000000	387.3913
3000000	61000000	485.67847
4000000	61000000	884.32434
5000000	61000000	1250.1506
6000000	61000000	627.416
7000000	61000000	776.6136
8000000	61000000	942.4669
9000000	61000000	1087.3683
10000000	61000000	1031.4976
11000000	61000000	1469.3083
12000000	61000000	1887.7253
13000000	61000000	1478.8997
14000000	61000000	1334.4631
15000000	61000000	1132.2625
16000000	61000000	1594.4817
17000000	61000000	1451.89
18000000	61000000	1953.2128
19000000	61000000	2318.4927
20000000	61000000	2268.3877
21000000	61000000	2420.8418
22000000	61000000	2078.7952
23000000	61000000	2277.3389
24000000	61000000	1934.6145
25000000	61000000	1478.4475
26000000	61000000	1356.7264
27000000	61000000	2274.0312
28000000	61000000	2765.8967
29000000	61000000	2885.2285
30000000	61000000	2638.8364
31000000	61000000	2948.2642
32000000	61000000	3209.2925
33000000	61000000	3229.1423
34000000	61000000	3324.1443
35000000	61000000	3038.7754
36000000	61000000	1944.274
37000000	61000000	2183.0056
38000000	61000000	1077.6345
39000000	61000000	842.4313
40000000	61000000	1376.2733
41000000	61000000	3068.295
42000000	61000000	3169.3706
43000000	61000000	4358.3213
44000000	61000000	4299.263
45000000	61000000	4548.046
46000000	61000000	4523.3696
47000000	61000000	3498.9155
48000000	61000000	2642.131
49000000	61000000	2653.8455
52000000	61000000	6000.311
53000000	61000000	7317.0815
54000000	61000000	5273.154
55000000	61000000	10227.273
56000000	61000000	9670.354
57000000	61000000	12120.2705
58000000	61000000	33437.574
59000000	61000000	38214.895
60000000	61000000	72727.08
61000000	61000000	371698.12
0	62000000	786.99854
1000000	62000000	471.79965
2000000	62000000	402.50854
3000000	62000000	533.3201
4000000	62000000	1016.0144
5000000	62000000	1209.755
6000000	62000000	728.7445
7000000	62000000	793.2602
8000000	62000000	937.7938
9000000	62000000	1078.8605
10000000	62000000	1088.0247
11000000	62000000	1481.9688
12000000	62000000	1692.854
13000000	62000000	1455.4844
14000000	62000000	1310.9706
15000000	62000000	1231.4613
16000000	62000000	1647.03
17000000	62000000	1479.4635
18000000	62000000	1901.6179
19000000	62000000	2065.9397
20000000	62000000	2101.2192
21000000	62000000	2122.395
22000000	62000000	1811.0776
23000000	62000000	2068.2427
24000000	62000000	1924.0105
25000000	62000000	1665.978
26000000	62000000	1425.158
27000000	62000000	2159.2083
28000000	62000000	2492.081
29000000	62000000	2549.699
30000000	62000000	2319.5005
31000000	62000000	2762.7456
32000000	62000000	2995.586
33000000	62000000	2984.99
34000000	62000000	3214.3298
35000000	62000000	2900.673
36000000	62000000	2070.4172
37000000	62000000	2286.1423
38000000	62000000	1171.8977
39000000	62000000	916.5967
40000000	62000000	1533.7231
41000000	62000000	3160.674
42000000	62000000	3423.1838
43000000	62000000	4250.164
44000000	62000000	3941.9392
45000000	62000000	4440.7617
46000000	62000000	4542.329
47000000	62000000	3678.5425
48000000	62000000	2694.5776
49000000	62000000	2473.7817
52000000	62000000	5271.8984
53000000	62000000	6481.303
54000000	62000000	5086.7617
55000000	62000000	8990.293
56000000	62000000	8465.894
57000000	62000000	9321.703
58000000	62000000	17297.297
59000000	62000000	17162.328
60000000	62000000	23553.086
61000000	62000000	91890.98
62000000	62000000	386346.56
0	63000000	895.28485
1000000	63000000	519.56384
2000000	63000000	426.1126
3000000	63000000	476.9857
4000000	63000000	946.4941
5000000	63000000	1212.3999
6000000	63000000	675.0777
7000000	63000000	792.5056
8000000	63000000	921.0275
9000000	63000000	1058.4254
10000000	63000000	1138.5193
11000000	63000000	1553.6411
12000000	63000000	1897.0402
13000000	63000000	1533.9706
14000000	63000000	1322.2534
15000000	63000000	1238.0045
16000000	63000000	1583.6716
17000000	63000000	1476.9043
18000000	63000000	2067.149
19000000	63000000	2294.4998
20000000	63000000	2147.654
21000000	63000000	2301.0808
22000000	63000000	1912.321
23000000	63000000	2303.8088
24000000	63000000	1723.156
25000000	63000000	1546.6423
26000000	63000000	1386.1364
27000000	63000000	2191.7773
28000000	63000000	2523.9854
29000000	63000000	2808.7869
30000000	63000000	2524.5432
31000000	63000000	2676.8972
32000000	63000000	3193.0496
33000000	63000000	3102.616
34000000	63000000	3104.53
35000000	63000000	2845.7305
36000000	63000000	2166.4685
37000000	63000000	2343.823
38000000	63000000	1290.6667
39000000	63000000	957.54724
40000000	63000000	1465.3882
41000000	63000000	2815.4626
42000000	63000000	3099.6978
43000000	63000000	3922.9263
44000000	63000000	3738.5903
45000000	63000000	4028.0178
46000000	63000000	4087.6846
47000000	63000000	3183.5933
48000000	63000000	2603.0813
49000000	63000000	2504.1746
52000000	63000000	5375.014
53000000	63000000	6202.5957
54000000	63000000	4718.302
55000000	63000000	8138.018
56000000	63000000	7250.1094
57000000	63000000	7898.713
58000000	63000000	14429.817
59000000	63000000	14666.222
60000000	63000000	17742.168
61000000	63000000	43854.676
62000000	63000000	95754.2
63000000	63000000	385447.56
0	64000000	947.7837
1000000	64000000	487.67966
2000000	64000000	383.64038
3000000	64000000	493.79727
4000000	64000000	886.452
5000000	64000000	984.2501
6000000	64000000	681.9402
7000000	64000000	639.0275
8000000	64000000	823.7708
9000000	64000000	964.8927
10000000	64000000	1037.3206
11000000	64000000	1474.6162
12000000	64000000	1719.3353
13000000	64000000	1443.5631
14000000	64000000	1391.1006
15000000	64000000	1147.3466
16000000	64000000	1463.0266
17000000	64000000	1473.3657
18000000	64000000	1895.4462
19000000	64000000	2148.9065
20000000	64000000	2031.0886
21000000	64000000	2083.0208
22000000	64000000	1861.5817
23000000	64000000	2122.5
24000000	64000000	1647.129
25000000	64000000	1453.4736
26000000	64000000	1431.1063
27000000	64000000	2009.0715
28000000	64000000	2604.661
29000000	64000000	2659.2705
30000000	64000000	2473.045
31000000	64000000	2633.609
32000000	64000000	2980.4602
33000000	64000000	2933.2168
34000000	64000000	2967.046
35000000	64000000	3010.7798
36000000	64000000	2149.0593
37000000	64000000	2201.0999
38000000	64000000	1244.7357
39000000	64000000	910.5756
40000000	64000000	1414.771
41000000	64000000	2597.7305
42000000	64000000	2998.9858
43000000	64000000	3877.6504
44000000	64000000	3548.6406
45000000	64000000	4114.07
46000000	64000000	3896.0757
47000000	64000000	3260.0786
48000000	64000000	2633.8274
49000000	64000000	2571.7407
52000000	64000000	4757.833
53000000	64000000	5508.524
54000000	64000000	4312.113
55000000	64000000	6895.4746
56000000	64000000	6494.911
57000000	64000000	6346.722
58000000	64000000	9855.726
59000000	64000000	10509.359
60000000	64000000	11933.359
61000000	64000000	21767.305
62000000	64000000	31105.852
63000000	64000000	84787.62
64000000	64000000	417442.72
0	65000000	729.7073
1000000	65000000	404.527
2000000	65000000	374.16907
3000000	65000000	427.05325
4000000	65000000	792.5897
5000000	65000000	963.12305
6000000	65000000	592.37585
7000000	65000000	623.61066
8000000	65000000	744.6303
9000000	65000000	851.2169
10000000	65000000	960.81757
11000000	65000000	1351.5309
12000000	65000000	1485.0677
13000000	65000000	1304.7833
14000000	65000000	1146.6361
15000000	65000000	1044.8116
16000000	65000000	1385.7842
17000000	65000000	1281.2277
18000000	65000000	1722.1628
19000000	65000000	1769.7715
20000000	65000000	1915.4874
21000000	65000000	1917.0327
22000000	65000000	1580.5385
23000000	65000000	1938.2108
24000000	65000000	1605.3271
25000000	65000000	1365.9694
26000000	65000000	1356.6779
27000000	65000000	1997.5842
28000000	65000000	2306.1382
29000000	65000000	2279.4773
30000000	65000000	2282.199
31000000	65000000	2625.0398
32000000	65000000	2712.5645
33000000	65000000	2714.919
34000000	65000000	2987.4727
35000000	65000000	2734.7976
36000000	65000000	1966.9231
37000000	65000000	2061.4097
38000000	65000000	1125.7142
39000000	65000000	853.6393
40000000	65000000	1377.3121
41000000	65000000	2695.4358
42000000	65000000	3037.1934
43000000	65000000	3896.238
44000000	65000000	3676.9568
45000000	65000000	4007.1562
46000000	65000000	3928.1365
47000000	65000000	3352.8586
48000000	65000000	2320.262
49000000	65000000	1875.3774
52000000	65000000	4489.532
53000000	65000000	5113.5146
54000000	65000000	3909.5537
55000000	65000000	6186.51
56000000	65000000	5725.6084
57000000	65000000	5442.485
58000000	65000000	8996.055
59000000	65000000	9033.585
60000000	65000000	10179.731
61000000	65000000	15491.012
62000000	65000000	19377.723
63000000	65000000	29850.43
64000000	65000000	80788.875
65000000	65000000	372681.78
0	66000000	599.5343
1000000	66000000	389.94702
2000000	66000000	355.68314
3000000	66000000	418.72073
4000000	66000000	817.5534
5000000	66000000	874.1953
6000000	66000000	548.7211
7000000	66000000	648.35736
8000000	66000000	712.4563
9000000	66000000	886.21387
10000000	66000000	900.81244
11000000	66000000	1183.788
12000000	66000000	1392.9952
13000000	66000000	1244.9678
14000000	66000000	1083.9801
15000000	66000000	1043.4535
16000000	66000000	1388.9646
17000000	66000000	1329.2335
18000000	66000000	1642.566
19000000	66000000	1602.2487
20000000	66000000	1753.9979
21000000	66000000	1749.9355
22000000	66000000	1469.1226
23000000	66000000	1866.9325
24000000	66000000	1481.7041
25000000	66000000	1379.2971
26000000	66000000	1232.684
27000000	66000000	1875.2135
28000000	66000000	2165.7249
29000000	66000000	2149.3022
30000000	66000000	2161.5142
31000000	66000000	2341.4575
32000000	66000000	2586.7366
33000000	66000000	2600.2803
34000000	66000000	2903.078
35000000	66000000	2706.5718
36000000	66000000	1846.2402
37000000	66000000	2013.6257
38000000	66000000	977.4656
39000000	66000000	824.5323
40000000	66000000	1425.5948
41000000	66000000	2554.513
42000000	66000000	3070.8066
43000000	66000000	3683.651
44000000	66000000	3629.9504
45000000	66000000	3556.5417
46000000	66000000	3846.6826
47000000	66000000	2907.988
48000000	66000000	2053.4026
49000000	66000000	1671.9132
52000000	66000000	3563.293
53000000	66000000	4392.3364
54000000	66000000	3225.7065
55000000	66000000	5407.004
56000000	66000000	4905.3037
57000000	66000000	4562.106
58000000	66000000	6861.3003
59000000	66000000	7111.8774
60000000	66000000	7688.0503
61000000	66000000	10111.637
62000000	66000000	11400.269
63000000	66000000	13176.041
64000000	66000000	18601.305
65000000	66000000	85452.125
66000000	66000000	410584.97
0	67000000	599.2426
1000000	67000000	401.4352
2000000	67000000	387.1347
3000000	67000000	447.40903
4000000	67000000	761.7262
5000000	67000000	956.86804
6000000	67000000	586.8678
7000000	67000000	694.6868
8000000	67000000	766.14105
9000000	67000000	942.86743
10000000	67000000	890.7346
11000000	67000000	1205.4116
12000000	67000000	1332.0968
13000000	67000000	1216.2566
14000000	67000000	1052.7239
15000000	67000000	1034.4764
16000000	67000000	1371.9083
17000000	67000000	1266.3533
18000000	67000000	1574.0017
19000000	67000000	1568.1597
20000000	67000000	1774.3217
21000000	67000000	1748.2958
22000000	67000000	1439.5981
23000000	67000000	1806.8481
24000000	67000000	1663.8984
25000000	67000000	1473.6497
26000000	67000000	1279.4167
27000000	67000000	1912.7914
28000000	67000000	2139.433
29000000	67000000	2068.7275
30000000	67000000	2013.9343
31000000	67000000	2207.5498
32000000	67000000	2427.818
33000000	67000000	2540.6074
34000000	67000000	2777.4685
35000000	67000000	2826.638
36000000	67000000	1836.676
37000000	67000000	1986.5798
38000000	67000000	996.39764
39000000	67000000	780.9947
40000000	67000000	1268.6918
41000000	67000000	2710.0413
42000000	67000000	2928.783
43000000	67000000	3707.6414
44000000	67000000	3621.4602
45000000	67000000	3635.0786
46000000	67000000	3760.026
47000000	67000000	2994.2324
48000000	67000000	2002.6907
49000000	67000000	1658.2235
52000000	67000000	3659.4346
53000000	67000000	4268.138
54000000	67000000	3155.333
55000000	67000000	5423.359
56000000	67000000	4779.3843
57000000	67000000	4514.466
58000000	67000000	7027.593
59000000	67000000	6621.5703
60000000	67000000	7322.965
61000000	67000000	9255.82
62000000	67000000	10019.668
63000000	67000000	11037.707
64000000	67000000	14347.546
65000000	67000000	41083.527
66000000	67000000	91191.78
67000000	67000000	397572.12
0	68000000	774.1194
1000000	68000000	658.30524
2000000	68000000	802.9569
3000000	68000000	764.802
4000000	68000000	1099.8007
5000000	68000000	822.39087
6000000	68000000	953.0508
7000000	68000000	783.2189
8000000	68000000	957.2238
9000000	68000000	911.16046
10000000	68000000	1161.108
11000000	68000000	1073.878
12000000	68000000	875.7847
13000000	68000000	1118.3966
14000000	68000000	1136.2847
15000000	68000000	1209.4174
16000000	68000000	1200.3224
17000000	68000000	1438.9508
18000000	68000000	1281.5586
19000000	68000000	1119.8993
20000000	68000000	1352.4403
21000000	68000000	1173.4111
22000000	68000000	1322.6587
23000000	68000000	1462.2269
24000000	68000000	1694.3345
25000000	68000000	1914.9275
26000000	68000000	1801.8911
27000000	68000000	1639.6093
28000000	68000000	1524.4263
29000000	68000000	1518.4646
30000000	68000000	1702.7266
31000000	68000000	1807.1407
32000000	68000000	2049.7695
33000000	68000000	1929.5303
34000000	68000000	2082.592
35000000	68000000	2335.964
36000000	68000000	2487.5637
37000000	68000000	2499.6025
38000000	68000000	1877.7482
39000000	68000000	1902.4258
40000000	68000000	2639.218
41000000	68000000	3157.9236
42000000	68000000	3831.0818
43000000	68000000	2805.204
44000000	68000000	2888.17
45000000	68000000	2642.7932
46000000	68000000	2991.446
47000000	68000000	3768.2876
48000000	68000000	3587.9077
49000000	68000000	1479.1876
52000000	68000000	3615.5344
53000000	68000000	4745.9854
54000000	68000000	4465.9414
55000000	68000000	4653.882
56000000	68000000	5843.708
57000000	68000000	6639.9434
58000000	68000000	5668.6304
59000000	68000000	5155.4185
60000000	68000000	5920.139
61000000	68000000	6448.412
62000000	68000000	7219.7715
63000000	68000000	7982.1533
64000000	68000000	10427.072
65000000	68000000	21932.895
66000000	68000000	29177.363
67000000	68000000	71761.99
68000000	68000000	396102.25
0	69000000	862.5792
1000000	69000000	556.3752
2000000	69000000	628.524
3000000	69000000	605.4648
4000000	69000000	825.06006
5000000	69000000	643.4633
6000000	69000000	771.72986
7000000	69000000	587.3721
8000000	69000000	662.9523
9000000	69000000	751.0371
10000000	69000000	1016.3394
11000000	69000000	950.5886
12000000	69000000	764.2804
13000000	69000000	934.79755
14000000	69000000	957.89905
15000000	69000000	1084.8462
16000000	69000000	916.02997
17000000	69000000	1155.732
18000000	69000000	1153.607
19000000	69000000	1010.2142
20000000	69000000	1165.1848
21000000	69000000	1003.033
22000000	69000000	1450.724
23000000	69000000	1353.9615
24000000	69000000	1340.7808
25000000	69000000	1503.007
26000000	69000000	1517.8982
27000000	69000000	1471.833
28000000	69000000	1445.0924
29000000	69000000	1490.4896
30000000	69000000	1629.0054
31000000	69000000	1656.0676
32000000	69000000	1726.8802
33000000	69000000	1793.5631
34000000	69000000	1943.1681
35000000	69000000	2359.11
36000000	69000000	2350.0608
37000000	69000000	2137.6975
38000000	69000000	1912.891
39000000	69000000	1612.4873
40000000	69000000	2242.4573
41000000	69000000	2488.6912
42000000	69000000	2946.9956
43000000	69000000	2448.6956
44000000	69000000	2455.6394
45000000	69000000	2296.9607
46000000	69000000	2535.8713
47000000	69000000	2910.2131
48000000	69000000	2898.3752
49000000	69000000	1324.7981
52000000	69000000	3084.7517
53000000	69000000	3449.769
54000000	69000000	3545.103
55000000	69000000	3369.1829
56000000	69000000	4138.6455
57000000	69000000	4518.036
58000000	69000000	4409.162
59000000	69000000	4725.4844
60000000	69000000	5019.806
61000000	69000000	5216.1157
62000000	69000000	5681.9585
63000000	69000000	6196.316
64000000	69000000	7660.675
65000000	69000000	11061.6455
66000000	69000000	13302.822
67000000	69000000	20008.314
68000000	69000000	76189.84
69000000	69000000	436858.3
0	70000000	536.368
1000000	70000000	380.72275
2000000	70000000	420.6693
3000000	70000000	468.51428
4000000	70000000	678.85486
5000000	70000000	667.971
6000000	70000000	596.74817
7000000	70000000	579.8916
8000000	70000000	604.40784
9000000	70000000	655.6114
10000000	70000000	765.3547
11000000	70000000	907.0439
12000000	70000000	938.70667
13000000	70000000	921.2293
14000000	70000000	926.3003
15000000	70000000	878.6742
16000000	70000000	992.9017
17000000	70000000	1027.9166
18000000	70000000	1212.8179
19000000	70000000	1206.5907
20000000	70000000	1346.7427
21000000	70000000	1211.0955
22000000	70000000	1242.6761
23000000	70000000	1431.6658
24000000	70000000	1265.8789
25000000	70000000	1209.4083
26000000	70000000	1154.1654
27000000	70000000	1589.5093
28000000	70000000	1577.1484
29000000	70000000	1678.6141
30000000	70000000	1782.1492
31000000	70000000	1831.582
32000000	70000000	2021.9469
33000000	70000000	1984.5477
34000000	70000000	2238.729
35000000	70000000	2382.877
36000000	70000000	1780.7614
37000000	70000000	1783.7175
38000000	70000000	1041.5452
39000000	70000000	894.3356
40000000	70000000	1498.0984
41000000	70000000	2294.6765
42000000	70000000	2533.9187
43000000	70000000	2626.5344
44000000	70000000	2852.5842
45000000	70000000	2663.9165
46000000	70000000	2879.0598
47000000	70000000	2550.4338
48000000	70000000	1904.2574
49000000	70000000	1262.6692
52000000	70000000	2808.9705
53000000	70000000	3145.1904
54000000	70000000	2637.3093
55000000	70000000	3665.5693
56000000	70000000	3623.0857
57000000	70000000	3663.3604
58000000	70000000	4745.1914
59000000	70000000	4767.2197
60000000	70000000	5396.159
61000000	70000000	6073.6094
62000000	70000000	6291.067
63000000	70000000	6695.45
64000000	70000000	7736.5586
65000000	70000000	10965.632
66000000	70000000	12536.76
67000000	70000000	17334.879
68000000	70000000	30671.055
69000000	70000000	109665.36
70000000	70000000	409376.56
0	71000000	805.0229
1000000	71000000	749.9308
2000000	71000000	988.27795
3000000	71000000	763.5513
4000000	71000000	978.6193
5000000	71000000	664.7311
6000000	71000000	988.3274
7000000	71000000	749.1032
8000000	71000000	879.88983
9000000	71000000	788.4417
10000000	71000000	1064.4915
11000000	71000000	819.9264
12000000	71000000	680.9061
13000000	71000000	908.93506
14000000	71000000	949.39185
15000000	71000000	1095.6082
16000000	71000000	932.6962
17000000	71000000	1216.2622
18000000	71000000	996.5453
19000000	71000000	793.0769
20000000	71000000	973.76483
21000000	71000000	889.5673
22000000	71000000	1224.4003
23000000	71000000	1125.1328
24000000	71000000	1335.428
25000000	71000000	1665.9955
26000000	71000000	1776.1824
27000000	71000000	1347.2035
28000000	71000000	1166.3478
29000000	71000000	1169.4095
30000000	71000000	1358.3704
31000000	71000000	1394.8295
32000000	71000000	1489.4895
33000000	71000000	1489.1333
34000000	71000000	1608.1488
35000000	71000000	1864.4008
36000000	71000000	2303.751
37000000	71000000	2255.9812
38000000	71000000	2204.4998
39000000	71000000	2240.4797
40000000	71000000	3007.334
41000000	71000000	2542.289
42000000	71000000	3166.5984
43000000	71000000	2142.486
44000000	71000000	2151.272
45000000	71000000	1791.4066
46000000	71000000	2115.7188
47000000	71000000	2923.693
48000000	71000000	3426.1106
49000000	71000000	1026.2144
52000000	71000000	2701.0347
53000000	71000000	3524.1775
54000000	71000000	3630.0308
55000000	71000000	3111.6538
56000000	71000000	4172.838
57000000	71000000	4852.8364
58000000	71000000	3789.7856
59000000	71000000	3610.6714
60000000	71000000	4141.4736
61000000	71000000	4222.6436
62000000	71000000	4574.123
63000000	71000000	4629.471
64000000	71000000	5610.03
65000000	71000000	7072.6973
66000000	71000000	7942.792
67000000	71000000	9946.213
68000000	71000000	18245.46
69000000	71000000	29667.277
70000000	71000000	82346.57
71000000	71000000	420583.7
0	72000000	582.8759
1000000	72000000	418.22287
2000000	72000000	476.17407
3000000	72000000	500.92578
4000000	72000000	834.34265
5000000	72000000	834.9115
6000000	72000000	648.8394
7000000	72000000	675.39575
8000000	72000000	760.9306
9000000	72000000	764.9295
10000000	72000000	876.606
11000000	72000000	923.12115
12000000	72000000	982.5412
13000000	72000000	1020.4407
14000000	72000000	1011.9277
15000000	72000000	925.73486
16000000	72000000	1095.3265
17000000	72000000	1151.8295
18000000	72000000	1288.6918
19000000	72000000	1246.8945
20000000	72000000	1337.7423
21000000	72000000	1367.0658
22000000	72000000	1314.5732
23000000	72000000	1549.0896
24000000	72000000	1523.6388
25000000	72000000	1357.1527
26000000	72000000	1311.5067
27000000	72000000	1666.6775
28000000	72000000	1659.5767
29000000	72000000	1676.0836
30000000	72000000	1720.5071
31000000	72000000	1868.7908
32000000	72000000	1968.1011
33000000	72000000	2002.2135
34000000	72000000	2101.2644
35000000	72000000	2240.205
36000000	72000000	1769.0177
37000000	72000000	1811.8163
38000000	72000000	1070.6707
39000000	72000000	893.9124
40000000	72000000	1517.7694
41000000	72000000	2350.6592
42000000	72000000	2552.1348
43000000	72000000	2667.286
44000000	72000000	2648.814
45000000	72000000	2563.157
46000000	72000000	2670.5776
47000000	72000000	2397.9502
48000000	72000000	1928.7415
49000000	72000000	1438.1888
52000000	72000000	2924.4976
53000000	72000000	3310.2822
54000000	72000000	2751.2112
55000000	72000000	3935.8967
56000000	72000000	3640.6685
57000000	72000000	3763.0085
58000000	72000000	4994.2812
59000000	72000000	4763.675
60000000	72000000	5010.605
61000000	72000000	5716.9883
62000000	72000000	5857.8633
63000000	72000000	6157.3096
64000000	72000000	6995.5464
65000000	72000000	8623.496
66000000	72000000	9599.546
67000000	72000000	11501.386
68000000	72000000	13137.361
69000000	72000000	15948.679
70000000	72000000	32251.836
71000000	72000000	100256.086
72000000	72000000	405442.75
0	73000000	663.1798
1000000	73000000	494.77362
2000000	73000000	537.96045
3000000	73000000	600.2028
4000000	73000000	841.36743
5000000	73000000	851.5633
6000000	73000000	706.7628
7000000	73000000	635.29694
8000000	73000000	769.09125
9000000	73000000	758.3739
10000000	73000000	841.451
11000000	73000000	1029.2847
12000000	73000000	946.4631
13000000	73000000	993.6589
14000000	73000000	982.913
15000000	73000000	1029.3752
16000000	73000000	1123.0262
17000000	73000000	1171.2177
18000000	73000000	1315.5022
19000000	73000000	1255.6136
20000000	73000000	1312.6396
21000000	73000000	1406.5193
22000000	73000000	1338.6428
23000000	73000000	1446.7477
24000000	73000000	1558.663
25000000	73000000	1415.2792
26000000	73000000	1357.0631
27000000	73000000	1660.0596
28000000	73000000	1713.6866
29000000	73000000	1592.2332
30000000	73000000	1768.2826
31000000	73000000	1855.1271
32000000	73000000	1989.6256
33000000	73000000	2043.5024
34000000	73000000	2200.5535
35000000	73000000	2147.8635
36000000	73000000	1731.3599
37000000	73000000	1742.2277
38000000	73000000	1138.7335
39000000	73000000	1002.645
40000000	73000000	1495.796
41000000	73000000	2188.0388
42000000	73000000	2535.2156
43000000	73000000	2535.5212
44000000	73000000	2617.0305
45000000	73000000	2484.5771
46000000	73000000	2636.7166
47000000	73000000	2511.4663
48000000	73000000	2117.3975
49000000	73000000	1466.8727
52000000	73000000	3090.8503
53000000	73000000	3438.0874
54000000	73000000	2876.4402
55000000	73000000	3884.0825
56000000	73000000	3717.9456
57000000	73000000	4186.491
58000000	73000000	5030.8315
59000000	73000000	4705.8228
60000000	73000000	5126.484
61000000	73000000	5668.371
62000000	73000000	5929.6426
63000000	73000000	6263.214
64000000	73000000	6901.0845
65000000	73000000	8365.383
66000000	73000000	8907.888
67000000	73000000	10516.919
68000000	73000000	12022.257
69000000	73000000	12598.019
70000000	73000000	19386.656
71000000	73000000	33397.027
72000000	73000000	97075.375
73000000	73000000	384967.0
0	74000000	723.059
1000000	74000000	672.63544
2000000	74000000	893.4233
3000000	74000000	862.41364
4000000	74000000	1154.8079
5000000	74000000	845.64105
6000000	74000000	1046.0685
7000000	74000000	804.33307
8000000	74000000	955.22675
9000000	74000000	899.1392
10000000	74000000	1069.9977
11000000	74000000	897.4563
12000000	74000000	619.82306
13000000	74000000	911.7598
14000000	74000000	926.7655
15000000	74000000	1081.129
16000000	74000000	980.1748
17000000	74000000	1167.7112
18000000	74000000	952.77576
19000000	74000000	845.7081
20000000	74000000	1129.9028
21000000	74000000	1023.36035
22000000	74000000	1184.3053
23000000	74000000	1189.6512
24000000	74000000	1417.047
25000000	74000000	1702.6849
26000000	74000000	1699.3159
27000000	74000000	1352.9927
28000000	74000000	1227.507
29000000	74000000	1263.252
30000000	74000000	1438.6827
31000000	74000000	1442.4949
32000000	74000000	1543.7241
33000000	74000000	1491.235
34000000	74000000	1620.1472
35000000	74000000	1825.3452
36000000	74000000	2049.7383
37000000	74000000	2110.7124
38000000	74000000	1859.8424
39000000	74000000	1788.7048
40000000	74000000	2545.8135
41000000	74000000	2746.743
42000000	74000000	2899.6816
43000000	74000000	2025.7782
44000000	74000000	2071.9507
45000000	74000000	1859.5851
46000000	74000000	2157.6858
47000000	74000000	2751.2202
48000000	74000000	2897.491
49000000	74000000	1191.306
52000000	74000000	2516.8152
53000000	74000000	3287.0322
54000000	74000000	3511.4211
55000000	74000000	3358.925
56000000	74000000	4189.0337
57000000	74000000	4989.269
58000000	74000000	3896.5723
59000000	74000000	3648.3787
60000000	74000000	4192.56
61000000	74000000	4266.675
62000000	74000000	4616.7847
63000000	74000000	4742.642
64000000	74000000	5233.7656
65000000	74000000	6045.2534
66000000	74000000	6239.31
67000000	74000000	7064.959
68000000	74000000	9932.929
69000000	74000000	9853.516
70000000	74000000	10879.599
71000000	74000000	18567.94
72000000	74000000	22857.309
73000000	74000000	91802.336
74000000	74000000	422500.22
0	75000000	730.0372
1000000	75000000	744.9802
2000000	75000000	867.4832
3000000	75000000	882.8581
4000000	75000000	1229.1251
5000000	75000000	1085.9685
6000000	75000000	1082.2991
7000000	75000000	906.2251
8000000	75000000	1044.6587
9000000	75000000	874.51624
10000000	75000000	1053.6768
11000000	75000000	869.46204
12000000	75000000	714.32385
13000000	75000000	882.1264
14000000	75000000	928.40955
15000000	75000000	1043.8093
16000000	75000000	944.98016
17000000	75000000	1197.4515
18000000	75000000	1051.5902
19000000	75000000	913.0197
20000000	75000000	1039.0051
21000000	75000000	1049.2898
22000000	75000000	1167.2037
23000000	75000000	1214.7958
24000000	75000000	1436.8538
25000000	75000000	1724.9822
26000000	75000000	1694.8435
27000000	75000000	1422.3805
28000000	75000000	1207.931
29000000	75000000	1243.3542
30000000	75000000	1423.386
31000000	75000000	1372.2164
32000000	75000000	1431.7812
33000000	75000000	1451.6292
34000000	75000000	1567.8956
35000000	75000000	1726.4669
36000000	75000000	1958.7284
37000000	75000000	2069.2834
38000000	75000000	1856.8684
39000000	75000000	1602.7603
40000000	75000000	2489.555
41000000	75000000	2764.9207
42000000	75000000	2872.565
43000000	75000000	1984.4261
44000000	75000000	1920.3365
45000000	75000000	1797.7864
46000000	75000000	2052.9187
47000000	75000000	2588.9038
48000000	75000000	2765.336
49000000	75000000	1399.1501
52000000	75000000	2669.5125
53000000	75000000	3368.5889
54000000	75000000	3556.9822
55000000	75000000	3559.15
56000000	75000000	4029.2944
57000000	75000000	4633.404
58000000	75000000	3943.814
59000000	75000000	3622.8386
60000000	75000000	3710.4275
61000000	75000000	4023.1152
62000000	75000000	4600.2046
63000000	75000000	4314.787
64000000	75000000	4941.1504
65000000	75000000	5433.4385
66000000	75000000	5698.569
67000000	75000000	6222.728
68000000	75000000	7617.289
69000000	75000000	7552.3486
70000000	75000000	8144.513
71000000	75000000	11142.211
72000000	75000000	12807.746
73000000	75000000	23577.098
74000000	75000000	79905.0
75000000	75000000	405258.12
0	76000000	1063.2224
1000000	76000000	1205.5315
2000000	76000000	1663.9187
3000000	76000000	1494.4845
4000000	76000000	1560.5627
5000000	76000000	1227.2094
6000000	76000000	1650.659
7000000	76000000	1224.9424
8000000	76000000	1408.0342
9000000	76000000	1012.1151
10000000	76000000	1171.2811
11000000	76000000	858.22363
12000000	76000000	572.5223
13000000	76000000	850.5168
14000000	76000000	921.48334
15000000	76000000	1177.8398
16000000	76000000	948.1652
17000000	76000000	1306.9796
18000000	76000000	933.2052
19000000	76000000	760.6636
20000000	76000000	921.4932
21000000	76000000	776.5267
22000000	76000000	1113.2849
23000000	76000000	1008.44147
24000000	76000000	1509.4294
25000000	76000000	2224.5676
26000000	76000000	1997.9794
27000000	76000000	1207.9891
28000000	76000000	902.8307
29000000	76000000	1005.61456
30000000	76000000	1105.2642
31000000	76000000	1135.3337
32000000	76000000	1173.0835
33000000	76000000	1213.5355
34000000	76000000	1186.5957
35000000	76000000	1363.6873
36000000	76000000	1963.6476
37000000	76000000	2369.8616
38000000	76000000	2517.5095
39000000	76000000	2917.7122
40000000	76000000	3393.3137
41000000	76000000	3102.7603
42000000	76000000	3125.8577
43000000	76000000	1575.129
44000000	76000000	1527.3915
45000000	76000000	1402.2405
46000000	76000000	1625.8815
47000000	76000000	2777.873
48000000	76000000	3845.1873
49000000	76000000	1165.3439
52000000	76000000	2550.4692
53000000	76000000	3489.7478
54000000	76000000	4333.302
55000000	76000000	3415.6687
56000000	76000000	4551.4
57000000	76000000	6397.21
58000000	76000000	3290.3347
59000000	76000000	2804.9202
60000000	76000000	3101.9727
61000000	76000000	3069.0803
62000000	76000000	3440.3591
63000000	76000000	3477.2449
64000000	76000000	3571.1052
65000000	76000000	4055.974
66000000	76000000	4096.1055
67000000	76000000	4435.1274
68000000	76000000	6935.1177
69000000	76000000	6177.8657
70000000	76000000	5564.3257
71000000	76000000	9422.428
72000000	76000000	8158.7397
73000000	76000000	12947.6455
74000000	76000000	26266.234
75000000	76000000	126168.914
76000000	76000000	411771.53
0	77000000	995.8019
1000000	77000000	1221.3859
2000000	77000000	1572.6438
3000000	77000000	1625.2169
4000000	77000000	1823.3826
5000000	77000000	1402.9318
6000000	77000000	1795.7286
7000000	77000000	1623.532
8000000	77000000	1561.4746
9000000	77000000	1138.0178
10000000	77000000	1236.3898
11000000	77000000	865.2749
12000000	77000000	535.8965
13000000	77000000	844.2921
14000000	77000000	820.0222
15000000	77000000	1127.8195
16000000	77000000	1091.8384
17000000	77000000	1227.8942
18000000	77000000	870.65674
19000000	77000000	706.88684
20000000	77000000	942.40717
21000000	77000000	842.4656
22000000	77000000	954.42975
23000000	77000000	1009.78094
24000000	77000000	1646.7423
25000000	77000000	2223.1328
26000000	77000000	1846.6239
27000000	77000000	1238.2959
28000000	77000000	952.665
29000000	77000000	919.042
30000000	77000000	1034.9618
31000000	77000000	1066.3021
32000000	77000000	1068.213
33000000	77000000	1091.0969
34000000	77000000	1094.2101
35000000	77000000	1249.8539
36000000	77000000	1765.8502
37000000	77000000	2183.1685
38000000	77000000	2265.8496
39000000	77000000	2398.0403
40000000	77000000	3170.0493
41000000	77000000	3388.339
42000000	77000000	2935.9917
43000000	77000000	1506.7777
44000000	77000000	1531.353
45000000	77000000	1356.5692
46000000	77000000	1654.3942
47000000	77000000	2501.7837
48000000	77000000	3078.3394
49000000	77000000	1271.8652
52000000	77000000	2421.7131
53000000	77000000	3482.5046
54000000	77000000	3796.475
55000000	77000000	3654.0115
56000000	77000000	4486.9604
57000000	77000000	5821.8906
58000000	77000000	3551.2993
59000000	77000000	2617.6675
60000000	77000000	3008.3252
61000000	77000000	3095.2183
62000000	77000000	3474.9705
63000000	77000000	3498.2134
64000000	77000000	3663.3975
65000000	77000000	3884.7166
66000000	77000000	3959.2793
67000000	77000000	4267.668
68000000	77000000	5548.2363
69000000	77000000	4833.99
70000000	77000000	4659.507
71000000	77000000	7017.0977
72000000	77000000	6473.7563
73000000	77000000	8220.506
74000000	77000000	13734.931
75000000	77000000	22463.959
76000000	77000000	79903.55
77000000	77000000	448564.1
0	78000000	926.06335
1000000	78000000	992.7731
2000000	78000000	1174.8134
3000000	78000000	1367.6759
4000000	78000000	1645.5686
5000000	78000000	1405.6936
6000000	78000000	1563.1401
7000000	78000000	1474.2384
8000000	78000000	1539.8649
9000000	78000000	1152.6583
10000000	78000000	1170.7104
11000000	78000000	940.106
12000000	78000000	710.20044
13000000	78000000	924.7246
14000000	78000000	896.3072
15000000	78000000	1176.7933
16000000	78000000	1085.6786
17000000	78000000	1235.3856
18000000	78000000	973.431
19000000	78000000	811.8245
20000000	78000000	1036.4663
21000000	78000000	937.5449
22000000	78000000	1152.5247
23000000	78000000	1125.3508
24000000	78000000	1690.8315
25000000	78000000	2042.917
26000000	78000000	1844.4532
27000000	78000000	1291.4088
28000000	78000000	1029.2933
29000000	78000000	1063.4569
30000000	78000000	1165.127
31000000	78000000	1207.2113
32000000	78000000	1229.2273
33000000	78000000	1182.7035
34000000	78000000	1288.6626
35000000	78000000	1362.3612
36000000	78000000	1731.6775
37000000	78000000	2126.6865
38000000	78000000	1815.7285
39000000	78000000	1905.4684
40000000	78000000	2538.5513
41000000	78000000	3171.2898
42000000	78000000	2823.2065
43000000	78000000	1687.8519
44000000	78000000	1749.1536
45000000	78000000	1506.4553
46000000	78000000	1780.7097
47000000	78000000	2466.938
48000000	78000000	2773.9153
49000000	78000000	1684.3088
52000000	78000000	2742.805
53000000	78000000	3571.3264
54000000	78000000	3795.198
55000000	78000000	4033.686
56000000	78000000	4449.1147
57000000	78000000	5341.492
58000000	78000000	3842.177
59000000	78000000	3082.6711
60000000	78000000	3323.7358
61000000	78000000	3357.0637
62000000	78000000	3751.2258
63000000	78000000	3750.0999
64000000	78000000	3895.4226
65000000	78000000	4137.6753
66000000	78000000	4275.5015
67000000	78000000	4573.688
68000000	78000000	5634.791
69000000	78000000	4738.6455
70000000	78000000	4821.599
71000000	78000000	6235.94
72000000	78000000	6435.943
73000000	78000000	7849.2163
74000000	78000000	11061.272
75000000	78000000	15459.861
76000000	78000000	27194.568
77000000	78000000	101165.0
78000000	78000000	389157.25
0	79000000	742.269
1000000	79000000	808.6023
2000000	79000000	994.937
3000000	79000000	933.8854
4000000	79000000	1150.5709
5000000	79000000	904.01935
6000000	79000000	1091.7091
7000000	79000000	931.67035
8000000	79000000	974.7308
9000000	79000000	923.1032
10000000	79000000	1046.8715
11000000	79000000	829.01227
12000000	79000000	605.9296
13000000	79000000	835.1392
14000000	79000000	829.5518
15000000	79000000	1061.9208
16000000	79000000	923.9013
17000000	79000000	1098.6152
18000000	79000000	871.43774
19000000	79000000	689.0639
20000000	79000000	880.8584
21000000	79000000	773.2893
22000000	79000000	1142.0295
23000000	79000000	1021.819
24000000	79000000	1311.474
25000000	79000000	1571.7183
26000000	79000000	1583.0134
27000000	79000000	1210.2147
28000000	79000000	1012.72577
29000000	79000000	999.352
30000000	79000000	1030.3363
31000000	79000000	1117.9241
32000000	79000000	1093.9727
33000000	79000000	1196.6968
34000000	79000000	1138.2466
35000000	79000000	1331.1669
36000000	79000000	1810.7053
37000000	79000000	1926.9521
38000000	79000000	1881.1512
39000000	79000000	1875.5483
40000000	79000000	2746.5762
41000000	79000000	2479.1194
42000000	79000000	2654.1814
43000000	79000000	1541.0211
44000000	79000000	1544.4125
45000000	79000000	1295.44
46000000	79000000	1570.0939
47000000	79000000	2361.6003
48000000	79000000	2708.4375
49000000	79000000	1044.6719
52000000	79000000	2119.1196
53000000	79000000	2960.3086
54000000	79000000	3170.3308
55000000	79000000	2875.643
56000000	79000000	3522.1038
57000000	79000000	4096.2993
58000000	79000000	3159.3735
59000000	79000000	2855.4626
60000000	79000000	3031.0085
61000000	79000000	3140.479
62000000	79000000	3434.4114
63000000	79000000	3439.6401
64000000	79000000	3713.8057
65000000	79000000	4028.2195
66000000	79000000	4016.4426
67000000	79000000	4234.9966
68000000	79000000	5387.656
69000000	79000000	4743.1763
70000000	79000000	4421.7715
71000000	79000000	6096.904
72000000	79000000	5388.3438
73000000	79000000	6336.0044
74000000	79000000	8643.481
75000000	79000000	10610.639
76000000	79000000	13078.064
77000000	79000000	20450.459
78000000	79000000	89265.36
79000000	79000000	429318.6
0	80000000	577.817
1000000	80000000	408.56348
2000000	80000000	506.70004
3000000	80000000	584.2002
4000000	80000000	825.11304
5000000	80000000	773.88184
6000000	80000000	653.46014
7000000	80000000	632.15424
8000000	80000000	676.46594
9000000	80000000	629.3527
10000000	80000000	763.08203
11000000	80000000	866.10376
12000000	80000000	797.167
13000000	80000000	879.73224
14000000	80000000	921.86554
15000000	80000000	853.39185
16000000	80000000	964.1551
17000000	80000000	996.65247
18000000	80000000	1151.0238
19000000	80000000	1063.8899
20000000	80000000	1152.3688
21000000	80000000	1151.5577
22000000	80000000	1151.559
23000000	80000000	1259.0715
24000000	80000000	1200.4822
25000000	80000000	1171.4584
26000000	80000000	1168.3232
27000000	80000000	1375.1846
28000000	80000000	1340.0087
29000000	80000000	1402.3862
30000000	80000000	1419.018
31000000	80000000	1481.3386
32000000	80000000	1612.9478
33000000	80000000	1612.0627
34000000	80000000	1679.3647
35000000	80000000	1760.9781
36000000	80000000	1460.3141
37000000	80000000	1491.5842
38000000	80000000	1041.8508
39000000	80000000	902.0999
40000000	80000000	1471.7975
41000000	80000000	2086.0896
42000000	80000000	2163.1387
43000000	80000000	2206.9675
44000000	80000000	2054.8438
45000000	80000000	1986.2527
46000000	80000000	2217.0085
47000000	80000000	2024.582
48000000	80000000	1728.001
49000000	80000000	1187.8517
52000000	80000000	2300.7876
53000000	80000000	2720.9995
54000000	80000000	2368.803
55000000	80000000	3158.3206
56000000	80000000	3026.258
57000000	80000000	3077.3235
58000000	80000000	3964.1208
59000000	80000000	4033.4458
60000000	80000000	4220.5996
61000000	80000000	4719.566
62000000	80000000	4871.451
63000000	80000000	4885.3545
64000000	80000000	5043.818
65000000	80000000	5752.5303
66000000	80000000	5721.2935
67000000	80000000	5865.2803
68000000	80000000	5501.447
69000000	80000000	5007.6553
70000000	80000000	6021.243
71000000	80000000	5355.779
72000000	80000000	6582.7905
73000000	80000000	7694.3223
74000000	80000000	7647.6367
75000000	80000000	8502.628
76000000	80000000	8339.387
77000000	80000000	11716.338
78000000	80000000	30002.35
79000000	80000000	88636.84
80000000	80000000	392017.16
0	81000000	636.3783
1000000	81000000	476.67776
2000000	81000000	622.45447
3000000	81000000	586.51465
4000000	81000000	888.19257
5000000	81000000	729.4142
6000000	81000000	793.1432
7000000	81000000	670.97943
8000000	81000000	711.78284
9000000	81000000	744.32983
10000000	81000000	891.60297
11000000	81000000	808.7799
12000000	81000000	672.8342
13000000	81000000	858.72595
14000000	81000000	784.2731
15000000	81000000	857.63495
16000000	81000000	783.03656
17000000	81000000	1011.4044
18000000	81000000	932.8339
19000000	81000000	761.303
20000000	81000000	959.8837
21000000	81000000	886.0012
22000000	81000000	1000.2052
23000000	81000000	1076.2358
24000000	81000000	1154.6345
25000000	81000000	1309.1211
26000000	81000000	1385.6134
27000000	81000000	1162.8694
28000000	81000000	1093.3485
29000000	81000000	1117.3627
30000000	81000000	1221.76
31000000	81000000	1212.4905
32000000	81000000	1233.5503
33000000	81000000	1272.3033
34000000	81000000	1298.9263
35000000	81000000	1443.0756
36000000	81000000	1725.7961
37000000	81000000	1606.495
38000000	81000000	1396.0565
39000000	81000000	1258.5253
40000000	81000000	2023.0117
41000000	81000000	2088.6028
42000000	81000000	2377.722
43000000	81000000	1723.5123
44000000	81000000	1729.3534
45000000	81000000	1549.4873
46000000	81000000	1779.1038
47000000	81000000	2095.275
48000000	81000000	2235.6711
49000000	81000000	1062.7997
52000000	81000000	2094.6226
53000000	81000000	2755.3142
54000000	81000000	2747.6262
55000000	81000000	2759.3196
56000000	81000000	3037.4436
57000000	81000000	3405.2244
58000000	81000000	3257.4675
59000000	81000000	3248.2397
60000000	81000000	3357.8042
61000000	81000000	3614.011
62000000	81000000	3796.1875
63000000	81000000	3879.4119
64000000	81000000	4144.645
65000000	81000000	4446.5635
66000000	81000000	4664.138
67000000	81000000	4752.646
68000000	81000000	5101.426
69000000	81000000	4532.832
70000000	81000000	4840.245
71000000	81000000	5260.1255
72000000	81000000	5177.802
73000000	81000000	6012.4395
74000000	81000000	6952.605
75000000	81000000	7845.1523
76000000	81000000	8357.791
77000000	81000000	11013.731
78000000	81000000	20489.857
79000000	81000000	39889.473
80000000	81000000	98503.41
81000000	81000000	422930.97
0	82000000	555.9157
1000000	82000000	513.73236
2000000	82000000	562.99896
3000000	82000000	734.95465
4000000	82000000	1102.0831
5000000	82000000	1061.9524
6000000	82000000	886.1162
7000000	82000000	935.37335
8000000	82000000	998.0515
9000000	82000000	933.7334
10000000	82000000	836.1361
11000000	82000000	922.7699
12000000	82000000	863.42456
13000000	82000000	893.3505
14000000	82000000	788.6467
15000000	82000000	843.17224
16000000	82000000	1134.8684
17000000	82000000	998.2031
18000000	82000000	1087.7649
19000000	82000000	1009.0344
20000000	82000000	1191.6857
21000000	82000000	1150.4822
22000000	82000000	1146.7657
23000000	82000000	1296.5452
24000000	82000000	1507.3947
25000000	82000000	1483.3348
26000000	82000000	1212.6147
27000000	82000000	1381.1943
28000000	82000000	1258.3397
29000000	82000000	1224.6165
30000000	82000000	1306.2064
31000000	82000000	1346.8055
32000000	82000000	1433.6447
33000000	82000000	1407.3673
34000000	82000000	1544.0443
35000000	82000000	1570.0828
36000000	82000000	1309.5082
37000000	82000000	1447.5209
38000000	82000000	974.17487
39000000	82000000	833.4699
40000000	82000000	1425.3358
41000000	82000000	2478.8174
42000000	82000000	2405.6384
43000000	82000000	1946.7988
44000000	82000000	2038.6932
45000000	82000000	1876.0742
46000000	82000000	2184.8164
47000000	82000000	2041.7762
48000000	82000000	1748.4518
49000000	82000000	1358.0476
52000000	82000000	2396.5903
53000000	82000000	3150.1052
54000000	82000000	2524.5586
55000000	82000000	4040.5244
56000000	82000000	3455.109
57000000	82000000	3866.8013
58000000	82000000	4519.6543
59000000	82000000	3612.1992
60000000	82000000	3808.0435
61000000	82000000	4278.4253
62000000	82000000	4666.359
63000000	82000000	4391.8755
64000000	82000000	4470.3853
65000000	82000000	5063.203
66000000	82000000	5094.106
67000000	82000000	5615.139
68000000	82000000	5126.6934
69000000	82000000	4192.075
70000000	82000000	5124.4595
71000000	82000000	4722.8433
72000000	82000000	6041.711
73000000	82000000	6704.549
74000000	82000000	6587.645
75000000	82000000	7661.392
76000000	82000000	7696.524
77000000	82000000	11270.173
78000000	82000000	17012.6
79000000	82000000	20540.201
80000000	82000000	33980.77
81000000	82000000	77959.68
82000000	82000000	397155.66
0	83000000	939.5712
1000000	83000000	1168.6298
2000000	83000000	1521.5225
3000000	83000000	1501.8909
4000000	83000000	1470.7124
5000000	83000000	1002.5087
6000000	83000000	1568.3153
7000000	83000000	1224.7015
8000000	83000000	1303.6688
9000000	83000000	996.37683
10000000	83000000	1104.3107
11000000	83000000	770.18005
12000000	83000000	530.0399
13000000	83000000	769.4048
14000000	83000000	819.0124
15000000	83000000	1073.399
16000000	83000000	950.97925
17000000	83000000	1244.7324
18000000	83000000	815.5424
19000000	83000000	658.4699
20000000	83000000	903.10126
21000000	83000000	734.26227
22000000	83000000	970.0052
23000000	83000000	945.8785
24000000	83000000	1544.0911
25000000	83000000	2048.3606
26000000	83000000	1694.1173
27000000	83000000	1050.8121
28000000	83000000	779.82935
29000000	83000000	750.4602
30000000	83000000	885.2329
31000000	83000000	913.1578
32000000	83000000	940.7243
33000000	83000000	924.8416
34000000	83000000	958.2401
35000000	83000000	1133.9723
36000000	83000000	1572.0171
37000000	83000000	1875.3771
38000000	83000000	1919.8969
39000000	83000000	2444.1917
40000000	83000000	2692.0288
41000000	83000000	2625.66
42000000	83000000	2630.175
43000000	83000000	1389.2402
44000000	83000000	1422.8591
45000000	83000000	1238.8041
46000000	83000000	1440.9695
47000000	83000000	2343.194
48000000	83000000	3092.6116
49000000	83000000	1003.25775
52000000	83000000	2224.4492
53000000	83000000	3086.3735
54000000	83000000	3579.4668
55000000	83000000	3128.277
56000000	83000000	4435.014
57000000	83000000	6235.8003
58000000	83000000	3351.467
59000000	83000000	2433.659
60000000	83000000	2830.8318
61000000	83000000	2739.1125
62000000	83000000	3060.7031
63000000	83000000	2879.9827
64000000	83000000	2998.2761
65000000	83000000	3236.028
66000000	83000000	3396.741
67000000	83000000	3631.969
68000000	83000000	5518.722
69000000	83000000	4289.1865
70000000	83000000	3780.5295
71000000	83000000	5410.617
72000000	83000000	4324.425
73000000	83000000	5059.511
74000000	83000000	6619.611
75000000	83000000	7198.247
76000000	83000000	10679.792
77000000	83000000	12085.251
78000000	83000000	14509.545
79000000	83000000	14256.172
80000000	83000000	14352.071
81000000	83000000	23292.617
82000000	83000000	80870.04
83000000	83000000	399525.62
0	84000000	756.5026
1000000	84000000	822.87756
2000000	84000000	1083.3331
3000000	84000000	1069.9574
4000000	84000000	1160.8589
5000000	84000000	902.1422
6000000	84000000	1154.9438
7000000	84000000	933.99835
8000000	84000000	1009.2316
9000000	84000000	886.76917
10000000	84000000	1009.5122
11000000	84000000	809.0238
12000000	84000000	607.6797
13000000	84000000	841.7213
14000000	84000000	876.5017
15000000	84000000	1026.9728
16000000	84000000	988.7097
17000000	84000000	1125.9987
18000000	84000000	904.5973
19000000	84000000	734.8101
20000000	84000000	883.415
21000000	84000000	848.5706
22000000	84000000	1036.5957
23000000	84000000	974.59814
24000000	84000000	1290.3711
25000000	84000000	1681.9048
26000000	84000000	1556.5175
27000000	84000000	1120.7396
28000000	84000000	855.81274
29000000	84000000	868.5005
30000000	84000000	963.8323
31000000	84000000	1055.7357
32000000	84000000	960.271
33000000	84000000	1057.2433
34000000	84000000	1005.5859
35000000	84000000	1198.8639
36000000	84000000	1552.2413
37000000	84000000	1696.0721
38000000	84000000	1810.7131
39000000	84000000	2021.5206
40000000	84000000	2551.3972
41000000	84000000	2262.922
42000000	84000000	2529.8267
43000000	84000000	1514.9491
44000000	84000000	1541.9662
45000000	84000000	1327.1904
46000000	84000000	1563.7625
47000000	84000000	2228.342
48000000	84000000	2638.472
49000000	84000000	1129.823
52000000	84000000	2029.0022
53000000	84000000	3086.344
54000000	84000000	3370.3591
55000000	84000000	3048.2249
56000000	84000000	3775.2478
57000000	84000000	4581.914
58000000	84000000	3300.3928
59000000	84000000	2715.9211
60000000	84000000	3005.6353
61000000	84000000	3024.9287
62000000	84000000	3227.825
63000000	84000000	3078.8655
64000000	84000000	3468.684
65000000	84000000	3796.7395
66000000	84000000	3873.0796
67000000	84000000	4049.9788
68000000	84000000	5170.432
69000000	84000000	4290.1416
70000000	84000000	3937.5332
71000000	84000000	5187.3276
72000000	84000000	4475.611
73000000	84000000	5066.629
74000000	84000000	5958.8643
75000000	84000000	6245.8765
76000000	84000000	7587.9
77000000	84000000	8369.901
78000000	84000000	9584.901
79000000	84000000	10315.66
80000000	84000000	10193.92
81000000	84000000	13341.973
82000000	84000000	22849.08
83000000	84000000	109903.03
84000000	84000000	384112.72
0	85000000	511.29245
1000000	85000000	384.3701
2000000	85000000	409.62527
3000000	85000000	583.069
4000000	85000000	857.76697
5000000	85000000	996.74115
6000000	85000000	685.1957
7000000	85000000	801.59186
8000000	85000000	860.69006
9000000	85000000	856.8564
10000000	85000000	772.6659
11000000	85000000	937.6323
12000000	85000000	987.1724
13000000	85000000	959.62445
14000000	85000000	865.5622
15000000	85000000	817.8063
16000000	85000000	1139.467
17000000	85000000	1005.6175
18000000	85000000	1116.1578
19000000	85000000	1204.3503
20000000	85000000	1313.6246
21000000	85000000	1332.9889
22000000	85000000	1143.3142
23000000	85000000	1399.4314
24000000	85000000	1425.8811
25000000	85000000	1234.9907
26000000	85000000	1050.7546
27000000	85000000	1446.587
28000000	85000000	1424.936
29000000	85000000	1343.6608
30000000	85000000	1316.2405
31000000	85000000	1436.6478
32000000	85000000	1516.0706
33000000	85000000	1557.8214
34000000	85000000	1638.4697
35000000	85000000	1662.0166
36000000	85000000	1106.2219
37000000	85000000	1265.6918
38000000	85000000	711.5038
39000000	85000000	546.95514
40000000	85000000	1042.6276
41000000	85000000	2181.344
42000000	85000000	2020.6537
43000000	85000000	2281.8433
44000000	85000000	2183.9717
45000000	85000000	2127.7466
46000000	85000000	2379.8281
47000000	85000000	1826.1956
48000000	85000000	1350.7119
49000000	85000000	1443.4983
52000000	85000000	2423.6875
53000000	85000000	3043.2944
54000000	85000000	2274.9878
55000000	85000000	4139.625
56000000	85000000	3328.1567
57000000	85000000	3184.9753
58000000	85000000	4915.2534
59000000	85000000	4203.597
60000000	85000000	4339.568
61000000	85000000	5071.2363
62000000	85000000	5244.769
63000000	85000000	4977.291
64000000	85000000	5099.022
65000000	85000000	5991.4844
66000000	85000000	5974.5415
67000000	85000000	6455.1235
68000000	85000000	5236.7095
69000000	85000000	4252.31
70000000	85000000	5686.7817
71000000	85000000	4200.381
72000000	85000000	6007.035
73000000	85000000	6400.9346
74000000	85000000	5420.5913
75000000	85000000	5635.5874
76000000	85000000	4910.9976
77000000	85000000	6074.9385
78000000	85000000	7696.271
79000000	85000000	7758.6367
80000000	85000000	11679.17
81000000	85000000	11176.287
82000000	85000000	21671.312
83000000	85000000	22770.85
84000000	85000000	94357.54
85000000	85000000	370935.56
0	86000000	505.67993
1000000	86000000	471.1702
2000000	86000000	512.92596
3000000	86000000	566.74304
4000000	86000000	819.0273
5000000	86000000	727.63605
6000000	86000000	697.16437
7000000	86000000	652.68463
8000000	86000000	688.7473
9000000	86000000	702.78955
10000000	86000000	807.4248
11000000	86000000	871.6266
12000000	86000000	655.8849
13000000	86000000	777.9567
14000000	86000000	756.09406
15000000	86000000	880.2647
16000000	86000000	857.52106
17000000	86000000	946.7663
18000000	86000000	910.819
19000000	86000000	777.616
20000000	86000000	1053.8948
21000000	86000000	921.91473
22000000	86000000	1027.6013
23000000	86000000	1068.2535
24000000	86000000	1136.5526
25000000	86000000	1263.6091
26000000	86000000	1255.6357
27000000	86000000	1228.8057
28000000	86000000	1132.0201
29000000	86000000	1051.3827
30000000	86000000	1140.726
31000000	86000000	1176.8077
32000000	86000000	1232.9484
33000000	86000000	1209.5188
34000000	86000000	1343.9299
35000000	86000000	1502.5049
36000000	86000000	1414.1952
37000000	86000000	1424.6028
38000000	86000000	1151.284
39000000	86000000	987.1028
40000000	86000000	1687.115
41000000	86000000	1984.1378
42000000	86000000	2231.0403
43000000	86000000	1803.8167
44000000	86000000	1746.0143
45000000	86000000	1709.1134
46000000	86000000	1854.3322
47000000	86000000	1978.7656
48000000	86000000	1794.658
49000000	86000000	1074.9569
52000000	86000000	2189.0557
53000000	86000000	2802.5312
54000000	86000000	2559.557
55000000	86000000	3099.4749
56000000	86000000	3094.9043
57000000	86000000	3430.5815
58000000	86000000	3563.17
59000000	86000000	3260.4841
60000000	86000000	3534.614
61000000	86000000	3847.7249
62000000	86000000	4120.596
63000000	86000000	3919.7874
64000000	86000000	4075.2554
65000000	86000000	4635.973
66000000	86000000	4664.5923
67000000	86000000	5003.0317
68000000	86000000	5004.9043
69000000	86000000	4380.703
70000000	86000000	4851.324
71000000	86000000	4670.071
72000000	86000000	4982.0767
73000000	86000000	5175.5415
74000000	86000000	5182.6484
75000000	86000000	5467.501
76000000	86000000	5149.821
77000000	86000000	5720.142
78000000	86000000	6573.01
79000000	86000000	6988.4604
80000000	86000000	8409.218
81000000	86000000	8851.615
82000000	86000000	11990.936
83000000	86000000	12579.454
84000000	86000000	22563.3
85000000	86000000	63859.33
86000000	86000000	439272.78
0	87000000	615.4699
1000000	87000000	633.3911
2000000	87000000	880.0422
3000000	87000000	759.47437
4000000	87000000	849.42926
5000000	87000000	631.64
6000000	87000000	936.7558
7000000	87000000	687.6777
8000000	87000000	740.0022
9000000	87000000	706.51373
10000000	87000000	898.3392
11000000	87000000	683.14154
12000000	87000000	535.2496
13000000	87000000	678.5245
14000000	87000000	734.8023
15000000	87000000	909.489
16000000	87000000	702.7175
17000000	87000000	849.20905
18000000	87000000	674.901
19000000	87000000	567.8049
20000000	87000000	751.2244
21000000	87000000	678.95557
22000000	87000000	980.93726
23000000	87000000	789.93896
24000000	87000000	943.6397
25000000	87000000	1204.3094
26000000	87000000	1236.7324
27000000	87000000	960.51263
28000000	87000000	815.91895
29000000	87000000	830.0008
30000000	87000000	967.0684
31000000	87000000	905.74554
32000000	87000000	927.0962
33000000	87000000	1042.5535
34000000	87000000	1013.07635
35000000	87000000	1264.8173
36000000	87000000	1724.0985
37000000	87000000	1547.701
38000000	87000000	1669.035
39000000	87000000	1779.2913
40000000	87000000	2157.2402
41000000	87000000	1905.0061
42000000	87000000	1837.658
43000000	87000000	1290.264
44000000	87000000	1353.2574
45000000	87000000	1263.6343
46000000	87000000	1381.0543
47000000	87000000	1918.166
48000000	87000000	2214.1448
49000000	87000000	765.40497
52000000	87000000	1778.5555
53000000	87000000	2541.1624
54000000	87000000	2892.8955
55000000	87000000	2505.3894
56000000	87000000	3045.325
57000000	87000000	3757.4192
58000000	87000000	2915.5728
59000000	87000000	2755.93
60000000	87000000	3072.5562
61000000	87000000	2993.5486
62000000	87000000	3201.5054
63000000	87000000	3244.7744
64000000	87000000	3413.0532
65000000	87000000	3657.9644
66000000	87000000	3672.007
67000000	87000000	3888.739
68000000	87000000	4709.884
69000000	87000000	4566.4243
70000000	87000000	3741.426
71000000	87000000	4984.2124
72000000	87000000	4027.8499
73000000	87000000	4163.788
74000000	87000000	4905.8486
75000000	87000000	5063.1196
76000000	87000000	5278.695
77000000	87000000	5058.713
78000000	87000000	5635.292
79000000	87000000	6760.284
80000000	87000000	6245.492
81000000	87000000	7123.206
82000000	87000000	7796.5835
83000000	87000000	10661.175
84000000	87000000	15338.158
85000000	87000000	21217.13
86000000	87000000	58716.63
87000000	87000000	424309.78
0	88000000	568.0257
1000000	88000000	619.05554
2000000	88000000	796.50195
3000000	88000000	774.81006
4000000	88000000	1017.1842
5000000	88000000	727.8563
6000000	88000000	911.7468
7000000	88000000	776.7098
8000000	88000000	843.67303
9000000	88000000	685.1576
10000000	88000000	802.0485
11000000	88000000	639.5028
12000000	88000000	507.23727
13000000	88000000	688.0032
14000000	88000000	682.31964
15000000	88000000	804.0686
16000000	88000000	788.9536
17000000	88000000	937.0341
18000000	88000000	734.1901
19000000	88000000	607.47266
20000000	88000000	788.9875
21000000	88000000	784.67645
22000000	88000000	809.4168
23000000	88000000	821.3212
24000000	88000000	1049.3607
25000000	88000000	1296.8832
26000000	88000000	1194.8003
27000000	88000000	931.42566
28000000	88000000	787.84875
29000000	88000000	798.671
30000000	88000000	970.63495
31000000	88000000	896.69
32000000	88000000	991.97705
33000000	88000000	950.0583
34000000	88000000	1045.8285
35000000	88000000	1146.562
36000000	88000000	1404.8309
37000000	88000000	1507.4786
38000000	88000000	1269.0413
39000000	88000000	1356.1807
40000000	88000000	1849.9355
41000000	88000000	2065.9517
42000000	88000000	1964.0417
43000000	88000000	1293.062
44000000	88000000	1430.9424
45000000	88000000	1304.1578
46000000	88000000	1393.0284
47000000	88000000	1834.8933
48000000	88000000	2033.3585
49000000	88000000	933.39667
52000000	88000000	1993.851
53000000	88000000	2606.813
54000000	88000000	2759.568
55000000	88000000	2724.0354
56000000	88000000	3406.3364
57000000	88000000	4094.5188
58000000	88000000	3238.211
59000000	88000000	2708.1729
60000000	88000000	3214.7795
61000000	88000000	3126.728
62000000	88000000	3335.9136
63000000	88000000	3413.092
64000000	88000000	3648.6262
65000000	88000000	3816.8352
66000000	88000000	3820.3901
67000000	88000000	3913.3853
68000000	88000000	4647.686
69000000	88000000	3815.6587
70000000	88000000	3688.265
71000000	88000000	4266.553
72000000	88000000	3783.4211
73000000	88000000	3951.73
74000000	88000000	4710.043
75000000	88000000	4896.9355
76000000	88000000	5396.9717
77000000	88000000	5800.915
78000000	88000000	5992.822
79000000	88000000	5561.738
80000000	88000000	5566.943
81000000	88000000	5986.703
82000000	88000000	7426.954
83000000	88000000	9865.7295
84000000	88000000	12140.829
85000000	88000000	15226.052
86000000	88000000	25829.664
87000000	88000000	106329.86
88000000	88000000	377932.06
0	89000000	754.4935
1000000	89000000	693.39233
2000000	89000000	955.2245
3000000	89000000	862.74
4000000	89000000	1033.3643
5000000	89000000	646.69653
6000000	89000000	984.05914
7000000	89000000	718.6953
8000000	89000000	802.5903
9000000	89000000	727.5682
10000000	89000000	855.19855
11000000	89000000	621.23914
12000000	89000000	449.02847
13000000	89000000	658.93585
14000000	89000000	723.84546
15000000	89000000	861.3317
16000000	89000000	713.5985
17000000	89000000	897.55664
18000000	89000000	666.02716
19000000	89000000	542.35223
20000000	89000000	724.6653
21000000	89000000	697.04517
22000000	89000000	837.23627
23000000	89000000	768.8046
24000000	89000000	941.1019
25000000	89000000	1315.5796
26000000	89000000	1314.7625
27000000	89000000	871.6617
28000000	89000000	673.6336
29000000	89000000	728.383
30000000	89000000	808.48035
31000000	89000000	830.8148
32000000	89000000	821.67694
33000000	89000000	882.0271
34000000	89000000	863.227
35000000	89000000	1075.4631
36000000	89000000	1434.0061
37000000	89000000	1638.061
38000000	89000000	1594.9064
39000000	89000000	1764.8031
40000000	89000000	2259.8384
41000000	89000000	2027.4657
42000000	89000000	2219.4443
43000000	89000000	1160.3998
44000000	89000000	1221.7339
45000000	89000000	1061.3544
46000000	89000000	1229.1204
47000000	89000000	1894.425
48000000	89000000	2362.4255
49000000	89000000	783.05994
52000000	89000000	1832.3368
53000000	89000000	2698.0332
54000000	89000000	2978.199
55000000	89000000	2515.092
56000000	89000000	3370.8726
57000000	89000000	4145.4116
58000000	89000000	2742.5222
59000000	89000000	2469.0183
60000000	89000000	2738.075
61000000	89000000	2692.5066
62000000	89000000	2935.447
63000000	89000000	2992.1802
64000000	89000000	3066.5286
65000000	89000000	3204.5505
66000000	89000000	3237.5312
67000000	89000000	3279.714
68000000	89000000	4515.071
69000000	89000000	3707.454
70000000	89000000	3117.6711
71000000	89000000	4199.219
72000000	89000000	3349.1406
73000000	89000000	3618.0903
74000000	89000000	4718.364
75000000	89000000	4569.462
76000000	89000000	5551.205
77000000	89000000	5604.284
78000000	89000000	5754.684
79000000	89000000	5346.737
80000000	89000000	4560.55
81000000	89000000	5216.766
82000000	89000000	5859.402
83000000	89000000	8989.749
84000000	89000000	10014.141
85000000	89000000	9750.982
86000000	89000000	14743.547
87000000	89000000	26813.47
88000000	89000000	101239.305
89000000	89000000	424334.03
0	90000000	425.2541
1000000	90000000	382.39627
2000000	90000000	413.32922
3000000	90000000	432.36594
4000000	90000000	687.7931
5000000	90000000	617.6198
6000000	90000000	585.08496
7000000	90000000	517.4764
8000000	90000000	557.9286
9000000	90000000	577.44525
10000000	90000000	643.7037
11000000	90000000	712.47345
12000000	90000000	638.1477
13000000	90000000	682.85925
14000000	90000000	644.7059
15000000	90000000	686.4202
16000000	90000000	732.09625
17000000	90000000	788.3368
18000000	90000000	805.66864
19000000	90000000	669.9637
20000000	90000000	825.6779
21000000	90000000	760.0925
22000000	90000000	811.9135
23000000	90000000	856.1043
24000000	90000000	924.85693
25000000	90000000	940.6284
26000000	90000000	923.1121
27000000	90000000	990.29315
28000000	90000000	873.21204
29000000	90000000	939.8037
30000000	90000000	923.6984
31000000	90000000	932.2784
32000000	90000000	1013.41815
33000000	90000000	1086.9106
34000000	90000000	1157.5773
35000000	90000000	1291.7557
36000000	90000000	1087.5093
37000000	90000000	1202.3181
38000000	90000000	882.1521
39000000	90000000	744.0754
40000000	90000000	1322.4565
41000000	90000000	1727.6047
42000000	90000000	1823.4808
43000000	90000000	1539.7246
44000000	90000000	1546.3605
45000000	90000000	1403.4459
46000000	90000000	1563.6235
47000000	90000000	1736.6636
48000000	90000000	1454.1312
49000000	90000000	804.11255
52000000	90000000	1994.9247
53000000	90000000	2437.9382
54000000	90000000	2236.6335
55000000	90000000	2715.1943
56000000	90000000	2776.5786
57000000	90000000	2977.6438
58000000	90000000	3390.5344
59000000	90000000	3041.194
60000000	90000000	3414.9985
61000000	90000000	3573.4307
62000000	90000000	3916.2144
63000000	90000000	3569.8577
64000000	90000000	3865.411
65000000	90000000	4323.1177
66000000	90000000	4550.798
67000000	90000000	4566.9214
68000000	90000000	4461.2324
69000000	90000000	3906.4802
70000000	90000000	4179.6797
71000000	90000000	3854.8777
72000000	90000000	4271.3203
73000000	90000000	4462.3643
74000000	90000000	4480.4775
75000000	90000000	4423.854
76000000	90000000	3864.9524
77000000	90000000	4132.378
78000000	90000000	4868.06
79000000	90000000	4640.3027
80000000	90000000	5674.7256
81000000	90000000	5695.816
82000000	90000000	6831.139
83000000	90000000	6156.079
84000000	90000000	8103.5376
85000000	90000000	12005.175
86000000	90000000	13458.346
87000000	90000000	15803.922
88000000	90000000	27016.531
89000000	90000000	78638.86
90000000	90000000	383198.16
0	91000000	376.10794
1000000	91000000	259.60034
2000000	91000000	282.73276
3000000	91000000	283.11673
4000000	91000000	442.39545
5000000	91000000	436.02133
6000000	91000000	390.4839
7000000	91000000	348.76538
8000000	91000000	371.1163
9000000	91000000	476.9945
10000000	91000000	529.78595
11000000	91000000	638.53156
12000000	91000000	707.4895
13000000	91000000	641.91754
14000000	91000000	564.97253
15000000	91000000	530.95325
16000000	91000000	621.46954
17000000	91000000	641.7606
18000000	91000000	818.9457
19000000	91000000	822.1479
20000000	91000000	757.90393
21000000	91000000	801.45593
22000000	91000000	715.78436
23000000	91000000	840.58325
24000000	91000000	729.4401
25000000	91000000	664.92786
26000000	91000000	683.1669
27000000	91000000	832.2775
28000000	91000000	910.51874
29000000	91000000	935.72455
30000000	91000000	974.64624
31000000	91000000	984.676
32000000	91000000	1089.0831
33000000	91000000	1097.6602
34000000	91000000	1190.7899
35000000	91000000	1164.6642
36000000	91000000	842.49335
37000000	91000000	887.87964
38000000	91000000	595.0959
39000000	91000000	493.1971
40000000	91000000	781.4499
41000000	91000000	1224.8384
42000000	91000000	1370.1472
43000000	91000000	1506.652
44000000	91000000	1509.0875
45000000	91000000	1429.3629
46000000	91000000	1546.7448
47000000	91000000	1255.151
48000000	91000000	974.04333
49000000	91000000	749.75543
52000000	91000000	1574.0662
53000000	91000000	1973.7721
54000000	91000000	1529.8671
55000000	91000000	2257.3452
56000000	91000000	2142.7253
57000000	91000000	2113.0337
58000000	91000000	3028.035
59000000	91000000	3162.3452
60000000	91000000	3082.7068
61000000	91000000	3746.5535
62000000	91000000	3675.0518
63000000	91000000	3664.6858
64000000	91000000	3800.6677
65000000	91000000	4404.3237
66000000	91000000	4555.155
67000000	91000000	4536.0195
68000000	91000000	3773.204
69000000	91000000	3458.4114
70000000	91000000	4172.459
71000000	91000000	3198.5383
72000000	91000000	4172.211
73000000	91000000	4468.8765
74000000	91000000	3590.6445
75000000	91000000	3553.5662
76000000	91000000	2868.3347
77000000	91000000	3045.767
78000000	91000000	3559.0574
79000000	91000000	3714.8345
80000000	91000000	5173.113
81000000	91000000	4723.188
82000000	91000000	5762.755
83000000	91000000	4448.0093
84000000	91000000	5844.951
85000000	91000000	9869.024
86000000	91000000	9926.533
87000000	91000000	9842.052
88000000	91000000	13330.47
89000000	91000000	18207.436
90000000	91000000	82925.4
91000000	91000000	384432.06
0	92000000	452.8577
1000000	92000000	274.58102
2000000	92000000	264.79337
3000000	92000000	284.87338
4000000	92000000	473.9754
5000000	92000000	514.88385
6000000	92000000	344.79095
7000000	92000000	348.36163
8000000	92000000	394.54953
9000000	92000000	511.04428
10000000	92000000	485.1242
11000000	92000000	688.91327
12000000	92000000	749.363
13000000	92000000	630.70807
14000000	92000000	612.4518
15000000	92000000	645.75555
16000000	92000000	654.4895
17000000	92000000	647.98456
18000000	92000000	850.34875
19000000	92000000	880.83606
20000000	92000000	821.8062
21000000	92000000	894.09064
22000000	92000000	850.56226
23000000	92000000	955.4177
24000000	92000000	741.62646
25000000	92000000	690.9237
26000000	92000000	595.5934
27000000	92000000	844.0987
28000000	92000000	1015.2075
29000000	92000000	1042.6211
30000000	92000000	1011.4996
31000000	92000000	1076.7823
32000000	92000000	1097.0703
33000000	92000000	1079.8534
34000000	92000000	1102.352
35000000	92000000	1155.5798
36000000	92000000	882.55054
37000000	92000000	947.1286
38000000	92000000	602.9355
39000000	92000000	463.5302
40000000	92000000	717.62823
41000000	92000000	1176.8457
42000000	92000000	1189.9244
43000000	92000000	1547.0066
44000000	92000000	1361.8907
45000000	92000000	1584.7991
46000000	92000000	1547.4307
47000000	92000000	1194.2253
48000000	92000000	1013.29663
49000000	92000000	829.6129
52000000	92000000	1668.4885
53000000	92000000	1985.802
54000000	92000000	1579.5881
55000000	92000000	2410.854
56000000	92000000	2012.5186
57000000	92000000	1966.7502
58000000	92000000	2978.9485
59000000	92000000	3417.981
60000000	92000000	3176.0898
61000000	92000000	3893.1125
62000000	92000000	3863.45
63000000	92000000	3799.3389
64000000	92000000	4048.7534
65000000	92000000	4239.145
66000000	92000000	4330.493
67000000	92000000	4365.3604
68000000	92000000	3676.1343
69000000	92000000	3726.492
70000000	92000000	3973.074
71000000	92000000	3203.9592
72000000	92000000	4210.6235
73000000	92000000	4436.869
74000000	92000000	3506.9412
75000000	92000000	3430.2432
76000000	92000000	2837.964
77000000	92000000	2714.5984
78000000	92000000	3391.1404
79000000	92000000	3581.4841
80000000	92000000	5307.7705
81000000	92000000	4560.1265
82000000	92000000	5509.1265
83000000	92000000	4107.7114
84000000	92000000	5370.3066
85000000	92000000	9029.595
86000000	92000000	8544.154
87000000	92000000	8797.041
88000000	92000000	10513.731
89000000	92000000	12618.651
90000000	92000000	29425.012
91000000	92000000	101847.22
92000000	92000000	405391.53
0	93000000	342.66077
1000000	93000000	229.40126
2000000	93000000	263.93066
3000000	93000000	285.3309
4000000	93000000	440.96603
5000000	93000000	511.46182
6000000	93000000	307.3381
7000000	93000000	346.88742
8000000	93000000	351.5232
9000000	93000000	400.86658
10000000	93000000	437.9593
11000000	93000000	634.7645
12000000	93000000	710.2687
13000000	93000000	562.02954
14000000	93000000	519.9325
15000000	93000000	500.71164
16000000	93000000	587.7582
17000000	93000000	615.91833
18000000	93000000	690.20166
19000000	93000000	751.26605
20000000	93000000	829.0774
21000000	93000000	823.9231
22000000	93000000	695.84924
23000000	93000000	799.73755
24000000	93000000	681.39923
25000000	93000000	574.10846
26000000	93000000	533.1816
27000000	93000000	840.45166
28000000	93000000	991.78876
29000000	93000000	901.4656
30000000	93000000	807.839
31000000	93000000	997.1842
32000000	93000000	1091.7117
33000000	93000000	1088.6307
34000000	93000000	1208.5148
35000000	93000000	1098.318
36000000	93000000	724.85156
37000000	93000000	746.4551
38000000	93000000	446.82886
39000000	93000000	364.85266
40000000	93000000	621.61163
41000000	93000000	1138.0707
42000000	93000000	1178.1882
43000000	93000000	1519.8785
44000000	93000000	1555.8876
45000000	93000000	1528.3003
46000000	93000000	1577.081
47000000	93000000	1224.6256
48000000	93000000	876.8552
49000000	93000000	513.04456
52000000	93000000	1680.0317
53000000	93000000	1872.4475
54000000	93000000	1423.6771
55000000	93000000	2342.8706
56000000	93000000	1987.673
57000000	93000000	1802.4653
58000000	93000000	3097.534
59000000	93000000	3151.1812
60000000	93000000	3498.2659
61000000	93000000	4075.691
62000000	93000000	4183.1235
63000000	93000000	3996.4348
64000000	93000000	3979.0383
65000000	93000000	4707.848
66000000	93000000	4879.824
67000000	93000000	5017.852
68000000	93000000	3762.5088
69000000	93000000	3443.7263
70000000	93000000	4430.151
71000000	93000000	3054.8743
72000000	93000000	4311.9307
73000000	93000000	4471.746
74000000	93000000	3439.5066
75000000	93000000	3251.3894
76000000	93000000	2561.9275
77000000	93000000	2635.1536
78000000	93000000	3177.5881
79000000	93000000	3457.4866
80000000	93000000	5383.939
81000000	93000000	4455.732
82000000	93000000	5595.325
83000000	93000000	3720.9888
84000000	93000000	5127.767
85000000	93000000	9131.076
86000000	93000000	8032.641
87000000	93000000	7245.046
88000000	93000000	8934.594
89000000	93000000	9501.028
90000000	93000000	23234.79
91000000	93000000	52436.19
92000000	93000000	84301.31
93000000	93000000	372581.94
0	94000000	408.9414
1000000	94000000	311.57523
2000000	94000000	357.86227
3000000	94000000	305.5823
4000000	94000000	503.13495
5000000	94000000	460.41357
6000000	94000000	434.3109
7000000	94000000	397.4761
8000000	94000000	432.8917
9000000	94000000	438.9568
10000000	94000000	509.1327
11000000	94000000	627.8444
12000000	94000000	547.2064
13000000	94000000	631.5236
14000000	94000000	568.6745
15000000	94000000	511.70822
16000000	94000000	576.03217
17000000	94000000	644.05707
18000000	94000000	683.83575
19000000	94000000	597.8853
20000000	94000000	722.85895
21000000	94000000	689.486
22000000	94000000	687.31
23000000	94000000	793.8959
24000000	94000000	694.79584
25000000	94000000	653.0429
26000000	94000000	661.61597
27000000	94000000	783.8257
28000000	94000000	780.4559
29000000	94000000	790.0596
30000000	94000000	776.8296
31000000	94000000	844.2853
32000000	94000000	871.0665
33000000	94000000	962.54663
34000000	94000000	1087.6741
35000000	94000000	1147.4653
36000000	94000000	864.12506
37000000	94000000	915.71173
38000000	94000000	640.82385
39000000	94000000	575.7951
40000000	94000000	923.65533
41000000	94000000	1234.7594
42000000	94000000	1439.5497
43000000	94000000	1406.3151
44000000	94000000	1390.6726
45000000	94000000	1353.8413
46000000	94000000	1468.213
47000000	94000000	1352.522
48000000	94000000	1112.4904
49000000	94000000	643.0155
52000000	94000000	1658.5016
53000000	94000000	2048.7683
54000000	94000000	1706.761
55000000	94000000	2295.3882
56000000	94000000	2267.3901
57000000	94000000	2263.0176
58000000	94000000	2979.1338
59000000	94000000	2881.4514
60000000	94000000	3204.8804
61000000	94000000	3375.8516
62000000	94000000	3613.1843
63000000	94000000	3452.341
64000000	94000000	3690.4006
65000000	94000000	4052.619
66000000	94000000	4096.243
67000000	94000000	4349.656
68000000	94000000	3905.8538
69000000	94000000	3700.037
70000000	94000000	4068.291
71000000	94000000	3319.33
72000000	94000000	3983.123
73000000	94000000	4247.7393
74000000	94000000	3765.5613
75000000	94000000	3607.201
76000000	94000000	2887.765
77000000	94000000	3184.5913
78000000	94000000	3527.0996
79000000	94000000	3807.2078
80000000	94000000	5186.0137
81000000	94000000	4443.389
82000000	94000000	5345.205
83000000	94000000	4239.049
84000000	94000000	5245.267
85000000	94000000	7551.0396
86000000	94000000	7427.9204
87000000	94000000	6949.544
88000000	94000000	7947.5947
89000000	94000000	8818.658
90000000	94000000	15599.881
91000000	94000000	24317.727
92000000	94000000	26417.229
93000000	94000000	89402.61
94000000	94000000	381405.16
0	95000000	455.0175
1000000	95000000	431.6736
2000000	95000000	517.6878
3000000	95000000	451.2024
4000000	95000000	652.18414
5000000	95000000	482.50284
6000000	95000000	568.75867
7000000	95000000	454.31635
8000000	95000000	495.28082
9000000	95000000	487.07642
10000000	95000000	642.249
11000000	95000000	584.8769
12000000	95000000	472.3568
13000000	95000000	595.7278
14000000	95000000	522.0514
15000000	95000000	619.37634
16000000	95000000	616.2788
17000000	95000000	744.1701
18000000	95000000	675.63525
19000000	95000000	478.29294
20000000	95000000	666.3584
21000000	95000000	598.2908
22000000	95000000	619.9958
23000000	95000000	674.21716
24000000	95000000	823.8423
25000000	95000000	897.9586
26000000	95000000	781.14044
27000000	95000000	765.7211
28000000	95000000	648.07007
29000000	95000000	616.59894
30000000	95000000	692.2022
31000000	95000000	772.3552
32000000	95000000	741.38324
33000000	95000000	838.60114
34000000	95000000	873.2747
35000000	95000000	986.5111
36000000	95000000	1046.9132
37000000	95000000	1114.5128
38000000	95000000	887.6913
39000000	95000000	926.3734
40000000	95000000	1458.6914
41000000	95000000	1503.0068
42000000	95000000	1744.3191
43000000	95000000	1231.643
44000000	95000000	1261.1893
45000000	95000000	1114.8381
46000000	95000000	1318.9117
47000000	95000000	1501.6581
48000000	95000000	1652.6697
49000000	95000000	822.08136
52000000	95000000	1836.6151
53000000	95000000	2370.6921
54000000	95000000	2264.361
55000000	95000000	2366.9749
56000000	95000000	2875.8223
57000000	95000000	3204.4387
58000000	95000000	2998.5154
59000000	95000000	2492.1426
60000000	95000000	3005.3682
61000000	95000000	3024.5068
62000000	95000000	3178.768
63000000	95000000	3021.353
64000000	95000000	3282.0952
65000000	95000000	3757.478
66000000	95000000	3640.1826
67000000	95000000	3951.8264
68000000	95000000	4588.52
69000000	95000000	3645.6946
70000000	95000000	3669.714
71000000	95000000	3897.3472
72000000	95000000	3689.2783
73000000	95000000	4107.955
74000000	95000000	4159.7124
75000000	95000000	3966.4822
76000000	95000000	3784.519
77000000	95000000	3899.9688
78000000	95000000	4168.058
79000000	95000000	4154.775
80000000	95000000	4667.7197
81000000	95000000	4531.232
82000000	95000000	5075.2676
83000000	95000000	5284.695
84000000	95000000	5727.766
85000000	95000000	6519.845
86000000	95000000	6649.7705
87000000	95000000	7042.281
88000000	95000000	7831.625
89000000	95000000	8761.363
90000000	95000000	11554.316
91000000	95000000	13094.155
92000000	95000000	13569.193
93000000	95000000	24608.924
94000000	95000000	85245.38
95000000	95000000	374057.78
0	96000000	398.09988
1000000	96000000	292.973
2000000	96000000	320.97662
3000000	96000000	318.5125
4000000	96000000	479.07715
5000000	96000000	500.5074
6000000	96000000	473.89017
7000000	96000000	353.93927
8000000	96000000	400.8715
9000000	96000000	523.89667
10000000	96000000	564.5275
11000000	96000000	569.9404
12000000	96000000	553.4373
13000000	96000000	555.5191
14000000	96000000	546.7679
15000000	96000000	544.59515
16000000	96000000	550.1069
17000000	96000000	614.0024
18000000	96000000	659.5602
19000000	96000000	636.2555
20000000	96000000	644.7871
21000000	96000000	717.0086
22000000	96000000	748.74976
23000000	96000000	744.41986
24000000	96000000	682.5152
25000000	96000000	617.8917
26000000	96000000	643.0248
27000000	96000000	770.81195
28000000	96000000	805.93207
29000000	96000000	765.7622
30000000	96000000	759.4218
31000000	96000000	762.29614
32000000	96000000	891.6667
33000000	96000000	841.5137
34000000	96000000	836.87933
35000000	96000000	964.73047
36000000	96000000	849.2377
37000000	96000000	909.63885
38000000	96000000	722.8564
39000000	96000000	677.4829
40000000	96000000	969.2743
41000000	96000000	1178.2617
42000000	96000000	1215.0126
43000000	96000000	1191.8962
44000000	96000000	1186.3352
45000000	96000000	1163.76
46000000	96000000	1223.5354
47000000	96000000	1216.1106
48000000	96000000	1142.9386
49000000	96000000	731.7734
52000000	96000000	1683.1954
53000000	96000000	2059.7493
54000000	96000000	1707.405
55000000	96000000	2118.8853
56000000	96000000	2178.623
57000000	96000000	2224.6672
58000000	96000000	2877.4065
59000000	96000000	2852.674
60000000	96000000	2763.9255
61000000	96000000	3114.7805
62000000	96000000	3193.2544
63000000	96000000	3145.4944
64000000	96000000	3097.5107
65000000	96000000	3573.2139
66000000	96000000	3647.5203
67000000	96000000	3676.8335
68000000	96000000	3472.273
69000000	96000000	3222.1128
70000000	96000000	3364.0032
71000000	96000000	3165.893
72000000	96000000	3534.252
73000000	96000000	3809.606
74000000	96000000	3430.5405
75000000	96000000	3246.4404
76000000	96000000	2838.1516
77000000	96000000	2825.9148
78000000	96000000	3356.7847
79000000	96000000	3602.057
80000000	96000000	4266.936
81000000	96000000	3978.1907
82000000	96000000	4380.1113
83000000	96000000	3763.4644
84000000	96000000	4203.122
85000000	96000000	5756.5635
86000000	96000000	5318.261
87000000	96000000	5520.3228
88000000	96000000	5279.552
89000000	96000000	5459.583
90000000	96000000	7649.399
91000000	96000000	8254.194
92000000	96000000	9486.333
93000000	96000000	12729.483
94000000	96000000	19698.352
95000000	96000000	58530.734
96000000	96000000	398691.88
0	97000000	361.605
1000000	97000000	190.84546
2000000	97000000	215.0642
3000000	97000000	232.75381
4000000	97000000	363.8292
5000000	97000000	484.61856
6000000	97000000	280.58725
7000000	97000000	370.6122
8000000	97000000	360.05637
9000000	97000000	405.21753
10000000	97000000	383.40585
11000000	97000000	575.84564
12000000	97000000	717.1281
13000000	97000000	592.9605
14000000	97000000	512.7548
15000000	97000000	419.97595
16000000	97000000	607.0659
17000000	97000000	514.26447
18000000	97000000	734.15424
19000000	97000000	800.18225
20000000	97000000	785.2828
21000000	97000000	787.77136
22000000	97000000	738.8765
23000000	97000000	783.7906
24000000	97000000	669.6812
25000000	97000000	467.2549
26000000	97000000	428.96887
27000000	97000000	830.0798
28000000	97000000	900.10077
29000000	97000000	945.7386
30000000	97000000	858.49475
31000000	97000000	949.6034
32000000	97000000	999.0322
33000000	97000000	1024.5928
34000000	97000000	1070.7184
35000000	97000000	952.413
36000000	97000000	594.9268
37000000	97000000	675.3871
38000000	97000000	342.6876
39000000	97000000	334.34015
40000000	97000000	458.49188
41000000	97000000	957.5391
42000000	97000000	963.68085
43000000	97000000	1393.015
44000000	97000000	1223.9167
45000000	97000000	1440.3713
46000000	97000000	1330.418
47000000	97000000	983.2249
48000000	97000000	686.91504
49000000	97000000	788.1375
52000000	97000000	1610.0066
53000000	97000000	1737.729
54000000	97000000	1344.0492
55000000	97000000	2289.009
56000000	97000000	1807.3812
57000000	97000000	1665.9419
58000000	97000000	3130.2417
59000000	97000000	3174.2642
60000000	97000000	3036.5417
61000000	97000000	3943.3013
62000000	97000000	3834.159
63000000	97000000	3709.2083
64000000	97000000	3924.8804
65000000	97000000	4227.8496
66000000	97000000	4194.1445
67000000	97000000	4344.887
68000000	97000000	2973.2979
69000000	97000000	2672.558
70000000	97000000	3548.8818
71000000	97000000	2524.732
72000000	97000000	3608.3057
73000000	97000000	3809.1726
74000000	97000000	2863.1372
75000000	97000000	2646.2952
76000000	97000000	2127.086
77000000	97000000	2205.835
78000000	97000000	2626.9783
79000000	97000000	2761.8477
80000000	97000000	4168.528
81000000	97000000	3292.6104
82000000	97000000	4382.5747
83000000	97000000	2809.318
84000000	97000000	3351.5032
85000000	97000000	6008.0493
86000000	97000000	4808.5176
87000000	97000000	3856.4954
88000000	97000000	4236.155
89000000	97000000	3963.6963
90000000	97000000	6596.4644
91000000	97000000	8320.852
92000000	97000000	9590.703
93000000	97000000	12884.598
94000000	97000000	16158.0205
95000000	97000000	30199.111
96000000	97000000	99350.05
97000000	97000000	381381.78
0	98000000	379.58212
1000000	98000000	231.83444
2000000	98000000	229.48334
3000000	98000000	227.06454
4000000	98000000	356.79944
5000000	98000000	493.8803
6000000	98000000	247.65196
7000000	98000000	324.13153
8000000	98000000	368.99557
9000000	98000000	397.59442
10000000	98000000	383.60483
11000000	98000000	589.53394
12000000	98000000	729.38007
13000000	98000000	613.7868
14000000	98000000	533.1513
15000000	98000000	498.5903
16000000	98000000	579.7212
17000000	98000000	539.68604
18000000	98000000	813.4972
19000000	98000000	967.62317
20000000	98000000	815.75195
21000000	98000000	829.8444
22000000	98000000	712.85315
23000000	98000000	903.6562
24000000	98000000	655.9601
25000000	98000000	515.253
26000000	98000000	448.49292
27000000	98000000	721.0097
28000000	98000000	979.0888
29000000	98000000	886.78253
30000000	98000000	851.5728
31000000	98000000	898.6841
32000000	98000000	993.1117
33000000	98000000	1081.5647
34000000	98000000	1052.984
35000000	98000000	1033.7048
36000000	98000000	616.8323
37000000	98000000	685.0064
38000000	98000000	371.43863
39000000	98000000	315.2435
40000000	98000000	432.9656
41000000	98000000	898.7652
42000000	98000000	987.18164
43000000	98000000	1398.6611
44000000	98000000	1239.8252
45000000	98000000	1319.6809
46000000	98000000	1300.8602
47000000	98000000	929.931
48000000	98000000	677.38544
49000000	98000000	772.53143
52000000	98000000	1467.8914
53000000	98000000	1646.8473
54000000	98000000	1196.7185
55000000	98000000	2203.1921
56000000	98000000	1713.0721
57000000	98000000	1584.5105
58000000	98000000	3111.8076
59000000	98000000	3420.0586
60000000	98000000	3198.0083
61000000	98000000	3934.208
62000000	98000000	3792.5176
63000000	98000000	3813.8496
64000000	98000000	4010.9414
65000000	98000000	4150.994
66000000	98000000	4070.471
67000000	98000000	4281.2847
68000000	98000000	3149.2554
69000000	98000000	2665.1538
70000000	98000000	3353.1208
71000000	98000000	2430.1948
72000000	98000000	3643.6272
73000000	98000000	3909.3171
74000000	98000000	2746.2505
75000000	98000000	2515.097
76000000	98000000	1967.5483
77000000	98000000	2023.8955
78000000	98000000	2569.31
79000000	98000000	2438.5789
80000000	98000000	4076.555
81000000	98000000	3127.6135
82000000	98000000	4096.2803
83000000	98000000	2611.1736
84000000	98000000	3196.3389
85000000	98000000	5760.942
86000000	98000000	4571.08
87000000	98000000	3529.7942
88000000	98000000	3847.8337
89000000	98000000	3570.6323
90000000	98000000	5931.6875
91000000	98000000	7585.9185
92000000	98000000	8806.767
93000000	98000000	11161.639
94000000	98000000	13186.541
95000000	98000000	21376.338
96000000	98000000	48482.535
97000000	98000000	104023.45
98000000	98000000	393094.97
0	99000000	582.98706
1000000	99000000	551.4319
2000000	99000000	642.6891
3000000	99000000	563.82556
4000000	99000000	699.6276
5000000	99000000	552.4879
6000000	99000000	675.5404
7000000	99000000	530.51526
8000000	99000000	615.382
9000000	99000000	554.77264
10000000	99000000	715.4151
11000000	99000000	600.92413
12000000	99000000	466.09555
13000000	99000000	556.0193
14000000	99000000	641.334
15000000	99000000	651.2443
16000000	99000000	561.61847
17000000	99000000	726.62396
18000000	99000000	603.8757
19000000	99000000	514.61487
20000000	99000000	619.1886
21000000	99000000	540.9524
22000000	99000000	657.49036
23000000	99000000	602.4376
24000000	99000000	786.3335
25000000	99000000	939.89886
26000000	99000000	883.9545
27000000	99000000	680.1722
28000000	99000000	624.2305
29000000	99000000	598.9933
30000000	99000000	730.1078
31000000	99000000	692.4449
32000000	99000000	680.2179
33000000	99000000	729.00476
34000000	99000000	716.70734
35000000	99000000	855.08954
36000000	99000000	1103.3091
37000000	99000000	1162.1244
38000000	99000000	1130.2362
39000000	99000000	1138.0087
40000000	99000000	1493.2166
41000000	99000000	1303.1267
42000000	99000000	1546.7325
43000000	99000000	964.6786
44000000	99000000	1015.4624
45000000	99000000	948.0632
46000000	99000000	986.0832
47000000	99000000	1445.423
48000000	99000000	1750.3861
49000000	99000000	691.37933
52000000	99000000	1864.2684
53000000	99000000	2136.763
54000000	99000000	2356.4492
55000000	99000000	2014.5372
56000000	99000000	2654.1553
57000000	99000000	3200.0652
58000000	99000000	2380.2085
59000000	99000000	2259.0593
60000000	99000000	2360.1208
61000000	99000000	2327.9067
62000000	99000000	2545.2397
63000000	99000000	2474.96
64000000	99000000	2606.7327
65000000	99000000	2862.6123
66000000	99000000	2789.2327
67000000	99000000	2820.6301
68000000	99000000	3618.9055
69000000	99000000	3160.6052
70000000	99000000	2598.853
71000000	99000000	3408.5918
72000000	99000000	2782.1165
73000000	99000000	3132.552
74000000	99000000	3504.7605
75000000	99000000	3398.5537
76000000	99000000	3751.4443
77000000	99000000	3469.9902
78000000	99000000	3823.9897
79000000	99000000	3664.5386
80000000	99000000	3288.2634
81000000	99000000	3565.2888
82000000	99000000	3477.8044
83000000	99000000	4265.6313
84000000	99000000	4477.4434
85000000	99000000	3827.6516
86000000	99000000	4381.208
87000000	99000000	4816.862
88000000	99000000	4926.459
89000000	99000000	5566.0024
90000000	99000000	5488.5874
91000000	99000000	5323.4023
92000000	99000000	5487.3535
93000000	99000000	6077.5645
94000000	99000000	8883.579
95000000	99000000	17467.32
96000000	99000000	25591.646
97000000	99000000	25551.393
98000000	99000000	59742.707
99000000	99000000	413635.78
0	100000000	536.9855
1000000	100000000	490.44046
2000000	100000000	623.8892
3000000	100000000	510.739
4000000	100000000	645.90784
5000000	100000000	518.2586
6000000	100000000	600.72736
7000000	100000000	488.41742
8000000	100000000	557.8369
9000000	100000000	512.2891
10000000	100000000	582.32245
11000000	100000000	538.4969
12000000	100000000	434.42047
13000000	100000000	506.6363
14000000	100000000	559.82214
15000000	100000000	610.216
16000000	100000000	570.16626
17000000	100000000	696.18585
18000000	100000000	615.6726
19000000	100000000	519.34204
20000000	100000000	620.99817
21000000	100000000	613.00256
22000000	100000000	659.70984
23000000	100000000	657.0241
24000000	100000000	757.31836
25000000	100000000	811.6282
26000000	100000000	791.25195
27000000	100000000	672.46014
28000000	100000000	600.31244
29000000	100000000	655.3248
30000000	100000000	722.37177
31000000	100000000	786.70404
32000000	100000000	787.6457
33000000	100000000	795.8582
34000000	100000000	818.8217
35000000	100000000	925.6263
36000000	100000000	984.92664
37000000	100000000	1031.5695
38000000	100000000	923.4578
39000000	100000000	976.3382
40000000	100000000	1217.5173
41000000	100000000	1317.3397
42000000	100000000	1282.8654
43000000	100000000	1014.2325
44000000	100000000	1009.7402
45000000	100000000	1011.8104
46000000	100000000	1025.2727
47000000	100000000	1344.4186
48000000	100000000	1488.0743
49000000	100000000	778.17163
52000000	100000000	1809.9768
53000000	100000000	1988.9392
54000000	100000000	1992.4636
55000000	100000000	1950.4678
56000000	100000000	2427.5332
57000000	100000000	2834.4353
58000000	100000000	2524.3267
59000000	100000000	2374.8477
60000000	100000000	2577.456
61000000	100000000	2504.416
62000000	100000000	2736.5422
63000000	100000000	2754.169
64000000	100000000	2964.6611
65000000	100000000	3137.409
66000000	100000000	2876.514
67000000	100000000	3046.1843
68000000	100000000	3477.7678
69000000	100000000	3213.717
70000000	100000000	2797.4053
71000000	100000000	3164.5103
72000000	100000000	2957.738
73000000	100000000	3072.9888
74000000	100000000	3448.2905
75000000	100000000	3168.7896
76000000	100000000	3361.7573
77000000	100000000	3184.7966
78000000	100000000	3306.629
79000000	100000000	3214.421
80000000	100000000	3249.239
81000000	100000000	3030.829
82000000	100000000	3438.5698
83000000	100000000	3955.0876
84000000	100000000	4021.216
85000000	100000000	3999.0215
86000000	100000000	4187.3384
87000000	100000000	4226.101
88000000	100000000	4396.6406
89000000	100000000	4876.1562
90000000	100000000	5222.0645
91000000	100000000	5043.8223
92000000	100000000	5464.765
93000000	100000000	5854.3066
94000000	100000000	7981.054
95000000	100000000	12942.367
96000000	100000000	16776.361
97000000	100000000	18325.594
98000000	100000000	31316.46
99000000	100000000	101345.1
100000000	100000000	395416.97
0	101000000	428.58185
1000000	101000000	346.7451
2000000	101000000	429.2163
3000000	101000000	412.8808
4000000	101000000	511.4459
5000000	101000000	530.05646
6000000	101000000	458.1704
7000000	101000000	438.17242
8000000	101000000	427.98364
9000000	101000000	435.24814
10000000	101000000	526.78357
11000000	101000000	514.433
12000000	101000000	480.267
13000000	101000000	517.0192
14000000	101000000	524.1122
15000000	101000000	515.7894
16000000	101000000	523.5156
17000000	101000000	562.76135
18000000	101000000	585.33496
19000000	101000000	582.6927
20000000	101000000	628.1712
21000000	101000000	622.12036
22000000	101000000	601.5132
23000000	101000000	674.45953
24000000	101000000	636.80945
25000000	101000000	664.2439
26000000	101000000	667.3128
27000000	101000000	693.61316
28000000	101000000	727.87115
29000000	101000000	740.3139
30000000	101000000	678.29315
31000000	101000000	736.71594
32000000	101000000	771.1447
33000000	101000000	873.0884
34000000	101000000	930.3333
35000000	101000000	937.63885
36000000	101000000	875.8644
37000000	101000000	969.9746
38000000	101000000	724.4308
39000000	101000000	676.9308
40000000	101000000	1013.27783
41000000	101000000	1164.5466
42000000	101000000	1129.1471
43000000	101000000	1077.5242
44000000	101000000	1006.4037
45000000	101000000	1062.7853
46000000	101000000	1077.2135
47000000	101000000	1161.1152
48000000	101000000	1057.1785
49000000	101000000	607.7678
52000000	101000000	1417.4128
53000000	101000000	1721.9595
54000000	101000000	1621.7291
55000000	101000000	1907.1165
56000000	101000000	1976.7727
57000000	101000000	2122.463
58000000	101000000	2535.5298
59000000	101000000	2514.2058
60000000	101000000	2660.9353
61000000	101000000	2795.2153
62000000	101000000	2921.7725
63000000	101000000	2901.6086
64000000	101000000	3078.0544
65000000	101000000	3150.1982
66000000	101000000	3132.2515
67000000	101000000	3316.1938
68000000	101000000	2899.7678
69000000	101000000	2615.5354
70000000	101000000	2871.8093
71000000	101000000	2554.5405
72000000	101000000	2922.4678
73000000	101000000	3030.914
74000000	101000000	2834.4636
75000000	101000000	2989.0264
76000000	101000000	2650.9795
77000000	101000000	2701.3035
78000000	101000000	2977.8284
79000000	101000000	2794.9763
80000000	101000000	3394.0889
81000000	101000000	2969.0388
82000000	101000000	3485.2644
83000000	101000000	2982.316
84000000	101000000	3308.8362
85000000	101000000	4161.29
86000000	101000000	3993.3257
87000000	101000000	3503.72
88000000	101000000	3866.8713
89000000	101000000	3891.7964
90000000	101000000	4810.3857
91000000	101000000	4989.9814
92000000	101000000	5182.4136
93000000	101000000	6020.485
94000000	101000000	6883.335
95000000	101000000	8321.915
96000000	101000000	10164.315
97000000	101000000	11698.165
98000000	101000000	15718.109
99000000	101000000	19702.535
100000000	101000000	66670.1
101000000	101000000	386520.9
0	102000000	404.2633
1000000	102000000	355.57812
2000000	102000000	449.63992
3000000	102000000	410.3576
4000000	102000000	524.2501
5000000	102000000	425.69156
6000000	102000000	482.79028
7000000	102000000	402.47336
8000000	102000000	428.31808
9000000	102000000	416.0875
10000000	102000000	501.85303
11000000	102000000	476.86847
12000000	102000000	386.45114
13000000	102000000	421.5571
14000000	102000000	453.0559
15000000	102000000	505.18344
16000000	102000000	448.83765
17000000	102000000	536.06506
18000000	102000000	537.09265
19000000	102000000	490.42606
20000000	102000000	564.2384
21000000	102000000	501.84265
22000000	102000000	575.57446
23000000	102000000	595.9748
24000000	102000000	649.4633
25000000	102000000	681.7266
26000000	102000000	677.7287
27000000	102000000	643.4115
28000000	102000000	597.8667
29000000	102000000	680.4199
30000000	102000000	639.3833
31000000	102000000	714.30615
32000000	102000000	758.9826
33000000	102000000	761.1233
34000000	102000000	856.7899
35000000	102000000	874.8768
36000000	102000000	875.722
37000000	102000000	951.10474
38000000	102000000	818.68225
39000000	102000000	782.0655
40000000	102000000	1130.533
41000000	102000000	1188.1051
42000000	102000000	1188.437
43000000	102000000	1000.5951
44000000	102000000	940.76447
45000000	102000000	979.57556
46000000	102000000	1028.5396
47000000	102000000	1175.0831
48000000	102000000	1152.0651
49000000	102000000	595.05084
52000000	102000000	1320.9065
53000000	102000000	1566.9408
54000000	102000000	1503.1725
55000000	102000000	1694.0173
56000000	102000000	2004.2717
57000000	102000000	2178.049
58000000	102000000	2176.9202
59000000	102000000	1989.1295
60000000	102000000	2390.991
61000000	102000000	2519.8896
62000000	102000000	2583.6943
63000000	102000000	2599.9702
64000000	102000000	2803.5417
65000000	102000000	2863.8516
66000000	102000000	2938.206
67000000	102000000	2966.3364
68000000	102000000	2893.6301
69000000	102000000	2361.8823
70000000	102000000	2569.1868
71000000	102000000	2580.2192
72000000	102000000	2529.2634
73000000	102000000	2653.3213
74000000	102000000	2717.3716
75000000	102000000	2759.4426
76000000	102000000	2621.9502
77000000	102000000	2735.144
78000000	102000000	2820.9307
79000000	102000000	2732.6846
80000000	102000000	2937.4226
81000000	102000000	3071.8225
82000000	102000000	3132.3774
83000000	102000000	2891.6614
84000000	102000000	3300.4194
85000000	102000000	3619.7969
86000000	102000000	3946.4092
87000000	102000000	3404.1577
88000000	102000000	3571.723
89000000	102000000	3916.2087
90000000	102000000	4462.1313
91000000	102000000	4443.754
92000000	102000000	4448.855
93000000	102000000	5012.289
94000000	102000000	5740.2744
95000000	102000000	7189.094
96000000	102000000	7857.1978
97000000	102000000	8512.088
98000000	102000000	10252.528
99000000	102000000	13357.747
100000000	102000000	28061.457
101000000	102000000	131471.38
102000000	102000000	406143.16
0	103000000	552.8733
1000000	103000000	608.49646
2000000	103000000	911.0675
3000000	103000000	646.72705
4000000	103000000	663.3917
5000000	103000000	434.1247
6000000	103000000	744.2941
7000000	103000000	463.73398
8000000	103000000	494.37262
9000000	103000000	411.179
10000000	103000000	621.95245
11000000	103000000	454.23712
12000000	103000000	261.1717
13000000	103000000	417.00873
14000000	103000000	475.00092
15000000	103000000	598.77106
16000000	103000000	429.296
17000000	103000000	624.75916
18000000	103000000	460.73087
19000000	103000000	337.4267
20000000	103000000	409.08322
21000000	103000000	406.14438
22000000	103000000	517.88855
23000000	103000000	456.80103
24000000	103000000	521.2099
25000000	103000000	800.4638
26000000	103000000	959.2395
27000000	103000000	517.5482
28000000	103000000	423.77676
29000000	103000000	486.55362
30000000	103000000	509.72318
31000000	103000000	571.33594
32000000	103000000	563.6121
33000000	103000000	536.3078
34000000	103000000	603.3277
35000000	103000000	695.07477
36000000	103000000	1179.1035
37000000	103000000	1212.9506
38000000	103000000	1427.1132
39000000	103000000	1576.0256
40000000	103000000	1660.314
41000000	103000000	1164.2152
42000000	103000000	1242.1323
43000000	103000000	746.9514
44000000	103000000	775.9177
45000000	103000000	662.1962
46000000	103000000	725.2167
47000000	103000000	1327.4958
48000000	103000000	1753.987
49000000	103000000	476.39737
52000000	103000000	1126.913
53000000	103000000	1683.5819
54000000	103000000	2029.3853
55000000	103000000	1311.7859
56000000	103000000	2151.9106
57000000	103000000	3068.475
58000000	103000000	1670.053
59000000	103000000	1622.2673
60000000	103000000	1936.6696
61000000	103000000	1682.027
62000000	103000000	1917.296
63000000	103000000	1950.3732
64000000	103000000	2139.4116
65000000	103000000	2182.39
66000000	103000000	2128.1333
67000000	103000000	1984.2898
68000000	103000000	3149.8562
69000000	103000000	2763.708
70000000	103000000	2103.3074
71000000	103000000	3150.8894
72000000	103000000	2069.6199
73000000	103000000	2263.5256
74000000	103000000	2975.107
75000000	103000000	2812.347
76000000	103000000	3537.5852
77000000	103000000	3103.984
78000000	103000000	3002.5723
79000000	103000000	3202.131
80000000	103000000	2478.2734
81000000	103000000	2990.5356
82000000	103000000	2443.1794
83000000	103000000	3907.3606
84000000	103000000	3831.0386
85000000	103000000	2486.9443
86000000	103000000	3241.555
87000000	103000000	3921.0935
88000000	103000000	3659.5308
89000000	103000000	4659.4497
90000000	103000000	3910.082
91000000	103000000	3479.9453
92000000	103000000	3662.7593
93000000	103000000	3619.909
94000000	103000000	4708.638
95000000	103000000	7104.8296
96000000	103000000	6424.123
97000000	103000000	5220.2524
98000000	103000000	5902.446
99000000	103000000	12586.593
100000000	103000000	18993.89
101000000	103000000	37946.883
102000000	103000000	81674.734
103000000	103000000	440683.75
0	104000000	380.4489
1000000	104000000	295.3958
2000000	104000000	384.88168
3000000	104000000	333.60907
4000000	104000000	406.49713
5000000	104000000	418.94864
6000000	104000000	363.33127
7000000	104000000	333.74152
8000000	104000000	376.6283
9000000	104000000	369.154
10000000	104000000	416.32147
11000000	104000000	508.84424
12000000	104000000	442.19345
13000000	104000000	488.89975
14000000	104000000	529.7926
15000000	104000000	489.28156
16000000	104000000	477.15506
17000000	104000000	590.62695
18000000	104000000	594.1583
19000000	104000000	550.82184
20000000	104000000	643.311
21000000	104000000	557.409
22000000	104000000	599.722
23000000	104000000	633.26746
24000000	104000000	579.95276
25000000	104000000	579.88324
26000000	104000000	606.5989
27000000	104000000	617.9061
28000000	104000000	657.3335
29000000	104000000	652.2185
30000000	104000000	757.17596
31000000	104000000	834.5257
32000000	104000000	816.2652
33000000	104000000	880.71576
34000000	104000000	934.4658
35000000	104000000	963.10876
36000000	104000000	818.82465
37000000	104000000	810.9201
38000000	104000000	558.6464
39000000	104000000	569.8684
40000000	104000000	719.72906
41000000	104000000	938.7631
42000000	104000000	1037.4237
43000000	104000000	1120.5548
44000000	104000000	1093.4702
45000000	104000000	1069.6091
46000000	104000000	1153.3073
47000000	104000000	1143.3777
48000000	104000000	940.86395
49000000	104000000	544.1515
52000000	104000000	1404.3347
53000000	104000000	1581.7985
54000000	104000000	1379.1895
55000000	104000000	1702.4033
56000000	104000000	1901.7416
57000000	104000000	1999.2681
58000000	104000000	2414.576
59000000	104000000	2448.691
60000000	104000000	2766.5813
61000000	104000000	3024.0444
62000000	104000000	2993.0588
63000000	104000000	3082.4976
64000000	104000000	3299.4724
65000000	104000000	3355.2856
66000000	104000000	3375.178
67000000	104000000	3481.9016
68000000	104000000	3248.918
69000000	104000000	2693.0261
70000000	104000000	3026.699
71000000	104000000	2541.8364
72000000	104000000	2857.145
73000000	104000000	2928.4138
74000000	104000000	2576.0535
75000000	104000000	2452.4004
76000000	104000000	2270.9683
77000000	104000000	2235.9424
78000000	104000000	2438.656
79000000	104000000	2357.965
80000000	104000000	3085.7922
81000000	104000000	2892.8413
82000000	104000000	3113.6577
83000000	104000000	2689.9473
84000000	104000000	2951.8613
85000000	104000000	3883.2896
86000000	104000000	3622.596
87000000	104000000	3021.6643
88000000	104000000	3275.7856
89000000	104000000	3365.7214
90000000	104000000	4389.086
91000000	104000000	4842.118
92000000	104000000	5011.478
93000000	104000000	5737.2373
94000000	104000000	6330.049
95000000	104000000	7009.247
96000000	104000000	7318.289
97000000	104000000	8119.5576
98000000	104000000	9257.316
99000000	104000000	9256.563
100000000	104000000	12823.006
101000000	104000000	20448.016
102000000	104000000	27248.45
103000000	104000000	80878.73
104000000	104000000	373888.66
0	105000000	741.3476
1000000	105000000	501.24252
2000000	105000000	677.75806
3000000	105000000	470.5489
4000000	105000000	527.1344
5000000	105000000	338.55316
6000000	105000000	554.22656
7000000	105000000	378.30646
8000000	105000000	428.0058
9000000	105000000	415.20297
10000000	105000000	613.55316
11000000	105000000	437.33105
12000000	105000000	333.80658
13000000	105000000	445.5011
14000000	105000000	481.7335
15000000	105000000	541.132
16000000	105000000	369.72278
17000000	105000000	579.80237
18000000	105000000	415.19333
19000000	105000000	382.759
20000000	105000000	388.03717
21000000	105000000	387.49368
22000000	105000000	499.4212
23000000	105000000	429.57312
24000000	105000000	455.7257
25000000	105000000	625.35504
26000000	105000000	748.58545
27000000	105000000	470.22723
28000000	105000000	473.90707
29000000	105000000	495.56448
30000000	105000000	546.7769
31000000	105000000	543.62897
32000000	105000000	560.10187
33000000	105000000	534.8077
34000000	105000000	587.96027
35000000	105000000	722.9416
36000000	105000000	1180.9102
37000000	105000000	981.7283
38000000	105000000	1409.5703
39000000	105000000	1255.9463
40000000	105000000	1292.87
41000000	105000000	949.7429
42000000	105000000	1002.9388
43000000	105000000	660.0006
44000000	105000000	599.0393
45000000	105000000	723.23895
46000000	105000000	621.77094
47000000	105000000	1029.9148
48000000	105000000	1594.1095
49000000	105000000	384.45258
52000000	105000000	1057.0297
53000000	105000000	1406.0558
54000000	105000000	1922.7925
55000000	105000000	1023.8636
56000000	105000000	1655.0701
57000000	105000000	1784.958
58000000	105000000	1230.4349
59000000	105000000	1544.2429
60000000	105000000	1689.8265
61000000	105000000	1462.7798
62000000	105000000	1605.3792
63000000	105000000	1807.3073
64000000	105000000	1976.1929
65000000	105000000	1796.7126
66000000	105000000	1861.694
67000000	105000000	1696.2007
68000000	105000000	2323.2344
69000000	105000000	2365.6033
70000000	105000000	1687.9567
71000000	105000000	2298.1929
72000000	105000000	1692.8809
73000000	105000000	1778.7286
74000000	105000000	2394.75
75000000	105000000	2107.7227
76000000	105000000	2427.276
77000000	105000000	2028.8374
78000000	105000000	2068.4321
79000000	105000000	2493.9817
80000000	105000000	2195.8726
81000000	105000000	2694.568
82000000	105000000	1788.4205
83000000	105000000	2378.0825
84000000	105000000	2710.2205
85000000	105000000	1849.5486
86000000	105000000	2565.3633
87000000	105000000	3321.052
88000000	105000000	2715.005
89000000	105000000	3300.3267
90000000	105000000	2852.3364
91000000	105000000	2798.0928
92000000	105000000	3284.5908
93000000	105000000	2833.1006
94000000	105000000	3536.3857
95000000	105000000	4542.1284
96000000	105000000	4618.201
97000000	105000000	3470.8428
98000000	105000000	3938.4602
99000000	105000000	7022.327
100000000	105000000	6896.2715
101000000	105000000	8176.141
102000000	105000000	9328.83
103000000	105000000	20931.064
104000000	105000000	75519.9
105000000	105000000	460592.72
0	106000000	628.8106
1000000	106000000	630.75287
2000000	106000000	801.1444
3000000	106000000	573.5749
4000000	106000000	600.2611
5000000	106000000	407.13812
6000000	106000000	667.75226
7000000	106000000	400.22314
8000000	106000000	446.0413
9000000	106000000	439.14255
10000000	106000000	680.0718
11000000	106000000	432.33554
12000000	106000000	267.75513
13000000	106000000	437.39697
14000000	106000000	508.4942
15000000	106000000	569.20306
16000000	106000000	400.2116
17000000	106000000	551.7013
18000000	106000000	451.98822
19000000	106000000	341.72247
20000000	106000000	390.46573
21000000	106000000	322.81622
22000000	106000000	518.74146
23000000	106000000	413.6284
24000000	106000000	494.06564
25000000	106000000	707.65533
26000000	106000000	826.72003
27000000	106000000	512.5711
28000000	106000000	412.44183
29000000	106000000	408.56003
30000000	106000000	523.9383
31000000	106000000	512.10876
32000000	106000000	486.9093
33000000	106000000	541.3755
34000000	106000000	490.9039
35000000	106000000	632.9331
36000000	106000000	1233.4811
37000000	106000000	1036.3416
38000000	106000000	1471.698
39000000	106000000	1464.0588
40000000	106000000	1560.5157
41000000	106000000	1059.0052
42000000	106000000	1181.7596
43000000	106000000	643.27094
44000000	106000000	693.66296
45000000	106000000	666.0639
46000000	106000000	656.11725
47000000	106000000	1193.0886
48000000	106000000	1759.4476
49000000	106000000	539.844
52000000	106000000	1133.3698
53000000	106000000	1531.9092
54000000	106000000	2130.9866
55000000	106000000	1191.7272
56000000	106000000	1897.1722
57000000	106000000	2299.4346
58000000	106000000	1366.9213
59000000	106000000	1465.5225
60000000	106000000	1629.9445
61000000	106000000	1438.3828
62000000	106000000	1534.2617
63000000	106000000	1766.2241
64000000	106000000	1811.3835
65000000	106000000	1715.0643
66000000	106000000	1747.2825
67000000	106000000	1649.9066
68000000	106000000	2707.151
69000000	106000000	2530.0518
70000000	106000000	1637.6283
71000000	106000000	2648.0342
72000000	106000000	1697.8572
73000000	106000000	1944.3873
74000000	106000000	2612.6565
75000000	106000000	2332.0623
76000000	106000000	2856.0938
77000000	106000000	2439.9543
78000000	106000000	2424.598
79000000	106000000	2746.534
80000000	106000000	2140.8022
81000000	106000000	2735.7974
82000000	106000000	1977.931
83000000	106000000	2930.74
84000000	106000000	3163.1377
85000000	106000000	2076.0422
86000000	106000000	2770.389
87000000	106000000	3707.474
88000000	106000000	3199.19
89000000	106000000	3905.0142
90000000	106000000	3061.6658
91000000	106000000	2837.0393
92000000	106000000	3132.0125
93000000	106000000	2763.2363
94000000	106000000	3760.713
95000000	106000000	5167.635
96000000	106000000	4437.095
97000000	106000000	3369.6848
98000000	106000000	3572.8594
99000000	106000000	6967.435
100000000	106000000	6907.9355
101000000	106000000	7099.1235
102000000	106000000	8539.937
103000000	106000000	18983.562
104000000	106000000	37803.266
105000000	106000000	151021.23
106000000	106000000	413199.12
0	107000000	364.95834
1000000	107000000	318.3293
2000000	107000000	345.5004
3000000	107000000	315.24097
4000000	107000000	471.49863
5000000	107000000	396.02933
6000000	107000000	373.84946
7000000	107000000	336.5006
8000000	107000000	385.49774
9000000	107000000	388.36084
10000000	107000000	456.16742
11000000	107000000	526.13806
12000000	107000000	508.68967
13000000	107000000	488.27295
14000000	107000000	522.3431
15000000	107000000	437.88293
16000000	107000000	542.8137
17000000	107000000	578.59515
18000000	107000000	600.81085
19000000	107000000	598.41736
20000000	107000000	674.8601
21000000	107000000	606.30566
22000000	107000000	614.05994
23000000	107000000	629.6361
24000000	107000000	604.3314
25000000	107000000	593.1294
26000000	107000000	550.5442
27000000	107000000	697.74603
28000000	107000000	771.88947
29000000	107000000	721.37946
30000000	107000000	715.5862
31000000	107000000	793.3444
32000000	107000000	876.34564
33000000	107000000	919.5896
34000000	107000000	914.5804
35000000	107000000	883.43854
36000000	107000000	838.89886
37000000	107000000	807.2462
38000000	107000000	581.2968
39000000	107000000	562.8574
40000000	107000000	750.70526
41000000	107000000	950.68365
42000000	107000000	1007.40497
43000000	107000000	1189.243
44000000	107000000	1229.2092
45000000	107000000	1149.398
46000000	107000000	1207.5786
47000000	107000000	1095.0605
48000000	107000000	1010.90344
49000000	107000000	684.21924
52000000	107000000	1445.833
53000000	107000000	1715.6726
54000000	107000000	1457.3118
55000000	107000000	1814.0618
56000000	107000000	1977.251
57000000	107000000	2007.4716
58000000	107000000	2561.8215
59000000	107000000	2467.0159
60000000	107000000	2714.1948
61000000	107000000	2908.42
62000000	107000000	3002.5159
63000000	107000000	2972.039
64000000	107000000	3201.026
65000000	107000000	3469.8206
66000000	107000000	3399.2312
67000000	107000000	3506.4126
68000000	107000000	3153.7532
69000000	107000000	2760.3867
70000000	107000000	2812.6394
71000000	107000000	2438.0752
72000000	107000000	2814.0754
73000000	107000000	3030.4302
74000000	107000000	2443.2876
75000000	107000000	2413.1265
76000000	107000000	2144.3882
77000000	107000000	2109.8064
78000000	107000000	2391.2043
79000000	107000000	2326.2883
80000000	107000000	3180.9705
81000000	107000000	2817.666
82000000	107000000	3092.6458
83000000	107000000	2583.182
84000000	107000000	2899.439
85000000	107000000	4030.375
86000000	107000000	3629.1296
87000000	107000000	3030.1672
88000000	107000000	3221.9097
89000000	107000000	3284.5552
90000000	107000000	4401.9023
91000000	107000000	4837.9585
92000000	107000000	5019.983
93000000	107000000	5866.3203
94000000	107000000	5776.158
95000000	107000000	6424.697
96000000	107000000	6275.8154
97000000	107000000	6962.397
98000000	107000000	7497.3223
99000000	107000000	6597.8755
100000000	107000000	7270.501
101000000	107000000	9154.113
102000000	107000000	8956.942
103000000	107000000	10556.309
104000000	107000000	28000.426
105000000	107000000	26412.309
106000000	107000000	78260.82
107000000	107000000	375823.6
0	108000000	404.03232
1000000	108000000	306.46252
2000000	108000000	392.7079
3000000	108000000	385.85504
4000000	108000000	553.29926
5000000	108000000	450.58173
6000000	108000000	464.4356
7000000	108000000	383.52362
8000000	108000000	432.9727
9000000	108000000	436.53592
10000000	108000000	504.00363
11000000	108000000	506.04236
12000000	108000000	462.5213
13000000	108000000	533.8564
14000000	108000000	471.44788
15000000	108000000	499.68283
16000000	108000000	529.37476
17000000	108000000	626.2448
18000000	108000000	556.0281
19000000	108000000	602.2993
20000000	108000000	668.3539
21000000	108000000	614.7459
22000000	108000000	633.46436
23000000	108000000	648.1064
24000000	108000000	644.6941
25000000	108000000	702.9164
26000000	108000000	669.47595
27000000	108000000	676.31323
28000000	108000000	700.814
29000000	108000000	699.5913
30000000	108000000	624.826
31000000	108000000	773.6746
32000000	108000000	791.95636
33000000	108000000	809.16785
34000000	108000000	825.44666
35000000	108000000	908.2787
36000000	108000000	761.0439
37000000	108000000	829.9472
38000000	108000000	599.9873
39000000	108000000	584.234
40000000	108000000	879.3143
41000000	108000000	1162.7251
42000000	108000000	1152.9596
43000000	108000000	1177.0834
44000000	108000000	1143.9567
45000000	108000000	1072.5454
46000000	108000000	1143.287
47000000	108000000	1121.84
48000000	108000000	1045.3403
49000000	108000000	588.41797
52000000	108000000	1540.6788
53000000	108000000	1762.8878
54000000	108000000	1515.6709
55000000	108000000	1873.1107
56000000	108000000	1902.6678
57000000	108000000	2206.6614
58000000	108000000	2538.0657
59000000	108000000	2264.4233
60000000	108000000	2453.1228
61000000	108000000	2526.1948
62000000	108000000	2595.6636
63000000	108000000	2671.1682
64000000	108000000	2821.4275
65000000	108000000	2944.9233
66000000	108000000	3043.872
67000000	108000000	3082.594
68000000	108000000	2892.078
69000000	108000000	2382.075
70000000	108000000	2506.4314
71000000	108000000	2399.117
72000000	108000000	2517.1907
73000000	108000000	2731.919
74000000	108000000	2432.2783
75000000	108000000	2296.9944
76000000	108000000	2259.1897
77000000	108000000	2225.787
78000000	108000000	2509.0806
79000000	108000000	2351.2896
80000000	108000000	2908.306
81000000	108000000	2619.9941
82000000	108000000	3096.7253
83000000	108000000	2812.649
84000000	108000000	3084.9648
85000000	108000000	3930.9612
86000000	108000000	3542.7712
87000000	108000000	3350.9224
88000000	108000000	3542.8962
89000000	108000000	3508.8147
90000000	108000000	4245.4365
91000000	108000000	4268.0566
92000000	108000000	4390.905
93000000	108000000	4963.2876
94000000	108000000	5251.846
95000000	108000000	5875.104
96000000	108000000	5537.079
97000000	108000000	5743.012
98000000	108000000	6230.259
99000000	108000000	6111.794
100000000	108000000	6535.116
101000000	108000000	7159.739
102000000	108000000	7061.6284
103000000	108000000	7960.264
104000000	108000000	14315.364
105000000	108000000	10537.211
106000000	108000000	17584.121
107000000	108000000	75581.695
108000000	108000000	372050.28
0	109000000	420.63382
1000000	109000000	440.07022
2000000	109000000	543.7804
3000000	109000000	518.7704
4000000	109000000	686.0268
5000000	109000000	585.92426
6000000	109000000	577.2248
7000000	109000000	529.72546
8000000	109000000	602.8464
9000000	109000000	471.77426
10000000	109000000	507.1343
11000000	109000000	498.25616
12000000	109000000	400.84274
13000000	109000000	502.1944
14000000	109000000	500.6843
15000000	109000000	549.893
16000000	109000000	554.43134
17000000	109000000	618.2702
18000000	109000000	513.481
19000000	109000000	493.6286
20000000	109000000	572.11053
21000000	109000000	564.70734
22000000	109000000	530.2351
23000000	109000000	568.0736
24000000	109000000	733.1281
25000000	109000000	834.9248
26000000	109000000	758.6296
27000000	109000000	678.1516
28000000	109000000	616.13684
29000000	109000000	596.42053
30000000	109000000	598.82074
31000000	109000000	650.2942
32000000	109000000	725.6878
33000000	109000000	710.21686
34000000	109000000	733.27747
35000000	109000000	806.07117
36000000	109000000	774.9441
37000000	109000000	959.73285
38000000	109000000	747.60516
39000000	109000000	760.7395
40000000	109000000	1186.0127
41000000	109000000	1352.958
42000000	109000000	1369.1919
43000000	109000000	958.4432
44000000	109000000	985.2743
45000000	109000000	937.8227
46000000	109000000	1005.50885
47000000	109000000	1200.2369
48000000	109000000	1145.4803
49000000	109000000	689.29504
52000000	109000000	1391.529
53000000	109000000	1799.0293
54000000	109000000	1610.5878
55000000	109000000	2031.7686
56000000	109000000	2045.1965
57000000	109000000	2494.0532
58000000	109000000	2351.9001
59000000	109000000	1869.4014
60000000	109000000	2131.3882
61000000	109000000	2316.2202
62000000	109000000	2469.0674
63000000	109000000	2271.7246
64000000	109000000	2371.106
65000000	109000000	2452.1348
66000000	109000000	2495.4092
67000000	109000000	2717.6936
68000000	109000000	2638.5767
69000000	109000000	2205.676
70000000	109000000	2163.1887
71000000	109000000	2219.7598
72000000	109000000	2407.5574
73000000	109000000	2427.7358
74000000	109000000	2625.8215
75000000	109000000	2579.013
76000000	109000000	2646.31
77000000	109000000	2752.7998
78000000	109000000	3018.6052
79000000	109000000	2619.3835
80000000	109000000	2639.6355
81000000	109000000	2600.669
82000000	109000000	3291.2861
83000000	109000000	3329.8018
84000000	109000000	3276.1113
85000000	109000000	3804.2139
86000000	109000000	3523.7512
87000000	109000000	3380.1833
88000000	109000000	3812.559
89000000	109000000	3688.4163
90000000	109000000	4068.98
91000000	109000000	3625.9663
92000000	109000000	3662.7178
93000000	109000000	4279.4746
94000000	109000000	4605.009
95000000	109000000	5409.757
96000000	109000000	4753.651
97000000	109000000	4684.353
98000000	109000000	4842.6025
99000000	109000000	5498.437
100000000	109000000	5731.011
101000000	109000000	5952.4365
102000000	109000000	6043.353
103000000	109000000	6670.2124
104000000	109000000	9088.502
105000000	109000000	6557.567
106000000	109000000	10269.918
107000000	109000000	23009.344
108000000	109000000	111437.65
109000000	109000000	376941.53
0	110000000	510.5893
1000000	110000000	525.51447
2000000	110000000	677.99304
3000000	110000000	543.3578
4000000	110000000	674.2345
5000000	110000000	468.34625
6000000	110000000	642.37976
7000000	110000000	482.10107
8000000	110000000	523.5236
9000000	110000000	409.32236
10000000	110000000	520.12695
11000000	110000000	428.66403
12000000	110000000	299.83136
13000000	110000000	432.0414
14000000	110000000	448.75507
15000000	110000000	506.54153
16000000	110000000	480.79285
17000000	110000000	613.13904
18000000	110000000	447.6354
19000000	110000000	387.02408
20000000	110000000	463.06244
21000000	110000000	410.57217
22000000	110000000	456.5055
23000000	110000000	493.3914
24000000	110000000	641.917
25000000	110000000	800.1661
26000000	110000000	797.0858
27000000	110000000	570.87164
28000000	110000000	498.5771
29000000	110000000	469.24164
30000000	110000000	508.11325
31000000	110000000	551.14886
32000000	110000000	556.3153
33000000	110000000	567.4208
34000000	110000000	600.27454
35000000	110000000	671.8956
36000000	110000000	841.96533
37000000	110000000	970.3258
38000000	110000000	943.30963
39000000	110000000	1114.5967
40000000	110000000	1431.038
41000000	110000000	1267.8416
42000000	110000000	1419.3939
43000000	110000000	792.7332
44000000	110000000	772.08374
45000000	110000000	721.416
46000000	110000000	864.116
47000000	110000000	1185.1376
48000000	110000000	1385.0686
49000000	110000000	603.921
52000000	110000000	1198.5568
53000000	110000000	1550.8824
54000000	110000000	1687.3704
55000000	110000000	1554.0481
56000000	110000000	1960.8195
57000000	110000000	2577.52
58000000	110000000	1692.0972
59000000	110000000	1428.7169
60000000	110000000	1735.7252
61000000	110000000	1686.4379
62000000	110000000	1807.9178
63000000	110000000	1769.473
64000000	110000000	1871.72
65000000	110000000	1973.2288
66000000	110000000	2031.9973
67000000	110000000	1974.2356
68000000	110000000	2669.2463
69000000	110000000	2077.6216
70000000	110000000	1857.1146
71000000	110000000	2370.26
72000000	110000000	1889.5548
73000000	110000000	2124.9539
74000000	110000000	2491.6887
75000000	110000000	2417.278
76000000	110000000	2780.5054
77000000	110000000	2769.643
78000000	110000000	2804.3801
79000000	110000000	2537.133
80000000	110000000	2273.0957
81000000	110000000	2477.7131
82000000	110000000	2594.78
83000000	110000000	3506.786
84000000	110000000	3305.759
85000000	110000000	2946.9553
86000000	110000000	3223.782
87000000	110000000	3373.4805
88000000	110000000	3520.0576
89000000	110000000	3808.2234
90000000	110000000	3584.0232
91000000	110000000	3092.7441
92000000	110000000	3206.1091
93000000	110000000	3265.0354
94000000	110000000	3913.0007
95000000	110000000	4966.7485
96000000	110000000	4172.624
97000000	110000000	3535.0737
98000000	110000000	3556.3738
99000000	110000000	5199.243
100000000	110000000	5006.3623
101000000	110000000	4727.0166
102000000	110000000	4914.6934
103000000	110000000	6484.622
104000000	110000000	6616.651
105000000	110000000	5942.8467
106000000	110000000	8911.043
107000000	110000000	13138.732
108000000	110000000	27851.16
109000000	110000000	88190.56
110000000	110000000	398105.38
0	111000000	343.16986
1000000	111000000	339.7191
2000000	111000000	457.47418
3000000	111000000	400.0176
4000000	111000000	529.7676
5000000	111000000	440.09558
6000000	111000000	433.96405
7000000	111000000	413.14435
8000000	111000000	415.32996
9000000	111000000	428.6578
10000000	111000000	443.5044
11000000	111000000	475.4827
12000000	111000000	370.91962
13000000	111000000	439.68457
14000000	111000000	437.3171
15000000	111000000	437.02557
16000000	111000000	477.35498
17000000	111000000	522.5201
18000000	111000000	479.61047
19000000	111000000	442.0635
20000000	111000000	537.89886
21000000	111000000	505.21558
22000000	111000000	455.60135
23000000	111000000	562.52136
24000000	111000000	559.9997
25000000	111000000	630.9851
26000000	111000000	607.6494
27000000	111000000	618.78674
28000000	111000000	548.8889
29000000	111000000	563.5302
30000000	111000000	599.7654
31000000	111000000	610.36176
32000000	111000000	671.92004
33000000	111000000	684.6309
34000000	111000000	759.1758
35000000	111000000	778.1384
36000000	111000000	749.77155
37000000	111000000	850.0278
38000000	111000000	706.82605
39000000	111000000	703.1374
40000000	111000000	1029.537
41000000	111000000	1145.7054
42000000	111000000	1123.6486
43000000	111000000	973.3187
44000000	111000000	978.6485
45000000	111000000	918.1127
46000000	111000000	980.0328
47000000	111000000	999.39685
48000000	111000000	1037.3176
49000000	111000000	575.8336
52000000	111000000	1143.728
53000000	111000000	1538.8494
54000000	111000000	1368.1206
55000000	111000000	1630.1932
56000000	111000000	1658.4236
57000000	111000000	1944.2896
58000000	111000000	2087.2559
59000000	111000000	1887.0093
60000000	111000000	1978.0316
61000000	111000000	2091.0322
62000000	111000000	2367.4294
63000000	111000000	2122.637
64000000	111000000	2289.9534
65000000	111000000	2539.916
66000000	111000000	2567.7825
67000000	111000000	2557.8896
68000000	111000000	2585.8704
69000000	111000000	2126.1257
70000000	111000000	2245.5457
71000000	111000000	2155.9436
72000000	111000000	2252.8794
73000000	111000000	2421.0505
74000000	111000000	2339.4897
75000000	111000000	2272.0496
76000000	111000000	2115.6047
77000000	111000000	2200.1252
78000000	111000000	2369.117
79000000	111000000	2312.0654
80000000	111000000	2546.4636
81000000	111000000	2443.5486
82000000	111000000	2909.5608
83000000	111000000	2705.9612
84000000	111000000	2982.6519
85000000	111000000	3668.251
86000000	111000000	3617.5398
87000000	111000000	3192.4434
88000000	111000000	3295.2612
89000000	111000000	3223.7483
90000000	111000000	3939.406
91000000	111000000	3851.089
92000000	111000000	3778.2146
93000000	111000000	4394.6074
94000000	111000000	4643.0386
95000000	111000000	5032.521
96000000	111000000	4693.901
97000000	111000000	4594.906
98000000	111000000	4721.825
99000000	111000000	4580.6216
100000000	111000000	4622.6577
101000000	111000000	5114.6895
102000000	111000000	5099.6973
103000000	111000000	4991.0464
104000000	111000000	6645.0854
105000000	111000000	4961.6455
106000000	111000000	6503.201
107000000	111000000	12216.721
108000000	111000000	18550.975
109000000	111000000	31370.154
110000000	111000000	118695.72
111000000	111000000	375651.72
0	112000000	274.1814
1000000	112000000	233.68056
2000000	112000000	267.86423
3000000	112000000	238.02066
4000000	112000000	390.49408
5000000	112000000	362.5159
6000000	112000000	304.87003
7000000	112000000	284.2777
8000000	112000000	297.8421
9000000	112000000	320.64377
10000000	112000000	363.68555
11000000	112000000	410.67587
12000000	112000000	413.7692
13000000	112000000	414.6151
14000000	112000000	394.9394
15000000	112000000	367.04562
16000000	112000000	432.71555
17000000	112000000	448.61014
18000000	112000000	511.07407
19000000	112000000	450.08063
20000000	112000000	506.56375
21000000	112000000	532.9445
22000000	112000000	488.74332
23000000	112000000	563.33417
24000000	112000000	535.4505
25000000	112000000	488.23917
26000000	112000000	466.16455
27000000	112000000	591.8842
28000000	112000000	602.84155
29000000	112000000	657.7693
30000000	112000000	652.02045
31000000	112000000	629.26855
32000000	112000000	719.51495
33000000	112000000	784.4715
34000000	112000000	804.5636
35000000	112000000	816.4318
36000000	112000000	613.03595
37000000	112000000	639.47064
38000000	112000000	435.78317
39000000	112000000	417.85883
40000000	112000000	653.6538
41000000	112000000	930.4078
42000000	112000000	1007.4726
43000000	112000000	1052.585
44000000	112000000	1059.5227
45000000	112000000	971.0395
46000000	112000000	1064.5098
47000000	112000000	893.8837
48000000	112000000	706.9142
49000000	112000000	517.649
52000000	112000000	1149.4596
53000000	112000000	1342.86
54000000	112000000	1036.3424
55000000	112000000	1518.0276
56000000	112000000	1454.8707
57000000	112000000	1513.6979
58000000	112000000	2118.4058
59000000	112000000	2000.147
60000000	112000000	2366.909
61000000	112000000	2513.0532
62000000	112000000	2638.2603
63000000	112000000	2504.5771
64000000	112000000	2554.6921
65000000	112000000	2931.7612
66000000	112000000	3026.9993
67000000	112000000	3169.3872
68000000	112000000	2477.6462
69000000	112000000	2169.8298
70000000	112000000	2423.325
71000000	112000000	2039.7069
72000000	112000000	2486.506
73000000	112000000	2494.5227
74000000	112000000	2232.1624
75000000	112000000	2131.9868
76000000	112000000	1658.8876
77000000	112000000	1699.1094
78000000	112000000	2043.8092
79000000	112000000	2212.7874
80000000	112000000	2932.1472
81000000	112000000	2483.3752
82000000	112000000	2948.2354
83000000	112000000	2138.5024
84000000	112000000	2701.9778
85000000	112000000	3895.1504
86000000	112000000	3681.7478
87000000	112000000	2942.469
88000000	112000000	3012.7058
89000000	112000000	2823.7532
90000000	112000000	4244.061
91000000	112000000	4342.465
92000000	112000000	4525.399
93000000	112000000	5204.0244
94000000	112000000	5154.161
95000000	112000000	5004.3906
96000000	112000000	4977.6387
97000000	112000000	5307.4165
98000000	112000000	5349.6895
99000000	112000000	4217.7153
100000000	112000000	4414.7715
101000000	112000000	5026.812
102000000	112000000	4780.7915
103000000	112000000	3933.3206
104000000	112000000	6739.306
105000000	112000000	4176.6377
106000000	112000000	4748.969
107000000	112000000	11312.874
108000000	112000000	14063.825
109000000	112000000	17656.584
110000000	112000000	26926.807
111000000	112000000	82312.98
112000000	112000000	397824.84
0	113000000	496.6518
1000000	113000000	545.98645
2000000	113000000	794.7171
3000000	113000000	592.5479
4000000	113000000	638.9753
5000000	113000000	414.27197
6000000	113000000	675.91876
7000000	113000000	449.55127
8000000	113000000	482.6568
9000000	113000000	419.74197
10000000	113000000	561.2165
11000000	113000000	384.18005
12000000	113000000	248.57808
13000000	113000000	389.54196
14000000	113000000	383.01157
15000000	113000000	564.6004
16000000	113000000	415.71777
17000000	113000000	542.9392
18000000	113000000	415.88147
19000000	113000000	289.33075
20000000	113000000	376.58804
21000000	113000000	338.26395
22000000	113000000	430.03534
23000000	113000000	393.6077
24000000	113000000	524.09534
25000000	113000000	751.41095
26000000	113000000	808.6246
27000000	113000000	430.35754
28000000	113000000	389.08777
29000000	113000000	369.9836
30000000	113000000	456.3412
31000000	113000000	433.83582
32000000	113000000	449.90002
33000000	113000000	460.08612
34000000	113000000	514.7623
35000000	113000000	671.85516
36000000	113000000	956.6399
37000000	113000000	1029.3499
38000000	113000000	1218.2632
39000000	113000000	1373.5021
40000000	113000000	1662.6594
41000000	113000000	1178.2717
42000000	113000000	1356.909
43000000	113000000	647.6902
44000000	113000000	686.6437
45000000	113000000	587.2635
46000000	113000000	680.17804
47000000	113000000	1175.9724
48000000	113000000	1513.5018
49000000	113000000	261.23547
52000000	113000000	1037.5616
53000000	113000000	1453.3121
54000000	113000000	1795.8638
55000000	113000000	1210.7961
56000000	113000000	1945.782
57000000	113000000	2469.5674
58000000	113000000	1363.295
59000000	113000000	1245.3009
60000000	113000000	1491.7612
61000000	113000000	1355.9067
62000000	113000000	1573.5507
63000000	113000000	1520.3708
64000000	113000000	1586.0919
65000000	113000000	1721.4246
66000000	113000000	1744.0132
67000000	113000000	1711.1077
68000000	113000000	2668.583
69000000	113000000	2216.0127
70000000	113000000	1721.1753
71000000	113000000	2617.1382
72000000	113000000	1769.9272
73000000	113000000	2023.3926
74000000	113000000	2615.8523
75000000	113000000	2450.658
76000000	113000000	3007.1294
77000000	113000000	2767.5112
78000000	113000000	2796.4568
79000000	113000000	2820.0515
80000000	113000000	2185.4175
81000000	113000000	2604.7473
82000000	113000000	2274.3643
83000000	113000000	3619.8416
84000000	113000000	3511.191
85000000	113000000	2442.1304
86000000	113000000	3252.8135
87000000	113000000	3932.3083
88000000	113000000	3627.2917
89000000	113000000	4305.017
90000000	113000000	3564.1357
91000000	113000000	3024.1235
92000000	113000000	2920.8833
93000000	113000000	2960.366
94000000	113000000	3619.182
95000000	113000000	5157.497
96000000	113000000	3751.9675
97000000	113000000	2802.1157
98000000	113000000	2820.5942
99000000	113000000	4999.164
100000000	113000000	4554.583
101000000	113000000	4024.8535
102000000	113000000	4273.064
103000000	113000000	6319.038
104000000	113000000	4583.077
105000000	113000000	5565.4087
106000000	113000000	7472.628
107000000	113000000	6830.5825
108000000	113000000	8803.518
109000000	113000000	11191.183
110000000	113000000	19358.709
111000000	113000000	23930.44
112000000	113000000	72262.56
113000000	113000000	446664.97
0	114000000	434.22375
1000000	114000000	467.5716
2000000	114000000	649.1623
3000000	114000000	511.41504
4000000	114000000	566.50073
5000000	114000000	346.83798
6000000	114000000	533.0949
7000000	114000000	361.22797
8000000	114000000	377.0752
9000000	114000000	370.67987
10000000	114000000	520.7274
11000000	114000000	397.30725
12000000	114000000	195.93954
13000000	114000000	351.14606
14000000	114000000	400.12277
15000000	114000000	516.6278
16000000	114000000	355.404
17000000	114000000	484.65485
18000000	114000000	341.38174
19000000	114000000	260.02438
20000000	114000000	308.01468
21000000	114000000	275.06454
22000000	114000000	430.47415
23000000	114000000	379.0741
24000000	114000000	436.13486
25000000	114000000	619.5129
26000000	114000000	768.77386
27000000	114000000	454.6719
28000000	114000000	342.1107
29000000	114000000	378.0305
30000000	114000000	414.74146
31000000	114000000	428.81384
32000000	114000000	440.58136
33000000	114000000	433.8036
34000000	114000000	466.87247
35000000	114000000	602.4704
36000000	114000000	1016.84973
37000000	114000000	866.7381
38000000	114000000	1165.732
39000000	114000000	1207.328
40000000	114000000	1523.7019
41000000	114000000	1079.048
42000000	114000000	1151.8108
43000000	114000000	597.0464
44000000	114000000	616.2253
45000000	114000000	512.45544
46000000	114000000	651.57587
47000000	114000000	1059.2019
48000000	114000000	1313.0275
49000000	114000000	313.9356
52000000	114000000	841.44714
53000000	114000000	1360.5271
54000000	114000000	1668.5137
55000000	114000000	1109.1084
56000000	114000000	1647.9287
57000000	114000000	2035.7144
58000000	114000000	1261.9375
59000000	114000000	1316.7848
60000000	114000000	1448.9093
61000000	114000000	1256.2089
62000000	114000000	1402.8678
63000000	114000000	1329.973
64000000	114000000	1492.4299
65000000	114000000	1483.3572
66000000	114000000	1482.5734
67000000	114000000	1660.459
68000000	114000000	2397.122
69000000	114000000	2251.318
70000000	114000000	1691.2561
71000000	114000000	2595.663
72000000	114000000	1649.7844
73000000	114000000	1802.2335
74000000	114000000	2573.6885
75000000	114000000	2488.18
76000000	114000000	2738.3093
77000000	114000000	2503.9763
78000000	114000000	2433.7263
79000000	114000000	2903.205
80000000	114000000	2282.078
81000000	114000000	2891.5955
82000000	114000000	2246.9602
83000000	114000000	3079.9185
84000000	114000000	3411.0547
85000000	114000000	2307.382
86000000	114000000	3273.574
87000000	114000000	4024.0432
88000000	114000000	3279.2188
89000000	114000000	4065.2559
90000000	114000000	3474.985
91000000	114000000	2953.0417
92000000	114000000	2949.0583
93000000	114000000	2799.5813
94000000	114000000	3585.3645
95000000	114000000	4713.292
96000000	114000000	3880.1143
97000000	114000000	2548.6836
98000000	114000000	2347.1187
99000000	114000000	4515.218
100000000	114000000	4088.671
101000000	114000000	3729.4011
102000000	114000000	3932.9624
103000000	114000000	5353.032
104000000	114000000	4066.1267
105000000	114000000	5861.264
106000000	114000000	6838.7324
107000000	114000000	5698.561
108000000	114000000	6555.8584
109000000	114000000	7536.182
110000000	114000000	10902.98
111000000	114000000	12252.852
112000000	114000000	18191.75
113000000	114000000	66742.914
114000000	114000000	432987.2
0	115000000	259.21817
1000000	115000000	191.05296
2000000	115000000	260.14197
3000000	115000000	253.00984
4000000	115000000	347.02264
5000000	115000000	289.80002
6000000	115000000	272.95172
7000000	115000000	252.9377
8000000	115000000	262.4748
9000000	115000000	261.5826
10000000	115000000	313.49463
11000000	115000000	360.65826
12000000	115000000	363.1541
13000000	115000000	349.92722
14000000	115000000	343.26114
15000000	115000000	313.94012
16000000	115000000	337.0994
17000000	115000000	386.35712
18000000	115000000	409.56323
19000000	115000000	396.31885
20000000	115000000	455.47076
21000000	115000000	436.34674
22000000	115000000	441.49265
23000000	115000000	462.97473
24000000	115000000	422.9721
25000000	115000000	416.04535
26000000	115000000	442.12805
27000000	115000000	528.73755
28000000	115000000	523.2029
29000000	115000000	563.0094
30000000	115000000	469.90018
31000000	115000000	639.8352
32000000	115000000	603.7023
33000000	115000000	685.1255
34000000	115000000	744.1222
35000000	115000000	794.67175
36000000	115000000	615.13995
37000000	115000000	628.43964
38000000	115000000	434.01987
39000000	115000000	375.05835
40000000	115000000	623.4619
41000000	115000000	790.846
42000000	115000000	856.2247
43000000	115000000	945.6501
44000000	115000000	792.50757
45000000	115000000	855.5503
46000000	115000000	857.10284
47000000	115000000	820.93634
48000000	115000000	622.43756
49000000	115000000	446.94638
52000000	115000000	935.6587
53000000	115000000	1218.052
54000000	115000000	928.61017
55000000	115000000	1327.1962
56000000	115000000	1297.7781
57000000	115000000	1360.0273
58000000	115000000	1777.5328
59000000	115000000	1719.9594
60000000	115000000	2051.2126
61000000	115000000	2095.0776
62000000	115000000	2276.264
63000000	115000000	2135.5654
64000000	115000000	2306.7444
65000000	115000000	2521.3005
66000000	115000000	2630.2507
67000000	115000000	2607.9731
68000000	115000000	2184.7473
69000000	115000000	2079.5952
70000000	115000000	2286.3333
71000000	115000000	1942.1663
72000000	115000000	2179.8765
73000000	115000000	2255.2722
74000000	115000000	2095.2039
75000000	115000000	2011.5322
76000000	115000000	1599.871
77000000	115000000	1723.5255
78000000	115000000	2010.5011
79000000	115000000	2003.9724
80000000	115000000	2659.194
81000000	115000000	2511.6335
82000000	115000000	2745.6006
83000000	115000000	1974.6494
84000000	115000000	2541.2485
85000000	115000000	3547.4592
86000000	115000000	3547.3223
87000000	115000000	2785.4258
88000000	115000000	2940.7793
89000000	115000000	2748.7625
90000000	115000000	3967.133
91000000	115000000	4094.1614
92000000	115000000	4135.62
93000000	115000000	4688.655
94000000	115000000	4692.136
95000000	115000000	4515.03
96000000	115000000	4267.4834
97000000	115000000	4662.1123
98000000	115000000	4585.464
99000000	115000000	3517.472
100000000	115000000	3709.8179
101000000	115000000	4300.3833
102000000	115000000	4135.01
103000000	115000000	3296.5076
104000000	115000000	5425.0225
105000000	115000000	3400.9458
106000000	115000000	3783.7764
107000000	115000000	7127.9604
108000000	115000000	7428.105
109000000	115000000	7612.5244
110000000	115000000	7673.286
111000000	115000000	12152.067
112000000	115000000	20791.13
113000000	115000000	23744.29
114000000	115000000	103799.86
115000000	115000000	381391.62
0	116000000	421.8788
1000000	116000000	252.20293
2000000	116000000	303.5574
3000000	116000000	206.23007
4000000	116000000	310.70694
5000000	116000000	289.58997
6000000	116000000	295.63
7000000	116000000	236.20459
8000000	116000000	244.64146
9000000	116000000	305.4103
10000000	116000000	390.30038
11000000	116000000	426.99582
12000000	116000000	335.8109
13000000	116000000	378.1655
14000000	116000000	409.56464
15000000	116000000	379.66193
16000000	116000000	327.88477
17000000	116000000	363.87766
18000000	116000000	405.85583
19000000	116000000	384.12476
20000000	116000000	402.0988
21000000	116000000	400.3979
22000000	116000000	432.78314
23000000	116000000	457.19635
24000000	116000000	379.5073
25000000	116000000	415.00113
26000000	116000000	472.98004
27000000	116000000	495.4513
28000000	116000000	465.33832
29000000	116000000	520.1408
30000000	116000000	499.5455
31000000	116000000	528.4096
32000000	116000000	572.8392
33000000	116000000	563.7691
34000000	116000000	601.0467
35000000	116000000	708.14386
36000000	116000000	747.37946
37000000	116000000	620.0895
38000000	116000000	579.4303
39000000	116000000	504.1008
40000000	116000000	688.2483
41000000	116000000	708.0844
42000000	116000000	851.58777
43000000	116000000	720.7919
44000000	116000000	731.64996
45000000	116000000	715.95856
46000000	116000000	798.9484
47000000	116000000	871.6127
48000000	116000000	826.59906
49000000	116000000	378.21295
52000000	116000000	852.4648
53000000	116000000	1108.786
54000000	116000000	1091.4509
55000000	116000000	1054.2074
56000000	116000000	1186.0902
57000000	116000000	1178.267
58000000	116000000	1258.344
59000000	116000000	1594.1301
60000000	116000000	1711.7511
61000000	116000000	1569.413
62000000	116000000	1694.0968
63000000	116000000	1734.8175
64000000	116000000	2028.4636
65000000	116000000	1972.499
66000000	116000000	2037.631
67000000	116000000	1937.1493
68000000	116000000	2019.1293
69000000	116000000	2409.9739
70000000	116000000	2160.1726
71000000	116000000	1908.723
72000000	116000000	1873.2488
73000000	116000000	1996.8395
74000000	116000000	2027.7549
75000000	116000000	1884.7148
76000000	116000000	1590.0226
77000000	116000000	1414.1254
78000000	116000000	1588.4377
79000000	116000000	1960.7555
80000000	116000000	2501.646
81000000	116000000	2300.4116
82000000	116000000	1992.7194
83000000	116000000	1779.3467
84000000	116000000	2220.4817
85000000	116000000	2600.77
86000000	116000000	2806.8423
87000000	116000000	3342.7712
88000000	116000000	2605.226
89000000	116000000	2721.2292
90000000	116000000	3253.3203
91000000	116000000	3412.5427
92000000	116000000	3820.8347
93000000	116000000	3757.77
94000000	116000000	4057.1133
95000000	116000000	3999.838
96000000	116000000	3891.0706
97000000	116000000	3706.1404
98000000	116000000	3820.5183
99000000	116000000	3755.463
100000000	116000000	3805.115
101000000	116000000	4040.4773
102000000	116000000	3797.662
103000000	116000000	4167.651
104000000	116000000	5516.535
105000000	116000000	5779.3076
106000000	116000000	5220.302
107000000	116000000	6349.258
108000000	116000000	5950.678
109000000	116000000	5677.486
110000000	116000000	6316.9966
111000000	116000000	8165.6226
112000000	116000000	12219.938
113000000	116000000	12970.321
114000000	116000000	24742.574
115000000	116000000	65179.914
116000000	116000000	428130.5
0	117000000	292.1435
1000000	117000000	168.35484
2000000	117000000	203.3901
3000000	117000000	166.2903
4000000	117000000	284.4929
5000000	117000000	251.86758
6000000	117000000	237.58102
7000000	117000000	192.0893
8000000	117000000	197.30872
9000000	117000000	264.24756
10000000	117000000	272.90936
11000000	117000000	322.86664
12000000	117000000	331.251
13000000	117000000	352.77078
14000000	117000000	340.13907
15000000	117000000	325.1802
16000000	117000000	315.01736
17000000	117000000	363.92108
18000000	117000000	441.34897
19000000	117000000	386.058
20000000	117000000	380.6829
21000000	117000000	440.132
22000000	117000000	398.83994
23000000	117000000	433.7445
24000000	117000000	365.0821
25000000	117000000	353.1784
26000000	117000000	337.2705
27000000	117000000	429.00497
28000000	117000000	493.40707
29000000	117000000	513.76776
30000000	117000000	506.6052
31000000	117000000	505.15002
32000000	117000000	579.8904
33000000	117000000	628.4882
34000000	117000000	703.6085
35000000	117000000	619.27795
36000000	117000000	512.84064
37000000	117000000	509.7245
38000000	117000000	346.07803
39000000	117000000	332.10382
40000000	117000000	443.96167
41000000	117000000	611.55585
42000000	117000000	684.64594
43000000	117000000	830.8564
44000000	117000000	760.14685
45000000	117000000	819.2143
46000000	117000000	849.4324
47000000	117000000	740.06287
48000000	117000000	516.63556
49000000	117000000	375.90897
52000000	117000000	838.2714
53000000	117000000	936.26605
54000000	117000000	763.74335
55000000	117000000	1044.1111
56000000	117000000	1030.9395
57000000	117000000	999.82965
58000000	117000000	1436.8002
59000000	117000000	1607.1262
60000000	117000000	1734.0171
61000000	117000000	1840.1261
62000000	117000000	1955.7229
63000000	117000000	1923.0662
64000000	117000000	1995.0344
65000000	117000000	2212.323
66000000	117000000	2302.4062
67000000	117000000	2357.4177
68000000	117000000	1762.414
69000000	117000000	1808.4727
70000000	117000000	2106.5938
71000000	117000000	1518.5901
72000000	117000000	1887.1273
73000000	117000000	2173.0803
74000000	117000000	1729.3402
75000000	117000000	1656.6558
76000000	117000000	1246.051
77000000	117000000	1246.8119
78000000	117000000	1379.2355
79000000	117000000	1571.2184
80000000	117000000	2450.667
81000000	117000000	2022.9187
82000000	117000000	2232.0889
83000000	117000000	1559.235
84000000	117000000	1964.3438
85000000	117000000	3011.248
86000000	117000000	2701.8313
87000000	117000000	2421.5698
88000000	117000000	2446.3047
89000000	117000000	2121.5254
90000000	117000000	3188.6545
91000000	117000000	3603.307
92000000	117000000	3669.0696
93000000	117000000	4278.805
94000000	117000000	3885.5862
95000000	117000000	3636.596
96000000	117000000	3553.9648
97000000	117000000	4274.818
98000000	117000000	4287.7773
99000000	117000000	3061.14
100000000	117000000	3430.8076
101000000	117000000	3892.3
102000000	117000000	3654.69
103000000	117000000	3128.0842
104000000	117000000	5259.8433
105000000	117000000	3313.2627
106000000	117000000	3404.6863
107000000	117000000	6203.031
108000000	117000000	5822.144
109000000	117000000	5473.022
110000000	117000000	5078.2393
111000000	117000000	7649.7573
112000000	117000000	11099.363
113000000	117000000	8441.101
114000000	117000000	12213.572
115000000	117000000	31435.727
116000000	117000000	95608.586
117000000	117000000	396048.0
0	118000000	274.27094
1000000	118000000	165.89168
2000000	118000000	202.77621
3000000	118000000	197.08978
4000000	118000000	281.1774
5000000	118000000	290.25647
6000000	118000000	211.03142
7000000	118000000	207.39078
8000000	118000000	221.20157
9000000	118000000	286.50873
10000000	118000000	309.07324
11000000	118000000	350.28006
12000000	118000000	404.58646
13000000	118000000	337.10727
14000000	118000000	367.2003
15000000	118000000	290.25436
16000000	118000000	375.6948
17000000	118000000	356.05203
18000000	118000000	421.7904
19000000	118000000	458.11627
20000000	118000000	482.5196
21000000	118000000	431.2217
22000000	118000000	404.08997
23000000	118000000	519.81256
24000000	118000000	421.19226
25000000	118000000	405.67096
26000000	118000000	328.7073
27000000	118000000	464.09814
28000000	118000000	529.09
29000000	118000000	571.3158
30000000	118000000	503.9781
31000000	118000000	501.16858
32000000	118000000	589.01794
33000000	118000000	615.9675
34000000	118000000	688.4565
35000000	118000000	677.4465
36000000	118000000	510.9409
37000000	118000000	486.86694
38000000	118000000	321.77863
39000000	118000000	277.25064
40000000	118000000	420.72693
41000000	118000000	638.9875
42000000	118000000	712.1167
43000000	118000000	890.2525
44000000	118000000	825.98
45000000	118000000	906.24725
46000000	118000000	864.34607
47000000	118000000	670.47626
48000000	118000000	495.12286
49000000	118000000	322.3772
52000000	118000000	915.323
53000000	118000000	950.1821
54000000	118000000	729.1689
55000000	118000000	1160.3969
56000000	118000000	1085.3076
57000000	118000000	946.5467
58000000	118000000	1572.6299
59000000	118000000	1752.3108
60000000	118000000	1890.9021
61000000	118000000	2080.0496
62000000	118000000	2073.409
63000000	118000000	1984.8058
64000000	118000000	1998.4186
65000000	118000000	2308.1023
66000000	118000000	2399.4844
67000000	118000000	2393.0889
68000000	118000000	1866.9308
69000000	118000000	1669.3563
70000000	118000000	2109.8804
71000000	118000000	1543.3679
72000000	118000000	2029.9435
73000000	118000000	2122.7646
74000000	118000000	1709.0255
75000000	118000000	1575.5134
76000000	118000000	1249.9425
77000000	118000000	1270.023
78000000	118000000	1463.5128
79000000	118000000	1566.9535
80000000	118000000	2432.6387
81000000	118000000	2013.9514
82000000	118000000	2413.2185
83000000	118000000	1603.7234
84000000	118000000	2074.66
85000000	118000000	3327.4187
86000000	118000000	2758.1118
87000000	118000000	2340.423
88000000	118000000	2430.1326
89000000	118000000	2095.7793
90000000	118000000	3295.4316
91000000	118000000	3658.012
92000000	118000000	3628.2795
93000000	118000000	4431.535
94000000	118000000	4071.716
95000000	118000000	3646.1125
96000000	118000000	3772.0957
97000000	118000000	4706.4893
98000000	118000000	4687.7915
99000000	118000000	3038.045
100000000	118000000	3515.277
101000000	118000000	3909.267
102000000	118000000	3752.7483
103000000	118000000	2971.281
104000000	118000000	5213.4814
105000000	118000000	2910.942
106000000	118000000	2933.0562
107000000	118000000	6483.2944
108000000	118000000	6197.9136
109000000	118000000	5559.5254
110000000	118000000	4858.7935
111000000	118000000	7220.0854
112000000	118000000	10146.151
113000000	118000000	7058.31
114000000	118000000	8985.893
115000000	118000000	20424.258
116000000	118000000	29728.812
117000000	118000000	100987.98
118000000	118000000	409769.1
0	119000000	336.08936
1000000	119000000	338.9068
2000000	119000000	415.43692
3000000	119000000	311.73837
4000000	119000000	419.82156
5000000	119000000	332.56583
6000000	119000000	408.77988
7000000	119000000	299.47397
8000000	119000000	329.22427
9000000	119000000	292.32047
10000000	119000000	342.56754
11000000	119000000	337.25308
12000000	119000000	295.10397
13000000	119000000	332.18976
14000000	119000000	309.31036
15000000	119000000	374.94995
16000000	119000000	336.94873
17000000	119000000	430.27686
18000000	119000000	370.08517
19000000	119000000	280.5275
20000000	119000000	352.18686
21000000	119000000	328.63834
22000000	119000000	348.73538
23000000	119000000	418.19547
24000000	119000000	444.25412
25000000	119000000	505.78467
26000000	119000000	517.5864
27000000	119000000	395.48434
28000000	119000000	392.20975
29000000	119000000	380.6164
30000000	119000000	428.94885
31000000	119000000	386.4447
32000000	119000000	436.9981
33000000	119000000	421.87924
34000000	119000000	483.4983
35000000	119000000	539.7281
36000000	119000000	591.21063
37000000	119000000	641.27094
38000000	119000000	581.28204
39000000	119000000	695.3817
40000000	119000000	897.73193
41000000	119000000	881.24414
42000000	119000000	992.998
43000000	119000000	692.67334
44000000	119000000	674.79846
45000000	119000000	629.10345
46000000	119000000	627.453
47000000	119000000	933.0166
48000000	119000000	1011.9566
49000000	119000000	440.51318
52000000	119000000	1017.40753
53000000	119000000	1152.384
54000000	119000000	1156.0735
55000000	119000000	1094.7549
56000000	119000000	1464.2917
57000000	119000000	1791.1385
58000000	119000000	1374.4723
59000000	119000000	1205.9835
60000000	119000000	1413.8708
61000000	119000000	1328.5974
62000000	119000000	1485.4778
63000000	119000000	1384.5413
64000000	119000000	1519.5559
65000000	119000000	1599.0276
66000000	119000000	1789.7341
67000000	119000000	1785.3445
68000000	119000000	2204.73
69000000	119000000	1800.8423
70000000	119000000	1605.059
71000000	119000000	1834.7771
72000000	119000000	1731.5352
73000000	119000000	1942.795
74000000	119000000	2020.7218
75000000	119000000	1921.2236
76000000	119000000	2051.372
77000000	119000000	2133.552
78000000	119000000	2206.612
79000000	119000000	2129.297
80000000	119000000	2085.767
81000000	119000000	2040.9698
82000000	119000000	2223.2314
83000000	119000000	2860.9226
84000000	119000000	2720.5295
85000000	119000000	2641.7324
86000000	119000000	2743.5642
87000000	119000000	2841.2727
88000000	119000000	2978.3145
89000000	119000000	3235.993
90000000	119000000	3213.4202
91000000	119000000	2871.308
92000000	119000000	2697.0825
93000000	119000000	3166.8635
94000000	119000000	3466.0576
95000000	119000000	4226.818
96000000	119000000	3203.1318
97000000	119000000	3065.0684
98000000	119000000	3083.5005
99000000	119000000	3973.5588
100000000	119000000	3816.613
101000000	119000000	3504.0574
102000000	119000000	3509.4617
103000000	119000000	4297.6836
104000000	119000000	4282.4966
105000000	119000000	3118.5847
106000000	119000000	3804.9402
107000000	119000000	5107.865
108000000	119000000	5476.7617
109000000	119000000	5734.2954
110000000	119000000	5970.1387
111000000	119000000	6309.935
112000000	119000000	7085.851
113000000	119000000	9230.854
114000000	119000000	10541.699
115000000	119000000	13538.897
116000000	119000000	20169.367
117000000	119000000	37907.254
118000000	119000000	75821.93
119000000	119000000	392007.78
0	120000000	281.8613
1000000	120000000	274.57257
2000000	120000000	353.19046
3000000	120000000	330.46292
4000000	120000000	392.87625
5000000	120000000	358.13953
6000000	120000000	333.7608
7000000	120000000	277.12964
8000000	120000000	356.54285
9000000	120000000	295.48477
10000000	120000000	336.26334
11000000	120000000	361.55276
12000000	120000000	283.8763
13000000	120000000	376.5639
14000000	120000000	344.5046
15000000	120000000	362.02454
16000000	120000000	356.42923
17000000	120000000	407.61722
18000000	120000000	391.4714
19000000	120000000	356.19043
20000000	120000000	404.77866
21000000	120000000	412.12717
22000000	120000000	381.65723
23000000	120000000	404.62686
24000000	120000000	424.5687
25000000	120000000	569.37256
26000000	120000000	488.06335
27000000	120000000	439.06433
28000000	120000000	471.78183
29000000	120000000	442.93872
30000000	120000000	445.80453
31000000	120000000	497.75546
32000000	120000000	565.4125
33000000	120000000	541.75696
34000000	120000000	617.87756
35000000	120000000	627.7715
36000000	120000000	567.91095
37000000	120000000	625.86035
38000000	120000000	486.26837
39000000	120000000	567.9128
40000000	120000000	783.7939
41000000	120000000	889.6853
42000000	120000000	896.2441
43000000	120000000	804.01215
44000000	120000000	810.72815
45000000	120000000	726.04596
46000000	120000000	811.02185
47000000	120000000	899.64307
48000000	120000000	773.1895
49000000	120000000	421.77075
52000000	120000000	1013.9073
53000000	120000000	1094.4906
54000000	120000000	1040.9243
55000000	120000000	1215.1824
56000000	120000000	1430.3281
57000000	120000000	1526.294
58000000	120000000	1631.4534
59000000	120000000	1541.1995
60000000	120000000	1611.3746
61000000	120000000	1643.4375
62000000	120000000	1730.8613
63000000	120000000	1633.9734
64000000	120000000	1737.3157
65000000	120000000	1949.1318
66000000	120000000	1999.2905
67000000	120000000	2047.7275
68000000	120000000	2071.039
69000000	120000000	1622.6995
70000000	120000000	1854.1439
71000000	120000000	1734.65
72000000	120000000	1768.2869
73000000	120000000	1917.4993
74000000	120000000	1896.6003
75000000	120000000	1921.4221
76000000	120000000	1857.4818
77000000	120000000	1825.0547
78000000	120000000	1994.4579
79000000	120000000	1908.8585
80000000	120000000	2301.3843
81000000	120000000	2037.1571
82000000	120000000	2396.3164
83000000	120000000	2412.4604
84000000	120000000	2445.137
85000000	120000000	3038.5647
86000000	120000000	2814.0657
87000000	120000000	2633.8489
88000000	120000000	2926.574
89000000	120000000	2704.371
90000000	120000000	3328.23
91000000	120000000	3237.1465
92000000	120000000	3161.8132
93000000	120000000	3574.8552
94000000	120000000	3617.9639
95000000	120000000	4121.9194
96000000	120000000	3384.31
97000000	120000000	3626.893
98000000	120000000	3614.8586
99000000	120000000	3431.6099
100000000	120000000	3457.6138
101000000	120000000	3587.1858
102000000	120000000	3473.0972
103000000	120000000	3365.2075
104000000	120000000	4333.738
105000000	120000000	2719.6682
106000000	120000000	3187.8086
107000000	120000000	5157.6064
108000000	120000000	5326.869
109000000	120000000	5179.0547
110000000	120000000	5034.684
111000000	120000000	5657.025
112000000	120000000	6579.5874
113000000	120000000	6555.9683
114000000	120000000	7188.229
115000000	120000000	9712.021
116000000	120000000	10436.93
117000000	120000000	15059.663
118000000	120000000	21753.104
119000000	120000000	95365.266
120000000	120000000	394448.78
0	121000000	274.86398
1000000	121000000	198.92165
2000000	121000000	261.9986
3000000	121000000	260.13385
4000000	121000000	374.7942
5000000	121000000	340.49576
6000000	121000000	261.6665
7000000	121000000	264.3894
8000000	121000000	292.98587
9000000	121000000	271.7812
10000000	121000000	315.88654
11000000	121000000	380.4488
12000000	121000000	370.7562
13000000	121000000	340.84702
14000000	121000000	326.8598
15000000	121000000	305.48795
16000000	121000000	371.41284
17000000	121000000	376.49963
18000000	121000000	483.58472
19000000	121000000	453.7045
20000000	121000000	504.7471
21000000	121000000	494.8103
22000000	121000000	443.77347
23000000	121000000	489.42545
24000000	121000000	477.81165
25000000	121000000	458.91556
26000000	121000000	415.11542
27000000	121000000	490.7813
28000000	121000000	557.0438
29000000	121000000	519.6348
30000000	121000000	515.3848
31000000	121000000	556.3856
32000000	121000000	555.00464
33000000	121000000	594.4349
34000000	121000000	593.99713
35000000	121000000	681.4353
36000000	121000000	493.593
37000000	121000000	565.76025
38000000	121000000	361.18597
39000000	121000000	346.2582
40000000	121000000	568.7974
41000000	121000000	848.4067
42000000	121000000	840.1969
43000000	121000000	866.06165
44000000	121000000	865.0676
45000000	121000000	924.63837
46000000	121000000	906.55133
47000000	121000000	753.7265
48000000	121000000	568.65564
49000000	121000000	412.83795
52000000	121000000	901.7077
53000000	121000000	1087.2709
54000000	121000000	873.267
55000000	121000000	1207.2997
56000000	121000000	1186.6641
57000000	121000000	1248.0707
58000000	121000000	1628.4908
59000000	121000000	1473.807
60000000	121000000	1804.017
61000000	121000000	1863.8595
62000000	121000000	1966.6357
63000000	121000000	1762.2418
64000000	121000000	1902.3109
65000000	121000000	2104.6235
66000000	121000000	2264.1323
67000000	121000000	2297.889
68000000	121000000	1812.362
69000000	121000000	1531.5011
70000000	121000000	1887.4934
71000000	121000000	1442.1383
72000000	121000000	1986.6627
73000000	121000000	2063.3374
74000000	121000000	1785.7174
75000000	121000000	1698.9335
76000000	121000000	1423.73
77000000	121000000	1585.6968
78000000	121000000	1754.6383
79000000	121000000	1657.045
80000000	121000000	2393.4407
81000000	121000000	2031.4698
82000000	121000000	2545.3955
83000000	121000000	1859.5248
84000000	121000000	2215.9658
85000000	121000000	3444.4363
86000000	121000000	2989.0374
87000000	121000000	2434.9946
88000000	121000000	2492.9504
89000000	121000000	2217.614
90000000	121000000	3354.476
91000000	121000000	3230.2178
92000000	121000000	3374.6536
93000000	121000000	3954.2705
94000000	121000000	3904.9133
95000000	121000000	3558.9648
96000000	121000000	3531.588
97000000	121000000	4038.8616
98000000	121000000	4157.244
99000000	121000000	2962.6687
100000000	121000000	3160.2126
101000000	121000000	3602.2625
102000000	121000000	3493.971
103000000	121000000	2731.7588
104000000	121000000	4384.2583
105000000	121000000	2347.9973
106000000	121000000	2467.8726
107000000	121000000	5139.234
108000000	121000000	4942.4707
109000000	121000000	4795.1943
110000000	121000000	3947.195
111000000	121000000	5444.5073
112000000	121000000	6774.268
113000000	121000000	4661.8394
114000000	121000000	5173.036
115000000	121000000	8924.621
116000000	121000000	8198.6875
117000000	121000000	11703.578
118000000	121000000	15847.501
119000000	121000000	23929.371
120000000	121000000	77793.625
121000000	121000000	412518.78
0	122000000	409.33334
1000000	122000000	389.163
2000000	122000000	477.476
3000000	122000000	414.00067
4000000	122000000	558.799
5000000	122000000	403.21597
6000000	122000000	475.3832
7000000	122000000	373.17346
8000000	122000000	407.41928
9000000	122000000	309.0593
10000000	122000000	412.24487
11000000	122000000	362.66534
12000000	122000000	256.13232
13000000	122000000	348.10352
14000000	122000000	345.848
15000000	122000000	420.23874
16000000	122000000	391.26242
17000000	122000000	487.8956
18000000	122000000	404.67584
19000000	122000000	296.16013
20000000	122000000	382.8001
21000000	122000000	336.76584
22000000	122000000	422.9434
23000000	122000000	395.9441
24000000	122000000	499.54474
25000000	122000000	637.65955
26000000	122000000	619.5226
27000000	122000000	444.2833
28000000	122000000	373.53796
29000000	122000000	359.86472
30000000	122000000	418.91077
31000000	122000000	410.7843
32000000	122000000	433.48004
33000000	122000000	448.72098
34000000	122000000	513.28613
35000000	122000000	571.13544
36000000	122000000	646.1291
37000000	122000000	737.163
38000000	122000000	677.3932
39000000	122000000	796.67334
40000000	122000000	1129.4102
41000000	122000000	1094.4629
42000000	122000000	1187.0042
43000000	122000000	716.08514
44000000	122000000	657.58746
45000000	122000000	608.95374
46000000	122000000	722.93396
47000000	122000000	1010.3038
48000000	122000000	1080.4833
49000000	122000000	401.60614
52000000	122000000	900.2354
53000000	122000000	1309.2919
54000000	122000000	1293.6263
55000000	122000000	1252.3938
56000000	122000000	1541.7922
57000000	122000000	1820.0016
58000000	122000000	1417.5787
59000000	122000000	1192.3407
60000000	122000000	1347.3059
61000000	122000000	1276.7073
62000000	122000000	1404.0005
63000000	122000000	1360.4541
64000000	122000000	1484.98
65000000	122000000	1524.6028
66000000	122000000	1603.3242
67000000	122000000	1628.7595
68000000	122000000	2052.6174
69000000	122000000	1589.7736
70000000	122000000	1565.3759
71000000	122000000	1844.535
72000000	122000000	1657.8961
73000000	122000000	1827.9913
74000000	122000000	2230.0735
75000000	122000000	2155.4453
76000000	122000000	2265.4458
77000000	122000000	2465.2034
78000000	122000000	2462.0347
79000000	122000000	2247.8545
80000000	122000000	2174.0945
81000000	122000000	2134.781
82000000	122000000	2401.1858
83000000	122000000	2868.9795
84000000	122000000	2699.7212
85000000	122000000	2606.3496
86000000	122000000	2938.0396
87000000	122000000	3186.325
88000000	122000000	3385.1116
89000000	122000000	3280.6826
90000000	122000000	3153.7598
91000000	122000000	2646.0706
92000000	122000000	2570.535
93000000	122000000	2700.036
94000000	122000000	3237.601
95000000	122000000	3863.2058
96000000	122000000	3178.9573
97000000	122000000	2779.8608
98000000	122000000	2735.903
99000000	122000000	3895.3804
100000000	122000000	3879.5405
101000000	122000000	3535.935
102000000	122000000	3752.5833
103000000	122000000	4222.094
104000000	122000000	4108.208
105000000	122000000	3187.8848
106000000	122000000	3795.1887
107000000	122000000	4368.3555
108000000	122000000	4636.279
109000000	122000000	4889.3545
110000000	122000000	5190.61
111000000	122000000	5100.9224
112000000	122000000	5232.0503
113000000	122000000	6687.0938
114000000	122000000	7244.9717
115000000	122000000	6854.8135
116000000	122000000	6638.6753
117000000	122000000	7476.943
118000000	122000000	9093.047
119000000	122000000	19259.033
120000000	122000000	35334.434
121000000	122000000	90477.96
122000000	122000000	371686.47
0	123000000	453.29013
1000000	123000000	451.44742
2000000	123000000	612.8089
3000000	123000000	451.22836
4000000	123000000	563.7547
5000000	123000000	426.69202
6000000	123000000	509.80594
7000000	123000000	407.11243
8000000	123000000	405.0189
9000000	123000000	366.1261
10000000	123000000	425.87204
11000000	123000000	352.851
12000000	123000000	275.399
13000000	123000000	358.27155
14000000	123000000	388.0312
15000000	123000000	455.8203
16000000	123000000	380.50555
17000000	123000000	489.25632
18000000	123000000	393.3528
19000000	123000000	311.36136
20000000	123000000	316.61148
21000000	123000000	319.37247
22000000	123000000	368.1373
23000000	123000000	384.39484
24000000	123000000	478.61487
25000000	123000000	672.3836
26000000	123000000	633.66785
27000000	123000000	388.95975
28000000	123000000	359.05573
29000000	123000000	392.98016
30000000	123000000	433.26297
31000000	123000000	375.9014
32000000	123000000	390.7961
33000000	123000000	415.92627
34000000	123000000	440.00845
35000000	123000000	555.1101
36000000	123000000	708.18915
37000000	123000000	833.10065
38000000	123000000	798.9241
39000000	123000000	912.6027
40000000	123000000	1284.1006
41000000	123000000	1088.9463
42000000	123000000	1227.8059
43000000	123000000	612.35803
44000000	123000000	646.4776
45000000	123000000	541.0948
46000000	123000000	577.9485
47000000	123000000	977.8372
48000000	123000000	1125.24
49000000	123000000	352.4012
52000000	123000000	884.87476
53000000	123000000	1338.5048
54000000	123000000	1398.9426
55000000	123000000	1224.1825
56000000	123000000	1552.2665
57000000	123000000	1886.3788
58000000	123000000	1225.7993
59000000	123000000	1071.6973
60000000	123000000	1223.9016
61000000	123000000	1162.4506
62000000	123000000	1271.5575
63000000	123000000	1181.3962
64000000	123000000	1332.861
65000000	123000000	1297.9161
66000000	123000000	1413.3771
67000000	123000000	1459.0034
68000000	123000000	1985.8652
69000000	123000000	1467.4482
70000000	123000000	1376.7754
71000000	123000000	1730.3876
72000000	123000000	1551.6727
73000000	123000000	1760.0256
74000000	123000000	2186.1218
75000000	123000000	2208.7834
76000000	123000000	2525.3062
77000000	123000000	2681.9226
78000000	123000000	2565.5898
79000000	123000000	2126.0798
80000000	123000000	1988.959
81000000	123000000	2101.7998
82000000	123000000	2187.227
83000000	123000000	2982.3274
84000000	123000000	2790.4783
85000000	123000000	2291.489
86000000	123000000	2812.3076
87000000	123000000	3115.4512
88000000	123000000	3366.3367
89000000	123000000	3432.1877
90000000	123000000	2911.8386
91000000	123000000	2343.737
92000000	123000000	2477.2512
93000000	123000000	2457.1113
94000000	123000000	2956.6917
95000000	123000000	3790.532
96000000	123000000	2994.2566
97000000	123000000	2458.7214
98000000	123000000	2474.7837
99000000	123000000	3897.5022
100000000	123000000	3527.0015
101000000	123000000	3397.8726
102000000	123000000	3514.0173
103000000	123000000	4388.9043
104000000	123000000	3738.326
105000000	123000000	3502.6094
106000000	123000000	4353.183
107000000	123000000	4188.1816
108000000	123000000	4066.5215
109000000	123000000	4540.3716
110000000	123000000	4736.57
111000000	123000000	4457.7246
112000000	123000000	4279.5884
113000000	123000000	6698.804
114000000	123000000	7206.5967
115000000	123000000	5665.0454
116000000	123000000	5692.5166
117000000	123000000	5483.234
118000000	123000000	6264.4653
119000000	123000000	11832.986
120000000	123000000	14739.609
121000000	123000000	18400.033
122000000	123000000	94310.07
123000000	123000000	402581.2
0	124000000	363.04422
1000000	124000000	299.92032
2000000	124000000	350.96643
3000000	124000000	317.41647
4000000	124000000	502.67184
5000000	124000000	312.81357
6000000	124000000	371.90662
7000000	124000000	281.70947
8000000	124000000	328.11627
9000000	124000000	340.28174
10000000	124000000	403.47293
11000000	124000000	367.31656
12000000	124000000	296.3456
13000000	124000000	356.54025
14000000	124000000	380.79492
15000000	124000000	368.3444
16000000	124000000	359.08926
17000000	124000000	430.07092
18000000	124000000	346.84033
19000000	124000000	307.05814
20000000	124000000	368.4621
21000000	124000000	338.82288
22000000	124000000	415.12097
23000000	124000000	354.5785
24000000	124000000	406.09528
25000000	124000000	502.66754
26000000	124000000	571.1963
27000000	124000000	386.10962
28000000	124000000	415.56137
29000000	124000000	407.68365
30000000	124000000	381.9071
31000000	124000000	434.7276
32000000	124000000	395.7855
33000000	124000000	489.57327
34000000	124000000	525.44385
35000000	124000000	595.7594
36000000	124000000	613.30133
37000000	124000000	684.2408
38000000	124000000	621.6402
39000000	124000000	673.50604
40000000	124000000	984.396
41000000	124000000	862.0451
42000000	124000000	1028.9498
43000000	124000000	705.15643
44000000	124000000	636.5366
45000000	124000000	616.5197
46000000	124000000	681.2363
47000000	124000000	823.936
48000000	124000000	887.9371
49000000	124000000	425.79135
52000000	124000000	863.40326
53000000	124000000	1183.4714
54000000	124000000	1163.8202
55000000	124000000	1109.6804
56000000	124000000	1288.1652
57000000	124000000	1461.9052
58000000	124000000	1226.762
59000000	124000000	1172.6902
60000000	124000000	1368.3853
61000000	124000000	1242.3042
62000000	124000000	1420.1417
63000000	124000000	1286.4194
64000000	124000000	1350.7515
65000000	124000000	1467.3159
66000000	124000000	1511.0918
67000000	124000000	1638.3324
68000000	124000000	1799.945
69000000	124000000	1578.6093
70000000	124000000	1454.8442
71000000	124000000	1684.6069
72000000	124000000	1547.8165
73000000	124000000	1756.6514
74000000	124000000	1986.0936
75000000	124000000	1879.583
76000000	124000000	1855.6057
77000000	124000000	1901.9824
78000000	124000000	1994.5118
79000000	124000000	2033.3568
80000000	124000000	2028.374
81000000	124000000	2127.5422
82000000	124000000	2001.0935
83000000	124000000	2133.8564
84000000	124000000	2378.2886
85000000	124000000	2457.8943
86000000	124000000	2807.188
87000000	124000000	2958.5847
88000000	124000000	2891.2476
89000000	124000000	2913.133
90000000	124000000	2985.46
91000000	124000000	2551.6335
92000000	124000000	2717.5068
93000000	124000000	2821.203
94000000	124000000	3204.993
95000000	124000000	3670.2903
96000000	124000000	3167.864
97000000	124000000	2783.7651
98000000	124000000	2892.785
99000000	124000000	3569.3545
100000000	124000000	3412.2395
101000000	124000000	3409.9531
102000000	124000000	3493.928
103000000	124000000	3847.5264
104000000	124000000	3845.2676
105000000	124000000	3460.4001
106000000	124000000	3835.4038
107000000	124000000	4230.5537
108000000	124000000	4098.1426
109000000	124000000	4077.6055
110000000	124000000	4052.0193
111000000	124000000	4373.665
112000000	124000000	4762.203
113000000	124000000	5559.7354
114000000	124000000	6298.0176
115000000	124000000	5677.908
116000000	124000000	5597.6035
117000000	124000000	5670.935
118000000	124000000	6210.9565
119000000	124000000	8351.883
120000000	124000000	9993.155
121000000	124000000	12682.924
122000000	124000000	22925.473
123000000	124000000	77841.06
124000000	124000000	409980.97
0	125000000	237.7805
1000000	125000000	175.45236
2000000	125000000	191.63556
3000000	125000000	181.59415
4000000	125000000	300.55475
5000000	125000000	283.61627
6000000	125000000	212.19267
7000000	125000000	214.1391
8000000	125000000	218.72443
9000000	125000000	258.625
10000000	125000000	252.33348
11000000	125000000	363.57947
12000000	125000000	380.09067
13000000	125000000	353.17844
14000000	125000000	346.69424
15000000	125000000	274.50162
16000000	125000000	360.32697
17000000	125000000	344.36542
18000000	125000000	430.6362
19000000	125000000	427.85236
20000000	125000000	458.91486
21000000	125000000	399.2311
22000000	125000000	397.91092
23000000	125000000	485.9281
24000000	125000000	385.1051
25000000	125000000	357.62732
26000000	125000000	322.8127
27000000	125000000	443.96103
28000000	125000000	504.6362
29000000	125000000	477.05283
30000000	125000000	483.36282
31000000	125000000	463.4503
32000000	125000000	543.02783
33000000	125000000	563.1923
34000000	125000000	654.1529
35000000	125000000	657.45514
36000000	125000000	398.60764
37000000	125000000	460.29446
38000000	125000000	275.8581
39000000	125000000	231.22583
40000000	125000000	409.5397
41000000	125000000	625.416
42000000	125000000	682.98755
43000000	125000000	852.46173
44000000	125000000	723.3068
45000000	125000000	814.2208
46000000	125000000	822.5135
47000000	125000000	605.34375
48000000	125000000	476.72842
49000000	125000000	388.00357
52000000	125000000	814.1644
53000000	125000000	1003.71075
54000000	125000000	703.2546
55000000	125000000	1134.0051
56000000	125000000	936.02264
57000000	125000000	876.589
58000000	125000000	1481.3016
59000000	125000000	1457.3636
60000000	125000000	1536.1875
61000000	125000000	1793.756
62000000	125000000	1743.2129
63000000	125000000	1704.628
64000000	125000000	1725.7695
65000000	125000000	1916.8899
66000000	125000000	2225.17
67000000	125000000	2191.1348
68000000	125000000	1598.7178
69000000	125000000	1396.7069
70000000	125000000	1794.6576
71000000	125000000	1361.0297
72000000	125000000	1775.2637
73000000	125000000	1949.0107
74000000	125000000	1520.5115
75000000	125000000	1440.0388
76000000	125000000	1126.986
77000000	125000000	1181.7262
78000000	125000000	1359.4309
79000000	125000000	1435.6958
80000000	125000000	2244.2502
81000000	125000000	1759.8259
82000000	125000000	2207.16
83000000	125000000	1523.7927
84000000	125000000	1825.3579
85000000	125000000	3164.5317
86000000	125000000	2671.6182
87000000	125000000	2224.511
88000000	125000000	2256.1843
89000000	125000000	1912.9148
90000000	125000000	2969.2117
91000000	125000000	3262.6213
92000000	125000000	3475.5947
93000000	125000000	3977.1702
94000000	125000000	3583.6604
95000000	125000000	3320.3428
96000000	125000000	3373.336
97000000	125000000	4071.8657
98000000	125000000	4166.2993
99000000	125000000	2716.8167
100000000	125000000	3074.5198
101000000	125000000	3458.0461
102000000	125000000	3237.6956
103000000	125000000	2468.521
104000000	125000000	4482.6753
105000000	125000000	2257.48
106000000	125000000	2389.348
107000000	125000000	4964.0356
108000000	125000000	4352.84
109000000	125000000	3950.0178
110000000	125000000	3171.6387
111000000	125000000	4391.6665
112000000	125000000	5627.8516
113000000	125000000	3465.67
114000000	125000000	3721.6812
115000000	125000000	6549.63
116000000	125000000	5598.9062
117000000	125000000	6919.2466
118000000	125000000	8263.889
119000000	125000000	7109.9116
120000000	125000000	9974.561
121000000	125000000	13873.057
122000000	125000000	14744.04
123000000	125000000	28684.943
124000000	125000000	90244.96
125000000	125000000	380937.66
0	126000000	263.8716
1000000	126000000	185.51549
2000000	126000000	184.849
3000000	126000000	177.51378
4000000	126000000	244.88799
5000000	126000000	282.26456
6000000	126000000	220.11597
7000000	126000000	192.03621
8000000	126000000	220.45279
9000000	126000000	208.12546
10000000	126000000	275.51868
11000000	126000000	324.1218
12000000	126000000	350.39975
13000000	126000000	306.22232
14000000	126000000	293.65598
15000000	126000000	282.49814
16000000	126000000	306.325
17000000	126000000	317.73596
18000000	126000000	379.5747
19000000	126000000	388.53665
20000000	126000000	383.37067
21000000	126000000	370.6137
22000000	126000000	382.1145
23000000	126000000	418.07343
24000000	126000000	364.39243
25000000	126000000	338.18353
26000000	126000000	302.0076
27000000	126000000	411.53058
28000000	126000000	432.45804
29000000	126000000	455.8996
30000000	126000000	409.7184
31000000	126000000	479.68594
32000000	126000000	507.47845
33000000	126000000	509.08447
34000000	126000000	563.75635
35000000	126000000	579.22656
36000000	126000000	414.04276
37000000	126000000	421.3208
38000000	126000000	313.8361
39000000	126000000	268.74026
40000000	126000000	438.51474
41000000	126000000	569.004
42000000	126000000	677.87805
43000000	126000000	688.0845
44000000	126000000	681.5787
45000000	126000000	797.91174
46000000	126000000	753.1667
47000000	126000000	592.567
48000000	126000000	475.54648
49000000	126000000	329.51132
52000000	126000000	805.89044
53000000	126000000	874.7163
54000000	126000000	660.0067
55000000	126000000	1048.6958
56000000	126000000	939.4093
57000000	126000000	802.8405
58000000	126000000	1307.6471
59000000	126000000	1372.214
60000000	126000000	1428.045
61000000	126000000	1593.6565
62000000	126000000	1620.401
63000000	126000000	1485.5354
64000000	126000000	1689.9138
65000000	126000000	1826.2198
66000000	126000000	1920.495
67000000	126000000	1903.153
68000000	126000000	1567.1327
69000000	126000000	1477.7192
70000000	126000000	1781.7452
71000000	126000000	1358.5402
72000000	126000000	1706.0693
73000000	126000000	1873.1768
74000000	126000000	1554.9125
75000000	126000000	1407.455
76000000	126000000	1178.5564
77000000	126000000	1159.3036
78000000	126000000	1400.8597
79000000	126000000	1426.4003
80000000	126000000	2009.0609
81000000	126000000	1714.3643
82000000	126000000	2033.1812
83000000	126000000	1455.8706
84000000	126000000	1712.266
85000000	126000000	2786.7603
86000000	126000000	2554.2957
87000000	126000000	2167.4482
88000000	126000000	2189.383
89000000	126000000	1916.3394
90000000	126000000	2870.0808
91000000	126000000	2911.2642
92000000	126000000	3119.0818
93000000	126000000	3588.1597
94000000	126000000	3253.6453
95000000	126000000	3163.1602
96000000	126000000	3163.2134
97000000	126000000	3930.2668
98000000	126000000	3914.104
99000000	126000000	2609.509
100000000	126000000	3040.0713
101000000	126000000	3239.308
102000000	126000000	3103.9988
103000000	126000000	2554.8413
104000000	126000000	4130.1978
105000000	126000000	2402.4434
106000000	126000000	2448.332
107000000	126000000	4504.35
108000000	126000000	4155.0547
109000000	126000000	3776.7864
110000000	126000000	3246.4536
111000000	126000000	4247.299
112000000	126000000	5288.931
113000000	126000000	3504.994
114000000	126000000	3705.2644
115000000	126000000	5976.0327
116000000	126000000	5048.0073
117000000	126000000	5923.4727
118000000	126000000	6871.6636
119000000	126000000	5972.328
120000000	126000000	8182.1772
121000000	126000000	10347.66
122000000	126000000	10278.939
123000000	126000000	14592.782
124000000	126000000	27119.92
125000000	126000000	84097.06
126000000	126000000	380953.34
0	127000000	281.0105
1000000	127000000	168.68542
2000000	127000000	161.22507
3000000	127000000	188.52014
4000000	127000000	266.28506
5000000	127000000	286.6095
6000000	127000000	197.00175
7000000	127000000	194.94061
8000000	127000000	192.04869
9000000	127000000	237.1789
10000000	127000000	259.87943
11000000	127000000	361.2589
12000000	127000000	395.6604
13000000	127000000	358.8923
14000000	127000000	337.27652
15000000	127000000	277.18555
16000000	127000000	338.0314
17000000	127000000	296.9609
18000000	127000000	463.57425
19000000	127000000	438.17944
20000000	127000000	432.5656
21000000	127000000	422.26233
22000000	127000000	395.86316
23000000	127000000	445.38654
24000000	127000000	377.1055
25000000	127000000	331.67307
26000000	127000000	269.7346
27000000	127000000	350.75076
28000000	127000000	514.2909
29000000	127000000	466.82596
30000000	127000000	423.96136
31000000	127000000	501.66217
32000000	127000000	530.917
33000000	127000000	527.9253
34000000	127000000	538.5461
35000000	127000000	554.28925
36000000	127000000	381.43118
37000000	127000000	416.92084
38000000	127000000	255.67868
39000000	127000000	246.11908
40000000	127000000	370.66394
41000000	127000000	560.8383
42000000	127000000	665.8874
43000000	127000000	773.9176
44000000	127000000	758.08875
45000000	127000000	699.7607
46000000	127000000	729.0895
47000000	127000000	602.305
48000000	127000000	433.54996
49000000	127000000	406.86996
52000000	127000000	735.68805
53000000	127000000	895.9146
54000000	127000000	624.6603
55000000	127000000	1045.0085
56000000	127000000	915.8795
57000000	127000000	848.4447
58000000	127000000	1313.8347
59000000	127000000	1335.8472
60000000	127000000	1502.7214
61000000	127000000	1598.7356
62000000	127000000	1682.7411
63000000	127000000	1561.998
64000000	127000000	1570.4935
65000000	127000000	1780.3103
66000000	127000000	1996.4207
67000000	127000000	1924.3462
68000000	127000000	1441.7134
69000000	127000000	1409.0089
70000000	127000000	1685.3058
71000000	127000000	1279.1335
72000000	127000000	1842.3796
73000000	127000000	1859.2468
74000000	127000000	1382.1682
75000000	127000000	1469.4861
76000000	127000000	1076.4529
77000000	127000000	1143.9811
78000000	127000000	1342.1866
79000000	127000000	1408.6725
80000000	127000000	2125.9634
81000000	127000000	1710.5696
82000000	127000000	2131.8499
83000000	127000000	1374.3533
84000000	127000000	1699.9138
85000000	127000000	3048.6255
86000000	127000000	2543.728
87000000	127000000	2057.3826
88000000	127000000	2134.512
89000000	127000000	1801.006
90000000	127000000	2781.7578
91000000	127000000	3041.2834
92000000	127000000	3238.3545
93000000	127000000	3499.2935
94000000	127000000	3358.4292
95000000	127000000	2999.5588
96000000	127000000	3184.4973
97000000	127000000	4066.204
98000000	127000000	4108.4653
99000000	127000000	2608.706
100000000	127000000	2985.212
101000000	127000000	3337.5627
102000000	127000000	3073.151
103000000	127000000	2305.4895
104000000	127000000	4258.951
105000000	127000000	2416.283
106000000	127000000	2313.0144
107000000	127000000	4742.356
108000000	127000000	4361.0615
109000000	127000000	3638.3494
110000000	127000000	3124.8347
111000000	127000000	4081.2346
112000000	127000000	5127.028
113000000	127000000	3196.1123
114000000	127000000	3330.7048
115000000	127000000	5756.915
116000000	127000000	4922.941
117000000	127000000	5824.529
118000000	127000000	6837.6167
119000000	127000000	5409.28
120000000	127000000	7368.2397
121000000	127000000	9304.228
122000000	127000000	8129.9844
123000000	127000000	10318.657
124000000	127000000	15744.777
125000000	127000000	32670.459
126000000	127000000	102888.41
127000000	127000000	389686.06
0	128000000	437.18042
1000000	128000000	346.39615
2000000	128000000	481.68155
3000000	128000000	362.75986
4000000	128000000	383.01315
5000000	128000000	353.06396
6000000	128000000	369.4084
7000000	128000000	273.40662
8000000	128000000	310.32333
9000000	128000000	318.17258
10000000	128000000	391.0869
11000000	128000000	370.0062
12000000	128000000	290.74585
13000000	128000000	319.44022
14000000	128000000	344.08817
15000000	128000000	377.38065
16000000	128000000	362.96936
17000000	128000000	413.85797
18000000	128000000	364.0164
19000000	128000000	291.83932
20000000	128000000	344.19226
21000000	128000000	301.90762
22000000	128000000	342.15692
23000000	128000000	392.6321
24000000	128000000	408.0353
25000000	128000000	530.8708
26000000	128000000	452.04474
27000000	128000000	370.45187
28000000	128000000	366.98062
29000000	128000000	376.82428
30000000	128000000	334.21185
31000000	128000000	413.5119
32000000	128000000	377.38745
33000000	128000000	444.16122
34000000	128000000	433.43338
35000000	128000000	470.0358
36000000	128000000	566.89594
37000000	128000000	608.6194
38000000	128000000	596.9889
39000000	128000000	758.66364
40000000	128000000	863.47394
41000000	128000000	739.06
42000000	128000000	831.54474
43000000	128000000	583.88776
44000000	128000000	569.8474
45000000	128000000	525.8956
46000000	128000000	563.2421
47000000	128000000	812.8562
48000000	128000000	1023.22534
49000000	128000000	359.71805
52000000	128000000	772.1271
53000000	128000000	1105.5187
54000000	128000000	1155.7261
55000000	128000000	979.9356
56000000	128000000	1294.6808
57000000	128000000	1438.7117
58000000	128000000	1163.0182
59000000	128000000	1121.2427
60000000	128000000	1153.8274
61000000	128000000	1162.4116
62000000	128000000	1191.4633
63000000	128000000	1210.1782
64000000	128000000	1271.2305
65000000	128000000	1291.0212
66000000	128000000	1434.2183
67000000	128000000	1497.0957
68000000	128000000	1873.8146
69000000	128000000	1678.1981
70000000	128000000	1442.8513
71000000	128000000	1755.524
72000000	128000000	1510.8787
73000000	128000000	1817.0454
74000000	128000000	1835.8915
75000000	128000000	1826.5693
76000000	128000000	1959.4219
77000000	128000000	1713.427
78000000	128000000	1873.9828
79000000	128000000	1945.4617
80000000	128000000	1922.1842
81000000	128000000	1983.2463
82000000	128000000	1965.5679
83000000	128000000	2503.878
84000000	128000000	2395.906
85000000	128000000	2365.5737
86000000	128000000	2510.027
87000000	128000000	2827.0745
88000000	128000000	2663.0645
89000000	128000000	2817.3645
90000000	128000000	2759.2542
91000000	128000000	2390.5442
92000000	128000000	2467.0913
93000000	128000000	2626.211
94000000	128000000	2854.248
95000000	128000000	3562.0918
96000000	128000000	3047.2698
97000000	128000000	2735.3835
98000000	128000000	2888.5347
99000000	128000000	3693.8147
100000000	128000000	3724.7146
101000000	128000000	3269.108
102000000	128000000	3348.4595
103000000	128000000	4220.056
104000000	128000000	3840.5469
105000000	128000000	3628.1926
106000000	128000000	4067.612
107000000	128000000	4365.7114
108000000	128000000	4148.5137
109000000	128000000	4036.2695
110000000	128000000	4311.315
111000000	128000000	4105.781
112000000	128000000	4386.661
113000000	128000000	5231.0894
114000000	128000000	5514.635
115000000	128000000	4854.608
116000000	128000000	4827.4175
117000000	128000000	4547.0015
118000000	128000000	5074.0454
119000000	128000000	6465.685
120000000	128000000	6908.147
121000000	128000000	7193.404
122000000	128000000	9790.144
123000000	128000000	12972.922
124000000	128000000	15907.1045
125000000	128000000	20400.164
126000000	128000000	40535.566
127000000	128000000	85624.484
128000000	128000000	365597.22
0	129000000	603.98694
1000000	129000000	489.08826
2000000	129000000	612.91907
3000000	129000000	425.20743
4000000	129000000	550.26355
5000000	129000000	387.57495
6000000	129000000	532.06085
7000000	129000000	342.98178
8000000	129000000	371.05014
9000000	129000000	314.7809
10000000	129000000	453.3303
11000000	129000000	354.1501
12000000	129000000	245.71309
13000000	129000000	311.85492
14000000	129000000	372.51437
15000000	129000000	411.1391
16000000	129000000	323.21582
17000000	129000000	444.5746
18000000	129000000	342.76984
19000000	129000000	268.33273
20000000	129000000	307.23306
21000000	129000000	273.6349
22000000	129000000	341.5602
23000000	129000000	322.10168
24000000	129000000	430.16742
25000000	129000000	564.71704
26000000	129000000	575.9043
27000000	129000000	355.16968
28000000	129000000	318.52603
29000000	129000000	308.68198
30000000	129000000	360.23062
31000000	129000000	325.13342
32000000	129000000	352.1904
33000000	129000000	351.2703
34000000	129000000	377.23932
35000000	129000000	442.5074
36000000	129000000	730.7824
37000000	129000000	734.3807
38000000	129000000	843.32324
39000000	129000000	970.76544
40000000	129000000	1093.4277
41000000	129000000	859.8605
42000000	129000000	951.9818
43000000	129000000	512.21155
44000000	129000000	516.39386
45000000	129000000	460.28415
46000000	129000000	494.89093
47000000	129000000	831.0419
48000000	129000000	1163.2944
49000000	129000000	342.33313
52000000	129000000	880.873
53000000	129000000	1151.8711
54000000	129000000	1457.5044
55000000	129000000	972.16925
56000000	129000000	1373.5691
57000000	129000000	1583.4807
58000000	129000000	1027.791
59000000	129000000	927.434
60000000	129000000	969.0332
61000000	129000000	895.78613
62000000	129000000	1003.7564
63000000	129000000	936.7823
64000000	129000000	1085.252
65000000	129000000	994.83545
66000000	129000000	1065.5951
67000000	129000000	1125.6332
68000000	129000000	1812.7665
69000000	129000000	1551.1771
70000000	129000000	1213.8547
71000000	129000000	1800.8203
72000000	129000000	1299.2224
73000000	129000000	1510.079
74000000	129000000	1882.9598
75000000	129000000	1925.5554
76000000	129000000	2355.4805
77000000	129000000	2154.8848
78000000	129000000	2223.5764
79000000	129000000	2091.4165
80000000	129000000	1717.3041
81000000	129000000	1966.8909
82000000	129000000	1739.0782
83000000	129000000	2747.7375
84000000	129000000	2498.8132
85000000	129000000	1817.7667
86000000	129000000	2260.5408
87000000	129000000	2779.5188
88000000	129000000	2775.5442
89000000	129000000	3207.6265
90000000	129000000	2449.303
91000000	129000000	1997.0763
92000000	129000000	2014.3885
93000000	129000000	1891.8752
94000000	129000000	2541.1619
95000000	129000000	3325.8076
96000000	129000000	2453.5735
97000000	129000000	1997.9224
98000000	129000000	2089.0984
99000000	129000000	3832.9807
100000000	129000000	3479.8262
101000000	129000000	2873.525
102000000	129000000	3015.058
103000000	129000000	4373.5073
104000000	129000000	3334.745
105000000	129000000	4052.3232
106000000	129000000	4790.1216
107000000	129000000	3766.9922
108000000	129000000	3737.3923
109000000	129000000	3712.039
110000000	129000000	4241.9824
111000000	129000000	3733.1382
112000000	129000000	3116.3064
113000000	129000000	5609.403
114000000	129000000	5652.561
115000000	129000000	3753.2922
116000000	129000000	4355.3604
117000000	129000000	3561.1804
118000000	129000000	3504.0537
119000000	129000000	5641.305
120000000	129000000	5374.8916
121000000	129000000	4549.1704
122000000	129000000	7853.1294
123000000	129000000	10402.18
124000000	129000000	10505.826
125000000	129000000	8364.801
126000000	129000000	11788.077
127000000	129000000	15074.513
128000000	129000000	74855.36
129000000	129000000	423775.84
0	130000000	298.3099
1000000	130000000	208.74174
2000000	130000000	182.59282
3000000	130000000	199.5026
4000000	130000000	274.88522
5000000	130000000	296.84192
6000000	130000000	220.21014
7000000	130000000	212.05272
8000000	130000000	229.95117
9000000	130000000	251.39941
10000000	130000000	266.9669
11000000	130000000	309.37817
12000000	130000000	336.61002
13000000	130000000	306.27762
14000000	130000000	303.10526
15000000	130000000	292.09146
16000000	130000000	358.75598
17000000	130000000	325.95984
18000000	130000000	340.85617
19000000	130000000	367.47678
20000000	130000000	345.45203
21000000	130000000	343.62253
22000000	130000000	350.55035
23000000	130000000	424.2451
24000000	130000000	352.8154
25000000	130000000	315.27188
26000000	130000000	318.13998
27000000	130000000	368.49045
28000000	130000000	436.24103
29000000	130000000	401.2348
30000000	130000000	400.49548
31000000	130000000	413.5782
32000000	130000000	442.27023
33000000	130000000	447.7983
34000000	130000000	543.01715
35000000	130000000	503.55484
36000000	130000000	456.00916
37000000	130000000	425.63693
38000000	130000000	321.51663
39000000	130000000	304.32095
40000000	130000000	427.06155
41000000	130000000	542.119
42000000	130000000	639.5195
43000000	130000000	695.1335
44000000	130000000	588.55884
45000000	130000000	628.6204
46000000	130000000	708.5466
47000000	130000000	610.0166
48000000	130000000	486.08774
49000000	130000000	429.89175
52000000	130000000	756.284
53000000	130000000	840.12585
54000000	130000000	721.48755
55000000	130000000	993.47675
56000000	130000000	920.85974
57000000	130000000	984.2187
58000000	130000000	1256.7639
59000000	130000000	1288.5723
60000000	130000000	1307.265
61000000	130000000	1370.6453
62000000	130000000	1461.643
63000000	130000000	1386.5433
64000000	130000000	1412.052
65000000	130000000	1531.9403
66000000	130000000	1551.3102
67000000	130000000	1803.5237
68000000	130000000	1606.2861
69000000	130000000	1510.3888
70000000	130000000	1697.2954
71000000	130000000	1360.2864
72000000	130000000	1628.2087
73000000	130000000	1758.7675
74000000	130000000	1445.5038
75000000	130000000	1379.9371
76000000	130000000	1225.1005
77000000	130000000	1203.2566
78000000	130000000	1423.4412
79000000	130000000	1429.6962
80000000	130000000	2021.2583
81000000	130000000	1708.9474
82000000	130000000	1978.1034
83000000	130000000	1441.9719
84000000	130000000	1843.1561
85000000	130000000	2684.7693
86000000	130000000	2402.318
87000000	130000000	2073.6372
88000000	130000000	2204.947
89000000	130000000	1999.8501
90000000	130000000	2659.379
91000000	130000000	2887.1077
92000000	130000000	2855.968
93000000	130000000	3204.2766
94000000	130000000	3136.5757
95000000	130000000	3098.3684
96000000	130000000	3096.5742
97000000	130000000	3362.0977
98000000	130000000	3444.4705
99000000	130000000	2783.554
100000000	130000000	2942.2463
101000000	130000000	3184.516
102000000	130000000	2985.8635
103000000	130000000	2503.05
104000000	130000000	3926.621
105000000	130000000	2529.378
106000000	130000000	2579.9956
107000000	130000000	4391.686
108000000	130000000	4152.695
109000000	130000000	3659.3376
110000000	130000000	3099.2695
111000000	130000000	3954.1528
112000000	130000000	4665.124
113000000	130000000	3415.4114
114000000	130000000	3399.622
115000000	130000000	4953.059
116000000	130000000	4528.2275
117000000	130000000	5002.1733
118000000	130000000	5388.054
119000000	130000000	4720.0605
120000000	130000000	5653.6226
121000000	130000000	6300.534
122000000	130000000	5790.9614
123000000	130000000	6393.5435
124000000	130000000	7896.425
125000000	130000000	10983.38
126000000	130000000	13165.751
127000000	130000000	17242.336
128000000	130000000	24535.51
129000000	130000000	82424.75
130000000	130000000	358947.7
0	131000000	277.25162
1000000	131000000	158.96022
2000000	131000000	192.14203
3000000	131000000	157.13219
4000000	131000000	203.06679
5000000	131000000	242.7138
6000000	131000000	178.99614
7000000	131000000	148.55782
8000000	131000000	179.28877
9000000	131000000	231.82137
10000000	131000000	263.94135
11000000	131000000	323.5549
12000000	131000000	347.44467
13000000	131000000	262.57095
14000000	131000000	287.83255
15000000	131000000	268.7217
16000000	131000000	256.4684
17000000	131000000	282.86014
18000000	131000000	366.00885
19000000	131000000	332.58334
20000000	131000000	334.13303
21000000	131000000	332.6975
22000000	131000000	304.12396
23000000	131000000	374.83322
24000000	131000000	311.42902
25000000	131000000	273.45505
26000000	131000000	281.30872
27000000	131000000	337.6204
28000000	131000000	386.47873
29000000	131000000	387.47552
30000000	131000000	387.6469
31000000	131000000	490.86105
32000000	131000000	448.83542
33000000	131000000	456.96884
34000000	131000000	588.17
35000000	131000000	515.7615
36000000	131000000	376.25272
37000000	131000000	376.24615
38000000	131000000	244.25298
39000000	131000000	226.47144
40000000	131000000	339.4824
41000000	131000000	510.23825
42000000	131000000	522.2576
43000000	131000000	653.61456
44000000	131000000	591.70074
45000000	131000000	641.96967
46000000	131000000	655.174
47000000	131000000	543.27496
48000000	131000000	370.57626
49000000	131000000	286.2916
52000000	131000000	636.4532
53000000	131000000	723.6281
54000000	131000000	546.0541
55000000	131000000	831.963
56000000	131000000	701.3151
57000000	131000000	681.4743
58000000	131000000	1119.1708
59000000	131000000	1206.7942
60000000	131000000	1252.3414
61000000	131000000	1449.5853
62000000	131000000	1409.5771
63000000	131000000	1340.53
64000000	131000000	1466.445
65000000	131000000	1578.5745
66000000	131000000	1618.8907
67000000	131000000	1726.0465
68000000	131000000	1358.3517
69000000	131000000	1312.7114
70000000	131000000	1519.8916
71000000	131000000	1191.1249
72000000	131000000	1490.115
73000000	131000000	1699.6964
74000000	131000000	1322.0228
75000000	131000000	1277.946
76000000	131000000	962.8994
77000000	131000000	994.6239
78000000	131000000	1138.3058
79000000	131000000	1207.3362
80000000	131000000	1919.844
81000000	131000000	1476.9385
82000000	131000000	1833.4106
83000000	131000000	1258.1987
84000000	131000000	1604.101
85000000	131000000	2493.695
86000000	131000000	2190.9814
87000000	131000000	1931.0393
88000000	131000000	1907.6678
89000000	131000000	1730.8734
90000000	131000000	2475.1606
91000000	131000000	2758.827
92000000	131000000	2742.1833
93000000	131000000	3232.4219
94000000	131000000	2924.8376
95000000	131000000	2752.0017
96000000	131000000	2665.9832
97000000	131000000	3500.262
98000000	131000000	3580.5537
99000000	131000000	2414.8005
100000000	131000000	2697.925
101000000	131000000	3059.4219
102000000	131000000	2852.8435
103000000	131000000	2256.9124
104000000	131000000	3882.0337
105000000	131000000	2278.4749
106000000	131000000	2334.732
107000000	131000000	4293.6533
108000000	131000000	3909.6064
109000000	131000000	3323.446
110000000	131000000	2773.0745
111000000	131000000	3617.2207
112000000	131000000	4611.5327
113000000	131000000	2925.7654
114000000	131000000	2847.5037
115000000	131000000	4823.2124
116000000	131000000	4375.477
117000000	131000000	4675.454
118000000	131000000	5113.2183
119000000	131000000	4064.983
120000000	131000000	4857.4106
121000000	131000000	5819.182
122000000	131000000	4823.073
123000000	131000000	4890.888
124000000	131000000	6146.7095
125000000	131000000	9002.24
126000000	131000000	10089.329
127000000	131000000	12236.427
128000000	131000000	12808.601
129000000	131000000	20077.271
130000000	131000000	95661.125
131000000	131000000	383612.53
0	132000000	327.30203
1000000	132000000	193.01997
2000000	132000000	199.69098
3000000	132000000	143.1149
4000000	132000000	221.94218
5000000	132000000	233.72273
6000000	132000000	254.53831
7000000	132000000	187.44571
8000000	132000000	233.73994
9000000	132000000	216.68344
10000000	132000000	311.2882
11000000	132000000	337.57498
12000000	132000000	278.76547
13000000	132000000	278.8511
14000000	132000000	353.44604
15000000	132000000	285.0912
16000000	132000000	281.50546
17000000	132000000	306.55914
18000000	132000000	354.77228
19000000	132000000	312.4741
20000000	132000000	320.97684
21000000	132000000	333.23138
22000000	132000000	336.53827
23000000	132000000	328.8495
24000000	132000000	307.01135
25000000	132000000	332.1467
26000000	132000000	361.01947
27000000	132000000	297.4884
28000000	132000000	357.22266
29000000	132000000	356.3786
30000000	132000000	339.61597
31000000	132000000	381.20697
32000000	132000000	427.17303
33000000	132000000	391.23178
34000000	132000000	378.40836
35000000	132000000	439.25497
36000000	132000000	489.19006
37000000	132000000	423.5549
38000000	132000000	375.0812
39000000	132000000	296.77423
40000000	132000000	443.92026
41000000	132000000	522.32
42000000	132000000	601.9745
43000000	132000000	538.23615
44000000	132000000	469.90628
45000000	132000000	514.1661
46000000	132000000	472.14728
47000000	132000000	559.8211
48000000	132000000	584.4396
49000000	132000000	334.59082
52000000	132000000	711.7881
53000000	132000000	740.24146
54000000	132000000	777.0772
55000000	132000000	725.1617
56000000	132000000	756.4646
57000000	132000000	795.82245
58000000	132000000	837.98785
59000000	132000000	955.859
60000000	132000000	1073.4644
61000000	132000000	1012.8452
62000000	132000000	1001.2697
63000000	132000000	1109.1108
64000000	132000000	1201.5854
65000000	132000000	1183.6913
66000000	132000000	1257.3916
67000000	132000000	1276.2865
68000000	132000000	1270.7788
69000000	132000000	1605.5314
70000000	132000000	1286.3694
71000000	132000000	1285.1974
72000000	132000000	1283.304
73000000	132000000	1539.8807
74000000	132000000	1359.0902
75000000	132000000	1260.1133
76000000	132000000	1149.1227
77000000	132000000	1063.3817
78000000	132000000	1238.8722
79000000	132000000	1345.4761
80000000	132000000	1652.5385
81000000	132000000	1568.7838
82000000	132000000	1449.4634
83000000	132000000	1180.8136
84000000	132000000	1517.3345
85000000	132000000	1876.8928
86000000	132000000	2094.9946
87000000	132000000	2161.0864
88000000	132000000	1921.16
89000000	132000000	1865.156
90000000	132000000	2197.0388
91000000	132000000	2156.8438
92000000	132000000	2438.6787
93000000	132000000	2270.3047
94000000	132000000	2443.2761
95000000	132000000	2416.2434
96000000	132000000	2453.193
97000000	132000000	2511.8853
98000000	132000000	2670.0527
99000000	132000000	2640.963
100000000	132000000	2865.2808
101000000	132000000	2675.9075
102000000	132000000	2574.5215
103000000	132000000	2788.3096
104000000	132000000	3654.9626
105000000	132000000	3741.2832
106000000	132000000	3307.3062
107000000	132000000	3759.8997
108000000	132000000	3411.5151
109000000	132000000	2959.5684
110000000	132000000	2847.1077
111000000	132000000	3171.9673
112000000	132000000	3861.32
113000000	132000000	3320.4316
114000000	132000000	3631.993
115000000	132000000	4007.3364
116000000	132000000	4660.9775
117000000	132000000	3775.7244
118000000	132000000	3868.7263
119000000	132000000	3580.1077
120000000	132000000	4002.2598
121000000	132000000	4245.844
122000000	132000000	4322.383
123000000	132000000	4821.0264
124000000	132000000	5314.5376
125000000	132000000	6060.2197
126000000	132000000	6773.6655
127000000	132000000	7581.288
128000000	132000000	10051.287
129000000	132000000	16058.472
130000000	132000000	29868.357
131000000	132000000	77665.29
132000000	132000000	435612.84
0	133000000	317.64258
1000000	133000000	171.33006
2000000	133000000	179.82697
3000000	133000000	166.95752
4000000	133000000	187.0723
5000000	133000000	250.8889
6000000	133000000	160.15881
7000000	133000000	177.82762
8000000	133000000	191.54622
9000000	133000000	200.25766
10000000	133000000	205.78133
11000000	133000000	358.57297
12000000	133000000	321.9163
13000000	133000000	276.69305
14000000	133000000	255.67426
15000000	133000000	255.24168
16000000	133000000	295.79614
17000000	133000000	259.90372
18000000	133000000	333.3386
19000000	133000000	342.13556
20000000	133000000	329.1537
21000000	133000000	322.95132
22000000	133000000	257.74304
23000000	133000000	396.86386
24000000	133000000	284.4211
25000000	133000000	237.4527
26000000	133000000	261.0101
27000000	133000000	308.5862
28000000	133000000	404.37546
29000000	133000000	426.52536
30000000	133000000	379.75314
31000000	133000000	412.7637
32000000	133000000	395.51828
33000000	133000000	453.17313
34000000	133000000	472.56317
35000000	133000000	510.7123
36000000	133000000	410.08893
37000000	133000000	393.41003
38000000	133000000	296.05173
39000000	133000000	262.11752
40000000	133000000	331.92984
41000000	133000000	439.75015
42000000	133000000	508.04974
43000000	133000000	608.6321
44000000	133000000	522.0195
45000000	133000000	617.60913
46000000	133000000	577.7107
47000000	133000000	492.02216
48000000	133000000	444.5208
49000000	133000000	243.35449
52000000	133000000	647.3055
53000000	133000000	692.9643
54000000	133000000	591.1043
55000000	133000000	782.15875
56000000	133000000	686.1335
57000000	133000000	690.3096
58000000	133000000	1075.5731
59000000	133000000	1186.7668
60000000	133000000	1143.5018
61000000	133000000	1239.5005
62000000	133000000	1312.6768
63000000	133000000	1272.297
64000000	133000000	1454.2643
65000000	133000000	1488.4054
66000000	133000000	1558.5972
67000000	133000000	1608.3538
68000000	133000000	1305.5979
69000000	133000000	1272.8766
70000000	133000000	1438.2195
71000000	133000000	1199.724
72000000	133000000	1426.7012
73000000	133000000	1653.0898
74000000	133000000	1299.8424
75000000	133000000	1269.7156
76000000	133000000	945.2756
77000000	133000000	952.9016
78000000	133000000	1159.1315
79000000	133000000	1222.0527
80000000	133000000	1891.234
81000000	133000000	1481.0018
82000000	133000000	1637.8293
83000000	133000000	1192.0005
84000000	133000000	1445.1088
85000000	133000000	2303.0044
86000000	133000000	2142.917
87000000	133000000	1958.4202
88000000	133000000	1919.4542
89000000	133000000	1707.2025
90000000	133000000	2286.469
91000000	133000000	2603.9841
92000000	133000000	2815.258
93000000	133000000	2969.2866
94000000	133000000	2755.9834
95000000	133000000	2375.291
96000000	133000000	2693.7224
97000000	133000000	3259.1448
98000000	133000000	3454.137
99000000	133000000	2405.7783
100000000	133000000	2624.651
101000000	133000000	3013.7988
102000000	133000000	2847.753
103000000	133000000	2430.0527
104000000	133000000	3819.1863
105000000	133000000	2680.165
106000000	133000000	2494.585
107000000	133000000	4168.5576
108000000	133000000	3796.4834
109000000	133000000	3241.3784
110000000	133000000	2739.1606
111000000	133000000	3485.159
112000000	133000000	4492.981
113000000	133000000	2893.1392
114000000	133000000	3100.1401
115000000	133000000	4705.728
116000000	133000000	4224.1562
117000000	133000000	4530.1475
118000000	133000000	4719.9263
119000000	133000000	3795.37
120000000	133000000	4559.442
121000000	133000000	5145.171
122000000	133000000	4304.666
123000000	133000000	4557.888
124000000	133000000	5386.66
125000000	133000000	7436.145
126000000	133000000	7894.051
127000000	133000000	8851.183
128000000	133000000	8869.467
129000000	133000000	11513.948
130000000	133000000	25680.145
131000000	133000000	51201.79
132000000	133000000	104471.88
133000000	133000000	381346.72
0	134000000	238.46922
1000000	134000000	152.79745
2000000	134000000	163.95132
3000000	134000000	155.82336
4000000	134000000	217.03789
5000000	134000000	217.26427
6000000	134000000	165.87912
7000000	134000000	145.10335
8000000	134000000	185.6974
9000000	134000000	199.11375
10000000	134000000	197.93124
11000000	134000000	320.7065
12000000	134000000	328.19595
13000000	134000000	271.95648
14000000	134000000	279.04132
15000000	134000000	242.48193
16000000	134000000	252.01346
17000000	134000000	275.24667
18000000	134000000	349.4349
19000000	134000000	356.99768
20000000	134000000	309.64743
21000000	134000000	328.991
22000000	134000000	274.99545
23000000	134000000	341.58887
24000000	134000000	268.62103
25000000	134000000	265.64987
26000000	134000000	244.17126
27000000	134000000	338.40826
28000000	134000000	403.349
29000000	134000000	390.08862
30000000	134000000	347.4
31000000	134000000	355.57285
32000000	134000000	406.17407
33000000	134000000	454.37094
34000000	134000000	474.003
35000000	134000000	450.29193
36000000	134000000	376.30228
37000000	134000000	351.44907
38000000	134000000	217.37862
39000000	134000000	196.86841
40000000	134000000	306.7298
41000000	134000000	441.2727
42000000	134000000	487.9751
43000000	134000000	618.695
44000000	134000000	586.5067
45000000	134000000	583.17755
46000000	134000000	646.2121
47000000	134000000	496.23425
48000000	134000000	316.14847
49000000	134000000	204.27278
52000000	134000000	569.42834
53000000	134000000	709.3237
54000000	134000000	479.46103
55000000	134000000	771.16815
56000000	134000000	665.5801
57000000	134000000	634.8385
58000000	134000000	997.7711
59000000	134000000	1173.4723
60000000	134000000	1198.1611
61000000	134000000	1319.9296
62000000	134000000	1432.2122
63000000	134000000	1330.9731
64000000	134000000	1435.8647
65000000	134000000	1540.5825
66000000	134000000	1553.395
67000000	134000000	1663.6384
68000000	134000000	1272.6864
69000000	134000000	1157.3159
70000000	134000000	1502.4469
71000000	134000000	1135.6813
72000000	134000000	1570.776
73000000	134000000	1640.693
74000000	134000000	1231.0729
75000000	134000000	1233.973
76000000	134000000	964.3306
77000000	134000000	1000.8008
78000000	134000000	1121.7317
79000000	134000000	1191.2472
80000000	134000000	1894.5461
81000000	134000000	1498.2155
82000000	134000000	1712.0273
83000000	134000000	1152.607
84000000	134000000	1496.4586
85000000	134000000	2513.2305
86000000	134000000	2081.4336
87000000	134000000	1856.419
88000000	134000000	1818.1342
89000000	134000000	1593.0848
90000000	134000000	2359.1658
91000000	134000000	2505.1335
92000000	134000000	2549.3752
93000000	134000000	2965.2534
94000000	134000000	2832.3308
95000000	134000000	2562.4077
96000000	134000000	2593.2568
97000000	134000000	3299.4155
98000000	134000000	3399.3667
99000000	134000000	2347.285
100000000	134000000	2594.603
101000000	134000000	3039.645
102000000	134000000	2883.0254
103000000	134000000	2340.8137
104000000	134000000	3858.4302
105000000	134000000	2141.5344
106000000	134000000	2077.1868
107000000	134000000	4179.653
108000000	134000000	3865.0244
109000000	134000000	3357.3586
110000000	134000000	2843.1746
111000000	134000000	3663.2615
112000000	134000000	4632.637
113000000	134000000	2861.82
114000000	134000000	2930.3206
115000000	134000000	4761.267
116000000	134000000	3941.3862
117000000	134000000	4644.982
118000000	134000000	4874.211
119000000	134000000	3821.1335
120000000	134000000	4767.233
121000000	134000000	5478.894
122000000	134000000	4303.5254
123000000	134000000	4126.969
124000000	134000000	4771.6177
125000000	134000000	7016.5195
126000000	134000000	6763.12
127000000	134000000	7431.604
128000000	134000000	6447.2876
129000000	134000000	7529.1265
130000000	134000000	14712.213
131000000	134000000	20309.127
132000000	134000000	20384.123
133000000	134000000	57726.742
134000000	134000000	390241.06
0	135000000	228.27469
1000000	135000000	155.92569
2000000	135000000	150.82266
3000000	135000000	138.68114
4000000	135000000	216.23514
5000000	135000000	240.06401
6000000	135000000	179.79292
7000000	135000000	159.73921
8000000	135000000	180.15315
9000000	135000000	212.10709
10000000	135000000	235.5396
11000000	135000000	264.78885
12000000	135000000	332.36203
13000000	135000000	260.74664
14000000	135000000	249.17438
15000000	135000000	244.52612
16000000	135000000	275.1563
17000000	135000000	260.33752
18000000	135000000	284.24982
19000000	135000000	314.08884
20000000	135000000	333.7573
21000000	135000000	317.05203
22000000	135000000	275.55356
23000000	135000000	361.18164
24000000	135000000	270.50333
25000000	135000000	230.6056
26000000	135000000	242.24051
27000000	135000000	311.65558
28000000	135000000	423.0032
29000000	135000000	362.2693
30000000	135000000	331.71536
31000000	135000000	400.82016
32000000	135000000	414.41263
33000000	135000000	441.74698
34000000	135000000	467.3242
35000000	135000000	428.08167
36000000	135000000	317.31937
37000000	135000000	348.8243
38000000	135000000	228.0896
39000000	135000000	225.3752
40000000	135000000	278.45032
41000000	135000000	452.24704
42000000	135000000	483.78836
43000000	135000000	652.6394
44000000	135000000	528.74493
45000000	135000000	558.37573
46000000	135000000	598.65625
47000000	135000000	438.60004
48000000	135000000	327.13663
49000000	135000000	289.1471
52000000	135000000	533.28564
53000000	135000000	585.35394
54000000	135000000	472.0483
55000000	135000000	761.2492
56000000	135000000	702.18445
57000000	135000000	600.9117
58000000	135000000	936.5249
59000000	135000000	1064.509
60000000	135000000	1064.4363
61000000	135000000	1208.8732
62000000	135000000	1322.3777
63000000	135000000	1291.0094
64000000	135000000	1246.9442
65000000	135000000	1517.486
66000000	135000000	1568.6731
67000000	135000000	1483.7207
68000000	135000000	1229.5016
69000000	135000000	1141.134
70000000	135000000	1454.7327
71000000	135000000	995.83417
72000000	135000000	1442.096
73000000	135000000	1587.6366
74000000	135000000	1277.6943
75000000	135000000	1198.1532
76000000	135000000	893.7719
77000000	135000000	938.7178
78000000	135000000	1062.9827
79000000	135000000	1128.5219
80000000	135000000	1771.8962
81000000	135000000	1376.5946
82000000	135000000	1668.0203
83000000	135000000	1080.5338
84000000	135000000	1368.9901
85000000	135000000	2333.5576
86000000	135000000	2094.03
87000000	135000000	1674.8933
88000000	135000000	1737.0054
89000000	135000000	1536.628
90000000	135000000	2183.7026
91000000	135000000	2467.9448
92000000	135000000	2539.063
93000000	135000000	2932.718
94000000	135000000	2712.0825
95000000	135000000	2376.2712
96000000	135000000	2452.1655
97000000	135000000	3162.5344
98000000	135000000	3222.1135
99000000	135000000	2220.8474
100000000	135000000	2433.674
101000000	135000000	2812.4932
102000000	135000000	2656.8054
103000000	135000000	2090.2957
104000000	135000000	3609.0881
105000000	135000000	2055.838
106000000	135000000	1952.947
107000000	135000000	4108.496
108000000	135000000	3554.1362
109000000	135000000	3253.2861
110000000	135000000	2708.7935
111000000	135000000	3565.108
112000000	135000000	4409.751
113000000	135000000	2830.176
114000000	135000000	2802.8074
115000000	135000000	4724.2363
116000000	135000000	3706.058
117000000	135000000	4413.4683
118000000	135000000	4670.388
119000000	135000000	3751.4338
120000000	135000000	4579.1313
121000000	135000000	5103.4897
122000000	135000000	4113.202
123000000	135000000	3902.369
124000000	135000000	4258.482
125000000	135000000	5951.1304
126000000	135000000	6110.5586
127000000	135000000	6654.439
128000000	135000000	5821.4106
129000000	135000000	6068.8086
130000000	135000000	10936.129
131000000	135000000	13594.311
132000000	135000000	12155.367
133000000	135000000	25201.697
134000000	135000000	98458.13
135000000	135000000	392072.8
0	136000000	218.78995
1000000	136000000	155.98103
2000000	136000000	153.965
3000000	136000000	157.98448
4000000	136000000	185.60748
5000000	136000000	218.20683
6000000	136000000	162.804
7000000	136000000	132.28304
8000000	136000000	170.33426
9000000	136000000	190.27014
10000000	136000000	197.8744
11000000	136000000	292.68878
12000000	136000000	289.56216
13000000	136000000	250.66205
14000000	136000000	258.42862
15000000	136000000	225.19589
16000000	136000000	248.36757
17000000	136000000	281.0821
18000000	136000000	350.29987
19000000	136000000	358.80997
20000000	136000000	323.98264
21000000	136000000	327.90088
22000000	136000000	300.69937
23000000	136000000	338.55014
24000000	136000000	246.09625
25000000	136000000	242.03618
26000000	136000000	237.227
27000000	136000000	315.80948
28000000	136000000	388.13678
29000000	136000000	396.16458
30000000	136000000	345.45978
31000000	136000000	392.95398
32000000	136000000	431.03766
33000000	136000000	449.8756
34000000	136000000	496.691
35000000	136000000	513.31415
36000000	136000000	327.6688
37000000	136000000	351.55963
38000000	136000000	210.82895
39000000	136000000	217.16501
40000000	136000000	290.9009
41000000	136000000	448.8453
42000000	136000000	483.37906
43000000	136000000	581.0978
44000000	136000000	569.3371
45000000	136000000	630.78235
46000000	136000000	585.3942
47000000	136000000	497.32272
48000000	136000000	332.00735
49000000	136000000	218.64546
52000000	136000000	518.6357
53000000	136000000	628.0848
54000000	136000000	477.31638
55000000	136000000	702.3652
56000000	136000000	634.98083
57000000	136000000	618.7964
58000000	136000000	871.38794
59000000	136000000	963.4332
60000000	136000000	1051.6205
61000000	136000000	1307.5353
62000000	136000000	1203.7278
63000000	136000000	1204.452
64000000	136000000	1309.8566
65000000	136000000	1413.064
66000000	136000000	1546.775
67000000	136000000	1562.152
68000000	136000000	1178.0043
69000000	136000000	1158.9572
70000000	136000000	1471.9054
71000000	136000000	1005.8675
72000000	136000000	1402.8402
73000000	136000000	1495.6681
74000000	136000000	1192.2155
75000000	136000000	1145.2421
76000000	136000000	915.5532
77000000	136000000	885.44165
78000000	136000000	1048.6254
79000000	136000000	1125.5182
80000000	136000000	1796.1327
81000000	136000000	1333.5609
82000000	136000000	1586.3413
83000000	136000000	1025.0308
84000000	136000000	1413.523
85000000	136000000	2317.3171
86000000	136000000	2012.4861
87000000	136000000	1677.0759
88000000	136000000	1710.4978
89000000	136000000	1508.811
90000000	136000000	2260.2668
91000000	136000000	2419.4377
92000000	136000000	2441.366
93000000	136000000	2912.221
94000000	136000000	2488.7166
95000000	136000000	2359.611
96000000	136000000	2409.4104
97000000	136000000	3011.8
98000000	136000000	3057.5217
99000000	136000000	1992.2058
100000000	136000000	2325.26
101000000	136000000	2895.6267
102000000	136000000	2592.417
103000000	136000000	2026.5864
104000000	136000000	3453.3518
105000000	136000000	1947.8994
106000000	136000000	1970.5974
107000000	136000000	3943.12
108000000	136000000	3430.6104
109000000	136000000	3113.0042
110000000	136000000	2572.4998
111000000	136000000	3472.346
112000000	136000000	4508.4233
113000000	136000000	2722.5933
114000000	136000000	2868.0393
115000000	136000000	4708.619
116000000	136000000	3835.712
117000000	136000000	4305.7656
118000000	136000000	4599.839
119000000	136000000	3624.4834
120000000	136000000	4576.624
121000000	136000000	5052.5303
122000000	136000000	3929.3188
123000000	136000000	3599.7402
124000000	136000000	4087.7397
125000000	136000000	5671.5303
126000000	136000000	5702.598
127000000	136000000	5990.47
128000000	136000000	5175.4478
129000000	136000000	5000.7065
130000000	136000000	8828.629
131000000	136000000	9955.138
132000000	136000000	8575.935
133000000	136000000	14902.212
134000000	136000000	32486.896
135000000	136000000	74505.91
136000000	136000000	392084.34
0	137000000	214.78336
1000000	137000000	163.01143
2000000	137000000	191.7687
3000000	137000000	140.60475
4000000	137000000	218.46558
5000000	137000000	221.07068
6000000	137000000	187.24313
7000000	137000000	165.71895
8000000	137000000	172.67749
9000000	137000000	208.75114
10000000	137000000	229.44795
11000000	137000000	298.22064
12000000	137000000	271.7217
13000000	137000000	275.7839
14000000	137000000	263.91223
15000000	137000000	268.6161
16000000	137000000	259.67838
17000000	137000000	265.64316
18000000	137000000	293.76022
19000000	137000000	288.28738
20000000	137000000	299.66287
21000000	137000000	319.11066
22000000	137000000	295.23407
23000000	137000000	334.2224
24000000	137000000	276.87238
25000000	137000000	257.01416
26000000	137000000	286.19943
27000000	137000000	259.9034
28000000	137000000	355.17874
29000000	137000000	338.85413
30000000	137000000	337.60593
31000000	137000000	350.94495
32000000	137000000	390.97412
33000000	137000000	431.31573
34000000	137000000	457.84097
35000000	137000000	462.93307
36000000	137000000	358.22507
37000000	137000000	335.4585
38000000	137000000	258.77075
39000000	137000000	232.72658
40000000	137000000	365.2257
41000000	137000000	510.96292
42000000	137000000	542.5828
43000000	137000000	555.86096
44000000	137000000	555.6992
45000000	137000000	529.13367
46000000	137000000	577.339
47000000	137000000	465.5615
48000000	137000000	380.39227
49000000	137000000	226.7151
52000000	137000000	579.59186
53000000	137000000	647.79456
54000000	137000000	481.43277
55000000	137000000	702.8988
56000000	137000000	722.9076
57000000	137000000	648.69073
58000000	137000000	879.43854
59000000	137000000	949.0004
60000000	137000000	1036.5225
61000000	137000000	1116.3286
62000000	137000000	1128.2264
63000000	137000000	1151.8619
64000000	137000000	1174.6594
65000000	137000000	1275.9941
66000000	137000000	1423.3496
67000000	137000000	1431.5911
68000000	137000000	1233.6001
69000000	137000000	1219.5743
70000000	137000000	1379.3075
71000000	137000000	1100.0569
72000000	137000000	1347.8196
73000000	137000000	1499.6737
74000000	137000000	1217.1152
75000000	137000000	1176.4016
76000000	137000000	980.56165
77000000	137000000	881.65045
78000000	137000000	1028.8203
79000000	137000000	1154.9456
80000000	137000000	1785.4185
81000000	137000000	1454.0369
82000000	137000000	1577.5989
83000000	137000000	1156.7646
84000000	137000000	1452.5085
85000000	137000000	2034.5951
86000000	137000000	2007.2247
87000000	137000000	1865.9502
88000000	137000000	1716.7766
89000000	137000000	1506.661
90000000	137000000	2137.0498
91000000	137000000	2212.6794
92000000	137000000	2337.5442
93000000	137000000	2666.2778
94000000	137000000	2440.7349
95000000	137000000	2374.04
96000000	137000000	2444.1357
97000000	137000000	2851.779
98000000	137000000	2684.7258
99000000	137000000	2154.6992
100000000	137000000	2361.2632
101000000	137000000	2721.4536
102000000	137000000	2601.2444
103000000	137000000	2208.7158
104000000	137000000	3375.1006
105000000	137000000	2022.2168
106000000	137000000	2035.9557
107000000	137000000	3585.1208
108000000	137000000	3298.468
109000000	137000000	3022.2588
110000000	137000000	2642.8298
111000000	137000000	3347.2778
112000000	137000000	4298.8306
113000000	137000000	2924.2856
114000000	137000000	3058.0022
115000000	137000000	4290.4946
116000000	137000000	3651.714
117000000	137000000	4047.8704
118000000	137000000	4348.7886
119000000	137000000	3603.2656
120000000	137000000	4335.858
121000000	137000000	4695.1367
122000000	137000000	3996.747
123000000	137000000	3605.5557
124000000	137000000	3982.7559
125000000	137000000	5156.3413
126000000	137000000	5266.133
127000000	137000000	5527.0044
128000000	137000000	5090.345
129000000	137000000	5247.039
130000000	137000000	8595.56
131000000	137000000	9009.623
132000000	137000000	7653.3677
133000000	137000000	12539.991
134000000	137000000	23955.412
135000000	137000000	34484.05
136000000	137000000	97010.445
137000000	137000000	394376.94
0	138000000	248.1879
1000000	138000000	180.8723
2000000	138000000	178.88667
3000000	138000000	180.42796
4000000	138000000	262.82465
5000000	138000000	226.11874
6000000	138000000	205.98813
7000000	138000000	182.14633
8000000	138000000	221.26088
9000000	138000000	232.82735
10000000	138000000	242.20068
11000000	138000000	320.16766
12000000	138000000	271.8339
13000000	138000000	302.35928
14000000	138000000	270.44897
15000000	138000000	255.29675
16000000	138000000	325.1539
17000000	138000000	297.68997
18000000	138000000	344.86383
19000000	138000000	331.05896
20000000	138000000	359.54437
21000000	138000000	316.48413
22000000	138000000	286.87686
23000000	138000000	406.57172
24000000	138000000	337.26843
25000000	138000000	292.09735
26000000	138000000	308.68872
27000000	138000000	378.2532
28000000	138000000	414.1496
29000000	138000000	429.34625
30000000	138000000	389.79974
31000000	138000000	393.14874
32000000	138000000	461.6226
33000000	138000000	443.3405
34000000	138000000	458.45346
35000000	138000000	564.8131
36000000	138000000	394.49606
37000000	138000000	350.2464
38000000	138000000	281.92398
39000000	138000000	312.24182
40000000	138000000	416.57
41000000	138000000	540.16815
42000000	138000000	599.45917
43000000	138000000	631.94763
44000000	138000000	575.04816
45000000	138000000	603.6355
46000000	138000000	599.1592
47000000	138000000	472.39975
48000000	138000000	403.39264
49000000	138000000	256.02136
52000000	138000000	537.69135
53000000	138000000	662.8883
54000000	138000000	572.50854
55000000	138000000	740.16504
56000000	138000000	699.501
57000000	138000000	685.1798
58000000	138000000	976.2775
59000000	138000000	1052.7981
60000000	138000000	1141.2861
61000000	138000000	1184.232
62000000	138000000	1213.3015
63000000	138000000	1156.1547
64000000	138000000	1255.3992
65000000	138000000	1345.0931
66000000	138000000	1517.9912
67000000	138000000	1480.4927
68000000	138000000	1190.018
69000000	138000000	1224.6813
70000000	138000000	1364.7627
71000000	138000000	1112.6923
72000000	138000000	1359.177
73000000	138000000	1430.7711
74000000	138000000	1249.8232
75000000	138000000	1198.2311
76000000	138000000	983.60455
77000000	138000000	1028.7644
78000000	138000000	1165.0818
79000000	138000000	1137.5471
80000000	138000000	1586.9713
81000000	138000000	1352.6383
82000000	138000000	1548.0022
83000000	138000000	1175.6237
84000000	138000000	1420.948
85000000	138000000	2050.1816
86000000	138000000	1905.44
87000000	138000000	1781.4255
88000000	138000000	1634.0156
89000000	138000000	1517.8496
90000000	138000000	2102.486
91000000	138000000	2249.1975
92000000	138000000	2214.0667
93000000	138000000	2536.3462
94000000	138000000	2492.7197
95000000	138000000	2468.6658
96000000	138000000	2310.221
97000000	138000000	2594.06
98000000	138000000	2642.0852
99000000	138000000	2129.6704
100000000	138000000	2234.2578
101000000	138000000	2418.907
102000000	138000000	2397.873
103000000	138000000	2105.3508
104000000	138000000	2963.0415
105000000	138000000	1753.1863
106000000	138000000	1886.265
107000000	138000000	3349.369
108000000	138000000	3074.8442
109000000	138000000	2902.3955
110000000	138000000	2486.4329
111000000	138000000	3174.1648
112000000	138000000	3859.955
113000000	138000000	2847.1475
114000000	138000000	2900.9854
115000000	138000000	4221.113
116000000	138000000	3563.885
117000000	138000000	3914.3508
118000000	138000000	4265.945
119000000	138000000	3553.637
120000000	138000000	4228.852
121000000	138000000	4491.631
122000000	138000000	3770.9146
123000000	138000000	3573.036
124000000	138000000	3880.5264
125000000	138000000	4920.2886
126000000	138000000	4831.976
127000000	138000000	4994.404
128000000	138000000	4774.977
129000000	138000000	4501.073
130000000	138000000	6820.9404
131000000	138000000	7331.0547
132000000	138000000	6303.5396
133000000	138000000	8878.662
134000000	138000000	12948.001
135000000	138000000	16538.383
136000000	138000000	26508.09
137000000	138000000	59904.27
138000000	138000000	398850.94
0	139000000	337.9254
1000000	139000000	318.91028
2000000	139000000	375.5255
3000000	139000000	292.77927
4000000	139000000	411.39563
5000000	139000000	335.27933
6000000	139000000	388.416
7000000	139000000	303.60037
8000000	139000000	293.50732
9000000	139000000	297.3706
10000000	139000000	358.46176
11000000	139000000	306.37796
12000000	139000000	221.31793
13000000	139000000	312.4265
14000000	139000000	306.70282
15000000	139000000	354.0694
16000000	139000000	307.25052
17000000	139000000	407.77042
18000000	139000000	321.58676
19000000	139000000	237.41208
20000000	139000000	267.04593
21000000	139000000	291.37515
22000000	139000000	341.8603
23000000	139000000	342.14133
24000000	139000000	345.49167
25000000	139000000	491.3122
26000000	139000000	452.86017
27000000	139000000	372.09146
28000000	139000000	334.49838
29000000	139000000	291.17593
30000000	139000000	325.83743
31000000	139000000	362.4316
32000000	139000000	364.23
33000000	139000000	354.35275
34000000	139000000	400.88605
35000000	139000000	468.66003
36000000	139000000	475.4884
37000000	139000000	561.0102
38000000	139000000	570.93384
39000000	139000000	581.6915
40000000	139000000	796.4254
41000000	139000000	786.1044
42000000	139000000	844.50104
43000000	139000000	515.66034
44000000	139000000	480.39664
45000000	139000000	461.09003
46000000	139000000	484.79388
47000000	139000000	681.2193
48000000	139000000	708.501
49000000	139000000	312.81107
52000000	139000000	603.3686
53000000	139000000	901.0442
54000000	139000000	901.6322
55000000	139000000	843.93854
56000000	139000000	1015.48206
57000000	139000000	1092.0648
58000000	139000000	912.98773
59000000	139000000	774.91223
60000000	139000000	867.5554
61000000	139000000	823.1168
62000000	139000000	921.9186
63000000	139000000	921.6023
64000000	139000000	942.0814
65000000	139000000	999.00757
66000000	139000000	1100.6276
67000000	139000000	1121.972
68000000	139000000	1327.1327
69000000	139000000	1222.9733
70000000	139000000	1134.5939
71000000	139000000	1396.9873
72000000	139000000	1225.7158
73000000	139000000	1256.7616
74000000	139000000	1473.7776
75000000	139000000	1466.2955
76000000	139000000	1497.4015
77000000	139000000	1558.8668
78000000	139000000	1572.174
79000000	139000000	1552.3945
80000000	139000000	1469.733
81000000	139000000	1502.977
82000000	139000000	1640.7028
83000000	139000000	1866.5397
84000000	139000000	1902.521
85000000	139000000	1765.4576
86000000	139000000	2023.0554
87000000	139000000	2246.859
88000000	139000000	2071.9944
89000000	139000000	2152.326
90000000	139000000	2173.0874
91000000	139000000	1785.1936
92000000	139000000	1668.206
93000000	139000000	1796.7156
94000000	139000000	2057.0554
95000000	139000000	2571.9512
96000000	139000000	2183.4714
97000000	139000000	1838.9613
98000000	139000000	1864.7227
99000000	139000000	2545.7515
100000000	139000000	2516.4436
101000000	139000000	2334.9138
102000000	139000000	2383.6091
103000000	139000000	2742.1157
104000000	139000000	2654.1016
105000000	139000000	2221.3308
106000000	139000000	2640.0159
107000000	139000000	2881.968
108000000	139000000	3021.4614
109000000	139000000	3191.5044
110000000	139000000	3226.2075
111000000	139000000	3104.3154
112000000	139000000	3104.1455
113000000	139000000	3895.4285
114000000	139000000	3999.3948
115000000	139000000	3365.3364
116000000	139000000	2995.6897
117000000	139000000	2935.8025
118000000	139000000	2998.949
119000000	139000000	3973.5752
120000000	139000000	3945.112
121000000	139000000	3736.8787
122000000	139000000	4514.5977
123000000	139000000	4624.4966
124000000	139000000	4255.304
125000000	139000000	3718.9756
126000000	139000000	3764.1584
127000000	139000000	3877.0376
128000000	139000000	5369.6553
129000000	139000000	6085.813
130000000	139000000	5627.463
131000000	139000000	4980.823
132000000	139000000	5310.795
133000000	139000000	6359.0503
134000000	139000000	9057.351
135000000	139000000	11044.384
136000000	139000000	15785.1045
137000000	139000000	27098.879
138000000	139000000	112072.9
139000000	139000000	386816.56
0	140000000	492.74213
1000000	140000000	552.5271
2000000	140000000	803.0252
3000000	140000000	649.4573
4000000	140000000	715.72626
5000000	140000000	429.44095
6000000	140000000	673.28125
7000000	140000000	478.6564
8000000	140000000	507.54584
9000000	140000000	372.9864
10000000	140000000	429.23926
11000000	140000000	313.39035
12000000	140000000	201.06114
13000000	140000000	283.8885
14000000	140000000	300.91602
15000000	140000000	381.34476
16000000	140000000	355.26978
17000000	140000000	432.07855
18000000	140000000	292.24652
19000000	140000000	215.61092
20000000	140000000	280.63553
21000000	140000000	239.18277
22000000	140000000	290.71768
23000000	140000000	287.42557
24000000	140000000	456.32007
25000000	140000000	633.18365
26000000	140000000	564.41425
27000000	140000000	339.40085
28000000	140000000	271.79077
29000000	140000000	259.12958
30000000	140000000	297.36725
31000000	140000000	306.19907
32000000	140000000	304.19992
33000000	140000000	261.94644
34000000	140000000	307.90353
35000000	140000000	410.92923
36000000	140000000	567.22485
37000000	140000000	682.40955
38000000	140000000	867.3593
39000000	140000000	1008.69403
40000000	140000000	1260.6127
41000000	140000000	1034.8868
42000000	140000000	951.52637
43000000	140000000	401.72638
44000000	140000000	443.0658
45000000	140000000	346.94897
46000000	140000000	452.66415
47000000	140000000	744.39386
48000000	140000000	949.6523
49000000	140000000	269.1748
52000000	140000000	505.30222
53000000	140000000	918.67236
54000000	140000000	1122.8046
55000000	140000000	894.7319
56000000	140000000	1234.7372
57000000	140000000	1638.5083
58000000	140000000	797.1325
59000000	140000000	590.2701
60000000	140000000	676.35626
61000000	140000000	592.7111
62000000	140000000	669.37726
63000000	140000000	661.6809
64000000	140000000	708.70636
65000000	140000000	707.0995
66000000	140000000	743.27356
67000000	140000000	815.6111
68000000	140000000	1330.4258
69000000	140000000	1073.8534
70000000	140000000	858.5472
71000000	140000000	1390.3611
72000000	140000000	953.26404
73000000	140000000	1091.5095
74000000	140000000	1671.9497
75000000	140000000	1659.6702
76000000	140000000	2346.5576
77000000	140000000	2415.979
78000000	140000000	2140.3928
79000000	140000000	1881.3096
80000000	140000000	1245.5907
81000000	140000000	1558.9403
82000000	140000000	1659.8215
83000000	140000000	2632.6143
84000000	140000000	2180.2573
85000000	140000000	1524.9679
86000000	140000000	1860.7428
87000000	140000000	2226.6172
88000000	140000000	2399.3547
89000000	140000000	2528.321
90000000	140000000	1912.0314
91000000	140000000	1262.3978
92000000	140000000	1136.4369
93000000	140000000	1222.0491
94000000	140000000	1588.2731
95000000	140000000	2265.9387
96000000	140000000	1712.887
97000000	140000000	1172.6323
98000000	140000000	1213.0922
99000000	140000000	2574.9592
100000000	140000000	2368.2922
101000000	140000000	1956.8905
102000000	140000000	2311.1162
103000000	140000000	3060.4333
104000000	140000000	1982.8586
105000000	140000000	2233.6025
106000000	140000000	2804.9675
107000000	140000000	2097.845
108000000	140000000	2522.3804
109000000	140000000	3130.402
110000000	140000000	3509.2588
111000000	140000000	2900.411
112000000	140000000	2247.312
113000000	140000000	4327.631
114000000	140000000	4302.1895
115000000	140000000	2532.0547
116000000	140000000	2322.979
117000000	140000000	2076.0999
118000000	140000000	2152.694
119000000	140000000	3846.8582
120000000	140000000	3508.8584
121000000	140000000	2920.1726
122000000	140000000	4810.5054
123000000	140000000	5120.113
124000000	140000000	3979.992
125000000	140000000	2509.4736
126000000	140000000	2624.4912
127000000	140000000	2661.5261
128000000	140000000	5063.235
129000000	140000000	6423.1045
130000000	140000000	3901.175
131000000	140000000	3314.94
132000000	140000000	3964.0486
133000000	140000000	3941.8308
134000000	140000000	5328.6533
135000000	140000000	5838.971
136000000	140000000	7374.174
137000000	140000000	10218.353
138000000	140000000	17151.271
139000000	140000000	65942.836
140000000	140000000	425365.06
0	141000000	357.6073
1000000	141000000	352.01505
2000000	141000000	510.0016
3000000	141000000	408.48886
4000000	141000000	528.4382
5000000	141000000	439.3106
6000000	141000000	422.81726
7000000	141000000	394.97906
8000000	141000000	379.40118
9000000	141000000	325.10495
10000000	141000000	352.3458
11000000	141000000	263.84717
12000000	141000000	235.5959
13000000	141000000	276.36694
14000000	141000000	304.7454
15000000	141000000	357.97046
16000000	141000000	354.48224
17000000	141000000	390.68176
18000000	141000000	304.5281
19000000	141000000	259.64325
20000000	141000000	316.82556
21000000	141000000	308.44174
22000000	141000000	307.77365
23000000	141000000	331.87057
24000000	141000000	424.38077
25000000	141000000	478.84604
26000000	141000000	508.1608
27000000	141000000	388.6829
28000000	141000000	298.31866
29000000	141000000	315.74905
30000000	141000000	365.89584
31000000	141000000	298.90933
32000000	141000000	316.6296
33000000	141000000	339.76123
34000000	141000000	351.04666
35000000	141000000	405.55908
36000000	141000000	498.57654
37000000	141000000	612.91187
38000000	141000000	571.0459
39000000	141000000	591.59894
40000000	141000000	917.66705
41000000	141000000	889.9678
42000000	141000000	901.8196
43000000	141000000	475.24164
44000000	141000000	474.7724
45000000	141000000	432.1755
46000000	141000000	510.37366
47000000	141000000	679.04895
48000000	141000000	651.8399
49000000	141000000	307.4657
52000000	141000000	659.1794
53000000	141000000	872.6785
54000000	141000000	869.9937
55000000	141000000	972.4914
56000000	141000000	1024.9438
57000000	141000000	1220.1764
58000000	141000000	933.61633
59000000	141000000	706.3571
60000000	141000000	851.2231
61000000	141000000	757.11975
62000000	141000000	847.7248
63000000	141000000	804.52454
64000000	141000000	803.141
65000000	141000000	930.8163
66000000	141000000	993.92474
67000000	141000000	992.3849
68000000	141000000	1121.7832
69000000	141000000	1004.4525
70000000	141000000	915.95197
71000000	141000000	1134.7184
72000000	141000000	1026.4382
73000000	141000000	1154.8486
74000000	141000000	1450.6466
75000000	141000000	1537.4286
76000000	141000000	1645.7616
77000000	141000000	1848.4203
78000000	141000000	1759.4823
79000000	141000000	1456.6211
80000000	141000000	1396.603
81000000	141000000	1452.2675
82000000	141000000	1839.1984
83000000	141000000	1894.0762
84000000	141000000	1893.3862
85000000	141000000	1765.972
86000000	141000000	1857.6523
87000000	141000000	1849.7855
88000000	141000000	2126.394
89000000	141000000	1941.2651
90000000	141000000	1904.6849
91000000	141000000	1500.8402
92000000	141000000	1400.3163
93000000	141000000	1526.1536
94000000	141000000	1782.344
95000000	141000000	2124.291
96000000	141000000	1822.303
97000000	141000000	1583.0211
98000000	141000000	1535.9156
99000000	141000000	2044.0875
100000000	141000000	2052.1147
101000000	141000000	2000.1787
102000000	141000000	2033.4178
103000000	141000000	2160.8994
104000000	141000000	1994.2776
105000000	141000000	1598.0403
106000000	141000000	1967.2517
107000000	141000000	2289.5513
108000000	141000000	2618.4412
109000000	141000000	2965.7024
110000000	141000000	2706.1265
111000000	141000000	2775.77
112000000	141000000	2685.6353
113000000	141000000	3202.145
114000000	141000000	3213.922
115000000	141000000	2979.3855
116000000	141000000	2324.1653
117000000	141000000	2283.472
118000000	141000000	2591.7026
119000000	141000000	3412.6597
120000000	141000000	3456.7703
121000000	141000000	3311.212
122000000	141000000	4054.6946
123000000	141000000	4089.307
124000000	141000000	3630.7305
125000000	141000000	3119.6367
126000000	141000000	3278.902
127000000	141000000	3276.1345
128000000	141000000	4113.372
129000000	141000000	4797.4287
130000000	141000000	4265.527
131000000	141000000	3920.764
132000000	141000000	3952.8164
133000000	141000000	4530.7573
134000000	141000000	6201.3906
135000000	141000000	6727.5063
136000000	141000000	7924.933
137000000	141000000	9669.888
138000000	141000000	14123.866
139000000	141000000	23411.158
140000000	141000000	111713.734
141000000	141000000	398502.44
0	142000000	418.98175
1000000	142000000	277.57974
2000000	142000000	309.86548
3000000	142000000	308.21774
4000000	142000000	373.6473
5000000	142000000	305.56165
6000000	142000000	303.33423
7000000	142000000	253.83583
8000000	142000000	273.26733
9000000	142000000	322.0961
10000000	142000000	368.60498
11000000	142000000	343.72015
12000000	142000000	267.3427
13000000	142000000	330.07217
14000000	142000000	364.05368
15000000	142000000	344.54776
16000000	142000000	315.79858
17000000	142000000	373.14575
18000000	142000000	353.56516
19000000	142000000	315.7658
20000000	142000000	343.98532
21000000	142000000	339.10275
22000000	142000000	363.67188
23000000	142000000	359.76117
24000000	142000000	341.3856
25000000	142000000	411.0443
26000000	142000000	421.96973
27000000	142000000	343.67636
28000000	142000000	342.21368
29000000	142000000	409.469
30000000	142000000	397.2117
31000000	142000000	384.1194
32000000	142000000	411.0263
33000000	142000000	421.2859
34000000	142000000	439.02646
35000000	142000000	446.98883
36000000	142000000	551.83936
37000000	142000000	538.03516
38000000	142000000	526.5407
39000000	142000000	483.29327
40000000	142000000	657.45306
41000000	142000000	628.94366
42000000	142000000	667.863
43000000	142000000	521.7523
44000000	142000000	478.55792
45000000	142000000	517.4769
46000000	142000000	540.908
47000000	142000000	547.4122
48000000	142000000	636.04504
49000000	142000000	372.9247
52000000	142000000	631.7694
53000000	142000000	797.1262
54000000	142000000	794.8655
55000000	142000000	753.8116
56000000	142000000	888.84143
57000000	142000000	933.3282
58000000	142000000	837.8563
59000000	142000000	850.5839
60000000	142000000	918.087
61000000	142000000	845.65125
62000000	142000000	937.6272
63000000	142000000	999.4364
64000000	142000000	1024.1237
65000000	142000000	954.55493
66000000	142000000	1024.7294
67000000	142000000	1019.2986
68000000	142000000	1185.4485
69000000	142000000	1054.4458
70000000	142000000	948.4208
71000000	142000000	1020.207
72000000	142000000	1042.0043
73000000	142000000	1111.577
74000000	142000000	1209.9502
75000000	142000000	1226.7738
76000000	142000000	1180.6141
77000000	142000000	1246.6714
78000000	142000000	1268.2533
79000000	142000000	1256.5038
80000000	142000000	1315.4962
81000000	142000000	1245.4398
82000000	142000000	1329.5479
83000000	142000000	1309.4194
84000000	142000000	1386.7181
85000000	142000000	1509.0328
86000000	142000000	1595.6465
87000000	142000000	1625.721
88000000	142000000	1574.0989
89000000	142000000	1560.6508
90000000	142000000	1585.0305
91000000	142000000	1489.2915
92000000	142000000	1643.6931
93000000	142000000	1539.7094
94000000	142000000	1766.5435
95000000	142000000	1843.756
96000000	142000000	1664.2625
97000000	142000000	1649.2214
98000000	142000000	1687.0897
99000000	142000000	1962.7766
100000000	142000000	1971.0079
101000000	142000000	1876.5658
102000000	142000000	1865.3589
103000000	142000000	1990.259
104000000	142000000	2166.5498
105000000	142000000	2290.3074
106000000	142000000	2177.8071
107000000	142000000	2339.8804
108000000	142000000	2291.542
109000000	142000000	2198.9722
110000000	142000000	2149.7725
111000000	142000000	2256.359
112000000	142000000	2315.64
113000000	142000000	2603.7268
114000000	142000000	2765.7942
115000000	142000000	2663.1846
116000000	142000000	2909.774
117000000	142000000	2546.3066
118000000	142000000	2599.6333
119000000	142000000	2745.5405
120000000	142000000	2994.0789
121000000	142000000	2781.202
122000000	142000000	3143.3345
123000000	142000000	3367.697
124000000	142000000	3349.128
125000000	142000000	3137.0557
126000000	142000000	3236.8674
127000000	142000000	3272.8093
128000000	142000000	3960.2231
129000000	142000000	4415.353
130000000	142000000	4300.438
131000000	142000000	4173.7056
132000000	142000000	4762.2617
133000000	142000000	4787.888
134000000	142000000	5556.9487
135000000	142000000	6107.4307
136000000	142000000	7096.6924
137000000	142000000	7942.0605
138000000	142000000	10146.933
139000000	142000000	12397.626
140000000	142000000	20140.576
141000000	142000000	61720.184
142000000	142000000	427955.5
0	143000000	285.35568
1000000	143000000	227.20808
2000000	143000000	285.32974
3000000	143000000	216.69862
4000000	143000000	323.27087
5000000	143000000	298.97876
6000000	143000000	249.80362
7000000	143000000	214.62703
8000000	143000000	245.68915
9000000	143000000	243.79346
10000000	143000000	280.3819
11000000	143000000	326.4903
12000000	143000000	293.74326
13000000	143000000	290.50244
14000000	143000000	308.56128
15000000	143000000	314.10434
16000000	143000000	301.1505
17000000	143000000	323.3935
18000000	143000000	359.95865
19000000	143000000	362.9764
20000000	143000000	353.39725
21000000	143000000	316.00082
22000000	143000000	335.68216
23000000	143000000	376.2471
24000000	143000000	357.51657
25000000	143000000	338.01508
26000000	143000000	352.5569
27000000	143000000	383.65247
28000000	143000000	409.05377
29000000	143000000	380.00082
30000000	143000000	426.5162
31000000	143000000	408.62814
32000000	143000000	470.1196
33000000	143000000	418.53418
34000000	143000000	478.18875
35000000	143000000	499.96765
36000000	143000000	476.69232
37000000	143000000	421.0305
38000000	143000000	405.35376
39000000	143000000	402.59518
40000000	143000000	474.79053
41000000	143000000	580.5986
42000000	143000000	594.0833
43000000	143000000	579.4279
44000000	143000000	556.8359
45000000	143000000	576.10645
46000000	143000000	550.4621
47000000	143000000	505.4172
48000000	143000000	488.08783
49000000	143000000	295.8292
52000000	143000000	542.2698
53000000	143000000	632.4926
54000000	143000000	609.1769
55000000	143000000	722.96155
56000000	143000000	732.0646
57000000	143000000	769.31305
58000000	143000000	981.033
59000000	143000000	937.5095
60000000	143000000	927.53516
61000000	143000000	1038.1606
62000000	143000000	1097.3309
63000000	143000000	1002.47174
64000000	143000000	1075.8394
65000000	143000000	1104.6641
66000000	143000000	1232.2035
67000000	143000000	1138.69
68000000	143000000	1062.322
69000000	143000000	1254.1746
70000000	143000000	1057.1431
71000000	143000000	967.4782
72000000	143000000	1067.0505
73000000	143000000	1145.8987
74000000	143000000	1092.0936
75000000	143000000	1126.1631
76000000	143000000	948.7043
77000000	143000000	1042.6422
78000000	143000000	1041.6611
79000000	143000000	1090.6775
80000000	143000000	1268.2607
81000000	143000000	1078.4792
82000000	143000000	1352.7594
83000000	143000000	1120.519
84000000	143000000	1242.2202
85000000	143000000	1720.9077
86000000	143000000	1567.9905
87000000	143000000	1508.1636
88000000	143000000	1387.9572
89000000	143000000	1308.907
90000000	143000000	1592.8726
91000000	143000000	1571.0538
92000000	143000000	1780.4312
93000000	143000000	1878.0419
94000000	143000000	1873.3445
95000000	143000000	1760.0363
96000000	143000000	1777.6246
97000000	143000000	1876.2369
98000000	143000000	1855.7083
99000000	143000000	1582.3237
100000000	143000000	1741.0983
101000000	143000000	1815.2505
102000000	143000000	1725.1392
103000000	143000000	1568.1057
104000000	143000000	2000.5206
105000000	143000000	1356.0709
106000000	143000000	1575.0253
107000000	143000000	2301.2927
108000000	143000000	2237.6348
109000000	143000000	2203.5093
110000000	143000000	1865.3942
111000000	143000000	2267.176
112000000	143000000	2692.8132
113000000	143000000	2091.4412
114000000	143000000	2225.0515
115000000	143000000	2737.6516
116000000	143000000	2765.625
117000000	143000000	2762.6912
118000000	143000000	2960.3352
119000000	143000000	2527.6772
120000000	143000000	2835.41
121000000	143000000	3033.8909
122000000	143000000	2873.6292
123000000	143000000	2737.594
124000000	143000000	3117.241
125000000	143000000	3578.7014
126000000	143000000	3624.676
127000000	143000000	3832.2368
128000000	143000000	3694.7134
129000000	143000000	3530.7305
130000000	143000000	4357.766
131000000	143000000	4658.361
132000000	143000000	4394.728
133000000	143000000	5256.8896
134000000	143000000	6361.5527
135000000	143000000	6840.4434
136000000	143000000	8181.9062
137000000	143000000	8776.923
138000000	143000000	10626.052
139000000	143000000	10334.501
140000000	143000000	14257.686
141000000	143000000	36194.82
142000000	143000000	115631.34
143000000	143000000	409993.75
0	144000000	322.56635
1000000	144000000	292.71252
2000000	144000000	430.3421
3000000	144000000	308.1812
4000000	144000000	399.2388
5000000	144000000	310.59244
6000000	144000000	373.2742
7000000	144000000	283.5763
8000000	144000000	302.39697
9000000	144000000	274.9398
10000000	144000000	336.6843
11000000	144000000	302.02185
12000000	144000000	240.05157
13000000	144000000	340.39618
14000000	144000000	323.54236
15000000	144000000	337.05606
16000000	144000000	284.45764
17000000	144000000	410.80136
18000000	144000000	323.10513
19000000	144000000	276.00034
20000000	144000000	329.30093
21000000	144000000	275.69406
22000000	144000000	356.42294
23000000	144000000	371.02023
24000000	144000000	380.32047
25000000	144000000	448.95334
26000000	144000000	489.33417
27000000	144000000	407.20578
28000000	144000000	351.16202
29000000	144000000	359.25735
30000000	144000000	348.1571
31000000	144000000	371.92184
32000000	144000000	393.4622
33000000	144000000	380.33926
34000000	144000000	428.3197
35000000	144000000	424.1254
36000000	144000000	516.19
37000000	144000000	585.0239
38000000	144000000	505.1988
39000000	144000000	549.2319
40000000	144000000	686.0231
41000000	144000000	699.03253
42000000	144000000	728.4583
43000000	144000000	517.8089
44000000	144000000	518.7634
45000000	144000000	449.57666
46000000	144000000	489.032
47000000	144000000	660.3994
48000000	144000000	659.80774
49000000	144000000	330.23697
52000000	144000000	638.30383
53000000	144000000	745.35126
54000000	144000000	786.3201
55000000	144000000	778.49994
56000000	144000000	1024.4985
57000000	144000000	1107.7583
58000000	144000000	810.27704
59000000	144000000	779.8603
60000000	144000000	837.58704
61000000	144000000	867.1103
62000000	144000000	881.85767
63000000	144000000	912.2018
64000000	144000000	958.1263
65000000	144000000	934.13116
66000000	144000000	1029.4729
67000000	144000000	1028.9187
68000000	144000000	1310.9298
69000000	144000000	1019.56177
70000000	144000000	919.22736
71000000	144000000	1176.9855
72000000	144000000	1017.9452
73000000	144000000	1124.4807
74000000	144000000	1252.395
75000000	144000000	1228.7031
76000000	144000000	1323.5073
77000000	144000000	1253.3795
78000000	144000000	1360.6674
79000000	144000000	1280.7091
80000000	144000000	1216.1716
81000000	144000000	1210.7723
82000000	144000000	1299.2838
83000000	144000000	1533.3779
84000000	144000000	1504.1355
85000000	144000000	1400.7192
86000000	144000000	1565.2252
87000000	144000000	1657.1344
88000000	144000000	1647.5378
89000000	144000000	1711.6384
90000000	144000000	1596.2787
91000000	144000000	1439.7467
92000000	144000000	1573.265
93000000	144000000	1510.2317
94000000	144000000	1657.284
95000000	144000000	2037.0928
96000000	144000000	1818.7144
97000000	144000000	1536.5378
98000000	144000000	1516.4924
99000000	144000000	2063.54
100000000	144000000	1972.7712
101000000	144000000	1836.8093
102000000	144000000	1789.1772
103000000	144000000	2109.1113
104000000	144000000	2073.5024
105000000	144000000	1723.9774
106000000	144000000	1893.6492
107000000	144000000	2202.6257
108000000	144000000	2380.9436
109000000	144000000	2376.961
110000000	144000000	2402.8306
111000000	144000000	2359.9973
112000000	144000000	2414.6506
113000000	144000000	2795.5098
114000000	144000000	2790.5735
115000000	144000000	2515.136
116000000	144000000	2527.5989
117000000	144000000	2444.629
118000000	144000000	2553.687
119000000	144000000	3217.0667
120000000	144000000	3118.3438
121000000	144000000	2896.1294
122000000	144000000	3518.937
123000000	144000000	3460.189
124000000	144000000	3292.7803
125000000	144000000	3090.4585
126000000	144000000	3260.1633
127000000	144000000	3257.3413
128000000	144000000	4217.8237
129000000	144000000	4380.15
130000000	144000000	4108.6284
131000000	144000000	3963.8154
132000000	144000000	4178.224
133000000	144000000	4690.611
134000000	144000000	5451.2603
135000000	144000000	5798.738
136000000	144000000	6730.259
137000000	144000000	7449.9526
138000000	144000000	8644.815
139000000	144000000	10798.561
140000000	144000000	15327.198
141000000	144000000	25049.244
142000000	144000000	41582.875
143000000	144000000	85821.03
144000000	144000000	419372.34
0	145000000	356.71048
1000000	145000000	279.46777
2000000	145000000	329.1042
3000000	145000000	281.24823
4000000	145000000	362.82587
5000000	145000000	324.0154
6000000	145000000	323.45337
7000000	145000000	279.06815
8000000	145000000	302.01337
9000000	145000000	284.72308
10000000	145000000	320.60052
11000000	145000000	321.53168
12000000	145000000	256.88242
13000000	145000000	327.43127
14000000	145000000	348.88287
15000000	145000000	342.81784
16000000	145000000	341.86176
17000000	145000000	376.59357
18000000	145000000	363.96997
19000000	145000000	360.02942
20000000	145000000	376.26358
21000000	145000000	351.6143
22000000	145000000	372.1388
23000000	145000000	429.60556
24000000	145000000	401.7011
25000000	145000000	343.55573
26000000	145000000	416.3431
27000000	145000000	392.50275
28000000	145000000	391.94116
29000000	145000000	435.22794
30000000	145000000	450.75336
31000000	145000000	418.8039
32000000	145000000	475.0839
33000000	145000000	412.84836
34000000	145000000	445.34418
35000000	145000000	523.1153
36000000	145000000	509.67255
37000000	145000000	531.2304
38000000	145000000	442.94833
39000000	145000000	434.8467
40000000	145000000	540.7726
41000000	145000000	612.0687
42000000	145000000	609.2963
43000000	145000000	516.71844
44000000	145000000	494.87848
45000000	145000000	509.79004
46000000	145000000	561.6787
47000000	145000000	612.0223
48000000	145000000	568.49054
49000000	145000000	288.3312
52000000	145000000	640.40063
53000000	145000000	738.2764
54000000	145000000	783.5065
55000000	145000000	835.7065
56000000	145000000	779.7187
57000000	145000000	911.9081
58000000	145000000	975.08295
59000000	145000000	966.8753
60000000	145000000	932.48425
61000000	145000000	998.0564
62000000	145000000	1037.0038
63000000	145000000	1062.7794
64000000	145000000	1152.1754
65000000	145000000	1090.9033
66000000	145000000	1153.1158
67000000	145000000	1111.961
68000000	145000000	1080.618
69000000	145000000	1120.3997
70000000	145000000	1015.37103
71000000	145000000	1049.7803
72000000	145000000	1012.99896
73000000	145000000	1110.8354
74000000	145000000	1127.9685
75000000	145000000	1131.3595
76000000	145000000	1096.2388
77000000	145000000	1157.624
78000000	145000000	1167.7048
79000000	145000000	1123.7166
80000000	145000000	1281.2631
81000000	145000000	1234.4661
82000000	145000000	1282.9629
83000000	145000000	1259.7383
84000000	145000000	1334.7305
85000000	145000000	1465.7487
86000000	145000000	1471.9855
87000000	145000000	1438.4646
88000000	145000000	1432.9266
89000000	145000000	1429.6012
90000000	145000000	1563.4679
91000000	145000000	1537.3608
92000000	145000000	1701.5206
93000000	145000000	1518.9631
94000000	145000000	1690.671
95000000	145000000	1780.6716
96000000	145000000	1685.1876
97000000	145000000	1737.0836
98000000	145000000	1727.4999
99000000	145000000	1775.7784
100000000	145000000	1800.0476
101000000	145000000	1869.6539
102000000	145000000	1705.2274
103000000	145000000	1642.6923
104000000	145000000	1967.8251
105000000	145000000	1746.1434
106000000	145000000	1735.7833
107000000	145000000	2104.7883
108000000	145000000	2194.8367
109000000	145000000	2147.451
110000000	145000000	2009.5912
111000000	145000000	2106.228
112000000	145000000	2242.273
113000000	145000000	2227.763
114000000	145000000	2312.5295
115000000	145000000	2551.2207
116000000	145000000	2798.7312
117000000	145000000	2546.8164
118000000	145000000	2640.1472
119000000	145000000	2547.9104
120000000	145000000	2781.5303
121000000	145000000	2930.0115
122000000	145000000	3265.192
123000000	145000000	3180.635
124000000	145000000	3109.8545
125000000	145000000	3181.0767
126000000	145000000	3334.906
127000000	145000000	3658.9827
128000000	145000000	3966.3752
129000000	145000000	3902.0325
130000000	145000000	4231.5596
131000000	145000000	4301.336
132000000	145000000	4636.5425
133000000	145000000	4908.229
134000000	145000000	5582.8047
135000000	145000000	5963.197
136000000	145000000	6505.0806
137000000	145000000	6757.5566
138000000	145000000	7382.403
139000000	145000000	7987.406
140000000	145000000	8867.986
141000000	145000000	12303.204
142000000	145000000	15189.305
143000000	145000000	19385.0
144000000	145000000	52151.97
145000000	145000000	456136.56
0	146000000	425.9103
1000000	146000000	497.0638
2000000	146000000	662.6824
3000000	146000000	482.09335
4000000	146000000	463.5772
5000000	146000000	329.49445
6000000	146000000	537.891
7000000	146000000	343.7744
8000000	146000000	362.19742
9000000	146000000	291.0973
10000000	146000000	430.4527
11000000	146000000	282.14682
12000000	146000000	166.21303
13000000	146000000	280.61145
14000000	146000000	323.3874
15000000	146000000	421.5536
16000000	146000000	285.38052
17000000	146000000	417.57593
18000000	146000000	285.01678
19000000	146000000	192.16403
20000000	146000000	273.65005
21000000	146000000	244.21097
22000000	146000000	322.48404
23000000	146000000	267.0269
24000000	146000000	353.7738
25000000	146000000	518.1141
26000000	146000000	597.73254
27000000	146000000	315.9142
28000000	146000000	255.0505
29000000	146000000	224.55437
30000000	146000000	292.16553
31000000	146000000	300.4728
32000000	146000000	296.26974
33000000	146000000	307.09213
34000000	146000000	281.92352
35000000	146000000	379.2353
36000000	146000000	627.73334
37000000	146000000	684.08966
38000000	146000000	887.1751
39000000	146000000	948.67474
40000000	146000000	1066.2389
41000000	146000000	700.1769
42000000	146000000	688.48505
43000000	146000000	353.01074
44000000	146000000	359.54544
45000000	146000000	355.75388
46000000	146000000	357.64465
47000000	146000000	643.89233
48000000	146000000	898.39075
49000000	146000000	230.43758
52000000	146000000	472.19232
53000000	146000000	736.5708
54000000	146000000	962.4086
55000000	146000000	637.6642
56000000	146000000	990.8106
57000000	146000000	1297.3806
58000000	146000000	602.02435
59000000	146000000	630.6154
60000000	146000000	652.8631
61000000	146000000	555.7118
62000000	146000000	690.7009
63000000	146000000	598.7789
64000000	146000000	673.5986
65000000	146000000	585.612
66000000	146000000	644.75555
67000000	146000000	684.1251
68000000	146000000	1110.178
69000000	146000000	940.0625
70000000	146000000	711.41583
71000000	146000000	1242.2272
72000000	146000000	816.06494
73000000	146000000	886.7767
74000000	146000000	1247.5585
75000000	146000000	1195.4286
76000000	146000000	1603.4199
77000000	146000000	1457.7229
78000000	146000000	1357.4973
79000000	146000000	1368.8937
80000000	146000000	938.4367
81000000	146000000	1198.9086
82000000	146000000	1033.7996
83000000	146000000	1743.7117
84000000	146000000	1608.4509
85000000	146000000	954.39453
86000000	146000000	1352.8586
87000000	146000000	1626.4622
88000000	146000000	1531.104
89000000	146000000	1929.8798
90000000	146000000	1246.5712
91000000	146000000	1052.7428
92000000	146000000	1020.7166
93000000	146000000	874.879
94000000	146000000	1265.5424
95000000	146000000	1812.0038
96000000	146000000	1266.7776
97000000	146000000	911.81055
98000000	146000000	941.8513
99000000	146000000	1949.1273
100000000	146000000	1752.1953
101000000	146000000	1530.4423
102000000	146000000	1564.8821
103000000	146000000	2428.6355
104000000	146000000	1465.2773
105000000	146000000	2136.5308
106000000	146000000	2461.9663
107000000	146000000	1636.5197
108000000	146000000	1799.4348
109000000	146000000	1978.7078
110000000	146000000	2373.1895
111000000	146000000	1944.828
112000000	146000000	1564.841
113000000	146000000	3175.9954
114000000	146000000	3127.247
115000000	146000000	1804.0131
116000000	146000000	2265.853
117000000	146000000	1722.5719
118000000	146000000	1682.5371
119000000	146000000	2820.8455
120000000	146000000	2379.476
121000000	146000000	1983.9994
122000000	146000000	3369.8457
123000000	146000000	3645.6445
124000000	146000000	3244.3735
125000000	146000000	2062.0186
126000000	146000000	2267.862
127000000	146000000	2097.7456
128000000	146000000	4066.072
129000000	146000000	4980.31
130000000	146000000	2797.306
131000000	146000000	2587.9753
132000000	146000000	3693.6096
133000000	146000000	3259.0984
134000000	146000000	3420.066
135000000	146000000	3588.1243
136000000	146000000	3832.298
137000000	146000000	4362.9014
138000000	146000000	4810.7456
139000000	146000000	7385.4673
140000000	146000000	10566.778
141000000	146000000	9685.468
142000000	146000000	11210.73
143000000	146000000	10315.336
144000000	146000000	25730.686
145000000	146000000	81113.55
146000000	146000000	437654.88
0	147000000	348.71228
1000000	147000000	356.58975
2000000	147000000	449.3602
3000000	147000000	349.91916
4000000	147000000	378.41296
5000000	147000000	304.93234
6000000	147000000	362.29163
7000000	147000000	339.65085
8000000	147000000	289.26837
9000000	147000000	304.11597
10000000	147000000	357.52512
11000000	147000000	273.10315
12000000	147000000	234.35356
13000000	147000000	280.37967
14000000	147000000	314.6485
15000000	147000000	368.4394
16000000	147000000	297.93912
17000000	147000000	370.9465
18000000	147000000	295.88974
19000000	147000000	248.32713
20000000	147000000	306.77145
21000000	147000000	261.72003
22000000	147000000	351.7486
23000000	147000000	342.72006
24000000	147000000	336.8882
25000000	147000000	448.2328
26000000	147000000	480.92706
27000000	147000000	349.18283
28000000	147000000	327.01077
29000000	147000000	332.32593
30000000	147000000	331.71356
31000000	147000000	375.38162
32000000	147000000	351.83942
33000000	147000000	401.89246
34000000	147000000	397.0522
35000000	147000000	488.71176
36000000	147000000	533.6288
37000000	147000000	565.8004
38000000	147000000	581.9119
39000000	147000000	637.12177
40000000	147000000	755.9965
41000000	147000000	682.7378
42000000	147000000	663.0196
43000000	147000000	465.63373
44000000	147000000	504.0197
45000000	147000000	441.23715
46000000	147000000	481.1456
47000000	147000000	614.0744
48000000	147000000	655.6524
49000000	147000000	221.96027
52000000	147000000	476.99866
53000000	147000000	693.6154
54000000	147000000	766.1828
55000000	147000000	747.84125
56000000	147000000	907.4794
57000000	147000000	1044.0747
58000000	147000000	761.9718
59000000	147000000	704.51495
60000000	147000000	813.6919
61000000	147000000	739.0539
62000000	147000000	844.94385
63000000	147000000	789.66833
64000000	147000000	887.6414
65000000	147000000	875.71063
66000000	147000000	852.0336
67000000	147000000	896.2697
68000000	147000000	1119.3351
69000000	147000000	982.9219
70000000	147000000	879.7432
71000000	147000000	1107.6926
72000000	147000000	936.58795
73000000	147000000	896.43884
74000000	147000000	1164.6497
75000000	147000000	1149.9344
76000000	147000000	1257.7639
77000000	147000000	1294.4515
78000000	147000000	1258.6273
79000000	147000000	1216.0812
80000000	147000000	1067.7479
81000000	147000000	1193.4346
82000000	147000000	1118.7101
83000000	147000000	1364.1097
84000000	147000000	1473.9159
85000000	147000000	1239.7202
86000000	147000000	1391.6823
87000000	147000000	1438.1809
88000000	147000000	1457.8279
89000000	147000000	1569.0973
90000000	147000000	1512.9071
91000000	147000000	1244.2709
92000000	147000000	1275.5562
93000000	147000000	1319.5823
94000000	147000000	1490.7006
95000000	147000000	1779.2874
96000000	147000000	1488.9514
97000000	147000000	1296.2258
98000000	147000000	1214.3488
99000000	147000000	1688.7378
100000000	147000000	1625.1539
101000000	147000000	1580.6434
102000000	147000000	1575.0543
103000000	147000000	1776.3563
104000000	147000000	1591.5863
105000000	147000000	1616.7672
106000000	147000000	1864.7734
107000000	147000000	1877.974
108000000	147000000	1932.0251
109000000	147000000	2120.9075
110000000	147000000	2214.7212
111000000	147000000	2076.53
112000000	147000000	1936.8124
113000000	147000000	2600.3442
114000000	147000000	2676.011
115000000	147000000	2126.244
116000000	147000000	2311.2744
117000000	147000000	2201.8042
118000000	147000000	2135.467
119000000	147000000	2725.0754
120000000	147000000	2592.7058
121000000	147000000	2540.2214
122000000	147000000	3280.3118
123000000	147000000	3423.1323
124000000	147000000	3306.056
125000000	147000000	2655.8533
126000000	147000000	2887.6072
127000000	147000000	2818.5674
128000000	147000000	3922.0051
129000000	147000000	4253.707
130000000	147000000	3561.4258
131000000	147000000	3543.3372
132000000	147000000	3751.282
133000000	147000000	3904.2156
134000000	147000000	4514.1567
135000000	147000000	4706.04
136000000	147000000	4865.5337
137000000	147000000	5363.4995
138000000	147000000	5408.008
139000000	147000000	6750.931
140000000	147000000	8247.596
141000000	147000000	8787.937
142000000	147000000	8678.221
143000000	147000000	8772.416
144000000	147000000	16126.015
145000000	147000000	30301.805
146000000	147000000	120099.82
147000000	147000000	423628.38
0	148000000	319.8834
1000000	148000000	353.91763
2000000	148000000	435.66367
3000000	148000000	355.0289
4000000	148000000	400.83273
5000000	148000000	306.0494
6000000	148000000	404.76917
7000000	148000000	287.6909
8000000	148000000	309.0053
9000000	148000000	282.4024
10000000	148000000	386.41043
11000000	148000000	303.6838
12000000	148000000	207.26764
13000000	148000000	293.54752
14000000	148000000	320.0344
15000000	148000000	375.59143
16000000	148000000	307.72916
17000000	148000000	395.39804
18000000	148000000	302.46838
19000000	148000000	244.50967
20000000	148000000	294.5704
21000000	148000000	296.21567
22000000	148000000	333.77472
23000000	148000000	324.58313
24000000	148000000	373.39124
25000000	148000000	451.59622
26000000	148000000	518.7674
27000000	148000000	337.22037
28000000	148000000	308.81738
29000000	148000000	283.2377
30000000	148000000	315.69473
31000000	148000000	346.85114
32000000	148000000	329.27905
33000000	148000000	377.55032
34000000	148000000	385.8712
35000000	148000000	425.40668
36000000	148000000	547.266
37000000	148000000	559.01953
38000000	148000000	577.6665
39000000	148000000	651.9756
40000000	148000000	795.27313
41000000	148000000	737.9498
42000000	148000000	675.1937
43000000	148000000	462.6955
44000000	148000000	448.03714
45000000	148000000	456.92914
46000000	148000000	477.7708
47000000	148000000	673.1656
48000000	148000000	749.0432
49000000	148000000	289.54474
52000000	148000000	551.39996
53000000	148000000	725.3398
54000000	148000000	842.2827
55000000	148000000	763.17395
56000000	148000000	910.8883
57000000	148000000	1111.4973
58000000	148000000	765.5799
59000000	148000000	748.33466
60000000	148000000	822.5111
61000000	148000000	744.44574
62000000	148000000	846.2549
63000000	148000000	822.0461
64000000	148000000	832.6353
65000000	148000000	805.2888
66000000	148000000	953.54956
67000000	148000000	941.9766
68000000	148000000	1261.3599
69000000	148000000	1008.07477
70000000	148000000	963.91614
71000000	148000000	1172.1632
72000000	148000000	969.2571
73000000	148000000	1039.8618
74000000	148000000	1252.253
75000000	148000000	1215.4937
76000000	148000000	1341.7052
77000000	148000000	1276.4097
78000000	148000000	1291.2572
79000000	148000000	1388.1697
80000000	148000000	1175.5172
81000000	148000000	1252.9011
82000000	148000000	1189.542
83000000	148000000	1532.3766
84000000	148000000	1607.8711
85000000	148000000	1389.2891
86000000	148000000	1559.3007
87000000	148000000	1648.5698
88000000	148000000	1583.9989
89000000	148000000	1725.6515
90000000	148000000	1573.8047
91000000	148000000	1305.9935
92000000	148000000	1290.462
93000000	148000000	1298.6748
94000000	148000000	1594.9794
95000000	148000000	2001.266
96000000	148000000	1625.3971
97000000	148000000	1354.1957
98000000	148000000	1338.2517
99000000	148000000	1982.396
100000000	148000000	1820.3542
101000000	148000000	1686.3391
102000000	148000000	1689.2653
103000000	148000000	2098.9734
104000000	148000000	1845.1973
105000000	148000000	1748.3702
106000000	148000000	2071.863
107000000	148000000	2050.1694
108000000	148000000	2195.0374
109000000	148000000	2296.036
110000000	148000000	2491.7178
111000000	148000000	2364.6216
112000000	148000000	2240.4075
113000000	148000000	3112.5525
114000000	148000000	3227.4663
115000000	148000000	2377.2083
116000000	148000000	2440.6077
117000000	148000000	2188.8313
118000000	148000000	2354.3015
119000000	148000000	3103.6702
120000000	148000000	2988.2395
121000000	148000000	2871.4167
122000000	148000000	3751.644
123000000	148000000	3861.9941
124000000	148000000	3578.7415
125000000	148000000	2901.2153
126000000	148000000	2960.4058
127000000	148000000	3002.8408
128000000	148000000	4240.088
129000000	148000000	4587.0063
130000000	148000000	3845.7666
131000000	148000000	3623.5266
132000000	148000000	3800.282
133000000	148000000	3899.4902
134000000	148000000	4517.0547
135000000	148000000	4503.8765
136000000	148000000	4849.8237
137000000	148000000	5342.8896
138000000	148000000	5699.465
139000000	148000000	7074.2563
140000000	148000000	8273.26
141000000	148000000	8548.193
142000000	148000000	8113.761
143000000	148000000	8272.054
144000000	148000000	13871.386
145000000	148000000	19334.41
146000000	148000000	33450.12
147000000	148000000	75740.34
148000000	148000000	398774.8
0	149000000	209.24356
1000000	149000000	183.98367
2000000	149000000	183.76956
3000000	149000000	201.9351
4000000	149000000	298.1609
5000000	149000000	288.2809
6000000	149000000	252.36472
7000000	149000000	250.78467
8000000	149000000	238.56116
9000000	149000000	223.42326
10000000	149000000	258.32043
11000000	149000000	337.79578
12000000	149000000	284.78232
13000000	149000000	301.93005
14000000	149000000	288.56497
15000000	149000000	284.42303
16000000	149000000	342.44937
17000000	149000000	297.4698
18000000	149000000	380.54276
19000000	149000000	371.21695
20000000	149000000	361.9608
21000000	149000000	362.86044
22000000	149000000	365.8349
23000000	149000000	456.45508
24000000	149000000	383.64465
25000000	149000000	362.4898
26000000	149000000	306.1327
27000000	149000000	420.1074
28000000	149000000	432.1678
29000000	149000000	431.7697
30000000	149000000	395.74747
31000000	149000000	439.85757
32000000	149000000	496.78705
33000000	149000000	460.45325
34000000	149000000	517.1318
35000000	149000000	525.89056
36000000	149000000	372.44864
37000000	149000000	409.00452
38000000	149000000	270.39758
39000000	149000000	227.7189
40000000	149000000	363.90527
41000000	149000000	549.7143
42000000	149000000	544.07294
43000000	149000000	640.18695
44000000	149000000	589.434
45000000	149000000	627.1133
46000000	149000000	572.029
47000000	149000000	513.4416
48000000	149000000	353.4189
49000000	149000000	377.09094
52000000	149000000	515.8465
53000000	149000000	731.98914
54000000	149000000	549.2792
55000000	149000000	846.2431
56000000	149000000	739.40796
57000000	149000000	748.63025
58000000	149000000	1091.5979
59000000	149000000	963.41547
60000000	149000000	1093.2737
61000000	149000000	1175.4392
62000000	149000000	1197.3318
63000000	149000000	1138.7949
64000000	149000000	1116.8542
65000000	149000000	1228.5841
66000000	149000000	1305.763
67000000	149000000	1366.4819
68000000	149000000	1126.6628
69000000	149000000	911.43164
70000000	149000000	1228.2828
71000000	149000000	882.39026
72000000	149000000	1198.8182
73000000	149000000	1204.2347
74000000	149000000	981.74274
75000000	149000000	1040.3564
76000000	149000000	861.1745
77000000	149000000	958.9556
78000000	149000000	1009.8307
79000000	149000000	996.3576
80000000	149000000	1376.6182
81000000	149000000	1121.7639
82000000	149000000	1463.8579
83000000	149000000	1064.5231
84000000	149000000	1228.5748
85000000	149000000	1890.1266
86000000	149000000	1599.9065
87000000	149000000	1249.6289
88000000	149000000	1360.9548
89000000	149000000	1237.4332
90000000	149000000	1835.8036
91000000	149000000	1716.3074
92000000	149000000	1732.5923
93000000	149000000	2033.682
94000000	149000000	2015.8525
95000000	149000000	1908.2131
96000000	149000000	1926.2476
97000000	149000000	2165.6316
98000000	149000000	2122.6455
99000000	149000000	1604.9932
100000000	149000000	1655.2122
101000000	149000000	1911.4417
102000000	149000000	1724.7126
103000000	149000000	1237.0641
104000000	149000000	2053.7766
105000000	149000000	1125.4159
106000000	149000000	1232.3876
107000000	149000000	2480.4412
108000000	149000000	2448.7751
109000000	149000000	2486.3123
110000000	149000000	1958.7869
111000000	149000000	2447.4512
112000000	149000000	2969.265
113000000	149000000	1891.4105
114000000	149000000	1928.7124
115000000	149000000	3063.2805
116000000	149000000	2604.6838
117000000	149000000	3015.3813
118000000	149000000	3437.2004
119000000	149000000	2766.2344
120000000	149000000	3311.6238
121000000	149000000	3791.8838
122000000	149000000	3077.5603
123000000	149000000	2980.1553
124000000	149000000	3472.962
125000000	149000000	4159.4707
126000000	149000000	4165.2573
127000000	149000000	4363.77
128000000	149000000	3902.7588
129000000	149000000	3239.861
130000000	149000000	4962.8667
131000000	149000000	5085.914
132000000	149000000	3991.998
133000000	149000000	5162.429
134000000	149000000	6219.4907
135000000	149000000	6376.2837
136000000	149000000	6719.4126
137000000	149000000	6789.693
138000000	149000000	7149.861
139000000	149000000	6228.923
140000000	149000000	5342.7925
141000000	149000000	7302.106
142000000	149000000	7236.5996
143000000	149000000	9119.317
144000000	149000000	10737.213
145000000	149000000	13761.689
146000000	149000000	10939.223
147000000	149000000	22722.512
148000000	149000000	88828.03
149000000	149000000	393207.66
0	150000000	204.4004
1000000	150000000	171.66159
2000000	150000000	199.25226
3000000	150000000	181.73692
4000000	150000000	270.22733
5000000	150000000	292.05762
6000000	150000000	219.02359
7000000	150000000	206.47676
8000000	150000000	230.93335
9000000	150000000	214.80179
10000000	150000000	236.62326
11000000	150000000	308.39697
12000000	150000000	296.1815
13000000	150000000	311.37607
14000000	150000000	311.50656
15000000	150000000	278.23083
16000000	150000000	291.46362
17000000	150000000	295.67126
18000000	150000000	339.13766
19000000	150000000	357.19257
20000000	150000000	398.597
21000000	150000000	379.31406
22000000	150000000	317.5798
23000000	150000000	428.31323
24000000	150000000	371.5635
25000000	150000000	350.36182
26000000	150000000	282.6832
27000000	150000000	387.95825
28000000	150000000	423.71167
29000000	150000000	382.00616
30000000	150000000	417.77795
31000000	150000000	439.4768
32000000	150000000	459.88467
33000000	150000000	526.4518
34000000	150000000	503.18112
35000000	150000000	495.41046
36000000	150000000	363.61353
37000000	150000000	381.9137
38000000	150000000	198.65929
39000000	150000000	206.09741
40000000	150000000	286.11456
41000000	150000000	512.25476
42000000	150000000	514.5662
43000000	150000000	612.3129
44000000	150000000	590.43384
45000000	150000000	645.4629
46000000	150000000	654.93384
47000000	150000000	512.3078
48000000	150000000	352.4058
49000000	150000000	330.1175
52000000	150000000	619.55743
53000000	150000000	703.6012
54000000	150000000	505.96457
55000000	150000000	821.62463
56000000	150000000	706.1646
57000000	150000000	710.6031
58000000	150000000	1107.4114
59000000	150000000	953.1425
60000000	150000000	1113.3741
61000000	150000000	1176.6538
62000000	150000000	1224.7185
63000000	150000000	1155.5166
64000000	150000000	1170.1871
65000000	150000000	1258.5529
66000000	150000000	1386.772
67000000	150000000	1399.7615
68000000	150000000	1113.8947
69000000	150000000	965.7281
70000000	150000000	1158.6064
71000000	150000000	853.7113
72000000	150000000	1207.9802
73000000	150000000	1227.311
74000000	150000000	984.95844
75000000	150000000	1027.0571
76000000	150000000	753.5062
77000000	150000000	908.0089
78000000	150000000	1009.9111
79000000	150000000	964.42706
80000000	150000000	1444.0021
81000000	150000000	1146.2054
82000000	150000000	1491.1165
83000000	150000000	988.3974
84000000	150000000	1244.1299
85000000	150000000	2044.5725
86000000	150000000	1531.499
87000000	150000000	1171.2646
88000000	150000000	1343.3473
89000000	150000000	1182.0414
90000000	150000000	1808.8671
91000000	150000000	1885.8882
92000000	150000000	1962.3862
93000000	150000000	2237.5693
94000000	150000000	2174.1958
95000000	150000000	1854.6106
96000000	150000000	1958.726
97000000	150000000	2228.8167
98000000	150000000	2287.012
99000000	150000000	1596.5743
100000000	150000000	1695.1743
101000000	150000000	1928.3811
102000000	150000000	1807.3353
103000000	150000000	1250.6865
104000000	150000000	2075.868
105000000	150000000	1113.9017
106000000	150000000	1247.2126
107000000	150000000	2726.4072
108000000	150000000	2706.097
109000000	150000000	2473.951
110000000	150000000	1983.8496
111000000	150000000	2572.7063
112000000	150000000	3184.9443
113000000	150000000	1927.363
114000000	150000000	1940.8955
115000000	150000000	3294.8354
116000000	150000000	2683.5964
117000000	150000000	3230.065
118000000	150000000	4011.0728
119000000	150000000	3067.802
120000000	150000000	3681.3796
121000000	150000000	4309.709
122000000	150000000	3238.7
123000000	150000000	3057.7231
124000000	150000000	3556.917
125000000	150000000	4947.963
126000000	150000000	4687.369
127000000	150000000	4955.922
128000000	150000000	4020.1648
129000000	150000000	3279.0261
130000000	150000000	5453.1113
131000000	150000000	5576.1626
132000000	150000000	4271.9097
133000000	150000000	5629.303
134000000	150000000	6954.1226
135000000	150000000	6860.295
136000000	150000000	7531.0664
137000000	150000000	7334.5884
138000000	150000000	7653.825
139000000	150000000	6228.4375
140000000	150000000	4944.987
141000000	150000000	7095.815
142000000	150000000	6966.193
143000000	150000000	8824.907
144000000	150000000	8999.509
145000000	150000000	10960.846
146000000	150000000	7677.3564
147000000	150000000	13829.665
148000000	150000000	27704.518
149000000	150000000	88568.7
150000000	150000000	373672.1
0	151000000	402.54144
1000000	151000000	432.0285
2000000	151000000	636.53357
3000000	151000000	425.0742
4000000	151000000	449.0984
5000000	151000000	299.33618
6000000	151000000	493.14175
7000000	151000000	312.60648
8000000	151000000	351.27698
9000000	151000000	289.21167
10000000	151000000	388.2367
11000000	151000000	298.2872
12000000	151000000	173.65605
13000000	151000000	299.2456
14000000	151000000	280.99237
15000000	151000000	417.26297
16000000	151000000	289.91772
17000000	151000000	445.74472
18000000	151000000	251.07387
19000000	151000000	198.83759
20000000	151000000	246.13307
21000000	151000000	204.08997
22000000	151000000	281.31247
23000000	151000000	287.44598
24000000	151000000	334.87964
25000000	151000000	527.79456
26000000	151000000	564.55676
27000000	151000000	291.80087
28000000	151000000	231.7453
29000000	151000000	251.42325
30000000	151000000	306.36224
31000000	151000000	292.665
32000000	151000000	296.62897
33000000	151000000	312.7662
34000000	151000000	323.81046
35000000	151000000	361.08945
36000000	151000000	679.0624
37000000	151000000	655.5995
38000000	151000000	762.83405
39000000	151000000	910.91254
40000000	151000000	940.79956
41000000	151000000	676.74335
42000000	151000000	724.4218
43000000	151000000	355.30524
44000000	151000000	376.60733
45000000	151000000	323.82114
46000000	151000000	375.44785
47000000	151000000	678.3032
48000000	151000000	929.2226
49000000	151000000	172.00694
52000000	151000000	428.87418
53000000	151000000	724.16345
54000000	151000000	1058.2766
55000000	151000000	652.5608
56000000	151000000	1069.352
57000000	151000000	1294.9958
58000000	151000000	670.0462
59000000	151000000	596.8722
60000000	151000000	692.60034
61000000	151000000	573.3871
62000000	151000000	668.90155
63000000	151000000	669.03613
64000000	151000000	676.89404
65000000	151000000	698.3101
66000000	151000000	750.0785
67000000	151000000	756.9708
68000000	151000000	1309.6152
69000000	151000000	1032.083
70000000	151000000	825.9233
71000000	151000000	1278.9319
72000000	151000000	830.2134
73000000	151000000	926.567
74000000	151000000	1398.6428
75000000	151000000	1279.0538
76000000	151000000	1794.3098
77000000	151000000	1539.3303
78000000	151000000	1475.2687
79000000	151000000	1443.4954
80000000	151000000	1095.2147
81000000	151000000	1393.9231
82000000	151000000	1112.078
83000000	151000000	1761.1168
84000000	151000000	1729.4863
85000000	151000000	1124.0205
86000000	151000000	1476.3456
87000000	151000000	1804.8005
88000000	151000000	1704.1548
89000000	151000000	2053.1401
90000000	151000000	1570.7478
91000000	151000000	1152.098
92000000	151000000	1140.4816
93000000	151000000	1055.5563
94000000	151000000	1524.6023
95000000	151000000	2194.2668
96000000	151000000	1474.8395
97000000	151000000	1050.5011
98000000	151000000	979.9162
99000000	151000000	2167.5278
100000000	151000000	1825.7086
101000000	151000000	1562.794
102000000	151000000	1711.4113
103000000	151000000	2513.2231
104000000	151000000	1657.8008
105000000	151000000	2503.021
106000000	151000000	3082.7256
107000000	151000000	1999.4973
108000000	151000000	2154.069
109000000	151000000	2350.4846
110000000	151000000	2915.1213
111000000	151000000	2319.2898
112000000	151000000	1880.8405
113000000	151000000	3955.8147
114000000	151000000	4019.4436
115000000	151000000	2134.8743
116000000	151000000	2638.067
117000000	151000000	2039.2947
118000000	151000000	2039.9857
119000000	151000000	3260.4673
120000000	151000000	3035.446
121000000	151000000	2383.6458
122000000	151000000	4196.863
123000000	151000000	5111.4893
124000000	151000000	4267.453
125000000	151000000	2467.029
126000000	151000000	2724.7268
127000000	151000000	2598.646
128000000	151000000	5189.941
129000000	151000000	6277.892
130000000	151000000	3513.7917
131000000	151000000	3051.839
132000000	151000000	3937.671
133000000	151000000	3426.4263
134000000	151000000	3484.2278
135000000	151000000	3693.8503
136000000	151000000	3784.9834
137000000	151000000	4340.905
138000000	151000000	4480.543
139000000	151000000	6684.0127
140000000	151000000	8437.671
141000000	151000000	6902.881
142000000	151000000	6003.8125
143000000	151000000	5022.097
144000000	151000000	7277.386
145000000	151000000	6852.1157
146000000	151000000	10783.585
147000000	151000000	10897.817
148000000	151000000	18701.973
149000000	151000000	16511.082
150000000	151000000	64253.402
151000000	151000000	441271.47
0	152000000	435.3583
1000000	152000000	496.42194
2000000	152000000	665.1773
3000000	152000000	654.03357
4000000	152000000	566.40265
5000000	152000000	466.05875
6000000	152000000	604.9446
7000000	152000000	530.2635
8000000	152000000	435.83127
9000000	152000000	357.3619
10000000	152000000	385.0865
11000000	152000000	281.10364
12000000	152000000	211.39127
13000000	152000000	273.1738
14000000	152000000	283.87393
15000000	152000000	354.89493
16000000	152000000	319.71616
17000000	152000000	360.755
18000000	152000000	254.2078
19000000	152000000	219.44281
20000000	152000000	242.4038
21000000	152000000	229.16992
22000000	152000000	269.9002
23000000	152000000	245.61798
24000000	152000000	384.8547
25000000	152000000	545.54456
26000000	152000000	485.0106
27000000	152000000	296.68558
28000000	152000000	259.20422
29000000	152000000	235.74672
30000000	152000000	249.18678
31000000	152000000	273.99304
32000000	152000000	269.17657
33000000	152000000	272.9495
34000000	152000000	260.77335
35000000	152000000	292.57513
36000000	152000000	494.19168
37000000	152000000	571.1566
38000000	152000000	649.04333
39000000	152000000	735.90875
40000000	152000000	861.6153
41000000	152000000	882.0773
42000000	152000000	676.7225
43000000	152000000	349.74075
44000000	152000000	359.82233
45000000	152000000	365.76395
46000000	152000000	389.90335
47000000	152000000	535.5358
48000000	152000000	620.4214
49000000	152000000	243.02785
52000000	152000000	404.20203
53000000	152000000	692.5658
54000000	152000000	1000.1818
55000000	152000000	817.74146
56000000	152000000	1000.39404
57000000	152000000	1172.9286
58000000	152000000	677.1264
59000000	152000000	533.88556
60000000	152000000	583.66876
61000000	152000000	551.2411
62000000	152000000	639.92163
63000000	152000000	538.54956
64000000	152000000	575.483
65000000	152000000	606.7568
66000000	152000000	679.2022
67000000	152000000	691.053
68000000	152000000	932.17914
69000000	152000000	840.5758
70000000	152000000	695.19415
71000000	152000000	967.05334
72000000	152000000	810.1087
73000000	152000000	788.78937
74000000	152000000	1232.0515
75000000	152000000	1431.1572
76000000	152000000	1705.4796
77000000	152000000	1804.1111
78000000	152000000	1729.3065
79000000	152000000	1362.1008
80000000	152000000	1047.2925
81000000	152000000	1171.2897
82000000	152000000	1406.7025
83000000	152000000	1750.524
84000000	152000000	1519.0507
85000000	152000000	1230.4546
86000000	152000000	1383.234
87000000	152000000	1491.1849
88000000	152000000	1624.1343
89000000	152000000	1751.7201
90000000	152000000	1363.8927
91000000	152000000	996.3027
92000000	152000000	957.4647
93000000	152000000	943.6873
94000000	152000000	1222.7262
95000000	152000000	1582.4774
96000000	152000000	1200.9406
97000000	152000000	959.49866
98000000	152000000	919.02637
99000000	152000000	1711.8011
100000000	152000000	1649.8064
101000000	152000000	1563.6932
102000000	152000000	1564.1853
103000000	152000000	1777.5284
104000000	152000000	1369.9752
105000000	152000000	1511.9545
106000000	152000000	1882.995
107000000	152000000	1504.6451
108000000	152000000	1764.5599
109000000	152000000	2344.9648
110000000	152000000	2359.2197
111000000	152000000	1962.5441
112000000	152000000	1723.7798
113000000	152000000	2788.2417
114000000	152000000	2681.4546
115000000	152000000	1936.4409
116000000	152000000	1825.0963
117000000	152000000	1547.8582
118000000	152000000	1638.2349
119000000	152000000	2589.1755
120000000	152000000	2622.0667
121000000	152000000	2411.9846
122000000	152000000	3579.6357
123000000	152000000	4101.4805
124000000	152000000	3266.7898
125000000	152000000	2238.873
126000000	152000000	2334.1816
127000000	152000000	2187.74
128000000	152000000	3427.1143
129000000	152000000	4405.1016
130000000	152000000	2948.4143
131000000	152000000	2585.0178
132000000	152000000	2786.5134
133000000	152000000	2769.0217
134000000	152000000	3067.7673
135000000	152000000	3211.6194
136000000	152000000	3235.9038
137000000	152000000	3538.0896
138000000	152000000	3488.591
139000000	152000000	5471.898
140000000	152000000	7843.4775
141000000	152000000	6897.248
142000000	152000000	4922.094
143000000	152000000	4421.7944
144000000	152000000	5485.425
145000000	152000000	5531.325
146000000	152000000	7005.5435
147000000	152000000	7323.2285
148000000	152000000	10034.454
149000000	152000000	9902.859
150000000	152000000	18234.986
151000000	152000000	65597.76
152000000	152000000	425123.72
0	153000000	523.3087
1000000	153000000	618.9069
2000000	153000000	912.1902
3000000	153000000	673.25775
4000000	153000000	616.1062
5000000	153000000	389.11722
6000000	153000000	647.45404
7000000	153000000	433.19394
8000000	153000000	373.9583
9000000	153000000	317.9855
10000000	153000000	401.49445
11000000	153000000	258.87366
12000000	153000000	132.57101
13000000	153000000	239.80164
14000000	153000000	294.362
15000000	153000000	392.34747
16000000	153000000	267.41852
17000000	153000000	367.7557
18000000	153000000	214.07983
19000000	153000000	150.09108
20000000	153000000	185.22113
21000000	153000000	170.5808
22000000	153000000	267.8316
23000000	153000000	207.99487
24000000	153000000	305.50052
25000000	153000000	490.73602
26000000	153000000	557.275
27000000	153000000	248.92548
28000000	153000000	195.27205
29000000	153000000	161.9257
30000000	153000000	239.0604
31000000	153000000	192.4832
32000000	153000000	208.74901
33000000	153000000	184.83855
34000000	153000000	249.91568
35000000	153000000	275.10648
36000000	153000000	567.3626
37000000	153000000	657.976
38000000	153000000	875.8516
39000000	153000000	1167.807
40000000	153000000	1124.3202
41000000	153000000	677.3389
42000000	153000000	627.0609
43000000	153000000	242.49843
44000000	153000000	273.63776
45000000	153000000	240.2977
46000000	153000000	248.73927
47000000	153000000	580.85406
48000000	153000000	831.5244
49000000	153000000	156.87917
52000000	153000000	350.32852
53000000	153000000	652.3656
54000000	153000000	928.47974
55000000	153000000	552.8548
56000000	153000000	936.03296
57000000	153000000	1176.451
58000000	153000000	446.27594
59000000	153000000	386.34467
60000000	153000000	439.74637
61000000	153000000	347.8861
62000000	153000000	423.05673
63000000	153000000	432.10007
64000000	153000000	395.19724
65000000	153000000	387.46072
66000000	153000000	427.1222
67000000	153000000	433.0605
68000000	153000000	900.9714
69000000	153000000	768.5119
70000000	153000000	501.63153
71000000	153000000	1070.8148
72000000	153000000	536.19714
73000000	153000000	631.92615
74000000	153000000	1137.2861
75000000	153000000	1258.3436
76000000	153000000	1696.7727
77000000	153000000	1652.5878
78000000	153000000	1458.7413
79000000	153000000	1435.6707
80000000	153000000	828.01764
81000000	153000000	1076.1146
82000000	153000000	880.9162
83000000	153000000	1729.2036
84000000	153000000	1503.4038
85000000	153000000	718.3137
86000000	153000000	1062.4178
87000000	153000000	1653.5907
88000000	153000000	1335.3705
89000000	153000000	1780.0667
90000000	153000000	1053.2938
91000000	153000000	654.942
92000000	153000000	683.2797
93000000	153000000	597.5487
94000000	153000000	941.5733
95000000	153000000	1448.4465
96000000	153000000	1075.53
97000000	153000000	616.4986
98000000	153000000	566.65137
99000000	153000000	1637.0858
100000000	153000000	1537.8859
101000000	153000000	1195.689
102000000	153000000	1265.7267
103000000	153000000	2159.72
104000000	153000000	1059.7029
105000000	153000000	1943.4347
106000000	153000000	2269.947
107000000	153000000	1172.2023
108000000	153000000	1425.8074
109000000	153000000	1824.9426
110000000	153000000	2217.6982
111000000	153000000	1687.272
112000000	153000000	1129.972
113000000	153000000	3018.931
114000000	153000000	3176.6738
115000000	153000000	1339.8695
116000000	153000000	1623.4824
117000000	153000000	1126.3624
118000000	153000000	1104.4584
119000000	153000000	2304.954
120000000	153000000	1954.8127
121000000	153000000	1588.4415
122000000	153000000	3012.1965
123000000	153000000	3658.8774
124000000	153000000	2912.9768
125000000	153000000	1359.1272
126000000	153000000	1639.0588
127000000	153000000	1457.6648
128000000	153000000	3326.0222
129000000	153000000	4564.644
130000000	153000000	2000.2922
131000000	153000000	1698.7827
132000000	153000000	2384.6836
133000000	153000000	1959.2374
134000000	153000000	1952.5271
135000000	153000000	1997.3798
136000000	153000000	1995.4307
137000000	153000000	2439.779
138000000	153000000	2503.9316
139000000	153000000	4531.696
140000000	153000000	7123.0537
141000000	153000000	5202.6504
142000000	153000000	3813.9802
143000000	153000000	3119.4573
144000000	153000000	4459.595
145000000	153000000	3899.6733
146000000	153000000	7089.3115
147000000	153000000	5973.5854
148000000	153000000	8204.805
149000000	153000000	5044.826
150000000	153000000	7160.514
151000000	153000000	29683.715
152000000	153000000	140631.83
153000000	153000000	473737.1
0	154000000	391.62653
1000000	154000000	499.49078
2000000	154000000	650.231
3000000	154000000	567.86707
4000000	154000000	521.2822
5000000	154000000	394.5556
6000000	154000000	576.11176
7000000	154000000	443.62424
8000000	154000000	427.60855
9000000	154000000	369.67508
10000000	154000000	396.81885
11000000	154000000	296.25235
12000000	154000000	207.02211
13000000	154000000	300.79407
14000000	154000000	280.14697
15000000	154000000	387.63776
16000000	154000000	345.73447
17000000	154000000	405.05927
18000000	154000000	252.57454
19000000	154000000	239.45532
20000000	154000000	258.0404
21000000	154000000	259.3155
22000000	154000000	295.28104
23000000	154000000	291.92966
24000000	154000000	412.80414
25000000	154000000	565.6617
26000000	154000000	553.4752
27000000	154000000	299.34317
28000000	154000000	258.50946
29000000	154000000	238.18694
30000000	154000000	271.4774
31000000	154000000	263.8719
32000000	154000000	287.04047
33000000	154000000	290.5565
34000000	154000000	290.00137
35000000	154000000	320.33694
36000000	154000000	486.8642
37000000	154000000	567.7433
38000000	154000000	658.5347
39000000	154000000	810.2632
40000000	154000000	887.89886
41000000	154000000	743.8969
42000000	154000000	672.2781
43000000	154000000	337.4674
44000000	154000000	353.7079
45000000	154000000	323.25113
46000000	154000000	361.89746
47000000	154000000	579.5499
48000000	154000000	689.5223
49000000	154000000	205.83353
52000000	154000000	437.33423
53000000	154000000	716.8293
54000000	154000000	844.0393
55000000	154000000	773.0074
56000000	154000000	975.09064
57000000	154000000	1265.5112
58000000	154000000	657.99805
59000000	154000000	589.50934
60000000	154000000	621.7676
61000000	154000000	525.878
62000000	154000000	619.0174
63000000	154000000	590.5599
64000000	154000000	628.70435
65000000	154000000	646.1862
66000000	154000000	651.75024
67000000	154000000	684.9579
68000000	154000000	1011.4931
69000000	154000000	836.00824
70000000	154000000	724.48553
71000000	154000000	1091.0005
72000000	154000000	834.57886
73000000	154000000	856.4197
74000000	154000000	1240.2594
75000000	154000000	1338.6533
76000000	154000000	1651.5367
77000000	154000000	1654.5903
78000000	154000000	1567.775
79000000	154000000	1380.3969
80000000	154000000	1010.25244
81000000	154000000	1180.8743
82000000	154000000	1252.043
83000000	154000000	1858.981
84000000	154000000	1569.1671
85000000	154000000	1150.4707
86000000	154000000	1322.1443
87000000	154000000	1562.0354
88000000	154000000	1537.5055
89000000	154000000	1747.6084
90000000	154000000	1287.0426
91000000	154000000	987.5525
92000000	154000000	937.2432
93000000	154000000	936.4103
94000000	154000000	1202.006
95000000	154000000	1600.496
96000000	154000000	1242.6085
97000000	154000000	939.1307
98000000	154000000	942.9371
99000000	154000000	1729.1556
100000000	154000000	1724.4719
101000000	154000000	1495.6981
102000000	154000000	1557.336
103000000	154000000	1898.73
104000000	154000000	1311.2144
105000000	154000000	1542.4556
106000000	154000000	1907.2218
107000000	154000000	1544.6061
108000000	154000000	1877.7744
109000000	154000000	2471.2332
110000000	154000000	2568.6597
111000000	154000000	2077.6636
112000000	154000000	1732.2344
113000000	154000000	2927.275
114000000	154000000	2897.8086
115000000	154000000	1875.9219
116000000	154000000	1838.3534
117000000	154000000	1662.8837
118000000	154000000	1708.7324
119000000	154000000	2858.459
120000000	154000000	2766.8535
121000000	154000000	2448.5881
122000000	154000000	3771.0642
123000000	154000000	4088.8794
124000000	154000000	3340.6423
125000000	154000000	2266.3777
126000000	154000000	2295.6692
127000000	154000000	2231.4973
128000000	154000000	3812.2612
129000000	154000000	4555.0747
130000000	154000000	2863.0513
131000000	154000000	2531.0518
132000000	154000000	2949.3057
133000000	154000000	2747.1953
134000000	154000000	3011.4275
135000000	154000000	3128.355
136000000	154000000	3092.2876
137000000	154000000	3448.5952
138000000	154000000	3688.7131
139000000	154000000	5460.214
140000000	154000000	7498.339
141000000	154000000	6229.245
142000000	154000000	4408.9263
143000000	154000000	4097.952
144000000	154000000	5375.6665
145000000	154000000	4707.57
146000000	154000000	6308.056
147000000	154000000	6288.9424
148000000	154000000	8450.196
149000000	154000000	7206.9883
150000000	154000000	9909.094
151000000	154000000	18767.016
152000000	154000000	40276.695
153000000	154000000	97550.95
154000000	154000000	442347.9
0	155000000	265.2059
1000000	155000000	252.51823
2000000	155000000	257.3993
3000000	155000000	280.07657
4000000	155000000	389.416
5000000	155000000	372.13544
6000000	155000000	307.39108
7000000	155000000	258.95178
8000000	155000000	287.91843
9000000	155000000	261.80676
10000000	155000000	314.4556
11000000	155000000	346.39618
12000000	155000000	302.4136
13000000	155000000	315.81168
14000000	155000000	327.25745
15000000	155000000	332.64392
16000000	155000000	347.61737
17000000	155000000	333.00366
18000000	155000000	358.86002
19000000	155000000	280.3988
20000000	155000000	320.42828
21000000	155000000	301.21753
22000000	155000000	312.99615
23000000	155000000	373.28894
24000000	155000000	401.43527
25000000	155000000	448.22498
26000000	155000000	363.46902
27000000	155000000	381.8593
28000000	155000000	345.85458
29000000	155000000	347.2121
30000000	155000000	313.46707
31000000	155000000	397.76196
32000000	155000000	386.22067
33000000	155000000	381.59818
34000000	155000000	384.28445
35000000	155000000	419.5492
36000000	155000000	387.80966
37000000	155000000	428.7172
38000000	155000000	316.70065
39000000	155000000	297.9325
40000000	155000000	467.60107
41000000	155000000	649.9715
42000000	155000000	592.39484
43000000	155000000	494.6953
44000000	155000000	491.22723
45000000	155000000	485.00208
46000000	155000000	500.96652
47000000	155000000	522.0907
48000000	155000000	464.3389
49000000	155000000	270.74368
52000000	155000000	560.74945
53000000	155000000	731.8247
54000000	155000000	632.95325
55000000	155000000	837.1408
56000000	155000000	786.177
57000000	155000000	843.9125
58000000	155000000	861.4061
59000000	155000000	740.91705
60000000	155000000	792.22516
61000000	155000000	809.2261
62000000	155000000	940.58923
63000000	155000000	864.1472
64000000	155000000	791.41846
65000000	155000000	889.331
66000000	155000000	1020.5269
67000000	155000000	1057.1007
68000000	155000000	1073.0315
69000000	155000000	835.7709
70000000	155000000	986.69916
71000000	155000000	905.74994
72000000	155000000	1001.2825
73000000	155000000	1038.7891
74000000	155000000	1069.6162
75000000	155000000	1121.6873
76000000	155000000	1018.65686
77000000	155000000	1203.8336
78000000	155000000	1256.4502
79000000	155000000	1113.7736
80000000	155000000	1222.1992
81000000	155000000	1099.4495
82000000	155000000	1480.4366
83000000	155000000	1284.7683
84000000	155000000	1292.106
85000000	155000000	1626.5643
86000000	155000000	1585.6307
87000000	155000000	1336.3038
88000000	155000000	1395.2449
89000000	155000000	1348.4688
90000000	155000000	1587.8971
91000000	155000000	1385.7526
92000000	155000000	1394.7292
93000000	155000000	1530.1769
94000000	155000000	1662.0688
95000000	155000000	1675.2043
96000000	155000000	1458.059
97000000	155000000	1525.6779
98000000	155000000	1564.4916
99000000	155000000	1634.5596
100000000	155000000	1655.3381
101000000	155000000	1677.8088
102000000	155000000	1656.007
103000000	155000000	1480.9473
104000000	155000000	1851.4071
105000000	155000000	1152.2966
106000000	155000000	1367.7147
107000000	155000000	2107.0825
108000000	155000000	2308.3723
109000000	155000000	2423.5127
110000000	155000000	2152.4639
111000000	155000000	2476.836
112000000	155000000	2541.3977
113000000	155000000	2242.7783
114000000	155000000	2270.8716
115000000	155000000	2682.4531
116000000	155000000	2285.5159
117000000	155000000	2354.6045
118000000	155000000	2714.8333
119000000	155000000	2948.3708
120000000	155000000	3295.0112
121000000	155000000	3462.0703
122000000	155000000	3526.2634
123000000	155000000	3400.068
124000000	155000000	3336.6091
125000000	155000000	3578.8213
126000000	155000000	3516.1008
127000000	155000000	3669.5054
128000000	155000000	3767.3442
129000000	155000000	3622.9258
130000000	155000000	4311.61
131000000	155000000	4089.3376
132000000	155000000	3388.6787
133000000	155000000	4039.6929
134000000	155000000	4602.7715
135000000	155000000	4687.2065
136000000	155000000	5048.9463
137000000	155000000	5076.915
138000000	155000000	5540.4995
139000000	155000000	5478.992
140000000	155000000	5230.9165
141000000	155000000	5949.9746
142000000	155000000	4852.2964
143000000	155000000	5253.036
144000000	155000000	5526.4805
145000000	155000000	5560.5845
146000000	155000000	4603.4453
147000000	155000000	6062.49
148000000	155000000	7805.175
149000000	155000000	10411.412
150000000	155000000	14792.46
151000000	155000000	12596.087
152000000	155000000	18793.344
153000000	155000000	17776.016
154000000	155000000	71390.52
155000000	155000000	373558.97
0	156000000	242.57968
1000000	156000000	224.65517
2000000	156000000	255.9933
3000000	156000000	222.4814
4000000	156000000	294.99512
5000000	156000000	258.7211
6000000	156000000	243.47537
7000000	156000000	189.21109
8000000	156000000	244.65254
9000000	156000000	257.36655
10000000	156000000	313.42227
11000000	156000000	285.23456
12000000	156000000	258.5885
13000000	156000000	323.57825
14000000	156000000	285.93542
15000000	156000000	291.8105
16000000	156000000	273.9492
17000000	156000000	301.44238
18000000	156000000	295.26254
19000000	156000000	246.27234
20000000	156000000	281.94904
21000000	156000000	242.71909
22000000	156000000	352.7271
23000000	156000000	322.5961
24000000	156000000	280.3015
25000000	156000000	357.6755
26000000	156000000	351.20078
27000000	156000000	333.38895
28000000	156000000	338.07562
29000000	156000000	310.66022
30000000	156000000	298.58212
31000000	156000000	337.87415
32000000	156000000	320.5003
33000000	156000000	346.67126
34000000	156000000	373.17767
35000000	156000000	388.1465
36000000	156000000	408.0752
37000000	156000000	448.6904
38000000	156000000	338.81027
39000000	156000000	308.41568
40000000	156000000	460.7209
41000000	156000000	511.14258
42000000	156000000	588.3585
43000000	156000000	442.44818
44000000	156000000	421.1955
45000000	156000000	445.99463
46000000	156000000	449.38403
47000000	156000000	493.61853
48000000	156000000	462.58133
49000000	156000000	269.2648
52000000	156000000	458.8059
53000000	156000000	656.10406
54000000	156000000	594.2507
55000000	156000000	582.79767
56000000	156000000	640.40717
57000000	156000000	718.7225
58000000	156000000	699.3477
59000000	156000000	667.6683
60000000	156000000	716.37915
61000000	156000000	694.78784
62000000	156000000	788.0614
63000000	156000000	741.64935
64000000	156000000	732.0628
65000000	156000000	826.2363
66000000	156000000	856.0142
67000000	156000000	840.5767
68000000	156000000	911.0216
69000000	156000000	923.9255
70000000	156000000	849.73047
71000000	156000000	823.49164
72000000	156000000	820.7915
73000000	156000000	907.95105
74000000	156000000	982.2893
75000000	156000000	911.0729
76000000	156000000	856.2541
77000000	156000000	859.87024
78000000	156000000	905.0637
79000000	156000000	955.1582
80000000	156000000	1024.143
81000000	156000000	989.70703
82000000	156000000	1077.6428
83000000	156000000	965.51825
84000000	156000000	1046.14
85000000	156000000	1225.4557
86000000	156000000	1280.5684
87000000	156000000	1371.2758
88000000	156000000	1172.7336
89000000	156000000	1151.7045
90000000	156000000	1397.6083
91000000	156000000	1198.9526
92000000	156000000	1234.4452
93000000	156000000	1288.3182
94000000	156000000	1410.9163
95000000	156000000	1490.0624
96000000	156000000	1386.8289
97000000	156000000	1308.5029
98000000	156000000	1336.548
99000000	156000000	1504.5383
100000000	156000000	1437.4637
101000000	156000000	1537.4885
102000000	156000000	1462.4552
103000000	156000000	1560.8146
104000000	156000000	1728.924
105000000	156000000	1367.269
106000000	156000000	1521.357
107000000	156000000	1843.521
108000000	156000000	1993.3057
109000000	156000000	1971.1035
110000000	156000000	1843.1791
111000000	156000000	1977.4211
112000000	156000000	2217.437
113000000	156000000	2253.7876
114000000	156000000	2428.2588
115000000	156000000	2304.4587
116000000	156000000	2371.3787
117000000	156000000	2202.0925
118000000	156000000	2363.3625
119000000	156000000	2550.3054
120000000	156000000	2667.8645
121000000	156000000	2635.0818
122000000	156000000	2781.1848
123000000	156000000	2807.8735
124000000	156000000	2990.1328
125000000	156000000	2934.3958
126000000	156000000	3091.458
127000000	156000000	3120.468
128000000	156000000	3340.9053
129000000	156000000	3381.665
130000000	156000000	3735.8704
131000000	156000000	3489.6226
132000000	156000000	3411.045
133000000	156000000	3600.068
134000000	156000000	3915.157
135000000	156000000	3970.7188
136000000	156000000	4240.376
137000000	156000000	4339.923
138000000	156000000	4570.8315
139000000	156000000	4596.5645
140000000	156000000	4308.941
141000000	156000000	4444.532
142000000	156000000	4109.344
143000000	156000000	4329.91
144000000	156000000	4880.552
145000000	156000000	4836.8867
146000000	156000000	4380.6133
147000000	156000000	5253.7153
148000000	156000000	6569.918
149000000	156000000	7759.8076
150000000	156000000	10471.259
151000000	156000000	9854.415
152000000	156000000	10412.71
153000000	156000000	9986.645
154000000	156000000	19192.053
155000000	156000000	97483.51
156000000	156000000	394723.84
0	157000000	211.33691
1000000	157000000	169.80669
2000000	157000000	214.61258
3000000	157000000	157.49841
4000000	157000000	234.77962
5000000	157000000	222.0157
6000000	157000000	203.77554
7000000	157000000	167.36496
8000000	157000000	199.14214
9000000	157000000	219.16174
10000000	157000000	236.85811
11000000	157000000	260.36975
12000000	157000000	285.9213
13000000	157000000	261.9285
14000000	157000000	279.08868
15000000	157000000	278.6078
16000000	157000000	269.6024
17000000	157000000	279.12592
18000000	157000000	339.63867
19000000	157000000	317.77426
20000000	157000000	297.66693
21000000	157000000	300.04227
22000000	157000000	251.52379
23000000	157000000	335.28268
24000000	157000000	288.81693
25000000	157000000	281.71338
26000000	157000000	259.6005
27000000	157000000	336.63394
28000000	157000000	315.35175
29000000	157000000	347.97742
30000000	157000000	393.46875
31000000	157000000	413.478
32000000	157000000	365.85062
33000000	157000000	410.11426
34000000	157000000	426.65295
35000000	157000000	433.5638
36000000	157000000	349.0887
37000000	157000000	337.43924
38000000	157000000	252.46648
39000000	157000000	242.36688
40000000	157000000	364.23273
41000000	157000000	440.97537
42000000	157000000	487.7744
43000000	157000000	527.8614
44000000	157000000	478.97504
45000000	157000000	483.2782
46000000	157000000	476.61615
47000000	157000000	481.16827
48000000	157000000	347.17633
49000000	157000000	239.01128
52000000	157000000	440.81818
53000000	157000000	540.4605
54000000	157000000	449.87634
55000000	157000000	568.0248
56000000	157000000	526.0451
57000000	157000000	551.81055
58000000	157000000	665.8516
59000000	157000000	653.13025
60000000	157000000	737.0092
61000000	157000000	815.7532
62000000	157000000	874.73663
63000000	157000000	751.0602
64000000	157000000	893.1117
65000000	157000000	960.8199
66000000	157000000	993.88586
67000000	157000000	1012.0969
68000000	157000000	885.9127
69000000	157000000	763.6581
70000000	157000000	943.53735
71000000	157000000	741.43176
72000000	157000000	878.82556
73000000	157000000	917.03827
74000000	157000000	882.6344
75000000	157000000	741.9957
76000000	157000000	659.03143
77000000	157000000	615.8623
78000000	157000000	705.5852
79000000	157000000	792.1417
80000000	157000000	1047.5125
81000000	157000000	884.5712
82000000	157000000	947.98846
83000000	157000000	776.5983
84000000	157000000	910.5918
85000000	157000000	1281.9509
86000000	157000000	1260.3319
87000000	157000000	1102.281
88000000	157000000	1029.9856
89000000	157000000	947.90216
90000000	157000000	1194.772
91000000	157000000	1328.0099
92000000	157000000	1354.6741
93000000	157000000	1560.1853
94000000	157000000	1520.2686
95000000	157000000	1393.0669
96000000	157000000	1379.0659
97000000	157000000	1578.0214
98000000	157000000	1558.203
99000000	157000000	1268.1306
100000000	157000000	1268.0302
101000000	157000000	1483.0436
102000000	157000000	1387.9495
103000000	157000000	1246.3978
104000000	157000000	1744.4912
105000000	157000000	1176.0326
106000000	157000000	1183.3569
107000000	157000000	2049.8022
108000000	157000000	1904.1608
109000000	157000000	1817.2302
110000000	157000000	1493.6683
111000000	157000000	1999.25
112000000	157000000	2418.1545
113000000	157000000	1732.1244
114000000	157000000	1850.9103
115000000	157000000	2653.1616
116000000	157000000	2273.7659
117000000	157000000	2554.5212
118000000	157000000	2752.4265
119000000	157000000	2391.8665
120000000	157000000	2754.726
121000000	157000000	2884.1348
122000000	157000000	2542.9792
123000000	157000000	2354.5908
124000000	157000000	2643.085
125000000	157000000	3455.4082
126000000	157000000	3312.6924
127000000	157000000	3548.5671
128000000	157000000	3093.6675
129000000	157000000	2805.5015
130000000	157000000	3929.7468
131000000	157000000	3876.5312
132000000	157000000	3258.721
133000000	157000000	4109.3257
134000000	157000000	4675.5894
135000000	157000000	4574.8066
136000000	157000000	4895.309
137000000	157000000	4741.888
138000000	157000000	4909.682
139000000	157000000	4138.8647
140000000	157000000	3247.0571
141000000	157000000	3804.5986
142000000	157000000	3963.5188
143000000	157000000	4270.513
144000000	157000000	4237.59
145000000	157000000	4621.7944
146000000	157000000	3533.2295
147000000	157000000	4624.712
148000000	157000000	5574.0156
149000000	157000000	8014.2417
150000000	157000000	10393.03
151000000	157000000	7175.457
152000000	157000000	6992.366
153000000	157000000	5743.0737
154000000	157000000	10943.1875
155000000	157000000	30521.133
156000000	157000000	103691.17
157000000	157000000	425758.75
0	158000000	217.04283
1000000	158000000	124.72132
2000000	158000000	151.59607
3000000	158000000	152.49614
4000000	158000000	210.04099
5000000	158000000	225.99216
6000000	158000000	146.27383
7000000	158000000	134.46658
8000000	158000000	146.96396
9000000	158000000	176.46188
10000000	158000000	206.3164
11000000	158000000	232.66956
12000000	158000000	298.84988
13000000	158000000	263.48138
14000000	158000000	226.25305
15000000	158000000	224.11646
16000000	158000000	268.3837
17000000	158000000	264.099
18000000	158000000	294.60034
19000000	158000000	337.51938
20000000	158000000	292.28256
21000000	158000000	307.08667
22000000	158000000	285.58743
23000000	158000000	363.8514
24000000	158000000	305.4175
25000000	158000000	233.81166
26000000	158000000	226.245
27000000	158000000	338.65268
28000000	158000000	397.63696
29000000	158000000	366.76956
30000000	158000000	312.56522
31000000	158000000	337.72144
32000000	158000000	354.61996
33000000	158000000	399.6379
34000000	158000000	452.62006
35000000	158000000	384.7924
36000000	158000000	247.35475
37000000	158000000	309.0711
38000000	158000000	178.70573
39000000	158000000	145.63127
40000000	158000000	227.59183
41000000	158000000	351.71924
42000000	158000000	397.07172
43000000	158000000	562.63135
44000000	158000000	477.93683
45000000	158000000	519.9715
46000000	158000000	531.4402
47000000	158000000	356.50214
48000000	158000000	248.83235
49000000	158000000	216.00867
52000000	158000000	369.45584
53000000	158000000	489.34628
54000000	158000000	336.8805
55000000	158000000	563.4319
56000000	158000000	486.435
57000000	158000000	476.29108
58000000	158000000	722.1614
59000000	158000000	739.6982
60000000	158000000	833.91504
61000000	158000000	865.89636
62000000	158000000	920.39557
63000000	158000000	842.86475
64000000	158000000	911.8659
65000000	158000000	984.80725
66000000	158000000	1109.3456
67000000	158000000	1064.2797
68000000	158000000	799.97156
69000000	158000000	708.3332
70000000	158000000	945.86896
71000000	158000000	621.15125
72000000	158000000	927.9172
73000000	158000000	929.24023
74000000	158000000	733.74207
75000000	158000000	682.77795
76000000	158000000	509.00345
77000000	158000000	551.4164
78000000	158000000	634.84955
79000000	158000000	661.0321
80000000	158000000	1068.9398
81000000	158000000	827.21985
82000000	158000000	918.92755
83000000	158000000	691.10095
84000000	158000000	906.6246
85000000	158000000	1459.4651
86000000	158000000	1310.0289
87000000	158000000	943.2903
88000000	158000000	969.0317
89000000	158000000	788.14136
90000000	158000000	1245.9921
91000000	158000000	1461.5511
92000000	158000000	1525.9286
93000000	158000000	1817.0372
94000000	158000000	1508.5562
95000000	158000000	1436.0774
96000000	158000000	1508.6248
97000000	158000000	1845.5056
98000000	158000000	1722.0195
99000000	158000000	1071.8164
100000000	158000000	1278.0424
101000000	158000000	1560.3082
102000000	158000000	1468.856
103000000	158000000	1022.0542
104000000	158000000	1870.6932
105000000	158000000	939.2933
106000000	158000000	972.8354
107000000	158000000	2296.0342
108000000	158000000	1998.917
109000000	158000000	1787.3628
110000000	158000000	1390.2639
111000000	158000000	2123.8706
112000000	158000000	2710.066
113000000	158000000	1527.336
114000000	158000000	1533.4166
115000000	158000000	2807.5269
116000000	158000000	2232.3936
117000000	158000000	2843.142
118000000	158000000	3157.097
119000000	158000000	2290.6257
120000000	158000000	2905.2092
121000000	158000000	3381.6792
122000000	158000000	2357.2651
123000000	158000000	2131.4585
124000000	158000000	2584.9038
125000000	158000000	4104.7197
126000000	158000000	3885.8416
127000000	158000000	4339.009
128000000	158000000	3093.1113
129000000	158000000	2326.3435
130000000	158000000	4290.8184
131000000	158000000	4648.996
132000000	158000000	3390.548
133000000	158000000	4600.4937
134000000	158000000	5394.9624
135000000	158000000	5377.808
136000000	158000000	5764.728
137000000	158000000	5661.666
138000000	158000000	5466.661
139000000	158000000	4045.8733
140000000	158000000	2881.7236
141000000	158000000	3818.6855
142000000	158000000	3821.0232
143000000	158000000	4957.303
144000000	158000000	4409.142
145000000	158000000	4969.1465
146000000	158000000	2902.1743
147000000	158000000	4588.886
148000000	158000000	5318.7905
149000000	158000000	9048.5625
150000000	158000000	11430.284
151000000	158000000	5555.13
152000000	158000000	5791.6255
153000000	158000000	3966.8208
154000000	158000000	8387.852
155000000	158000000	22616.73
156000000	158000000	40510.273
157000000	158000000	87670.26
158000000	158000000	410046.12
0	159000000	306.40887
1000000	159000000	263.54648
2000000	159000000	404.74048
3000000	159000000	245.72853
4000000	159000000	302.67685
5000000	159000000	213.57625
6000000	159000000	314.7427
7000000	159000000	241.15721
8000000	159000000	227.02058
9000000	159000000	227.9935
10000000	159000000	273.59604
11000000	159000000	247.72224
12000000	159000000	203.23386
13000000	159000000	258.9416
14000000	159000000	238.00206
15000000	159000000	291.4657
16000000	159000000	278.59488
17000000	159000000	326.0039
18000000	159000000	251.63162
19000000	159000000	216.43947
20000000	159000000	259.964
21000000	159000000	227.46788
22000000	159000000	255.02116
23000000	159000000	218.02542
24000000	159000000	280.70337
25000000	159000000	337.149
26000000	159000000	334.44174
27000000	159000000	232.5494
28000000	159000000	230.39418
29000000	159000000	239.70258
30000000	159000000	267.324
31000000	159000000	242.09026
32000000	159000000	260.36914
33000000	159000000	302.05228
34000000	159000000	293.63242
35000000	159000000	348.36337
36000000	159000000	386.29324
37000000	159000000	385.86835
38000000	159000000	450.89365
39000000	159000000	459.02588
40000000	159000000	631.1277
41000000	159000000	514.9151
42000000	159000000	591.723
43000000	159000000	395.47916
44000000	159000000	357.7028
45000000	159000000	341.61624
46000000	159000000	394.42633
47000000	159000000	490.45575
48000000	159000000	502.4885
49000000	159000000	199.7087
52000000	159000000	426.61185
53000000	159000000	568.0946
54000000	159000000	552.45435
55000000	159000000	549.0869
56000000	159000000	626.83777
57000000	159000000	732.4343
58000000	159000000	607.39935
59000000	159000000	528.32465
60000000	159000000	571.41003
61000000	159000000	465.49124
62000000	159000000	575.5026
63000000	159000000	591.4344
64000000	159000000	618.43243
65000000	159000000	615.35004
66000000	159000000	645.53015
67000000	159000000	668.8824
68000000	159000000	852.18964
69000000	159000000	770.77997
70000000	159000000	696.7869
71000000	159000000	889.47034
72000000	159000000	729.07776
73000000	159000000	738.7007
74000000	159000000	922.8915
75000000	159000000	843.12463
76000000	159000000	898.15845
77000000	159000000	917.2571
78000000	159000000	910.82245
79000000	159000000	996.3163
80000000	159000000	831.14886
81000000	159000000	909.4653
82000000	159000000	916.1506
83000000	159000000	1084.5879
84000000	159000000	1106.97
85000000	159000000	999.0532
86000000	159000000	1145.9059
87000000	159000000	1298.5116
88000000	159000000	1134.75
89000000	159000000	1230.1592
90000000	159000000	1081.875
91000000	159000000	978.7348
92000000	159000000	1033.7351
93000000	159000000	1034.7054
94000000	159000000	1153.655
95000000	159000000	1419.0922
96000000	159000000	1176.5483
97000000	159000000	977.3864
98000000	159000000	1030.1447
99000000	159000000	1431.3567
100000000	159000000	1362.3304
101000000	159000000	1284.0841
102000000	159000000	1462.6593
103000000	159000000	1671.4675
104000000	159000000	1513.0282
105000000	159000000	1486.6797
106000000	159000000	1639.9807
107000000	159000000	1685.6083
108000000	159000000	1787.0702
109000000	159000000	1829.5437
110000000	159000000	1907.8064
111000000	159000000	1927.4965
112000000	159000000	1932.9015
113000000	159000000	2456.1277
114000000	159000000	2658.3657
115000000	159000000	2113.8113
116000000	159000000	2003.4205
117000000	159000000	1967.4257
118000000	159000000	1979.3644
119000000	159000000	2542.0354
120000000	159000000	2621.1907
121000000	159000000	2383.0093
122000000	159000000	2989.5745
123000000	159000000	2979.1248
124000000	159000000	3018.154
125000000	159000000	2578.5789
126000000	159000000	2749.0889
127000000	159000000	2725.0808
128000000	159000000	3457.4802
129000000	159000000	3669.965
130000000	159000000	3239.5208
131000000	159000000	2949.039
132000000	159000000	3001.4426
133000000	159000000	3139.3098
134000000	159000000	3385.1887
135000000	159000000	3407.6133
136000000	159000000	3667.9668
137000000	159000000	3808.696
138000000	159000000	4126.9136
139000000	159000000	4767.8276
140000000	159000000	4585.151
141000000	159000000	4191.4053
142000000	159000000	4052.0732
143000000	159000000	3879.5037
144000000	159000000	4731.6816
145000000	159000000	4414.5215
146000000	159000000	5092.4985
147000000	159000000	5013.7563
148000000	159000000	6250.2275
149000000	159000000	5864.2563
150000000	159000000	6782.695
151000000	159000000	7804.174
152000000	159000000	6507.6636
153000000	159000000	7036.613
154000000	159000000	9477.694
155000000	159000000	13315.0
156000000	159000000	17802.242
157000000	159000000	21411.33
158000000	159000000	61091.77
159000000	159000000	388993.66
0	160000000	257.07532
1000000	160000000	226.91275
2000000	160000000	315.74945
3000000	160000000	221.99222
4000000	160000000	264.10516
5000000	160000000	227.35242
6000000	160000000	260.92368
7000000	160000000	199.78313
8000000	160000000	239.32803
9000000	160000000	197.28981
10000000	160000000	274.46823
11000000	160000000	265.43787
12000000	160000000	187.82062
13000000	160000000	254.91704
14000000	160000000	234.7426
15000000	160000000	245.70206
16000000	160000000	238.02046
17000000	160000000	283.87302
18000000	160000000	273.27637
19000000	160000000	218.47464
20000000	160000000	222.97511
21000000	160000000	219.25458
22000000	160000000	262.08755
23000000	160000000	251.42555
24000000	160000000	283.965
25000000	160000000	324.10977
26000000	160000000	325.7605
27000000	160000000	263.74252
28000000	160000000	233.92241
29000000	160000000	213.09264
30000000	160000000	255.57343
31000000	160000000	232.89366
32000000	160000000	236.9388
33000000	160000000	276.06085
34000000	160000000	265.6097
35000000	160000000	292.15735
36000000	160000000	342.76788
37000000	160000000	373.43735
38000000	160000000	349.10376
39000000	160000000	376.73444
40000000	160000000	512.0561
41000000	160000000	448.51086
42000000	160000000	498.81326
43000000	160000000	393.3693
44000000	160000000	349.2833
45000000	160000000	335.5151
46000000	160000000	358.90363
47000000	160000000	399.33316
48000000	160000000	455.56116
49000000	160000000	193.82607
52000000	160000000	344.3538
53000000	160000000	534.1897
54000000	160000000	469.06323
55000000	160000000	505.1226
56000000	160000000	600.2644
57000000	160000000	619.2696
58000000	160000000	493.98026
59000000	160000000	537.8042
60000000	160000000	605.17316
61000000	160000000	520.571
62000000	160000000	576.7294
63000000	160000000	619.42
64000000	160000000	595.9408
65000000	160000000	649.2147
66000000	160000000	679.4566
67000000	160000000	671.80743
68000000	160000000	817.07904
69000000	160000000	713.8772
70000000	160000000	678.4629
71000000	160000000	763.08167
72000000	160000000	687.8024
73000000	160000000	793.8519
74000000	160000000	819.0082
75000000	160000000	786.061
76000000	160000000	750.5398
77000000	160000000	752.5332
78000000	160000000	840.6353
79000000	160000000	860.1635
80000000	160000000	924.94403
81000000	160000000	878.5732
82000000	160000000	844.9679
83000000	160000000	946.8547
84000000	160000000	1047.3015
85000000	160000000	1063.254
86000000	160000000	1170.1238
87000000	160000000	1122.2708
88000000	160000000	1057.585
89000000	160000000	1074.6042
90000000	160000000	1114.6758
91000000	160000000	983.37213
92000000	160000000	1026.7341
93000000	160000000	1065.9536
94000000	160000000	1186.0094
95000000	160000000	1334.9132
96000000	160000000	1171.9618
97000000	160000000	1151.9073
98000000	160000000	1112.5592
99000000	160000000	1306.2782
100000000	160000000	1323.6133
101000000	160000000	1301.7423
102000000	160000000	1365.0803
103000000	160000000	1539.0215
104000000	160000000	1514.8385
105000000	160000000	1321.1277
106000000	160000000	1512.5544
107000000	160000000	1783.0221
108000000	160000000	1713.7589
109000000	160000000	1710.8717
110000000	160000000	1740.6387
111000000	160000000	1875.9528
112000000	160000000	1916.9236
113000000	160000000	2183.553
114000000	160000000	2349.1855
115000000	160000000	2191.525
116000000	160000000	2071.1453
117000000	160000000	1972.3951
118000000	160000000	2220.0776
119000000	160000000	2520.8218
120000000	160000000	2574.453
121000000	160000000	2504.5771
122000000	160000000	2771.372
123000000	160000000	2801.295
124000000	160000000	2961.9053
125000000	160000000	2796.4062
126000000	160000000	2667.2249
127000000	160000000	2733.927
128000000	160000000	3411.1619
129000000	160000000	3396.3042
130000000	160000000	3224.2085
131000000	160000000	3287.4106
132000000	160000000	2978.3086
133000000	160000000	3253.3965
134000000	160000000	3605.757
135000000	160000000	3523.1985
136000000	160000000	3681.9448
137000000	160000000	3862.1838
138000000	160000000	4084.1462
139000000	160000000	4293.0044
140000000	160000000	4173.619
141000000	160000000	4070.3555
142000000	160000000	3993.8496
143000000	160000000	3818.2085
144000000	160000000	4495.8647
145000000	160000000	4293.8213
146000000	160000000	4491.758
147000000	160000000	4637.074
148000000	160000000	5543.644
149000000	160000000	5867.8857
150000000	160000000	6391.92
151000000	160000000	6952.757
152000000	160000000	5554.627
153000000	160000000	5599.387
154000000	160000000	7551.6914
155000000	160000000	10510.478
156000000	160000000	12102.366
157000000	160000000	13786.047
158000000	160000000	25888.229
159000000	160000000	151070.98
160000000	160000000	347237.88
0	161000000	184.14299
1000000	161000000	130.09267
2000000	161000000	162.86653
3000000	161000000	147.29762
4000000	161000000	195.42827
5000000	161000000	159.43983
6000000	161000000	130.8297
7000000	161000000	142.61208
8000000	161000000	143.01326
9000000	161000000	183.77257
10000000	161000000	186.61331
11000000	161000000	288.97577
12000000	161000000	260.4843
13000000	161000000	284.47003
14000000	161000000	269.42847
15000000	161000000	204.01419
16000000	161000000	231.54875
17000000	161000000	227.93002
18000000	161000000	272.44916
19000000	161000000	262.0521
20000000	161000000	313.6361
21000000	161000000	296.66284
22000000	161000000	268.0364
23000000	161000000	324.30222
24000000	161000000	250.51326
25000000	161000000	223.7288
26000000	161000000	222.13911
27000000	161000000	302.8491
28000000	161000000	327.6182
29000000	161000000	285.45853
30000000	161000000	279.9851
31000000	161000000	334.41418
32000000	161000000	350.18036
33000000	161000000	387.8136
34000000	161000000	410.26804
35000000	161000000	415.42606
36000000	161000000	246.44868
37000000	161000000	281.1214
38000000	161000000	189.15736
39000000	161000000	187.30586
40000000	161000000	246.50162
41000000	161000000	357.17267
42000000	161000000	375.76212
43000000	161000000	483.0275
44000000	161000000	408.99576
45000000	161000000	476.82828
46000000	161000000	455.04877
47000000	161000000	346.4312
48000000	161000000	256.73798
49000000	161000000	213.672
52000000	161000000	351.47504
53000000	161000000	398.07193
54000000	161000000	343.61517
55000000	161000000	449.53445
56000000	161000000	419.08615
57000000	161000000	425.12076
58000000	161000000	623.6974
59000000	161000000	658.9378
60000000	161000000	760.0611
61000000	161000000	772.263
62000000	161000000	732.1239
63000000	161000000	757.80804
64000000	161000000	791.77057
65000000	161000000	875.6912
66000000	161000000	927.04266
67000000	161000000	885.70447
68000000	161000000	680.6656
69000000	161000000	692.5986
70000000	161000000	844.1815
71000000	161000000	589.25464
72000000	161000000	783.31555
73000000	161000000	864.3566
74000000	161000000	691.2374
75000000	161000000	629.095
76000000	161000000	479.62247
77000000	161000000	459.85138
78000000	161000000	557.25916
79000000	161000000	621.9234
80000000	161000000	972.6147
81000000	161000000	737.9312
82000000	161000000	891.66547
83000000	161000000	589.787
84000000	161000000	757.76746
85000000	161000000	1182.0658
86000000	161000000	1064.5278
87000000	161000000	802.88654
88000000	161000000	849.76086
89000000	161000000	734.78503
90000000	161000000	1123.1682
91000000	161000000	1306.4254
92000000	161000000	1263.7603
93000000	161000000	1457.8591
94000000	161000000	1324.675
95000000	161000000	1202.4058
96000000	161000000	1287.4879
97000000	161000000	1607.1598
98000000	161000000	1623.4316
99000000	161000000	1057.7329
100000000	161000000	1148.6346
101000000	161000000	1376.7478
102000000	161000000	1214.7046
103000000	161000000	1018.8102
104000000	161000000	1783.9568
105000000	161000000	983.0966
106000000	161000000	1051.5831
107000000	161000000	2029.1373
108000000	161000000	1828.0032
109000000	161000000	1625.0734
110000000	161000000	1278.4254
111000000	161000000	1849.3849
112000000	161000000	2382.4216
113000000	161000000	1453.7687
114000000	161000000	1476.9167
115000000	161000000	2654.935
116000000	161000000	2151.3213
117000000	161000000	2572.6277
118000000	161000000	2932.9512
119000000	161000000	2049.7207
120000000	161000000	2573.1353
121000000	161000000	2936.6592
122000000	161000000	2195.183
123000000	161000000	2045.6005
124000000	161000000	2394.5955
125000000	161000000	3456.6262
126000000	161000000	3469.9268
127000000	161000000	3815.8154
128000000	161000000	2995.6257
129000000	161000000	2417.9556
130000000	161000000	3851.4077
131000000	161000000	4096.435
132000000	161000000	3262.3706
133000000	161000000	4276.1616
134000000	161000000	4672.0054
135000000	161000000	4711.98
136000000	161000000	5012.3745
137000000	161000000	4809.748
138000000	161000000	4836.018
139000000	161000000	3620.0566
140000000	161000000	2514.8438
141000000	161000000	3452.6174
142000000	161000000	3627.253
143000000	161000000	4362.154
144000000	161000000	4190.8604
145000000	161000000	4464.1714
146000000	161000000	2795.2708
147000000	161000000	3968.4136
148000000	161000000	4214.7495
149000000	161000000	6774.421
150000000	161000000	7631.9404
151000000	161000000	4118.6816
152000000	161000000	3674.7888
153000000	161000000	2678.5164
154000000	161000000	4575.867
155000000	161000000	8782.961
156000000	161000000	8982.203
157000000	161000000	12336.6045
158000000	161000000	21162.004
159000000	161000000	26278.217
160000000	161000000	99283.56
161000000	161000000	425988.7
0	162000000	273.44437
1000000	162000000	160.7491
2000000	162000000	209.42653
3000000	162000000	141.5221
4000000	162000000	210.467
5000000	162000000	198.02591
6000000	162000000	181.82281
7000000	162000000	143.10175
8000000	162000000	161.3895
9000000	162000000	168.09045
10000000	162000000	233.43713
11000000	162000000	258.57022
12000000	162000000	179.18604
13000000	162000000	225.209
14000000	162000000	254.47296
15000000	162000000	233.85898
16000000	162000000	212.49802
17000000	162000000	254.69054
18000000	162000000	261.88513
19000000	162000000	221.28992
20000000	162000000	253.09679
21000000	162000000	205.72253
22000000	162000000	278.4415
23000000	162000000	268.352
24000000	162000000	221.12553
25000000	162000000	261.4333
26000000	162000000	273.6633
27000000	162000000	305.00342
28000000	162000000	261.68707
29000000	162000000	267.44296
30000000	162000000	261.18616
31000000	162000000	271.49435
32000000	162000000	304.42493
33000000	162000000	270.2236
34000000	162000000	357.7275
35000000	162000000	401.8193
36000000	162000000	330.25406
37000000	162000000	333.77722
38000000	162000000	295.5377
39000000	162000000	288.15067
40000000	162000000	412.2467
41000000	162000000	367.77612
42000000	162000000	407.1627
43000000	162000000	398.63486
44000000	162000000	389.32114
45000000	162000000	373.6928
46000000	162000000	400.58078
47000000	162000000	431.2769
48000000	162000000	388.54623
49000000	162000000	178.85495
52000000	162000000	290.48627
53000000	162000000	388.83795
54000000	162000000	418.90256
55000000	162000000	414.486
56000000	162000000	456.28934
57000000	162000000	438.17102
58000000	162000000	515.62445
59000000	162000000	622.27484
60000000	162000000	667.0657
61000000	162000000	630.0355
62000000	162000000	650.7622
63000000	162000000	570.48706
64000000	162000000	680.49615
65000000	162000000	684.8719
66000000	162000000	726.19293
67000000	162000000	805.7451
68000000	162000000	724.5753
69000000	162000000	791.8701
70000000	162000000	773.2717
71000000	162000000	761.3551
72000000	162000000	681.3592
73000000	162000000	749.74725
74000000	162000000	706.554
75000000	162000000	775.01086
76000000	162000000	596.90955
77000000	162000000	579.2767
78000000	162000000	632.6128
79000000	162000000	743.63116
80000000	162000000	921.766
81000000	162000000	857.69275
82000000	162000000	678.6147
83000000	162000000	661.8499
84000000	162000000	779.98926
85000000	162000000	929.7729
86000000	162000000	995.6045
87000000	162000000	1118.6641
88000000	162000000	855.3942
89000000	162000000	814.0131
90000000	162000000	1045.2793
91000000	162000000	1125.7205
92000000	162000000	1135.133
93000000	162000000	1147.9296
94000000	162000000	1197.5905
95000000	162000000	1169.0176
96000000	162000000	1219.0693
97000000	162000000	1145.8622
98000000	162000000	1226.5902
99000000	162000000	1169.9608
100000000	162000000	1187.278
101000000	162000000	1249.321
102000000	162000000	1253.1125
103000000	162000000	1364.9006
104000000	162000000	1701.5516
105000000	162000000	1476.796
106000000	162000000	1430.3802
107000000	162000000	1767.5887
108000000	162000000	1642.2992
109000000	162000000	1413.317
110000000	162000000	1420.5833
111000000	162000000	1687.2638
112000000	162000000	2133.0405
113000000	162000000	1758.4241
114000000	162000000	2145.9873
115000000	162000000	2413.9417
116000000	162000000	2802.263
117000000	162000000	2472.8691
118000000	162000000	2392.218
119000000	162000000	2014.8744
120000000	162000000	2293.6206
121000000	162000000	2500.3198
122000000	162000000	2283.9646
123000000	162000000	2126.1492
124000000	162000000	2417.0024
125000000	162000000	2850.2908
126000000	162000000	3104.8267
127000000	162000000	3117.0474
128000000	162000000	3016.0498
129000000	162000000	2718.8481
130000000	162000000	3340.5862
131000000	162000000	3556.2915
132000000	162000000	3435.8564
133000000	162000000	3757.852
134000000	162000000	3844.2517
135000000	162000000	3937.6367
136000000	162000000	4346.75
137000000	162000000	4517.9146
138000000	162000000	4352.0566
139000000	162000000	3811.018
140000000	162000000	2849.7896
141000000	162000000	3358.7454
142000000	162000000	3806.9377
143000000	162000000	3926.8303
144000000	162000000	4009.0803
145000000	162000000	4413.423
146000000	162000000	3461.0808
147000000	162000000	3990.1455
148000000	162000000	4528.4746
149000000	162000000	5076.0356
150000000	162000000	5895.582
151000000	162000000	4989.75
152000000	162000000	3799.2322
153000000	162000000	3548.7312
154000000	162000000	4679.9897
155000000	162000000	6879.286
156000000	162000000	8170.056
157000000	162000000	9127.685
158000000	162000000	12645.172
159000000	162000000	17527.836
160000000	162000000	34348.19
161000000	162000000	74152.32
162000000	162000000	446622.1
0	163000000	215.88835
1000000	163000000	177.43123
2000000	163000000	168.76396
3000000	163000000	137.68199
4000000	163000000	172.7583
5000000	163000000	193.53583
6000000	163000000	160.76624
7000000	163000000	162.98901
8000000	163000000	173.59647
9000000	163000000	180.5052
10000000	163000000	196.15347
11000000	163000000	249.9008
12000000	163000000	226.27466
13000000	163000000	241.12248
14000000	163000000	237.07172
15000000	163000000	204.71962
16000000	163000000	219.38435
17000000	163000000	237.16025
18000000	163000000	257.53683
19000000	163000000	257.7147
20000000	163000000	233.20418
21000000	163000000	245.20328
22000000	163000000	243.87872
23000000	163000000	291.75668
24000000	163000000	227.43857
25000000	163000000	259.18582
26000000	163000000	253.28966
27000000	163000000	267.71814
28000000	163000000	312.218
29000000	163000000	328.0484
30000000	163000000	319.9152
31000000	163000000	282.64313
32000000	163000000	280.21683
33000000	163000000	316.56757
34000000	163000000	390.4558
35000000	163000000	359.4775
36000000	163000000	327.30667
37000000	163000000	302.99213
38000000	163000000	251.25543
39000000	163000000	219.8025
40000000	163000000	304.3781
41000000	163000000	364.31552
42000000	163000000	394.57562
43000000	163000000	417.32254
44000000	163000000	398.73248
45000000	163000000	409.88745
46000000	163000000	402.26245
47000000	163000000	337.9958
48000000	163000000	298.87207
49000000	163000000	146.2341
52000000	163000000	317.81876
53000000	163000000	400.7693
54000000	163000000	314.5686
55000000	163000000	434.70593
56000000	163000000	427.69882
57000000	163000000	426.2307
58000000	163000000	520.5116
59000000	163000000	579.42615
60000000	163000000	581.8306
61000000	163000000	685.5477
62000000	163000000	640.0687
63000000	163000000	569.20624
64000000	163000000	678.4351
65000000	163000000	778.475
66000000	163000000	795.4895
67000000	163000000	832.35046
68000000	163000000	703.6541
69000000	163000000	655.428
70000000	163000000	744.7804
71000000	163000000	649.0417
72000000	163000000	737.0851
73000000	163000000	783.7767
74000000	163000000	679.7829
75000000	163000000	633.26184
76000000	163000000	473.8064
77000000	163000000	525.463
78000000	163000000	608.9153
79000000	163000000	563.4749
80000000	163000000	853.58655
81000000	163000000	716.2181
82000000	163000000	790.4327
83000000	163000000	653.8739
84000000	163000000	723.6501
85000000	163000000	1025.0518
86000000	163000000	1004.3139
87000000	163000000	902.39703
88000000	163000000	781.1549
89000000	163000000	778.1054
90000000	163000000	975.1885
91000000	163000000	1089.4573
92000000	163000000	1194.4052
93000000	163000000	1163.3538
94000000	163000000	1192.8761
95000000	163000000	1135.4463
96000000	163000000	1103.2104
97000000	163000000	1245.2585
98000000	163000000	1356.884
99000000	163000000	983.77545
100000000	163000000	1081.136
101000000	163000000	1176.8577
102000000	163000000	1234.5172
103000000	163000000	1018.05646
104000000	163000000	1543.9143
105000000	163000000	897.60156
106000000	163000000	1003.6197
107000000	163000000	1712.5608
108000000	163000000	1613.7668
109000000	163000000	1426.2349
110000000	163000000	1210.6365
111000000	163000000	1646.6151
112000000	163000000	2051.1052
113000000	163000000	1470.7805
114000000	163000000	1664.143
115000000	163000000	2339.8538
116000000	163000000	2064.7732
117000000	163000000	2252.0522
118000000	163000000	2385.3613
119000000	163000000	1945.9323
120000000	163000000	2365.0393
121000000	163000000	2639.601
122000000	163000000	2041.8276
123000000	163000000	2027.2025
124000000	163000000	2327.6404
125000000	163000000	3178.1418
126000000	163000000	3156.5554
127000000	163000000	3172.1533
128000000	163000000	2768.7012
129000000	163000000	2387.6294
130000000	163000000	3584.1494
131000000	163000000	3622.6245
132000000	163000000	2981.9775
133000000	163000000	3790.4004
134000000	163000000	4276.0645
135000000	163000000	4207.2617
136000000	163000000	4515.5425
137000000	163000000	4314.376
138000000	163000000	4511.744
139000000	163000000	3598.7456
140000000	163000000	2806.0144
141000000	163000000	3418.9783
142000000	163000000	3505.454
143000000	163000000	3942.6082
144000000	163000000	3649.051
145000000	163000000	4125.6436
146000000	163000000	3006.5906
147000000	163000000	3629.6284
148000000	163000000	4140.0283
149000000	163000000	5596.5176
150000000	163000000	6271.4917
151000000	163000000	4203.4565
152000000	163000000	3808.165
153000000	163000000	2842.2622
154000000	163000000	4292.8687
155000000	163000000	6818.579
156000000	163000000	6526.372
157000000	163000000	7855.5493
158000000	163000000	11265.548
159000000	163000000	12024.481
160000000	163000000	19022.36
161000000	163000000	30510.11
162000000	163000000	81915.73
163000000	163000000	408026.22
0	164000000	275.80664
1000000	164000000	236.73717
2000000	164000000	234.45917
3000000	164000000	213.88354
4000000	164000000	240.80113
5000000	164000000	188.6913
6000000	164000000	223.23053
7000000	164000000	157.6029
8000000	164000000	179.15843
9000000	164000000	199.02824
10000000	164000000	221.20924
11000000	164000000	231.3218
12000000	164000000	216.64786
13000000	164000000	198.32631
14000000	164000000	270.18036
15000000	164000000	257.63306
16000000	164000000	232.39905
17000000	164000000	275.87286
18000000	164000000	247.27968
19000000	164000000	220.45648
20000000	164000000	234.68677
21000000	164000000	208.83847
22000000	164000000	257.92065
23000000	164000000	263.08484
24000000	164000000	282.83212
25000000	164000000	300.30832
26000000	164000000	322.10123
27000000	164000000	250.50548
28000000	164000000	255.9119
29000000	164000000	254.5987
30000000	164000000	262.6745
31000000	164000000	277.62558
32000000	164000000	236.22896
33000000	164000000	331.92084
34000000	164000000	321.4273
35000000	164000000	370.02335
36000000	164000000	366.83948
37000000	164000000	354.64383
38000000	164000000	321.46802
39000000	164000000	316.90775
40000000	164000000	460.07516
41000000	164000000	426.78052
42000000	164000000	471.30902
43000000	164000000	418.40363
44000000	164000000	333.22083
45000000	164000000	366.32156
46000000	164000000	341.7643
47000000	164000000	382.7187
48000000	164000000	411.9271
49000000	164000000	127.96851
52000000	164000000	369.4445
53000000	164000000	467.89926
54000000	164000000	407.75397
55000000	164000000	406.88687
56000000	164000000	524.5142
57000000	164000000	566.9807
58000000	164000000	495.4332
59000000	164000000	531.2614
60000000	164000000	572.9571
61000000	164000000	540.93054
62000000	164000000	601.2869
63000000	164000000	566.64453
64000000	164000000	619.21497
65000000	164000000	645.5848
66000000	164000000	655.4108
67000000	164000000	700.4186
68000000	164000000	784.4919
69000000	164000000	705.21643
70000000	164000000	716.2824
71000000	164000000	702.8998
72000000	164000000	661.9092
73000000	164000000	711.7194
74000000	164000000	726.44116
75000000	164000000	703.2836
76000000	164000000	681.5508
77000000	164000000	591.79456
78000000	164000000	651.1787
79000000	164000000	668.5865
80000000	164000000	821.88196
81000000	164000000	786.63495
82000000	164000000	710.0066
83000000	164000000	809.1474
84000000	164000000	842.92236
85000000	164000000	898.04016
86000000	164000000	958.3996
87000000	164000000	1064.7395
88000000	164000000	950.19867
89000000	164000000	843.3196
90000000	164000000	956.9092
91000000	164000000	910.1478
92000000	164000000	893.75366
93000000	164000000	941.2329
94000000	164000000	1067.2644
95000000	164000000	1036.246
96000000	164000000	1018.10944
97000000	164000000	995.6057
98000000	164000000	998.21295
99000000	164000000	1094.1816
100000000	164000000	1104.9952
101000000	164000000	1060.0028
102000000	164000000	1134.334
103000000	164000000	1237.4988
104000000	164000000	1403.8293
105000000	164000000	1187.9424
106000000	164000000	1258.5043
107000000	164000000	1560.958
108000000	164000000	1543.186
109000000	164000000	1409.8615
110000000	164000000	1454.3107
111000000	164000000	1608.4282
112000000	164000000	1781.489
113000000	164000000	1858.634
114000000	164000000	1984.9071
115000000	164000000	2011.3229
116000000	164000000	1930.9615
117000000	164000000	1934.4177
118000000	164000000	2068.1865
119000000	164000000	2123.8452
120000000	164000000	2244.0862
121000000	164000000	2216.1501
122000000	164000000	2347.5754
123000000	164000000	2218.433
124000000	164000000	2427.5288
125000000	164000000	2587.538
126000000	164000000	2616.898
127000000	164000000	2636.1985
128000000	164000000	3031.5215
129000000	164000000	2910.9587
130000000	164000000	3150.2642
131000000	164000000	3039.5076
132000000	164000000	2998.5688
133000000	164000000	3301.5332
134000000	164000000	3601.6487
135000000	164000000	3571.8052
136000000	164000000	3816.427
137000000	164000000	3830.2332
138000000	164000000	4029.6975
139000000	164000000	4083.0042
140000000	164000000	3526.8767
141000000	164000000	3441.5686
142000000	164000000	3434.0742
143000000	164000000	3458.3313
144000000	164000000	3928.252
145000000	164000000	3877.954
146000000	164000000	3643.6252
147000000	164000000	3888.3523
148000000	164000000	4546.8477
149000000	164000000	4589.2075
150000000	164000000	5238.222
151000000	164000000	4954.639
152000000	164000000	3923.0596
153000000	164000000	3692.0168
154000000	164000000	4849.0933
155000000	164000000	6064.0117
156000000	164000000	5721.81
157000000	164000000	6117.0156
158000000	164000000	7878.5127
159000000	164000000	10106.755
160000000	164000000	12552.314
161000000	164000000	15255.562
162000000	164000000	27731.104
163000000	164000000	110405.47
164000000	164000000	415704.47
0	165000000	248.21605
1000000	165000000	215.18161
2000000	165000000	256.24695
3000000	165000000	219.58095
4000000	165000000	236.79561
5000000	165000000	208.5987
6000000	165000000	229.56198
7000000	165000000	187.76582
8000000	165000000	193.2278
9000000	165000000	202.40878
10000000	165000000	221.33258
11000000	165000000	233.64972
12000000	165000000	223.26459
13000000	165000000	241.6777
14000000	165000000	251.37994
15000000	165000000	236.69862
16000000	165000000	235.41222
17000000	165000000	251.94756
18000000	165000000	269.60608
19000000	165000000	233.46548
20000000	165000000	249.73615
21000000	165000000	250.32611
22000000	165000000	254.93102
23000000	165000000	295.06723
24000000	165000000	283.8062
25000000	165000000	299.6171
26000000	165000000	281.3264
27000000	165000000	285.6944
28000000	165000000	281.48703
29000000	165000000	294.38364
30000000	165000000	290.3754
31000000	165000000	283.3169
32000000	165000000	285.51862
33000000	165000000	298.78116
34000000	165000000	346.11545
35000000	165000000	354.70953
36000000	165000000	313.85114
37000000	165000000	353.4266
38000000	165000000	299.48877
39000000	165000000	310.4825
40000000	165000000	476.00494
41000000	165000000	414.1508
42000000	165000000	469.76062
43000000	165000000	400.83304
44000000	165000000	361.2011
45000000	165000000	362.34482
46000000	165000000	352.2801
47000000	165000000	427.13397
48000000	165000000	376.51205
49000000	165000000	175.04648
52000000	165000000	294.53287
53000000	165000000	447.49872
54000000	165000000	407.2182
55000000	165000000	421.55002
56000000	165000000	484.75293
57000000	165000000	509.62277
58000000	165000000	578.3926
59000000	165000000	485.69696
60000000	165000000	643.8619
61000000	165000000	535.6352
62000000	165000000	575.99805
63000000	165000000	570.27216
64000000	165000000	645.7972
65000000	165000000	625.6956
66000000	165000000	657.9214
67000000	165000000	759.2503
68000000	165000000	701.3914
69000000	165000000	611.0434
70000000	165000000	647.8425
71000000	165000000	671.96716
72000000	165000000	712.1477
73000000	165000000	689.8625
74000000	165000000	692.6758
75000000	165000000	707.43805
76000000	165000000	639.79236
77000000	165000000	567.69006
78000000	165000000	635.2772
79000000	165000000	644.57874
80000000	165000000	841.6363
81000000	165000000	711.5235
82000000	165000000	765.16656
83000000	165000000	735.87946
84000000	165000000	854.5999
85000000	165000000	965.1304
86000000	165000000	954.1849
87000000	165000000	1002.59686
88000000	165000000	939.6167
89000000	165000000	824.10895
90000000	165000000	911.9357
91000000	165000000	986.12646
92000000	165000000	1006.1465
93000000	165000000	989.0275
94000000	165000000	1073.9559
95000000	165000000	1072.3167
96000000	165000000	1038.0066
97000000	165000000	1075.338
98000000	165000000	1086.1151
99000000	165000000	1063.7994
100000000	165000000	1065.7527
101000000	165000000	1134.2572
102000000	165000000	1124.6394
103000000	165000000	1176.7959
104000000	165000000	1480.0951
105000000	165000000	973.9049
106000000	165000000	1184.8805
107000000	165000000	1631.0745
108000000	165000000	1512.743
109000000	165000000	1468.1721
110000000	165000000	1392.7479
111000000	165000000	1559.6615
112000000	165000000	1963.5941
113000000	165000000	1728.5122
114000000	165000000	1722.802
115000000	165000000	1987.3507
116000000	165000000	1871.7341
117000000	165000000	2022.9113
118000000	165000000	2174.957
119000000	165000000	2135.649
120000000	165000000	2208.9707
121000000	165000000	2389.6372
122000000	165000000	2244.4644
123000000	165000000	2174.465
124000000	165000000	2443.184
125000000	165000000	2741.4478
126000000	165000000	2692.4607
127000000	165000000	2871.0327
128000000	165000000	3032.4558
129000000	165000000	2739.9082
130000000	165000000	3217.0107
131000000	165000000	3282.9114
132000000	165000000	3045.484
133000000	165000000	3392.9202
134000000	165000000	3735.906
135000000	165000000	3810.2964
136000000	165000000	4092.5308
137000000	165000000	4051.3184
138000000	165000000	4078.0876
139000000	165000000	3960.1648
140000000	165000000	3336.4094
141000000	165000000	3480.8489
142000000	165000000	3319.4692
143000000	165000000	3647.2446
144000000	165000000	3986.9587
145000000	165000000	3687.9155
146000000	165000000	3290.5178
147000000	165000000	3725.8516
148000000	165000000	4357.764
149000000	165000000	4993.4175
150000000	165000000	5375.2334
151000000	165000000	4509.47
152000000	165000000	3872.5452
153000000	165000000	3368.781
154000000	165000000	4673.3403
155000000	165000000	5964.1704
156000000	165000000	5550.064
157000000	165000000	5885.633
158000000	165000000	7635.7236
159000000	165000000	8083.7505
160000000	165000000	9587.783
161000000	165000000	12181.365
162000000	165000000	16383.019
163000000	165000000	35869.83
164000000	165000000	96753.375
165000000	165000000	409458.7
0	166000000	261.31393
1000000	166000000	200.23314
2000000	166000000	280.55936
3000000	166000000	181.1856
4000000	166000000	231.45
5000000	166000000	202.36595
6000000	166000000	206.36603
7000000	166000000	148.9481
8000000	166000000	180.69551
9000000	166000000	207.42699
10000000	166000000	218.63573
11000000	166000000	235.92642
12000000	166000000	214.3682
13000000	166000000	212.61572
14000000	166000000	260.143
15000000	166000000	246.96465
16000000	166000000	248.55923
17000000	166000000	273.60623
18000000	166000000	263.64584
19000000	166000000	233.18065
20000000	166000000	233.47252
21000000	166000000	204.33337
22000000	166000000	243.50531
23000000	166000000	261.72363
24000000	166000000	262.2635
25000000	166000000	294.03738
26000000	166000000	265.1019
27000000	166000000	279.47772
28000000	166000000	254.58781
29000000	166000000	250.69691
30000000	166000000	264.75378
31000000	166000000	261.1243
32000000	166000000	284.81793
33000000	166000000	311.1533
34000000	166000000	347.97876
35000000	166000000	354.60028
36000000	166000000	323.5934
37000000	166000000	362.7941
38000000	166000000	308.4909
39000000	166000000	330.4414
40000000	166000000	408.76358
41000000	166000000	453.32828
42000000	166000000	442.12567
43000000	166000000	417.44186
44000000	166000000	391.7689
45000000	166000000	402.3873
46000000	166000000	390.99545
47000000	166000000	371.82193
48000000	166000000	352.06665
49000000	166000000	238.69952
52000000	166000000	359.27383
53000000	166000000	408.46365
54000000	166000000	375.69162
55000000	166000000	494.3429
56000000	166000000	500.8235
57000000	166000000	535.8862
58000000	166000000	488.57468
59000000	166000000	499.07657
60000000	166000000	606.08386
61000000	166000000	525.6462
62000000	166000000	568.3912
63000000	166000000	578.323
64000000	166000000	538.50867
65000000	166000000	684.0475
66000000	166000000	667.6996
67000000	166000000	724.6159
68000000	166000000	716.76355
69000000	166000000	609.3161
70000000	166000000	668.9231
71000000	166000000	643.93866
72000000	166000000	609.1244
73000000	166000000	705.89465
74000000	166000000	720.8128
75000000	166000000	572.3456
76000000	166000000	574.462
77000000	166000000	624.6111
78000000	166000000	638.755
79000000	166000000	649.79785
80000000	166000000	733.38245
81000000	166000000	666.4487
82000000	166000000	695.7908
83000000	166000000	701.3107
84000000	166000000	778.11664
85000000	166000000	876.076
86000000	166000000	958.4485
87000000	166000000	891.5191
88000000	166000000	829.6223
89000000	166000000	827.17554
90000000	166000000	947.14545
91000000	166000000	889.16644
92000000	166000000	845.5447
93000000	166000000	1030.9696
94000000	166000000	1019.44196
95000000	166000000	1109.0961
96000000	166000000	979.29016
97000000	166000000	1032.3394
98000000	166000000	1012.8597
99000000	166000000	1102.3759
100000000	166000000	1031.141
101000000	166000000	1038.5256
102000000	166000000	1065.6035
103000000	166000000	1195.5753
104000000	166000000	1378.0413
105000000	166000000	1072.2682
106000000	166000000	1110.5579
107000000	166000000	1513.7334
108000000	166000000	1435.328
109000000	166000000	1389.0807
110000000	166000000	1349.007
111000000	166000000	1545.187
112000000	166000000	1761.1464
113000000	166000000	1622.9149
114000000	166000000	1673.5221
115000000	166000000	1991.6385
116000000	166000000	1901.3573
117000000	166000000	1831.623
118000000	166000000	2064.659
119000000	166000000	2102.8586
120000000	166000000	2363.9878
121000000	166000000	2295.7776
122000000	166000000	2331.937
123000000	166000000	2290.5022
124000000	166000000	2310.0925
125000000	166000000	2608.5488
126000000	166000000	2602.1824
127000000	166000000	2708.1985
128000000	166000000	2882.6848
129000000	166000000	2743.7031
130000000	166000000	3143.468
131000000	166000000	3043.0334
132000000	166000000	2906.528
133000000	166000000	3142.5383
134000000	166000000	3605.4468
135000000	166000000	3686.1353
136000000	166000000	3955.63
137000000	166000000	3811.5747
138000000	166000000	3944.6614
139000000	166000000	3884.3926
140000000	166000000	3431.444
141000000	166000000	3490.8599
142000000	166000000	3338.8213
143000000	166000000	3439.421
144000000	166000000	3926.2341
145000000	166000000	3653.6611
146000000	166000000	3330.3838
147000000	166000000	3521.029
148000000	166000000	4305.118
149000000	166000000	4664.2915
150000000	166000000	5418.494
151000000	166000000	4551.8115
152000000	166000000	3725.5916
153000000	166000000	3154.459
154000000	166000000	4395.781
155000000	166000000	5386.2827
156000000	166000000	5142.5874
157000000	166000000	5308.282
158000000	166000000	6529.1885
159000000	166000000	6969.2153
160000000	166000000	7960.522
161000000	166000000	9456.389
162000000	166000000	11313.363
163000000	166000000	17582.006
164000000	166000000	28992.895
165000000	166000000	94334.73
166000000	166000000	410291.3
0	167000000	475.14017
1000000	167000000	221.82063
2000000	167000000	234.73764
3000000	167000000	173.52254
4000000	167000000	212.3954
5000000	167000000	197.39009
6000000	167000000	224.03532
7000000	167000000	141.3829
8000000	167000000	168.2886
9000000	167000000	182.78757
10000000	167000000	282.88013
11000000	167000000	258.99374
12000000	167000000	220.10881
13000000	167000000	277.84976
14000000	167000000	267.3697
15000000	167000000	273.51273
16000000	167000000	208.69093
17000000	167000000	269.58994
18000000	167000000	250.33667
19000000	167000000	231.35455
20000000	167000000	182.95227
21000000	167000000	186.38309
22000000	167000000	288.8512
23000000	167000000	280.479
24000000	167000000	231.68594
25000000	167000000	241.63077
26000000	167000000	256.46588
27000000	167000000	231.49132
28000000	167000000	254.62311
29000000	167000000	252.36386
30000000	167000000	264.1878
31000000	167000000	271.96237
32000000	167000000	234.43353
33000000	167000000	266.99512
34000000	167000000	296.79196
35000000	167000000	329.16064
36000000	167000000	443.16757
37000000	167000000	337.4319
38000000	167000000	438.6765
39000000	167000000	355.332
40000000	167000000	445.0522
41000000	167000000	328.5324
42000000	167000000	401.35748
43000000	167000000	315.8133
44000000	167000000	283.48404
45000000	167000000	287.62427
46000000	167000000	268.49387
47000000	167000000	333.03955
48000000	167000000	436.44928
49000000	167000000	232.08748
52000000	167000000	343.73975
53000000	167000000	407.74377
54000000	167000000	485.85587
55000000	167000000	335.45303
56000000	167000000	370.29633
57000000	167000000	426.91782
58000000	167000000	394.1911
59000000	167000000	429.78738
60000000	167000000	440.93103
61000000	167000000	429.03833
62000000	167000000	444.9897
63000000	167000000	515.8176
64000000	167000000	557.5621
65000000	167000000	436.64032
66000000	167000000	543.81805
67000000	167000000	479.08258
68000000	167000000	601.21356
69000000	167000000	768.13007
70000000	167000000	519.2858
71000000	167000000	632.0161
72000000	167000000	502.09375
73000000	167000000	556.68854
74000000	167000000	644.5097
75000000	167000000	609.7136
76000000	167000000	545.97565
77000000	167000000	506.4455
78000000	167000000	530.5647
79000000	167000000	667.98987
80000000	167000000	637.4038
81000000	167000000	698.71063
82000000	167000000	506.26285
83000000	167000000	536.10736
84000000	167000000	640.49603
85000000	167000000	640.3058
86000000	167000000	706.4592
87000000	167000000	1022.9818
88000000	167000000	727.57355
89000000	167000000	761.4981
90000000	167000000	726.22266
91000000	167000000	733.0573
92000000	167000000	886.383
93000000	167000000	687.3062
94000000	167000000	845.27124
95000000	167000000	819.55695
96000000	167000000	919.7401
97000000	167000000	771.69446
98000000	167000000	841.7134
99000000	167000000	1043.3357
100000000	167000000	920.06226
101000000	167000000	973.8706
102000000	167000000	961.88574
103000000	167000000	1216.6973
104000000	167000000	1301.4539
105000000	167000000	2502.6824
106000000	167000000	1792.4475
107000000	167000000	1334.556
108000000	167000000	1143.97
109000000	167000000	1014.15137
110000000	167000000	1035.1481
111000000	167000000	1109.5707
112000000	167000000	1199.1257
113000000	167000000	1438.7875
114000000	167000000	2144.3625
115000000	167000000	1497.2362
116000000	167000000	3018.9492
117000000	167000000	1670.4384
118000000	167000000	1561.587
119000000	167000000	1503.1681
120000000	167000000	1501.2255
121000000	167000000	1576.2129
122000000	167000000	1698.472
123000000	167000000	1897.3596
124000000	167000000	2000.567
125000000	167000000	1859.9016
126000000	167000000	1973.8486
127000000	167000000	2129.8088
128000000	167000000	2662.4453
129000000	167000000	3084.0996
130000000	167000000	2568.0493
131000000	167000000	2333.1445
132000000	167000000	3627.8406
133000000	167000000	2806.479
134000000	167000000	2631.996
135000000	167000000	2701.1982
136000000	167000000	2846.3665
137000000	167000000	2997.7954
138000000	167000000	2873.2803
139000000	167000000	3011.6516
140000000	167000000	2501.7244
141000000	167000000	2294.1812
142000000	167000000	3787.7952
143000000	167000000	2937.6277
144000000	167000000	3068.3125
145000000	167000000	3767.8115
146000000	167000000	3279.3757
147000000	167000000	3042.5815
148000000	167000000	3351.7288
149000000	167000000	2995.438
150000000	167000000	3563.428
151000000	167000000	4489.695
152000000	167000000	2874.3806
153000000	167000000	3167.9946
154000000	167000000	3148.6777
155000000	167000000	3662.2336
156000000	167000000	4133.3975
157000000	167000000	4136.0225
158000000	167000000	4272.557
159000000	167000000	4876.244
160000000	167000000	5561.1094
161000000	167000000	6089.1
162000000	167000000	9940.836
163000000	167000000	8708.085
164000000	167000000	11792.716
165000000	167000000	21023.648
166000000	167000000	70481.21
167000000	167000000	458797.28
0	168000000	250.43419
1000000	168000000	142.09695
2000000	168000000	145.47337
3000000	168000000	140.686
4000000	168000000	178.23387
5000000	168000000	191.0475
6000000	168000000	160.05025
7000000	168000000	149.54073
8000000	168000000	155.69688
9000000	168000000	179.85425
10000000	168000000	174.62712
11000000	168000000	235.16628
12000000	168000000	244.52316
13000000	168000000	259.93027
14000000	168000000	240.3368
15000000	168000000	180.10257
16000000	168000000	235.3276
17000000	168000000	244.14978
18000000	168000000	290.8126
19000000	168000000	274.9983
20000000	168000000	293.14334
21000000	168000000	231.36269
22000000	168000000	278.31665
23000000	168000000	315.9832
24000000	168000000	213.28299
25000000	168000000	191.21379
26000000	168000000	207.75352
27000000	168000000	251.40381
28000000	168000000	282.99756
29000000	168000000	332.78146
30000000	168000000	322.47818
31000000	168000000	336.76318
32000000	168000000	354.7942
33000000	168000000	324.02625
34000000	168000000	378.02725
35000000	168000000	373.10532
36000000	168000000	274.34387
37000000	168000000	278.76495
38000000	168000000	179.84865
39000000	168000000	173.86519
40000000	168000000	220.78299
41000000	168000000	331.7432
42000000	168000000	332.8087
43000000	168000000	440.3145
44000000	168000000	388.56512
45000000	168000000	422.40912
46000000	168000000	409.4052
47000000	168000000	313.6022
48000000	168000000	234.59053
49000000	168000000	227.66678
52000000	168000000	344.63748
53000000	168000000	331.75546
54000000	168000000	296.90543
55000000	168000000	397.79712
56000000	168000000	358.4649
57000000	168000000	336.72925
58000000	168000000	513.36005
59000000	168000000	575.86896
60000000	168000000	636.53046
61000000	168000000	637.10834
62000000	168000000	628.8237
63000000	168000000	663.36285
64000000	168000000	718.4926
65000000	168000000	697.73834
66000000	168000000	753.9867
67000000	168000000	797.5667
68000000	168000000	657.87177
69000000	168000000	587.94257
70000000	168000000	684.23315
71000000	168000000	468.20084
72000000	168000000	627.2979
73000000	168000000	675.5668
74000000	168000000	595.2063
75000000	168000000	536.5704
76000000	168000000	451.66714
77000000	168000000	437.4733
78000000	168000000	484.7945
79000000	168000000	530.00793
80000000	168000000	726.2697
81000000	168000000	608.4233
82000000	168000000	605.5863
83000000	168000000	487.3214
84000000	168000000	636.39124
85000000	168000000	892.6656
86000000	168000000	795.2235
87000000	168000000	742.9714
88000000	168000000	667.6918
89000000	168000000	585.88873
90000000	168000000	837.7271
91000000	168000000	963.0849
92000000	168000000	1100.1278
93000000	168000000	1120.6934
94000000	168000000	1016.19867
95000000	168000000	913.3587
96000000	168000000	1046.2804
97000000	168000000	1238.1241
98000000	168000000	1114.5538
99000000	168000000	847.6227
100000000	168000000	904.413
101000000	168000000	1121.3713
102000000	168000000	975.49396
103000000	168000000	751.9472
104000000	168000000	1468.7028
105000000	168000000	982.1067
106000000	168000000	894.9955
107000000	168000000	1638.76
108000000	168000000	1415.2548
109000000	168000000	1202.6797
110000000	168000000	1019.2557
111000000	168000000	1332.828
112000000	168000000	1734.9238
113000000	168000000	1159.1305
114000000	168000000	1186.207
115000000	168000000	1968.9017
116000000	168000000	2134.796
117000000	168000000	2179.3962
118000000	168000000	2237.7612
119000000	168000000	1630.3306
120000000	168000000	1792.8292
121000000	168000000	2266.4648
122000000	168000000	1732.0259
123000000	168000000	1565.7295
124000000	168000000	2072.0312
125000000	168000000	2787.3591
126000000	168000000	2878.0835
127000000	168000000	3151.8352
128000000	168000000	2527.2012
129000000	168000000	2059.1055
130000000	168000000	3274.3772
131000000	168000000	3513.2156
132000000	168000000	3184.5066
133000000	168000000	3726.7966
134000000	168000000	3909.2156
135000000	168000000	4070.2605
136000000	168000000	4165.9795
137000000	168000000	4009.5542
138000000	168000000	4159.194
139000000	168000000	3067.7278
140000000	168000000	1979.4468
141000000	168000000	2698.5085
142000000	168000000	3261.7205
143000000	168000000	3525.6833
144000000	168000000	3149.3083
145000000	168000000	3702.0137
146000000	168000000	2204.8896
147000000	168000000	2771.462
148000000	168000000	3157.947
149000000	168000000	4617.064
150000000	168000000	5285.0225
151000000	168000000	2922.5166
152000000	168000000	2519.777
153000000	168000000	1791.9768
154000000	168000000	2825.3682
155000000	168000000	4586.7354
156000000	168000000	4364.642
157000000	168000000	5241.808
158000000	168000000	6494.263
159000000	168000000	4887.571
160000000	168000000	5810.537
161000000	168000000	8333.601
162000000	168000000	9011.518
163000000	168000000	11152.005
164000000	168000000	11807.762
165000000	168000000	19910.99
166000000	168000000	49682.633
167000000	168000000	128450.81
168000000	168000000	411679.66
0	169000000	324.23422
1000000	169000000	274.96338
2000000	169000000	374.3234
3000000	169000000	261.58524
4000000	169000000	295.15564
5000000	169000000	235.85222
6000000	169000000	318.3511
7000000	169000000	213.9934
8000000	169000000	202.41629
9000000	169000000	185.56613
10000000	169000000	296.53076
11000000	169000000	231.67175
12000000	169000000	192.36171
13000000	169000000	224.33894
14000000	169000000	242.32219
15000000	169000000	291.21548
16000000	169000000	211.91347
17000000	169000000	267.16504
18000000	169000000	239.81662
19000000	169000000	203.85008
20000000	169000000	239.3566
21000000	169000000	227.59908
22000000	169000000	278.11465
23000000	169000000	238.13512
24000000	169000000	250.43156
25000000	169000000	342.43408
26000000	169000000	320.84256
27000000	169000000	264.19046
28000000	169000000	198.91034
29000000	169000000	243.27542
30000000	169000000	248.12985
31000000	169000000	280.3837
32000000	169000000	260.1164
33000000	169000000	261.91095
34000000	169000000	266.7284
35000000	169000000	333.29816
36000000	169000000	403.81717
37000000	169000000	406.5726
38000000	169000000	393.06525
39000000	169000000	429.91534
40000000	169000000	521.7779
41000000	169000000	452.33096
42000000	169000000	497.0535
43000000	169000000	322.21008
44000000	169000000	337.15207
45000000	169000000	292.3541
46000000	169000000	331.67062
47000000	169000000	408.97055
48000000	169000000	430.6812
49000000	169000000	154.32854
52000000	169000000	349.8403
53000000	169000000	447.1043
54000000	169000000	536.7836
55000000	169000000	403.48044
56000000	169000000	510.83313
57000000	169000000	619.4526
58000000	169000000	447.48328
59000000	169000000	460.27002
60000000	169000000	462.19135
61000000	169000000	446.5972
62000000	169000000	515.053
63000000	169000000	462.58133
64000000	169000000	501.9731
65000000	169000000	518.14185
66000000	169000000	544.52454
67000000	169000000	570.2852
68000000	169000000	652.96796
69000000	169000000	654.91724
70000000	169000000	591.08374
71000000	169000000	705.46967
72000000	169000000	579.6502
73000000	169000000	624.2088
74000000	169000000	709.6105
75000000	169000000	701.62305
76000000	169000000	717.29016
77000000	169000000	688.6941
78000000	169000000	742.40607
79000000	169000000	741.8734
80000000	169000000	678.3988
81000000	169000000	716.4099
82000000	169000000	706.1118
83000000	169000000	832.5873
84000000	169000000	836.3127
85000000	169000000	726.1337
86000000	169000000	831.2982
87000000	169000000	1026.4954
88000000	169000000	901.9095
89000000	169000000	913.044
90000000	169000000	870.6124
91000000	169000000	743.9633
92000000	169000000	835.43207
93000000	169000000	784.6519
94000000	169000000	852.44165
95000000	169000000	1052.2805
96000000	169000000	974.3671
97000000	169000000	792.72876
98000000	169000000	732.1538
99000000	169000000	1113.0111
100000000	169000000	1018.40796
101000000	169000000	974.2125
102000000	169000000	976.0537
103000000	169000000	1293.6642
104000000	169000000	1158.0723
105000000	169000000	1145.1707
106000000	169000000	1449.4695
107000000	169000000	1262.7527
108000000	169000000	1334.8549
109000000	169000000	1331.755
110000000	169000000	1456.4673
111000000	169000000	1409.8552
112000000	169000000	1379.4667
113000000	169000000	1936.9407
114000000	169000000	2050.459
115000000	169000000	1538.4315
116000000	169000000	1729.6926
117000000	169000000	1511.6622
118000000	169000000	1630.6943
119000000	169000000	1961.993
120000000	169000000	1898.3673
121000000	169000000	1786.3558
122000000	169000000	2354.8184
123000000	169000000	2452.4263
124000000	169000000	2450.338
125000000	169000000	2032.0105
126000000	169000000	2279.0447
127000000	169000000	2351.428
128000000	169000000	3019.8167
129000000	169000000	3228.5269
130000000	169000000	2687.1968
131000000	169000000	2585.4307
132000000	169000000	2809.5403
133000000	169000000	2816.0188
134000000	169000000	2957.2551
135000000	169000000	2983.8037
136000000	169000000	3266.5635
137000000	169000000	3402.4329
138000000	169000000	3314.7925
139000000	169000000	3955.616
140000000	169000000	3804.0928
141000000	169000000	3439.615
142000000	169000000	3107.8435
143000000	169000000	3034.5608
144000000	169000000	3615.9033
145000000	169000000	3357.0615
146000000	169000000	3524.6711
147000000	169000000	3472.4988
148000000	169000000	4213.109
149000000	169000000	3775.0796
150000000	169000000	3966.9353
151000000	169000000	5093.579
152000000	169000000	4113.413
153000000	169000000	3991.5083
154000000	169000000	4425.0005
155000000	169000000	4614.074
156000000	169000000	4741.806
157000000	169000000	4340.669
158000000	169000000	4579.6533
159000000	169000000	5793.373
160000000	169000000	5866.8296
161000000	169000000	5502.8433
162000000	169000000	7065.8594
163000000	169000000	7756.781
164000000	169000000	9809.071
165000000	169000000	14262.684
166000000	169000000	25557.748
167000000	169000000	34933.94
168000000	169000000	62888.88
169000000	169000000	410655.66
0	170000000	419.23053
1000000	170000000	409.67825
2000000	170000000	532.1898
3000000	170000000	348.7374
4000000	170000000	340.27155
5000000	170000000	261.01334
6000000	170000000	420.21948
7000000	170000000	237.221
8000000	170000000	258.83868
9000000	170000000	265.34192
10000000	170000000	355.36923
11000000	170000000	243.2856
12000000	170000000	159.82169
13000000	170000000	233.45772
14000000	170000000	264.8012
15000000	170000000	332.0097
16000000	170000000	250.55206
17000000	170000000	333.94772
18000000	170000000	210.84177
19000000	170000000	172.79366
20000000	170000000	194.22083
21000000	170000000	171.75996
22000000	170000000	248.97054
23000000	170000000	234.47226
24000000	170000000	259.1566
25000000	170000000	419.94745
26000000	170000000	447.34848
27000000	170000000	218.43909
28000000	170000000	205.61766
29000000	170000000	222.5244
30000000	170000000	222.27025
31000000	170000000	236.11829
32000000	170000000	225.27245
33000000	170000000	222.94142
34000000	170000000	240.34212
35000000	170000000	293.59338
36000000	170000000	450.07736
37000000	170000000	445.8563
38000000	170000000	652.5632
39000000	170000000	739.8793
40000000	170000000	776.5165
41000000	170000000	501.96048
42000000	170000000	590.35046
43000000	170000000	296.655
44000000	170000000	281.76883
45000000	170000000	252.80064
46000000	170000000	317.36612
47000000	170000000	473.29926
48000000	170000000	654.52527
49000000	170000000	168.49452
52000000	170000000	336.569
53000000	170000000	486.55444
54000000	170000000	650.2705
55000000	170000000	415.43158
56000000	170000000	625.41315
57000000	170000000	722.1307
58000000	170000000	348.2687
59000000	170000000	399.2912
60000000	170000000	422.3699
61000000	170000000	355.9008
62000000	170000000	422.2206
63000000	170000000	418.2942
64000000	170000000	402.1178
65000000	170000000	364.26218
66000000	170000000	463.1154
67000000	170000000	420.7261
68000000	170000000	783.0139
69000000	170000000	670.23126
70000000	170000000	488.32956
71000000	170000000	829.40497
72000000	170000000	465.28284
73000000	170000000	592.75555
74000000	170000000	789.31915
75000000	170000000	729.7995
76000000	170000000	929.3288
77000000	170000000	879.29333
78000000	170000000	860.0937
79000000	170000000	909.09186
80000000	170000000	659.0931
81000000	170000000	755.3012
82000000	170000000	634.49817
83000000	170000000	1042.5106
84000000	170000000	1017.64825
85000000	170000000	680.3827
86000000	170000000	812.0668
87000000	170000000	1257.309
88000000	170000000	986.4499
89000000	170000000	1124.7494
90000000	170000000	856.9083
91000000	170000000	665.5418
92000000	170000000	691.1909
93000000	170000000	642.8052
94000000	170000000	774.3775
95000000	170000000	1104.3428
96000000	170000000	848.4046
97000000	170000000	611.68536
98000000	170000000	591.01056
99000000	170000000	1223.3512
100000000	170000000	1107.2428
101000000	170000000	996.7937
102000000	170000000	1054.3297
103000000	170000000	1656.979
104000000	170000000	1071.0608
105000000	170000000	1610.3115
106000000	170000000	1901.4412
107000000	170000000	1207.1782
108000000	170000000	1292.0474
109000000	170000000	1355.058
110000000	170000000	1675.9353
111000000	170000000	1440.2655
112000000	170000000	1254.5548
113000000	170000000	2340.8381
114000000	170000000	2518.4915
115000000	170000000	1392.5408
116000000	170000000	1790.9423
117000000	170000000	1275.2324
118000000	170000000	1317.1478
119000000	170000000	2096.7498
120000000	170000000	1855.3511
121000000	170000000	1566.4475
122000000	170000000	2398.135
123000000	170000000	2767.6394
124000000	170000000	2554.115
125000000	170000000	1572.8572
126000000	170000000	1840.0317
127000000	170000000	1717.0657
128000000	170000000	3320.426
129000000	170000000	3942.4722
130000000	170000000	2316.9822
131000000	170000000	1938.2186
132000000	170000000	2587.0798
133000000	170000000	2282.775
134000000	170000000	2242.941
135000000	170000000	2301.9978
136000000	170000000	2455.3586
137000000	170000000	2762.8242
138000000	170000000	2726.9756
139000000	170000000	4091.4492
140000000	170000000	4728.5054
141000000	170000000	3626.2727
142000000	170000000	3400.4917
143000000	170000000	2841.056
144000000	170000000	3805.9023
145000000	170000000	3431.3464
146000000	170000000	4921.016
147000000	170000000	4012.8433
148000000	170000000	4883.979
149000000	170000000	3201.4402
150000000	170000000	3320.6365
151000000	170000000	6716.15
152000000	170000000	4481.413
153000000	170000000	5545.2505
154000000	170000000	5186.3438
155000000	170000000	4168.1304
156000000	170000000	4485.924
157000000	170000000	3766.1128
158000000	170000000	3555.7842
159000000	170000000	6306.218
160000000	170000000	6037.5386
161000000	170000000	4292.367
162000000	170000000	5940.994
163000000	170000000	5734.536
164000000	170000000	8033.5923
165000000	170000000	10180.612
166000000	170000000	15083.378
167000000	170000000	21723.719
168000000	170000000	19988.418
169000000	170000000	135850.52
170000000	170000000	432164.4
0	171000000	359.20563
1000000	171000000	215.72136
2000000	171000000	200.49635
3000000	171000000	185.84303
4000000	171000000	231.31195
5000000	171000000	214.17319
6000000	171000000	212.2831
7000000	171000000	139.661
8000000	171000000	192.10762
9000000	171000000	164.88028
10000000	171000000	252.23677
11000000	171000000	259.97287
12000000	171000000	238.0963
13000000	171000000	265.8602
14000000	171000000	271.73703
15000000	171000000	249.51704
16000000	171000000	202.75108
17000000	171000000	240.33435
18000000	171000000	257.5249
19000000	171000000	260.36868
20000000	171000000	226.82422
21000000	171000000	242.04391
22000000	171000000	291.4373
23000000	171000000	266.743
24000000	171000000	235.39038
25000000	171000000	236.3033
26000000	171000000	278.91537
27000000	171000000	319.79495
28000000	171000000	271.53436
29000000	171000000	272.5905
30000000	171000000	299.3879
31000000	171000000	248.35258
32000000	171000000	279.1892
33000000	171000000	277.616
34000000	171000000	301.03223
35000000	171000000	383.8745
36000000	171000000	338.9397
37000000	171000000	320.12717
38000000	171000000	344.58908
39000000	171000000	280.0839
40000000	171000000	348.85455
41000000	171000000	386.39407
42000000	171000000	401.9286
43000000	171000000	360.26596
44000000	171000000	339.13593
45000000	171000000	366.49594
46000000	171000000	333.20465
47000000	171000000	344.9915
48000000	171000000	341.25134
49000000	171000000	191.31946
52000000	171000000	302.40384
53000000	171000000	381.3311
54000000	171000000	394.7168
55000000	171000000	369.47647
56000000	171000000	427.01562
57000000	171000000	439.95755
58000000	171000000	449.49463
59000000	171000000	488.43973
60000000	171000000	482.87897
61000000	171000000	451.69528
62000000	171000000	503.2247
63000000	171000000	496.35437
64000000	171000000	604.6362
65000000	171000000	458.2755
66000000	171000000	582.6752
67000000	171000000	526.60425
68000000	171000000	594.665
69000000	171000000	622.3935
70000000	171000000	554.29596
71000000	171000000	613.5967
72000000	171000000	585.4022
73000000	171000000	574.8336
74000000	171000000	649.8773
75000000	171000000	572.96765
76000000	171000000	537.8951
77000000	171000000	494.62955
78000000	171000000	525.40186
79000000	171000000	624.57184
80000000	171000000	684.6914
81000000	171000000	702.80945
82000000	171000000	572.97485
83000000	171000000	568.2573
84000000	171000000	686.6905
85000000	171000000	694.75885
86000000	171000000	741.0571
87000000	171000000	945.4564
88000000	171000000	701.44653
89000000	171000000	682.4239
90000000	171000000	799.5421
91000000	171000000	760.9474
92000000	171000000	842.48773
93000000	171000000	829.865
94000000	171000000	850.6863
95000000	171000000	818.7777
96000000	171000000	975.21466
97000000	171000000	906.1492
98000000	171000000	862.0681
99000000	171000000	968.2402
100000000	171000000	947.2764
101000000	171000000	1006.161
102000000	171000000	878.76404
103000000	171000000	1015.07654
104000000	171000000	1276.6847
105000000	171000000	1652.8036
106000000	171000000	1264.1089
107000000	171000000	1354.9435
108000000	171000000	1246.4856
109000000	171000000	1101.5667
110000000	171000000	1082.8784
111000000	171000000	1216.7751
112000000	171000000	1460.3727
113000000	171000000	1371.071
114000000	171000000	1731.7588
115000000	171000000	1632.5931
116000000	171000000	2229.4358
117000000	171000000	1759.5642
118000000	171000000	1639.8566
119000000	171000000	1538.3043
120000000	171000000	1669.4854
121000000	171000000	1726.9298
122000000	171000000	1855.9603
123000000	171000000	1781.1348
124000000	171000000	2049.9692
125000000	171000000	2190.6106
126000000	171000000	2281.1868
127000000	171000000	2402.4287
128000000	171000000	2512.2527
129000000	171000000	2462.0615
130000000	171000000	2547.0574
131000000	171000000	2640.753
132000000	171000000	2883.9907
133000000	171000000	2881.3335
134000000	171000000	2804.6145
135000000	171000000	2933.0234
136000000	171000000	3076.2126
137000000	171000000	3381.8784
138000000	171000000	3215.9937
139000000	171000000	3269.7812
140000000	171000000	2621.454
141000000	171000000	2802.383
142000000	171000000	3186.6836
143000000	171000000	2989.7656
144000000	171000000	3209.5994
145000000	171000000	3660.254
146000000	171000000	2957.8308
147000000	171000000	3292.0403
148000000	171000000	3500.0012
149000000	171000000	3847.3716
150000000	171000000	4469.6943
151000000	171000000	3802.5793
152000000	171000000	2933.843
153000000	171000000	2689.8984
154000000	171000000	3333.8513
155000000	171000000	4170.0146
156000000	171000000	4179.793
157000000	171000000	4391.3203
158000000	171000000	4754.742
159000000	171000000	4419.231
160000000	171000000	4765.845
161000000	171000000	5454.1343
162000000	171000000	6675.297
163000000	171000000	5992.8013
164000000	171000000	6495.257
165000000	171000000	7913.879
166000000	171000000	10161.229
167000000	171000000	17153.004
168000000	171000000	17937.047
169000000	171000000	25459.459
170000000	171000000	57081.83
171000000	171000000	444338.84
0	172000000	244.35457
1000000	172000000	166.37683
2000000	172000000	193.1181
3000000	172000000	168.61592
4000000	172000000	214.76468
5000000	172000000	176.82278
6000000	172000000	186.89937
7000000	172000000	156.8537
8000000	172000000	170.07076
9000000	172000000	184.62804
10000000	172000000	228.56902
11000000	172000000	263.20102
12000000	172000000	252.06653
13000000	172000000	264.10028
14000000	172000000	286.98618
15000000	172000000	251.74852
16000000	172000000	211.54317
17000000	172000000	261.65445
18000000	172000000	266.8483
19000000	172000000	243.39622
20000000	172000000	244.04129
21000000	172000000	235.04147
22000000	172000000	268.04858
23000000	172000000	267.20398
24000000	172000000	240.43228
25000000	172000000	236.87305
26000000	172000000	298.78113
27000000	172000000	258.21118
28000000	172000000	323.3409
29000000	172000000	297.6442
30000000	172000000	306.65002
31000000	172000000	270.17218
32000000	172000000	285.2651
33000000	172000000	317.63745
34000000	172000000	379.7906
35000000	172000000	433.45245
36000000	172000000	337.7417
37000000	172000000	317.4918
38000000	172000000	240.41113
39000000	172000000	260.84048
40000000	172000000	347.65448
41000000	172000000	375.83423
42000000	172000000	439.454
43000000	172000000	404.43555
44000000	172000000	346.67224
45000000	172000000	382.71497
46000000	172000000	396.8296
47000000	172000000	379.6339
48000000	172000000	275.24213
49000000	172000000	148.09325
52000000	172000000	300.2419
53000000	172000000	384.08633
54000000	172000000	320.5589
55000000	172000000	380.9901
56000000	172000000	430.0861
57000000	172000000	386.3649
58000000	172000000	464.67303
59000000	172000000	546.32416
60000000	172000000	632.65967
61000000	172000000	490.92264
62000000	172000000	565.9172
63000000	172000000	594.855
64000000	172000000	553.3789
65000000	172000000	579.1219
66000000	172000000	655.1224
67000000	172000000	685.52625
68000000	172000000	614.96814
69000000	172000000	569.6948
70000000	172000000	601.9057
71000000	172000000	576.05475
72000000	172000000	618.1779
73000000	172000000	625.5228
74000000	172000000	567.7061
75000000	172000000	558.5251
76000000	172000000	494.24557
77000000	172000000	496.09808
78000000	172000000	542.92596
79000000	172000000	546.862
80000000	172000000	751.3579
81000000	172000000	611.81445
82000000	172000000	624.3312
83000000	172000000	494.9385
84000000	172000000	634.8067
85000000	172000000	821.22375
86000000	172000000	827.18024
87000000	172000000	728.0152
88000000	172000000	723.3076
89000000	172000000	691.08875
90000000	172000000	792.7565
91000000	172000000	873.45215
92000000	172000000	892.3443
93000000	172000000	982.02185
94000000	172000000	944.78204
95000000	172000000	836.3772
96000000	172000000	887.9343
97000000	172000000	948.68365
98000000	172000000	931.93414
99000000	172000000	878.421
100000000	172000000	812.70605
101000000	172000000	965.0831
102000000	172000000	1022.5792
103000000	172000000	936.2644
104000000	172000000	1297.7644
105000000	172000000	1122.0798
106000000	172000000	1067.9769
107000000	172000000	1416.815
108000000	172000000	1318.9342
109000000	172000000	1131.6476
110000000	172000000	1134.428
111000000	172000000	1334.0393
112000000	172000000	1540.0912
113000000	172000000	1258.605
114000000	172000000	1533.3466
115000000	172000000	1911.5105
116000000	172000000	1844.0735
117000000	172000000	1860.1517
118000000	172000000	1952.5764
119000000	172000000	1561.0304
120000000	172000000	1891.0059
121000000	172000000	1959.1395
122000000	172000000	1712.322
123000000	172000000	1733.0167
124000000	172000000	1937.8542
125000000	172000000	2332.8796
126000000	172000000	2343.142
127000000	172000000	2305.768
128000000	172000000	2295.1287
129000000	172000000	2119.6487
130000000	172000000	2827.6165
131000000	172000000	2898.8313
132000000	172000000	2621.0032
133000000	172000000	2787.1045
134000000	172000000	3172.071
135000000	172000000	3283.7917
136000000	172000000	3413.9285
137000000	172000000	3429.5933
138000000	172000000	3584.0217
139000000	172000000	2929.568
140000000	172000000	2217.9497
141000000	172000000	2699.604
142000000	172000000	3047.3318
143000000	172000000	2996.3242
144000000	172000000	2965.123
145000000	172000000	3369.5916
146000000	172000000	2732.011
147000000	172000000	3050.0881
148000000	172000000	3456.6433
149000000	172000000	4144.6753
150000000	172000000	4558.822
151000000	172000000	3600.2585
152000000	172000000	2620.9578
153000000	172000000	2266.204
154000000	172000000	3009.6248
155000000	172000000	4123.604
156000000	172000000	4008.3054
157000000	172000000	4369.596
158000000	172000000	4994.3975
159000000	172000000	4313.46
160000000	172000000	4462.3228
161000000	172000000	5407.718
162000000	172000000	5836.0522
163000000	172000000	6134.374
164000000	172000000	6223.3477
165000000	172000000	7073.8516
166000000	172000000	8658.271
167000000	172000000	9584.726
168000000	172000000	13963.832
169000000	172000000	15565.987
170000000	172000000	23779.002
171000000	172000000	113019.95
172000000	172000000	454074.03
0	173000000	216.74594
1000000	173000000	174.9357
2000000	173000000	172.77284
3000000	173000000	153.52371
4000000	173000000	207.74387
5000000	173000000	196.49019
6000000	173000000	171.61453
7000000	173000000	160.64989
8000000	173000000	164.79042
9000000	173000000	168.5998
10000000	173000000	193.18169
11000000	173000000	248.97955
12000000	173000000	231.2423
13000000	173000000	245.5177
14000000	173000000	212.166
15000000	173000000	222.17609
16000000	173000000	235.30867
17000000	173000000	268.34305
18000000	173000000	304.0294
19000000	173000000	292.10583
20000000	173000000	233.5546
21000000	173000000	244.95255
22000000	173000000	221.3159
23000000	173000000	263.03485
24000000	173000000	283.25015
25000000	173000000	252.2132
26000000	173000000	210.88731
27000000	173000000	268.46323
28000000	173000000	267.87305
29000000	173000000	293.93332
30000000	173000000	252.0866
31000000	173000000	304.40942
32000000	173000000	289.14163
33000000	173000000	340.6544
34000000	173000000	397.85767
35000000	173000000	349.05356
36000000	173000000	273.8932
37000000	173000000	291.0429
38000000	173000000	201.5042
39000000	173000000	239.67348
40000000	173000000	281.87952
41000000	173000000	355.71304
42000000	173000000	389.17548
43000000	173000000	425.93777
44000000	173000000	383.2115
45000000	173000000	419.50903
46000000	173000000	420.7212
47000000	173000000	294.65604
48000000	173000000	266.07404
49000000	173000000	182.11877
52000000	173000000	345.59436
53000000	173000000	401.72656
54000000	173000000	292.9027
55000000	173000000	421.10764
56000000	173000000	384.4852
57000000	173000000	383.89972
58000000	173000000	497.70157
59000000	173000000	522.54706
60000000	173000000	539.4495
61000000	173000000	562.6345
62000000	173000000	593.8577
63000000	173000000	557.7896
64000000	173000000	586.37665
65000000	173000000	645.5826
66000000	173000000	757.04144
67000000	173000000	671.6208
68000000	173000000	601.35223
69000000	173000000	554.7667
70000000	173000000	604.74
71000000	173000000	516.7094
72000000	173000000	652.4125
73000000	173000000	694.15607
74000000	173000000	568.7441
75000000	173000000	517.2887
76000000	173000000	416.91434
77000000	173000000	468.93365
78000000	173000000	491.91888
79000000	173000000	524.48285
80000000	173000000	727.7565
81000000	173000000	608.25806
82000000	173000000	721.8465
83000000	173000000	546.1746
84000000	173000000	644.8651
85000000	173000000	897.32996
86000000	173000000	820.9485
87000000	173000000	696.085
88000000	173000000	699.77594
89000000	173000000	605.8043
90000000	173000000	847.87225
91000000	173000000	880.4243
92000000	173000000	885.82104
93000000	173000000	1007.24146
94000000	173000000	931.52454
95000000	173000000	918.0033
96000000	173000000	881.95465
97000000	173000000	1057.3875
98000000	173000000	1018.9598
99000000	173000000	810.18365
100000000	173000000	895.78424
101000000	173000000	1028.4567
102000000	173000000	981.21716
103000000	173000000	796.6074
104000000	173000000	1280.8707
105000000	173000000	705.0849
106000000	173000000	755.1478
107000000	173000000	1451.4304
108000000	173000000	1362.4133
109000000	173000000	1320.5903
110000000	173000000	1101.079
111000000	173000000	1429.1516
112000000	173000000	1772.5834
113000000	173000000	1164.4281
114000000	173000000	1273.1741
115000000	173000000	1757.4905
116000000	173000000	1552.2789
117000000	173000000	1870.7972
118000000	173000000	2021.5192
119000000	173000000	1587.5573
120000000	173000000	1908.342
121000000	173000000	2324.7173
122000000	173000000	1875.3083
123000000	173000000	1702.1322
124000000	173000000	2014.3749
125000000	173000000	2660.9688
126000000	173000000	2619.0837
127000000	173000000	2799.137
128000000	173000000	2421.3298
129000000	173000000	1988.3706
130000000	173000000	2964.8289
131000000	173000000	3104.8362
132000000	173000000	2393.7144
133000000	173000000	2986.227
134000000	173000000	3507.314
135000000	173000000	3600.0745
136000000	173000000	3765.718
137000000	173000000	3828.388
138000000	173000000	3942.3245
139000000	173000000	3006.1104
140000000	173000000	2346.9534
141000000	173000000	2902.6362
142000000	173000000	2907.6003
143000000	173000000	3386.785
144000000	173000000	3235.0667
145000000	173000000	3415.2917
146000000	173000000	2281.5684
147000000	173000000	3103.0996
148000000	173000000	3524.383
149000000	173000000	5061.2363
150000000	173000000	5754.974
151000000	173000000	3322.4705
152000000	173000000	2901.5454
153000000	173000000	1990.4701
154000000	173000000	3216.1357
155000000	173000000	4970.483
156000000	173000000	4343.3286
157000000	173000000	4984.0005
158000000	173000000	6019.6973
159000000	173000000	4534.862
160000000	173000000	5003.159
161000000	173000000	6348.5366
162000000	173000000	5516.6074
163000000	173000000	6623.486
164000000	173000000	6404.242
165000000	173000000	7954.334
166000000	173000000	9394.665
167000000	173000000	7068.917
168000000	173000000	12668.636
169000000	173000000	13001.891
170000000	173000000	17529.248
171000000	173000000	48044.96
172000000	173000000	94890.625
173000000	173000000	395001.75
0	174000000	305.117
1000000	174000000	244.04001
2000000	174000000	279.904
3000000	174000000	225.66084
4000000	174000000	268.3543
5000000	174000000	201.005
6000000	174000000	270.80722
7000000	174000000	192.58878
8000000	174000000	212.51926
9000000	174000000	205.50066
10000000	174000000	263.62747
11000000	174000000	270.95792
12000000	174000000	214.31258
13000000	174000000	260.03732
14000000	174000000	217.89285
15000000	174000000	270.32736
16000000	174000000	264.61624
17000000	174000000	283.01498
18000000	174000000	272.45035
19000000	174000000	221.3464
20000000	174000000	247.5866
21000000	174000000	217.52556
22000000	174000000	233.09802
23000000	174000000	257.8864
24000000	174000000	277.42834
25000000	174000000	320.19257
26000000	174000000	324.00443
27000000	174000000	273.31235
28000000	174000000	250.44803
29000000	174000000	261.9394
30000000	174000000	261.2245
31000000	174000000	268.54266
32000000	174000000	300.64697
33000000	174000000	309.62973
34000000	174000000	321.2823
35000000	174000000	331.23248
36000000	174000000	334.1751
37000000	174000000	367.64502
38000000	174000000	338.8894
39000000	174000000	340.16214
40000000	174000000	480.2716
41000000	174000000	422.66437
42000000	174000000	463.73547
43000000	174000000	373.07697
44000000	174000000	369.0795
45000000	174000000	360.5046
46000000	174000000	336.6461
47000000	174000000	401.45773
48000000	174000000	416.9684
49000000	174000000	218.01459
52000000	174000000	349.09912
53000000	174000000	393.46964
54000000	174000000	407.6909
55000000	174000000	413.37506
56000000	174000000	515.9896
57000000	174000000	558.598
58000000	174000000	485.46594
59000000	174000000	472.4371
60000000	174000000	497.55533
61000000	174000000	528.32776
62000000	174000000	514.7053
63000000	174000000	496.99512
64000000	174000000	556.6937
65000000	174000000	566.78955
66000000	174000000	604.1701
67000000	174000000	647.3328
68000000	174000000	687.5519
69000000	174000000	650.0158
70000000	174000000	616.44653
71000000	174000000	670.9732
72000000	174000000	583.6988
73000000	174000000	688.3935
74000000	174000000	706.49725
75000000	174000000	590.8067
76000000	174000000	586.21466
77000000	174000000	613.1555
78000000	174000000	626.64856
79000000	174000000	686.5282
80000000	174000000	722.3831
81000000	174000000	605.2126
82000000	174000000	692.91003
83000000	174000000	799.5439
84000000	174000000	842.943
85000000	174000000	852.5997
86000000	174000000	846.6409
87000000	174000000	902.0289
88000000	174000000	844.8103
89000000	174000000	853.6264
90000000	174000000	837.0764
91000000	174000000	716.5713
92000000	174000000	718.8679
93000000	174000000	910.91284
94000000	174000000	948.3104
95000000	174000000	1045.6901
96000000	174000000	937.282
97000000	174000000	834.2771
98000000	174000000	843.17426
99000000	174000000	935.89795
100000000	174000000	1024.2909
101000000	174000000	952.348
102000000	174000000	961.2864
103000000	174000000	1147.5402
104000000	174000000	1258.3896
105000000	174000000	934.54645
106000000	174000000	1108.5118
107000000	174000000	1456.6431
108000000	174000000	1514.8866
109000000	174000000	1439.4734
110000000	174000000	1371.6514
111000000	174000000	1503.3558
112000000	174000000	1582.7352
113000000	174000000	1695.8799
114000000	174000000	1720.9094
115000000	174000000	1654.3234
116000000	174000000	1568.0625
117000000	174000000	1618.6212
118000000	174000000	1807.9927
119000000	174000000	1987.1108
120000000	174000000	2023.9347
121000000	174000000	2018.878
122000000	174000000	2156.2456
123000000	174000000	2132.5454
124000000	174000000	2095.7568
125000000	174000000	2213.869
126000000	174000000	2286.8142
127000000	174000000	2395.2449
128000000	174000000	2697.258
129000000	174000000	2591.1716
130000000	174000000	2693.6785
131000000	174000000	2515.4275
132000000	174000000	2517.0369
133000000	174000000	2682.2688
134000000	174000000	3006.9685
135000000	174000000	3083.2104
136000000	174000000	3190.3867
137000000	174000000	3464.0518
138000000	174000000	3459.6113
139000000	174000000	3628.4148
140000000	174000000	3291.9868
141000000	174000000	3292.5713
142000000	174000000	3210.662
143000000	174000000	3046.4744
144000000	174000000	3413.0073
145000000	174000000	3505.7766
146000000	174000000	3635.5457
147000000	174000000	3744.8486
148000000	174000000	4390.504
149000000	174000000	4488.2554
150000000	174000000	4886.458
151000000	174000000	4668.2485
152000000	174000000	3572.9746
153000000	174000000	3309.0715
154000000	174000000	4406.106
155000000	174000000	5080.0664
156000000	174000000	4570.3325
157000000	174000000	4549.287
158000000	174000000	5063.9316
159000000	174000000	5382.6494
160000000	174000000	5340.9814
161000000	174000000	5299.446
162000000	174000000	5295.3525
163000000	174000000	5679.3403
164000000	174000000	6370.6973
165000000	174000000	7249.4077
166000000	174000000	8294.439
167000000	174000000	6565.3555
168000000	174000000	8236.414
169000000	174000000	11022.988
170000000	174000000	15517.452
171000000	174000000	19597.77
172000000	174000000	24853.953
173000000	174000000	111796.98
174000000	174000000	417049.56
0	175000000	267.46387
1000000	175000000	201.58958
2000000	175000000	222.64023
3000000	175000000	189.60341
4000000	175000000	214.0858
5000000	175000000	202.26459
6000000	175000000	209.55594
7000000	175000000	159.1454
8000000	175000000	179.69806
9000000	175000000	201.65387
10000000	175000000	245.00374
11000000	175000000	226.80206
12000000	175000000	223.04634
13000000	175000000	264.38876
14000000	175000000	275.65186
15000000	175000000	254.41461
16000000	175000000	224.92215
17000000	175000000	294.8562
18000000	175000000	284.9595
19000000	175000000	243.94617
20000000	175000000	244.3926
21000000	175000000	266.55978
22000000	175000000	255.07361
23000000	175000000	263.6792
24000000	175000000	246.63235
25000000	175000000	282.8215
26000000	175000000	278.84845
27000000	175000000	252.58047
28000000	175000000	276.84485
29000000	175000000	275.92984
30000000	175000000	235.08244
31000000	175000000	265.42108
32000000	175000000	288.83932
33000000	175000000	303.24216
34000000	175000000	332.10562
35000000	175000000	354.04227
36000000	175000000	329.97272
37000000	175000000	335.2184
38000000	175000000	291.16592
39000000	175000000	309.4491
40000000	175000000	399.8703
41000000	175000000	377.1979
42000000	175000000	437.799
43000000	175000000	378.34943
44000000	175000000	381.5589
45000000	175000000	348.71756
46000000	175000000	382.65997
47000000	175000000	383.59915
48000000	175000000	347.23093
49000000	175000000	150.64621
52000000	175000000	356.18497
53000000	175000000	428.74896
54000000	175000000	372.66855
55000000	175000000	380.51566
56000000	175000000	460.5992
57000000	175000000	439.09073
58000000	175000000	482.28397
59000000	175000000	439.10495
60000000	175000000	467.334
61000000	175000000	533.2033
62000000	175000000	537.81696
63000000	175000000	512.2621
64000000	175000000	567.83795
65000000	175000000	591.6037
66000000	175000000	593.74414
67000000	175000000	655.776
68000000	175000000	688.98895
69000000	175000000	569.03357
70000000	175000000	673.8984
71000000	175000000	630.5841
72000000	175000000	645.12854
73000000	175000000	705.3168
74000000	175000000	659.85126
75000000	175000000	573.55695
76000000	175000000	536.28357
77000000	175000000	541.20984
78000000	175000000	555.85693
79000000	175000000	613.62024
80000000	175000000	718.01447
81000000	175000000	626.08203
82000000	175000000	624.00507
83000000	175000000	637.4438
84000000	175000000	720.8581
85000000	175000000	831.4965
86000000	175000000	812.2068
87000000	175000000	853.2576
88000000	175000000	793.0609
89000000	175000000	716.94293
90000000	175000000	819.0784
91000000	175000000	794.6765
92000000	175000000	805.5589
93000000	175000000	884.1289
94000000	175000000	933.2603
95000000	175000000	972.33765
96000000	175000000	944.0471
97000000	175000000	824.12103
98000000	175000000	924.7189
99000000	175000000	920.8902
100000000	175000000	1025.3622
101000000	175000000	1033.5002
102000000	175000000	1019.54456
103000000	175000000	1068.9349
104000000	175000000	1307.6875
105000000	175000000	1020.4072
106000000	175000000	1036.9814
107000000	175000000	1419.5063
108000000	175000000	1337.6692
109000000	175000000	1337.2228
110000000	175000000	1224.1813
111000000	175000000	1437.3231
112000000	175000000	1662.8918
113000000	175000000	1498.31
114000000	175000000	1683.5719
115000000	175000000	1691.5444
116000000	175000000	1708.6951
117000000	175000000	1665.4948
118000000	175000000	1872.432
119000000	175000000	1816.9596
120000000	175000000	1971.7941
121000000	175000000	2012.162
122000000	175000000	2037.7721
123000000	175000000	1962.9655
124000000	175000000	2128.484
125000000	175000000	2292.7415
126000000	175000000	2337.618
127000000	175000000	2408.6711
128000000	175000000	2665.1548
129000000	175000000	2376.5288
130000000	175000000	2755.576
131000000	175000000	2723.6768
132000000	175000000	2397.8071
133000000	175000000	2677.4746
134000000	175000000	3021.6
135000000	175000000	3004.8542
136000000	175000000	3296.2449
137000000	175000000	3335.1245
138000000	175000000	3519.0679
139000000	175000000	3368.7756
140000000	175000000	2811.3242
141000000	175000000	2935.0527
142000000	175000000	2999.9448
143000000	175000000	3073.1233
144000000	175000000	3643.896
145000000	175000000	3563.066
146000000	175000000	3236.6702
147000000	175000000	3601.4963
148000000	175000000	4086.1536
149000000	175000000	4714.3223
150000000	175000000	5147.1084
151000000	175000000	4351.321
152000000	175000000	3286.745
153000000	175000000	2824.432
154000000	175000000	3929.3079
155000000	175000000	4822.0967
156000000	175000000	4618.8853
157000000	175000000	4714.081
158000000	175000000	5267.36
159000000	175000000	5115.428
160000000	175000000	5077.9663
161000000	175000000	5527.337
162000000	175000000	5638.9756
163000000	175000000	6002.5435
164000000	175000000	6088.65
165000000	175000000	6644.521
166000000	175000000	7263.3013
167000000	175000000	6459.4307
168000000	175000000	8017.8574
169000000	175000000	8745.491
170000000	175000000	9891.906
171000000	175000000	13219.738
172000000	175000000	15134.535
173000000	175000000	29130.295
174000000	175000000	83401.11
175000000	175000000	418794.3
0	176000000	219.12376
1000000	176000000	167.61166
2000000	176000000	166.75836
3000000	176000000	149.54608
4000000	176000000	203.54298
5000000	176000000	179.77965
6000000	176000000	175.24503
7000000	176000000	138.70113
8000000	176000000	157.50735
9000000	176000000	200.89828
10000000	176000000	202.26385
11000000	176000000	218.5339
12000000	176000000	226.17865
13000000	176000000	284.85907
14000000	176000000	227.9151
15000000	176000000	211.18602
16000000	176000000	206.53471
17000000	176000000	242.37946
18000000	176000000	297.39102
19000000	176000000	280.55777
20000000	176000000	287.10263
21000000	176000000	263.2113
22000000	176000000	271.0641
23000000	176000000	305.0541
24000000	176000000	233.94284
25000000	176000000	244.99683
26000000	176000000	231.90485
27000000	176000000	276.4048
28000000	176000000	280.7787
29000000	176000000	312.71594
30000000	176000000	282.58612
31000000	176000000	290.90213
32000000	176000000	293.039
33000000	176000000	349.37534
34000000	176000000	380.3396
35000000	176000000	404.7678
36000000	176000000	263.69214
37000000	176000000	303.9419
38000000	176000000	207.49278
39000000	176000000	236.70662
40000000	176000000	303.32904
41000000	176000000	340.79218
42000000	176000000	365.3892
43000000	176000000	421.57202
44000000	176000000	393.6844
45000000	176000000	420.31705
46000000	176000000	410.0896
47000000	176000000	332.8232
48000000	176000000	240.38293
49000000	176000000	133.20747
52000000	176000000	337.0383
53000000	176000000	331.23288
54000000	176000000	311.61948
55000000	176000000	410.93265
56000000	176000000	344.2041
57000000	176000000	370.61356
58000000	176000000	514.7967
59000000	176000000	536.0834
60000000	176000000	545.509
61000000	176000000	562.9572
62000000	176000000	569.4752
63000000	176000000	525.33405
64000000	176000000	623.8467
65000000	176000000	630.44305
66000000	176000000	733.82446
67000000	176000000	726.08606
68000000	176000000	527.45996
69000000	176000000	551.21576
70000000	176000000	618.4688
71000000	176000000	495.89368
72000000	176000000	625.77094
73000000	176000000	617.4656
74000000	176000000	511.1761
75000000	176000000	553.7764
76000000	176000000	432.4414
77000000	176000000	475.62943
78000000	176000000	495.1652
79000000	176000000	522.02936
80000000	176000000	695.3552
81000000	176000000	552.452
82000000	176000000	657.4813
83000000	176000000	510.46878
84000000	176000000	639.4275
85000000	176000000	854.6682
86000000	176000000	740.7962
87000000	176000000	668.0203
88000000	176000000	658.13116
89000000	176000000	598.41034
90000000	176000000	761.41547
91000000	176000000	846.4654
92000000	176000000	851.45264
93000000	176000000	931.7704
94000000	176000000	879.9943
95000000	176000000	813.1701
96000000	176000000	843.76306
97000000	176000000	1074.3325
98000000	176000000	952.6267
99000000	176000000	768.0495
100000000	176000000	847.24915
101000000	176000000	952.6976
102000000	176000000	984.8937
103000000	176000000	800.04285
104000000	176000000	1235.8457
105000000	176000000	790.06396
106000000	176000000	812.0001
107000000	176000000	1392.7395
108000000	176000000	1315.9259
109000000	176000000	1203.8264
110000000	176000000	999.5752
111000000	176000000	1381.2848
112000000	176000000	1732.191
113000000	176000000	1210.1594
114000000	176000000	1261.5825
115000000	176000000	1770.952
116000000	176000000	1588.2568
117000000	176000000	1740.0027
118000000	176000000	1955.5505
119000000	176000000	1535.5731
120000000	176000000	1789.1134
121000000	176000000	2132.854
122000000	176000000	1667.2693
123000000	176000000	1560.16
124000000	176000000	1785.022
125000000	176000000	2575.7847
126000000	176000000	2499.211
127000000	176000000	2656.4028
128000000	176000000	2183.323
129000000	176000000	1812.1282
130000000	176000000	2858.9844
131000000	176000000	2889.818
132000000	176000000	2373.649
133000000	176000000	2844.3132
134000000	176000000	3361.563
135000000	176000000	3266.8257
136000000	176000000	3674.455
137000000	176000000	3607.3857
138000000	176000000	3694.224
139000000	176000000	2919.0034
140000000	176000000	2218.5525
141000000	176000000	2774.6082
142000000	176000000	2698.7864
143000000	176000000	3199.1062
144000000	176000000	3125.8833
145000000	176000000	3410.1743
146000000	176000000	2386.062
147000000	176000000	3038.8367
148000000	176000000	3461.09
149000000	176000000	4834.5586
150000000	176000000	5483.852
151000000	176000000	3392.2642
152000000	176000000	2811.2676
153000000	176000000	2101.62
154000000	176000000	3141.1414
155000000	176000000	4768.6655
156000000	176000000	4295.118
157000000	176000000	4910.571
158000000	176000000	5932.372
159000000	176000000	4532.3047
160000000	176000000	4817.5103
161000000	176000000	5974.481
162000000	176000000	5489.6543
163000000	176000000	6044.379
164000000	176000000	5526.5273
165000000	176000000	6259.806
166000000	176000000	6387.726
167000000	176000000	5141.2544
168000000	176000000	7487.2676
169000000	176000000	6691.9575
170000000	176000000	6504.5967
171000000	176000000	9760.165
172000000	176000000	11305.946
173000000	176000000	17816.871
174000000	176000000	26335.99
175000000	176000000	113210.4
176000000	176000000	408581.94
0	177000000	270.56897
1000000	177000000	205.74985
2000000	177000000	197.37384
3000000	177000000	181.03296
4000000	177000000	233.01112
5000000	177000000	199.50978
6000000	177000000	219.1612
7000000	177000000	162.59315
8000000	177000000	190.13962
9000000	177000000	230.44911
10000000	177000000	220.78899
11000000	177000000	247.13385
12000000	177000000	208.77223
13000000	177000000	238.7589
14000000	177000000	258.4233
15000000	177000000	255.14047
16000000	177000000	253.66615
17000000	177000000	276.93292
18000000	177000000	273.9955
19000000	177000000	225.77328
20000000	177000000	239.83752
21000000	177000000	231.97633
22000000	177000000	248.74866
23000000	177000000	253.33453
24000000	177000000	250.1608
25000000	177000000	276.71066
26000000	177000000	239.63113
27000000	177000000	244.13783
28000000	177000000	244.78035
29000000	177000000	250.42325
30000000	177000000	247.3165
31000000	177000000	260.37833
32000000	177000000	288.98273
33000000	177000000	279.37225
34000000	177000000	308.21426
35000000	177000000	349.04056
36000000	177000000	316.3677
37000000	177000000	321.6294
38000000	177000000	306.55362
39000000	177000000	272.84912
40000000	177000000	368.25183
41000000	177000000	417.27713
42000000	177000000	406.22223
43000000	177000000	407.02838
44000000	177000000	364.78174
45000000	177000000	351.2519
46000000	177000000	353.7729
47000000	177000000	359.5964
48000000	177000000	329.61246
49000000	177000000	177.8053
52000000	177000000	352.5491
53000000	177000000	351.20773
54000000	177000000	351.40564
55000000	177000000	401.9361
56000000	177000000	421.15656
57000000	177000000	436.4073
58000000	177000000	430.79834
59000000	177000000	410.65927
60000000	177000000	505.8144
61000000	177000000	447.29413
62000000	177000000	470.5937
63000000	177000000	496.11472
64000000	177000000	491.30417
65000000	177000000	537.40686
66000000	177000000	524.22125
67000000	177000000	578.8824
68000000	177000000	585.0882
69000000	177000000	533.276
70000000	177000000	589.0718
71000000	177000000	602.32526
72000000	177000000	547.8517
73000000	177000000	656.3962
74000000	177000000	653.2052
75000000	177000000	520.7863
76000000	177000000	518.3034
77000000	177000000	525.3052
78000000	177000000	552.696
79000000	177000000	581.6437
80000000	177000000	708.2568
81000000	177000000	653.1344
82000000	177000000	655.5577
83000000	177000000	636.5589
84000000	177000000	668.8295
85000000	177000000	778.972
86000000	177000000	792.0625
87000000	177000000	780.38226
88000000	177000000	765.186
89000000	177000000	734.25146
90000000	177000000	752.1701
91000000	177000000	743.9068
92000000	177000000	718.7437
93000000	177000000	848.70953
94000000	177000000	864.04376
95000000	177000000	897.2475
96000000	177000000	822.6252
97000000	177000000	865.8779
98000000	177000000	896.2511
99000000	177000000	874.448
100000000	177000000	885.03577
101000000	177000000	934.99396
102000000	177000000	965.4115
103000000	177000000	969.22534
104000000	177000000	1189.0847
105000000	177000000	912.0619
106000000	177000000	969.5742
107000000	177000000	1316.8116
108000000	177000000	1302.2465
109000000	177000000	1276.1271
110000000	177000000	1192.833
111000000	177000000	1338.749
112000000	177000000	1577.9341
113000000	177000000	1463.1663
114000000	177000000	1440.2671
115000000	177000000	1605.7208
116000000	177000000	1523.973
117000000	177000000	1505.8739
118000000	177000000	1670.5807
119000000	177000000	1717.5188
120000000	177000000	1878.9515
121000000	177000000	1941.3628
122000000	177000000	1856.4987
123000000	177000000	1804.3992
124000000	177000000	1880.347
125000000	177000000	2143.9343
126000000	177000000	2192.4617
127000000	177000000	2315.503
128000000	177000000	2241.811
129000000	177000000	2068.1108
130000000	177000000	2480.9336
131000000	177000000	2495.6218
132000000	177000000	2101.1592
133000000	177000000	2516.4084
134000000	177000000	2861.5864
135000000	177000000	2850.5806
136000000	177000000	3093.1018
137000000	177000000	3057.908
138000000	177000000	3293.371
139000000	177000000	3142.1025
140000000	177000000	2732.6086
141000000	177000000	2892.9268
142000000	177000000	2976.092
143000000	177000000	2992.2158
144000000	177000000	3278.014
145000000	177000000	3509.1292
146000000	177000000	3086.3257
147000000	177000000	3466.591
148000000	177000000	3922.7588
149000000	177000000	4395.997
150000000	177000000	5051.0786
151000000	177000000	4043.2097
152000000	177000000	3399.212
153000000	177000000	2713.786
154000000	177000000	3757.5896
155000000	177000000	4934.733
156000000	177000000	4286.757
157000000	177000000	4630.323
158000000	177000000	5379.148
159000000	177000000	4942.7676
160000000	177000000	5009.705
161000000	177000000	5021.0786
162000000	177000000	5145.2407
163000000	177000000	5457.446
164000000	177000000	5331.4175
165000000	177000000	5833.961
166000000	177000000	6191.834
167000000	177000000	4746.0356
168000000	177000000	6367.2124
169000000	177000000	6828.9736
170000000	177000000	7123.3945
171000000	177000000	8077.99
172000000	177000000	8624.591
173000000	177000000	12162.502
174000000	177000000	16787.936
175000000	177000000	32480.512
176000000	177000000	112359.56
177000000	177000000	432580.75
0	178000000	272.46835
1000000	178000000	194.65228
2000000	178000000	196.78488
3000000	178000000	156.03082
4000000	178000000	224.37776
5000000	178000000	183.91882
6000000	178000000	177.12453
7000000	178000000	148.85294
8000000	178000000	185.70424
9000000	178000000	206.96767
10000000	178000000	210.16695
11000000	178000000	235.59694
12000000	178000000	235.28285
13000000	178000000	255.11325
14000000	178000000	258.13025
15000000	178000000	244.97821
16000000	178000000	223.66383
17000000	178000000	255.16322
18000000	178000000	321.2671
19000000	178000000	266.99802
20000000	178000000	264.91656
21000000	178000000	260.60306
22000000	178000000	221.98267
23000000	178000000	309.0756
24000000	178000000	242.09984
25000000	178000000	241.61221
26000000	178000000	235.67368
27000000	178000000	267.9864
28000000	178000000	269.97726
29000000	178000000	300.68588
30000000	178000000	222.65547
31000000	178000000	265.93234
32000000	178000000	280.36407
33000000	178000000	302.4809
34000000	178000000	342.114
35000000	178000000	332.3615
36000000	178000000	269.33313
37000000	178000000	292.2494
38000000	178000000	210.27261
39000000	178000000	244.25432
40000000	178000000	280.91907
41000000	178000000	324.89722
42000000	178000000	357.75406
43000000	178000000	393.47098
44000000	178000000	374.86438
45000000	178000000	384.7041
46000000	178000000	340.8263
47000000	178000000	366.01633
48000000	178000000	288.25006
49000000	178000000	128.08304
52000000	178000000	315.00763
53000000	178000000	359.58606
54000000	178000000	293.0566
55000000	178000000	365.249
56000000	178000000	388.52145
57000000	178000000	410.9005
58000000	178000000	459.63605
59000000	178000000	466.9984
60000000	178000000	491.74075
61000000	178000000	489.226
62000000	178000000	524.41187
63000000	178000000	518.48773
64000000	178000000	541.18274
65000000	178000000	536.673
66000000	178000000	590.8638
67000000	178000000	594.05536
68000000	178000000	583.40295
69000000	178000000	515.0104
70000000	178000000	510.1254
71000000	178000000	537.5388
72000000	178000000	525.6211
73000000	178000000	641.9143
74000000	178000000	527.42554
75000000	178000000	510.4699
76000000	178000000	469.23853
77000000	178000000	446.59244
78000000	178000000	494.18533
79000000	178000000	506.6207
80000000	178000000	663.8633
81000000	178000000	593.3155
82000000	178000000	615.358
83000000	178000000	577.07074
84000000	178000000	603.6163
85000000	178000000	802.7821
86000000	178000000	789.24384
87000000	178000000	737.2654
88000000	178000000	703.44385
89000000	178000000	625.263
90000000	178000000	746.91455
91000000	178000000	788.38806
92000000	178000000	744.89185
93000000	178000000	810.72614
94000000	178000000	851.94476
95000000	178000000	764.30566
96000000	178000000	861.9384
97000000	178000000	916.7229
98000000	178000000	956.7502
99000000	178000000	810.7375
100000000	178000000	924.3402
101000000	178000000	854.6121
102000000	178000000	908.05676
103000000	178000000	922.3579
104000000	178000000	1182.6554
105000000	178000000	790.98676
106000000	178000000	854.24634
107000000	178000000	1370.1937
108000000	178000000	1399.9761
109000000	178000000	1243.3673
110000000	178000000	1100.7316
111000000	178000000	1270.9348
112000000	178000000	1493.382
113000000	178000000	1253.6787
114000000	178000000	1247.4957
115000000	178000000	1676.801
116000000	178000000	1527.1572
117000000	178000000	1604.2913
118000000	178000000	1716.3016
119000000	178000000	1609.3976
120000000	178000000	2039.7351
121000000	178000000	1921.0665
122000000	178000000	1763.1556
123000000	178000000	1652.6282
124000000	178000000	1779.0461
125000000	178000000	2221.2231
126000000	178000000	2224.9666
127000000	178000000	2445.2324
128000000	178000000	2196.4043
129000000	178000000	2034.9725
130000000	178000000	2619.1995
131000000	178000000	2531.6865
132000000	178000000	2107.8894
133000000	178000000	2816.281
134000000	178000000	3022.9631
135000000	178000000	2978.2354
136000000	178000000	3070.7195
137000000	178000000	3234.572
138000000	178000000	3290.0884
139000000	178000000	2909.4424
140000000	178000000	2392.7593
141000000	178000000	2878.0005
142000000	178000000	2995.1133
143000000	178000000	3263.6147
144000000	178000000	3383.8474
145000000	178000000	3638.1023
146000000	178000000	2780.7432
147000000	178000000	3351.9688
148000000	178000000	3605.349
149000000	178000000	4664.2305
150000000	178000000	5117.4814
151000000	178000000	3656.458
152000000	178000000	3135.1416
153000000	178000000	2368.7078
154000000	178000000	3520.5713
155000000	178000000	4934.0923
156000000	178000000	4489.5117
157000000	178000000	4766.5527
158000000	178000000	5653.8813
159000000	178000000	4660.2754
160000000	178000000	4852.959
161000000	178000000	5568.657
162000000	178000000	5008.337
163000000	178000000	5638.5737
164000000	178000000	5454.4927
165000000	178000000	5865.442
166000000	178000000	6170.6216
167000000	178000000	5055.103
168000000	178000000	6822.47
169000000	178000000	6550.4155
170000000	178000000	6374.945
171000000	178000000	7319.533
172000000	178000000	7896.7583
173000000	178000000	10493.184
174000000	178000000	12737.541
175000000	178000000	17838.705
176000000	178000000	31366.977
177000000	178000000	84754.26
178000000	178000000	410115.34
0	179000000	256.34015
1000000	179000000	151.69218
2000000	179000000	159.30437
3000000	179000000	145.47446
4000000	179000000	155.7832
5000000	179000000	201.17336
6000000	179000000	137.94559
7000000	179000000	118.778725
8000000	179000000	142.07617
9000000	179000000	168.64998
10000000	179000000	197.56947
11000000	179000000	284.45837
12000000	179000000	254.57391
13000000	179000000	211.5789
14000000	179000000	247.25728
15000000	179000000	185.38045
16000000	179000000	218.07146
17000000	179000000	191.80635
18000000	179000000	307.9861
19000000	179000000	268.95743
20000000	179000000	294.78937
21000000	179000000	247.90813
22000000	179000000	280.77692
23000000	179000000	273.29187
24000000	179000000	214.91315
25000000	179000000	198.53494
26000000	179000000	179.3545
27000000	179000000	243.31946
28000000	179000000	312.13278
29000000	179000000	319.80066
30000000	179000000	276.401
31000000	179000000	321.77777
32000000	179000000	285.438
33000000	179000000	312.69357
34000000	179000000	329.10214
35000000	179000000	351.0763
36000000	179000000	279.19543
37000000	179000000	259.50558
38000000	179000000	219.03975
39000000	179000000	193.71169
40000000	179000000	215.76166
41000000	179000000	307.55057
42000000	179000000	304.97476
43000000	179000000	385.81247
44000000	179000000	326.95413
45000000	179000000	354.6877
46000000	179000000	326.25974
47000000	179000000	260.06802
48000000	179000000	212.51195
49000000	179000000	180.83348
52000000	179000000	221.60078
53000000	179000000	298.6985
54000000	179000000	257.1698
55000000	179000000	360.31247
56000000	179000000	294.6574
57000000	179000000	305.3706
58000000	179000000	454.19296
59000000	179000000	498.37518
60000000	179000000	494.9831
61000000	179000000	539.1549
62000000	179000000	551.5699
63000000	179000000	576.47986
64000000	179000000	592.20325
65000000	179000000	548.60864
66000000	179000000	574.1369
67000000	179000000	621.12476
68000000	179000000	482.34558
69000000	179000000	536.3814
70000000	179000000	604.6768
71000000	179000000	408.8184
72000000	179000000	572.8459
73000000	179000000	562.6313
74000000	179000000	462.73273
75000000	179000000	468.27396
76000000	179000000	360.99
77000000	179000000	356.2321
78000000	179000000	417.80603
79000000	179000000	415.06592
80000000	179000000	676.4231
81000000	179000000	532.2379
82000000	179000000	585.68414
83000000	179000000	417.94556
84000000	179000000	521.3343
85000000	179000000	686.84796
86000000	179000000	629.74133
87000000	179000000	688.7693
88000000	179000000	540.22314
89000000	179000000	533.36426
90000000	179000000	646.5606
91000000	179000000	702.9642
92000000	179000000	886.7923
93000000	179000000	837.7034
94000000	179000000	726.37415
95000000	179000000	640.1047
96000000	179000000	790.3416
97000000	179000000	976.81915
98000000	179000000	988.0731
99000000	179000000	693.2128
100000000	179000000	762.81616
101000000	179000000	938.9677
102000000	179000000	784.7466
103000000	179000000	696.8083
104000000	179000000	1096.731
105000000	179000000	897.1619
106000000	179000000	779.8349
107000000	179000000	1206.9105
108000000	179000000	1194.9811
109000000	179000000	1030.7678
110000000	179000000	830.3433
111000000	179000000	1074.2249
112000000	179000000	1430.0076
113000000	179000000	943.15454
114000000	179000000	1148.088
115000000	179000000	1531.9899
116000000	179000000	1614.0698
117000000	179000000	1550.3962
118000000	179000000	1646.8602
119000000	179000000	1171.1755
120000000	179000000	1544.8221
121000000	179000000	1747.172
122000000	179000000	1408.8015
123000000	179000000	1259.9409
124000000	179000000	1548.8435
125000000	179000000	2063.044
126000000	179000000	2241.8643
127000000	179000000	2419.6306
128000000	179000000	1856.6968
129000000	179000000	1612.7009
130000000	179000000	2402.487
131000000	179000000	2458.173
132000000	179000000	2270.6733
133000000	179000000	2797.5208
134000000	179000000	2941.0066
135000000	179000000	2965.8142
136000000	179000000	3307.365
137000000	179000000	3084.5173
138000000	179000000	3068.2947
139000000	179000000	2364.7534
140000000	179000000	1667.119
141000000	179000000	2226.4236
142000000	179000000	2602.6682
143000000	179000000	3098.0862
144000000	179000000	2753.3447
145000000	179000000	3345.4968
146000000	179000000	1964.4294
147000000	179000000	2682.2507
148000000	179000000	2763.6265
149000000	179000000	4156.453
150000000	179000000	4714.477
151000000	179000000	2730.972
152000000	179000000	2380.5117
153000000	179000000	1865.2656
154000000	179000000	2711.6318
155000000	179000000	4157.382
156000000	179000000	4083.7175
157000000	179000000	4598.7236
158000000	179000000	5481.897
159000000	179000000	3793.1653
160000000	179000000	4106.403
161000000	179000000	5571.6323
162000000	179000000	5372.738
163000000	179000000	5267.2495
164000000	179000000	4613.1553
165000000	179000000	5140.229
166000000	179000000	5216.3086
167000000	179000000	5922.144
168000000	179000000	6954.48
169000000	179000000	5472.8125
170000000	179000000	4621.94
171000000	179000000	7520.433
172000000	179000000	6924.1636
173000000	179000000	8390.913
174000000	179000000	8919.22
175000000	179000000	11717.063
176000000	179000000	17663.34
177000000	179000000	26943.684
178000000	179000000	100058.11
179000000	179000000	413397.78
0	180000000	321.65768
1000000	180000000	217.35645
2000000	180000000	165.91586
3000000	180000000	151.29233
4000000	180000000	198.21657
5000000	180000000	201.53993
6000000	180000000	174.00429
7000000	180000000	127.6466
8000000	180000000	178.93127
9000000	180000000	174.69737
10000000	180000000	212.62065
11000000	180000000	249.73213
12000000	180000000	284.9657
13000000	180000000	252.92004
14000000	180000000	256.55453
15000000	180000000	201.08704
16000000	180000000	223.70584
17000000	180000000	258.2372
18000000	180000000	290.23276
19000000	180000000	309.97363
20000000	180000000	260.91107
21000000	180000000	246.12025
22000000	180000000	316.3814
23000000	180000000	301.34274
24000000	180000000	218.44331
25000000	180000000	231.30876
26000000	180000000	225.3585
27000000	180000000	285.51428
28000000	180000000	261.0291
29000000	180000000	313.44464
30000000	180000000	288.29562
31000000	180000000	314.3755
32000000	180000000	332.74405
33000000	180000000	298.06738
34000000	180000000	286.65955
35000000	180000000	318.5583
36000000	180000000	346.2192
37000000	180000000	289.6645
38000000	180000000	260.0263
39000000	180000000	269.7821
40000000	180000000	322.92047
41000000	180000000	298.22052
42000000	180000000	343.50336
43000000	180000000	351.23654
44000000	180000000	320.86523
45000000	180000000	370.8664
46000000	180000000	310.52908
47000000	180000000	330.42487
48000000	180000000	287.61224
49000000	180000000	184.6548
52000000	180000000	264.3267
53000000	180000000	322.03415
54000000	180000000	337.3137
55000000	180000000	352.9903
56000000	180000000	345.4877
57000000	180000000	339.48535
58000000	180000000	387.0655
59000000	180000000	492.82422
60000000	180000000	456.99493
61000000	180000000	427.63287
62000000	180000000	471.04068
63000000	180000000	496.29892
64000000	180000000	535.6927
65000000	180000000	553.3526
66000000	180000000	501.8179
67000000	180000000	477.14716
68000000	180000000	457.15073
69000000	180000000	571.68427
70000000	180000000	504.6222
71000000	180000000	528.58325
72000000	180000000	542.49493
73000000	180000000	594.21185
74000000	180000000	550.1223
75000000	180000000	502.0153
76000000	180000000	444.30783
77000000	180000000	341.5463
78000000	180000000	403.0129
79000000	180000000	526.9449
80000000	180000000	639.1918
81000000	180000000	645.3884
82000000	180000000	528.42505
83000000	180000000	485.28726
84000000	180000000	601.32465
85000000	180000000	700.0911
86000000	180000000	675.9136
87000000	180000000	734.49243
88000000	180000000	597.645
89000000	180000000	586.80743
90000000	180000000	683.1224
91000000	180000000	680.0161
92000000	180000000	848.81946
93000000	180000000	740.9445
94000000	180000000	720.8319
95000000	180000000	732.2488
96000000	180000000	788.8586
97000000	180000000	850.7725
98000000	180000000	837.05176
99000000	180000000	749.74835
100000000	180000000	799.8308
101000000	180000000	857.541
102000000	180000000	794.7091
103000000	180000000	795.8129
104000000	180000000	1109.4628
105000000	180000000	1119.3499
106000000	180000000	998.05536
107000000	180000000	1189.4028
108000000	180000000	1129.0073
109000000	180000000	1004.574
110000000	180000000	930.8794
111000000	180000000	1137.2651
112000000	180000000	1373.0049
113000000	180000000	1117.1675
114000000	180000000	1287.7777
115000000	180000000	1460.9071
116000000	180000000	1831.9592
117000000	180000000	1512.844
118000000	180000000	1503.6052
119000000	180000000	1249.934
120000000	180000000	1445.3425
121000000	180000000	1634.2606
122000000	180000000	1412.7546
123000000	180000000	1385.1477
124000000	180000000	1624.6079
125000000	180000000	1852.8413
126000000	180000000	2013.6594
127000000	180000000	2124.0786
128000000	180000000	2006.0021
129000000	180000000	1855.4209
130000000	180000000	2204.2937
131000000	180000000	2206.5
132000000	180000000	2358.2576
133000000	180000000	2674.6775
134000000	180000000	2569.4678
135000000	180000000	2664.033
136000000	180000000	2812.328
137000000	180000000	2878.628
138000000	180000000	2908.4211
139000000	180000000	2494.8223
140000000	180000000	1936.3492
141000000	180000000	2303.6104
142000000	180000000	2768.7664
143000000	180000000	3016.9521
144000000	180000000	2746.2275
145000000	180000000	3416.0593
146000000	180000000	2364.8777
147000000	180000000	2964.9597
148000000	180000000	3135.2812
149000000	180000000	3893.424
150000000	180000000	4170.3916
151000000	180000000	3262.1653
152000000	180000000	2676.4834
153000000	180000000	2235.8545
154000000	180000000	2924.4006
155000000	180000000	3994.7344
156000000	180000000	4343.0146
157000000	180000000	4390.927
158000000	180000000	4867.1084
159000000	180000000	4064.5908
160000000	180000000	4119.721
161000000	180000000	4966.969
162000000	180000000	5995.226
163000000	180000000	4978.3027
164000000	180000000	4858.1494
165000000	180000000	5149.623
166000000	180000000	5083.114
167000000	180000000	7265.109
168000000	180000000	6618.957
169000000	180000000	5672.3325
170000000	180000000	5389.4897
171000000	180000000	7982.573
172000000	180000000	6556.562
173000000	180000000	7262.002
174000000	180000000	8064.053
175000000	180000000	10083.113
176000000	180000000	13146.374
177000000	180000000	18582.932
178000000	180000000	45694.492
179000000	180000000	137567.9
180000000	180000000	407946.47
0	181000000	281.86432
1000000	181000000	192.95016
2000000	181000000	199.92305
3000000	181000000	172.69765
4000000	181000000	245.63284
5000000	181000000	210.4758
6000000	181000000	211.25322
7000000	181000000	176.74452
8000000	181000000	183.37132
9000000	181000000	207.38783
10000000	181000000	243.59709
11000000	181000000	284.99173
12000000	181000000	285.46136
13000000	181000000	259.59442
14000000	181000000	254.43135
15000000	181000000	226.8082
16000000	181000000	263.31342
17000000	181000000	287.98752
18000000	181000000	312.78687
19000000	181000000	288.3333
20000000	181000000	303.90805
21000000	181000000	303.8172
22000000	181000000	251.20578
23000000	181000000	330.3499
24000000	181000000	264.55826
25000000	181000000	236.9148
26000000	181000000	200.72931
27000000	181000000	289.6134
28000000	181000000	305.69363
29000000	181000000	284.2418
30000000	181000000	336.552
31000000	181000000	294.08594
32000000	181000000	351.16656
33000000	181000000	326.83975
34000000	181000000	409.3016
35000000	181000000	372.65393
36000000	181000000	318.3199
37000000	181000000	305.65457
38000000	181000000	216.50616
39000000	181000000	209.521
40000000	181000000	298.04758
41000000	181000000	341.36954
42000000	181000000	428.33804
43000000	181000000	426.02304
44000000	181000000	362.12253
45000000	181000000	431.40933
46000000	181000000	400.09982
47000000	181000000	330.4757
48000000	181000000	288.83527
49000000	181000000	227.51726
52000000	181000000	308.8346
53000000	181000000	409.918
54000000	181000000	349.18182
55000000	181000000	413.30853
56000000	181000000	420.07053
57000000	181000000	401.7146
58000000	181000000	532.60693
59000000	181000000	537.1084
60000000	181000000	554.3314
61000000	181000000	534.1604
62000000	181000000	627.84204
63000000	181000000	562.38904
64000000	181000000	608.41327
65000000	181000000	586.5233
66000000	181000000	702.7159
67000000	181000000	714.86993
68000000	181000000	590.95306
69000000	181000000	553.6328
70000000	181000000	581.76337
71000000	181000000	513.69354
72000000	181000000	613.3145
73000000	181000000	629.0808
74000000	181000000	549.06036
75000000	181000000	511.50623
76000000	181000000	434.17236
77000000	181000000	495.02905
78000000	181000000	524.1576
79000000	181000000	532.0014
80000000	181000000	655.708
81000000	181000000	617.05597
82000000	181000000	705.1457
83000000	181000000	517.56824
84000000	181000000	585.1797
85000000	181000000	899.64166
86000000	181000000	802.96216
87000000	181000000	725.17126
88000000	181000000	669.48486
89000000	181000000	637.6378
90000000	181000000	767.4857
91000000	181000000	747.8047
92000000	181000000	887.4676
93000000	181000000	923.08936
94000000	181000000	903.6852
95000000	181000000	829.07416
96000000	181000000	847.54456
97000000	181000000	993.1004
98000000	181000000	1009.0783
99000000	181000000	805.7167
100000000	181000000	845.2852
101000000	181000000	986.06335
102000000	181000000	964.5388
103000000	181000000	806.0814
104000000	181000000	1209.9573
105000000	181000000	894.8299
106000000	181000000	870.70715
107000000	181000000	1448.3215
108000000	181000000	1272.0559
109000000	181000000	1245.8915
110000000	181000000	1100.1112
111000000	181000000	1343.1283
112000000	181000000	1646.9116
113000000	181000000	1163.2043
114000000	181000000	1285.4769
115000000	181000000	1710.8162
116000000	181000000	1515.0311
117000000	181000000	1627.4272
118000000	181000000	1807.879
119000000	181000000	1535.6968
120000000	181000000	1893.3121
121000000	181000000	2057.3528
122000000	181000000	1700.4825
123000000	181000000	1627.0758
124000000	181000000	1853.7169
125000000	181000000	2281.2183
126000000	181000000	2239.8293
127000000	181000000	2446.1016
128000000	181000000	2097.1802
129000000	181000000	1884.6683
130000000	181000000	2583.8716
131000000	181000000	2614.9028
132000000	181000000	2379.2246
133000000	181000000	2819.1863
134000000	181000000	3012.6526
135000000	181000000	3121.7532
136000000	181000000	3310.0344
137000000	181000000	3150.647
138000000	181000000	3569.2278
139000000	181000000	2866.792
140000000	181000000	2179.077
141000000	181000000	2756.9187
142000000	181000000	3124.6501
143000000	181000000	3431.347
144000000	181000000	3239.1238
145000000	181000000	3571.4023
146000000	181000000	2649.8274
147000000	181000000	3250.085
148000000	181000000	3550.5886
149000000	181000000	4654.651
150000000	181000000	5239.4526
151000000	181000000	3502.3958
152000000	181000000	2861.1787
153000000	181000000	2319.417
154000000	181000000	3361.813
155000000	181000000	5134.308
156000000	181000000	4585.2803
157000000	181000000	5110.0327
158000000	181000000	6256.267
159000000	181000000	4823.7393
160000000	181000000	4998.234
161000000	181000000	6210.7905
162000000	181000000	5545.7554
163000000	181000000	6115.1523
164000000	181000000	5465.566
165000000	181000000	6133.3975
166000000	181000000	6122.465
167000000	181000000	5205.4814
168000000	181000000	6803.4346
169000000	181000000	5874.4863
170000000	181000000	5289.4214
171000000	181000000	6467.338
172000000	181000000	6911.658
173000000	181000000	8533.993
174000000	181000000	9043.833
175000000	181000000	10108.463
176000000	181000000	12669.995
177000000	181000000	15786.511
178000000	181000000	28038.111
179000000	181000000	36404.934
180000000	181000000	93131.94
181000000	181000000	411355.06
0	182000000	345.81635
1000000	182000000	201.8126
2000000	182000000	205.41869
3000000	182000000	203.72177
4000000	182000000	285.43283
5000000	182000000	314.07205
6000000	182000000	220.89316
7000000	182000000	233.99745
8000000	182000000	259.42673
9000000	182000000	231.96758
10000000	182000000	244.29091
11000000	182000000	287.5639
12000000	182000000	309.40033
13000000	182000000	335.40887
14000000	182000000	318.83157
15000000	182000000	250.55768
16000000	182000000	307.48203
17000000	182000000	306.08688
18000000	182000000	327.85156
19000000	182000000	331.08017
20000000	182000000	358.6989
21000000	182000000	330.82214
22000000	182000000	336.38824
23000000	182000000	381.17004
24000000	182000000	328.96777
25000000	182000000	279.8993
26000000	182000000	243.8225
27000000	182000000	317.58682
28000000	182000000	360.4359
29000000	182000000	394.1401
30000000	182000000	343.34943
31000000	182000000	312.04446
32000000	182000000	370.14404
33000000	182000000	361.1658
34000000	182000000	339.78635
35000000	182000000	329.90533
36000000	182000000	309.2812
37000000	182000000	300.75647
38000000	182000000	222.68195
39000000	182000000	225.99686
40000000	182000000	290.88373
41000000	182000000	400.25018
42000000	182000000	372.8455
43000000	182000000	377.3648
44000000	182000000	368.293
45000000	182000000	399.67517
46000000	182000000	383.79935
47000000	182000000	355.19107
48000000	182000000	296.53317
49000000	182000000	282.1189
52000000	182000000	369.79184
53000000	182000000	424.88074
54000000	182000000	388.2758
55000000	182000000	536.5687
56000000	182000000	458.2202
57000000	182000000	429.72763
58000000	182000000	546.62494
59000000	182000000	547.5159
60000000	182000000	530.87634
61000000	182000000	529.88934
62000000	182000000	625.0243
63000000	182000000	596.00574
64000000	182000000	556.94965
65000000	182000000	548.60834
66000000	182000000	605.59894
67000000	182000000	642.38605
68000000	182000000	566.4758
69000000	182000000	467.28055
70000000	182000000	530.9584
71000000	182000000	437.08527
72000000	182000000	610.99805
73000000	182000000	588.3043
74000000	182000000	517.5298
75000000	182000000	525.4924
76000000	182000000	439.06604
77000000	182000000	504.4903
78000000	182000000	606.6517
79000000	182000000	531.5188
80000000	182000000	597.8992
81000000	182000000	585.6905
82000000	182000000	679.2854
83000000	182000000	575.22107
84000000	182000000	591.3921
85000000	182000000	909.9975
86000000	182000000	700.0672
87000000	182000000	637.1298
88000000	182000000	723.03253
89000000	182000000	607.3833
90000000	182000000	727.15643
91000000	182000000	758.2164
92000000	182000000	804.23096
93000000	182000000	854.4147
94000000	182000000	795.4552
95000000	182000000	735.39154
96000000	182000000	863.78033
97000000	182000000	972.0977
98000000	182000000	1048.3049
99000000	182000000	774.5073
100000000	182000000	819.44586
101000000	182000000	912.41986
102000000	182000000	867.1938
103000000	182000000	724.0784
104000000	182000000	1056.744
105000000	182000000	714.2999
106000000	182000000	735.78735
107000000	182000000	1208.6683
108000000	182000000	1159.4144
109000000	182000000	1203.2589
110000000	182000000	998.38574
111000000	182000000	1233.6321
112000000	182000000	1357.3064
113000000	182000000	1018.0217
114000000	182000000	1020.09625
115000000	182000000	1323.6866
116000000	182000000	1301.1252
117000000	182000000	1411.2728
118000000	182000000	1614.2596
119000000	182000000	1363.7009
120000000	182000000	1557.3337
121000000	182000000	1725.5994
122000000	182000000	1536.1123
123000000	182000000	1471.3131
124000000	182000000	1631.2942
125000000	182000000	2073.4312
126000000	182000000	1934.8734
127000000	182000000	2311.7458
128000000	182000000	1922.0798
129000000	182000000	1766.0299
130000000	182000000	2260.1338
131000000	182000000	2442.2861
132000000	182000000	2140.4705
133000000	182000000	2527.0027
134000000	182000000	2779.8381
135000000	182000000	2815.2551
136000000	182000000	2768.8313
137000000	182000000	2774.873
138000000	182000000	2851.5525
139000000	182000000	2581.0864
140000000	182000000	2159.5088
141000000	182000000	2655.8252
142000000	182000000	2705.3433
143000000	182000000	2906.1838
144000000	182000000	2751.4587
145000000	182000000	3121.9978
146000000	182000000	2267.9893
147000000	182000000	2779.4824
148000000	182000000	2896.0713
149000000	182000000	4105.0166
150000000	182000000	4760.732
151000000	182000000	2889.7415
152000000	182000000	2947.148
153000000	182000000	2146.7217
154000000	182000000	3326.6772
155000000	182000000	4573.276
156000000	182000000	4032.0364
157000000	182000000	4348.1484
158000000	182000000	5286.2837
159000000	182000000	4050.7388
160000000	182000000	4347.2837
161000000	182000000	5202.8154
162000000	182000000	4442.6816
163000000	182000000	4970.776
164000000	182000000	4342.2314
165000000	182000000	4977.515
166000000	182000000	5087.457
167000000	182000000	4446.023
168000000	182000000	5709.6733
169000000	182000000	4928.33
170000000	182000000	4503.0107
171000000	182000000	5435.445
172000000	182000000	5431.7236
173000000	182000000	6722.541
174000000	182000000	6842.4746
175000000	182000000	7364.8564
176000000	182000000	8753.078
177000000	182000000	9562.095
178000000	182000000	13726.469
179000000	182000000	16222.551
180000000	182000000	21866.227
181000000	182000000	72360.86
182000000	182000000	417073.06
0	183000000	378.51437
1000000	183000000	309.221
2000000	183000000	252.61317
3000000	183000000	253.61147
4000000	183000000	375.14236
5000000	183000000	378.81955
6000000	183000000	324.61322
7000000	183000000	313.87842
8000000	183000000	331.97974
9000000	183000000	312.34573
10000000	183000000	285.3954
11000000	183000000	314.4929
12000000	183000000	268.89108
13000000	183000000	312.73337
14000000	183000000	318.61505
15000000	183000000	301.0569
16000000	183000000	333.7261
17000000	183000000	327.25797
18000000	183000000	318.85095
19000000	183000000	302.07812
20000000	183000000	278.89243
21000000	183000000	301.80682
22000000	183000000	290.914
23000000	183000000	318.22568
24000000	183000000	357.61584
25000000	183000000	372.3559
26000000	183000000	311.02905
27000000	183000000	373.26306
28000000	183000000	304.1155
29000000	183000000	269.14688
30000000	183000000	292.12112
31000000	183000000	298.4846
32000000	183000000	310.95703
33000000	183000000	315.24396
34000000	183000000	286.21933
35000000	183000000	340.4502
36000000	183000000	330.83093
37000000	183000000	341.8656
38000000	183000000	286.21338
39000000	183000000	270.97116
40000000	183000000	381.59048
41000000	183000000	496.285
42000000	183000000	461.81085
43000000	183000000	360.3919
44000000	183000000	330.1271
45000000	183000000	362.22763
46000000	183000000	349.21716
47000000	183000000	398.56097
48000000	183000000	386.63837
49000000	183000000	262.3254
52000000	183000000	435.94055
53000000	183000000	531.7109
54000000	183000000	446.82483
55000000	183000000	571.1813
56000000	183000000	519.5269
57000000	183000000	580.5422
58000000	183000000	543.2868
59000000	183000000	487.36584
60000000	183000000	482.9052
61000000	183000000	498.72217
62000000	183000000	494.53137
63000000	183000000	487.4801
64000000	183000000	451.14273
65000000	183000000	509.60165
66000000	183000000	550.5058
67000000	183000000	536.3966
68000000	183000000	586.25415
69000000	183000000	530.74133
70000000	183000000	488.42334
71000000	183000000	528.743
72000000	183000000	560.3235
73000000	183000000	567.42395
74000000	183000000	601.05304
75000000	183000000	635.83734
76000000	183000000	624.6237
77000000	183000000	714.2307
78000000	183000000	702.9864
79000000	183000000	627.70184
80000000	183000000	628.65173
81000000	183000000	558.6509
82000000	183000000	717.323
83000000	183000000	778.268
84000000	183000000	752.1634
85000000	183000000	881.6225
86000000	183000000	761.9821
87000000	183000000	774.8345
88000000	183000000	795.6189
89000000	183000000	719.45197
90000000	183000000	775.35925
91000000	183000000	666.5564
92000000	183000000	721.2437
93000000	183000000	718.6426
94000000	183000000	777.4329
95000000	183000000	865.70074
96000000	183000000	808.6923
97000000	183000000	795.51105
98000000	183000000	830.2006
99000000	183000000	918.2779
100000000	183000000	884.7491
101000000	183000000	897.3702
102000000	183000000	831.18585
103000000	183000000	826.41223
104000000	183000000	1021.83344
105000000	183000000	830.6952
106000000	183000000	858.79535
107000000	183000000	1183.1345
108000000	183000000	1194.9857
109000000	183000000	1324.489
110000000	183000000	1149.6415
111000000	183000000	1309.2998
112000000	183000000	1244.2849
113000000	183000000	1286.2118
114000000	183000000	1267.2972
115000000	183000000	1282.3575
116000000	183000000	1190.5133
117000000	183000000	1218.2144
118000000	183000000	1362.1055
119000000	183000000	1487.5107
120000000	183000000	1562.3903
121000000	183000000	1607.8778
122000000	183000000	1799.2843
123000000	183000000	1813.2128
124000000	183000000	1739.2437
125000000	183000000	1786.1973
126000000	183000000	1769.1342
127000000	183000000	1931.1101
128000000	183000000	2138.8845
129000000	183000000	2216.722
130000000	183000000	2193.2131
131000000	183000000	1988.8666
132000000	183000000	1806.8896
133000000	183000000	2032.9792
134000000	183000000	2363.381
135000000	183000000	2376.3167
136000000	183000000	2402.6863
137000000	183000000	2495.2551
138000000	183000000	2745.9055
139000000	183000000	2935.8816
140000000	183000000	3073.6726
141000000	183000000	3165.0898
142000000	183000000	2834.2874
143000000	183000000	2721.497
144000000	183000000	3040.6587
145000000	183000000	3104.6172
146000000	183000000	2739.5383
147000000	183000000	3000.9607
148000000	183000000	3410.8748
149000000	183000000	3689.817
150000000	183000000	4188.2964
151000000	183000000	3659.9958
152000000	183000000	3582.1248
153000000	183000000	2682.9307
154000000	183000000	4070.2566
155000000	183000000	4841.394
156000000	183000000	4124.0967
157000000	183000000	3974.6262
158000000	183000000	4598.85
159000000	183000000	4350.9053
160000000	183000000	4487.5684
161000000	183000000	4344.1997
162000000	183000000	4184.412
163000000	183000000	4530.725
164000000	183000000	4549.843
165000000	183000000	4800.044
166000000	183000000	4975.6885
167000000	183000000	4047.2944
168000000	183000000	4794.624
169000000	183000000	5346.0845
170000000	183000000	5282.223
171000000	183000000	5014.871
172000000	183000000	4751.4814
173000000	183000000	6024.3613
174000000	183000000	6982.8335
175000000	183000000	7099.362
176000000	183000000	7155.3535
177000000	183000000	8808.02
178000000	183000000	11723.381
179000000	183000000	11496.346
180000000	183000000	15231.27
181000000	183000000	38212.176
182000000	183000000	139984.33
183000000	183000000	399177.06
0	184000000	564.75616
1000000	184000000	565.8731
2000000	184000000	545.0089
3000000	184000000	564.4637
4000000	184000000	678.9476
5000000	184000000	512.1293
6000000	184000000	622.215
7000000	184000000	555.96014
8000000	184000000	540.0074
9000000	184000000	409.1302
10000000	184000000	414.0139
11000000	184000000	338.19983
12000000	184000000	228.55193
13000000	184000000	347.496
14000000	184000000	345.017
15000000	184000000	383.14465
16000000	184000000	394.1303
17000000	184000000	391.41168
18000000	184000000	312.10095
19000000	184000000	253.02884
20000000	184000000	303.54114
21000000	184000000	250.17276
22000000	184000000	308.72717
23000000	184000000	292.35822
24000000	184000000	421.74933
25000000	184000000	534.8185
26000000	184000000	433.65903
27000000	184000000	313.98547
28000000	184000000	265.226
29000000	184000000	248.08763
30000000	184000000	261.22653
31000000	184000000	257.52155
32000000	184000000	278.78894
33000000	184000000	260.5181
34000000	184000000	296.8023
35000000	184000000	317.75922
36000000	184000000	332.5243
37000000	184000000	490.18127
38000000	184000000	418.53958
39000000	184000000	515.79553
40000000	184000000	595.2408
41000000	184000000	697.6721
42000000	184000000	561.9519
43000000	184000000	360.66696
44000000	184000000	317.99475
45000000	184000000	312.80954
46000000	184000000	383.48965
47000000	184000000	515.8894
48000000	184000000	560.23895
49000000	184000000	246.4499
52000000	184000000	425.36127
53000000	184000000	611.70184
54000000	184000000	663.18243
55000000	184000000	651.18445
56000000	184000000	715.63354
57000000	184000000	854.5915
58000000	184000000	542.1954
59000000	184000000	422.25482
60000000	184000000	450.5755
61000000	184000000	406.06827
62000000	184000000	471.0679
63000000	184000000	397.03934
64000000	184000000	402.95807
65000000	184000000	427.53036
66000000	184000000	478.7957
67000000	184000000	468.92926
68000000	184000000	647.7831
69000000	184000000	577.0726
70000000	184000000	458.08557
71000000	184000000	650.3591
72000000	184000000	561.5929
73000000	184000000	537.11127
74000000	184000000	767.9297
75000000	184000000	825.9692
76000000	184000000	1036.6611
77000000	184000000	1085.8065
78000000	184000000	1034.0286
79000000	184000000	774.9342
80000000	184000000	587.0379
81000000	184000000	684.30505
82000000	184000000	854.43054
83000000	184000000	1195.8657
84000000	184000000	978.3966
85000000	184000000	773.34796
86000000	184000000	836.6879
87000000	184000000	944.0236
88000000	184000000	1037.5377
89000000	184000000	998.7955
90000000	184000000	810.0402
91000000	184000000	579.7592
92000000	184000000	593.85364
93000000	184000000	574.162
94000000	184000000	753.6848
95000000	184000000	945.8275
96000000	184000000	773.9098
97000000	184000000	656.59235
98000000	184000000	620.87726
99000000	184000000	1102.2539
100000000	184000000	1100.6367
101000000	184000000	955.0848
102000000	184000000	947.4665
103000000	184000000	1215.1547
104000000	184000000	917.52167
105000000	184000000	864.1333
106000000	184000000	1049.1077
107000000	184000000	1102.0004
108000000	184000000	1319.1134
109000000	184000000	1547.1521
110000000	184000000	1516.3331
111000000	184000000	1334.9655
112000000	184000000	1158.6299
113000000	184000000	1664.2067
114000000	184000000	1542.1509
115000000	184000000	1150.3912
116000000	184000000	1069.0432
117000000	184000000	1000.3598
118000000	184000000	1161.2065
119000000	184000000	1811.2825
120000000	184000000	1768.0483
121000000	184000000	1612.31
122000000	184000000	2284.5518
123000000	184000000	2279.4727
124000000	184000000	1956.1313
125000000	184000000	1498.6802
126000000	184000000	1501.8606
127000000	184000000	1555.878
128000000	184000000	2263.765
129000000	184000000	2815.7698
130000000	184000000	1899.4214
131000000	184000000	1647.6034
132000000	184000000	1635.8385
133000000	184000000	1663.2072
134000000	184000000	1860.5402
135000000	184000000	1968.9479
136000000	184000000	1897.4961
137000000	184000000	2104.961
138000000	184000000	2311.9062
139000000	184000000	3324.651
140000000	184000000	4776.6636
141000000	184000000	3974.619
142000000	184000000	2841.5513
143000000	184000000	2769.8442
144000000	184000000	3326.6658
145000000	184000000	3092.284
146000000	184000000	3545.2065
147000000	184000000	3505.9907
148000000	184000000	3774.7117
149000000	184000000	3422.545
150000000	184000000	3360.1755
151000000	184000000	4463.478
152000000	184000000	5320.8984
153000000	184000000	4202.6733
154000000	184000000	5485.1235
155000000	184000000	5046.1313
156000000	184000000	4139.181
157000000	184000000	3433.4185
158000000	184000000	3457.6306
159000000	184000000	4772.8325
160000000	184000000	4353.1514
161000000	184000000	3557.4648
162000000	184000000	3691.3542
163000000	184000000	4074.1897
164000000	184000000	4484.689
165000000	184000000	4783.9673
166000000	184000000	5018.182
167000000	184000000	3603.916
168000000	184000000	3822.8691
169000000	184000000	5793.9834
170000000	184000000	6430.3843
171000000	184000000	4558.084
172000000	184000000	4199.6465
173000000	184000000	5235.001
174000000	184000000	7052.5923
175000000	184000000	6417.143
176000000	184000000	6191.9277
177000000	184000000	8128.975
178000000	184000000	9502.024
179000000	184000000	7970.6567
180000000	184000000	10622.464
181000000	184000000	20340.639
182000000	184000000	35963.746
183000000	184000000	96895.78
184000000	184000000	408110.6
0	185000000	767.3421
1000000	185000000	888.6114
2000000	185000000	1114.9164
3000000	185000000	747.1073
4000000	185000000	611.02985
5000000	185000000	383.5634
6000000	185000000	720.16296
7000000	185000000	525.8842
8000000	185000000	516.3836
9000000	185000000	394.70245
10000000	185000000	465.62244
11000000	185000000	304.3219
12000000	185000000	167.7085
13000000	185000000	271.13187
14000000	185000000	316.8289
15000000	185000000	432.83328
16000000	185000000	298.1091
17000000	185000000	384.33878
18000000	185000000	241.63812
19000000	185000000	151.53923
20000000	185000000	199.51797
21000000	185000000	175.70615
22000000	185000000	280.47818
23000000	185000000	243.55202
24000000	185000000	308.56985
25000000	185000000	507.53168
26000000	185000000	550.8465
27000000	185000000	234.87979
28000000	185000000	183.6566
29000000	185000000	189.01021
30000000	185000000	203.62112
31000000	185000000	223.03683
32000000	185000000	180.94177
33000000	185000000	205.20853
34000000	185000000	197.54172
35000000	185000000	238.78824
36000000	185000000	512.8119
37000000	185000000	521.23267
38000000	185000000	830.0046
39000000	185000000	1024.4481
40000000	185000000	997.2938
41000000	185000000	617.87555
42000000	185000000	571.53937
43000000	185000000	248.73386
44000000	185000000	261.54648
45000000	185000000	225.77596
46000000	185000000	246.47655
47000000	185000000	509.3806
48000000	185000000	813.79913
49000000	185000000	146.23326
52000000	185000000	309.91104
53000000	185000000	536.9626
54000000	185000000	750.37286
55000000	185000000	450.50473
56000000	185000000	730.899
57000000	185000000	932.3743
58000000	185000000	317.40335
59000000	185000000	283.81985
60000000	185000000	298.29965
61000000	185000000	258.15457
62000000	185000000	292.70978
63000000	185000000	330.98618
64000000	185000000	303.91263
65000000	185000000	267.73566
66000000	185000000	305.18607
67000000	185000000	291.49048
68000000	185000000	588.77594
69000000	185000000	614.869
70000000	185000000	390.3315
71000000	185000000	795.23645
72000000	185000000	395.68332
73000000	185000000	434.74542
74000000	185000000	816.88025
75000000	185000000	799.8243
76000000	185000000	1264.1543
77000000	185000000	1255.1095
78000000	185000000	1028.0902
79000000	185000000	961.29315
80000000	185000000	550.0308
81000000	185000000	669.51245
82000000	185000000	562.1801
83000000	185000000	1241.1691
84000000	185000000	1105.0269
85000000	185000000	521.8841
86000000	185000000	737.79645
87000000	185000000	1198.4575
88000000	185000000	968.2803
89000000	185000000	1152.1693
90000000	185000000	634.6428
91000000	185000000	429.01584
92000000	185000000	435.8004
93000000	185000000	410.53848
94000000	185000000	595.2199
95000000	185000000	843.552
96000000	185000000	664.813
97000000	185000000	374.5188
98000000	185000000	361.26474
99000000	185000000	1132.645
100000000	185000000	1038.6917
101000000	185000000	808.29565
102000000	185000000	838.5352
103000000	185000000	1561.7407
104000000	185000000	726.6365
105000000	185000000	1367.3632
106000000	185000000	1588.094
107000000	185000000	776.1233
108000000	185000000	963.6657
109000000	185000000	1242.7416
110000000	185000000	1587.6674
111000000	185000000	1130.5266
112000000	185000000	741.20514
113000000	185000000	2121.9902
114000000	185000000	2010.3407
115000000	185000000	832.83795
116000000	185000000	1084.9496
117000000	185000000	714.23004
118000000	185000000	687.54407
119000000	185000000	1557.5875
120000000	185000000	1364.5331
121000000	185000000	1048.0282
122000000	185000000	2097.3074
123000000	185000000	2352.1165
124000000	185000000	1814.2009
125000000	185000000	869.27545
126000000	185000000	964.385
127000000	185000000	863.9613
128000000	185000000	2283.4211
129000000	185000000	3010.9197
130000000	185000000	1275.1655
131000000	185000000	1077.1521
132000000	185000000	1551.8365
133000000	185000000	1134.715
134000000	185000000	1150.9663
135000000	185000000	1111.7596
136000000	185000000	1207.3044
137000000	185000000	1419.0369
138000000	185000000	1615.1469
139000000	185000000	3029.3665
140000000	185000000	4762.4946
141000000	185000000	3202.8115
142000000	185000000	2540.0703
143000000	185000000	2016.8651
144000000	185000000	3041.2708
145000000	185000000	2524.4192
146000000	185000000	4743.012
147000000	185000000	3349.9949
148000000	185000000	3778.714
149000000	185000000	1721.9355
150000000	185000000	1669.9976
151000000	185000000	4690.904
152000000	185000000	4450.993
153000000	185000000	5932.0337
154000000	185000000	5309.5376
155000000	185000000	3065.9753
156000000	185000000	3395.0625
157000000	185000000	2355.5798
158000000	185000000	1904.5994
159000000	185000000	4646.2363
160000000	185000000	4053.934
161000000	185000000	2073.4277
162000000	185000000	3213.887
163000000	185000000	2834.5195
164000000	185000000	4144.67
165000000	185000000	3859.2966
166000000	185000000	3872.7747
167000000	185000000	4032.8416
168000000	185000000	2316.3943
169000000	185000000	5252.0186
170000000	185000000	7841.2324
171000000	185000000	3946.4768
172000000	185000000	3322.7668
173000000	185000000	3159.4395
174000000	185000000	5739.5884
175000000	185000000	5054.6167
176000000	185000000	4028.6858
177000000	185000000	5764.427
178000000	185000000	5765.8657
179000000	185000000	4662.8955
180000000	185000000	6719.6567
181000000	185000000	8480.475
182000000	185000000	11143.112
183000000	185000000	19627.184
184000000	185000000	107088.04
185000000	185000000	529880.9
0	186000000	739.8614
1000000	186000000	705.8922
2000000	186000000	729.77545
3000000	186000000	575.95123
4000000	186000000	633.5757
5000000	186000000	481.80832
6000000	186000000	701.87006
7000000	186000000	524.62604
8000000	186000000	568.2097
9000000	186000000	487.68985
10000000	186000000	513.41833
11000000	186000000	356.7006
12000000	186000000	235.54472
13000000	186000000	338.38275
14000000	186000000	338.06754
15000000	186000000	474.94833
16000000	186000000	345.52374
17000000	186000000	462.671
18000000	186000000	290.87775
19000000	186000000	231.96472
20000000	186000000	262.29422
21000000	186000000	249.23283
22000000	186000000	332.4824
23000000	186000000	278.98447
24000000	186000000	452.58212
25000000	186000000	543.89484
26000000	186000000	516.7588
27000000	186000000	304.68643
28000000	186000000	238.68973
29000000	186000000	236.73903
30000000	186000000	251.19441
31000000	186000000	245.74138
32000000	186000000	245.736
33000000	186000000	254.97525
34000000	186000000	251.75578
35000000	186000000	295.69
36000000	186000000	479.7294
37000000	186000000	567.2961
38000000	186000000	613.28705
39000000	186000000	738.3012
40000000	186000000	799.12085
41000000	186000000	647.36255
42000000	186000000	611.0545
43000000	186000000	307.94022
44000000	186000000	352.0
45000000	186000000	330.2556
46000000	186000000	343.19397
47000000	186000000	543.0112
48000000	186000000	766.54803
49000000	186000000	306.17282
52000000	186000000	455.9936
53000000	186000000	686.22687
54000000	186000000	798.2159
55000000	186000000	630.94507
56000000	186000000	776.485
57000000	186000000	1000.4929
58000000	186000000	485.95416
59000000	186000000	372.7186
60000000	186000000	420.5945
61000000	186000000	404.20422
62000000	186000000	424.60358
63000000	186000000	384.98795
64000000	186000000	425.8838
65000000	186000000	400.55557
66000000	186000000	374.91498
67000000	186000000	468.63577
68000000	186000000	735.1635
69000000	186000000	618.31824
70000000	186000000	491.90634
71000000	186000000	782.96857
72000000	186000000	527.11786
73000000	186000000	594.9782
74000000	186000000	855.5865
75000000	186000000	862.8118
76000000	186000000	1139.5508
77000000	186000000	1214.8518
78000000	186000000	1072.7994
79000000	186000000	952.497
80000000	186000000	594.5181
81000000	186000000	764.82855
82000000	186000000	843.4052
83000000	186000000	1259.3334
84000000	186000000	1110.968
85000000	186000000	721.7806
86000000	186000000	882.1932
87000000	186000000	1062.548
88000000	186000000	1045.3634
89000000	186000000	1208.6288
90000000	186000000	793.9204
91000000	186000000	628.1055
92000000	186000000	552.1043
93000000	186000000	544.85345
94000000	186000000	748.4009
95000000	186000000	1075.1908
96000000	186000000	799.0268
97000000	186000000	561.6341
98000000	186000000	621.4779
99000000	186000000	1290.1604
100000000	186000000	1241.8031
101000000	186000000	976.61414
102000000	186000000	1059.3362
103000000	186000000	1417.5721
104000000	186000000	929.78784
105000000	186000000	1223.4321
106000000	186000000	1437.2678
107000000	186000000	1043.403
108000000	186000000	1343.9095
109000000	186000000	1644.0977
110000000	186000000	1699.5918
111000000	186000000	1458.4423
112000000	186000000	1070.2638
113000000	186000000	2090.3513
114000000	186000000	1934.9421
115000000	186000000	1204.6982
116000000	186000000	1266.2482
117000000	186000000	1060.4415
118000000	186000000	1113.0883
119000000	186000000	1935.6517
120000000	186000000	1791.7728
121000000	186000000	1609.315
122000000	186000000	2530.6067
123000000	186000000	2683.2698
124000000	186000000	2205.8264
125000000	186000000	1396.553
126000000	186000000	1433.1589
127000000	186000000	1390.2241
128000000	186000000	2586.236
129000000	186000000	3149.7974
130000000	186000000	1819.6
131000000	186000000	1525.9333
132000000	186000000	1838.0009
133000000	186000000	1636.3214
134000000	186000000	1765.0056
135000000	186000000	1809.1705
136000000	186000000	1805.2913
137000000	186000000	2039.6929
138000000	186000000	2309.769
139000000	186000000	3673.3818
140000000	186000000	5083.624
141000000	186000000	4181.213
142000000	186000000	3039.8127
143000000	186000000	2546.128
144000000	186000000	3732.0972
145000000	186000000	3061.7424
146000000	186000000	4361.898
147000000	186000000	3660.2
148000000	186000000	4255.3545
149000000	186000000	2937.8503
150000000	186000000	2798.8962
151000000	186000000	4899.1865
152000000	186000000	4459.501
153000000	186000000	4749.806
154000000	186000000	5304.768
155000000	186000000	4455.647
156000000	186000000	4177.3105
157000000	186000000	3431.2185
158000000	186000000	3025.026
159000000	186000000	5261.9526
160000000	186000000	4807.434
161000000	186000000	3166.816
162000000	186000000	3895.236
163000000	186000000	3924.4504
164000000	186000000	4961.1616
165000000	186000000	5125.2715
166000000	186000000	5340.8394
167000000	186000000	4253.1465
168000000	186000000	3484.905
169000000	186000000	6023.02
170000000	186000000	8002.9854
171000000	186000000	4651.351
172000000	186000000	4458.5674
173000000	186000000	4714.598
174000000	186000000	7109.394
175000000	186000000	6613.5176
176000000	186000000	5409.586
177000000	186000000	7386.143
178000000	186000000	7383.58
179000000	186000000	5623.471
180000000	186000000	7466.7026
181000000	186000000	10549.607
182000000	186000000	12887.582
183000000	186000000	19104.201
184000000	186000000	43778.527
185000000	186000000	106398.17
186000000	186000000	461071.75
0	187000000	865.1111
1000000	187000000	365.09967
2000000	187000000	213.9113
3000000	187000000	267.56348
4000000	187000000	420.01062
5000000	187000000	623.8599
6000000	187000000	297.26376
7000000	187000000	422.86392
8000000	187000000	509.02585
9000000	187000000	542.6853
10000000	187000000	374.9699
11000000	187000000	427.74146
12000000	187000000	550.0837
13000000	187000000	435.20422
14000000	187000000	375.58035
15000000	187000000	331.16324
16000000	187000000	438.5787
17000000	187000000	368.6542
18000000	187000000	416.943
19000000	187000000	531.28906
20000000	187000000	449.52878
21000000	187000000	485.9316
22000000	187000000	432.53278
23000000	187000000	457.4186
24000000	187000000	440.34784
25000000	187000000	378.1469
26000000	187000000	301.58142
27000000	187000000	330.54135
28000000	187000000	386.24466
29000000	187000000	338.41507
30000000	187000000	367.1109
31000000	187000000	305.1888
32000000	187000000	325.14795
33000000	187000000	323.31573
34000000	187000000	322.41077
35000000	187000000	317.11807
36000000	187000000	268.2205
37000000	187000000	335.11182
38000000	187000000	208.54207
39000000	187000000	191.73157
40000000	187000000	252.90474
41000000	187000000	412.09146
42000000	187000000	340.0818
43000000	187000000	395.3719
44000000	187000000	328.39813
45000000	187000000	385.50385
46000000	187000000	386.65985
47000000	187000000	363.7512
48000000	187000000	407.19922
49000000	187000000	542.36774
52000000	187000000	588.1224
53000000	187000000	642.80536
54000000	187000000	561.62494
55000000	187000000	754.8764
56000000	187000000	552.62616
57000000	187000000	488.25366
58000000	187000000	709.17267
59000000	187000000	649.14246
60000000	187000000	555.7459
61000000	187000000	557.5501
62000000	187000000	591.7344
63000000	187000000	580.5261
64000000	187000000	539.54456
65000000	187000000	487.69418
66000000	187000000	535.7738
67000000	187000000	540.9608
68000000	187000000	496.20682
69000000	187000000	450.35687
70000000	187000000	495.6429
71000000	187000000	470.296
72000000	187000000	563.20935
73000000	187000000	624.7338
74000000	187000000	595.9887
75000000	187000000	587.74274
76000000	187000000	579.0457
77000000	187000000	598.9386
78000000	187000000	688.77234
79000000	187000000	560.6758
80000000	187000000	659.2427
81000000	187000000	541.6096
82000000	187000000	761.9487
83000000	187000000	572.112
84000000	187000000	673.2811
85000000	187000000	915.11395
86000000	187000000	706.37
87000000	187000000	565.4658
88000000	187000000	765.77856
89000000	187000000	685.68384
90000000	187000000	703.993
91000000	187000000	676.6819
92000000	187000000	774.358
93000000	187000000	754.22675
94000000	187000000	794.4136
95000000	187000000	798.3208
96000000	187000000	848.8969
97000000	187000000	990.9725
98000000	187000000	1131.6935
99000000	187000000	1006.5033
100000000	187000000	955.4577
101000000	187000000	992.81274
102000000	187000000	801.84576
103000000	187000000	702.3403
104000000	187000000	999.6778
105000000	187000000	715.42236
106000000	187000000	798.9509
107000000	187000000	1224.2224
108000000	187000000	1362.5774
109000000	187000000	1281.3813
110000000	187000000	1007.537
111000000	187000000	1225.6346
112000000	187000000	1177.0128
113000000	187000000	974.1943
114000000	187000000	821.26074
115000000	187000000	1158.3715
116000000	187000000	1090.5948
117000000	187000000	1156.6688
118000000	187000000	1352.1161
119000000	187000000	1263.3239
120000000	187000000	1571.2009
121000000	187000000	1677.9493
122000000	187000000	1574.9495
123000000	187000000	1531.8152
124000000	187000000	1710.7048
125000000	187000000	1817.2056
126000000	187000000	1778.9062
127000000	187000000	2013.6542
128000000	187000000	1946.9553
129000000	187000000	1988.842
130000000	187000000	2164.8186
131000000	187000000	2045.0677
132000000	187000000	2066.7178
133000000	187000000	2178.2795
134000000	187000000	2235.194
135000000	187000000	2176.3193
136000000	187000000	2223.3186
137000000	187000000	2240.4988
138000000	187000000	2473.15
139000000	187000000	2425.765
140000000	187000000	2430.4832
141000000	187000000	2864.6445
142000000	187000000	2742.4785
143000000	187000000	2898.6152
144000000	187000000	2902.1018
145000000	187000000	3340.1333
146000000	187000000	2174.9333
147000000	187000000	2657.149
148000000	187000000	2786.4558
149000000	187000000	3601.4885
150000000	187000000	3775.892
151000000	187000000	2486.9343
152000000	187000000	2827.6838
153000000	187000000	1990.1954
154000000	187000000	3190.9646
155000000	187000000	4374.8457
156000000	187000000	3574.9963
157000000	187000000	3544.0242
158000000	187000000	4139.766
159000000	187000000	3494.842
160000000	187000000	3914.972
161000000	187000000	4171.4805
162000000	187000000	3430.746
163000000	187000000	4286.349
164000000	187000000	4075.022
165000000	187000000	4610.762
166000000	187000000	4770.9395
167000000	187000000	4544.0107
168000000	187000000	5178.88
169000000	187000000	4827.771
170000000	187000000	4484.2173
171000000	187000000	5243.07
172000000	187000000	4354.237
173000000	187000000	5486.0513
174000000	187000000	5883.0625
175000000	187000000	5595.252
176000000	187000000	5870.07
177000000	187000000	6303.4395
178000000	187000000	7871.851
179000000	187000000	8656.592
180000000	187000000	9573.716
181000000	187000000	11876.644
182000000	187000000	18939.227
183000000	187000000	19055.26
184000000	187000000	22686.217
185000000	187000000	17049.912
186000000	187000000	68864.555
187000000	187000000	386698.06
0	188000000	925.84753
1000000	188000000	309.93958
2000000	188000000	184.09859
3000000	188000000	203.89719
4000000	188000000	314.935
5000000	188000000	591.00134
6000000	188000000	211.1648
7000000	188000000	328.42047
8000000	188000000	428.90912
9000000	188000000	442.57123
10000000	188000000	276.6905
11000000	188000000	440.24973
12000000	188000000	703.0072
13000000	188000000	405.9712
14000000	188000000	341.32343
15000000	188000000	246.98698
16000000	188000000	391.4123
17000000	188000000	321.07507
18000000	188000000	420.2299
19000000	188000000	671.51733
20000000	188000000	468.54282
21000000	188000000	620.223
22000000	188000000	475.8595
23000000	188000000	528.73175
24000000	188000000	374.00513
25000000	188000000	286.00473
26000000	188000000	193.82886
27000000	188000000	339.80515
28000000	188000000	427.20822
29000000	188000000	461.00055
30000000	188000000	360.45047
31000000	188000000	356.51675
32000000	188000000	380.69467
33000000	188000000	391.96262
34000000	188000000	367.358
35000000	188000000	293.26627
36000000	188000000	226.78601
37000000	188000000	225.56218
38000000	188000000	176.13788
39000000	188000000	143.43562
40000000	188000000	169.61108
41000000	188000000	311.64365
42000000	188000000	288.3487
43000000	188000000	399.5154
44000000	188000000	371.98187
45000000	188000000	423.19702
46000000	188000000	357.75482
47000000	188000000	292.97974
48000000	188000000	283.38315
49000000	188000000	516.65155
52000000	188000000	511.25717
53000000	188000000	535.2511
54000000	188000000	381.62006
55000000	188000000	646.05286
56000000	188000000	406.16815
57000000	188000000	388.7845
58000000	188000000	623.74255
59000000	188000000	672.0208
60000000	188000000	508.2339
61000000	188000000	700.3577
62000000	188000000	563.6032
63000000	188000000	664.3706
64000000	188000000	646.049
65000000	188000000	536.6366
66000000	188000000	593.40576
67000000	188000000	559.4679
68000000	188000000	407.53998
69000000	188000000	394.26797
70000000	188000000	436.93524
71000000	188000000	342.70673
72000000	188000000	571.8427
73000000	188000000	590.78973
74000000	188000000	433.357
75000000	188000000	435.21573
76000000	188000000	377.05426
77000000	188000000	461.22046
78000000	188000000	520.6453
79000000	188000000	422.74133
80000000	188000000	574.1687
81000000	188000000	471.76297
82000000	188000000	647.8063
83000000	188000000	418.8485
84000000	188000000	474.5399
85000000	188000000	851.1457
86000000	188000000	580.5831
87000000	188000000	449.55167
88000000	188000000	573.5205
89000000	188000000	455.22458
90000000	188000000	633.6728
91000000	188000000	687.43677
92000000	188000000	827.111
93000000	188000000	798.4917
94000000	188000000	725.97546
95000000	188000000	603.76227
96000000	188000000	819.4441
97000000	188000000	1130.4877
98000000	188000000	1314.9982
99000000	188000000	734.71716
100000000	188000000	783.5923
101000000	188000000	911.388
102000000	188000000	686.5139
103000000	188000000	493.0832
104000000	188000000	948.05145
105000000	188000000	604.84784
106000000	188000000	640.3221
107000000	188000000	1125.5359
108000000	188000000	1113.9689
109000000	188000000	1016.02844
110000000	188000000	728.0611
111000000	188000000	1070.4827
112000000	188000000	1141.0549
113000000	188000000	630.89575
114000000	188000000	574.32904
115000000	188000000	1024.6309
116000000	188000000	1010.0107
117000000	188000000	1100.152
118000000	188000000	1386.0967
119000000	188000000	964.65454
120000000	188000000	1251.0754
121000000	188000000	1538.5651
122000000	188000000	1168.9856
123000000	188000000	1066.3428
124000000	188000000	1218.6315
125000000	188000000	1838.0143
126000000	188000000	1606.1641
127000000	188000000	2085.6882
128000000	188000000	1564.8069
129000000	188000000	1369.5885
130000000	188000000	1902.0381
131000000	188000000	1906.2167
132000000	188000000	1885.8652
133000000	188000000	2311.9688
134000000	188000000	2361.9124
135000000	188000000	2377.5059
136000000	188000000	2389.952
137000000	188000000	2049.4363
138000000	188000000	2153.961
139000000	188000000	1770.8909
140000000	188000000	1428.017
141000000	188000000	2065.0479
142000000	188000000	2336.162
143000000	188000000	2633.4573
144000000	188000000	2144.4797
145000000	188000000	2947.4531
146000000	188000000	1334.5721
147000000	188000000	1914.0587
148000000	188000000	1982.2533
149000000	188000000	3316.6296
150000000	188000000	3601.8794
151000000	188000000	1479.571
152000000	188000000	2035.9314
153000000	188000000	1170.0786
154000000	188000000	2177.5762
155000000	188000000	3573.6426
156000000	188000000	2816.687
157000000	188000000	3248.4973
158000000	188000000	4169.477
159000000	188000000	2756.7395
160000000	188000000	3074.1636
161000000	188000000	4018.7263
162000000	188000000	2960.7512
163000000	188000000	3846.0017
164000000	188000000	3202.3008
165000000	188000000	3832.407
166000000	188000000	3914.4714
167000000	188000000	4544.2144
168000000	188000000	5553.997
169000000	188000000	3826.1743
170000000	188000000	3064.5256
171000000	188000000	4906.304
172000000	188000000	4112.6504
173000000	188000000	4902.1978
174000000	188000000	4735.3203
175000000	188000000	4701.9443
176000000	188000000	5398.2153
177000000	188000000	5175.7837
178000000	188000000	6751.46
179000000	188000000	9926.678
180000000	188000000	9662.718
181000000	188000000	10109.554
182000000	188000000	16643.945
183000000	188000000	13140.127
184000000	188000000	11778.638
185000000	188000000	6336.941
186000000	188000000	15626.251
187000000	188000000	116422.27
188000000	188000000	406567.97
0	189000000	1035.1733
1000000	189000000	353.39935
2000000	189000000	189.40369
3000000	189000000	224.90134
4000000	189000000	324.70715
5000000	189000000	660.30255
6000000	189000000	259.25946
7000000	189000000	359.73654
8000000	189000000	468.0205
9000000	189000000	437.80972
10000000	189000000	317.9627
11000000	189000000	440.04364
12000000	189000000	737.7034
13000000	189000000	431.5874
14000000	189000000	363.04956
15000000	189000000	288.87326
16000000	189000000	413.5778
17000000	189000000	321.65015
18000000	189000000	460.60822
19000000	189000000	699.1579
20000000	189000000	486.28772
21000000	189000000	594.3443
22000000	189000000	503.5996
23000000	189000000	463.59702
24000000	189000000	416.02197
25000000	189000000	307.25177
26000000	189000000	220.72192
27000000	189000000	345.96976
28000000	189000000	421.73337
29000000	189000000	459.40756
30000000	189000000	432.01932
31000000	189000000	394.08063
32000000	189000000	452.44998
33000000	189000000	339.42667
34000000	189000000	337.0605
35000000	189000000	299.44205
36000000	189000000	244.76692
37000000	189000000	289.52402
38000000	189000000	182.56693
39000000	189000000	180.6588
40000000	189000000	201.19168
41000000	189000000	343.3252
42000000	189000000	281.32162
43000000	189000000	430.71167
44000000	189000000	343.33212
45000000	189000000	451.44553
46000000	189000000	372.90216
47000000	189000000	305.75223
48000000	189000000	294.1851
49000000	189000000	514.9103
52000000	189000000	562.2531
53000000	189000000	581.4512
54000000	189000000	381.9197
55000000	189000000	655.3049
56000000	189000000	447.36078
57000000	189000000	343.53107
58000000	189000000	619.99304
59000000	189000000	676.4014
60000000	189000000	524.025
61000000	189000000	689.4254
62000000	189000000	569.4886
63000000	189000000	735.21466
64000000	189000000	702.4663
65000000	189000000	624.4117
66000000	189000000	568.3045
67000000	189000000	581.89935
68000000	189000000	391.60187
69000000	189000000	427.86514
70000000	189000000	424.07388
71000000	189000000	392.17697
72000000	189000000	566.6613
73000000	189000000	609.0218
74000000	189000000	460.83627
75000000	189000000	452.38382
76000000	189000000	407.29706
77000000	189000000	437.9175
78000000	189000000	565.54987
79000000	189000000	440.18918
80000000	189000000	574.61237
81000000	189000000	505.5797
82000000	189000000	687.47375
83000000	189000000	471.04004
84000000	189000000	509.79303
85000000	189000000	828.3327
86000000	189000000	579.52386
87000000	189000000	462.91833
88000000	189000000	565.69653
89000000	189000000	532.53687
90000000	189000000	630.99615
91000000	189000000	739.9712
92000000	189000000	877.5672
93000000	189000000	776.77
94000000	189000000	699.917
95000000	189000000	650.9911
96000000	189000000	804.9772
97000000	189000000	1119.7357
98000000	189000000	1248.7853
99000000	189000000	725.9801
100000000	189000000	850.96716
101000000	189000000	902.2284
102000000	189000000	734.95807
103000000	189000000	488.21054
104000000	189000000	949.71765
105000000	189000000	726.36285
106000000	189000000	637.2488
107000000	189000000	1152.9432
108000000	189000000	1131.972
109000000	189000000	1055.238
110000000	189000000	755.96747
111000000	189000000	1061.9971
112000000	189000000	1086.9712
113000000	189000000	620.7562
114000000	189000000	610.5795
115000000	189000000	1073.4585
116000000	189000000	1013.77386
117000000	189000000	1084.6572
118000000	189000000	1291.6313
119000000	189000000	964.896
120000000	189000000	1217.6329
121000000	189000000	1548.9617
122000000	189000000	1144.6641
123000000	189000000	1184.6136
124000000	189000000	1208.8209
125000000	189000000	1811.2168
126000000	189000000	1642.4717
127000000	189000000	2046.611
128000000	189000000	1591.6111
129000000	189000000	1445.8932
130000000	189000000	1932.852
131000000	189000000	1899.1708
132000000	189000000	1836.7261
133000000	189000000	2254.8528
134000000	189000000	2356.6968
135000000	189000000	2280.003
136000000	189000000	2228.6416
137000000	189000000	2074.5825
138000000	189000000	2116.65
139000000	189000000	1749.9413
140000000	189000000	1428.517
141000000	189000000	2071.8394
142000000	189000000	2440.8342
143000000	189000000	2771.384
144000000	189000000	2265.7795
145000000	189000000	2962.871
146000000	189000000	1468.9631
147000000	189000000	1972.4589
148000000	189000000	2017.9926
149000000	189000000	3231.6353
150000000	189000000	3612.2454
151000000	189000000	1590.5956
152000000	189000000	2003.8605
153000000	189000000	1236.3315
154000000	189000000	2344.4585
155000000	189000000	3412.8264
156000000	189000000	2782.4563
157000000	189000000	3028.4954
158000000	189000000	3883.0344
159000000	189000000	2629.379
160000000	189000000	3064.3596
161000000	189000000	3878.4797
162000000	189000000	2958.6565
163000000	189000000	3611.621
164000000	189000000	3255.8552
165000000	189000000	3800.723
166000000	189000000	3885.294
167000000	189000000	4393.2153
168000000	189000000	5250.3657
169000000	189000000	3812.7964
170000000	189000000	3018.3662
171000000	189000000	5055.147
172000000	189000000	3923.8342
173000000	189000000	4872.858
174000000	189000000	4586.19
175000000	189000000	4493.8413
176000000	189000000	5123.604
177000000	189000000	4981.34
178000000	189000000	6871.282
179000000	189000000	9594.197
180000000	189000000	9455.975
181000000	189000000	9312.45
182000000	189000000	15224.087
183000000	189000000	11734.712
184000000	189000000	10916.319
185000000	189000000	5739.4326
186000000	189000000	13103.193
187000000	189000000	69571.52
188000000	189000000	142073.53
189000000	189000000	419155.56
0	190000000	1861.5841
1000000	190000000	557.0605
2000000	190000000	233.89008
3000000	190000000	288.23553
4000000	190000000	499.37708
5000000	190000000	824.9454
6000000	190000000	322.11655
7000000	190000000	484.34692
8000000	190000000	604.06573
9000000	190000000	676.3676
10000000	190000000	416.50815
11000000	190000000	498.66272
12000000	190000000	795.29895
13000000	190000000	491.40897
14000000	190000000	442.9537
15000000	190000000	326.89276
16000000	190000000	459.47073
17000000	190000000	432.84116
18000000	190000000	481.6471
19000000	190000000	765.71277
20000000	190000000	472.34323
21000000	190000000	622.65283
22000000	190000000	534.5424
23000000	190000000	563.81805
24000000	190000000	493.89066
25000000	190000000	332.29663
26000000	190000000	311.7008
27000000	190000000	388.62518
28000000	190000000	497.57535
29000000	190000000	492.73853
30000000	190000000	438.49957
31000000	190000000	339.13882
32000000	190000000	397.85678
33000000	190000000	587.6769
34000000	190000000	383.78897
35000000	190000000	289.55353
36000000	190000000	322.9901
37000000	190000000	303.29837
38000000	190000000	231.05463
39000000	190000000	178.6897
40000000	190000000	207.25224
41000000	190000000	378.2434
42000000	190000000	312.2016
43000000	190000000	427.6086
44000000	190000000	396.73706
45000000	190000000	457.9546
46000000	190000000	389.65613
47000000	190000000	327.31396
48000000	190000000	439.29932
49000000	190000000	1227.2678
52000000	190000000	864.70624
53000000	190000000	686.3475
54000000	190000000	455.73404
55000000	190000000	702.51855
56000000	190000000	508.38162
57000000	190000000	468.91022
58000000	190000000	692.57587
59000000	190000000	672.7523
60000000	190000000	546.92773
61000000	190000000	593.8906
62000000	190000000	587.0975
63000000	190000000	745.9375
64000000	190000000	723.68396
65000000	190000000	573.0701
66000000	190000000	574.23065
67000000	190000000	529.597
68000000	190000000	470.08426
69000000	190000000	432.7962
70000000	190000000	448.07373
71000000	190000000	422.0228
72000000	190000000	563.34357
73000000	190000000	575.9637
74000000	190000000	507.53345
75000000	190000000	503.98672
76000000	190000000	480.52185
77000000	190000000	512.2293
78000000	190000000	607.51355
79000000	190000000	486.54526
80000000	190000000	600.31116
81000000	190000000	528.45416
82000000	190000000	685.03766
83000000	190000000	579.1093
84000000	190000000	609.6148
85000000	190000000	858.4958
86000000	190000000	626.54095
87000000	190000000	563.6162
88000000	190000000	620.46655
89000000	190000000	555.79205
90000000	190000000	680.54395
91000000	190000000	671.547
92000000	190000000	841.8132
93000000	190000000	728.9994
94000000	190000000	694.3787
95000000	190000000	708.864
96000000	190000000	803.64905
97000000	190000000	998.374
98000000	190000000	1253.1556
99000000	190000000	889.84766
100000000	190000000	883.0541
101000000	190000000	881.11646
102000000	190000000	681.4649
103000000	190000000	591.2607
104000000	190000000	1005.6589
105000000	190000000	737.59247
106000000	190000000	704.20404
107000000	190000000	1124.4688
108000000	190000000	1089.2885
109000000	190000000	1079.5977
110000000	190000000	890.2836
111000000	190000000	1108.1023
112000000	190000000	1023.86285
113000000	190000000	760.92975
114000000	190000000	718.1132
115000000	190000000	1043.3077
116000000	190000000	961.86365
117000000	190000000	1079.3766
118000000	190000000	1268.6633
119000000	190000000	1042.4215
120000000	190000000	1281.8632
121000000	190000000	1396.0969
122000000	190000000	1252.6022
123000000	190000000	1306.784
124000000	190000000	1320.4812
125000000	190000000	1670.278
126000000	190000000	1490.9827
127000000	190000000	1824.0364
128000000	190000000	1749.945
129000000	190000000	1674.8269
130000000	190000000	1894.3793
131000000	190000000	1723.2366
132000000	190000000	1926.9219
133000000	190000000	2110.2644
134000000	190000000	1994.2451
135000000	190000000	2034.7213
136000000	190000000	2062.8447
137000000	190000000	1894.8654
138000000	190000000	2095.9424
139000000	190000000	1852.4006
140000000	190000000	1637.6373
141000000	190000000	2103.4155
142000000	190000000	2466.6033
143000000	190000000	2358.9019
144000000	190000000	2398.2368
145000000	190000000	2822.1902
146000000	190000000	1694.2396
147000000	190000000	2102.597
148000000	190000000	2146.3376
149000000	190000000	3098.6968
150000000	190000000	3298.6436
151000000	190000000	1892.2024
152000000	190000000	2210.0803
153000000	190000000	1495.681
154000000	190000000	2565.1807
155000000	190000000	3524.1025
156000000	190000000	2880.1396
157000000	190000000	2831.0178
158000000	190000000	3441.9673
159000000	190000000	2686.342
160000000	190000000	3079.886
161000000	190000000	3578.8997
162000000	190000000	2875.1648
163000000	190000000	3332.0576
164000000	190000000	3116.5964
165000000	190000000	3648.3623
166000000	190000000	3731.9768
167000000	190000000	4469.7114
168000000	190000000	4713.7188
169000000	190000000	3999.0903
170000000	190000000	3680.0276
171000000	190000000	4627.405
172000000	190000000	3679.128
173000000	190000000	4563.391
174000000	190000000	4518.048
175000000	190000000	4456.0767
176000000	190000000	4854.996
177000000	190000000	4813.9053
178000000	190000000	6377.537
179000000	190000000	8227.3545
180000000	190000000	8217.09
181000000	190000000	7977.766
182000000	190000000	13199.437
183000000	190000000	11224.912
184000000	190000000	11274.207
185000000	190000000	6893.462
186000000	190000000	14497.582
187000000	190000000	65032.867
188000000	190000000	92995.586
189000000	190000000	135085.48
190000000	190000000	467727.6
0	191000000	23222.643
1000000	191000000	598.47186
2000000	191000000	113.96808
3000000	191000000	309.824
4000000	191000000	211.9739
5000000	191000000	359.2132
6000000	191000000	154.0672
7000000	191000000	199.89497
8000000	191000000	322.20465
9000000	191000000	123.29017
10000000	191000000	112.1158
11000000	191000000	189.65482
12000000	191000000	227.28236
13000000	191000000	176.70975
14000000	191000000	131.8008
15000000	191000000	99.878075
16000000	191000000	215.08957
17000000	191000000	131.69688
18000000	191000000	81.437485
19000000	191000000	123.614075
20000000	191000000	221.22925
21000000	191000000	44.78096
22000000	191000000	157.89203
23000000	191000000	151.62463
24000000	191000000	187.37027
25000000	191000000	92.52505
26000000	191000000	194.38654
27000000	191000000	118.73966
28000000	191000000	72.37118
29000000	191000000	101.38749
30000000	191000000	89.92228
31000000	191000000	24.62414
32000000	191000000	25.051838
33000000	191000000	49.821342
34000000	191000000	79.059006
35000000	191000000	66.241005
36000000	191000000	105.78536
37000000	191000000	48.96346
38000000	191000000	44.38308
39000000	191000000	99.205734
40000000	191000000	59.062183
41000000	191000000	99.53513
42000000	191000000	131.14664
44000000	191000000	87.57093
45000000	191000000	124.097855
46000000	191000000	111.147514
47000000	191000000	87.447235
48000000	191000000	127.58632
49000000	191000000	1248.5255
52000000	191000000	283.499
53000000	191000000	166.91267
54000000	191000000	184.64468
55000000	191000000	103.3352
56000000	191000000	68.57522
57000000	191000000	146.21367
58000000	191000000	189.55673
60000000	191000000	122.05369
61000000	191000000	97.959946
62000000	191000000	146.05292
63000000	191000000	95.52432
64000000	191000000	26.209866
65000000	191000000	124.23376
66000000	191000000	76.888
67000000	191000000	99.21797
68000000	191000000	56.765633
69000000	191000000	156.37381
70000000	191000000	100.73389
71000000	191000000	71.15793
72000000	191000000	61.79828
73000000	191000000	147.07188
74000000	191000000	91.68858
75000000	191000000	98.30359
76000000	191000000	104.170555
77000000	191000000	175.93439
78000000	191000000	129.16348
79000000	191000000	150.33958
80000000	191000000	42.370914
81000000	191000000	57.41752
82000000	191000000	75.193306
83000000	191000000	98.37322
84000000	191000000	116.88901
85000000	191000000	79.92459
86000000	191000000	39.288364
87000000	191000000	173.1356
88000000	191000000	136.45805
89000000	191000000	99.03131
90000000	191000000	56.639572
91000000	191000000	45.59621
92000000	191000000	73.27657
93000000	191000000	95.16211
94000000	191000000	82.97028
95000000	191000000	110.89733
96000000	191000000	164.52489
97000000	191000000	120.81632
98000000	191000000	24.286957
99000000	191000000	135.88403
100000000	191000000	160.3769
101000000	191000000	58.81662
102000000	191000000	59.661106
103000000	191000000	135.94554
104000000	191000000	161.49117
105000000	191000000	72.212875
106000000	191000000	114.90672
107000000	191000000	127.97894
108000000	191000000	130.59818
109000000	191000000	141.08022
110000000	191000000	84.86238
111000000	191000000	73.03148
112000000	191000000	174.57484
113000000	191000000	49.276558
114000000	191000000	99.82349
115000000	191000000	80.87988
116000000	191000000	45.259907
117000000	191000000	118.17882
118000000	191000000	164.14632
119000000	191000000	87.15586
120000000	191000000	126.863
121000000	191000000	63.812733
122000000	191000000	136.99667
123000000	191000000	202.53995
124000000	191000000	238.77052
125000000	191000000	89.96108
126000000	191000000	92.25575
127000000	191000000	170.4123
128000000	191000000	266.8893
129000000	191000000	230.90068
130000000	191000000	207.11299
131000000	191000000	141.60751
132000000	191000000	173.19518
133000000	191000000	250.77014
134000000	191000000	122.224365
135000000	191000000	127.69636
136000000	191000000	304.16602
137000000	191000000	227.30956
138000000	191000000	66.26253
139000000	191000000	225.15916
140000000	191000000	225.48087
141000000	191000000	298.31232
142000000	191000000	214.33568
143000000	191000000	339.2081
144000000	191000000	274.587
145000000	191000000	314.5949
146000000	191000000	209.68132
147000000	191000000	274.46878
148000000	191000000	297.4499
149000000	191000000	179.85791
150000000	191000000	349.8964
151000000	191000000	362.16168
152000000	191000000	344.23227
153000000	191000000	260.35718
154000000	191000000	222.7111
155000000	191000000	303.20853
156000000	191000000	320.39932
157000000	191000000	253.33157
158000000	191000000	194.26125
159000000	191000000	325.25543
160000000	191000000	258.11578
161000000	191000000	127.848274
162000000	191000000	251.67183
163000000	191000000	271.24243
164000000	191000000	276.9229
165000000	191000000	251.36911
166000000	191000000	314.84586
167000000	191000000	398.98853
168000000	191000000	281.52527
169000000	191000000	319.93362
170000000	191000000	608.61536
171000000	191000000	193.56493
172000000	191000000	274.69086
173000000	191000000	337.80313
174000000	191000000	294.09784
175000000	191000000	496.75775
176000000	191000000	359.38907
177000000	191000000	371.02756
178000000	191000000	539.943
179000000	191000000	472.07135
180000000	191000000	375.65292
181000000	191000000	519.39764
182000000	191000000	875.70715
183000000	191000000	1010.57776
184000000	191000000	1621.5099
185000000	191000000	934.2742
186000000	191000000	2074.0874
187000000	191000000	3941.9214
188000000	191000000	3417.593
189000000	191000000	3646.6755
190000000	191000000	8902.117
191000000	191000000	1005455.5
