0	0	696760.2
0	1000000	178402.86
1000000	1000000	581548.4
0	2000000	21803.656
1000000	2000000	75831.055
2000000	2000000	473913.66
0	3000000	12561.751
1000000	3000000	27359.598
2000000	3000000	165145.45
3000000	3000000	482472.62
0	4000000	10486.647
1000000	4000000	23982.037
2000000	4000000	96945.75
3000000	4000000	153454.69
4000000	4000000	461107.16
0	5000000	15521.331
1000000	5000000	27521.248
2000000	5000000	36792.477
3000000	5000000	35872.117
4000000	5000000	83681.56
5000000	5000000	459234.6
0	6000000	16466.514
1000000	6000000	25151.04
2000000	6000000	19066.666
3000000	6000000	16842.635
4000000	6000000	26869.379
5000000	6000000	169207.16
6000000	6000000	502925.16
0	7000000	9123.016
1000000	7000000	13028.43
2000000	7000000	18244.752
3000000	7000000	18205.979
4000000	7000000	25694.652
5000000	7000000	46975.75
6000000	7000000	94132.055
7000000	7000000	464903.0
0	8000000	6038.501
1000000	8000000	7532.1616
2000000	8000000	14101.051
3000000	8000000	15475.0205
4000000	8000000	19908.49
5000000	8000000	20944.107
6000000	8000000	24776.697
7000000	8000000	106165.12
8000000	8000000	487301.56
0	9000000	7601.3086
1000000	9000000	9632.922
2000000	9000000	11778.349
3000000	9000000	11421.18
4000000	9000000	13929.907
5000000	9000000	18835.969
6000000	9000000	23201.715
7000000	9000000	62318.855
8000000	9000000	153064.39
9000000	9000000	472664.75
0	10000000	10456.687
1000000	10000000	12977.207
2000000	10000000	7664.4766
3000000	10000000	6485.8486
4000000	10000000	7597.855
5000000	10000000	14902.673
6000000	10000000	21864.871
7000000	10000000	30131.523
8000000	10000000	34951.043
9000000	10000000	91092.23
10000000	10000000	509596.7
0	11000000	5337.4443
1000000	11000000	7035.859
2000000	11000000	11245.832
3000000	11000000	11192.41
4000000	11000000	13190.638
5000000	11000000	13655.772
6000000	11000000	13196.216
7000000	11000000	24823.594
8000000	11000000	28155.975
9000000	11000000	37745.508
10000000	11000000	112724.5
11000000	11000000	452307.72
0	12000000	3582.771
1000000	12000000	4147.7383
2000000	12000000	12933.476
3000000	12000000	14737.9
4000000	12000000	17562.844
5000000	12000000	10589.833
6000000	12000000	8568.09
7000000	12000000	16033.945
8000000	12000000	21478.518
9000000	12000000	19857.453
10000000	12000000	26039.084
11000000	12000000	100637.68
12000000	12000000	510013.8
0	13000000	4322.433
1000000	13000000	5657.488
2000000	13000000	11045.365
3000000	13000000	11016.045
4000000	13000000	13034.935
5000000	13000000	11323.925
6000000	13000000	10075.915
7000000	13000000	17377.26
8000000	13000000	18860.186
9000000	13000000	19318.525
10000000	13000000	25625.887
11000000	13000000	68116.76
12000000	13000000	120068.914
13000000	13000000	444220.7
0	14000000	9040.114
1000000	14000000	10988.109
2000000	14000000	5517.3877
3000000	14000000	4487.6587
4000000	14000000	5028.837
5000000	14000000	10828.529
6000000	14000000	14197.359
7000000	14000000	12638.873
8000000	14000000	10122.786
9000000	14000000	15152.577
10000000	14000000	32968.57
11000000	14000000	25750.355
12000000	14000000	23256.576
13000000	14000000	86701.61
14000000	14000000	544042.3
0	15000000	4657.977
1000000	15000000	6234.9976
2000000	15000000	13078.883
3000000	15000000	12876.138
4000000	15000000	14201.52
5000000	15000000	11428.481
6000000	15000000	9357.467
7000000	15000000	14510.252
8000000	15000000	14439.368
9000000	15000000	13923.829
10000000	15000000	12570.588
11000000	15000000	25051.111
12000000	15000000	29741.07
13000000	15000000	50387.504
14000000	15000000	74350.32
15000000	15000000	472522.97
0	16000000	6584.4604
1000000	16000000	8627.539
2000000	16000000	11903.018
3000000	16000000	10954.089
4000000	16000000	11334.84
5000000	16000000	11469.317
6000000	16000000	10245.549
7000000	16000000	12519.02
8000000	16000000	11052.317
9000000	16000000	11961.825
10000000	16000000	13230.698
11000000	16000000	17870.08
12000000	16000000	17641.918
13000000	16000000	26247.4
14000000	16000000	32514.621
15000000	16000000	111500.445
16000000	16000000	427309.6
0	17000000	5758.3457
1000000	17000000	7153.308
2000000	17000000	10259.515
3000000	17000000	9775.676
4000000	17000000	9825.978
5000000	17000000	8853.461
6000000	17000000	8269.458
7000000	17000000	8361.392
8000000	17000000	8258.629
9000000	17000000	8965.901
10000000	17000000	9891.541
11000000	17000000	10729.947
12000000	17000000	12581.591
13000000	17000000	14164.329
14000000	17000000	17448.832
15000000	17000000	30440.29
16000000	17000000	115913.52
17000000	17000000	489494.28
0	18000000	3895.7
1000000	18000000	3983.338
2000000	18000000	6048.794
3000000	18000000	6217.6777
4000000	18000000	7200.7227
5000000	18000000	6643.8945
6000000	18000000	5920.205
7000000	18000000	7420.7114
8000000	18000000	7654.2866
9000000	18000000	7274.6367
10000000	18000000	7469.185
11000000	18000000	9766.029
12000000	18000000	11605.576
13000000	18000000	12628.311
14000000	18000000	11911.119
15000000	18000000	21695.348
16000000	18000000	46694.664
17000000	18000000	131094.16
18000000	18000000	451808.22
0	19000000	2950.5208
1000000	19000000	3149.7766
2000000	19000000	5824.206
3000000	19000000	6380.7964
4000000	19000000	7387.2344
5000000	19000000	5888.873
6000000	19000000	4950.179
7000000	19000000	7455.3447
8000000	19000000	8242.663
9000000	19000000	6644.2812
10000000	19000000	5780.758
11000000	19000000	9710.295
12000000	19000000	11626.619
13000000	19000000	12485.358
14000000	19000000	8622.698
15000000	19000000	17406.598
16000000	19000000	23006.152
17000000	19000000	30156.764
18000000	19000000	120515.2
19000000	19000000	478841.1
0	20000000	2817.1675
1000000	20000000	2844.0024
2000000	20000000	6357.9727
3000000	20000000	6923.7515
4000000	20000000	8098.0854
5000000	20000000	5677.589
6000000	20000000	4587.8047
7000000	20000000	6839.8755
8000000	20000000	7763.344
9000000	20000000	6419.323
10000000	20000000	5416.636
11000000	20000000	9033.516
12000000	20000000	11056.851
13000000	20000000	11205.658
14000000	20000000	7151.6045
15000000	20000000	14658.057
16000000	20000000	17167.059
17000000	20000000	20835.54
18000000	20000000	46925.016
19000000	20000000	118785.12
20000000	20000000	506120.7
0	21000000	3397.982
1000000	21000000	3430.6838
2000000	21000000	5431.076
3000000	21000000	5734.756
4000000	21000000	6760.9443
5000000	21000000	5834.5693
6000000	21000000	5303.0576
7000000	21000000	7083.582
8000000	21000000	7103.8906
9000000	21000000	6478.7275
10000000	21000000	5977.336
11000000	21000000	8480.014
12000000	21000000	9217.367
13000000	21000000	10163.028
14000000	21000000	8224.625
15000000	21000000	12177.667
16000000	21000000	15080.074
17000000	21000000	17356.799
18000000	21000000	37964.434
19000000	21000000	54265.906
20000000	21000000	105108.66
21000000	21000000	485531.97
0	22000000	3218.9387
1000000	22000000	3087.1875
2000000	22000000	5108.471
3000000	22000000	5573.227
4000000	22000000	6401.3306
5000000	22000000	5752.6074
6000000	22000000	5188.6333
7000000	22000000	6968.206
8000000	22000000	6671.7607
9000000	22000000	6247.3896
10000000	22000000	5671.2783
11000000	22000000	8085.0254
12000000	22000000	8439.476
13000000	22000000	9507.133
14000000	22000000	7436.4893
15000000	22000000	10602.917
16000000	22000000	11516.396
17000000	22000000	11726.471
18000000	22000000	19851.59
19000000	22000000	26634.812
20000000	22000000	32060.229
21000000	22000000	93157.836
22000000	22000000	493424.22
0	23000000	3148.876
1000000	23000000	3397.5933
2000000	23000000	5811.1304
3000000	23000000	6360.356
4000000	23000000	7399.0845
5000000	23000000	5858.5674
6000000	23000000	5118.639
7000000	23000000	6885.383
8000000	23000000	7065.0825
9000000	23000000	6154.377
10000000	23000000	5646.1797
11000000	23000000	7696.8955
12000000	23000000	9004.43
13000000	23000000	8705.984
14000000	23000000	7134.712
15000000	23000000	9839.578
16000000	23000000	10337.077
17000000	23000000	10757.269
18000000	23000000	14488.594
19000000	23000000	17554.156
20000000	23000000	20774.357
21000000	23000000	39179.25
22000000	23000000	125697.04
23000000	23000000	473670.78
0	24000000	2804.6335
1000000	24000000	3069.686
2000000	24000000	7793.9497
3000000	24000000	8752.055
4000000	24000000	9868.665
5000000	24000000	6139.5176
6000000	24000000	4794.4795
7000000	24000000	7296.5674
8000000	24000000	7829.6694
9000000	24000000	6032.2437
10000000	24000000	4526.166
11000000	24000000	7923.9883
12000000	24000000	10212.387
13000000	24000000	8985.221
14000000	24000000	5055.3022
15000000	24000000	10079.785
16000000	24000000	8969.387
17000000	24000000	8511.164
18000000	24000000	10317.237
19000000	24000000	13535.748
20000000	24000000	15579.617
21000000	24000000	20149.16
22000000	24000000	32259.553
23000000	24000000	88518.49
24000000	24000000	441563.28
0	25000000	2613.646
1000000	25000000	2766.6807
2000000	25000000	8029.3276
3000000	25000000	9339.173
4000000	25000000	10248.178
5000000	25000000	5999.12
6000000	25000000	4358.852
7000000	25000000	6458.196
8000000	25000000	7405.377
9000000	25000000	5582.232
10000000	25000000	4115.589
11000000	25000000	7024.2754
12000000	25000000	9709.038
13000000	25000000	7615.244
14000000	25000000	4423.5376
15000000	25000000	8690.53
16000000	25000000	7603.355
17000000	25000000	7564.7905
18000000	25000000	8160.6367
19000000	25000000	9939.874
20000000	25000000	11556.011
21000000	25000000	12096.21
22000000	25000000	16488.244
23000000	25000000	29089.758
24000000	25000000	105454.75
25000000	25000000	478501.28
0	26000000	2602.2986
1000000	26000000	2712.1792
2000000	26000000	7942.7075
3000000	26000000	9090.446
4000000	26000000	9925.606
5000000	26000000	5888.888
6000000	26000000	4153.497
7000000	26000000	6347.587
8000000	26000000	7085.178
9000000	26000000	5451.2593
10000000	26000000	3938.2205
11000000	26000000	6838.756
12000000	26000000	9348.061
13000000	26000000	7886.233
14000000	26000000	4070.6663
15000000	26000000	8185.6777
16000000	26000000	7401.4795
17000000	26000000	6942.4053
18000000	26000000	7532.8384
19000000	26000000	9186.684
20000000	26000000	10324.278
21000000	26000000	10818.002
22000000	26000000	13481.12
23000000	26000000	21932.58
24000000	26000000	62908.773
25000000	26000000	121882.46
26000000	26000000	449815.84
0	27000000	2505.6677
1000000	27000000	2534.5447
2000000	27000000	6902.179
3000000	27000000	7779.821
4000000	27000000	8528.63
5000000	27000000	5451.6714
6000000	27000000	4198.434
7000000	27000000	6151.6445
8000000	27000000	6717.4214
9000000	27000000	5332.2217
10000000	27000000	4009.6714
11000000	27000000	6661.092
12000000	27000000	8860.176
13000000	27000000	7522.267
14000000	27000000	4267.4585
15000000	27000000	7584.637
16000000	27000000	6944.516
17000000	27000000	6310.356
18000000	27000000	6914.512
19000000	27000000	8548.159
20000000	27000000	9335.408
21000000	27000000	9121.06
22000000	27000000	10864.789
23000000	27000000	15556.356
24000000	27000000	34590.035
25000000	27000000	43862.438
26000000	27000000	103800.36
27000000	27000000	482051.12
0	28000000	2548.991
1000000	28000000	2671.512
2000000	28000000	6689.4917
3000000	28000000	7536.6387
4000000	28000000	8334.197
5000000	28000000	5363.9204
6000000	28000000	4166.488
7000000	28000000	5951.001
8000000	28000000	6852.8394
9000000	28000000	5291.225
10000000	28000000	4077.916
11000000	28000000	6620.395
12000000	28000000	8704.646
13000000	28000000	7356.243
14000000	28000000	4400.541
15000000	28000000	7636.647
16000000	28000000	6868.5835
17000000	28000000	6020.7246
18000000	28000000	6881.098
19000000	28000000	8435.473
20000000	28000000	8963.79
21000000	28000000	8949.317
22000000	28000000	10326.872
23000000	28000000	14620.625
24000000	28000000	28074.14
25000000	28000000	31916.02
26000000	28000000	52179.113
27000000	28000000	110852.516
28000000	28000000	464265.56
0	29000000	2179.8982
1000000	29000000	2562.1604
2000000	29000000	6974.7744
3000000	29000000	8056.0737
4000000	29000000	8847.221
5000000	29000000	5372.076
6000000	29000000	4189.2554
7000000	29000000	6269.3135
8000000	29000000	7274.7344
9000000	29000000	5616.5854
10000000	29000000	3962.1343
11000000	29000000	7343.141
12000000	29000000	9606.927
13000000	29000000	8182.1045
14000000	29000000	4069.4895
15000000	29000000	8585.466
16000000	29000000	6850.887
17000000	29000000	6081.345
18000000	29000000	6903.612
19000000	29000000	8993.315
20000000	29000000	9298.206
21000000	29000000	9824.253
22000000	29000000	10586.279
23000000	29000000	13387.095
24000000	29000000	22468.732
25000000	29000000	22991.045
26000000	29000000	29269.387
27000000	29000000	41226.67
28000000	29000000	99892.09
29000000	29000000	477043.5
0	30000000	2534.4944
1000000	30000000	2677.88
2000000	30000000	7035.2407
3000000	30000000	7691.978
4000000	30000000	8382.579
5000000	30000000	5734.039
6000000	30000000	4341.0254
7000000	30000000	7035.668
8000000	30000000	7697.6885
9000000	30000000	6020.5146
10000000	30000000	4316.7417
11000000	30000000	7730.582
12000000	30000000	9085.545
13000000	30000000	8691.659
14000000	30000000	4472.335
15000000	30000000	9136.431
16000000	30000000	7468.322
17000000	30000000	6124.304
18000000	30000000	7271.395
19000000	30000000	8553.174
20000000	30000000	8976.527
21000000	30000000	8962.644
22000000	30000000	10294.155
23000000	30000000	11866.326
24000000	30000000	17648.7
25000000	30000000	16914.398
26000000	30000000	19515.531
27000000	30000000	24700.021
28000000	30000000	41033.35
29000000	30000000	99324.48
30000000	30000000	492146.22
0	31000000	5723.1685
1000000	31000000	6845.566
2000000	31000000	6200.0137
3000000	31000000	5205.062
4000000	31000000	5218.99
5000000	31000000	7417.1006
6000000	31000000	7509.2617
7000000	31000000	7793.4106
8000000	31000000	6255.2227
9000000	31000000	7090.1245
10000000	31000000	8003.502
11000000	31000000	7498.9927
12000000	31000000	5628.931
13000000	31000000	7263.098
14000000	31000000	8860.385
15000000	31000000	7749.3286
16000000	31000000	8684.243
17000000	31000000	6802.272
18000000	31000000	6351.347
19000000	31000000	6179.288
20000000	31000000	6071.947
21000000	31000000	7362.634
22000000	31000000	7949.3184
23000000	31000000	8823.559
24000000	31000000	10845.429
25000000	31000000	9913.1875
26000000	31000000	11000.18
27000000	31000000	13898.481
28000000	31000000	20814.762
29000000	31000000	33202.316
30000000	31000000	87053.91
31000000	31000000	436275.66
0	32000000	6550.424
1000000	32000000	6909.423
2000000	32000000	4152.3447
3000000	32000000	3466.8335
4000000	32000000	3461.9683
5000000	32000000	5651.4546
6000000	32000000	6778.399
7000000	32000000	5435.881
8000000	32000000	4408.7437
9000000	32000000	5785.8047
10000000	32000000	8009.3696
11000000	32000000	4728.214
12000000	32000000	3675.9695
13000000	32000000	4417.0947
14000000	32000000	8802.11
15000000	32000000	5013.0405
16000000	32000000	6520.298
17000000	32000000	6301.0854
18000000	32000000	5172.9683
19000000	32000000	4495.1406
20000000	32000000	4544.506
21000000	32000000	5597.514
22000000	32000000	5710.2666
23000000	32000000	6601.4214
24000000	32000000	6395.828
25000000	32000000	6285.502
26000000	32000000	6681.161
27000000	32000000	7956.893
28000000	32000000	9977.165
29000000	32000000	12665.316
30000000	32000000	19742.443
31000000	32000000	121822.47
32000000	32000000	510222.72
0	33000000	4511.531
1000000	33000000	4967.0356
2000000	33000000	4506.8574
3000000	33000000	3887.9438
4000000	33000000	3888.837
5000000	33000000	5105.636
6000000	33000000	5264.2793
7000000	33000000	5104.4956
8000000	33000000	4709.5894
9000000	33000000	5290.3677
10000000	33000000	5910.9995
11000000	33000000	4895.7837
12000000	33000000	4361.936
13000000	33000000	5006.8115
14000000	33000000	6618.4697
15000000	33000000	5517.1562
16000000	33000000	6353.4487
17000000	33000000	5994.432
18000000	33000000	5069.4395
19000000	33000000	4951.0176
20000000	33000000	5190.0728
21000000	33000000	5854.62
22000000	33000000	6382.41
23000000	33000000	6949.3467
24000000	33000000	6846.2104
25000000	33000000	6820.811
26000000	33000000	7230.2837
27000000	33000000	8102.066
28000000	33000000	9448.6875
29000000	33000000	11669.854
30000000	33000000	15916.214
31000000	33000000	33763.22
32000000	33000000	106400.0
33000000	33000000	554919.75
0	34000000	4871.0522
1000000	34000000	5438.8027
2000000	34000000	3827.431
3000000	34000000	3218.553
4000000	34000000	3223.5205
5000000	34000000	4693.0024
6000000	34000000	5146.392
7000000	34000000	4820.1787
8000000	34000000	3876.1177
9000000	34000000	4873.422
10000000	34000000	5867.8345
11000000	34000000	4668.8335
12000000	34000000	3560.4756
13000000	34000000	4588.4307
14000000	34000000	6689.7383
15000000	34000000	4878.3438
16000000	34000000	5950.288
17000000	34000000	5076.425
18000000	34000000	4966.271
19000000	34000000	4473.619
20000000	34000000	6325.8706
21000000	34000000	5357.2046
22000000	34000000	5505.4883
23000000	34000000	5950.551
24000000	34000000	6063.6006
25000000	34000000	5772.8174
26000000	34000000	6101.3804
27000000	34000000	6814.8237
28000000	34000000	7609.874
29000000	34000000	8871.009
30000000	34000000	11246.288
31000000	34000000	22092.621
32000000	34000000	36022.664
33000000	34000000	87306.4
34000000	34000000	551629.9
0	35000000	4248.0054
1000000	35000000	4705.9067
2000000	35000000	4175.912
3000000	35000000	3842.3733
4000000	35000000	3738.7947
5000000	35000000	4632.957
6000000	35000000	4943.9834
7000000	35000000	4708.8467
8000000	35000000	4013.1482
9000000	35000000	4420.481
10000000	35000000	5506.4385
11000000	35000000	4767.3374
12000000	35000000	4439.6333
13000000	35000000	4900.715
14000000	35000000	6335.5264
15000000	35000000	5305.2134
16000000	35000000	6025.909
17000000	35000000	5689.1616
18000000	35000000	5136.31
19000000	35000000	4956.0176
20000000	35000000	5094.1387
21000000	35000000	5523.123
22000000	35000000	6096.1953
23000000	35000000	7055.8765
24000000	35000000	6489.417
25000000	35000000	6524.407
26000000	35000000	6590.201
27000000	35000000	7170.018
28000000	35000000	8014.47
29000000	35000000	8858.579
30000000	35000000	10812.574
31000000	35000000	15496.564
32000000	35000000	19754.984
33000000	35000000	29244.217
34000000	35000000	111270.375
35000000	35000000	555436.8
0	36000000	5102.387
1000000	36000000	5657.0947
2000000	36000000	3509.8064
3000000	36000000	2847.5269
4000000	36000000	2873.6252
5000000	36000000	4738.192
6000000	36000000	5404.661
7000000	36000000	4897.773
8000000	36000000	4036.8306
9000000	36000000	4891.8433
10000000	36000000	6584.2427
11000000	36000000	4758.594
12000000	36000000	3455.6682
13000000	36000000	4591.2856
14000000	36000000	7769.6895
15000000	36000000	4702.8926
16000000	36000000	6055.5947
17000000	36000000	5556.4434
18000000	36000000	5337.3687
19000000	36000000	4800.237
20000000	36000000	4809.3594
21000000	36000000	5626.521
22000000	36000000	5880.655
23000000	36000000	6045.959
24000000	36000000	6046.1045
25000000	36000000	5504.786
26000000	36000000	6010.572
27000000	36000000	6533.6147
28000000	36000000	7140.4844
29000000	36000000	7553.1387
30000000	36000000	8794.507
31000000	36000000	15324.678
32000000	36000000	17843.297
33000000	36000000	19200.71
34000000	36000000	38738.195
35000000	36000000	83565.74
36000000	36000000	510019.2
0	37000000	5612.473
1000000	37000000	5607.874
2000000	37000000	3436.0662
3000000	37000000	2876.1858
4000000	37000000	2829.6987
5000000	37000000	4561.3296
6000000	37000000	5265.7993
7000000	37000000	4085.5361
8000000	37000000	3400.272
9000000	37000000	4428.6206
10000000	37000000	6593.25
11000000	37000000	3774.4268
12000000	37000000	2848.731
13000000	37000000	3692.437
14000000	37000000	7721.6357
15000000	37000000	4157.172
16000000	37000000	5338.0244
17000000	37000000	5362.317
18000000	37000000	4366.3584
19000000	37000000	3867.1082
20000000	37000000	3846.7217
21000000	37000000	4689.728
22000000	37000000	4741.928
23000000	37000000	5209.962
24000000	37000000	4914.827
25000000	37000000	4916.7
26000000	37000000	4850.3604
27000000	37000000	5331.847
28000000	37000000	5732.5845
29000000	37000000	5819.3853
30000000	37000000	6443.093
31000000	37000000	12473.849
32000000	37000000	15189.431
33000000	37000000	14059.34
34000000	37000000	18729.654
35000000	37000000	24320.928
36000000	37000000	109288.82
37000000	37000000	522392.97
0	38000000	4309.896
1000000	38000000	5389.445
2000000	38000000	6104.239
3000000	38000000	5090.6875
4000000	38000000	4954.5913
5000000	38000000	5853.939
6000000	38000000	5452.698
7000000	38000000	6311.375
8000000	38000000	5172.4067
9000000	38000000	5762.515
10000000	38000000	5702.936
11000000	38000000	6457.383
12000000	38000000	4901.5986
13000000	38000000	6511.096
14000000	38000000	6088.0938
15000000	38000000	7075.1943
16000000	38000000	7572.4136
17000000	38000000	5833.5166
18000000	38000000	5430.1216
19000000	38000000	5603.863
20000000	38000000	5717.781
21000000	38000000	6314.9517
22000000	38000000	6516.037
23000000	38000000	6471.279
24000000	38000000	7330.364
25000000	38000000	6980.3164
26000000	38000000	7285.892
27000000	38000000	7525.1333
28000000	38000000	8050.6553
29000000	38000000	9051.98
30000000	38000000	10485.866
31000000	38000000	14009.59
32000000	38000000	11241.062
33000000	38000000	12207.398
34000000	38000000	15082.106
35000000	38000000	18753.275
36000000	38000000	35118.25
37000000	38000000	115578.58
38000000	38000000	470747.38
0	39000000	3307.2512
1000000	39000000	3572.9673
2000000	39000000	3387.9644
3000000	39000000	3086.8115
4000000	39000000	3447.218
5000000	39000000	4350.1367
6000000	39000000	4284.761
7000000	39000000	5087.824
8000000	39000000	4512.9253
9000000	39000000	4827.138
10000000	39000000	5084.6445
11000000	39000000	5600.907
12000000	39000000	4663.291
13000000	39000000	5848.3486
14000000	39000000	6040.7437
15000000	39000000	5879.846
16000000	39000000	5934.7417
17000000	39000000	4932.061
18000000	39000000	5802.98
19000000	39000000	5580.151
20000000	39000000	5640.9326
21000000	39000000	6368.5005
22000000	39000000	6808.885
23000000	39000000	6606.1235
24000000	39000000	7087.8135
25000000	39000000	6551.535
26000000	39000000	6609.4854
27000000	39000000	7200.9253
28000000	39000000	7733.3853
29000000	39000000	8823.346
30000000	39000000	9584.7
31000000	39000000	11004.081
32000000	39000000	9248.157
33000000	39000000	9567.039
34000000	39000000	10656.466
35000000	39000000	12866.151
36000000	39000000	18800.738
37000000	39000000	26719.166
38000000	39000000	96487.16
39000000	39000000	456029.22
0	40000000	3601.7695
1000000	40000000	3649.1228
2000000	40000000	2780.2253
3000000	40000000	2492.7446
4000000	40000000	2739.7898
5000000	40000000	3951.9497
6000000	40000000	4349.5063
7000000	40000000	4293.339
8000000	40000000	3798.935
9000000	40000000	4292.2744
10000000	40000000	5331.116
11000000	40000000	4501.0684
12000000	40000000	3947.909
13000000	40000000	4715.6055
14000000	40000000	6515.7666
15000000	40000000	4646.572
16000000	40000000	5011.5957
17000000	40000000	4791.916
18000000	40000000	5001.1626
19000000	40000000	4841.3037
20000000	40000000	4584.682
21000000	40000000	5119.2266
22000000	40000000	5601.941
23000000	40000000	5700.5396
24000000	40000000	5686.5015
25000000	40000000	5349.829
26000000	40000000	5502.3223
27000000	40000000	6061.9805
28000000	40000000	6194.8223
29000000	40000000	6710.4
30000000	40000000	7473.1226
31000000	40000000	9055.15
32000000	40000000	9075.572
33000000	40000000	8624.873
34000000	40000000	9263.659
35000000	40000000	10270.426
36000000	40000000	14355.521
37000000	40000000	17153.986
38000000	40000000	29226.025
39000000	40000000	145778.62
40000000	40000000	516406.97
0	41000000	3186.374
1000000	41000000	3458.6958
2000000	41000000	2985.1763
3000000	41000000	2803.0833
4000000	41000000	3171.6335
5000000	41000000	4067.1755
6000000	41000000	4147.162
7000000	41000000	4758.2397
8000000	41000000	4419.475
9000000	41000000	4522.1807
10000000	41000000	5208.962
11000000	41000000	5357.648
12000000	41000000	4419.7915
13000000	41000000	5595.923
14000000	41000000	6105.0195
15000000	41000000	5488.356
16000000	41000000	5582.6343
17000000	41000000	4798.282
18000000	41000000	5593.8857
19000000	41000000	5531.167
20000000	41000000	5176.2646
21000000	41000000	5973.988
22000000	41000000	6258.88
23000000	41000000	6352.2803
24000000	41000000	6378.697
25000000	41000000	5723.7
26000000	41000000	5825.9
27000000	41000000	6373.0864
28000000	41000000	6915.6636
29000000	41000000	7634.7725
30000000	41000000	8416.8955
31000000	41000000	9532.029
32000000	41000000	8738.598
33000000	41000000	8490.343
34000000	41000000	8523.462
35000000	41000000	9331.004
36000000	41000000	12559.957
37000000	41000000	13340.979
38000000	41000000	22523.576
39000000	41000000	51479.816
40000000	41000000	89117.73
41000000	41000000	479800.94
0	42000000	3081.2678
1000000	42000000	3431.422
2000000	42000000	3506.3845
3000000	42000000	3116.037
4000000	42000000	3562.9792
5000000	42000000	4344.7505
6000000	42000000	4156.705
7000000	42000000	5075.004
8000000	42000000	4678.3506
9000000	42000000	4777.42
10000000	42000000	5164.0854
11000000	42000000	5548.235
12000000	42000000	4673.0024
13000000	42000000	5988.4707
14000000	42000000	5781.1406
15000000	42000000	5944.447
16000000	42000000	6204.3516
17000000	42000000	5003.1377
18000000	42000000	5825.495
19000000	42000000	5847.6987
20000000	42000000	5737.4404
21000000	42000000	6442.497
22000000	42000000	6828.8706
23000000	42000000	6863.3096
24000000	42000000	6782.9507
25000000	42000000	6334.9365
26000000	42000000	6357.486
27000000	42000000	6808.1562
28000000	42000000	7187.223
29000000	42000000	7942.729
30000000	42000000	8737.715
31000000	42000000	9260.947
32000000	42000000	7875.341
33000000	42000000	7994.019
34000000	42000000	8002.4824
35000000	42000000	8645.869
36000000	42000000	11129.8545
37000000	42000000	10823.908
38000000	42000000	17965.973
39000000	42000000	28332.643
40000000	42000000	33111.125
41000000	42000000	133599.77
42000000	42000000	476532.47
0	43000000	5251.1045
1000000	43000000	5164.6445
2000000	43000000	2870.4841
3000000	43000000	2507.8364
4000000	43000000	2778.4668
5000000	43000000	4613.0317
6000000	43000000	5735.831
7000000	43000000	4395.5
8000000	43000000	3681.4575
9000000	43000000	4565.7847
10000000	43000000	7517.2026
11000000	43000000	4020.4734
12000000	43000000	3406.6921
13000000	43000000	3904.8333
14000000	43000000	8622.24
15000000	43000000	4171.2964
16000000	43000000	5561.367
17000000	43000000	5817.8345
18000000	43000000	5405.1235
19000000	43000000	4164.3354
20000000	43000000	3839.6956
21000000	43000000	4913.32
22000000	43000000	5123.5156
23000000	43000000	5687.225
24000000	43000000	4972.2964
25000000	43000000	4493.246
26000000	43000000	4510.811
27000000	43000000	4916.531
28000000	43000000	5226.0054
29000000	43000000	5239.365
30000000	43000000	5782.7554
31000000	43000000	8820.416
32000000	43000000	10905.895
33000000	43000000	8436.174
34000000	43000000	8869.848
35000000	43000000	9242.167
36000000	43000000	12409.394
37000000	43000000	14979.118
38000000	43000000	11927.31
39000000	43000000	16245.005
40000000	43000000	21140.791
41000000	43000000	38176.977
42000000	43000000	101233.42
43000000	43000000	506800.53
0	44000000	2987.6133
1000000	44000000	3472.2896
2000000	44000000	5400.9775
3000000	44000000	5317.449
4000000	44000000	6210.9946
5000000	44000000	5607.996
6000000	44000000	4667.4526
7000000	44000000	5853.0923
8000000	44000000	5808.1133
9000000	44000000	5015.546
10000000	44000000	4457.7803
11000000	44000000	6074.701
12000000	44000000	6407.2046
13000000	44000000	6598.1465
14000000	44000000	4942.8955
15000000	44000000	7267.756
16000000	44000000	7093.0034
17000000	44000000	6597.0024
18000000	44000000	6811.0205
19000000	44000000	6569.4653
20000000	44000000	6363.32
21000000	44000000	6805.714
22000000	44000000	6891.273
23000000	44000000	7802.617
24000000	44000000	8376.89
25000000	44000000	8001.4595
26000000	44000000	7830.7393
27000000	44000000	8307.906
28000000	44000000	8433.515
29000000	44000000	9171.531
30000000	44000000	9963.757
31000000	44000000	8739.255
32000000	44000000	6768.195
33000000	44000000	7598.498
34000000	44000000	7085.194
35000000	44000000	8496.438
36000000	44000000	8645.438
37000000	44000000	8145.5605
38000000	44000000	12784.751
39000000	44000000	15069.101
40000000	44000000	14365.46
41000000	44000000	21966.025
42000000	44000000	33953.92
43000000	44000000	89549.74
44000000	44000000	459527.72
0	45000000	2068.2654
1000000	45000000	2394.4
2000000	45000000	8043.6772
3000000	45000000	9321.282
4000000	45000000	9621.513
5000000	45000000	4807.709
6000000	45000000	3145.0818
7000000	45000000	4230.7227
8000000	45000000	5177.013
9000000	45000000	3713.5935
10000000	45000000	2585.3186
11000000	45000000	4791.2803
12000000	45000000	7249.857
13000000	45000000	5458.122
14000000	45000000	2592.316
15000000	45000000	6392.2188
16000000	45000000	5778.8022
17000000	45000000	6234.3706
18000000	45000000	5533.7607
19000000	45000000	5552.7036
20000000	45000000	5934.888
21000000	45000000	5680.722
22000000	45000000	5687.6636
23000000	45000000	6827.056
24000000	45000000	8749.824
25000000	45000000	9495.687
26000000	45000000	8842.348
27000000	45000000	8179.5083
28000000	45000000	8653.917
29000000	45000000	9413.191
30000000	45000000	9302.409
31000000	45000000	5750.4033
32000000	45000000	4301.2495
33000000	45000000	5658.075
34000000	45000000	4756.0474
35000000	45000000	6610.033
36000000	45000000	5267.3594
37000000	45000000	5326.147
38000000	45000000	8382.238
39000000	45000000	8733.508
40000000	45000000	8288.107
41000000	45000000	11019.806
42000000	45000000	14564.022
43000000	45000000	22166.982
44000000	45000000	118367.445
45000000	45000000	521504.6
0	46000000	1257.8015
1000000	46000000	1661.3649
2000000	46000000	8715.068
3000000	46000000	10592.513
4000000	46000000	8863.668
5000000	46000000	3024.4983
6000000	46000000	1686.4408
7000000	46000000	2497.4294
8000000	46000000	3126.5918
9000000	46000000	2000.7352
10000000	46000000	1387.3302
11000000	46000000	2682.5212
12000000	46000000	4926.3467
13000000	46000000	3097.129
14000000	46000000	1240.7928
15000000	46000000	4096.3203
16000000	46000000	3423.62
17000000	46000000	4076.0166
18000000	46000000	2992.7256
19000000	46000000	3156.1333
20000000	46000000	3534.1292
21000000	46000000	2807.998
22000000	46000000	3315.436
23000000	46000000	3934.2913
24000000	46000000	6139.441
25000000	46000000	6649.239
26000000	46000000	6460.1187
27000000	46000000	5637.8076
28000000	46000000	5573.7266
29000000	46000000	5800.741
30000000	46000000	6162.6406
31000000	46000000	3319.0051
32000000	46000000	2526.099
33000000	46000000	3264.6162
34000000	46000000	2580.962
35000000	46000000	3420.5454
36000000	46000000	2768.1123
37000000	46000000	2924.6716
38000000	46000000	5033.4614
39000000	46000000	4445.765
40000000	46000000	4308.2715
41000000	46000000	4837.4375
42000000	46000000	7041.1885
43000000	46000000	9544.55
44000000	46000000	39378.168
45000000	46000000	161790.28
46000000	46000000	781311.6
0	49000000	2578.393
1000000	49000000	3237.1035
2000000	49000000	4084.8086
3000000	49000000	3818.0764
4000000	49000000	3318.75
5000000	49000000	3484.5154
6000000	49000000	3227.5974
7000000	49000000	2712.7073
8000000	49000000	2476.164
9000000	49000000	2765.6653
10000000	49000000	3151.0742
11000000	49000000	2322.714
12000000	49000000	2852.399
13000000	49000000	2395.9097
14000000	49000000	3708.3987
15000000	49000000	3068.985
16000000	49000000	3983.3584
17000000	49000000	4714.7056
18000000	49000000	3368.2966
19000000	49000000	2422.7773
20000000	49000000	2482.5945
21000000	49000000	2805.8303
22000000	49000000	3017.6465
23000000	49000000	4123.024
24000000	49000000	3575.5437
25000000	49000000	3569.5457
26000000	49000000	3368.7097
27000000	49000000	3584.91
28000000	49000000	3639.227
29000000	49000000	3723.1934
30000000	49000000	3634.2422
31000000	49000000	4324.9116
32000000	49000000	4452.0312
33000000	49000000	4289.2334
34000000	49000000	3913.6086
35000000	49000000	5202.2134
36000000	49000000	4534.2617
37000000	49000000	5098.0005
38000000	49000000	4240.7896
39000000	49000000	4491.882
40000000	49000000	4793.1255
41000000	49000000	4825.3335
42000000	49000000	5858.5483
43000000	49000000	9504.846
44000000	49000000	12060.166
45000000	49000000	12202.566
46000000	49000000	8880.91
49000000	49000000	619365.6
0	50000000	1599.8081
1000000	50000000	1848.7273
2000000	50000000	2351.2263
3000000	50000000	2214.0603
4000000	50000000	2383.5376
5000000	50000000	2570.9814
6000000	50000000	2375.4065
7000000	50000000	2897.2207
8000000	50000000	2607.028
9000000	50000000	2739.5227
10000000	50000000	2624.953
11000000	50000000	3147.0483
12000000	50000000	2903.0598
13000000	50000000	3164.9783
14000000	50000000	3003.36
15000000	50000000	3503.7378
16000000	50000000	3575.5623
17000000	50000000	3260.9878
18000000	50000000	3563.5908
19000000	50000000	3631.8435
20000000	50000000	3668.1409
21000000	50000000	3932.9246
22000000	50000000	4317.349
23000000	50000000	4473.36
24000000	50000000	4347.3486
25000000	50000000	3975.0215
26000000	50000000	3959.6648
27000000	50000000	4258.347
28000000	50000000	4357.744
29000000	50000000	4758.3657
30000000	50000000	5172.895
31000000	50000000	4887.0376
32000000	50000000	3701.941
33000000	50000000	3875.0317
34000000	50000000	3750.85
35000000	50000000	4151.582
36000000	50000000	4382.349
37000000	50000000	4025.0273
38000000	50000000	5215.57
39000000	50000000	5696.738
40000000	50000000	5196.533
41000000	50000000	6191.1606
42000000	50000000	6947.224
43000000	50000000	7577.76
44000000	50000000	11241.264
45000000	50000000	8559.408
46000000	50000000	4405.6226
49000000	50000000	136825.69
50000000	50000000	417943.78
0	51000000	1061.7539
1000000	51000000	1271.6997
2000000	51000000	1924.8647
3000000	51000000	1981.5513
4000000	51000000	2332.796
5000000	51000000	2002.9368
6000000	51000000	1716.1656
7000000	51000000	2616.3154
8000000	51000000	2563.4175
9000000	51000000	2232.7346
10000000	51000000	1834.1829
11000000	51000000	3044.0715
12000000	51000000	3185.9548
13000000	51000000	3350.2844
14000000	51000000	2174.5383
15000000	51000000	3363.4834
16000000	51000000	3052.04
17000000	51000000	2613.423
18000000	51000000	3328.0894
19000000	51000000	4005.5063
20000000	51000000	3847.738
21000000	51000000	4018.814
22000000	51000000	4716.278
23000000	51000000	4468.3994
24000000	51000000	4575.0093
25000000	51000000	4127.4478
26000000	51000000	4142.3975
27000000	51000000	4417.816
28000000	51000000	4623.8315
29000000	51000000	5208.936
30000000	51000000	5459.021
31000000	51000000	4181.875
32000000	51000000	2894.709
33000000	51000000	3279.1584
34000000	51000000	2955.9158
35000000	51000000	3613.316
36000000	51000000	3537.1235
37000000	51000000	2875.5818
38000000	51000000	4788.987
39000000	51000000	5520.3286
40000000	51000000	4602.863
41000000	51000000	5741.8726
42000000	51000000	6470.6313
43000000	51000000	5195.64
44000000	51000000	9307.711
45000000	51000000	7807.023
46000000	51000000	3769.547
49000000	51000000	28296.695
50000000	51000000	142252.3
51000000	51000000	482827.53
0	52000000	1750.2048
1000000	52000000	1924.1489
2000000	52000000	1782.2246
3000000	52000000	1648.4952
4000000	52000000	1653.3529
5000000	52000000	2160.0183
6000000	52000000	2187.018
7000000	52000000	2206.3384
8000000	52000000	2099.1204
9000000	52000000	2324.325
10000000	52000000	2525.2976
11000000	52000000	2331.2478
12000000	52000000	2005.2561
13000000	52000000	2421.6743
14000000	52000000	3124.5483
15000000	52000000	2586.88
16000000	52000000	2840.177
17000000	52000000	2648.844
18000000	52000000	2643.4077
19000000	52000000	2722.4043
20000000	52000000	2767.5894
21000000	52000000	3155.0032
22000000	52000000	3377.9412
23000000	52000000	3514.8684
24000000	52000000	3296.3916
25000000	52000000	3155.7031
26000000	52000000	3192.8516
27000000	52000000	3279.2156
28000000	52000000	3348.797
29000000	52000000	3537.411
30000000	52000000	3712.967
31000000	52000000	4505.1963
32000000	52000000	3654.2961
33000000	52000000	3637.1003
34000000	52000000	3679.9097
35000000	52000000	3640.0857
36000000	52000000	4436.1113
37000000	52000000	4082.8801
38000000	52000000	4762.3135
39000000	52000000	4719.3574
40000000	52000000	4686.7705
41000000	52000000	5188.665
42000000	52000000	5539.51
43000000	52000000	6261.7905
44000000	52000000	6603.6206
45000000	52000000	4846.426
46000000	52000000	2746.2795
49000000	52000000	19746.012
50000000	52000000	39887.0
51000000	52000000	79292.03
52000000	52000000	426629.56
0	53000000	2071.1628
1000000	53000000	2099.6113
2000000	53000000	1839.6555
3000000	53000000	1711.3116
4000000	53000000	1551.5176
5000000	53000000	2121.0383
6000000	53000000	2112.1091
7000000	53000000	2064.6846
8000000	53000000	1822.8047
9000000	53000000	2172.5598
10000000	53000000	2440.8503
11000000	53000000	2059.4812
12000000	53000000	1716.7687
13000000	53000000	2115.007
14000000	53000000	2898.8918
15000000	53000000	2304.6633
16000000	53000000	2687.4075
17000000	53000000	2461.6611
18000000	53000000	2354.25
19000000	53000000	2328.0647
20000000	53000000	2408.472
21000000	53000000	2676.3909
22000000	53000000	2777.8464
23000000	53000000	2899.274
24000000	53000000	2846.777
25000000	53000000	2796.8767
26000000	53000000	2740.419
27000000	53000000	2921.743
28000000	53000000	3058.313
29000000	53000000	2970.394
30000000	53000000	3282.578
31000000	53000000	4374.859
32000000	53000000	3551.0295
33000000	53000000	3529.3015
34000000	53000000	3788.6948
35000000	53000000	3705.9482
36000000	53000000	4312.143
37000000	53000000	4436.429
38000000	53000000	4801.278
39000000	53000000	4224.42
40000000	53000000	4173.172
41000000	53000000	4294.155
42000000	53000000	4518.0874
43000000	53000000	5212.939
44000000	53000000	5349.7217
45000000	53000000	4182.9146
46000000	53000000	2312.9453
49000000	53000000	12349.229
50000000	53000000	20002.69
51000000	53000000	26998.615
52000000	53000000	153240.31
53000000	53000000	430410.9
0	54000000	2506.216
1000000	54000000	2539.8694
2000000	54000000	1612.189
3000000	54000000	1226.9921
4000000	54000000	1126.8341
5000000	54000000	1962.0358
6000000	54000000	2204.697
7000000	54000000	1797.4008
8000000	54000000	1399.7346
9000000	54000000	1834.166
10000000	54000000	2553.885
11000000	54000000	1683.9124
12000000	54000000	1203.7538
13000000	54000000	1626.3317
14000000	54000000	3214.1167
15000000	54000000	1824.6794
16000000	54000000	2262.4731
17000000	54000000	2133.8035
18000000	54000000	1781.2699
19000000	54000000	1645.379
20000000	54000000	1650.4286
21000000	54000000	1954.3345
22000000	54000000	2125.9238
23000000	54000000	2161.0
24000000	54000000	1971.6246
25000000	54000000	1893.3774
26000000	54000000	1850.2495
27000000	54000000	1992.1228
28000000	54000000	2096.7686
29000000	54000000	2214.003
30000000	54000000	2150.7878
31000000	54000000	3964.4363
32000000	54000000	3786.541
33000000	54000000	3406.3237
34000000	54000000	3543.76
35000000	54000000	3402.7695
36000000	54000000	4390.579
37000000	54000000	4863.013
38000000	54000000	4356.698
39000000	54000000	3606.613
40000000	54000000	3657.696
41000000	54000000	3709.3752
42000000	54000000	3687.1436
43000000	54000000	5248.7734
44000000	54000000	3644.4312
45000000	54000000	2772.3923
46000000	54000000	1664.8267
49000000	54000000	8698.553
50000000	54000000	11943.94
51000000	54000000	14016.628
52000000	54000000	37738.234
53000000	54000000	114522.586
54000000	54000000	465508.97
0	55000000	2487.5728
1000000	55000000	2247.4272
2000000	55000000	836.94275
3000000	55000000	617.892
4000000	55000000	609.6074
5000000	55000000	1371.3857
6000000	55000000	1778.2544
7000000	55000000	1071.0946
8000000	55000000	918.8302
9000000	55000000	1362.5938
10000000	55000000	2297.737
11000000	55000000	905.4576
12000000	55000000	698.48035
13000000	55000000	915.6175
14000000	55000000	2975.494
15000000	55000000	956.04816
16000000	55000000	1429.4708
17000000	55000000	1675.9087
18000000	55000000	1251.0782
19000000	55000000	1021.8397
20000000	55000000	967.2881
21000000	55000000	1197.2451
22000000	55000000	1350.7328
23000000	55000000	1416.5823
24000000	55000000	1098.278
25000000	55000000	1089.8806
26000000	55000000	1054.2665
27000000	55000000	1236.7654
28000000	55000000	1248.0491
29000000	55000000	1120.9758
30000000	55000000	1163.7579
31000000	55000000	2593.5562
32000000	55000000	3265.5881
33000000	55000000	2692.611
34000000	55000000	2702.8772
35000000	55000000	3232.6985
36000000	55000000	3438.781
37000000	55000000	4103.6753
38000000	55000000	2464.4326
39000000	55000000	2277.9175
40000000	55000000	2775.1082
41000000	55000000	2507.2612
42000000	55000000	2412.3657
43000000	55000000	4551.049
44000000	55000000	2157.5266
45000000	55000000	1643.2208
46000000	55000000	932.71826
49000000	55000000	6503.845
50000000	55000000	6234.33
51000000	55000000	5898.203
52000000	55000000	13790.806
53000000	55000000	22705.738
54000000	55000000	109361.586
55000000	55000000	541156.0
0	56000000	1944.7031
1000000	56000000	1901.8927
2000000	56000000	1079.1298
3000000	56000000	866.4135
4000000	56000000	840.5577
5000000	56000000	1526.9392
6000000	56000000	1803.4011
7000000	56000000	1433.7715
8000000	56000000	1228.606
9000000	56000000	1489.5668
10000000	56000000	2213.0247
11000000	56000000	1358.9047
12000000	56000000	1012.4324
13000000	56000000	1397.3684
14000000	56000000	2686.827
15000000	56000000	1477.3794
16000000	56000000	1904.7864
17000000	56000000	1781.8185
18000000	56000000	1593.9613
19000000	56000000	1578.965
20000000	56000000	1495.7291
21000000	56000000	1739.0118
22000000	56000000	1961.0457
23000000	56000000	1955.5841
24000000	56000000	1772.8243
25000000	56000000	1593.0164
26000000	56000000	1596.0479
27000000	56000000	1800.8546
28000000	56000000	1786.1217
29000000	56000000	1806.9005
30000000	56000000	2113.1453
31000000	56000000	3229.6208
32000000	56000000	3061.6995
33000000	56000000	2698.573
34000000	56000000	2901.8164
35000000	56000000	2755.313
36000000	56000000	3448.4836
37000000	56000000	3582.4998
38000000	56000000	3268.715
39000000	56000000	3047.0125
40000000	56000000	3171.108
41000000	56000000	3154.0588
42000000	56000000	3124.2722
43000000	56000000	4080.5337
44000000	56000000	2989.5598
45000000	56000000	2081.869
46000000	56000000	1137.712
49000000	56000000	6356.425
50000000	56000000	7959.5156
51000000	56000000	8567.65
52000000	56000000	14712.44
53000000	56000000	20277.867
54000000	56000000	44445.457
55000000	56000000	162824.28
56000000	56000000	448953.75
0	57000000	1231.2964
1000000	57000000	1360.4236
2000000	57000000	1743.7252
3000000	57000000	1515.5817
4000000	57000000	1644.6431
5000000	57000000	1701.5382
6000000	57000000	1540.1151
7000000	57000000	2032.7002
8000000	57000000	2017.5657
9000000	57000000	1917.7667
10000000	57000000	1647.007
11000000	57000000	2238.0142
12000000	57000000	1917.7051
13000000	57000000	2316.109
14000000	57000000	2004.5594
15000000	57000000	2583.3745
16000000	57000000	2408.0505
17000000	57000000	1967.967
18000000	57000000	2237.1663
19000000	57000000	2524.2231
20000000	57000000	2742.556
21000000	57000000	2856.4275
22000000	57000000	3120.5007
23000000	57000000	2983.3704
24000000	57000000	3080.5908
25000000	57000000	3096.861
26000000	57000000	3039.7703
27000000	57000000	3045.6255
28000000	57000000	3107.7659
29000000	57000000	3445.2686
30000000	57000000	3676.2292
31000000	57000000	3609.6138
32000000	57000000	2393.823
33000000	57000000	2646.3647
34000000	57000000	2701.8923
35000000	57000000	2900.0415
36000000	57000000	2995.8757
37000000	57000000	2740.7961
38000000	57000000	4371.113
39000000	57000000	3903.3076
40000000	57000000	3381.2742
41000000	57000000	3770.9526
42000000	57000000	4044.0872
43000000	57000000	3095.5085
44000000	57000000	4524.0737
45000000	57000000	3498.9082
46000000	57000000	1977.4382
49000000	57000000	5986.715
50000000	57000000	11688.762
51000000	57000000	15296.407
52000000	57000000	16266.399
53000000	57000000	18350.541
54000000	57000000	22898.348
55000000	57000000	24109.17
56000000	57000000	121727.266
57000000	57000000	478336.03
0	58000000	1301.0935
1000000	58000000	1393.7009
2000000	58000000	1243.4075
3000000	58000000	1117.8386
4000000	58000000	1109.4889
5000000	58000000	1586.3853
6000000	58000000	1588.3573
7000000	58000000	1731.4178
8000000	58000000	1551.1818
9000000	58000000	1801.7958
10000000	58000000	1801.428
11000000	58000000	1901.6831
12000000	58000000	1477.1704
13000000	58000000	1831.6649
14000000	58000000	2231.2068
15000000	58000000	2023.1848
16000000	58000000	2269.476
17000000	58000000	1852.2781
18000000	58000000	2036.0596
19000000	58000000	2191.0493
20000000	58000000	2281.4187
21000000	58000000	2545.6262
22000000	58000000	2881.0205
23000000	58000000	2687.3035
24000000	58000000	2670.6846
25000000	58000000	2444.238
26000000	58000000	2508.5054
27000000	58000000	2506.9895
28000000	58000000	2741.7256
29000000	58000000	2938.1648
30000000	58000000	2920.4438
31000000	58000000	3594.769
32000000	58000000	2519.6912
33000000	58000000	2635.7104
34000000	58000000	2678.8406
35000000	58000000	2913.1643
36000000	58000000	3315.1597
37000000	58000000	2969.2568
38000000	58000000	3939.1084
39000000	58000000	3709.99
40000000	58000000	3463.992
41000000	58000000	3693.6807
42000000	58000000	3639.4148
43000000	58000000	3259.845
44000000	58000000	3833.474
45000000	58000000	2529.56
46000000	58000000	1370.1224
49000000	58000000	5585.5503
50000000	58000000	9762.881
51000000	58000000	11690.31
52000000	58000000	14263.555
53000000	58000000	15650.961
54000000	58000000	18046.857
55000000	58000000	18468.133
56000000	58000000	43555.68
57000000	58000000	104681.336
58000000	58000000	463435.4
0	59000000	1354.7053
1000000	59000000	1391.1804
2000000	59000000	1112.564
3000000	59000000	922.67316
4000000	59000000	987.4255
5000000	59000000	1547.2389
6000000	59000000	1588.4701
7000000	59000000	1557.0261
8000000	59000000	1329.2623
9000000	59000000	1688.1794
10000000	59000000	1914.9042
11000000	59000000	1511.3751
12000000	59000000	1248.1313
13000000	59000000	1470.561
14000000	59000000	2075.1467
15000000	59000000	1594.9336
16000000	59000000	2013.5264
17000000	59000000	1836.7228
18000000	59000000	1964.0134
19000000	59000000	1915.9907
20000000	59000000	1900.7451
21000000	59000000	2255.5369
22000000	59000000	2471.0474
23000000	59000000	2638.3816
24000000	59000000	2322.6206
25000000	59000000	2154.3113
26000000	59000000	2154.9915
27000000	59000000	2340.2756
28000000	59000000	2383.0913
29000000	59000000	2432.5417
30000000	59000000	2424.9077
31000000	59000000	3381.6465
32000000	59000000	2757.4797
33000000	59000000	2917.6885
34000000	59000000	2800.577
35000000	59000000	2947.0383
36000000	59000000	3395.7976
37000000	59000000	3511.2627
38000000	59000000	3361.0393
39000000	59000000	3258.0479
40000000	59000000	3341.5461
41000000	59000000	3365.795
42000000	59000000	3187.929
43000000	59000000	3664.9224
44000000	59000000	3435.6904
45000000	59000000	2421.1433
46000000	59000000	1379.6245
49000000	59000000	6231.1113
50000000	59000000	8112.846
51000000	59000000	8551.195
52000000	59000000	11069.956
53000000	59000000	12091.773
54000000	59000000	13504.43
55000000	59000000	13714.196
56000000	59000000	18789.488
57000000	59000000	25391.055
58000000	59000000	98973.234
59000000	59000000	494109.6
0	60000000	1752.2507
1000000	60000000	1743.4542
2000000	60000000	1279.8678
3000000	60000000	1094.8973
4000000	60000000	1081.4358
5000000	60000000	1703.9213
6000000	60000000	1841.2423
7000000	60000000	1455.3092
8000000	60000000	1266.8641
9000000	60000000	1634.8837
10000000	60000000	2015.6243
11000000	60000000	1461.4907
12000000	60000000	1217.3958
13000000	60000000	1389.2518
14000000	60000000	2345.3584
15000000	60000000	1615.6837
16000000	60000000	1945.239
17000000	60000000	1962.0411
18000000	60000000	1873.6844
19000000	60000000	1730.3582
20000000	60000000	1813.6125
21000000	60000000	2152.4314
22000000	60000000	2326.9985
23000000	60000000	2385.0017
24000000	60000000	2178.902
25000000	60000000	2155.232
26000000	60000000	2042.1195
27000000	60000000	2352.3013
28000000	60000000	2313.2798
29000000	60000000	2280.804
30000000	60000000	2255.6626
31000000	60000000	3392.0356
32000000	60000000	2922.1323
33000000	60000000	2906.5015
34000000	60000000	2752.1196
35000000	60000000	3106.015
36000000	60000000	3396.5974
37000000	60000000	3703.2822
38000000	60000000	3317.4087
39000000	60000000	3141.769
40000000	60000000	3210.3442
41000000	60000000	3082.466
42000000	60000000	3080.5264
43000000	60000000	4217.999
44000000	60000000	3557.0505
45000000	60000000	2686.5286
46000000	60000000	1497.3505
49000000	60000000	6565.077
50000000	60000000	7524.457
51000000	60000000	7315.01
52000000	60000000	9996.848
53000000	60000000	10826.867
54000000	60000000	12227.879
55000000	60000000	12142.111
56000000	60000000	15087.533
57000000	60000000	16984.951
58000000	60000000	38573.53
59000000	60000000	116555.71
60000000	60000000	487567.38
0	61000000	1605.4318
1000000	61000000	1936.294
2000000	61000000	1530.5845
3000000	61000000	1281.6519
4000000	61000000	1196.3438
5000000	61000000	1845.3193
6000000	61000000	1881.3864
7000000	61000000	1861.0007
8000000	61000000	1562.75
9000000	61000000	1908.5785
10000000	61000000	2344.6724
11000000	61000000	1811.2231
12000000	61000000	1447.0139
13000000	61000000	1797.0018
14000000	61000000	2628.672
15000000	61000000	1892.0228
16000000	61000000	2341.5007
17000000	61000000	2173.0269
18000000	61000000	2050.868
19000000	61000000	2045.0323
20000000	61000000	2151.046
21000000	61000000	2496.1196
22000000	61000000	2566.2866
23000000	61000000	2721.9888
24000000	61000000	2508.4023
25000000	61000000	2367.204
26000000	61000000	2236.93
27000000	61000000	2524.6692
28000000	61000000	2612.393
29000000	61000000	2802.281
30000000	61000000	2902.4124
31000000	61000000	3994.1213
32000000	61000000	3323.9287
33000000	61000000	3037.1328
34000000	61000000	3118.9019
35000000	61000000	2996.2756
36000000	61000000	3600.043
37000000	61000000	3702.1572
38000000	61000000	3795.3572
39000000	61000000	3517.681
40000000	61000000	3457.6917
41000000	61000000	3704.927
42000000	61000000	3752.6113
43000000	61000000	4611.999
44000000	61000000	4158.8765
45000000	61000000	2814.916
46000000	61000000	1720.698
49000000	61000000	6871.0317
50000000	61000000	8990.128
51000000	61000000	9144.756
52000000	61000000	10968.627
53000000	61000000	11062.411
54000000	61000000	10919.95
55000000	61000000	8762.099
56000000	61000000	13375.514
57000000	61000000	17494.422
58000000	61000000	27121.855
59000000	61000000	41535.58
60000000	61000000	106200.59
61000000	61000000	431059.75
0	62000000	874.33795
1000000	62000000	1011.01874
2000000	62000000	1792.0386
3000000	62000000	1858.1434
4000000	62000000	1915.6804
5000000	62000000	1735.4534
6000000	62000000	1368.9128
7000000	62000000	2068.9194
8000000	62000000	2208.5024
9000000	62000000	1750.7725
10000000	62000000	1428.5153
11000000	62000000	2353.834
12000000	62000000	2352.6853
13000000	62000000	2584.987
14000000	62000000	1604.4357
15000000	62000000	2852.6816
16000000	62000000	2565.1602
17000000	62000000	2326.2598
18000000	62000000	2680.6897
19000000	62000000	2983.0562
20000000	62000000	3361.4333
21000000	62000000	3206.221
22000000	62000000	3624.3606
23000000	62000000	3633.2922
24000000	62000000	3891.9336
25000000	62000000	3630.9854
26000000	62000000	3646.5803
27000000	62000000	3946.0168
28000000	62000000	3901.429
29000000	62000000	4302.0923
30000000	62000000	4501.4478
31000000	62000000	3289.603
32000000	62000000	2223.054
33000000	62000000	2588.0483
34000000	62000000	2380.4011
35000000	62000000	2533.5435
36000000	62000000	2536.555
37000000	62000000	2161.612
38000000	62000000	3555.5903
39000000	62000000	3617.494
40000000	62000000	3317.2334
41000000	62000000	3872.9158
42000000	62000000	4144.7373
43000000	62000000	3174.8728
44000000	62000000	5557.2783
45000000	62000000	4707.468
46000000	62000000	2575.9077
49000000	62000000	6422.5444
50000000	62000000	11058.924
51000000	62000000	13101.374
52000000	62000000	10212.231
53000000	62000000	8908.528
54000000	62000000	6901.1313
55000000	62000000	4176.697
56000000	62000000	8285.899
57000000	62000000	16961.059
58000000	62000000	17617.133
59000000	62000000	17661.918
60000000	62000000	24275.342
61000000	62000000	104082.02
62000000	62000000	471930.56
0	63000000	992.65533
1000000	63000000	1069.9073
2000000	63000000	1537.6201
3000000	63000000	1549.8187
4000000	63000000	1610.4021
5000000	63000000	1538.7534
6000000	63000000	1383.117
7000000	63000000	1921.3954
8000000	63000000	1862.9142
9000000	63000000	1827.4349
10000000	63000000	1569.202
11000000	63000000	2148.4622
12000000	63000000	2289.706
13000000	63000000	2191.7834
14000000	63000000	1761.2063
15000000	63000000	2427.72
16000000	63000000	2279.5806
17000000	63000000	2225.0002
18000000	63000000	2467.8345
19000000	63000000	2778.0813
20000000	63000000	2767.5828
21000000	63000000	3088.7607
22000000	63000000	3488.3118
23000000	63000000	3416.8857
24000000	63000000	3370.4841
25000000	63000000	3220.7507
26000000	63000000	3298.4712
27000000	63000000	3525.8247
28000000	63000000	3480.1228
29000000	63000000	3807.1665
30000000	63000000	3953.3948
31000000	63000000	3127.174
32000000	63000000	2315.9106
33000000	63000000	2619.7878
34000000	63000000	2385.0571
35000000	63000000	2742.3186
36000000	63000000	2687.35
37000000	63000000	2345.2585
38000000	63000000	3297.2485
39000000	63000000	3412.822
40000000	63000000	3213.9426
41000000	63000000	3744.5254
42000000	63000000	4094.335
43000000	63000000	3424.618
44000000	63000000	5110.523
45000000	63000000	4014.104
46000000	63000000	2118.562
49000000	63000000	6116.1514
50000000	63000000	10119.98
51000000	63000000	11198.595
52000000	63000000	9265.988
53000000	63000000	8127.303
54000000	63000000	6419.4697
55000000	63000000	4389.4873
56000000	63000000	7131.4834
57000000	63000000	12466.425
58000000	63000000	12933.572
59000000	63000000	12564.948
60000000	63000000	15332.894
61000000	63000000	32503.502
62000000	63000000	113726.766
63000000	63000000	468268.03
0	64000000	1682.4193
1000000	64000000	1513.2795
2000000	64000000	700.3918
3000000	64000000	666.23865
4000000	64000000	625.4379
5000000	64000000	1181.9803
6000000	64000000	1556.0243
7000000	64000000	1082.5244
8000000	64000000	982.13336
9000000	64000000	1314.8235
10000000	64000000	2098.3928
11000000	64000000	1063.2571
12000000	64000000	947.3338
13000000	64000000	1048.8645
14000000	64000000	2613.3513
15000000	64000000	1020.24615
16000000	64000000	1535.8658
17000000	64000000	1670.0033
18000000	64000000	1603.6647
19000000	64000000	1468.8027
20000000	64000000	1461.8331
21000000	64000000	1884.851
22000000	64000000	1961.5198
23000000	64000000	2109.5986
24000000	64000000	1613.8744
25000000	64000000	1641.1876
26000000	64000000	1596.1305
27000000	64000000	1771.2094
28000000	64000000	1712.8802
29000000	64000000	1679.8589
30000000	64000000	1624.4531
31000000	64000000	2625.7686
32000000	64000000	3096.4607
33000000	64000000	2706.2698
34000000	64000000	2425.8218
35000000	64000000	2648.9019
36000000	64000000	3151.4663
37000000	64000000	4030.189
38000000	64000000	2156.3716
39000000	64000000	2414.716
40000000	64000000	2801.3225
41000000	64000000	2871.8074
42000000	64000000	2694.9072
43000000	64000000	5093.095
44000000	64000000	2577.2307
45000000	64000000	1908.5769
46000000	64000000	999.9279
49000000	64000000	5916.4375
50000000	64000000	5509.8477
51000000	64000000	4671.5957
52000000	64000000	6754.8916
53000000	64000000	6640.0244
54000000	64000000	7409.3193
55000000	64000000	7235.7686
56000000	64000000	6906.55
57000000	64000000	5300.6616
58000000	64000000	7471.298
59000000	64000000	10681.213
60000000	64000000	13343.8
61000000	64000000	20363.375
62000000	64000000	19182.66
63000000	64000000	93922.24
64000000	64000000	543503.75
0	65000000	1891.6831
1000000	65000000	1747.2206
2000000	65000000	1055.6206
3000000	65000000	829.31854
4000000	65000000	886.57367
5000000	65000000	1411.711
6000000	65000000	1640.9647
7000000	65000000	1185.7423
8000000	65000000	1115.2875
9000000	65000000	1400.3365
10000000	65000000	1969.0509
11000000	65000000	1242.1782
12000000	65000000	977.2806
13000000	65000000	1270.9048
14000000	65000000	2362.7622
15000000	65000000	1333.7739
16000000	65000000	1784.8676
17000000	65000000	1706.6317
18000000	65000000	1561.0592
19000000	65000000	1453.9906
20000000	65000000	1490.625
21000000	65000000	1688.1329
22000000	65000000	1798.7559
23000000	65000000	1826.4945
24000000	65000000	1639.8616
25000000	65000000	1626.1953
26000000	65000000	1606.6338
27000000	65000000	1641.1439
28000000	65000000	1682.2174
29000000	65000000	1664.5175
30000000	65000000	1699.378
31000000	65000000	2855.4104
32000000	65000000	2973.858
33000000	65000000	2613.946
34000000	65000000	2643.2407
35000000	65000000	2740.3196
36000000	65000000	3238.0173
37000000	65000000	3685.58
38000000	65000000	2774.61
39000000	65000000	2521.3718
40000000	65000000	2572.418
41000000	65000000	2615.2622
42000000	65000000	2514.1934
43000000	65000000	4011.9875
44000000	65000000	2532.662
45000000	65000000	1724.928
46000000	65000000	1058.2299
49000000	65000000	4584.914
50000000	65000000	4834.549
51000000	65000000	4475.7256
52000000	65000000	6203.9604
53000000	65000000	6736.6577
54000000	65000000	7933.8013
55000000	65000000	6994.669
56000000	65000000	6898.3784
57000000	65000000	6365.7666
58000000	65000000	7748.3394
59000000	65000000	9157.954
60000000	65000000	10891.561
61000000	65000000	14476.995
62000000	65000000	13108.933
63000000	65000000	26778.615
64000000	65000000	99222.12
65000000	65000000	505312.9
0	66000000	1339.7574
1000000	66000000	1393.474
2000000	66000000	1063.8999
3000000	66000000	1017.05273
4000000	66000000	880.23816
5000000	66000000	1288.2465
6000000	66000000	1309.659
7000000	66000000	1309.2238
8000000	66000000	1206.4583
9000000	66000000	1363.6425
10000000	66000000	1477.1138
11000000	66000000	1419.3945
12000000	66000000	1197.1752
13000000	66000000	1517.1189
14000000	66000000	1875.7745
15000000	66000000	1565.7007
16000000	66000000	1821.8765
17000000	66000000	1680.6249
18000000	66000000	1558.9651
19000000	66000000	1754.4454
20000000	66000000	1702.0436
21000000	66000000	1950.7996
22000000	66000000	2100.3262
23000000	66000000	2151.8425
24000000	66000000	2015.0685
25000000	66000000	1856.3171
26000000	66000000	1913.0369
27000000	66000000	1908.5782
28000000	66000000	1943.9865
29000000	66000000	1952.9312
30000000	66000000	2126.1616
31000000	66000000	2581.4302
32000000	66000000	2124.1648
33000000	66000000	2130.745
34000000	66000000	2297.2583
35000000	66000000	2443.3684
36000000	66000000	2675.3784
37000000	66000000	2496.7847
38000000	66000000	2822.7004
39000000	66000000	2448.0166
40000000	66000000	2334.2534
41000000	66000000	2435.881
42000000	66000000	2624.6145
43000000	66000000	2418.0017
44000000	66000000	2676.4636
45000000	66000000	1938.2186
46000000	66000000	1047.2256
49000000	66000000	3595.2554
50000000	66000000	5060.22
51000000	66000000	5254.6426
52000000	66000000	5809.8906
53000000	66000000	6209.3994
54000000	66000000	6286.834
55000000	66000000	4921.002
56000000	66000000	5603.391
57000000	66000000	6977.22
58000000	66000000	8003.4434
59000000	66000000	8101.754
60000000	66000000	8573.065
61000000	66000000	10106.561
62000000	66000000	11807.185
63000000	66000000	17689.912
64000000	66000000	18725.74
65000000	66000000	97728.68
66000000	66000000	457652.34
0	67000000	1542.8542
1000000	67000000	1465.4094
2000000	67000000	878.2409
3000000	67000000	791.7559
4000000	67000000	761.00165
5000000	67000000	1125.6979
6000000	67000000	1318.7134
7000000	67000000	932.4223
8000000	67000000	894.1157
9000000	67000000	1149.3618
10000000	67000000	1618.1167
11000000	67000000	1016.03925
12000000	67000000	852.39276
13000000	67000000	987.64343
14000000	67000000	2063.2605
15000000	67000000	1065.1686
16000000	67000000	1377.063
17000000	67000000	1509.8037
18000000	67000000	1313.2281
19000000	67000000	1195.2686
20000000	67000000	1190.5266
21000000	67000000	1474.3741
22000000	67000000	1485.2502
23000000	67000000	1616.0583
24000000	67000000	1450.3219
25000000	67000000	1435.9133
26000000	67000000	1396.4917
27000000	67000000	1405.2719
28000000	67000000	1371.1276
29000000	67000000	1358.9172
30000000	67000000	1409.2035
31000000	67000000	1961.3333
32000000	67000000	2107.6304
33000000	67000000	2046.7257
34000000	67000000	1994.0688
35000000	67000000	2264.5671
36000000	67000000	2453.2947
37000000	67000000	2600.5344
38000000	67000000	1982.1488
39000000	67000000	1806.229
40000000	67000000	2112.2817
41000000	67000000	1845.0162
42000000	67000000	1916.2295
43000000	67000000	2749.3708
44000000	67000000	2046.3931
45000000	67000000	1707.401
46000000	67000000	1028.6157
49000000	67000000	3708.1824
50000000	67000000	3607.422
51000000	67000000	3246.3853
52000000	67000000	4228.633
53000000	67000000	4561.1475
54000000	67000000	5130.9233
55000000	67000000	5206.546
56000000	67000000	4662.3315
57000000	67000000	4338.112
58000000	67000000	5253.502
59000000	67000000	6310.313
60000000	67000000	6743.171
61000000	67000000	7072.221
62000000	67000000	6708.02
63000000	67000000	9149.631
64000000	67000000	12863.767
65000000	67000000	29445.926
66000000	67000000	166957.02
67000000	67000000	508929.2
0	68000000	1993.793
1000000	68000000	1561.8352
2000000	68000000	666.74945
3000000	68000000	553.6271
4000000	68000000	575.82983
5000000	68000000	1037.9993
6000000	68000000	1264.544
7000000	68000000	848.1552
8000000	68000000	722.19507
9000000	68000000	1016.76917
10000000	68000000	1697.4075
11000000	68000000	755.71075
12000000	68000000	651.9053
13000000	68000000	759.51227
14000000	68000000	2058.0125
15000000	68000000	943.2604
16000000	68000000	1185.5089
17000000	68000000	1272.0491
18000000	68000000	1086.2614
19000000	68000000	1010.1674
20000000	68000000	923.467
21000000	68000000	1196.3422
22000000	68000000	1293.8989
23000000	68000000	1252.9631
24000000	68000000	1138.7772
25000000	68000000	1050.8406
26000000	68000000	1066.7495
27000000	68000000	1162.714
28000000	68000000	1075.7842
29000000	68000000	1109.9589
30000000	68000000	1154.5206
31000000	68000000	2085.5876
32000000	68000000	2441.8923
33000000	68000000	1933.6411
34000000	68000000	2029.0542
35000000	68000000	1917.1531
36000000	68000000	2680.4443
37000000	68000000	3201.4536
38000000	68000000	1854.6827
39000000	68000000	1664.318
40000000	68000000	1818.8777
41000000	68000000	1654.634
42000000	68000000	1704.6006
43000000	68000000	3129.0737
44000000	68000000	1555.0194
45000000	68000000	1062.6272
46000000	68000000	579.79517
49000000	68000000	2860.7803
50000000	68000000	2929.604
51000000	68000000	2663.5217
52000000	68000000	3819.9446
53000000	68000000	4039.1636
54000000	68000000	5460.2227
55000000	68000000	5152.5415
56000000	68000000	4519.538
57000000	68000000	3564.2554
58000000	68000000	4297.532
59000000	68000000	5007.164
60000000	68000000	5717.606
61000000	68000000	6514.5435
62000000	68000000	5056.9487
63000000	68000000	6565.068
64000000	68000000	12493.388
65000000	68000000	24064.102
66000000	68000000	56186.848
67000000	68000000	142923.52
68000000	68000000	593725.4
0	69000000	NaN
1000000	69000000	NaN
2000000	69000000	NaN
5000000	69000000	NaN
6000000	69000000	NaN
7000000	69000000	NaN
8000000	69000000	NaN
9000000	69000000	NaN
10000000	69000000	NaN
11000000	69000000	NaN
12000000	69000000	NaN
13000000	69000000	NaN
14000000	69000000	NaN
15000000	69000000	NaN
16000000	69000000	NaN
17000000	69000000	NaN
18000000	69000000	NaN
20000000	69000000	NaN
21000000	69000000	NaN
22000000	69000000	NaN
23000000	69000000	NaN
24000000	69000000	NaN
25000000	69000000	NaN
27000000	69000000	NaN
29000000	69000000	NaN
30000000	69000000	NaN
31000000	69000000	NaN
32000000	69000000	NaN
33000000	69000000	NaN
34000000	69000000	NaN
35000000	69000000	NaN
36000000	69000000	NaN
37000000	69000000	NaN
38000000	69000000	NaN
39000000	69000000	NaN
40000000	69000000	NaN
41000000	69000000	NaN
42000000	69000000	NaN
43000000	69000000	NaN
45000000	69000000	NaN
49000000	69000000	NaN
50000000	69000000	NaN
51000000	69000000	NaN
52000000	69000000	NaN
53000000	69000000	NaN
54000000	69000000	NaN
55000000	69000000	NaN
56000000	69000000	NaN
57000000	69000000	NaN
58000000	69000000	NaN
59000000	69000000	NaN
60000000	69000000	NaN
61000000	69000000	NaN
62000000	69000000	NaN
63000000	69000000	NaN
64000000	69000000	NaN
65000000	69000000	NaN
66000000	69000000	NaN
67000000	69000000	NaN
68000000	69000000	NaN
69000000	69000000	NaN
0	70000000	1594.6726
1000000	70000000	1176.666
2000000	70000000	414.8315
3000000	70000000	375.06885
4000000	70000000	363.49496
5000000	70000000	694.06995
6000000	70000000	939.01764
7000000	70000000	620.88727
8000000	70000000	517.64703
9000000	70000000	682.8299
10000000	70000000	1218.2699
11000000	70000000	580.4439
12000000	70000000	427.64447
13000000	70000000	547.20624
14000000	70000000	1468.346
15000000	70000000	595.1227
16000000	70000000	854.44257
17000000	70000000	875.2545
18000000	70000000	751.9193
19000000	70000000	735.0188
20000000	70000000	700.124
21000000	70000000	873.68713
22000000	70000000	909.6447
23000000	70000000	908.69507
24000000	70000000	764.7762
25000000	70000000	709.3887
26000000	70000000	670.9247
27000000	70000000	847.194
28000000	70000000	880.86566
29000000	70000000	758.2108
30000000	70000000	814.22705
31000000	70000000	1789.0808
32000000	70000000	1918.0426
33000000	70000000	1415.1206
34000000	70000000	1550.1206
35000000	70000000	1341.4188
36000000	70000000	2069.1558
37000000	70000000	2445.6052
38000000	70000000	1363.8689
39000000	70000000	1308.7513
40000000	70000000	1293.347
41000000	70000000	1280.6382
42000000	70000000	1266.7936
43000000	70000000	2285.18
44000000	70000000	1089.4149
45000000	70000000	642.1213
46000000	70000000	299.15543
49000000	70000000	1849.3822
50000000	70000000	2050.175
51000000	70000000	1714.7556
52000000	70000000	2513.4304
53000000	70000000	2885.2307
54000000	70000000	3948.8723
55000000	70000000	3314.9568
56000000	70000000	3396.4348
57000000	70000000	2446.043
58000000	70000000	2974.915
59000000	70000000	3383.258
60000000	70000000	3819.6953
61000000	70000000	4620.7524
62000000	70000000	2761.0142
63000000	70000000	3569.4707
64000000	70000000	7009.823
65000000	70000000	10069.394
66000000	70000000	11013.968
67000000	70000000	13813.582
68000000	70000000	41777.844
69000000	70000000	NaN
70000000	70000000	728812.25
0	71000000	2076.215
1000000	71000000	1800.4788
2000000	71000000	908.26447
3000000	71000000	732.38293
4000000	71000000	664.56055
5000000	71000000	1250.7672
6000000	71000000	1374.1436
7000000	71000000	1063.6339
8000000	71000000	914.8718
9000000	71000000	1176.715
10000000	71000000	1724.0488
11000000	71000000	975.34686
12000000	71000000	733.5151
13000000	71000000	1033.3799
14000000	71000000	1949.1746
15000000	71000000	1095.896
16000000	71000000	1380.2949
17000000	71000000	1309.1239
18000000	71000000	1185.0724
19000000	71000000	1061.9929
20000000	71000000	1095.8977
21000000	71000000	1247.8816
22000000	71000000	1425.7169
23000000	71000000	1400.9753
24000000	71000000	1206.4019
25000000	71000000	1136.4832
26000000	71000000	1247.4224
27000000	71000000	1232.8992
28000000	71000000	1222.4379
29000000	71000000	1131.5509
30000000	71000000	1244.7908
31000000	71000000	2198.889
32000000	71000000	2306.3286
33000000	71000000	2033.0719
34000000	71000000	2186.748
35000000	71000000	2179.7583
36000000	71000000	2726.0486
37000000	71000000	2658.1575
38000000	71000000	2201.6455
39000000	71000000	1788.5698
40000000	71000000	1899.8271
41000000	71000000	1828.5645
42000000	71000000	1880.6477
43000000	71000000	2584.33
44000000	71000000	1738.7334
45000000	71000000	1180.9557
46000000	71000000	740.4829
49000000	71000000	2831.6807
50000000	71000000	3105.099
51000000	71000000	2731.539
52000000	71000000	3799.0518
53000000	71000000	4425.372
54000000	71000000	5314.627
55000000	71000000	4907.841
56000000	71000000	4553.8765
57000000	71000000	4171.6587
58000000	71000000	4725.513
59000000	71000000	5003.5737
60000000	71000000	5405.0093
61000000	71000000	5732.2617
62000000	71000000	4517.6694
63000000	71000000	5240.9854
64000000	71000000	6791.2974
65000000	71000000	11811.405
66000000	71000000	14333.389
67000000	71000000	15381.559
68000000	71000000	25180.725
69000000	71000000	NaN
70000000	71000000	134632.83
71000000	71000000	512995.88
0	72000000	2070.9573
1000000	72000000	1842.9253
2000000	72000000	1040.1407
3000000	72000000	809.8142
4000000	72000000	741.69904
5000000	72000000	1227.8419
6000000	72000000	1418.4628
7000000	72000000	1150.3114
8000000	72000000	937.66595
9000000	72000000	1265.3235
10000000	72000000	1696.9163
11000000	72000000	1042.62
12000000	72000000	810.103
13000000	72000000	1091.2621
14000000	72000000	1951.564
15000000	72000000	1185.0751
16000000	72000000	1468.8752
17000000	72000000	1290.4397
18000000	72000000	1185.569
19000000	72000000	1084.6111
20000000	72000000	1065.4623
21000000	72000000	1326.2477
22000000	72000000	1266.4382
23000000	72000000	1391.6366
24000000	72000000	1315.9446
25000000	72000000	1270.5833
26000000	72000000	1135.5087
27000000	72000000	1240.1228
28000000	72000000	1308.5369
29000000	72000000	1236.077
30000000	72000000	1248.3873
31000000	72000000	2169.866
32000000	72000000	2346.8171
33000000	72000000	2036.0978
34000000	72000000	2201.8528
35000000	72000000	2200.9849
36000000	72000000	2824.5037
37000000	72000000	2666.1785
38000000	72000000	2381.0366
39000000	72000000	1818.4276
40000000	72000000	1890.1882
41000000	72000000	1806.0427
42000000	72000000	1785.8137
43000000	72000000	2454.9294
44000000	72000000	1775.2319
45000000	72000000	1161.7202
46000000	72000000	770.83777
49000000	72000000	2609.9937
50000000	72000000	3037.804
51000000	72000000	2822.5085
52000000	72000000	3924.1753
53000000	72000000	4432.9087
54000000	72000000	5511.128
55000000	72000000	4765.4717
56000000	72000000	4756.07
57000000	72000000	4714.7373
58000000	72000000	5114.802
59000000	72000000	5181.4014
60000000	72000000	5354.7334
61000000	72000000	5705.4004
62000000	72000000	4461.7935
63000000	72000000	5168.699
64000000	72000000	5913.445
65000000	72000000	9703.511
66000000	72000000	11112.43
67000000	72000000	10087.65
68000000	72000000	14150.237
69000000	72000000	NaN
70000000	72000000	32920.47
71000000	72000000	114952.76
72000000	72000000	488589.84
0	73000000	1827.7291
1000000	73000000	1638.6555
2000000	73000000	806.163
3000000	73000000	641.2798
4000000	73000000	620.3244
5000000	73000000	1116.8324
6000000	73000000	1213.6439
7000000	73000000	875.8671
8000000	73000000	788.0599
9000000	73000000	1102.3531
10000000	73000000	1529.3285
11000000	73000000	813.35944
12000000	73000000	663.31537
13000000	73000000	856.33307
14000000	73000000	1808.8334
15000000	73000000	877.5725
16000000	73000000	1144.6403
17000000	73000000	1168.8348
18000000	73000000	1011.94684
19000000	73000000	846.0585
20000000	73000000	914.8363
21000000	73000000	1055.8374
22000000	73000000	1152.2775
23000000	73000000	1145.7118
24000000	73000000	955.8023
25000000	73000000	947.73285
26000000	73000000	1000.4112
27000000	73000000	953.8997
28000000	73000000	976.41693
29000000	73000000	977.30115
30000000	73000000	961.79047
31000000	73000000	1753.0758
32000000	73000000	1777.6782
33000000	73000000	1730.3289
34000000	73000000	1788.9579
35000000	73000000	1984.6348
36000000	73000000	2223.8591
37000000	73000000	2243.5312
38000000	73000000	1870.8126
39000000	73000000	1475.5023
40000000	73000000	1583.4868
41000000	73000000	1421.4202
42000000	73000000	1440.4513
43000000	73000000	1966.1215
44000000	73000000	1352.6559
45000000	73000000	985.1925
46000000	73000000	567.7416
49000000	73000000	2474.416
50000000	73000000	2459.538
51000000	73000000	2198.7102
52000000	73000000	3231.5618
53000000	73000000	3696.2139
54000000	73000000	4546.22
55000000	73000000	4501.257
56000000	73000000	4008.1458
57000000	73000000	3630.2192
58000000	73000000	4381.5625
59000000	73000000	4792.3745
60000000	73000000	4706.6226
61000000	73000000	4267.5293
62000000	73000000	3246.8147
63000000	73000000	3867.126
64000000	73000000	4766.0312
65000000	73000000	7226.0317
66000000	73000000	7813.093
67000000	73000000	7312.95
68000000	73000000	8583.522
69000000	73000000	NaN
70000000	73000000	11655.769
71000000	73000000	26732.467
72000000	73000000	118268.664
73000000	73000000	569564.7
0	74000000	1795.6111
1000000	74000000	1381.5078
2000000	74000000	715.21204
3000000	74000000	620.1557
4000000	74000000	576.6023
5000000	74000000	953.2742
6000000	74000000	1212.5486
7000000	74000000	875.5366
8000000	74000000	831.266
9000000	74000000	1026.6587
10000000	74000000	1492.4438
11000000	74000000	767.0662
12000000	74000000	675.9945
13000000	74000000	763.0102
14000000	74000000	1656.9908
15000000	74000000	832.7483
16000000	74000000	1136.198
17000000	74000000	1240.5956
18000000	74000000	1031.9403
19000000	74000000	910.4798
20000000	74000000	871.25397
21000000	74000000	1074.8085
22000000	74000000	1080.6282
23000000	74000000	1227.1749
24000000	74000000	1037.5605
25000000	74000000	1024.0485
26000000	74000000	934.34357
27000000	74000000	1022.6081
28000000	74000000	1069.1245
29000000	74000000	1058.914
30000000	74000000	1049.2041
31000000	74000000	1669.4646
32000000	74000000	1996.1523
33000000	74000000	1779.8726
34000000	74000000	1844.6432
35000000	74000000	1930.6677
36000000	74000000	2246.3171
37000000	74000000	2480.1235
38000000	74000000	1627.1981
39000000	74000000	1490.0228
40000000	74000000	1669.9293
41000000	74000000	1541.375
42000000	74000000	1468.9431
43000000	74000000	2599.0195
44000000	74000000	1499.109
45000000	74000000	1089.5863
46000000	74000000	697.35815
49000000	74000000	2647.6086
50000000	74000000	2445.4153
51000000	74000000	2155.3364
52000000	74000000	2971.0195
53000000	74000000	3273.6797
54000000	74000000	4358.875
55000000	74000000	4222.8394
56000000	74000000	3722.7195
57000000	74000000	2984.374
58000000	74000000	3291.982
59000000	74000000	3757.8877
60000000	74000000	4145.9795
61000000	74000000	4162.909
62000000	74000000	3188.3667
63000000	74000000	3573.234
64000000	74000000	5243.196
65000000	74000000	6867.131
66000000	74000000	6344.3906
67000000	74000000	6738.537
68000000	74000000	8506.37
69000000	74000000	NaN
70000000	74000000	11590.215
71000000	74000000	19808.654
72000000	74000000	44068.086
73000000	74000000	109301.586
74000000	74000000	532944.0
0	75000000	1770.1044
1000000	75000000	1386.82
2000000	75000000	696.65546
3000000	75000000	604.8849
4000000	75000000	571.1692
5000000	75000000	975.1821
6000000	75000000	1117.3909
7000000	75000000	762.8061
8000000	75000000	700.61475
9000000	75000000	992.4818
10000000	75000000	1383.8098
11000000	75000000	689.7947
12000000	75000000	602.9471
13000000	75000000	704.75574
14000000	75000000	1602.2904
15000000	75000000	757.9283
16000000	75000000	1009.7959
17000000	75000000	1149.7197
18000000	75000000	860.6702
19000000	75000000	741.8426
20000000	75000000	731.10803
21000000	75000000	968.0407
22000000	75000000	929.2725
23000000	75000000	1021.6989
24000000	75000000	907.5106
25000000	75000000	944.76355
26000000	75000000	896.3241
27000000	75000000	900.5833
28000000	75000000	931.6506
29000000	75000000	788.16003
30000000	75000000	797.2395
31000000	75000000	1579.2003
32000000	75000000	1747.0422
33000000	75000000	1675.2133
34000000	75000000	1667.0361
35000000	75000000	1863.8156
36000000	75000000	2157.7349
37000000	75000000	2290.0283
38000000	75000000	1483.0729
39000000	75000000	1265.032
40000000	75000000	1380.2521
41000000	75000000	1262.7745
42000000	75000000	1253.487
43000000	75000000	2205.481
44000000	75000000	1208.4008
45000000	75000000	1005.42505
46000000	75000000	634.6132
49000000	75000000	2309.8682
50000000	75000000	2166.623
51000000	75000000	1809.4629
52000000	75000000	2704.2969
53000000	75000000	3268.4788
54000000	75000000	4006.575
55000000	75000000	4174.743
56000000	75000000	3309.3428
57000000	75000000	2664.0564
58000000	75000000	3275.7878
59000000	75000000	3761.5518
60000000	75000000	3992.7217
61000000	75000000	3665.2524
62000000	75000000	2675.7644
63000000	75000000	3004.7014
64000000	75000000	4527.107
65000000	75000000	6124.13
66000000	75000000	5700.791
67000000	75000000	6000.106
68000000	75000000	7063.4854
69000000	75000000	NaN
70000000	75000000	7987.875
71000000	75000000	14577.793
72000000	75000000	23702.113
73000000	75000000	39157.46
74000000	75000000	133864.52
75000000	75000000	547402.9
0	76000000	1766.9147
1000000	76000000	1423.3591
2000000	76000000	574.40533
3000000	76000000	488.3759
4000000	76000000	413.6289
5000000	76000000	889.0446
6000000	76000000	1070.2616
7000000	76000000	742.4036
8000000	76000000	619.1219
9000000	76000000	818.1961
10000000	76000000	1317.0027
11000000	76000000	683.26605
12000000	76000000	506.02005
13000000	76000000	600.66705
14000000	76000000	1616.0399
15000000	76000000	723.49817
16000000	76000000	921.8564
17000000	76000000	977.81995
18000000	76000000	804.41766
19000000	76000000	663.9409
20000000	76000000	746.3427
21000000	76000000	835.94275
22000000	76000000	794.88904
23000000	76000000	883.5162
24000000	76000000	766.1787
25000000	76000000	766.7194
26000000	76000000	712.6106
27000000	76000000	846.64355
28000000	76000000	772.97656
29000000	76000000	687.04913
30000000	76000000	712.746
31000000	76000000	1496.7242
32000000	76000000	1727.0182
33000000	76000000	1604.0066
34000000	76000000	1630.6215
35000000	76000000	1900.6465
36000000	76000000	2222.8748
37000000	76000000	2432.2117
38000000	76000000	1486.9196
39000000	76000000	1275.1367
40000000	76000000	1386.6273
41000000	76000000	1193.3816
42000000	76000000	1288.3839
43000000	76000000	2046.515
44000000	76000000	1034.5603
45000000	76000000	764.5063
46000000	76000000	437.2448
49000000	76000000	2097.7566
50000000	76000000	1925.7776
51000000	76000000	1657.9801
52000000	76000000	2674.1821
53000000	76000000	3190.5464
54000000	76000000	4372.1934
55000000	76000000	4525.634
56000000	76000000	3616.007
57000000	76000000	2688.2642
58000000	76000000	3254.4814
59000000	76000000	3838.6558
60000000	76000000	4170.3877
61000000	76000000	3628.5076
62000000	76000000	2377.5046
63000000	76000000	2783.8833
64000000	76000000	4449.7485
65000000	76000000	5954.117
66000000	76000000	5751.016
67000000	76000000	5883.2334
68000000	76000000	6831.7354
69000000	76000000	NaN
70000000	76000000	7516.1616
71000000	76000000	12708.019
72000000	76000000	18081.197
73000000	76000000	22924.926
74000000	76000000	36881.215
75000000	76000000	123365.484
76000000	76000000	508574.06
0	77000000	1742.1381
1000000	77000000	1253.492
2000000	77000000	386.42264
3000000	77000000	321.991
4000000	77000000	319.55927
5000000	77000000	684.39703
6000000	77000000	929.9493
7000000	77000000	541.0529
8000000	77000000	478.20862
9000000	77000000	690.6197
10000000	77000000	1316.2754
11000000	77000000	502.78177
12000000	77000000	349.58987
13000000	77000000	434.30414
14000000	77000000	1570.4102
15000000	77000000	444.51746
16000000	77000000	778.86664
17000000	77000000	849.4574
18000000	77000000	659.51337
19000000	77000000	560.9165
20000000	77000000	484.70825
21000000	77000000	666.62256
22000000	77000000	639.6868
23000000	77000000	762.9066
24000000	77000000	508.1452
25000000	77000000	528.18964
26000000	77000000	504.10944
27000000	77000000	518.5635
28000000	77000000	527.69977
29000000	77000000	485.6767
30000000	77000000	459.13235
31000000	77000000	1190.2173
32000000	77000000	1810.7822
33000000	77000000	1629.6985
34000000	77000000	1560.838
35000000	77000000	1696.5813
36000000	77000000	2055.9097
37000000	77000000	2459.5293
38000000	77000000	1036.2614
39000000	77000000	1067.6396
40000000	77000000	1249.542
41000000	77000000	1078.4673
42000000	77000000	1038.0128
43000000	77000000	2389.5547
44000000	77000000	786.9095
45000000	77000000	544.7653
46000000	77000000	318.60422
49000000	77000000	2103.1707
50000000	77000000	1517.6389
51000000	77000000	1195.0262
52000000	77000000	2227.2517
53000000	77000000	2518.8296
54000000	77000000	3922.4001
55000000	77000000	4847.766
56000000	77000000	3090.2969
57000000	77000000	1856.907
58000000	77000000	2357.9126
59000000	77000000	3162.4736
60000000	77000000	3425.4304
61000000	77000000	3004.7297
62000000	77000000	1574.5546
63000000	77000000	1964.0737
64000000	77000000	5284.315
65000000	77000000	5506.7646
66000000	77000000	3913.6792
67000000	77000000	4960.6685
68000000	77000000	6674.3843
69000000	77000000	NaN
70000000	77000000	6118.9204
71000000	77000000	8616.636
72000000	77000000	10252.779
73000000	77000000	11949.335
74000000	77000000	17020.299
75000000	77000000	27717.348
76000000	77000000	148714.75
77000000	77000000	537441.56
0	78000000	1758.6655
1000000	78000000	1361.7749
2000000	78000000	482.6079
3000000	78000000	346.0522
4000000	78000000	348.29343
5000000	78000000	786.30743
6000000	78000000	1026.6259
7000000	78000000	616.3479
8000000	78000000	547.0542
9000000	78000000	770.1789
10000000	78000000	1352.0764
11000000	78000000	525.6548
12000000	78000000	436.8557
13000000	78000000	574.03394
14000000	78000000	1670.7021
15000000	78000000	610.2008
16000000	78000000	848.1042
17000000	78000000	951.4362
18000000	78000000	702.77515
19000000	78000000	605.1821
20000000	78000000	613.07574
21000000	78000000	750.5546
22000000	78000000	804.2009
23000000	78000000	902.17773
24000000	78000000	647.23517
25000000	78000000	659.9068
26000000	78000000	663.7521
27000000	78000000	588.9373
28000000	78000000	682.9088
29000000	78000000	650.0282
30000000	78000000	635.10596
31000000	78000000	1320.6812
32000000	78000000	1850.6812
33000000	78000000	1633.3456
34000000	78000000	1562.4604
35000000	78000000	1604.8627
36000000	78000000	2128.1636
37000000	78000000	2352.1436
38000000	78000000	1239.7515
39000000	78000000	1176.3708
40000000	78000000	1266.7054
41000000	78000000	1213.1558
42000000	78000000	1132.7743
43000000	78000000	2215.06
44000000	78000000	991.6967
45000000	78000000	631.6691
46000000	78000000	358.82404
49000000	78000000	1987.1111
50000000	78000000	1719.4669
51000000	78000000	1452.5552
52000000	78000000	2531.0151
53000000	78000000	2884.5671
54000000	78000000	4250.8496
55000000	78000000	4517.9385
56000000	78000000	3402.2588
57000000	78000000	2225.9937
58000000	78000000	2745.1245
59000000	78000000	3535.268
60000000	78000000	3829.376
61000000	78000000	3303.5513
62000000	78000000	1998.9314
63000000	78000000	2363.9656
64000000	78000000	4827.6523
65000000	78000000	5553.3833
66000000	78000000	4559.136
67000000	78000000	4937.345
68000000	78000000	6414.1016
69000000	78000000	NaN
70000000	78000000	6204.181
71000000	78000000	8709.195
72000000	78000000	10089.559
73000000	78000000	10565.533
74000000	78000000	13329.655
75000000	78000000	17452.395
76000000	78000000	37003.387
77000000	78000000	157333.42
78000000	78000000	521136.8
0	79000000	1804.0767
1000000	79000000	1396.1671
2000000	79000000	628.85406
3000000	79000000	542.8088
4000000	79000000	464.98718
5000000	79000000	949.8481
6000000	79000000	1129.6006
7000000	79000000	727.00665
8000000	79000000	685.2028
9000000	79000000	826.85767
10000000	79000000	1315.273
11000000	79000000	711.73444
12000000	79000000	624.9347
13000000	79000000	651.907
14000000	79000000	1617.077
15000000	79000000	728.28485
16000000	79000000	994.16077
17000000	79000000	1023.87396
18000000	79000000	875.65015
19000000	79000000	833.7789
20000000	79000000	836.0747
21000000	79000000	915.9783
22000000	79000000	958.3054
23000000	79000000	989.7271
24000000	79000000	837.06586
25000000	79000000	809.64087
26000000	79000000	858.2191
27000000	79000000	870.637
28000000	79000000	931.969
29000000	79000000	755.5712
30000000	79000000	858.58636
31000000	79000000	1594.5094
32000000	79000000	1815.2858
33000000	79000000	1565.9977
34000000	79000000	1736.7709
35000000	79000000	1749.5187
36000000	79000000	2289.6367
37000000	79000000	2404.8025
38000000	79000000	1639.9274
39000000	79000000	1321.9475
40000000	79000000	1414.3513
41000000	79000000	1275.5654
42000000	79000000	1363.5789
43000000	79000000	2165.4392
44000000	79000000	1207.662
45000000	79000000	937.16565
46000000	79000000	529.98035
49000000	79000000	2292.195
50000000	79000000	2105.9912
51000000	79000000	1903.3287
52000000	79000000	3031.1677
53000000	79000000	3685.956
54000000	79000000	4844.538
55000000	79000000	4534.4614
56000000	79000000	3733.9895
57000000	79000000	2916.455
58000000	79000000	3341.9856
59000000	79000000	3983.7773
60000000	79000000	4429.521
61000000	79000000	3984.68
62000000	79000000	2550.1875
63000000	79000000	3039.336
64000000	79000000	4931.3677
65000000	79000000	6549.8965
66000000	79000000	5522.18
67000000	79000000	5419.7188
68000000	79000000	6571.8643
69000000	79000000	NaN
70000000	79000000	6477.177
71000000	79000000	9539.246
72000000	79000000	10958.214
73000000	79000000	10312.264
74000000	79000000	12096.869
75000000	79000000	14065.923
76000000	79000000	22845.244
77000000	79000000	29946.541
78000000	79000000	130473.01
79000000	79000000	518131.94
0	80000000	1441.6136
1000000	80000000	1205.5918
2000000	80000000	609.51544
3000000	80000000	461.75015
4000000	80000000	443.48624
5000000	80000000	887.571
6000000	80000000	1057.7576
7000000	80000000	769.8742
8000000	80000000	698.4292
9000000	80000000	960.11786
10000000	80000000	1374.5092
11000000	80000000	677.885
12000000	80000000	544.946
13000000	80000000	667.49286
14000000	80000000	1670.5254
15000000	80000000	733.26526
16000000	80000000	1077.0837
17000000	80000000	1086.4014
18000000	80000000	979.9041
19000000	80000000	893.9588
20000000	80000000	938.6061
21000000	80000000	1089.0315
22000000	80000000	1063.1371
23000000	80000000	1152.4501
24000000	80000000	965.6829
25000000	80000000	940.42316
26000000	80000000	910.87164
27000000	80000000	1010.91315
28000000	80000000	991.3703
29000000	80000000	974.13605
30000000	80000000	903.58984
31000000	80000000	1727.8062
32000000	80000000	1804.3502
33000000	80000000	1776.1925
34000000	80000000	1806.536
35000000	80000000	1875.4377
36000000	80000000	2349.479
37000000	80000000	2616.0679
38000000	80000000	1615.776
39000000	80000000	1490.2426
40000000	80000000	1602.8961
41000000	80000000	1500.2886
42000000	80000000	1396.8593
43000000	80000000	2572.422
44000000	80000000	1319.6726
45000000	80000000	920.1168
46000000	80000000	544.567
49000000	80000000	2863.2249
50000000	80000000	2711.1267
51000000	80000000	2316.1064
52000000	80000000	3719.3872
53000000	80000000	4275.9077
54000000	80000000	5166.0903
55000000	80000000	4729.916
56000000	80000000	3957.8955
57000000	80000000	3000.5242
58000000	80000000	3746.595
59000000	80000000	4590.8916
60000000	80000000	4958.6074
61000000	80000000	4583.381
62000000	80000000	2866.8843
63000000	80000000	3316.2585
64000000	80000000	6397.9697
65000000	80000000	7108.668
66000000	80000000	5612.0293
67000000	80000000	5417.5806
68000000	80000000	6460.363
69000000	80000000	NaN
70000000	80000000	5582.608
71000000	80000000	7838.8584
72000000	80000000	8577.788
73000000	80000000	8505.964
74000000	80000000	9329.872
75000000	80000000	10311.584
76000000	80000000	14358.579
77000000	80000000	17123.3
78000000	80000000	30396.12
79000000	80000000	116316.58
80000000	80000000	464741.97
0	81000000	1107.4316
1000000	81000000	978.3767
2000000	81000000	640.3913
3000000	81000000	562.27124
4000000	81000000	573.6539
5000000	81000000	855.6683
6000000	81000000	967.99316
7000000	81000000	781.23035
8000000	81000000	732.7526
9000000	81000000	988.3939
10000000	81000000	1240.146
11000000	81000000	793.2611
12000000	81000000	788.5549
13000000	81000000	838.3367
14000000	81000000	1408.5725
15000000	81000000	857.998
16000000	81000000	1076.5077
17000000	81000000	1224.1505
18000000	81000000	1164.6025
19000000	81000000	1138.0936
20000000	81000000	1140.6011
21000000	81000000	1385.7938
22000000	81000000	1366.1189
23000000	81000000	1402.665
24000000	81000000	1216.395
25000000	81000000	1249.0037
26000000	81000000	1217.1925
27000000	81000000	1387.4631
28000000	81000000	1248.7515
29000000	81000000	1298.5546
30000000	81000000	1193.1072
31000000	81000000	1544.2242
32000000	81000000	1625.3706
33000000	81000000	1604.7183
34000000	81000000	1489.9082
35000000	81000000	1617.2291
36000000	81000000	1844.195
37000000	81000000	2167.9846
38000000	81000000	1514.7952
39000000	81000000	1488.377
40000000	81000000	1717.3386
41000000	81000000	1655.3865
42000000	81000000	1605.3179
43000000	81000000	2525.1604
44000000	81000000	1805.8517
45000000	81000000	1372.844
46000000	81000000	763.7578
49000000	81000000	3234.7927
50000000	81000000	3406.6423
51000000	81000000	3249.4573
52000000	81000000	4144.6577
53000000	81000000	4208.045
54000000	81000000	4218.9595
55000000	81000000	3911.5535
56000000	81000000	3590.0906
57000000	81000000	3129.1863
58000000	81000000	3757.54
59000000	81000000	4211.4297
60000000	81000000	4715.36
61000000	81000000	4711.901
62000000	81000000	3913.5674
63000000	81000000	4488.9663
64000000	81000000	6287.047
65000000	81000000	5782.3403
66000000	81000000	4520.909
67000000	81000000	4544.923
68000000	81000000	4779.073
69000000	81000000	NaN
70000000	81000000	3608.9949
71000000	81000000	5294.3623
72000000	81000000	5582.675
73000000	81000000	5490.252
74000000	81000000	6239.7705
75000000	81000000	6756.4824
76000000	81000000	7882.971
77000000	81000000	9677.089
78000000	81000000	12832.079
79000000	81000000	24013.465
80000000	81000000	144059.22
81000000	81000000	440756.2
0	82000000	824.04004
1000000	82000000	793.21497
2000000	82000000	643.40137
3000000	82000000	621.8292
4000000	82000000	629.7175
5000000	82000000	867.74194
6000000	82000000	929.2614
7000000	82000000	833.5465
8000000	82000000	814.7728
9000000	82000000	955.6357
10000000	82000000	1192.3285
11000000	82000000	904.64343
12000000	82000000	933.91656
13000000	82000000	924.41644
14000000	82000000	1500.5697
15000000	82000000	965.20886
16000000	82000000	1175.8289
17000000	82000000	1340.8759
18000000	82000000	1370.625
19000000	82000000	1204.4491
20000000	82000000	1294.2229
21000000	82000000	1406.7135
22000000	82000000	1598.2646
23000000	82000000	1791.1649
24000000	82000000	1397.2303
25000000	82000000	1548.9485
26000000	82000000	1389.2726
27000000	82000000	1625.3907
28000000	82000000	1549.7603
29000000	82000000	1509.0787
30000000	82000000	1462.1976
31000000	82000000	1604.4506
32000000	82000000	1577.707
33000000	82000000	1576.3447
34000000	82000000	1508.2844
35000000	82000000	1712.7141
36000000	82000000	1817.6421
37000000	82000000	1920.9176
38000000	82000000	1467.0481
39000000	82000000	1619.8352
40000000	82000000	1877.8649
41000000	82000000	1783.4524
42000000	82000000	1792.7163
43000000	82000000	2564.1868
44000000	82000000	2161.3433
45000000	82000000	1820.5715
46000000	82000000	1027.7838
49000000	82000000	4136.866
50000000	82000000	4179.9736
51000000	82000000	3883.774
52000000	82000000	4527.5786
53000000	82000000	4240.64
54000000	82000000	3852.6946
55000000	82000000	3315.334
56000000	82000000	3360.6648
57000000	82000000	3280.0706
58000000	82000000	3932.4248
59000000	82000000	4642.7275
60000000	82000000	4785.8076
61000000	82000000	4804.2964
62000000	82000000	4823.3887
63000000	82000000	5359.638
64000000	82000000	6498.997
65000000	82000000	5262.828
66000000	82000000	4462.764
67000000	82000000	4432.6675
68000000	82000000	4034.5332
69000000	82000000	NaN
70000000	82000000	2869.7234
71000000	82000000	4341.556
72000000	82000000	4606.406
73000000	82000000	4497.398
74000000	82000000	5082.187
75000000	82000000	5191.4717
76000000	82000000	5717.703
77000000	82000000	6199.1
78000000	82000000	7570.0527
79000000	82000000	12121.353
80000000	82000000	30001.623
81000000	82000000	143276.84
82000000	82000000	498141.97
0	83000000	451.64224
1000000	83000000	458.878
2000000	83000000	530.4724
3000000	83000000	586.384
4000000	83000000	603.21576
5000000	83000000	662.99646
6000000	83000000	683.41547
7000000	83000000	814.0438
8000000	83000000	795.9854
9000000	83000000	812.3791
10000000	83000000	814.6723
11000000	83000000	984.82764
12000000	83000000	1019.16376
13000000	83000000	1008.4174
14000000	83000000	1043.664
15000000	83000000	1063.9585
16000000	83000000	1069.5887
17000000	83000000	879.23914
18000000	83000000	1269.9008
19000000	83000000	1443.3082
20000000	83000000	1318.6287
21000000	83000000	1529.0989
22000000	83000000	1760.3724
23000000	83000000	1799.1376
24000000	83000000	1439.1354
25000000	83000000	1439.4514
26000000	83000000	1379.2988
27000000	83000000	1496.162
28000000	83000000	1656.6914
29000000	83000000	1681.1882
30000000	83000000	1655.525
31000000	83000000	1362.9384
32000000	83000000	1098.7998
33000000	83000000	1202.1078
34000000	83000000	1112.2277
35000000	83000000	1328.744
36000000	83000000	1292.756
37000000	83000000	1112.6606
38000000	83000000	1322.4524
39000000	83000000	1731.386
40000000	83000000	1735.434
41000000	83000000	1769.876
42000000	83000000	1838.8098
43000000	83000000	1757.0587
44000000	83000000	2220.0098
45000000	83000000	1643.43
46000000	83000000	772.41125
49000000	83000000	3217.3652
50000000	83000000	4876.4346
51000000	83000000	5709.9697
52000000	83000000	4471.1616
53000000	83000000	3755.6494
54000000	83000000	2716.2297
55000000	83000000	2039.939
56000000	83000000	2909.01
57000000	83000000	4300.9272
58000000	83000000	4564.9326
59000000	83000000	4234.9023
60000000	83000000	3916.125
61000000	83000000	4788.041
62000000	83000000	6525.209
63000000	83000000	6820.5923
64000000	83000000	4428.2446
65000000	83000000	3889.9492
66000000	83000000	4437.9917
67000000	83000000	3358.488
68000000	83000000	2760.2634
69000000	83000000	NaN
70000000	83000000	2330.7886
71000000	83000000	3361.4382
72000000	83000000	3752.7275
73000000	83000000	3366.5093
74000000	83000000	3382.912
75000000	83000000	3216.5825
76000000	83000000	3474.546
77000000	83000000	3323.9956
78000000	83000000	4256.7983
79000000	83000000	6581.6987
80000000	83000000	12025.445
81000000	83000000	29731.945
82000000	83000000	58403.85
83000000	83000000	473290.78
0	84000000	423.12973
1000000	84000000	360.81226
2000000	84000000	580.16846
3000000	84000000	586.85376
4000000	84000000	742.34924
5000000	84000000	636.8619
6000000	84000000	639.2517
7000000	84000000	861.8894
8000000	84000000	944.926
9000000	84000000	806.2948
10000000	84000000	682.81384
11000000	84000000	1023.98553
12000000	84000000	1217.4281
13000000	84000000	1147.4193
14000000	84000000	842.05316
15000000	84000000	1115.9548
16000000	84000000	1000.58997
17000000	84000000	879.7292
18000000	84000000	1265.7156
19000000	84000000	1651.7675
20000000	84000000	1718.1035
21000000	84000000	1668.2795
22000000	84000000	2013.8695
23000000	84000000	1892.6855
24000000	84000000	1701.4935
25000000	84000000	1663.0082
26000000	84000000	1578.4911
27000000	84000000	1794.0771
28000000	84000000	1812.0702
29000000	84000000	2026.18
30000000	84000000	1913.6023
31000000	84000000	1287.8291
32000000	84000000	903.22675
33000000	84000000	1023.9856
34000000	84000000	976.6274
35000000	84000000	1124.9996
36000000	84000000	1088.3901
37000000	84000000	854.1805
38000000	84000000	1377.1373
39000000	84000000	1588.0372
40000000	84000000	1559.3398
41000000	84000000	1837.1416
42000000	84000000	1919.1018
43000000	84000000	1442.3015
44000000	84000000	2173.245
45000000	84000000	1981.8486
46000000	84000000	984.76337
49000000	84000000	2675.823
50000000	84000000	5115.7676
51000000	84000000	6391.79
52000000	84000000	4287.002
53000000	84000000	3474.3582
54000000	84000000	2482.3245
55000000	84000000	1578.0692
56000000	84000000	2585.3418
57000000	84000000	4731.3774
58000000	84000000	4412.8765
59000000	84000000	3692.4692
60000000	84000000	3388.219
61000000	84000000	4255.024
62000000	84000000	7308.465
63000000	84000000	7408.0464
64000000	84000000	3615.4617
65000000	84000000	3574.5156
66000000	84000000	4302.637
67000000	84000000	2976.3892
68000000	84000000	2543.037
69000000	84000000	NaN
70000000	84000000	1862.5741
71000000	84000000	3027.839
72000000	84000000	3330.2039
73000000	84000000	2741.236
74000000	84000000	2931.2502
75000000	84000000	2857.9065
76000000	84000000	2871.6074
77000000	84000000	2384.4897
78000000	84000000	3252.483
79000000	84000000	4939.1426
80000000	84000000	7873.125
81000000	84000000	17895.281
82000000	84000000	29162.094
83000000	84000000	141320.31
84000000	84000000	459635.9
0	85000000	406.08722
1000000	85000000	394.1776
2000000	85000000	496.5666
3000000	85000000	570.8857
4000000	85000000	571.5444
5000000	85000000	650.8276
6000000	85000000	623.96375
7000000	85000000	820.41956
8000000	85000000	850.3599
9000000	85000000	789.6833
10000000	85000000	727.596
11000000	85000000	1070.4847
12000000	85000000	1024.4553
13000000	85000000	1091.422
14000000	85000000	855.7173
15000000	85000000	1060.4144
16000000	85000000	992.9711
17000000	85000000	855.78436
18000000	85000000	1102.4905
19000000	85000000	1451.3191
20000000	85000000	1558.6445
21000000	85000000	1600.2029
22000000	85000000	1850.8547
23000000	85000000	1618.1118
24000000	85000000	1598.0038
25000000	85000000	1536.8329
26000000	85000000	1429.4989
27000000	85000000	1679.4933
28000000	85000000	1582.1168
29000000	85000000	1804.4307
30000000	85000000	1677.051
31000000	85000000	1238.6747
32000000	85000000	937.1568
33000000	85000000	1025.3053
34000000	85000000	961.364
35000000	85000000	1101.3353
36000000	85000000	1076.901
37000000	85000000	922.6386
38000000	85000000	1388.4508
39000000	85000000	1682.5946
40000000	85000000	1540.0319
41000000	85000000	1838.7622
42000000	85000000	2009.5637
43000000	85000000	1433.7909
44000000	85000000	2180.1191
45000000	85000000	1695.6733
46000000	85000000	734.869
49000000	85000000	2586.4617
50000000	85000000	5008.1865
51000000	85000000	5771.1875
52000000	85000000	4494.167
53000000	85000000	3440.1987
54000000	85000000	2550.4255
55000000	85000000	1608.9344
56000000	85000000	2674.83
57000000	85000000	4696.788
58000000	85000000	4536.3306
59000000	85000000	3619.3855
60000000	85000000	3373.7703
61000000	85000000	4493.1685
62000000	85000000	7014.07
63000000	85000000	6941.1323
64000000	85000000	3620.5857
65000000	85000000	3502.5251
66000000	85000000	4273.89
67000000	85000000	2936.475
68000000	85000000	2397.491
69000000	85000000	NaN
70000000	85000000	1903.6516
71000000	85000000	3071.4258
72000000	85000000	3351.7654
73000000	85000000	2740.235
74000000	85000000	2832.1592
75000000	85000000	2527.024
76000000	85000000	2681.6533
77000000	85000000	2173.492
78000000	85000000	3095.693
79000000	85000000	4677.836
80000000	85000000	6933.283
81000000	85000000	14178.07
82000000	85000000	21687.951
83000000	85000000	59925.656
84000000	85000000	109530.11
85000000	85000000	464532.1
0	86000000	598.2871
1000000	86000000	584.6728
2000000	86000000	432.3843
3000000	86000000	366.1189
4000000	86000000	450.6931
5000000	86000000	636.26556
6000000	86000000	707.8495
7000000	86000000	658.8679
8000000	86000000	676.1093
9000000	86000000	749.1175
10000000	86000000	980.20264
11000000	86000000	680.857
12000000	86000000	747.26904
13000000	86000000	741.60486
14000000	86000000	1127.2715
15000000	86000000	727.2728
16000000	86000000	884.1014
17000000	86000000	833.71826
18000000	86000000	1092.4359
19000000	86000000	1057.1621
20000000	86000000	1010.2826
21000000	86000000	1278.0463
22000000	86000000	1394.9407
23000000	86000000	1399.7561
24000000	86000000	1067.4707
25000000	86000000	1108.8083
26000000	86000000	1006.476
27000000	86000000	1190.3159
28000000	86000000	1212.981
29000000	86000000	1260.9823
30000000	86000000	1256.6115
31000000	86000000	1299.21
32000000	86000000	1210.6989
33000000	86000000	1286.6245
34000000	86000000	1010.2689
35000000	86000000	1191.5033
36000000	86000000	1295.0312
37000000	86000000	1260.1008
38000000	86000000	1178.0541
39000000	86000000	1378.1016
40000000	86000000	1579.4587
41000000	86000000	1754.541
42000000	86000000	1682.295
43000000	86000000	2120.1763
44000000	86000000	1687.3276
45000000	86000000	1126.3853
46000000	86000000	517.9061
49000000	86000000	2988.3342
50000000	86000000	3906.6528
51000000	86000000	4067.4612
52000000	86000000	4077.8486
53000000	86000000	3245.0857
54000000	86000000	3061.7234
55000000	86000000	2542.4292
56000000	86000000	2991.3232
57000000	86000000	3348.5303
58000000	86000000	3764.35
59000000	86000000	3455.9692
60000000	86000000	3777.1445
61000000	86000000	4562.4536
62000000	86000000	4755.943
63000000	86000000	5247.1616
64000000	86000000	5144.4004
65000000	86000000	4146.653
66000000	86000000	3815.6912
67000000	86000000	3411.5457
68000000	86000000	3200.9373
69000000	86000000	NaN
70000000	86000000	2382.15
71000000	86000000	3422.0435
72000000	86000000	3612.1956
73000000	86000000	3184.3782
74000000	86000000	3517.9924
75000000	86000000	3321.0266
76000000	86000000	3298.7795
77000000	86000000	3767.5088
78000000	86000000	4240.6973
79000000	86000000	5479.3066
80000000	86000000	8651.639
81000000	86000000	13919.143
82000000	86000000	19876.6
83000000	86000000	36828.547
84000000	86000000	38476.86
85000000	86000000	100197.45
86000000	86000000	478109.84
0	87000000	505.60037
1000000	87000000	535.5356
2000000	87000000	480.30038
3000000	87000000	473.47876
4000000	87000000	571.6055
5000000	87000000	700.049
6000000	87000000	674.5775
7000000	87000000	836.67053
8000000	87000000	788.9508
9000000	87000000	901.85547
10000000	87000000	803.0628
11000000	87000000	929.60596
12000000	87000000	883.2962
13000000	87000000	1000.68207
14000000	87000000	923.2895
15000000	87000000	900.7573
16000000	87000000	1001.2417
17000000	87000000	969.75824
18000000	87000000	1214.254
19000000	87000000	1448.4957
20000000	87000000	1429.4218
21000000	87000000	1503.2227
22000000	87000000	1738.5852
23000000	87000000	1657.0519
24000000	87000000	1524.2633
25000000	87000000	1446.559
26000000	87000000	1387.634
27000000	87000000	1513.6595
28000000	87000000	1411.3087
29000000	87000000	1638.2457
30000000	87000000	1651.4664
31000000	87000000	1432.2786
32000000	87000000	1033.5691
33000000	87000000	1124.3792
34000000	87000000	1070.7477
35000000	87000000	1137.0671
36000000	87000000	1261.4208
37000000	87000000	1047.1532
38000000	87000000	1308.9288
39000000	87000000	1620.2411
40000000	87000000	1679.2197
41000000	87000000	1798.4491
42000000	87000000	1832.4464
43000000	87000000	1604.6354
44000000	87000000	2015.5452
45000000	87000000	1425.0093
46000000	87000000	838.1458
49000000	87000000	2264.421
50000000	87000000	4586.6187
51000000	87000000	4902.3755
52000000	87000000	4197.8086
53000000	87000000	3391.659
54000000	87000000	2805.7214
55000000	87000000	1910.9274
56000000	87000000	2778.278
57000000	87000000	4158.2773
58000000	87000000	3912.6716
59000000	87000000	3112.535
60000000	87000000	3172.8865
61000000	87000000	4113.626
62000000	87000000	5464.0015
63000000	87000000	5733.4917
64000000	87000000	3697.0754
65000000	87000000	3537.791
66000000	87000000	3847.2961
67000000	87000000	2888.8298
68000000	87000000	2480.6636
69000000	87000000	NaN
70000000	87000000	1990.6837
71000000	87000000	3125.1748
72000000	87000000	3524.1465
73000000	87000000	2875.2866
74000000	87000000	2871.097
75000000	87000000	2667.06
76000000	87000000	2886.0156
77000000	87000000	2385.9014
78000000	87000000	3021.9224
79000000	87000000	4137.458
80000000	87000000	5474.193
81000000	87000000	8011.4023
82000000	87000000	10867.73
83000000	87000000	18385.986
84000000	87000000	21747.648
85000000	87000000	34574.984
86000000	87000000	82751.26
87000000	87000000	500951.78
0	88000000	899.52686
1000000	88000000	794.39746
2000000	88000000	297.58783
3000000	88000000	288.73157
4000000	88000000	259.647
5000000	88000000	606.93524
6000000	88000000	768.2679
7000000	88000000	465.62115
8000000	88000000	455.4729
9000000	88000000	660.01495
10000000	88000000	1065.1157
11000000	88000000	444.13812
12000000	88000000	480.4269
13000000	88000000	371.3599
14000000	88000000	1160.422
15000000	88000000	442.69067
16000000	88000000	641.3197
17000000	88000000	794.14026
18000000	88000000	655.3721
19000000	88000000	518.5033
20000000	88000000	567.49335
21000000	88000000	678.1161
22000000	88000000	817.36035
23000000	88000000	869.975
24000000	88000000	562.56995
25000000	88000000	602.487
26000000	88000000	548.5711
27000000	88000000	659.2079
28000000	88000000	702.7682
29000000	88000000	568.83344
30000000	88000000	611.9985
31000000	88000000	975.5243
32000000	88000000	1308.2349
33000000	88000000	1196.9918
34000000	88000000	1077.868
35000000	88000000	1329.8734
36000000	88000000	1333.1588
37000000	88000000	1602.1688
38000000	88000000	789.0928
39000000	88000000	962.58954
40000000	88000000	1334.8693
41000000	88000000	1154.1561
42000000	88000000	934.37994
43000000	88000000	2073.571
44000000	88000000	927.52386
45000000	88000000	673.34906
46000000	88000000	363.00717
49000000	88000000	2608.027
50000000	88000000	2015.75
51000000	88000000	1561.7897
52000000	88000000	2811.22
53000000	88000000	2638.9832
54000000	88000000	3272.7515
55000000	88000000	3962.674
56000000	88000000	2749.577
57000000	88000000	1776.0035
58000000	88000000	2482.5005
59000000	88000000	3034.7173
60000000	88000000	3275.7722
61000000	88000000	3227.1567
62000000	88000000	1916.4073
63000000	88000000	2412.2703
64000000	88000000	5620.2017
65000000	88000000	4222.742
66000000	88000000	2881.815
67000000	88000000	3669.9143
68000000	88000000	3540.7937
69000000	88000000	NaN
70000000	88000000	2394.4897
71000000	88000000	3394.711
72000000	88000000	3429.7275
73000000	88000000	3499.9558
74000000	88000000	4019.0208
75000000	88000000	4126.239
76000000	88000000	4178.293
77000000	88000000	5791.186
78000000	88000000	5553.915
79000000	88000000	5746.685
80000000	88000000	8630.167
81000000	88000000	9088.486
82000000	88000000	10206.716
83000000	88000000	7872.2373
84000000	88000000	6647.643
85000000	88000000	9018.79
86000000	88000000	27439.385
87000000	88000000	57891.13
88000000	88000000	542392.44
0	89000000	703.2807
1000000	89000000	589.75134
2000000	89000000	364.04147
3000000	89000000	345.74408
4000000	89000000	378.07043
5000000	89000000	587.5388
6000000	89000000	656.3518
7000000	89000000	554.2406
8000000	89000000	550.532
9000000	89000000	685.87366
10000000	89000000	860.89374
11000000	89000000	598.5136
12000000	89000000	533.6942
13000000	89000000	583.3357
14000000	89000000	1001.5903
15000000	89000000	550.0654
16000000	89000000	723.4452
17000000	89000000	748.51575
18000000	89000000	810.4402
19000000	89000000	844.07697
20000000	89000000	781.77405
21000000	89000000	954.263
22000000	89000000	992.8537
23000000	89000000	1013.0112
24000000	89000000	854.0203
25000000	89000000	916.5975
26000000	89000000	835.6375
27000000	89000000	953.55743
28000000	89000000	858.4176
29000000	89000000	944.89276
30000000	89000000	870.04895
31000000	89000000	1064.6768
32000000	89000000	1112.7578
33000000	89000000	1097.8722
34000000	89000000	1008.88715
35000000	89000000	1095.4138
36000000	89000000	1268.029
37000000	89000000	1304.4338
38000000	89000000	920.1787
39000000	89000000	1096.9816
40000000	89000000	1293.3778
41000000	89000000	1187.2944
42000000	89000000	1203.6342
43000000	89000000	1657.8099
44000000	89000000	1258.7993
45000000	89000000	871.2535
46000000	89000000	504.25504
49000000	89000000	2236.0193
50000000	89000000	2732.9688
51000000	89000000	2510.0596
52000000	89000000	3193.9019
53000000	89000000	3041.3022
54000000	89000000	2830.7603
55000000	89000000	2804.113
56000000	89000000	2664.1216
57000000	89000000	2268.5952
58000000	89000000	2748.2478
59000000	89000000	3174.3958
60000000	89000000	3262.734
61000000	89000000	3464.6914
62000000	89000000	2903.9355
63000000	89000000	3136.7114
64000000	89000000	4706.004
65000000	89000000	3894.465
66000000	89000000	3044.558
67000000	89000000	3127.9956
68000000	89000000	2950.6287
69000000	89000000	NaN
70000000	89000000	2108.8962
71000000	89000000	3137.8901
72000000	89000000	3109.7922
73000000	89000000	3076.9104
74000000	89000000	3393.3225
75000000	89000000	3457.441
76000000	89000000	3578.5293
77000000	89000000	4122.869
78000000	89000000	4232.315
79000000	89000000	4885.249
80000000	89000000	7214.281
81000000	89000000	8210.878
82000000	89000000	9835.926
83000000	89000000	9394.076
84000000	89000000	9193.503
85000000	89000000	12807.212
86000000	89000000	27117.41
87000000	89000000	66452.34
88000000	89000000	201227.47
89000000	89000000	460326.28
0	90000000	604.7879
1000000	90000000	521.5419
2000000	90000000	522.25543
3000000	90000000	535.6196
4000000	90000000	491.05078
5000000	90000000	667.4768
6000000	90000000	722.40454
7000000	90000000	761.8901
8000000	90000000	731.5287
9000000	90000000	820.58813
10000000	90000000	890.6926
11000000	90000000	857.4049
12000000	90000000	869.01276
13000000	90000000	914.3061
14000000	90000000	1095.9513
15000000	90000000	886.01953
16000000	90000000	954.95496
17000000	90000000	864.19745
18000000	90000000	1082.2665
19000000	90000000	1199.6157
20000000	90000000	1204.1948
21000000	90000000	1375.9778
22000000	90000000	1452.2496
23000000	90000000	1390.2831
24000000	90000000	1287.4867
25000000	90000000	1142.2516
26000000	90000000	1202.5546
27000000	90000000	1347.5782
28000000	90000000	1339.67
29000000	90000000	1279.4495
30000000	90000000	1322.3202
31000000	90000000	1343.3818
32000000	90000000	1095.1953
33000000	90000000	1164.23
34000000	90000000	1079.414
35000000	90000000	1057.4954
36000000	90000000	1281.5162
37000000	90000000	1142.1725
38000000	90000000	1223.2809
39000000	90000000	1455.2883
40000000	90000000	1633.2568
41000000	90000000	1563.7437
42000000	90000000	1623.202
43000000	90000000	1765.6487
44000000	90000000	1800.537
45000000	90000000	1236.2522
46000000	90000000	641.8239
49000000	90000000	2677.786
50000000	90000000	4060.9958
51000000	90000000	4251.4775
52000000	90000000	4226.5146
53000000	90000000	3723.2742
54000000	90000000	3007.6492
55000000	90000000	2432.9182
56000000	90000000	3025.6526
57000000	90000000	3801.0098
58000000	90000000	4048.5894
59000000	90000000	3527.0115
60000000	90000000	3656.288
61000000	90000000	4393.642
62000000	90000000	4828.6313
63000000	90000000	5212.3984
64000000	90000000	4091.3604
65000000	90000000	3851.0874
66000000	90000000	3799.1245
67000000	90000000	2957.5337
68000000	90000000	2723.8818
70000000	90000000	2080.5042
71000000	90000000	2918.079
72000000	90000000	3255.3628
73000000	90000000	2796.577
74000000	90000000	2793.6184
75000000	90000000	2789.814
76000000	90000000	2922.5688
77000000	90000000	2632.0747
78000000	90000000	3075.0781
79000000	90000000	3943.363
80000000	90000000	5309.125
81000000	90000000	7068.069
82000000	90000000	9097.78
83000000	90000000	11590.098
84000000	90000000	13028.498
85000000	90000000	16705.314
86000000	90000000	20876.85
87000000	90000000	34957.62
88000000	90000000	24255.918
89000000	90000000	72361.65
90000000	90000000	464550.3
0	91000000	353.28326
1000000	91000000	321.75885
2000000	91000000	546.8009
3000000	91000000	568.27716
4000000	91000000	600.9138
5000000	91000000	627.601
6000000	91000000	520.238
7000000	91000000	751.8381
8000000	91000000	845.67426
9000000	91000000	743.98224
10000000	91000000	562.7684
11000000	91000000	868.21967
12000000	91000000	1027.7668
13000000	91000000	1025.3539
14000000	91000000	676.5472
15000000	91000000	952.919
16000000	91000000	917.00665
17000000	91000000	682.6784
18000000	91000000	1189.693
19000000	91000000	1428.8906
20000000	91000000	1489.6754
21000000	91000000	1460.4951
22000000	91000000	1725.4697
23000000	91000000	1623.3748
24000000	91000000	1479.5233
25000000	91000000	1368.5219
26000000	91000000	1414.022
27000000	91000000	1392.4462
28000000	91000000	1511.5941
29000000	91000000	1723.0485
30000000	91000000	1666.5486
31000000	91000000	1031.7941
32000000	91000000	756.19824
33000000	91000000	976.587
34000000	91000000	879.7679
35000000	91000000	866.07465
36000000	91000000	918.3436
37000000	91000000	755.0878
38000000	91000000	1137.6632
39000000	91000000	1464.853
40000000	91000000	1308.5074
41000000	91000000	1490.1787
42000000	91000000	1608.7905
43000000	91000000	1231.2798
44000000	91000000	1952.8777
45000000	91000000	1618.6489
46000000	91000000	746.05634
49000000	91000000	2197.579
50000000	91000000	4426.3994
51000000	91000000	5603.3193
52000000	91000000	3738.3574
53000000	91000000	3001.9111
54000000	91000000	2131.6833
55000000	91000000	1188.425
56000000	91000000	2239.2163
57000000	91000000	4120.1978
58000000	91000000	3860.8044
59000000	91000000	3060.428
60000000	91000000	2722.0818
61000000	91000000	3647.6052
62000000	91000000	6395.0635
63000000	91000000	6208.8184
64000000	91000000	2781.786
65000000	91000000	2726.9604
66000000	91000000	3336.8699
67000000	91000000	2316.8457
68000000	91000000	1904.7148
69000000	91000000	NaN
70000000	91000000	1321.3877
71000000	91000000	2218.5923
72000000	91000000	2482.3599
73000000	91000000	2013.2437
74000000	91000000	1913.7777
75000000	91000000	1963.9696
76000000	91000000	1837.6235
77000000	91000000	1513.7032
78000000	91000000	1767.8062
79000000	91000000	2624.9622
80000000	91000000	3080.2683
81000000	91000000	5001.2534
82000000	91000000	6401.7227
83000000	91000000	11078.44
84000000	91000000	14338.62
85000000	91000000	15248.036
86000000	91000000	12968.188
87000000	91000000	20307.752
88000000	91000000	7279.5938
89000000	91000000	15209.838
90000000	91000000	80409.984
91000000	91000000	479032.88
0	92000000	425.5525
1000000	92000000	426.11978
2000000	92000000	514.74243
3000000	92000000	510.61978
4000000	92000000	595.1558
5000000	92000000	650.6914
6000000	92000000	572.4771
7000000	92000000	737.7973
8000000	92000000	769.29016
9000000	92000000	723.87756
10000000	92000000	687.9727
11000000	92000000	860.92255
12000000	92000000	849.8704
13000000	92000000	881.05597
14000000	92000000	772.03754
15000000	92000000	917.3479
16000000	92000000	833.6001
17000000	92000000	806.2786
18000000	92000000	1022.6255
19000000	92000000	1152.398
20000000	92000000	1155.9856
21000000	92000000	1363.8613
22000000	92000000	1488.1654
23000000	92000000	1462.687
24000000	92000000	1402.3121
25000000	92000000	1309.5574
26000000	92000000	1324.911
27000000	92000000	1420.8746
28000000	92000000	1357.4373
29000000	92000000	1514.3031
30000000	92000000	1534.9705
31000000	92000000	1186.6152
32000000	92000000	888.15094
33000000	92000000	974.1812
34000000	92000000	900.27155
35000000	92000000	985.49677
36000000	92000000	1032.9938
37000000	92000000	877.7083
38000000	92000000	1179.035
39000000	92000000	1293.7678
40000000	92000000	1290.0812
41000000	92000000	1425.1918
42000000	92000000	1554.087
43000000	92000000	1302.8055
44000000	92000000	1774.8035
45000000	92000000	1456.7041
46000000	92000000	766.047
49000000	92000000	2357.371
50000000	92000000	4001.4473
51000000	92000000	4606.609
52000000	92000000	3801.9531
53000000	92000000	3060.9343
54000000	92000000	2325.1584
55000000	92000000	1527.5526
56000000	92000000	2283.6702
57000000	92000000	3667.3647
58000000	92000000	3526.236
59000000	92000000	3016.264
60000000	92000000	2925.035
61000000	92000000	3671.7808
62000000	92000000	5155.635
63000000	92000000	5262.8267
64000000	92000000	3190.0327
65000000	92000000	3059.0305
66000000	92000000	3295.9253
67000000	92000000	2450.8242
68000000	92000000	1969.3821
69000000	92000000	NaN
70000000	92000000	1574.813
71000000	92000000	2263.3826
72000000	92000000	2493.881
73000000	92000000	2235.35
74000000	92000000	2154.323
75000000	92000000	2068.1963
76000000	92000000	2148.738
77000000	92000000	1764.4349
78000000	92000000	2120.6213
79000000	92000000	2807.7676
80000000	92000000	3668.2375
81000000	92000000	5179.4604
82000000	92000000	6480.5073
83000000	92000000	8860.307
84000000	92000000	10200.646
85000000	92000000	11274.958
86000000	92000000	9971.529
87000000	92000000	13516.857
88000000	92000000	7276.8975
89000000	92000000	11759.044
90000000	92000000	41018.39
91000000	92000000	121494.9
92000000	92000000	449957.75
0	93000000	597.8935
1000000	93000000	562.67786
2000000	93000000	466.18842
3000000	93000000	413.87555
4000000	93000000	465.61133
5000000	93000000	641.47064
6000000	93000000	669.576
7000000	93000000	628.0326
8000000	93000000	634.48785
9000000	93000000	743.1525
10000000	93000000	870.1332
11000000	93000000	700.6323
12000000	93000000	741.99774
13000000	93000000	671.98206
14000000	93000000	971.7043
15000000	93000000	648.3386
16000000	93000000	815.47766
17000000	93000000	786.46625
18000000	93000000	956.64624
19000000	93000000	935.499
20000000	93000000	1026.8076
21000000	93000000	1108.6079
22000000	93000000	1282.8755
23000000	93000000	1359.6757
24000000	93000000	1119.5269
25000000	93000000	1092.979
26000000	93000000	1185.9281
27000000	93000000	1143.7643
28000000	93000000	1169.306
29000000	93000000	1168.3666
30000000	93000000	1157.0435
31000000	93000000	1293.7958
32000000	93000000	1153.5056
33000000	93000000	1167.5851
34000000	93000000	1090.9683
35000000	93000000	1182.3258
36000000	93000000	1259.6785
37000000	93000000	1410.2815
38000000	93000000	1162.7042
39000000	93000000	1257.8304
40000000	93000000	1372.5702
41000000	93000000	1489.2188
42000000	93000000	1430.2594
43000000	93000000	1727.0491
44000000	93000000	1606.6946
45000000	93000000	1171.1884
46000000	93000000	601.7339
49000000	93000000	2640.4482
50000000	93000000	3435.5212
51000000	93000000	3418.9246
52000000	93000000	3801.087
53000000	93000000	3521.1594
54000000	93000000	3016.1091
55000000	93000000	2451.3706
56000000	93000000	2817.5266
57000000	93000000	2951.9233
58000000	93000000	3257.977
59000000	93000000	3402.9536
60000000	93000000	3731.4885
61000000	93000000	4020.3765
62000000	93000000	3851.9788
63000000	93000000	4176.1797
64000000	93000000	4771.83
65000000	93000000	3851.4868
66000000	93000000	3372.7207
67000000	93000000	3041.6716
68000000	93000000	2668.0454
69000000	93000000	NaN
70000000	93000000	2157.682
71000000	93000000	2845.6157
72000000	93000000	2949.0396
73000000	93000000	2746.24
74000000	93000000	2874.1526
75000000	93000000	2714.5234
76000000	93000000	2989.042
77000000	93000000	2931.5457
78000000	93000000	3214.9104
79000000	93000000	3969.0156
80000000	93000000	5513.6597
81000000	93000000	6416.6636
82000000	93000000	7794.0386
83000000	93000000	7616.424
84000000	93000000	7662.504
85000000	93000000	8164.279
86000000	93000000	9470.664
87000000	93000000	9944.174
88000000	93000000	9758.686
89000000	93000000	12632.145
90000000	93000000	29689.982
91000000	93000000	45568.723
92000000	93000000	124918.33
93000000	93000000	417026.75
0	94000000	899.9716
1000000	94000000	781.6894
2000000	94000000	377.41116
3000000	94000000	335.684
4000000	94000000	339.64966
5000000	94000000	609.39075
6000000	94000000	783.347
7000000	94000000	655.15796
8000000	94000000	576.7666
9000000	94000000	761.6139
10000000	94000000	1106.1874
11000000	94000000	594.47034
12000000	94000000	560.1521
13000000	94000000	510.63202
14000000	94000000	1228.1433
15000000	94000000	557.1285
16000000	94000000	771.3125
17000000	94000000	839.62915
18000000	94000000	789.6917
19000000	94000000	720.80646
20000000	94000000	765.8014
21000000	94000000	893.4631
22000000	94000000	1015.8452
23000000	94000000	1034.9113
24000000	94000000	809.2891
25000000	94000000	738.0755
26000000	94000000	831.1512
27000000	94000000	884.25586
28000000	94000000	872.603
29000000	94000000	813.1799
30000000	94000000	773.5785
31000000	94000000	1224.4373
32000000	94000000	1432.1951
33000000	94000000	1138.4203
34000000	94000000	1152.9886
35000000	94000000	1329.652
36000000	94000000	1561.2571
37000000	94000000	1712.8412
38000000	94000000	1069.2017
39000000	94000000	1173.0444
40000000	94000000	1466.1168
41000000	94000000	1257.7314
42000000	94000000	1225.8903
43000000	94000000	2057.748
44000000	94000000	1131.4286
45000000	94000000	757.11096
46000000	94000000	448.0022
49000000	94000000	2484.5066
50000000	94000000	2497.1177
51000000	94000000	2230.8076
52000000	94000000	3402.4546
53000000	94000000	3421.444
54000000	94000000	3749.9102
55000000	94000000	3667.0137
56000000	94000000	3165.4766
57000000	94000000	2428.8877
58000000	94000000	2967.243
59000000	94000000	3177.3215
60000000	94000000	3527.1853
61000000	94000000	3700.3257
62000000	94000000	2506.1802
63000000	94000000	3149.8943
64000000	94000000	5050.8857
65000000	94000000	4627.531
66000000	94000000	3546.5212
67000000	94000000	3604.2744
68000000	94000000	3787.3638
69000000	94000000	NaN
70000000	94000000	2851.88
71000000	94000000	3765.1384
72000000	94000000	3820.1887
73000000	94000000	3763.1028
74000000	94000000	3791.108
75000000	94000000	3817.8347
76000000	94000000	4240.1987
77000000	94000000	4411.766
78000000	94000000	4921.6675
79000000	94000000	5611.5137
80000000	94000000	6835.522
81000000	94000000	6626.1694
82000000	94000000	6944.6206
83000000	94000000	5674.891
84000000	94000000	4948.6733
85000000	94000000	5402.8643
86000000	94000000	7876.3145
87000000	94000000	6826.3438
88000000	94000000	9883.056
89000000	94000000	10030.0205
90000000	94000000	17558.303
91000000	94000000	17239.861
92000000	94000000	32541.94
93000000	94000000	119112.99
94000000	94000000	455017.97
0	95000000	941.7993
1000000	95000000	852.705
2000000	95000000	359.12592
3000000	95000000	320.07144
4000000	95000000	333.71973
5000000	95000000	627.5067
6000000	95000000	752.4251
7000000	95000000	543.71576
8000000	95000000	514.7243
9000000	95000000	660.876
10000000	95000000	1068.2614
11000000	95000000	484.76096
12000000	95000000	442.25977
13000000	95000000	447.1841
14000000	95000000	1190.8405
15000000	95000000	498.65225
16000000	95000000	712.4137
17000000	95000000	780.2408
18000000	95000000	702.7279
19000000	95000000	642.6899
20000000	95000000	632.0463
21000000	95000000	773.83954
22000000	95000000	805.57587
23000000	95000000	874.78015
24000000	95000000	639.2016
25000000	95000000	669.062
26000000	95000000	644.7782
27000000	95000000	732.46326
28000000	95000000	725.4043
29000000	95000000	680.01483
30000000	95000000	692.2086
31000000	95000000	1067.4094
32000000	95000000	1355.0618
33000000	95000000	1083.6576
34000000	95000000	1201.7766
35000000	95000000	1170.6404
36000000	95000000	1457.7795
37000000	95000000	1540.3384
38000000	95000000	982.4078
39000000	95000000	949.2818
40000000	95000000	1254.5442
41000000	95000000	1162.9166
42000000	95000000	1072.8522
43000000	95000000	1868.418
44000000	95000000	975.9786
45000000	95000000	715.18616
46000000	95000000	314.79123
49000000	95000000	2013.1855
50000000	95000000	1946.5546
51000000	95000000	1729.5277
52000000	95000000	2662.7642
53000000	95000000	2925.0854
54000000	95000000	3433.869
55000000	95000000	3802.379
56000000	95000000	2833.3835
57000000	95000000	1904.1201
58000000	95000000	2400.2903
59000000	95000000	2843.475
60000000	95000000	3155.3528
61000000	95000000	2953.2427
62000000	95000000	1901.8989
63000000	95000000	2307.5469
64000000	95000000	4242.9683
65000000	95000000	4108.9053
66000000	95000000	3051.5784
67000000	95000000	3435.4038
68000000	95000000	3703.004
69000000	95000000	NaN
70000000	95000000	2628.908
71000000	95000000	3734.6511
72000000	95000000	3710.879
73000000	95000000	3642.6013
74000000	95000000	3795.1125
75000000	95000000	3959.1692
76000000	95000000	4444.2495
77000000	95000000	4808.088
78000000	95000000	5181.5547
79000000	95000000	5399.8076
80000000	95000000	6335.3706
81000000	95000000	5714.578
82000000	95000000	5467.336
83000000	95000000	4153.536
84000000	95000000	3559.5876
85000000	95000000	3888.9575
86000000	95000000	5476.453
87000000	95000000	4604.7905
88000000	95000000	7728.7144
89000000	95000000	7295.7114
90000000	95000000	9511.584
91000000	95000000	8169.96
92000000	95000000	11758.127
93000000	95000000	21863.45
94000000	95000000	100338.43
95000000	95000000	543943.06
0	96000000	827.867
1000000	96000000	770.5475
2000000	96000000	318.7921
3000000	96000000	339.9186
4000000	96000000	300.76578
5000000	96000000	574.186
6000000	96000000	744.56525
7000000	96000000	489.22382
8000000	96000000	452.46503
9000000	96000000	564.931
10000000	96000000	1026.7882
11000000	96000000	462.62253
12000000	96000000	487.99493
13000000	96000000	470.9354
14000000	96000000	1132.4364
15000000	96000000	475.61188
16000000	96000000	599.8371
17000000	96000000	757.83044
18000000	96000000	709.8457
19000000	96000000	583.33875
20000000	96000000	569.54083
21000000	96000000	680.3744
22000000	96000000	763.9874
23000000	96000000	874.6696
24000000	96000000	628.06665
25000000	96000000	664.77966
26000000	96000000	636.96826
27000000	96000000	746.0582
28000000	96000000	729.1362
29000000	96000000	688.1583
30000000	96000000	663.60596
31000000	96000000	984.5671
32000000	96000000	1279.7035
33000000	96000000	1052.8857
34000000	96000000	941.839
35000000	96000000	1123.4991
36000000	96000000	1178.7039
37000000	96000000	1479.2563
38000000	96000000	827.3841
39000000	96000000	919.85547
40000000	96000000	1150.8804
41000000	96000000	1067.3309
42000000	96000000	1066.5322
43000000	96000000	2112.4536
44000000	96000000	1040.9229
45000000	96000000	818.67084
46000000	96000000	422.57828
49000000	96000000	2392.6768
50000000	96000000	2136.7065
51000000	96000000	1736.6947
52000000	96000000	2527.8367
53000000	96000000	2434.6252
54000000	96000000	2694.8867
55000000	96000000	3002.2603
56000000	96000000	2403.2637
57000000	96000000	1552.9508
58000000	96000000	2014.3391
59000000	96000000	2340.7104
60000000	96000000	2662.3628
61000000	96000000	3091.3772
62000000	96000000	2042.045
63000000	96000000	2421.1675
64000000	96000000	4343.8735
65000000	96000000	3489.3782
66000000	96000000	2311.4424
67000000	96000000	2790.091
68000000	96000000	2985.38
69000000	96000000	NaN
70000000	96000000	2254.586
71000000	96000000	2745.2004
72000000	96000000	2736.5376
73000000	96000000	2629.6218
74000000	96000000	2964.2246
75000000	96000000	2866.741
76000000	96000000	2971.5361
77000000	96000000	3784.9558
78000000	96000000	3634.619
79000000	96000000	3730.6365
80000000	96000000	4625.763
81000000	96000000	4905.9995
82000000	96000000	5335.815
83000000	96000000	4033.926
84000000	96000000	3567.367
85000000	96000000	3757.8508
86000000	96000000	5538.0845
87000000	96000000	4381.415
88000000	96000000	6651.031
89000000	96000000	6260.987
90000000	96000000	8071.493
91000000	96000000	7004.113
92000000	96000000	9227.593
93000000	96000000	15105.405
94000000	96000000	31422.357
95000000	96000000	100355.4
96000000	96000000	484028.34
0	97000000	435.38922
1000000	97000000	425.26196
2000000	97000000	525.87177
3000000	97000000	552.768
4000000	97000000	573.9015
5000000	97000000	584.41986
6000000	97000000	554.24567
7000000	97000000	648.89233
8000000	97000000	685.4079
9000000	97000000	707.7794
10000000	97000000	632.95135
11000000	97000000	726.5544
12000000	97000000	918.20154
13000000	97000000	876.4874
14000000	97000000	710.93945
15000000	97000000	786.11035
16000000	97000000	804.54443
17000000	97000000	808.1627
18000000	97000000	991.06226
19000000	97000000	1074.151
20000000	97000000	1141.2535
21000000	97000000	1146.2726
22000000	97000000	1257.0264
23000000	97000000	1395.5004
24000000	97000000	1143.8987
25000000	97000000	1284.0511
26000000	97000000	1183.9261
27000000	97000000	1299.118
28000000	97000000	1314.9841
29000000	97000000	1324.1586
30000000	97000000	1361.3391
31000000	97000000	1031.9888
32000000	97000000	867.29016
33000000	97000000	918.9633
34000000	97000000	784.3627
35000000	97000000	1007.6963
36000000	97000000	938.01874
37000000	97000000	857.1581
38000000	97000000	1044.4241
39000000	97000000	1178.5511
40000000	97000000	1182.5846
41000000	97000000	1285.6265
42000000	97000000	1365.7543
43000000	97000000	1318.2882
44000000	97000000	1746.7603
45000000	97000000	1458.7391
46000000	97000000	874.41516
49000000	97000000	2433.976
50000000	97000000	3074.827
51000000	97000000	3557.1484
52000000	97000000	2772.5498
53000000	97000000	2522.4746
54000000	97000000	1849.9198
55000000	97000000	1495.1782
56000000	97000000	1941.5448
57000000	97000000	2683.9868
58000000	97000000	2509.0369
59000000	97000000	2346.192
60000000	97000000	2447.9329
61000000	97000000	2853.2732
62000000	97000000	4082.1816
63000000	97000000	4164.1587
64000000	97000000	2689.301
65000000	97000000	2370.9646
66000000	97000000	2587.8179
67000000	97000000	2051.999
68000000	97000000	1675.752
69000000	97000000	NaN
70000000	97000000	1309.7349
71000000	97000000	1966.8939
72000000	97000000	2007.0276
73000000	97000000	1818.324
74000000	97000000	1944.0049
75000000	97000000	1786.4523
76000000	97000000	1823.7971
77000000	97000000	1655.2847
78000000	97000000	1951.2971
79000000	97000000	2340.508
80000000	97000000	2950.1235
81000000	97000000	3972.049
82000000	97000000	4732.2183
83000000	97000000	5866.6387
84000000	97000000	6591.988
85000000	97000000	6591.243
86000000	97000000	5476.7305
87000000	97000000	5851.5264
88000000	97000000	3671.8984
89000000	97000000	4918.2393
90000000	97000000	9356.894
91000000	97000000	12599.314
92000000	97000000	13202.012
93000000	97000000	14111.835
94000000	97000000	14838.099
95000000	97000000	23344.355
96000000	97000000	127241.15
97000000	97000000	488221.94
0	98000000	442.434
1000000	98000000	451.17157
2000000	98000000	338.2265
3000000	98000000	324.3264
4000000	98000000	371.34784
5000000	98000000	530.3673
6000000	98000000	546.2558
7000000	98000000	568.015
8000000	98000000	527.9042
9000000	98000000	569.12177
10000000	98000000	684.8948
11000000	98000000	567.97015
12000000	98000000	590.8518
13000000	98000000	654.25433
14000000	98000000	834.93286
15000000	98000000	541.43274
16000000	98000000	610.9315
17000000	98000000	634.319
18000000	98000000	710.0911
19000000	98000000	851.87213
20000000	98000000	769.8117
21000000	98000000	873.9926
22000000	98000000	1052.3169
23000000	98000000	1119.8859
24000000	98000000	820.2293
25000000	98000000	808.13635
26000000	98000000	778.2894
27000000	98000000	910.52203
28000000	98000000	919.2996
29000000	98000000	956.27124
30000000	98000000	955.7514
31000000	98000000	976.9312
32000000	98000000	909.6653
33000000	98000000	919.48816
34000000	98000000	784.2238
35000000	98000000	856.8457
36000000	98000000	883.96875
37000000	98000000	908.0317
38000000	98000000	853.5013
39000000	98000000	992.4756
40000000	98000000	1134.7614
41000000	98000000	1322.0486
42000000	98000000	1266.9165
43000000	98000000	1442.9569
44000000	98000000	1275.8605
45000000	98000000	922.94824
46000000	98000000	547.10767
49000000	98000000	2103.4348
50000000	98000000	2897.2603
51000000	98000000	3004.952
52000000	98000000	2922.2107
53000000	98000000	2364.2168
54000000	98000000	2083.0168
55000000	98000000	1732.092
56000000	98000000	2145.3298
57000000	98000000	2430.3396
58000000	98000000	2478.5388
59000000	98000000	2454.1243
60000000	98000000	2446.6426
61000000	98000000	3195.0386
62000000	98000000	3412.1184
63000000	98000000	3567.9622
64000000	98000000	3274.8726
65000000	98000000	2765.9146
66000000	98000000	2302.4678
67000000	98000000	2088.9421
68000000	98000000	1860.6531
69000000	98000000	NaN
70000000	98000000	1596.2909
71000000	98000000	2047.378
72000000	98000000	2220.029
73000000	98000000	1858.8125
74000000	98000000	2076.0044
75000000	98000000	1868.1852
76000000	98000000	1871.7711
77000000	98000000	1843.19
78000000	98000000	2046.4658
79000000	98000000	2440.1543
80000000	98000000	3161.629
81000000	98000000	3857.4497
82000000	98000000	4725.6904
83000000	98000000	5475.912
84000000	98000000	5746.897
85000000	98000000	6142.304
86000000	98000000	6481.449
87000000	98000000	6434.717
88000000	98000000	4647.5615
89000000	98000000	5513.43
90000000	98000000	9649.745
91000000	98000000	11001.494
92000000	98000000	11261.963
93000000	98000000	12993.14
94000000	98000000	15633.311
95000000	98000000	21401.668
96000000	98000000	73078.8
97000000	98000000	123617.08
98000000	98000000	448132.9
0	99000000	377.12427
1000000	99000000	289.50662
2000000	99000000	344.17554
3000000	99000000	339.9116
4000000	99000000	413.3859
5000000	99000000	466.8983
6000000	99000000	441.56314
7000000	99000000	520.20514
8000000	99000000	542.38837
9000000	99000000	529.3779
10000000	99000000	520.1217
11000000	99000000	600.32056
12000000	99000000	682.4403
13000000	99000000	674.82623
14000000	99000000	649.9204
15000000	99000000	560.81665
16000000	99000000	584.3335
17000000	99000000	557.101
18000000	99000000	765.1099
19000000	99000000	809.48444
20000000	99000000	885.63544
21000000	99000000	889.54083
22000000	99000000	1037.7688
23000000	99000000	1051.5468
24000000	99000000	974.3221
25000000	99000000	862.79407
26000000	99000000	888.79083
27000000	99000000	1023.2456
28000000	99000000	1029.931
29000000	99000000	1015.1471
30000000	99000000	1045.5778
31000000	99000000	881.2682
32000000	99000000	707.3199
33000000	99000000	771.39935
34000000	99000000	625.24146
35000000	99000000	742.33594
36000000	99000000	829.07074
37000000	99000000	676.7217
38000000	99000000	765.9466
39000000	99000000	994.109
40000000	99000000	1011.6297
41000000	99000000	1135.0062
42000000	99000000	1248.2178
43000000	99000000	1127.7832
44000000	99000000	1274.885
45000000	99000000	975.74835
46000000	99000000	496.06476
49000000	99000000	1845.1663
50000000	99000000	2983.166
51000000	99000000	3563.1685
52000000	99000000	2632.705
53000000	99000000	2279.1797
54000000	99000000	1745.6183
55000000	99000000	1339.3107
56000000	99000000	1772.6781
57000000	99000000	2677.193
58000000	99000000	2640.7505
59000000	99000000	2413.428
60000000	99000000	2174.388
61000000	99000000	2805.0876
62000000	99000000	3975.2754
63000000	99000000	4095.6719
64000000	99000000	2673.4812
65000000	99000000	2321.2957
66000000	99000000	2400.5615
67000000	99000000	1853.4336
68000000	99000000	1537.1625
69000000	99000000	NaN
70000000	99000000	1206.8358
71000000	99000000	1760.15
72000000	99000000	1803.0984
73000000	99000000	1636.4596
74000000	99000000	1682.8641
75000000	99000000	1607.8312
76000000	99000000	1633.6089
77000000	99000000	1453.1956
78000000	99000000	1624.3046
79000000	99000000	2033.2787
80000000	99000000	2644.637
81000000	99000000	3528.6216
82000000	99000000	4497.813
83000000	99000000	6054.252
84000000	99000000	6507.065
85000000	99000000	6726.4473
86000000	99000000	6045.9556
87000000	99000000	6962.317
88000000	99000000	3743.09
89000000	99000000	5300.4927
90000000	99000000	8962.89
91000000	99000000	11340.756
92000000	99000000	10840.227
93000000	99000000	10502.01
94000000	99000000	9479.889
95000000	99000000	10109.776
96000000	99000000	15200.526
97000000	99000000	27962.686
98000000	99000000	77245.2
99000000	99000000	441777.56
0	100000000	433.9105
1000000	100000000	405.58945
2000000	100000000	313.48297
3000000	100000000	326.57352
4000000	100000000	325.53104
5000000	100000000	481.09305
6000000	100000000	479.4112
7000000	100000000	438.11227
8000000	100000000	495.6673
9000000	100000000	485.77463
10000000	100000000	622.6294
11000000	100000000	568.6475
12000000	100000000	604.2781
13000000	100000000	574.6127
14000000	100000000	740.05145
15000000	100000000	562.6263
16000000	100000000	550.295
17000000	100000000	562.83356
18000000	100000000	706.48486
19000000	100000000	804.92377
20000000	100000000	726.4591
21000000	100000000	786.1597
22000000	100000000	930.2473
23000000	100000000	1004.18854
24000000	100000000	786.5348
25000000	100000000	752.389
26000000	100000000	860.21704
27000000	100000000	811.3694
28000000	100000000	916.4872
29000000	100000000	908.8496
30000000	100000000	908.9844
31000000	100000000	770.3381
32000000	100000000	858.225
33000000	100000000	905.3506
34000000	100000000	738.4338
35000000	100000000	1003.39874
36000000	100000000	887.6382
37000000	100000000	872.44824
38000000	100000000	743.334
39000000	100000000	998.7977
40000000	100000000	1104.0817
41000000	100000000	1085.9308
42000000	100000000	1156.7457
43000000	100000000	1452.2197
44000000	100000000	1221.767
45000000	100000000	999.6385
46000000	100000000	416.9121
49000000	100000000	2146.03
50000000	100000000	2598.233
51000000	100000000	2822.9128
52000000	100000000	2525.8896
53000000	100000000	2117.8188
54000000	100000000	1861.1536
55000000	100000000	1822.7703
56000000	100000000	1918.8186
57000000	100000000	2126.7842
58000000	100000000	2149.3213
59000000	100000000	2277.574
60000000	100000000	2422.905
61000000	100000000	2732.9739
62000000	100000000	3227.8594
63000000	100000000	3501.449
64000000	100000000	3488.5356
65000000	100000000	2474.9087
66000000	100000000	2211.6367
67000000	100000000	2244.1545
68000000	100000000	1818.2483
69000000	100000000	NaN
70000000	100000000	1297.0697
71000000	100000000	1862.3008
72000000	100000000	1887.4172
73000000	100000000	1712.937
74000000	100000000	1971.1324
75000000	100000000	1843.8535
76000000	100000000	1947.0101
77000000	100000000	2162.9373
78000000	100000000	2120.4678
79000000	100000000	2317.2734
80000000	100000000	3211.6597
81000000	100000000	3987.5251
82000000	100000000	5137.947
83000000	100000000	5315.4917
84000000	100000000	5522.212
85000000	100000000	5505.5186
86000000	100000000	5861.303
87000000	100000000	5541.0625
88000000	100000000	5582.4346
89000000	100000000	5405.8447
90000000	100000000	7707.247
91000000	100000000	8489.869
92000000	100000000	7969.553
93000000	100000000	9305.516
94000000	100000000	9808.593
95000000	100000000	10798.826
96000000	100000000	15431.096
97000000	100000000	18182.518
98000000	100000000	38003.74
99000000	100000000	182717.05
100000000	100000000	469576.94
0	101000000	303.56354
1000000	101000000	319.4696
2000000	101000000	354.00708
3000000	101000000	340.67444
4000000	101000000	411.14868
5000000	101000000	417.398
6000000	101000000	368.18686
7000000	101000000	506.09045
8000000	101000000	549.55927
9000000	101000000	515.72046
10000000	101000000	464.34418
11000000	101000000	623.28186
12000000	101000000	680.79944
13000000	101000000	671.7487
14000000	101000000	572.9587
15000000	101000000	660.8211
16000000	101000000	579.4376
17000000	101000000	515.6631
18000000	101000000	735.2245
19000000	101000000	982.8106
20000000	101000000	933.8576
21000000	101000000	947.2773
22000000	101000000	1189.7695
23000000	101000000	991.8422
24000000	101000000	995.7708
25000000	101000000	925.7167
26000000	101000000	878.62805
27000000	101000000	1071.8402
28000000	101000000	980.22485
29000000	101000000	1243.8558
30000000	101000000	1175.8737
31000000	101000000	854.29034
32000000	101000000	624.6418
33000000	101000000	722.20703
34000000	101000000	640.0565
35000000	101000000	676.1053
36000000	101000000	752.3266
37000000	101000000	620.0314
38000000	101000000	843.512
39000000	101000000	1038.8506
40000000	101000000	1000.9357
41000000	101000000	1184.4258
42000000	101000000	1222.8336
43000000	101000000	970.6001
44000000	101000000	1395.6644
45000000	101000000	979.9597
46000000	101000000	572.02594
49000000	101000000	1868.2903
50000000	101000000	3330.1821
51000000	101000000	3971.235
52000000	101000000	2958.9275
53000000	101000000	2341.4646
54000000	101000000	1686.0458
55000000	101000000	1028.4023
56000000	101000000	1762.66
57000000	101000000	2986.5374
58000000	101000000	2876.5195
59000000	101000000	2223.599
60000000	101000000	2122.9175
61000000	101000000	2865.3308
62000000	101000000	4452.4536
63000000	101000000	4489.2383
64000000	101000000	2283.0671
65000000	101000000	2167.7705
66000000	101000000	2486.7012
67000000	101000000	1784.0819
68000000	101000000	1465.5958
69000000	101000000	NaN
70000000	101000000	1233.9714
71000000	101000000	1658.375
72000000	101000000	1742.4232
73000000	101000000	1589.6443
74000000	101000000	1643.4424
75000000	101000000	1444.5278
76000000	101000000	1490.9719
77000000	101000000	1157.1091
78000000	101000000	1418.5654
79000000	101000000	1999.4313
80000000	101000000	2495.5872
81000000	101000000	3551.525
82000000	101000000	4497.4756
83000000	101000000	6559.554
84000000	101000000	7608.2183
85000000	101000000	8029.3774
86000000	101000000	6133.5264
87000000	101000000	7490.657
88000000	101000000	3110.7878
89000000	101000000	4777.0444
90000000	101000000	8965.144
91000000	101000000	11779.579
92000000	101000000	10302.718
93000000	101000000	8816.433
94000000	101000000	7077.986
95000000	101000000	6870.074
96000000	101000000	9269.51
97000000	101000000	17601.111
98000000	101000000	29253.523
99000000	101000000	51486.49
100000000	101000000	70459.2
101000000	101000000	449284.38
0	102000000	516.0533
1000000	102000000	451.70074
2000000	102000000	297.07172
3000000	102000000	243.8209
4000000	102000000	295.0001
5000000	102000000	460.2415
6000000	102000000	486.77853
7000000	102000000	453.93332
8000000	102000000	426.56442
9000000	102000000	543.8854
10000000	102000000	708.6022
11000000	102000000	477.57956
12000000	102000000	451.40756
13000000	102000000	500.3161
14000000	102000000	886.082
15000000	102000000	430.89023
16000000	102000000	568.04913
17000000	102000000	579.9687
18000000	102000000	641.3443
19000000	102000000	595.9257
20000000	102000000	702.06134
21000000	102000000	722.8633
22000000	102000000	809.92334
23000000	102000000	799.0709
24000000	102000000	629.9112
25000000	102000000	698.66187
26000000	102000000	601.7166
27000000	102000000	740.5109
28000000	102000000	753.3735
29000000	102000000	728.7291
30000000	102000000	704.0972
31000000	102000000	947.8128
32000000	102000000	915.5846
33000000	102000000	867.53
34000000	102000000	837.0618
35000000	102000000	902.68396
36000000	102000000	1017.83093
37000000	102000000	1005.37164
38000000	102000000	706.6203
39000000	102000000	947.72754
40000000	102000000	1081.0731
41000000	102000000	1067.3462
42000000	102000000	1090.8617
43000000	102000000	1504.3256
44000000	102000000	1017.3091
45000000	102000000	706.64825
46000000	102000000	441.85562
49000000	102000000	2063.4822
50000000	102000000	2605.9583
51000000	102000000	2382.622
52000000	102000000	3083.0764
53000000	102000000	2665.2808
54000000	102000000	2550.0835
55000000	102000000	2304.1667
56000000	102000000	2407.3015
57000000	102000000	2128.7073
58000000	102000000	2649.3484
59000000	102000000	2727.4612
60000000	102000000	2848.7769
61000000	102000000	3410.637
62000000	102000000	2819.6316
63000000	102000000	3220.4287
64000000	102000000	4228.69
65000000	102000000	3233.3462
66000000	102000000	2593.919
67000000	102000000	2452.0098
68000000	102000000	2324.3848
69000000	102000000	NaN
70000000	102000000	1829.0504
71000000	102000000	2397.1038
72000000	102000000	2286.6206
73000000	102000000	2196.9724
74000000	102000000	2312.1416
75000000	102000000	2268.5095
76000000	102000000	2370.7444
77000000	102000000	2646.9878
78000000	102000000	2821.515
79000000	102000000	3027.0034
80000000	102000000	4279.5493
81000000	102000000	4875.673
82000000	102000000	5627.3525
83000000	102000000	5193.5415
84000000	102000000	4947.8525
85000000	102000000	5339.5513
86000000	102000000	6346.185
87000000	102000000	5695.5205
88000000	102000000	5719.3438
89000000	102000000	6230.3105
90000000	102000000	7936.5854
91000000	102000000	6561.5493
92000000	102000000	7080.528
93000000	102000000	8900.804
94000000	102000000	10008.937
95000000	102000000	9742.127
96000000	102000000	11357.708
97000000	102000000	9822.622
98000000	102000000	15262.868
99000000	102000000	17724.695
100000000	102000000	21674.162
101000000	102000000	102824.336
102000000	102000000	463525.47
0	103000000	251.88622
1000000	103000000	257.9572
2000000	103000000	379.09238
3000000	103000000	389.8301
4000000	103000000	442.9338
5000000	103000000	393.10718
6000000	103000000	400.60666
7000000	103000000	572.30066
8000000	103000000	543.5926
9000000	103000000	426.42892
10000000	103000000	410.0359
11000000	103000000	648.3321
12000000	103000000	697.8329
13000000	103000000	663.8172
14000000	103000000	515.72614
15000000	103000000	613.4089
16000000	103000000	602.6504
17000000	103000000	563.0637
18000000	103000000	738.1019
19000000	103000000	860.80725
20000000	103000000	842.8973
21000000	103000000	1026.1711
22000000	103000000	1130.3473
23000000	103000000	1013.9773
24000000	103000000	905.9279
25000000	103000000	924.7232
26000000	103000000	920.45526
27000000	103000000	1065.967
28000000	103000000	1015.219
29000000	103000000	1065.2234
30000000	103000000	1080.4318
31000000	103000000	710.83356
32000000	103000000	601.2019
33000000	103000000	617.2773
34000000	103000000	613.52563
35000000	103000000	712.4672
36000000	103000000	624.51685
37000000	103000000	567.0852
38000000	103000000	754.7655
39000000	103000000	952.18787
40000000	103000000	983.73584
41000000	103000000	1102.8156
42000000	103000000	1106.6389
43000000	103000000	801.16815
44000000	103000000	1344.7766
45000000	103000000	1218.5305
46000000	103000000	573.03235
49000000	103000000	1688.7874
50000000	103000000	3211.9312
51000000	103000000	3943.1191
52000000	103000000	2592.4001
53000000	103000000	2221.5437
54000000	103000000	1505.9097
55000000	103000000	897.7277
56000000	103000000	1582.9957
57000000	103000000	2873.3113
58000000	103000000	2725.3337
59000000	103000000	2264.3533
60000000	103000000	2102.5073
61000000	103000000	2727.8828
62000000	103000000	4332.918
63000000	103000000	4315.9023
64000000	103000000	2154.1113
65000000	103000000	1995.5327
66000000	103000000	2445.5176
67000000	103000000	1708.1165
68000000	103000000	1282.7291
69000000	103000000	NaN
70000000	103000000	961.3735
71000000	103000000	1406.2448
72000000	103000000	1645.6573
73000000	103000000	1415.3358
74000000	103000000	1439.9716
75000000	103000000	1363.1224
76000000	103000000	1269.6782
77000000	103000000	1037.3467
78000000	103000000	1333.874
79000000	103000000	1735.207
80000000	103000000	2208.5435
81000000	103000000	3308.6018
82000000	103000000	4297.921
83000000	103000000	6245.7812
84000000	103000000	7193.3574
85000000	103000000	7391.857
86000000	103000000	5488.228
87000000	103000000	6857.03
88000000	103000000	2810.1655
89000000	103000000	4226.405
90000000	103000000	7403.745
91000000	103000000	9806.91
92000000	103000000	8705.393
93000000	103000000	6971.407
94000000	103000000	5227.5234
95000000	103000000	4783.0156
96000000	103000000	5536.237
97000000	103000000	10422.096
98000000	103000000	10941.343
99000000	103000000	14946.173
100000000	103000000	14154.569
101000000	103000000	42944.723
102000000	103000000	77635.16
103000000	103000000	464141.75
0	104000000	249.63301
1000000	104000000	235.9371
2000000	104000000	396.5751
3000000	104000000	440.88504
4000000	104000000	489.42642
5000000	104000000	441.131
6000000	104000000	333.9816
7000000	104000000	548.2926
8000000	104000000	577.73285
9000000	104000000	455.0588
10000000	104000000	333.19537
11000000	104000000	560.2805
12000000	104000000	743.67
13000000	104000000	674.0917
14000000	104000000	382.1827
15000000	104000000	655.0186
16000000	104000000	582.47473
17000000	104000000	552.9396
18000000	104000000	698.4067
19000000	104000000	968.94257
20000000	104000000	1050.0433
21000000	104000000	978.54004
22000000	104000000	1142.804
23000000	104000000	1121.4325
24000000	104000000	1040.0717
25000000	104000000	952.5764
26000000	104000000	1056.7655
27000000	104000000	1086.0366
28000000	104000000	990.89307
29000000	104000000	1194.726
30000000	104000000	1238.9856
31000000	104000000	727.9757
32000000	104000000	428.9342
33000000	104000000	564.61005
34000000	104000000	537.9925
35000000	104000000	598.21924
36000000	104000000	613.5098
37000000	104000000	455.19168
38000000	104000000	687.12616
39000000	104000000	929.9141
40000000	104000000	896.3684
41000000	104000000	1040.0364
42000000	104000000	1042.9878
43000000	104000000	671.96454
44000000	104000000	1225.4161
45000000	104000000	1147.1832
46000000	104000000	582.695
49000000	104000000	1441.4581
50000000	104000000	3082.786
51000000	104000000	3917.5989
52000000	104000000	2535.4543
53000000	104000000	2045.2966
54000000	104000000	1333.458
55000000	104000000	740.68396
56000000	104000000	1427.0175
57000000	104000000	2975.4114
58000000	104000000	2410.8718
59000000	104000000	2102.0266
60000000	104000000	1871.4344
61000000	104000000	2363.3015
62000000	104000000	4277.6133
63000000	104000000	4124.458
64000000	104000000	1759.0804
65000000	104000000	1635.911
66000000	104000000	2181.3733
67000000	104000000	1415.6472
68000000	104000000	1193.7529
69000000	104000000	NaN
70000000	104000000	797.85895
71000000	104000000	1290.0532
72000000	104000000	1421.7927
73000000	104000000	1166.7781
74000000	104000000	1310.2953
75000000	104000000	1239.282
76000000	104000000	1120.9503
77000000	104000000	860.863
78000000	104000000	1050.5538
79000000	104000000	1512.7845
80000000	104000000	1914.1891
81000000	104000000	2995.1367
82000000	104000000	3963.4944
83000000	104000000	5983.654
84000000	104000000	7650.332
85000000	104000000	7471.0645
86000000	104000000	5120.3794
87000000	104000000	6652.427
88000000	104000000	2239.7388
89000000	104000000	3877.0442
90000000	104000000	6871.867
91000000	104000000	9809.833
92000000	104000000	8084.2437
93000000	104000000	5958.702
94000000	104000000	4317.0435
95000000	104000000	3656.272
96000000	104000000	4096.7227
97000000	104000000	8714.57
98000000	104000000	8643.105
99000000	104000000	11584.175
100000000	104000000	10571.925
101000000	104000000	24578.184
102000000	104000000	24691.53
103000000	104000000	104551.47
104000000	104000000	474957.75
0	105000000	264.18417
1000000	105000000	259.56717
2000000	105000000	338.2122
3000000	105000000	328.22568
4000000	105000000	388.63724
5000000	105000000	404.73688
6000000	105000000	340.2141
7000000	105000000	484.56726
8000000	105000000	475.09366
9000000	105000000	440.46237
10000000	105000000	422.9454
11000000	105000000	532.6737
12000000	105000000	652.7805
13000000	105000000	569.67615
14000000	105000000	533.7869
15000000	105000000	579.7493
16000000	105000000	515.7669
17000000	105000000	465.37738
18000000	105000000	662.3215
19000000	105000000	826.01715
20000000	105000000	876.1421
21000000	105000000	904.22815
22000000	105000000	985.65125
23000000	105000000	970.33496
24000000	105000000	887.16455
25000000	105000000	870.1275
26000000	105000000	804.875
27000000	105000000	963.7269
28000000	105000000	975.073
29000000	105000000	1030.4835
30000000	105000000	1030.6611
31000000	105000000	699.5742
32000000	105000000	547.4146
33000000	105000000	561.14233
34000000	105000000	562.792
35000000	105000000	594.3913
36000000	105000000	657.33026
37000000	105000000	530.36743
38000000	105000000	699.2778
39000000	105000000	889.8943
40000000	105000000	956.7536
41000000	105000000	999.3015
42000000	105000000	893.68915
43000000	105000000	726.9372
44000000	105000000	1171.5978
45000000	105000000	908.4887
46000000	105000000	458.58554
49000000	105000000	1482.1339
50000000	105000000	2569.0957
51000000	105000000	3309.1038
52000000	105000000	2397.8738
53000000	105000000	1997.0565
54000000	105000000	1389.9523
55000000	105000000	978.4419
56000000	105000000	1443.4121
57000000	105000000	2457.6228
58000000	105000000	2413.6797
59000000	105000000	2125.5085
60000000	105000000	1936.3192
61000000	105000000	2232.5618
62000000	105000000	3496.028
63000000	105000000	3416.1978
64000000	105000000	2031.7533
65000000	105000000	1788.3768
66000000	105000000	2145.8591
67000000	105000000	1572.2838
68000000	105000000	1204.1069
70000000	105000000	845.57214
71000000	105000000	1366.6783
72000000	105000000	1459.3877
73000000	105000000	1287.4895
74000000	105000000	1349.9874
75000000	105000000	1147.7987
76000000	105000000	1323.2002
77000000	105000000	1046.6451
78000000	105000000	1324.1716
79000000	105000000	1648.8279
80000000	105000000	2269.0557
81000000	105000000	3064.8127
82000000	105000000	3853.3108
83000000	105000000	5377.553
84000000	105000000	6395.323
85000000	105000000	6389.779
86000000	105000000	4901.078
87000000	105000000	5742.1533
88000000	105000000	2817.2742
89000000	105000000	4128.1465
90000000	105000000	6235.4453
91000000	105000000	7776.5513
92000000	105000000	6626.9297
93000000	105000000	5824.3296
94000000	105000000	4177.086
95000000	105000000	3693.2825
96000000	105000000	4150.9424
97000000	105000000	6957.0376
98000000	105000000	7157.219
99000000	105000000	9400.682
100000000	105000000	8695.207
101000000	105000000	16302.862
102000000	105000000	18037.336
103000000	105000000	43427.94
104000000	105000000	102363.93
105000000	105000000	457419.66
0	106000000	421.19745
1000000	106000000	360.46298
2000000	106000000	269.53775
3000000	106000000	268.82294
4000000	106000000	269.8644
5000000	106000000	395.1684
6000000	106000000	471.7511
7000000	106000000	460.57684
8000000	106000000	436.26288
9000000	106000000	529.32855
10000000	106000000	561.3182
11000000	106000000	476.86652
12000000	106000000	493.1989
13000000	106000000	424.71527
14000000	106000000	641.8214
15000000	106000000	423.7244
16000000	106000000	503.7928
17000000	106000000	540.42175
18000000	106000000	570.3401
19000000	106000000	623.6673
20000000	106000000	635.6041
21000000	106000000	725.9479
22000000	106000000	773.8822
23000000	106000000	838.0336
24000000	106000000	618.5978
25000000	106000000	654.3693
26000000	106000000	589.6098
27000000	106000000	625.99304
28000000	106000000	742.9172
29000000	106000000	720.71027
30000000	106000000	770.30365
31000000	106000000	773.73004
32000000	106000000	727.10443
33000000	106000000	692.18134
34000000	106000000	652.508
35000000	106000000	772.2573
36000000	106000000	825.57745
37000000	106000000	773.95996
38000000	106000000	743.88574
39000000	106000000	925.7586
40000000	106000000	1005.64594
41000000	106000000	985.144
42000000	106000000	828.93036
43000000	106000000	1094.0625
44000000	106000000	842.60565
45000000	106000000	634.8329
46000000	106000000	285.5296
49000000	106000000	1684.6667
50000000	106000000	2088.8196
51000000	106000000	2262.0432
52000000	106000000	2478.2427
53000000	106000000	2352.7432
54000000	106000000	2025.8616
55000000	106000000	2021.6038
56000000	106000000	1879.8458
57000000	106000000	2156.2441
58000000	106000000	2581.5415
59000000	106000000	2445.4644
60000000	106000000	2285.1294
61000000	106000000	2500.436
62000000	106000000	2353.3772
63000000	106000000	2713.039
64000000	106000000	2836.2715
65000000	106000000	2381.564
66000000	106000000	2336.9104
67000000	106000000	2163.551
68000000	106000000	1784.1914
69000000	106000000	NaN
70000000	106000000	1257.785
71000000	106000000	1862.8123
72000000	106000000	1969.0632
73000000	106000000	1910.0308
74000000	106000000	1753.7925
75000000	106000000	1835.0938
76000000	106000000	1957.8525
77000000	106000000	2072.4465
78000000	106000000	2163.9175
79000000	106000000	2429.4258
80000000	106000000	3297.0337
81000000	106000000	3714.992
82000000	106000000	4544.106
83000000	106000000	4741.343
84000000	106000000	4250.668
85000000	106000000	4491.5254
86000000	106000000	4477.456
87000000	106000000	4533.343
88000000	106000000	4286.773
89000000	106000000	4241.158
90000000	106000000	5565.939
91000000	106000000	4948.242
92000000	106000000	5325.6206
93000000	106000000	5694.2983
94000000	106000000	5771.4688
95000000	106000000	5131.7495
96000000	106000000	5214.371
97000000	106000000	5209.6987
98000000	106000000	6335.615
99000000	106000000	6787.857
100000000	106000000	7507.433
101000000	106000000	10410.697
102000000	106000000	17119.373
103000000	106000000	21820.227
104000000	106000000	32711.068
105000000	106000000	116244.64
106000000	106000000	476385.84
0	107000000	485.05206
1000000	107000000	438.70978
2000000	107000000	301.03323
3000000	107000000	260.73682
4000000	107000000	272.4747
5000000	107000000	456.62885
6000000	107000000	525.5006
7000000	107000000	424.66443
8000000	107000000	399.30615
9000000	107000000	492.74515
10000000	107000000	598.05817
11000000	107000000	474.3685
12000000	107000000	399.2662
13000000	107000000	442.15997
14000000	107000000	700.2598
15000000	107000000	447.60007
16000000	107000000	536.66174
17000000	107000000	531.9311
18000000	107000000	612.25336
19000000	107000000	669.4995
20000000	107000000	621.3753
21000000	107000000	802.82764
22000000	107000000	777.2736
23000000	107000000	812.96405
24000000	107000000	676.5962
25000000	107000000	656.0201
26000000	107000000	624.7178
27000000	107000000	706.8951
28000000	107000000	701.90533
29000000	107000000	746.59985
30000000	107000000	675.7866
31000000	107000000	838.4993
32000000	107000000	774.6372
33000000	107000000	726.0514
34000000	107000000	742.2278
35000000	107000000	757.6125
36000000	107000000	873.601
37000000	107000000	962.1207
38000000	107000000	756.9906
39000000	107000000	843.43054
40000000	107000000	946.8784
41000000	107000000	917.73035
42000000	107000000	876.616
43000000	107000000	1207.3446
44000000	107000000	887.5857
45000000	107000000	576.2828
46000000	107000000	380.74225
49000000	107000000	1554.6805
50000000	107000000	2112.7595
51000000	107000000	1999.0569
52000000	107000000	2613.9773
53000000	107000000	2568.0178
54000000	107000000	2281.9736
55000000	107000000	1865.9474
56000000	107000000	1949.0852
57000000	107000000	2077.6445
58000000	107000000	2286.8804
59000000	107000000	2334.926
60000000	107000000	2490.2363
61000000	107000000	2629.3757
62000000	107000000	2273.1924
63000000	107000000	2515.7937
64000000	107000000	3071.0266
65000000	107000000	2575.491
66000000	107000000	2475.7827
67000000	107000000	2157.9766
68000000	107000000	2031.2732
69000000	107000000	NaN
70000000	107000000	1450.5057
71000000	107000000	2051.7837
72000000	107000000	2128.3757
73000000	107000000	2066.299
74000000	107000000	1981.5347
75000000	107000000	2064.1196
76000000	107000000	2151.7585
77000000	107000000	2120.4836
78000000	107000000	2471.7544
79000000	107000000	2907.677
80000000	107000000	3772.8418
81000000	107000000	3998.2852
82000000	107000000	4483.981
83000000	107000000	4289.262
84000000	107000000	4021.5837
85000000	107000000	4208.4897
86000000	107000000	4376.855
87000000	107000000	3933.566
88000000	107000000	3871.2354
89000000	107000000	4277.4844
90000000	107000000	5312.254
91000000	107000000	4636.082
92000000	107000000	4867.637
93000000	107000000	5875.817
94000000	107000000	5879.101
95000000	107000000	5030.2344
96000000	107000000	4908.863
97000000	107000000	4801.387
98000000	107000000	5805.9463
99000000	107000000	6095.703
100000000	107000000	6445.2256
101000000	107000000	8692.154
102000000	107000000	14755.89
103000000	107000000	16222.406
104000000	107000000	22128.725
105000000	107000000	46668.484
106000000	107000000	107167.555
107000000	107000000	405583.34
0	108000000	623.96466
1000000	108000000	531.4496
2000000	108000000	306.9687
3000000	108000000	257.78464
4000000	108000000	263.04706
5000000	108000000	433.6091
6000000	108000000	530.3848
7000000	108000000	414.43832
8000000	108000000	408.55673
9000000	108000000	515.3831
10000000	108000000	694.92175
11000000	108000000	405.4898
12000000	108000000	406.60233
13000000	108000000	363.10205
14000000	108000000	770.09607
15000000	108000000	394.60126
16000000	108000000	550.5812
17000000	108000000	588.9486
18000000	108000000	586.53467
19000000	108000000	587.2842
20000000	108000000	563.6315
21000000	108000000	622.1341
22000000	108000000	645.9519
23000000	108000000	734.33624
24000000	108000000	611.93207
25000000	108000000	577.2741
26000000	108000000	599.37744
27000000	108000000	643.8535
28000000	108000000	634.8085
29000000	108000000	616.0701
30000000	108000000	574.59924
31000000	108000000	805.564
32000000	108000000	875.4339
33000000	108000000	801.8813
34000000	108000000	783.06757
35000000	108000000	827.90283
36000000	108000000	913.2293
37000000	108000000	1088.9618
38000000	108000000	689.624
39000000	108000000	724.7222
40000000	108000000	811.7708
41000000	108000000	758.78705
42000000	108000000	762.24164
43000000	108000000	1451.3934
44000000	108000000	814.5321
45000000	108000000	584.4404
46000000	108000000	311.5581
49000000	108000000	1733.7399
50000000	108000000	1617.5485
51000000	108000000	1473.5902
52000000	108000000	2038.374
53000000	108000000	1984.9603
54000000	108000000	2065.8625
55000000	108000000	2118.513
56000000	108000000	1863.4644
57000000	108000000	1511.2833
58000000	108000000	1739.2317
59000000	108000000	2033.7402
60000000	108000000	2253.7742
61000000	108000000	2298.9424
62000000	108000000	1670.0547
63000000	108000000	2029.7006
64000000	108000000	3298.7092
65000000	108000000	2666.9248
66000000	108000000	1963.0513
67000000	108000000	2096.3298
68000000	108000000	2217.6182
69000000	108000000	NaN
70000000	108000000	1621.692
71000000	108000000	2138.9075
72000000	108000000	2165.3977
73000000	108000000	1993.4663
74000000	108000000	2396.3958
75000000	108000000	2341.8374
76000000	108000000	2391.033
77000000	108000000	2923.493
78000000	108000000	2872.6401
79000000	108000000	3052.9338
80000000	108000000	4112.137
81000000	108000000	4008.8086
82000000	108000000	4289.378
83000000	108000000	3198.0083
84000000	108000000	2871.8477
85000000	108000000	2897.75
86000000	108000000	3864.1257
87000000	108000000	3067.124
88000000	108000000	4519.6494
89000000	108000000	4140.5317
90000000	108000000	3947.7942
91000000	108000000	3119.887
92000000	108000000	3628.512
93000000	108000000	5037.3164
94000000	108000000	5436.8945
95000000	108000000	5136.953
96000000	108000000	5149.825
97000000	108000000	3850.0115
98000000	108000000	4720.028
99000000	108000000	4799.36
100000000	108000000	5948.079
101000000	108000000	5680.4136
102000000	108000000	10578.232
103000000	108000000	8784.085
104000000	108000000	10468.32
105000000	108000000	14900.863
106000000	108000000	23632.832
107000000	108000000	125089.83
108000000	108000000	515039.44
0	109000000	427.48734
1000000	109000000	399.28027
2000000	109000000	414.25403
3000000	109000000	389.5272
4000000	109000000	404.99695
5000000	109000000	559.0412
6000000	109000000	450.59207
7000000	109000000	550.44006
8000000	109000000	641.0037
9000000	109000000	570.1728
10000000	109000000	546.9408
11000000	109000000	655.841
12000000	109000000	645.789
13000000	109000000	669.83093
14000000	109000000	636.6682
15000000	109000000	665.4775
16000000	109000000	676.7594
17000000	109000000	634.12946
18000000	109000000	795.01263
19000000	109000000	992.0783
20000000	109000000	917.2045
21000000	109000000	954.0947
22000000	109000000	1188.981
23000000	109000000	1069.9111
24000000	109000000	999.0324
25000000	109000000	1030.4366
26000000	109000000	898.2206
27000000	109000000	1138.6145
28000000	109000000	986.6787
29000000	109000000	1113.892
30000000	109000000	1041.2145
31000000	109000000	978.52594
32000000	109000000	710.2197
33000000	109000000	746.854
34000000	109000000	682.65295
35000000	109000000	804.15704
36000000	109000000	833.80237
37000000	109000000	661.7449
38000000	109000000	884.31335
39000000	109000000	965.31635
40000000	109000000	986.95355
41000000	109000000	1090.5969
42000000	109000000	1192.1309
43000000	109000000	995.02954
44000000	109000000	1249.2899
45000000	109000000	981.346
46000000	109000000	524.98175
49000000	109000000	1695.7515
50000000	109000000	2588.7012
51000000	109000000	2886.2566
52000000	109000000	2413.57
53000000	109000000	2075.0222
54000000	109000000	1766.4955
55000000	109000000	1212.0494
56000000	109000000	1638.8812
57000000	109000000	2366.188
58000000	109000000	2346.0698
59000000	109000000	2005.8274
60000000	109000000	1899.5972
61000000	109000000	2379.1296
62000000	109000000	3173.7996
63000000	109000000	3094.6904
64000000	109000000	2033.0677
65000000	109000000	2129.7847
66000000	109000000	2395.257
67000000	109000000	1776.3741
68000000	109000000	1517.5159
69000000	109000000	NaN
70000000	109000000	1181.4512
71000000	109000000	1814.9469
72000000	109000000	2025.1351
73000000	109000000	1624.9415
74000000	109000000	1653.1553
75000000	109000000	1622.5212
76000000	109000000	1672.4668
77000000	109000000	1449.9526
78000000	109000000	1687.8456
79000000	109000000	2171.5417
80000000	109000000	2482.1445
81000000	109000000	3017.535
82000000	109000000	3439.2375
83000000	109000000	4585.895
84000000	109000000	5127.0684
85000000	109000000	5316.814
86000000	109000000	4120.205
87000000	109000000	4478.8936
88000000	109000000	2426.8628
89000000	109000000	3136.3267
90000000	109000000	5115.985
91000000	109000000	5960.445
92000000	109000000	5479.43
93000000	109000000	4808.07
94000000	109000000	4005.9644
95000000	109000000	3405.1147
96000000	109000000	3613.5225
97000000	109000000	5422.1294
98000000	109000000	5710.9814
99000000	109000000	6841.929
100000000	109000000	6024.17
101000000	109000000	10016.483
102000000	109000000	9483.984
103000000	109000000	14954.175
104000000	109000000	18835.365
105000000	109000000	21818.77
106000000	109000000	21271.77
107000000	109000000	60516.94
108000000	109000000	108505.625
109000000	109000000	466186.28
0	110000000	626.9225
1000000	110000000	538.6194
2000000	110000000	270.83295
3000000	110000000	262.336
4000000	110000000	326.80893
5000000	110000000	467.23666
6000000	110000000	582.7936
7000000	110000000	452.8355
8000000	110000000	449.16614
9000000	110000000	518.71545
10000000	110000000	725.4945
11000000	110000000	433.3242
12000000	110000000	451.8859
13000000	110000000	447.5528
14000000	110000000	820.1547
15000000	110000000	494.08612
16000000	110000000	572.8951
17000000	110000000	639.61383
18000000	110000000	655.751
19000000	110000000	644.46625
20000000	110000000	659.4293
21000000	110000000	699.75195
22000000	110000000	859.4326
23000000	110000000	819.7167
24000000	110000000	610.24426
25000000	110000000	717.2652
26000000	110000000	685.9256
27000000	110000000	771.8309
28000000	110000000	763.51874
29000000	110000000	697.647
30000000	110000000	667.2312
31000000	110000000	871.1979
32000000	110000000	1004.16254
33000000	110000000	876.1944
34000000	110000000	782.39545
35000000	110000000	849.7728
36000000	110000000	983.57947
37000000	110000000	1005.4719
38000000	110000000	672.015
39000000	110000000	881.6965
40000000	110000000	1051.8577
41000000	110000000	977.06824
42000000	110000000	971.9842
43000000	110000000	1500.6913
44000000	110000000	973.14484
45000000	110000000	711.9743
46000000	110000000	335.29575
49000000	110000000	1905.7717
50000000	110000000	1941.6807
51000000	110000000	1728.807
52000000	110000000	2192.9958
53000000	110000000	1934.9596
54000000	110000000	2023.8135
55000000	110000000	2051.1064
56000000	110000000	1936.262
57000000	110000000	1567.3043
58000000	110000000	1763.8386
59000000	110000000	2036.3365
60000000	110000000	2114.5974
61000000	110000000	2435.7073
62000000	110000000	1969.4939
63000000	110000000	2254.1982
64000000	110000000	2993.833
65000000	110000000	2505.1033
66000000	110000000	1989.9022
67000000	110000000	2138.3887
68000000	110000000	2115.9238
69000000	110000000	NaN
70000000	110000000	1549.1934
71000000	110000000	2098.769
72000000	110000000	2090.2607
73000000	110000000	2104.5823
74000000	110000000	2429.502
75000000	110000000	2255.584
76000000	110000000	2367.1003
77000000	110000000	2728.4976
78000000	110000000	2670.074
79000000	110000000	3054.4934
80000000	110000000	3714.01
81000000	110000000	3718.3157
82000000	110000000	4232.3984
83000000	110000000	3415.4011
84000000	110000000	3133.508
85000000	110000000	3324.7832
86000000	110000000	4182.616
87000000	110000000	3304.195
88000000	110000000	4228.5615
89000000	110000000	4032.0786
90000000	110000000	4337.0483
91000000	110000000	3557.2468
92000000	110000000	3961.8545
93000000	110000000	4977.9146
94000000	110000000	5417.048
95000000	110000000	4934.9023
96000000	110000000	5356.488
97000000	110000000	4123.842
98000000	110000000	5323.746
99000000	110000000	5140.806
100000000	110000000	6387.824
101000000	110000000	6065.84
102000000	110000000	10046.287
103000000	110000000	8206.345
104000000	110000000	9043.1875
105000000	110000000	11428.934
106000000	110000000	14369.899
107000000	110000000	24714.229
108000000	110000000	35058.33
109000000	110000000	69691.86
110000000	110000000	463166.62
0	111000000	725.83704
1000000	111000000	639.9221
2000000	111000000	365.71033
3000000	111000000	304.70663
4000000	111000000	288.5246
5000000	111000000	501.52213
6000000	111000000	565.6771
7000000	111000000	430.53702
8000000	111000000	418.0183
9000000	111000000	554.9401
10000000	111000000	742.14325
11000000	111000000	412.58127
12000000	111000000	443.3759
13000000	111000000	438.6342
14000000	111000000	854.60144
15000000	111000000	444.0309
16000000	111000000	591.14624
17000000	111000000	664.02563
18000000	111000000	591.1891
19000000	111000000	583.94257
20000000	111000000	571.28217
21000000	111000000	594.5732
22000000	111000000	705.7303
23000000	111000000	751.36633
24000000	111000000	568.7546
25000000	111000000	610.1147
26000000	111000000	593.36456
27000000	111000000	688.8686
28000000	111000000	641.90924
29000000	111000000	628.5419
30000000	111000000	626.33984
31000000	111000000	864.7324
32000000	111000000	947.172
33000000	111000000	922.1027
34000000	111000000	836.8112
35000000	111000000	1047.4656
36000000	111000000	1055.0338
37000000	111000000	1051.217
38000000	111000000	761.87427
39000000	111000000	764.1142
40000000	111000000	891.5344
41000000	111000000	857.01843
42000000	111000000	811.2039
43000000	111000000	1247.6222
44000000	111000000	817.9869
45000000	111000000	659.44653
46000000	111000000	373.5095
49000000	111000000	1717.4073
50000000	111000000	1604.2906
51000000	111000000	1414.3693
52000000	111000000	1991.6777
53000000	111000000	2148.3718
54000000	111000000	2318.696
55000000	111000000	2432.708
56000000	111000000	1867.6879
57000000	111000000	1613.1895
58000000	111000000	1843.881
59000000	111000000	2062.17
60000000	111000000	2307.1636
61000000	111000000	2151.387
62000000	111000000	1550.2903
63000000	111000000	1918.5217
64000000	111000000	2703.5505
65000000	111000000	2725.5515
66000000	111000000	2275.2126
67000000	111000000	2432.799
68000000	111000000	2190.3828
69000000	111000000	NaN
70000000	111000000	1562.2195
71000000	111000000	2545.9124
72000000	111000000	2597.983
73000000	111000000	2516.5913
74000000	111000000	2689.5994
75000000	111000000	2656.7695
76000000	111000000	3064.2854
77000000	111000000	3082.3374
78000000	111000000	3270.1724
79000000	111000000	3627.4429
80000000	111000000	4138.4883
81000000	111000000	3977.4846
82000000	111000000	3963.2688
83000000	111000000	3042.8035
84000000	111000000	2691.9778
85000000	111000000	2706.2524
86000000	111000000	3447.607
87000000	111000000	2896.2156
88000000	111000000	4054.4043
89000000	111000000	3619.4229
90000000	111000000	3810.0146
91000000	111000000	3026.0972
92000000	111000000	3332.2827
93000000	111000000	4461.2173
94000000	111000000	5431.4214
95000000	111000000	5307.4365
96000000	111000000	4942.9834
97000000	111000000	3862.0579
98000000	111000000	4297.9688
99000000	111000000	4411.348
100000000	111000000	5370.2183
101000000	111000000	4902.8516
102000000	111000000	8081.5127
103000000	111000000	6410.696
104000000	111000000	6856.0034
105000000	111000000	7745.0415
106000000	111000000	11066.818
107000000	111000000	14761.584
108000000	111000000	18362.389
109000000	111000000	22721.12
110000000	111000000	147941.81
111000000	111000000	468925.53
0	112000000	767.4004
1000000	112000000	692.3295
2000000	112000000	361.74014
3000000	112000000	353.97086
4000000	112000000	313.0738
5000000	112000000	509.04318
6000000	112000000	656.2568
7000000	112000000	518.1203
8000000	112000000	461.1967
9000000	112000000	567.81757
10000000	112000000	839.2407
11000000	112000000	531.7992
12000000	112000000	452.6928
13000000	112000000	502.55524
14000000	112000000	977.78156
15000000	112000000	517.95856
16000000	112000000	646.65576
17000000	112000000	636.4962
18000000	112000000	615.3471
19000000	112000000	609.1846
20000000	112000000	617.63043
21000000	112000000	705.0457
22000000	112000000	720.84015
23000000	112000000	704.5213
24000000	112000000	656.6354
25000000	112000000	588.0858
26000000	112000000	634.3126
27000000	112000000	645.88367
28000000	112000000	638.49805
29000000	112000000	675.1876
30000000	112000000	635.94763
31000000	112000000	1019.20776
32000000	112000000	1064.137
33000000	112000000	837.02405
34000000	112000000	796.60785
35000000	112000000	823.33826
36000000	112000000	1061.2562
37000000	112000000	1118.9076
38000000	112000000	888.15735
39000000	112000000	813.9284
40000000	112000000	963.6866
41000000	112000000	885.7956
42000000	112000000	910.1651
43000000	112000000	1471.4209
44000000	112000000	942.18134
45000000	112000000	678.1779
46000000	112000000	399.65158
49000000	112000000	1660.6559
50000000	112000000	1981.7911
51000000	112000000	1573.1595
52000000	112000000	2149.3306
53000000	112000000	2113.93
54000000	112000000	2234.3428
55000000	112000000	1894.3628
56000000	112000000	2011.763
57000000	112000000	1707.286
58000000	112000000	1958.4695
59000000	112000000	2078.336
60000000	112000000	2202.2375
61000000	112000000	2591.68
62000000	112000000	1864.2227
63000000	112000000	2097.5522
64000000	112000000	2825.33
65000000	112000000	2762.2869
66000000	112000000	2118.6582
67000000	112000000	1969.8978
68000000	112000000	2166.296
69000000	112000000	NaN
70000000	112000000	1686.474
71000000	112000000	2373.2502
72000000	112000000	2467.5774
73000000	112000000	2152.1924
74000000	112000000	2263.4011
75000000	112000000	2206.2117
76000000	112000000	2401.9153
77000000	112000000	2526.1006
78000000	112000000	2657.4167
79000000	112000000	3004.0376
80000000	112000000	3573.7917
81000000	112000000	3398.2092
82000000	112000000	3446.782
83000000	112000000	3095.7183
84000000	112000000	2870.223
85000000	112000000	3092.4695
86000000	112000000	3874.3816
87000000	112000000	3412.1956
88000000	112000000	3608.5007
89000000	112000000	3367.8694
90000000	112000000	4202.762
91000000	112000000	3379.571
92000000	112000000	3794.6147
93000000	112000000	4538.9165
94000000	112000000	5376.579
95000000	112000000	5013.989
96000000	112000000	4961.3813
97000000	112000000	3797.652
98000000	112000000	5013.8433
99000000	112000000	4653.837
100000000	112000000	5125.811
101000000	112000000	5605.6387
102000000	112000000	8703.636
103000000	112000000	6662.189
104000000	112000000	6641.5806
105000000	112000000	7322.7104
106000000	112000000	9575.625
107000000	112000000	11418.679
108000000	112000000	12688.424
109000000	112000000	15399.877
110000000	112000000	34560.703
111000000	112000000	101487.21
112000000	112000000	453542.84
0	113000000	392.5731
1000000	113000000	370.23138
2000000	113000000	494.5308
3000000	113000000	481.45108
4000000	113000000	516.17395
5000000	113000000	490.14127
6000000	113000000	448.9644
7000000	113000000	538.21686
8000000	113000000	590.814
9000000	113000000	570.05334
10000000	113000000	529.8922
11000000	113000000	716.66974
12000000	113000000	652.3439
13000000	113000000	674.36835
14000000	113000000	589.99695
15000000	113000000	745.49176
16000000	113000000	652.4237
17000000	113000000	616.0616
18000000	113000000	655.0139
19000000	113000000	899.3182
20000000	113000000	839.0745
21000000	113000000	876.00165
22000000	113000000	1015.4757
23000000	113000000	969.6859
24000000	113000000	970.20087
25000000	113000000	979.0926
26000000	113000000	944.83105
27000000	113000000	1008.6043
28000000	113000000	960.27716
29000000	113000000	1109.1683
30000000	113000000	988.42096
31000000	113000000	833.5878
32000000	113000000	629.66394
33000000	113000000	668.382
34000000	113000000	635.8118
35000000	113000000	716.33246
36000000	113000000	737.3262
37000000	113000000	586.71484
38000000	113000000	828.6408
39000000	113000000	874.0069
40000000	113000000	913.4772
41000000	113000000	987.4877
42000000	113000000	1091.0537
43000000	113000000	897.7362
44000000	113000000	1258.9354
45000000	113000000	1020.5942
46000000	113000000	589.21564
49000000	113000000	1556.3026
50000000	113000000	2371.9
51000000	113000000	2663.9827
52000000	113000000	2052.8875
53000000	113000000	1763.5751
54000000	113000000	1353.7128
55000000	113000000	882.874
56000000	113000000	1411.7964
57000000	113000000	2191.7705
58000000	113000000	1943.5007
59000000	113000000	1693.8143
60000000	113000000	1608.0869
61000000	113000000	2162.2861
62000000	113000000	3026.5903
63000000	113000000	3023.3118
64000000	113000000	1557.4584
65000000	113000000	1703.5016
66000000	113000000	1956.2247
67000000	113000000	1444.4185
68000000	113000000	1198.0214
69000000	113000000	NaN
70000000	113000000	886.07465
71000000	113000000	1488.136
72000000	113000000	1591.5251
73000000	113000000	1360.7126
74000000	113000000	1401.6462
75000000	113000000	1275.1707
76000000	113000000	1334.6732
77000000	113000000	1026.4828
78000000	113000000	1310.8112
79000000	113000000	1633.1632
80000000	113000000	1933.8174
81000000	113000000	2355.1965
82000000	113000000	2860.5447
83000000	113000000	3954.6328
84000000	113000000	4383.5957
85000000	113000000	4430.1484
86000000	113000000	3487.012
87000000	113000000	4138.698
88000000	113000000	1958.9994
89000000	113000000	2595.1404
90000000	113000000	4318.9253
91000000	113000000	5543.389
92000000	113000000	4751.9155
93000000	113000000	4035.45
94000000	113000000	3392.0217
95000000	113000000	2711.3513
96000000	113000000	3113.8267
97000000	113000000	4914.5435
98000000	113000000	4848.616
99000000	113000000	5926.37
100000000	113000000	5167.0537
101000000	113000000	7944.706
102000000	113000000	6300.4067
103000000	113000000	9914.673
104000000	113000000	10790.299
105000000	113000000	9760.831
106000000	113000000	7848.3823
107000000	113000000	8518.784
108000000	113000000	7394.072
109000000	113000000	16293.29
110000000	113000000	16144.11
111000000	113000000	23210.627
112000000	113000000	89751.84
113000000	113000000	487400.06
0	114000000	477.98196
1000000	114000000	509.48248
2000000	114000000	400.598
3000000	114000000	370.54898
4000000	114000000	401.6373
5000000	114000000	454.04645
6000000	114000000	484.369
7000000	114000000	458.1504
8000000	114000000	489.23465
9000000	114000000	505.40204
10000000	114000000	670.58746
11000000	114000000	488.4286
12000000	114000000	488.3989
13000000	114000000	557.9307
14000000	114000000	722.90265
15000000	114000000	507.25598
16000000	114000000	611.80023
17000000	114000000	659.59296
18000000	114000000	651.40375
19000000	114000000	671.16626
20000000	114000000	644.17566
21000000	114000000	673.4798
22000000	114000000	739.4062
23000000	114000000	801.76605
24000000	114000000	672.5177
25000000	114000000	722.7418
26000000	114000000	674.15656
27000000	114000000	738.65826
28000000	114000000	762.87317
29000000	114000000	768.80524
30000000	114000000	752.74335
31000000	114000000	782.3448
32000000	114000000	770.6571
33000000	114000000	676.4019
34000000	114000000	668.7652
35000000	114000000	683.7022
36000000	114000000	741.96094
37000000	114000000	745.4989
38000000	114000000	699.46185
39000000	114000000	704.7768
40000000	114000000	845.4803
41000000	114000000	846.29565
42000000	114000000	874.75275
43000000	114000000	1185.9314
44000000	114000000	1022.14813
45000000	114000000	863.586
46000000	114000000	580.9115
49000000	114000000	1680.9658
50000000	114000000	1938.0361
51000000	114000000	1820.6881
52000000	114000000	1972.235
53000000	114000000	1755.2809
54000000	114000000	1661.909
55000000	114000000	1419.235
56000000	114000000	1527.3489
57000000	114000000	1622.167
58000000	114000000	1738.2603
59000000	114000000	1701.7675
60000000	114000000	1941.6151
61000000	114000000	2075.6333
62000000	114000000	2210.0518
63000000	114000000	2281.9976
64000000	114000000	2173.487
65000000	114000000	1941.4305
66000000	114000000	1723.831
67000000	114000000	1603.426
68000000	114000000	1590.8691
69000000	114000000	NaN
70000000	114000000	1079.3276
71000000	114000000	1685.7991
72000000	114000000	1682.2543
73000000	114000000	1631.6213
74000000	114000000	1681.8889
75000000	114000000	1532.2322
76000000	114000000	1758.1172
77000000	114000000	1718.5046
78000000	114000000	1791.0302
79000000	114000000	2098.7424
80000000	114000000	2430.262
81000000	114000000	2889.231
82000000	114000000	3084.0913
83000000	114000000	3229.1387
84000000	114000000	3328.1655
85000000	114000000	3371.5098
86000000	114000000	3466.0518
87000000	114000000	3135.0437
88000000	114000000	3001.6482
89000000	114000000	2853.898
90000000	114000000	4077.3865
91000000	114000000	3862.569
92000000	114000000	3867.188
93000000	114000000	4132.6465
94000000	114000000	4087.6328
95000000	114000000	3926.1724
96000000	114000000	3921.0237
97000000	114000000	4038.884
98000000	114000000	4756.954
99000000	114000000	4728.6094
100000000	114000000	5066.805
101000000	114000000	5735.937
102000000	114000000	7009.651
103000000	114000000	7179.464
104000000	114000000	7215.6895
105000000	114000000	7039.162
106000000	114000000	7343.0664
107000000	114000000	7961.211
108000000	114000000	7730.515
109000000	114000000	10703.427
110000000	114000000	13862.157
111000000	114000000	17086.16
112000000	114000000	45678.43
113000000	114000000	112148.47
114000000	114000000	449955.66
0	115000000	512.4083
1000000	115000000	504.22394
2000000	115000000	310.98163
3000000	115000000	268.11462
4000000	115000000	270.184
5000000	115000000	453.66882
6000000	115000000	494.0806
7000000	115000000	413.63004
8000000	115000000	406.13556
9000000	115000000	454.8639
10000000	115000000	629.8964
11000000	115000000	398.04865
12000000	115000000	389.85916
13000000	115000000	399.90878
14000000	115000000	793.92566
15000000	115000000	439.69894
16000000	115000000	546.17706
17000000	115000000	548.1969
18000000	115000000	529.9344
19000000	115000000	588.60944
20000000	115000000	510.12875
21000000	115000000	617.42316
22000000	115000000	672.07965
23000000	115000000	686.30505
24000000	115000000	623.9803
25000000	115000000	576.8517
26000000	115000000	578.4016
27000000	115000000	643.3517
28000000	115000000	663.9571
29000000	115000000	574.8946
30000000	115000000	586.0769
31000000	115000000	778.71674
32000000	115000000	780.6444
33000000	115000000	684.3232
34000000	115000000	609.6911
35000000	115000000	774.9779
36000000	115000000	782.14185
37000000	115000000	908.52673
38000000	115000000	651.4228
39000000	115000000	680.68835
40000000	115000000	817.64874
41000000	115000000	748.20197
42000000	115000000	778.8524
43000000	115000000	1164.4843
44000000	115000000	869.5609
45000000	115000000	570.98846
46000000	115000000	340.88153
49000000	115000000	1606.7991
50000000	115000000	1487.7904
51000000	115000000	1440.1614
52000000	115000000	1844.4681
53000000	115000000	1765.17
54000000	115000000	1799.3086
55000000	115000000	1688.6887
56000000	115000000	1562.383
57000000	115000000	1307.905
58000000	115000000	1664.2815
59000000	115000000	1822.1946
60000000	115000000	2025.546
61000000	115000000	1972.3151
62000000	115000000	1510.598
63000000	115000000	1888.0939
64000000	115000000	2591.6187
65000000	115000000	2059.3176
66000000	115000000	1677.9563
67000000	115000000	1835.4963
68000000	115000000	1591.979
69000000	115000000	NaN
70000000	115000000	1131.4977
71000000	115000000	1745.6019
72000000	115000000	1801.8263
73000000	115000000	1722.938
74000000	115000000	1787.5162
75000000	115000000	1770.0568
76000000	115000000	1996.8015
77000000	115000000	2122.0803
78000000	115000000	2087.0073
79000000	115000000	2364.801
80000000	115000000	3011.3315
81000000	115000000	3177.9155
82000000	115000000	3475.7607
83000000	115000000	2971.7002
84000000	115000000	2721.8994
85000000	115000000	2744.2415
86000000	115000000	3426.7832
87000000	115000000	2882.6782
88000000	115000000	3414.2302
89000000	115000000	3301.1592
90000000	115000000	3824.4026
91000000	115000000	3020.9297
92000000	115000000	3442.1223
93000000	115000000	4297.531
94000000	115000000	4631.166
95000000	115000000	4143.69
96000000	115000000	4290.4497
97000000	115000000	3616.3164
98000000	115000000	4378.3247
99000000	115000000	4269.046
100000000	115000000	4915.1484
101000000	115000000	4576.1836
102000000	115000000	7221.0205
103000000	115000000	5407.7744
104000000	115000000	5344.2485
105000000	115000000	5640.5913
106000000	115000000	6871.368
107000000	115000000	7707.0615
108000000	115000000	7453.2266
109000000	115000000	7231.5557
110000000	115000000	10887.871
111000000	115000000	13007.671
112000000	115000000	21889.488
113000000	115000000	26775.04
114000000	115000000	111773.57
115000000	115000000	418224.53
0	116000000	350.8227
1000000	116000000	366.67517
2000000	116000000	286.54117
3000000	116000000	265.62903
4000000	116000000	268.5783
5000000	116000000	393.4348
6000000	116000000	449.9943
7000000	116000000	387.84497
8000000	116000000	401.8589
9000000	116000000	423.66245
10000000	116000000	514.664
11000000	116000000	435.4407
12000000	116000000	496.64508
13000000	116000000	496.9274
14000000	116000000	599.79767
15000000	116000000	480.4897
16000000	116000000	505.1709
17000000	116000000	504.44818
18000000	116000000	617.60254
19000000	116000000	684.95746
20000000	116000000	656.52875
21000000	116000000	725.3897
22000000	116000000	866.79816
23000000	116000000	794.4418
24000000	116000000	685.0873
25000000	116000000	689.84174
26000000	116000000	652.77026
27000000	116000000	785.69904
28000000	116000000	701.9041
29000000	116000000	775.33154
30000000	116000000	785.6072
31000000	116000000	665.18756
32000000	116000000	636.49634
33000000	116000000	632.4625
34000000	116000000	550.2457
35000000	116000000	644.3292
36000000	116000000	656.6801
37000000	116000000	637.09314
38000000	116000000	669.5218
39000000	116000000	699.06415
40000000	116000000	738.99677
41000000	116000000	817.14667
42000000	116000000	822.4341
43000000	116000000	902.4429
44000000	116000000	946.9473
45000000	116000000	706.05304
46000000	116000000	307.6453
49000000	116000000	1315.2521
50000000	116000000	1808.288
51000000	116000000	1912.8694
52000000	116000000	1788.6035
53000000	116000000	1629.4099
54000000	116000000	1384.2402
55000000	116000000	1236.8286
56000000	116000000	1355.2513
57000000	116000000	1648.7892
58000000	116000000	1795.1198
59000000	116000000	1833.214
60000000	116000000	1690.1504
61000000	116000000	1854.3801
62000000	116000000	2074.7307
63000000	116000000	2217.6392
64000000	116000000	1925.9874
65000000	116000000	1686.8214
66000000	116000000	1582.5149
67000000	116000000	1519.9739
68000000	116000000	1236.1012
69000000	116000000	NaN
70000000	116000000	921.8213
71000000	116000000	1298.6841
72000000	116000000	1351.1012
73000000	116000000	1283.8306
74000000	116000000	1317.4606
75000000	116000000	1304.1748
76000000	116000000	1352.8917
77000000	116000000	1374.6559
78000000	116000000	1493.2185
79000000	116000000	1672.7327
80000000	116000000	2153.4678
81000000	116000000	2523.6035
82000000	116000000	2957.651
83000000	116000000	3437.953
84000000	116000000	3752.4888
85000000	116000000	3684.0886
86000000	116000000	3298.6416
87000000	116000000	3376.5815
88000000	116000000	2690.2935
89000000	116000000	2721.8596
90000000	116000000	3890.4258
91000000	116000000	4341.0166
92000000	116000000	4010.827
93000000	116000000	4121.171
94000000	116000000	3665.7168
95000000	116000000	3271.1184
96000000	116000000	3426.7952
97000000	116000000	3937.0745
98000000	116000000	4270.1904
99000000	116000000	5179.4683
100000000	116000000	4888.823
101000000	116000000	6253.6934
102000000	116000000	6168.6074
103000000	116000000	7129.8374
104000000	116000000	7512.6577
105000000	116000000	7116.6353
106000000	116000000	6631.3223
107000000	116000000	6733.168
108000000	116000000	5571.043
109000000	116000000	7892.223
110000000	116000000	8421.302
111000000	116000000	8941.006
112000000	116000000	13430.751
113000000	116000000	20865.572
114000000	116000000	35685.0
115000000	116000000	163863.89
116000000	116000000	432768.0
0	117000000	250.6792
1000000	117000000	241.90004
2000000	117000000	307.13327
3000000	117000000	336.8439
4000000	117000000	338.3847
5000000	117000000	373.01108
6000000	117000000	313.74313
7000000	117000000	424.42746
8000000	117000000	483.39554
9000000	117000000	428.22348
10000000	117000000	358.77454
11000000	117000000	571.815
12000000	117000000	550.04956
13000000	117000000	572.1198
14000000	117000000	427.60287
15000000	117000000	542.15936
16000000	117000000	455.89688
17000000	117000000	488.42252
18000000	117000000	600.49945
19000000	117000000	735.50867
20000000	117000000	727.4348
21000000	117000000	732.48846
22000000	117000000	839.6315
23000000	117000000	828.6586
24000000	117000000	792.01117
25000000	117000000	781.92633
26000000	117000000	783.35486
27000000	117000000	833.3264
28000000	117000000	846.0638
29000000	117000000	888.44556
30000000	117000000	901.6207
31000000	117000000	649.5721
32000000	117000000	475.96838
33000000	117000000	517.603
34000000	117000000	512.37274
35000000	117000000	514.4106
36000000	117000000	559.75574
37000000	117000000	459.24863
38000000	117000000	644.04913
39000000	117000000	711.488
40000000	117000000	733.5486
41000000	117000000	849.445
42000000	117000000	902.8827
43000000	117000000	655.176
44000000	117000000	948.22003
45000000	117000000	779.94745
46000000	117000000	452.31952
49000000	117000000	1045.2734
50000000	117000000	1959.4357
51000000	117000000	2393.912
52000000	117000000	1658.7032
53000000	117000000	1507.562
54000000	117000000	1131.5863
55000000	117000000	699.294
56000000	117000000	1117.8484
57000000	117000000	1883.1666
58000000	117000000	1792.7179
59000000	117000000	1514.9062
60000000	117000000	1383.0369
61000000	117000000	1767.5082
62000000	117000000	2618.6978
63000000	117000000	2601.4841
64000000	117000000	1316.8232
65000000	117000000	1307.9562
66000000	117000000	1531.1765
67000000	117000000	1094.5667
68000000	117000000	959.277
69000000	117000000	NaN
70000000	117000000	675.5154
71000000	117000000	1114.5272
72000000	117000000	1169.2538
73000000	117000000	974.4301
74000000	117000000	1028.6631
75000000	117000000	934.46814
76000000	117000000	921.6676
77000000	117000000	737.55334
78000000	117000000	925.8837
79000000	117000000	1230.5734
80000000	117000000	1415.8608
81000000	117000000	1977.2766
82000000	117000000	2484.384
83000000	117000000	3538.6707
84000000	117000000	4369.1167
85000000	117000000	4332.1626
86000000	117000000	3153.3557
87000000	117000000	3960.2898
88000000	117000000	1618.6594
89000000	117000000	2411.3164
90000000	117000000	4165.761
91000000	117000000	5498.863
92000000	117000000	4446.2827
93000000	117000000	3703.2085
94000000	117000000	2907.1028
95000000	117000000	2411.9092
96000000	117000000	2651.8613
97000000	117000000	4647.2593
98000000	117000000	4436.799
99000000	117000000	5556.64
100000000	117000000	5035.8833
101000000	117000000	7298.9736
102000000	117000000	5558.855
103000000	117000000	8324.385
104000000	117000000	8798.021
105000000	117000000	8096.414
106000000	117000000	6161.8774
107000000	117000000	5845.912
108000000	117000000	4521.879
109000000	117000000	8862.909
110000000	117000000	6773.1396
111000000	117000000	6566.8975
112000000	117000000	10034.494
113000000	117000000	18662.63
114000000	117000000	21056.715
115000000	117000000	35682.316
116000000	117000000	97323.72
117000000	117000000	475171.25
0	118000000	470.2235
1000000	118000000	446.56284
2000000	118000000	216.40341
3000000	118000000	187.65947
4000000	118000000	205.77577
5000000	118000000	334.37338
6000000	118000000	450.90463
7000000	118000000	306.7257
8000000	118000000	307.34488
9000000	118000000	405.70203
10000000	118000000	627.57
11000000	118000000	327.30063
12000000	118000000	347.7765
13000000	118000000	326.89893
14000000	118000000	701.8759
15000000	118000000	330.42215
16000000	118000000	413.9759
17000000	118000000	470.62024
18000000	118000000	464.91904
19000000	118000000	444.9848
20000000	118000000	406.64044
21000000	118000000	558.2178
22000000	118000000	553.8136
23000000	118000000	593.55634
24000000	118000000	388.94427
25000000	118000000	490.2229
26000000	118000000	356.10898
27000000	118000000	461.29578
28000000	118000000	486.70886
29000000	118000000	468.977
30000000	118000000	488.72717
31000000	118000000	609.6491
32000000	118000000	782.0874
33000000	118000000	661.2966
34000000	118000000	584.107
35000000	118000000	648.5314
36000000	118000000	702.0629
37000000	118000000	817.93774
38000000	118000000	496.62012
39000000	118000000	616.0346
40000000	118000000	802.9654
41000000	118000000	784.4346
42000000	118000000	667.3122
43000000	118000000	1228.7968
44000000	118000000	627.2639
45000000	118000000	464.32916
46000000	118000000	266.57407
49000000	118000000	1411.8615
50000000	118000000	1390.3018
51000000	118000000	1238.9762
52000000	118000000	1554.193
53000000	118000000	1423.9368
54000000	118000000	1452.9723
55000000	118000000	1632.7023
56000000	118000000	1412.0736
57000000	118000000	1020.62103
58000000	118000000	1356.5876
59000000	118000000	1581.8032
60000000	118000000	1675.1274
61000000	118000000	1904.8265
62000000	118000000	1374.27
63000000	118000000	1701.7014
64000000	118000000	2708.2134
65000000	118000000	2017.7542
66000000	118000000	1363.0685
67000000	118000000	1629.4165
68000000	118000000	1642.3757
69000000	118000000	NaN
70000000	118000000	1153.369
71000000	118000000	1476.7145
72000000	118000000	1479.747
73000000	118000000	1348.318
74000000	118000000	1523.5177
75000000	118000000	1498.6177
76000000	118000000	1507.5577
77000000	118000000	1963.0004
78000000	118000000	1930.9624
79000000	118000000	1878.683
80000000	118000000	2573.4526
81000000	118000000	2681.7556
82000000	118000000	3180.6172
83000000	118000000	2661.4836
84000000	118000000	2256.4993
85000000	118000000	2628.7983
86000000	118000000	3435.507
87000000	118000000	2687.302
88000000	118000000	3767.9353
89000000	118000000	3241.4192
90000000	118000000	3711.2747
91000000	118000000	2749.8044
92000000	118000000	3171.6252
93000000	118000000	4154.157
94000000	118000000	4734.265
95000000	118000000	4313.134
96000000	118000000	4841.575
97000000	118000000	3306.4993
98000000	118000000	4615.9624
99000000	118000000	4245.408
100000000	118000000	5559.812
101000000	118000000	4574.7617
102000000	118000000	7096.307
103000000	118000000	4664.454
104000000	118000000	4481.1543
105000000	118000000	4991.6104
106000000	118000000	6316.797
107000000	118000000	6353.7827
108000000	118000000	6731.0854
109000000	118000000	5657.206
110000000	118000000	9188.539
111000000	118000000	8512.875
112000000	118000000	11682.821
113000000	118000000	9994.969
114000000	118000000	17262.791
115000000	118000000	30289.422
116000000	118000000	40240.688
117000000	118000000	103171.96
118000000	118000000	475743.75
0	119000000	278.38422
1000000	119000000	226.5385
2000000	119000000	318.7544
3000000	119000000	288.82947
4000000	119000000	319.26212
5000000	119000000	336.06445
6000000	119000000	285.9156
7000000	119000000	394.8203
8000000	119000000	438.05896
9000000	119000000	376.43323
10000000	119000000	341.1377
11000000	119000000	499.00174
12000000	119000000	525.2516
13000000	119000000	524.76294
14000000	119000000	377.86642
15000000	119000000	470.2765
16000000	119000000	442.55206
17000000	119000000	418.25208
18000000	119000000	604.99347
19000000	119000000	695.5285
20000000	119000000	719.4823
21000000	119000000	706.04144
22000000	119000000	778.6849
23000000	119000000	769.58636
24000000	119000000	700.7273
25000000	119000000	703.0418
26000000	119000000	685.3841
27000000	119000000	810.3292
28000000	119000000	802.24316
29000000	119000000	856.6371
30000000	119000000	863.69714
31000000	119000000	597.78827
32000000	119000000	476.2272
33000000	119000000	481.1578
34000000	119000000	403.25278
35000000	119000000	485.6954
36000000	119000000	493.68036
37000000	119000000	391.2438
38000000	119000000	573.5706
39000000	119000000	678.3902
40000000	119000000	710.76666
41000000	119000000	806.557
42000000	119000000	831.2504
43000000	119000000	670.8045
44000000	119000000	868.68396
45000000	119000000	711.6652
46000000	119000000	443.0818
49000000	119000000	987.76276
50000000	119000000	1977.219
51000000	119000000	2333.1675
52000000	119000000	1592.8096
53000000	119000000	1328.2423
54000000	119000000	918.0085
55000000	119000000	591.1535
56000000	119000000	990.11523
57000000	119000000	1767.6238
58000000	119000000	1646.7317
59000000	119000000	1408.6365
60000000	119000000	1303.3878
61000000	119000000	1703.0402
62000000	119000000	2578.4065
63000000	119000000	2642.572
64000000	119000000	1327.8606
65000000	119000000	1205.8029
66000000	119000000	1439.9202
67000000	119000000	1120.5131
68000000	119000000	853.0525
69000000	119000000	NaN
70000000	119000000	701.0752
71000000	119000000	998.6516
72000000	119000000	1049.4886
73000000	119000000	868.6525
74000000	119000000	913.3481
75000000	119000000	818.7545
76000000	119000000	896.276
77000000	119000000	651.08923
78000000	119000000	795.9201
79000000	119000000	1093.5149
80000000	119000000	1305.2964
81000000	119000000	1939.4498
82000000	119000000	2349.628
83000000	119000000	3427.1873
84000000	119000000	4229.0205
85000000	119000000	4368.172
86000000	119000000	3222.4507
87000000	119000000	3943.942
88000000	119000000	1507.4952
89000000	119000000	2257.5435
90000000	119000000	4233.3936
91000000	119000000	5422.107
92000000	119000000	4417.075
93000000	119000000	3741.4802
94000000	119000000	2811.7874
95000000	119000000	2337.0022
96000000	119000000	2440.1995
97000000	119000000	4630.8286
98000000	119000000	4857.492
99000000	119000000	5724.7144
100000000	119000000	4987.0796
101000000	119000000	7756.048
102000000	119000000	5456.1636
103000000	119000000	8091.876
104000000	119000000	8699.972
105000000	119000000	7732.6235
106000000	119000000	5578.2144
107000000	119000000	5551.503
108000000	119000000	4166.4385
109000000	119000000	8191.1206
110000000	119000000	6050.1655
111000000	119000000	5471.5493
112000000	119000000	7883.8613
113000000	119000000	12792.047
114000000	119000000	11730.339
115000000	119000000	12910.896
116000000	119000000	24319.654
117000000	119000000	52562.754
118000000	119000000	96289.59
119000000	119000000	470522.25
0	120000000	258.7533
1000000	120000000	190.48769
2000000	120000000	258.3416
3000000	120000000	328.43552
4000000	120000000	303.3951
5000000	120000000	313.64688
6000000	120000000	302.70663
7000000	120000000	409.06512
8000000	120000000	427.42474
9000000	120000000	368.50748
10000000	120000000	335.06677
11000000	120000000	424.90036
12000000	120000000	566.20197
13000000	120000000	509.3145
14000000	120000000	379.3995
15000000	120000000	477.30173
16000000	120000000	449.8233
17000000	120000000	354.5528
18000000	120000000	511.62656
19000000	120000000	694.3186
20000000	120000000	758.3047
21000000	120000000	714.85205
22000000	120000000	811.22894
23000000	120000000	714.1443
24000000	120000000	711.25183
25000000	120000000	704.4933
26000000	120000000	733.2979
27000000	120000000	729.2147
28000000	120000000	735.7736
29000000	120000000	900.9143
30000000	120000000	802.0097
31000000	120000000	527.1374
32000000	120000000	410.50656
33000000	120000000	417.89133
34000000	120000000	400.39252
35000000	120000000	453.17584
36000000	120000000	437.20126
37000000	120000000	359.0228
38000000	120000000	580.0326
39000000	120000000	711.1876
40000000	120000000	660.2193
41000000	120000000	799.6594
42000000	120000000	791.53345
43000000	120000000	556.07684
44000000	120000000	857.97125
45000000	120000000	695.2759
46000000	120000000	369.5348
49000000	120000000	931.481
50000000	120000000	1990.3896
51000000	120000000	2461.1318
52000000	120000000	1582.1613
53000000	120000000	1210.7025
54000000	120000000	882.0615
55000000	120000000	569.43066
56000000	120000000	930.9709
57000000	120000000	1858.3115
58000000	120000000	1626.101
59000000	120000000	1408.7013
60000000	120000000	1251.7986
61000000	120000000	1560.2533
62000000	120000000	2660.7805
63000000	120000000	2604.335
64000000	120000000	1169.3954
65000000	120000000	1129.6191
66000000	120000000	1318.0203
67000000	120000000	949.54443
68000000	120000000	755.0353
69000000	120000000	NaN
70000000	120000000	599.42194
71000000	120000000	926.5747
72000000	120000000	973.7426
73000000	120000000	836.33386
74000000	120000000	859.6709
75000000	120000000	767.06085
76000000	120000000	793.5754
77000000	120000000	575.26135
78000000	120000000	759.50366
79000000	120000000	935.74475
80000000	120000000	1175.994
81000000	120000000	1755.8837
82000000	120000000	2216.1953
83000000	120000000	3515.187
84000000	120000000	4470.6987
85000000	120000000	4369.8013
86000000	120000000	3184.582
87000000	120000000	4207.2583
88000000	120000000	1429.6165
89000000	120000000	2345.0442
90000000	120000000	3946.2698
91000000	120000000	5775.651
92000000	120000000	4733.832
93000000	120000000	3747.098
94000000	120000000	2500.6477
95000000	120000000	2121.7842
96000000	120000000	2455.689
97000000	120000000	4831.7246
98000000	120000000	4505.3955
99000000	120000000	5834.3413
100000000	120000000	4972.5625
101000000	120000000	7743.2705
102000000	120000000	5159.9443
103000000	120000000	8333.659
104000000	120000000	8911.612
105000000	120000000	8040.3394
106000000	120000000	5452.4297
107000000	120000000	5221.0874
108000000	120000000	3747.792
109000000	120000000	8168.1143
110000000	120000000	5626.4917
111000000	120000000	4918.1167
112000000	120000000	6543.0327
113000000	120000000	11183.361
114000000	120000000	9403.497
115000000	120000000	9148.855
116000000	120000000	15333.777
117000000	120000000	25138.523
118000000	120000000	23292.021
119000000	120000000	90797.05
120000000	120000000	483993.38
0	121000000	300.0906
1000000	121000000	265.36362
2000000	121000000	277.1482
3000000	121000000	248.42091
4000000	121000000	263.98663
5000000	121000000	323.68817
6000000	121000000	299.44794
7000000	121000000	332.66946
8000000	121000000	322.91928
9000000	121000000	405.3422
10000000	121000000	402.03815
11000000	121000000	405.847
12000000	121000000	417.70758
13000000	121000000	430.9414
14000000	121000000	481.30072
15000000	121000000	434.33432
16000000	121000000	437.38846
17000000	121000000	397.20096
18000000	121000000	521.142
19000000	121000000	619.48474
20000000	121000000	559.36304
21000000	121000000	536.2718
22000000	121000000	675.3014
23000000	121000000	671.7627
24000000	121000000	575.91235
25000000	121000000	574.67487
26000000	121000000	586.2664
27000000	121000000	719.106
28000000	121000000	575.2525
29000000	121000000	664.4807
30000000	121000000	633.8875
31000000	121000000	596.26416
32000000	121000000	440.7084
33000000	121000000	519.309
34000000	121000000	481.80847
35000000	121000000	491.69748
36000000	121000000	489.0084
37000000	121000000	486.99792
38000000	121000000	590.4948
39000000	121000000	586.50726
40000000	121000000	638.3788
41000000	121000000	679.6799
42000000	121000000	761.884
43000000	121000000	669.4907
44000000	121000000	740.0283
45000000	121000000	643.2887
46000000	121000000	347.9725
49000000	121000000	1073.725
50000000	121000000	1630.6996
51000000	121000000	1795.2557
52000000	121000000	1633.4142
53000000	121000000	1327.8615
54000000	121000000	1143.2471
55000000	121000000	792.4202
56000000	121000000	1099.625
57000000	121000000	1561.0538
58000000	121000000	1675.5938
59000000	121000000	1587.823
60000000	121000000	1374.8872
61000000	121000000	1717.5142
62000000	121000000	1967.0074
63000000	121000000	2151.0278
64000000	121000000	1481.826
65000000	121000000	1390.7354
66000000	121000000	1379.2661
67000000	121000000	1031.0721
68000000	121000000	890.7275
70000000	121000000	684.85065
71000000	121000000	1062.8281
72000000	121000000	1098.2217
73000000	121000000	903.114
74000000	121000000	928.1702
75000000	121000000	925.7252
76000000	121000000	971.5355
77000000	121000000	843.5178
78000000	121000000	1048.6581
79000000	121000000	1191.6229
80000000	121000000	1633.8229
81000000	121000000	1960.3546
82000000	121000000	2399.7737
83000000	121000000	2935.3809
84000000	121000000	3322.904
85000000	121000000	3558.8872
86000000	121000000	3064.9856
87000000	121000000	3637.915
88000000	121000000	1966.0264
89000000	121000000	2501.2698
90000000	121000000	3957.9119
91000000	121000000	4404.0996
92000000	121000000	3949.8699
93000000	121000000	3732.5408
94000000	121000000	3175.0042
95000000	121000000	2633.7249
96000000	121000000	2775.0344
97000000	121000000	3854.3557
98000000	121000000	4255.9336
99000000	121000000	4827.924
100000000	121000000	4465.668
101000000	121000000	6210.164
102000000	121000000	5584.945
103000000	121000000	6529.897
104000000	121000000	7036.846
105000000	121000000	6343.0713
106000000	121000000	5708.501
107000000	121000000	5865.856
108000000	121000000	4357.46
109000000	121000000	6591.9653
110000000	121000000	5864.485
111000000	121000000	4955.326
112000000	121000000	6624.0493
113000000	121000000	8658.584
114000000	121000000	8268.294
115000000	121000000	8737.395
116000000	121000000	11307.114
117000000	121000000	15533.967
118000000	121000000	20107.809
119000000	121000000	41880.348
120000000	121000000	107919.27
121000000	121000000	416595.78
0	122000000	415.61572
1000000	122000000	380.06232
2000000	122000000	264.9122
3000000	122000000	241.51541
4000000	122000000	239.78708
5000000	122000000	336.3765
6000000	122000000	402.5932
7000000	122000000	349.2977
8000000	122000000	333.8765
9000000	122000000	402.78607
10000000	122000000	508.9925
11000000	122000000	370.9951
12000000	122000000	362.41183
13000000	122000000	385.38556
14000000	122000000	694.02045
15000000	122000000	370.71704
16000000	122000000	439.92273
17000000	122000000	445.71533
18000000	122000000	424.3336
19000000	122000000	504.4677
20000000	122000000	461.09564
21000000	122000000	490.0689
22000000	122000000	553.9073
23000000	122000000	599.1384
24000000	122000000	465.69293
25000000	122000000	495.37384
26000000	122000000	427.81516
27000000	122000000	539.1171
28000000	122000000	542.861
29000000	122000000	514.34454
30000000	122000000	533.4529
31000000	122000000	708.2089
32000000	122000000	659.5471
33000000	122000000	532.28253
34000000	122000000	510.22186
35000000	122000000	547.26904
36000000	122000000	648.8281
37000000	122000000	656.8415
38000000	122000000	559.9664
39000000	122000000	619.3258
40000000	122000000	643.24304
41000000	122000000	654.6957
42000000	122000000	640.5112
43000000	122000000	817.1931
44000000	122000000	692.4109
45000000	122000000	490.43588
46000000	122000000	256.37872
49000000	122000000	1113.3419
50000000	122000000	1346.7477
51000000	122000000	1298.2465
52000000	122000000	1566.41
53000000	122000000	1492.9913
54000000	122000000	1410.8918
55000000	122000000	1213.2441
56000000	122000000	1313.9515
57000000	122000000	1243.6077
58000000	122000000	1633.5736
59000000	122000000	1611.9875
60000000	122000000	1600.7155
61000000	122000000	1791.4952
62000000	122000000	1552.4644
63000000	122000000	1724.4415
64000000	122000000	1844.0488
65000000	122000000	1697.0499
66000000	122000000	1428.507
67000000	122000000	1252.7803
68000000	122000000	1261.0825
69000000	122000000	NaN
70000000	122000000	1035.347
71000000	122000000	1395.4277
72000000	122000000	1391.7773
73000000	122000000	1263.3035
74000000	122000000	1323.8037
75000000	122000000	1214.9388
76000000	122000000	1384.3934
77000000	122000000	1462.8545
78000000	122000000	1477.2534
79000000	122000000	1726.2089
80000000	122000000	2190.4697
81000000	122000000	2215.0056
82000000	122000000	2476.147
83000000	122000000	2503.9731
84000000	122000000	2444.3904
85000000	122000000	2650.2734
86000000	122000000	2998.5718
87000000	122000000	2989.7437
88000000	122000000	2742.029
89000000	122000000	2762.8179
90000000	122000000	3501.9316
91000000	122000000	3045.4766
92000000	122000000	3306.9963
93000000	122000000	3626.718
94000000	122000000	3873.5398
95000000	122000000	3342.5176
96000000	122000000	3449.168
97000000	122000000	3233.422
98000000	122000000	4023.3645
99000000	122000000	4152.327
100000000	122000000	4268.1426
101000000	122000000	4655.591
102000000	122000000	5942.662
103000000	122000000	4879.591
104000000	122000000	4913.2764
105000000	122000000	4938.9507
106000000	122000000	5644.0474
107000000	122000000	5610.471
108000000	122000000	4716.675
109000000	122000000	5322.471
110000000	122000000	5691.0767
111000000	122000000	5274.4844
112000000	122000000	6805.9927
113000000	122000000	6190.7354
114000000	122000000	6951.456
115000000	122000000	7914.967
116000000	122000000	8072.344
117000000	122000000	8897.248
118000000	122000000	14186.657
119000000	122000000	16697.053
120000000	122000000	26950.748
121000000	122000000	128897.91
122000000	122000000	440774.84
0	123000000	334.5013
1000000	123000000	325.38547
2000000	123000000	291.40723
3000000	123000000	271.05267
4000000	123000000	275.5183
5000000	123000000	330.21906
6000000	123000000	368.39017
7000000	123000000	348.81845
8000000	123000000	346.9803
9000000	123000000	384.99313
10000000	123000000	442.41632
11000000	123000000	374.55707
12000000	123000000	364.3246
13000000	123000000	415.2283
14000000	123000000	517.07367
15000000	123000000	393.3658
16000000	123000000	377.77298
17000000	123000000	457.76373
18000000	123000000	458.6007
19000000	123000000	481.58026
20000000	123000000	533.0059
21000000	123000000	535.8509
22000000	123000000	557.1671
23000000	123000000	579.34576
24000000	123000000	581.3523
25000000	123000000	505.93674
26000000	123000000	532.48895
27000000	123000000	592.17163
28000000	123000000	497.57355
29000000	123000000	582.2005
30000000	123000000	575.8241
31000000	123000000	501.13657
32000000	123000000	533.0305
33000000	123000000	503.89825
34000000	123000000	460.4252
35000000	123000000	540.02496
36000000	123000000	497.19513
37000000	123000000	525.5238
38000000	123000000	476.10602
39000000	123000000	516.6667
40000000	123000000	583.9988
41000000	123000000	518.03015
42000000	123000000	538.5347
43000000	123000000	653.2339
44000000	123000000	652.7231
45000000	123000000	548.4544
46000000	123000000	311.49612
49000000	123000000	924.293
50000000	123000000	1128.5636
51000000	123000000	1232.5173
52000000	123000000	1172.0969
53000000	123000000	1228.0996
54000000	123000000	1099.8966
55000000	123000000	988.52454
56000000	123000000	1027.3774
57000000	123000000	1155.5981
58000000	123000000	1294.0287
59000000	123000000	1287.0459
60000000	123000000	1217.53
61000000	123000000	1351.7042
62000000	123000000	1439.0789
63000000	123000000	1462.4589
64000000	123000000	1308.736
65000000	123000000	1292.5323
66000000	123000000	1315.6292
67000000	123000000	1183.8878
68000000	123000000	953.6042
69000000	123000000	NaN
70000000	123000000	681.8375
71000000	123000000	1067.3435
72000000	123000000	1145.933
73000000	123000000	1138.055
74000000	123000000	1104.8591
75000000	123000000	1063.8638
76000000	123000000	1095.6431
77000000	123000000	1052.5576
78000000	123000000	1163.662
79000000	123000000	1333.5024
80000000	123000000	1530.8239
81000000	123000000	1745.6096
82000000	123000000	1900.4214
83000000	123000000	2043.8104
84000000	123000000	2206.0884
85000000	123000000	2289.7307
86000000	123000000	2184.321
87000000	123000000	2228.6936
88000000	123000000	1964.6165
89000000	123000000	1991.3992
90000000	123000000	2544.7048
91000000	123000000	2875.2913
92000000	123000000	2699.527
93000000	123000000	2742.1099
94000000	123000000	2647.5415
95000000	123000000	2352.6565
96000000	123000000	2359.3213
97000000	123000000	2879.2007
98000000	123000000	2877.2053
99000000	123000000	3244.335
100000000	123000000	3321.8025
101000000	123000000	3861.4102
102000000	123000000	3778.385
103000000	123000000	4419.9604
104000000	123000000	4592.448
105000000	123000000	4233.1084
106000000	123000000	3965.4995
107000000	123000000	3855.595
108000000	123000000	3150.3635
109000000	123000000	4263.839
110000000	123000000	3878.5667
111000000	123000000	3768.8938
112000000	123000000	3962.0864
113000000	123000000	4952.2866
114000000	123000000	4746.762
115000000	123000000	4808.981
116000000	123000000	5391.132
117000000	123000000	6451.4062
118000000	123000000	6898.345
119000000	123000000	9727.464
120000000	123000000	14249.485
121000000	123000000	25647.877
122000000	123000000	65135.824
123000000	123000000	463782.4
0	124000000	412.178
1000000	124000000	417.56415
2000000	124000000	256.49478
3000000	124000000	249.66579
4000000	124000000	251.55118
5000000	124000000	345.54153
6000000	124000000	383.89212
7000000	124000000	338.73038
8000000	124000000	340.96634
9000000	124000000	377.0185
10000000	124000000	506.65024
11000000	124000000	361.0641
12000000	124000000	351.29147
13000000	124000000	382.2459
14000000	124000000	598.6364
15000000	124000000	384.2281
16000000	124000000	396.91663
17000000	124000000	449.0602
18000000	124000000	441.4457
19000000	124000000	488.95795
20000000	124000000	490.69547
21000000	124000000	502.35876
22000000	124000000	527.62103
23000000	124000000	599.4132
24000000	124000000	476.86673
25000000	124000000	518.6923
26000000	124000000	423.33423
27000000	124000000	500.43243
28000000	124000000	461.43106
29000000	124000000	519.4201
30000000	124000000	474.66382
31000000	124000000	590.8752
32000000	124000000	580.85144
33000000	124000000	598.631
34000000	124000000	468.68985
35000000	124000000	529.1888
36000000	124000000	532.097
37000000	124000000	608.66254
38000000	124000000	466.2897
39000000	124000000	474.66437
40000000	124000000	627.79724
41000000	124000000	626.76105
42000000	124000000	525.57477
43000000	124000000	730.9547
44000000	124000000	597.1679
45000000	124000000	452.03152
46000000	124000000	235.18411
49000000	124000000	1174.1328
50000000	124000000	1074.3596
51000000	124000000	1033.1807
52000000	124000000	1149.2556
53000000	124000000	1193.271
54000000	124000000	1157.9526
55000000	124000000	1156.1985
56000000	124000000	1115.738
57000000	124000000	1076.0239
58000000	124000000	1267.0762
59000000	124000000	1456.8491
60000000	124000000	1353.73
61000000	124000000	1418.9292
62000000	124000000	1212.234
63000000	124000000	1466.6128
64000000	124000000	1598.262
65000000	124000000	1454.9098
66000000	124000000	1289.0273
67000000	124000000	1300.691
68000000	124000000	1070.8652
69000000	124000000	NaN
70000000	124000000	788.514
71000000	124000000	1190.8685
72000000	124000000	1154.2529
73000000	124000000	1175.4781
74000000	124000000	1203.3754
75000000	124000000	1290.6205
76000000	124000000	1242.606
77000000	124000000	1374.4749
78000000	124000000	1468.9381
79000000	124000000	1430.9938
80000000	124000000	1860.2395
81000000	124000000	1895.6631
82000000	124000000	2087.3792
83000000	124000000	1982.6929
84000000	124000000	1975.4685
85000000	124000000	1907.2375
86000000	124000000	2330.0312
87000000	124000000	2274.0437
88000000	124000000	2497.5952
89000000	124000000	2289.3733
90000000	124000000	2654.8977
91000000	124000000	2485.099
92000000	124000000	2508.5652
93000000	124000000	2815.6116
94000000	124000000	3047.9775
95000000	124000000	2930.1394
96000000	124000000	2852.4966
97000000	124000000	2700.4736
98000000	124000000	2825.168
99000000	124000000	3060.286
100000000	124000000	3412.0122
101000000	124000000	3435.7705
102000000	124000000	4208.3823
103000000	124000000	3816.9958
104000000	124000000	3661.1694
105000000	124000000	3785.6526
106000000	124000000	4279.9746
107000000	124000000	4058.301
108000000	124000000	3806.7622
109000000	124000000	3867.5417
110000000	124000000	4296.8135
111000000	124000000	4046.9846
112000000	124000000	4360.877
113000000	124000000	4231.526
114000000	124000000	4732.885
115000000	124000000	5290.0107
116000000	124000000	5136.589
117000000	124000000	5358.935
118000000	124000000	7805.1924
119000000	124000000	7694.2144
120000000	124000000	10391.631
121000000	124000000	18453.629
122000000	124000000	43966.246
123000000	124000000	201413.72
124000000	124000000	479154.38
0	125000000	360.0607
1000000	125000000	322.05347
2000000	125000000	297.33932
3000000	125000000	277.55466
4000000	125000000	247.15292
5000000	125000000	328.82513
6000000	125000000	338.90826
7000000	125000000	382.7753
8000000	125000000	381.66483
9000000	125000000	395.19217
10000000	125000000	440.7849
11000000	125000000	422.32703
12000000	125000000	447.94904
13000000	125000000	456.27304
14000000	125000000	524.5441
15000000	125000000	467.69766
16000000	125000000	457.53583
17000000	125000000	451.8019
18000000	125000000	523.02185
19000000	125000000	600.4531
20000000	125000000	617.2643
21000000	125000000	657.8133
22000000	125000000	682.7233
23000000	125000000	655.417
24000000	125000000	566.82104
25000000	125000000	546.46063
26000000	125000000	612.90234
27000000	125000000	680.56854
28000000	125000000	623.6616
29000000	125000000	638.2315
30000000	125000000	691.10925
31000000	125000000	625.96
32000000	125000000	503.76205
33000000	125000000	506.3411
34000000	125000000	504.36307
35000000	125000000	465.35913
36000000	125000000	534.19214
37000000	125000000	533.3678
38000000	125000000	548.46765
39000000	125000000	589.5559
40000000	125000000	643.5197
41000000	125000000	610.7025
42000000	125000000	662.84656
43000000	125000000	719.77795
44000000	125000000	749.9781
45000000	125000000	548.6171
46000000	125000000	372.12964
49000000	125000000	829.58905
50000000	125000000	1348.056
51000000	125000000	1429.4749
52000000	125000000	1344.674
53000000	125000000	1199.6329
54000000	125000000	1124.4207
55000000	125000000	833.0653
56000000	125000000	992.9395
57000000	125000000	1353.342
58000000	125000000	1389.1367
59000000	125000000	1361.9137
60000000	125000000	1258.07
61000000	125000000	1454.7844
62000000	125000000	1609.4895
63000000	125000000	1718.36
64000000	125000000	1294.5913
65000000	125000000	1304.1686
66000000	125000000	1260.1783
67000000	125000000	1028.7714
68000000	125000000	976.47906
69000000	125000000	NaN
70000000	125000000	756.3761
71000000	125000000	1106.3264
72000000	125000000	1147.9519
73000000	125000000	1001.38074
74000000	125000000	1057.1588
75000000	125000000	1018.5966
76000000	125000000	1048.9911
77000000	125000000	951.00555
78000000	125000000	1113.5132
79000000	125000000	1380.7522
80000000	125000000	1551.9885
81000000	125000000	1706.3582
82000000	125000000	1833.5049
83000000	125000000	2417.326
84000000	125000000	2706.7268
85000000	125000000	2739.8682
86000000	125000000	2531.5583
87000000	125000000	2733.1526
88000000	125000000	1790.0881
89000000	125000000	1940.8839
90000000	125000000	2843.1816
91000000	125000000	3347.9873
92000000	125000000	3111.6216
93000000	125000000	2951.7817
94000000	125000000	2748.6914
95000000	125000000	2295.9888
96000000	125000000	2423.8257
97000000	125000000	2974.5054
98000000	125000000	3427.3083
99000000	125000000	3971.706
100000000	125000000	3757.5352
101000000	125000000	4752.2007
102000000	125000000	4352.765
103000000	125000000	5028.154
104000000	125000000	5047.676
105000000	125000000	4832.7563
106000000	125000000	4221.8687
107000000	125000000	4238.6567
108000000	125000000	3290.4143
109000000	125000000	4725.3223
110000000	125000000	4141.0146
111000000	125000000	3861.0647
112000000	125000000	4712.258
113000000	125000000	5546.597
114000000	125000000	4924.039
115000000	125000000	5000.202
116000000	125000000	5789.194
117000000	125000000	7241.161
118000000	125000000	7357.573
119000000	125000000	11324.205
120000000	125000000	16066.091
121000000	125000000	25246.191
122000000	125000000	44288.227
123000000	125000000	93728.836
124000000	125000000	99132.36
125000000	125000000	421949.0
0	126000000	537.8418
1000000	126000000	491.6488
2000000	126000000	229.30966
3000000	126000000	226.07112
4000000	126000000	216.55061
5000000	126000000	368.48846
6000000	126000000	492.08954
7000000	126000000	369.51346
8000000	126000000	322.3008
9000000	126000000	395.38358
10000000	126000000	659.1349
11000000	126000000	397.46225
12000000	126000000	340.723
13000000	126000000	345.5949
14000000	126000000	736.72406
15000000	126000000	353.12686
16000000	126000000	432.54572
17000000	126000000	508.97345
18000000	126000000	452.98035
19000000	126000000	466.12836
20000000	126000000	448.40283
21000000	126000000	546.6522
22000000	126000000	583.58167
23000000	126000000	579.22363
24000000	126000000	452.45685
25000000	126000000	449.1814
26000000	126000000	465.33975
27000000	126000000	500.59836
28000000	126000000	475.2666
29000000	126000000	480.2441
30000000	126000000	418.6203
31000000	126000000	679.82916
32000000	126000000	732.5373
33000000	126000000	620.38495
34000000	126000000	591.9256
35000000	126000000	620.375
36000000	126000000	703.9976
37000000	126000000	764.18085
38000000	126000000	545.69196
39000000	126000000	492.80338
40000000	126000000	697.20874
41000000	126000000	648.85315
42000000	126000000	613.647
43000000	126000000	996.52
44000000	126000000	604.70276
45000000	126000000	476.75223
46000000	126000000	282.61044
49000000	126000000	1058.2896
50000000	126000000	1146.8333
51000000	126000000	1117.3234
52000000	126000000	1425.2404
53000000	126000000	1381.9348
54000000	126000000	1447.6276
55000000	126000000	1457.9974
56000000	126000000	1323.2917
57000000	126000000	1002.88135
58000000	126000000	1280.2982
59000000	126000000	1498.5242
60000000	126000000	1544.8519
61000000	126000000	1741.0306
62000000	126000000	1215.7681
63000000	126000000	1416.9845
64000000	126000000	1924.4819
65000000	126000000	1743.3628
66000000	126000000	1311.5337
67000000	126000000	1414.8934
68000000	126000000	1424.7073
69000000	126000000	NaN
70000000	126000000	1130.7814
71000000	126000000	1504.3916
72000000	126000000	1473.7404
73000000	126000000	1359.5795
74000000	126000000	1575.4025
75000000	126000000	1426.1814
76000000	126000000	1543.9982
77000000	126000000	1655.3324
78000000	126000000	1741.5297
79000000	126000000	1874.4932
80000000	126000000	2245.1233
81000000	126000000	2193.2483
82000000	126000000	2275.7583
83000000	126000000	2117.9385
84000000	126000000	1949.6669
85000000	126000000	2115.8555
86000000	126000000	2684.9993
87000000	126000000	2213.01
88000000	126000000	2851.5793
89000000	126000000	2378.0598
90000000	126000000	2829.15
91000000	126000000	2258.9832
92000000	126000000	2503.1265
93000000	126000000	3312.6282
94000000	126000000	3737.1467
95000000	126000000	3581.538
96000000	126000000	3691.1233
97000000	126000000	2613.3254
98000000	126000000	3673.9907
99000000	126000000	3446.909
100000000	126000000	4080.509
101000000	126000000	3498.349
102000000	126000000	5342.681
103000000	126000000	3658.4153
104000000	126000000	3412.5105
105000000	126000000	3796.2722
106000000	126000000	4743.3076
107000000	126000000	4520.0205
108000000	126000000	4311.8633
109000000	126000000	3749.972
110000000	126000000	4918.899
111000000	126000000	4798.5767
112000000	126000000	5849.644
113000000	126000000	4294.6157
114000000	126000000	5276.334
115000000	126000000	5999.111
116000000	126000000	5413.311
117000000	126000000	5414.172
118000000	126000000	9700.05
119000000	126000000	7727.034
120000000	126000000	9596.802
121000000	126000000	14802.883
122000000	126000000	23396.533
123000000	126000000	20402.566
124000000	126000000	23457.285
125000000	126000000	106735.74
126000000	126000000	467033.97
0	127000000	396.79016
1000000	127000000	397.11813
2000000	127000000	285.8996
3000000	127000000	257.11234
4000000	127000000	249.97462
5000000	127000000	350.20975
6000000	127000000	391.37057
7000000	127000000	418.28357
8000000	127000000	412.16458
9000000	127000000	499.54477
10000000	127000000	546.265
11000000	127000000	431.97644
12000000	127000000	468.68054
13000000	127000000	416.30228
14000000	127000000	587.36945
15000000	127000000	418.5041
16000000	127000000	507.91354
17000000	127000000	496.32422
18000000	127000000	523.20636
19000000	127000000	626.98804
20000000	127000000	598.2015
21000000	127000000	649.2297
22000000	127000000	705.1316
23000000	127000000	671.3007
24000000	127000000	601.0793
25000000	127000000	584.1214
26000000	127000000	573.3941
27000000	127000000	622.8314
28000000	127000000	641.1619
29000000	127000000	624.8341
30000000	127000000	611.7801
31000000	127000000	698.7819
32000000	127000000	647.84814
33000000	127000000	559.19385
34000000	127000000	536.4998
35000000	127000000	606.5918
36000000	127000000	682.38074
37000000	127000000	632.8168
38000000	127000000	549.6884
39000000	127000000	618.69586
40000000	127000000	731.72577
41000000	127000000	747.53595
42000000	127000000	764.6012
43000000	127000000	894.09467
44000000	127000000	722.27747
45000000	127000000	563.6026
46000000	127000000	315.9902
49000000	127000000	1110.5706
50000000	127000000	1432.0134
51000000	127000000	1362.9811
52000000	127000000	1517.4675
53000000	127000000	1313.3846
54000000	127000000	1224.2416
55000000	127000000	1070.7024
56000000	127000000	1110.7515
57000000	127000000	1304.5656
58000000	127000000	1343.514
59000000	127000000	1416.19
60000000	127000000	1451.2377
61000000	127000000	1658.3693
62000000	127000000	1627.8818
63000000	127000000	1821.461
64000000	127000000	1788.9856
65000000	127000000	1476.5894
66000000	127000000	1302.8772
67000000	127000000	1164.7764
68000000	127000000	1056.0104
69000000	127000000	NaN
70000000	127000000	848.1152
71000000	127000000	1182.7618
72000000	127000000	1183.3774
73000000	127000000	1069.0883
74000000	127000000	1223.1191
75000000	127000000	1084.5966
76000000	127000000	1110.7944
77000000	127000000	1240.3895
78000000	127000000	1226.8298
79000000	127000000	1413.9514
80000000	127000000	1796.7166
81000000	127000000	2067.5378
82000000	127000000	2464.6401
83000000	127000000	2589.19
84000000	127000000	2555.4834
85000000	127000000	2748.3293
86000000	127000000	2827.1448
87000000	127000000	2826.535
88000000	127000000	2448.4077
89000000	127000000	2310.2847
90000000	127000000	3167.1768
91000000	127000000	3266.4248
92000000	127000000	3161.5613
93000000	127000000	3423.434
94000000	127000000	3230.6418
95000000	127000000	2730.497
96000000	127000000	3080.1074
97000000	127000000	3311.8958
98000000	127000000	3781.8562
99000000	127000000	4128.5757
100000000	127000000	4429.5156
101000000	127000000	4697.8647
102000000	127000000	5224.6367
103000000	127000000	4908.125
104000000	127000000	4975.4126
105000000	127000000	4568.827
106000000	127000000	4711.746
107000000	127000000	4544.6562
108000000	127000000	4214.1084
109000000	127000000	4594.962
110000000	127000000	4743.0757
111000000	127000000	4413.486
112000000	127000000	5133.4233
113000000	127000000	5192.275
114000000	127000000	5246.391
115000000	127000000	5579.078
116000000	127000000	5933.3516
117000000	127000000	6592.5254
118000000	127000000	8282.16
119000000	127000000	9152.216
120000000	127000000	11195.129
121000000	127000000	13355.1045
122000000	127000000	15004.476
123000000	127000000	12321.268
124000000	127000000	12880.474
125000000	127000000	29844.666
126000000	127000000	110893.83
127000000	127000000	474477.5
0	128000000	272.4225
1000000	128000000	259.31537
2000000	128000000	325.84247
3000000	128000000	304.5097
4000000	128000000	288.30695
5000000	128000000	408.67545
6000000	128000000	358.3969
7000000	128000000	442.42206
8000000	128000000	508.28653
9000000	128000000	422.8757
10000000	128000000	392.08136
11000000	128000000	521.33765
12000000	128000000	574.67584
13000000	128000000	537.20404
14000000	128000000	439.88156
15000000	128000000	537.4427
16000000	128000000	517.5664
17000000	128000000	482.1081
18000000	128000000	642.5233
19000000	128000000	718.75146
20000000	128000000	757.06903
21000000	128000000	752.0231
22000000	128000000	881.6686
23000000	128000000	776.1749
24000000	128000000	719.06213
25000000	128000000	705.4014
26000000	128000000	707.37134
27000000	128000000	800.67706
28000000	128000000	830.8768
29000000	128000000	796.7634
30000000	128000000	862.44965
31000000	128000000	624.40753
32000000	128000000	484.0501
33000000	128000000	565.3178
34000000	128000000	534.4797
35000000	128000000	491.93887
36000000	128000000	518.18884
37000000	128000000	464.28482
38000000	128000000	627.9462
39000000	128000000	785.95294
40000000	128000000	703.44794
41000000	128000000	843.80304
42000000	128000000	816.9368
43000000	128000000	694.4784
44000000	128000000	934.48376
45000000	128000000	768.9988
46000000	128000000	327.52182
49000000	128000000	983.6113
50000000	128000000	1731.039
51000000	128000000	2129.1978
52000000	128000000	1578.7448
53000000	128000000	1277.4475
54000000	128000000	957.59595
55000000	128000000	638.08105
56000000	128000000	953.0379
57000000	128000000	1801.7015
58000000	128000000	1604.4534
59000000	128000000	1388.4082
60000000	128000000	1234.1278
61000000	128000000	1585.3414
62000000	128000000	2381.9885
63000000	128000000	2310.9097
64000000	128000000	1226.4968
65000000	128000000	1162.3905
66000000	128000000	1365.7739
67000000	128000000	956.59576
68000000	128000000	763.1162
69000000	128000000	NaN
70000000	128000000	669.62506
71000000	128000000	943.52094
72000000	128000000	1055.5432
73000000	128000000	904.92944
74000000	128000000	965.8798
75000000	128000000	783.68854
76000000	128000000	869.28815
77000000	128000000	628.1631
78000000	128000000	837.4427
79000000	128000000	1069.5203
80000000	128000000	1255.5394
81000000	128000000	1590.9344
82000000	128000000	2032.9208
83000000	128000000	3025.3352
84000000	128000000	3575.7224
85000000	128000000	3725.8562
86000000	128000000	2782.632
87000000	128000000	3488.603
88000000	128000000	1369.3331
89000000	128000000	2039.8591
90000000	128000000	3510.7705
91000000	128000000	4722.688
92000000	128000000	4113.834
93000000	128000000	3161.5618
94000000	128000000	2327.1626
95000000	128000000	1988.1339
96000000	128000000	2173.3635
97000000	128000000	4010.1404
98000000	128000000	4196.7803
99000000	128000000	4903.9478
100000000	128000000	4111.309
101000000	128000000	6271.0938
102000000	128000000	4605.6265
103000000	128000000	6662.962
104000000	128000000	7009.535
105000000	128000000	6119.599
106000000	128000000	4555.4883
107000000	128000000	4378.1587
108000000	128000000	3267.9211
109000000	128000000	6143.878
110000000	128000000	3988.767
111000000	128000000	3589.6775
112000000	128000000	4423.4434
113000000	128000000	6972.8
114000000	128000000	5600.817
115000000	128000000	4870.6978
116000000	128000000	6542.7856
117000000	128000000	8965.387
118000000	128000000	6189.283
119000000	128000000	11804.051
120000000	128000000	14895.378
121000000	128000000	14124.671
122000000	128000000	12246.064
123000000	128000000	11378.872
124000000	128000000	10155.4795
125000000	128000000	22044.812
126000000	128000000	33718.8
127000000	128000000	109977.805
128000000	128000000	467327.2
0	129000000	290.73026
1000000	129000000	328.00006
2000000	129000000	323.59225
3000000	129000000	378.60074
4000000	129000000	373.1652
5000000	129000000	430.0718
6000000	129000000	365.78445
7000000	129000000	549.3591
8000000	129000000	555.07446
9000000	129000000	506.95065
10000000	129000000	423.48535
11000000	129000000	585.86554
12000000	129000000	610.7915
13000000	129000000	582.5598
14000000	129000000	426.5469
15000000	129000000	639.071
16000000	129000000	567.26746
17000000	129000000	489.22473
18000000	129000000	684.4436
19000000	129000000	814.7161
20000000	129000000	823.4099
21000000	129000000	786.5105
22000000	129000000	906.8143
23000000	129000000	869.2911
24000000	129000000	750.3114
25000000	129000000	721.1822
26000000	129000000	719.45123
27000000	129000000	813.2198
28000000	129000000	781.86536
29000000	129000000	859.5553
30000000	129000000	822.36694
31000000	129000000	654.6269
32000000	129000000	508.93683
33000000	129000000	576.1115
34000000	129000000	491.42987
35000000	129000000	602.3967
36000000	129000000	600.0789
37000000	129000000	489.6
38000000	129000000	730.9044
39000000	129000000	794.4523
40000000	129000000	750.6258
41000000	129000000	856.8979
42000000	129000000	1059.0854
43000000	129000000	646.84454
44000000	129000000	968.09326
45000000	129000000	828.0408
46000000	129000000	345.0434
49000000	129000000	886.251
50000000	129000000	1715.2572
51000000	129000000	1919.1189
52000000	129000000	1496.4493
53000000	129000000	1364.102
54000000	129000000	1081.2249
55000000	129000000	675.4677
56000000	129000000	1049.3088
57000000	129000000	1780.1005
58000000	129000000	1528.328
59000000	129000000	1332.648
60000000	129000000	1287.9652
61000000	129000000	1611.4366
62000000	129000000	2283.0713
63000000	129000000	2127.412
64000000	129000000	1172.2126
65000000	129000000	1227.0015
66000000	129000000	1387.837
67000000	129000000	1038.0609
68000000	129000000	829.0211
69000000	129000000	NaN
70000000	129000000	584.32684
71000000	129000000	1019.92035
72000000	129000000	1199.2867
73000000	129000000	943.23627
74000000	129000000	976.99457
75000000	129000000	833.5591
76000000	129000000	927.8605
77000000	129000000	674.78296
78000000	129000000	861.62054
79000000	129000000	1162.2706
80000000	129000000	1229.35
81000000	129000000	1654.0671
82000000	129000000	1964.6425
83000000	129000000	2859.7654
84000000	129000000	3478.2666
85000000	129000000	3359.987
86000000	129000000	2569.5793
87000000	129000000	3388.0212
88000000	129000000	1383.1196
89000000	129000000	1974.5454
90000000	129000000	3415.4912
91000000	129000000	4231.949
92000000	129000000	3933.6726
93000000	129000000	3076.2366
94000000	129000000	2330.143
95000000	129000000	2005.2981
96000000	129000000	2150.053
97000000	129000000	4054.595
98000000	129000000	3836.9182
99000000	129000000	4695.4307
100000000	129000000	4133.886
101000000	129000000	6028.2363
102000000	129000000	4154.274
103000000	129000000	6006.2183
104000000	129000000	6359.042
105000000	129000000	5687.2666
106000000	129000000	4300.6797
107000000	129000000	4199.8916
108000000	129000000	3301.5286
109000000	129000000	5938.4673
110000000	129000000	4053.2026
111000000	129000000	3701.72
112000000	129000000	4379.711
113000000	129000000	6839.0156
114000000	129000000	5507.103
115000000	129000000	4657.6445
116000000	129000000	6311.3833
117000000	129000000	8137.02
118000000	129000000	5356.908
119000000	129000000	10131.011
120000000	129000000	11537.209
121000000	129000000	11012.817
122000000	129000000	9667.081
123000000	129000000	9069.062
124000000	129000000	8094.243
125000000	129000000	14496.436
126000000	129000000	16073.933
127000000	129000000	30271.182
128000000	129000000	92232.234
129000000	129000000	486862.3
0	130000000	572.48083
1000000	130000000	504.51324
2000000	130000000	265.09293
3000000	130000000	257.06128
4000000	130000000	233.65332
5000000	130000000	438.55682
6000000	130000000	526.48145
7000000	130000000	431.41916
8000000	130000000	379.23828
9000000	130000000	524.8717
10000000	130000000	777.0852
11000000	130000000	420.64825
12000000	130000000	379.71777
13000000	130000000	367.33072
14000000	130000000	726.7402
15000000	130000000	417.82288
16000000	130000000	507.97784
17000000	130000000	575.55
18000000	130000000	559.05035
19000000	130000000	545.8232
20000000	130000000	535.9437
21000000	130000000	539.6631
22000000	130000000	631.2047
23000000	130000000	641.65955
24000000	130000000	516.63153
25000000	130000000	551.50085
26000000	130000000	478.93942
27000000	130000000	539.5351
28000000	130000000	568.5399
29000000	130000000	563.6034
30000000	130000000	543.17084
31000000	130000000	663.44653
32000000	130000000	903.43
33000000	130000000	738.5419
34000000	130000000	651.8769
35000000	130000000	728.01953
36000000	130000000	799.45416
37000000	130000000	854.4982
38000000	130000000	591.66846
39000000	130000000	715.4097
40000000	130000000	887.5404
41000000	130000000	868.9742
42000000	130000000	761.1454
43000000	130000000	1274.5328
44000000	130000000	679.519
45000000	130000000	494.0837
46000000	130000000	214.73735
49000000	130000000	1081.0884
50000000	130000000	1147.1925
51000000	130000000	1029.8745
52000000	130000000	1344.1896
53000000	130000000	1247.166
54000000	130000000	1400.6335
55000000	130000000	1475.3943
56000000	130000000	1291.3442
57000000	130000000	1023.7533
58000000	130000000	1174.821
59000000	130000000	1268.5381
60000000	130000000	1425.0814
61000000	130000000	1684.4716
62000000	130000000	1245.785
63000000	130000000	1401.9679
64000000	130000000	2011.9783
65000000	130000000	1702.9143
66000000	130000000	1282.8467
67000000	130000000	1408.4453
68000000	130000000	1532.0032
69000000	130000000	NaN
70000000	130000000	1049.4918
71000000	130000000	1456.9847
72000000	130000000	1427.5083
73000000	130000000	1346.2489
74000000	130000000	1536.022
75000000	130000000	1420.106
76000000	130000000	1443.7031
77000000	130000000	1732.3578
78000000	130000000	1667.6823
79000000	130000000	1736.486
80000000	130000000	2124.6982
81000000	130000000	2091.4155
82000000	130000000	2307.3113
83000000	130000000	1847.2123
84000000	130000000	1772.8218
85000000	130000000	1928.509
86000000	130000000	2477.8655
87000000	130000000	2023.9432
88000000	130000000	2783.6409
89000000	130000000	2404.9993
90000000	130000000	2788.7053
91000000	130000000	2184.5723
92000000	130000000	2324.7954
93000000	130000000	2896.2568
94000000	130000000	3264.5056
95000000	130000000	3311.3901
96000000	130000000	3518.5747
97000000	130000000	2565.1094
98000000	130000000	3268.8657
99000000	130000000	3116.395
100000000	130000000	3701.535
101000000	130000000	3255.8843
102000000	130000000	4784.159
103000000	130000000	3443.086
104000000	130000000	2913.6477
105000000	130000000	3231.5825
106000000	130000000	3867.6448
107000000	130000000	3894.57
108000000	130000000	4355.3306
109000000	130000000	3550.658
110000000	130000000	4765.0986
111000000	130000000	4616.884
112000000	130000000	5449.753
113000000	130000000	3997.6467
114000000	130000000	5145.573
115000000	130000000	5403.9995
116000000	130000000	4907.6504
117000000	130000000	4299.989
118000000	130000000	7010.2637
119000000	130000000	5219.7153
120000000	130000000	5730.145
121000000	130000000	7009.0537
122000000	130000000	8821.852
123000000	130000000	6594.1997
124000000	130000000	7779.8496
125000000	130000000	9235.1
126000000	130000000	15545.997
127000000	130000000	18806.924
128000000	130000000	26694.145
129000000	130000000	112690.67
130000000	130000000	495484.6
0	131000000	921.4595
1000000	131000000	716.1197
2000000	131000000	269.07864
3000000	131000000	220.76921
4000000	131000000	231.80978
5000000	131000000	418.4095
6000000	131000000	579.45593
7000000	131000000	351.37506
8000000	131000000	327.77307
9000000	131000000	461.2003
10000000	131000000	778.55194
11000000	131000000	350.77835
12000000	131000000	248.07825
13000000	131000000	299.013
14000000	131000000	853.87085
15000000	131000000	300.48083
16000000	131000000	424.86365
17000000	131000000	488.54984
18000000	131000000	389.7275
19000000	131000000	369.12982
20000000	131000000	338.432
21000000	131000000	452.2147
22000000	131000000	401.02744
23000000	131000000	499.7172
24000000	131000000	334.08594
25000000	131000000	338.44867
26000000	131000000	317.1279
27000000	131000000	324.3871
28000000	131000000	324.225
29000000	131000000	343.57764
30000000	131000000	321.54077
31000000	131000000	634.31354
32000000	131000000	917.2326
33000000	131000000	687.6296
34000000	131000000	744.08997
35000000	131000000	714.1665
36000000	131000000	893.7206
37000000	131000000	1055.5641
38000000	131000000	540.2381
39000000	131000000	546.33105
40000000	131000000	735.33636
41000000	131000000	632.3958
42000000	131000000	528.5938
43000000	131000000	1133.6815
44000000	131000000	430.62073
45000000	131000000	339.6803
46000000	131000000	187.59781
49000000	131000000	849.62726
50000000	131000000	720.75354
51000000	131000000	632.5092
52000000	131000000	1010.3657
53000000	131000000	1200.5005
54000000	131000000	1669.516
55000000	131000000	2020.2914
56000000	131000000	1387.3684
57000000	131000000	785.54456
58000000	131000000	973.1715
59000000	131000000	1163.748
60000000	131000000	1404.407
61000000	131000000	1250.7734
62000000	131000000	712.07434
63000000	131000000	791.18463
64000000	131000000	1931.8507
65000000	131000000	1877.0532
66000000	131000000	1369.2712
67000000	131000000	1650.7285
68000000	131000000	2116.4111
69000000	131000000	NaN
70000000	131000000	1373.5322
71000000	131000000	2070.149
72000000	131000000	2024.1571
73000000	131000000	1995.7075
74000000	131000000	2079.5476
75000000	131000000	2221.9426
76000000	131000000	2440.2092
77000000	131000000	2704.4766
78000000	131000000	2793.4717
79000000	131000000	2799.2563
80000000	131000000	2725.7039
81000000	131000000	2147.5015
82000000	131000000	1910.9468
83000000	131000000	1116.9924
84000000	131000000	990.7254
85000000	131000000	1049.931
86000000	131000000	1695.387
87000000	131000000	1226.7863
88000000	131000000	2645.8296
89000000	131000000	2109.0212
90000000	131000000	1832.3126
91000000	131000000	1135.1691
92000000	131000000	1388.0945
93000000	131000000	2171.2292
94000000	131000000	3356.031
95000000	131000000	3858.9485
96000000	131000000	3356.39
97000000	131000000	1670.4316
98000000	131000000	2092.9795
99000000	131000000	1834.2019
100000000	131000000	2407.993
101000000	131000000	1757.0242
102000000	131000000	3305.615
103000000	131000000	1717.3567
104000000	131000000	1527.9897
105000000	131000000	1664.7184
106000000	131000000	2844.4714
107000000	131000000	3067.7874
108000000	131000000	3832.556
109000000	131000000	2406.1875
110000000	131000000	3852.7136
111000000	131000000	4680.212
112000000	131000000	4598.1973
113000000	131000000	2365.1113
114000000	131000000	3864.9907
115000000	131000000	4528.3213
116000000	131000000	3266.5198
117000000	131000000	2454.2207
118000000	131000000	5256.709
119000000	131000000	2659.9587
120000000	131000000	2808.0454
121000000	131000000	4047.2737
122000000	131000000	5956.0806
123000000	131000000	4796.0767
124000000	131000000	5907.063
125000000	131000000	5708.0664
126000000	131000000	10656.913
127000000	131000000	9941.544
128000000	131000000	9719.972
129000000	131000000	21564.967
130000000	131000000	119464.94
131000000	131000000	521447.34
0	132000000	1178.249
1000000	132000000	884.9697
2000000	132000000	269.05722
3000000	132000000	202.8976
4000000	132000000	213.54974
5000000	132000000	411.38577
6000000	132000000	562.66675
7000000	132000000	348.69943
8000000	132000000	281.84497
9000000	132000000	399.8814
10000000	132000000	695.7163
11000000	132000000	305.48337
12000000	132000000	186.76762
13000000	132000000	274.85254
14000000	132000000	765.3879
15000000	132000000	277.0165
16000000	132000000	372.55515
17000000	132000000	380.73096
18000000	132000000	271.2085
19000000	132000000	282.93146
20000000	132000000	264.9398
21000000	132000000	272.45926
22000000	132000000	287.2387
23000000	132000000	297.93732
24000000	132000000	251.79533
25000000	132000000	232.69084
26000000	132000000	245.93082
27000000	132000000	248.22292
28000000	132000000	246.84932
29000000	132000000	224.4514
30000000	132000000	253.47404
31000000	132000000	622.55664
32000000	132000000	830.7399
33000000	132000000	681.6566
34000000	132000000	692.9101
35000000	132000000	765.44366
36000000	132000000	887.1672
37000000	132000000	1038.0259
38000000	132000000	608.4303
39000000	132000000	534.5168
40000000	132000000	568.3533
41000000	132000000	487.26917
42000000	132000000	476.00693
43000000	132000000	890.4482
44000000	132000000	361.32343
45000000	132000000	233.0602
46000000	132000000	141.48051
49000000	132000000	569.2931
50000000	132000000	501.4402
51000000	132000000	475.5904
52000000	132000000	932.7097
53000000	132000000	1133.9028
54000000	132000000	1719.9519
55000000	132000000	1981.1344
56000000	132000000	1436.0693
57000000	132000000	880.9467
58000000	132000000	1005.39526
59000000	132000000	1195.9303
60000000	132000000	1265.5757
61000000	132000000	1238.7849
62000000	132000000	555.79443
63000000	132000000	657.2265
64000000	132000000	1572.543
65000000	132000000	2075.9795
66000000	132000000	1534.8588
67000000	132000000	1603.7708
68000000	132000000	2260.2808
69000000	132000000	NaN
70000000	132000000	1853.175
71000000	132000000	2582.3208
72000000	132000000	2735.9556
73000000	132000000	2553.067
74000000	132000000	2548.7107
75000000	132000000	2619.7488
76000000	132000000	3070.5178
77000000	132000000	2917.3542
78000000	132000000	3239.8928
79000000	132000000	3436.137
80000000	132000000	2788.3474
81000000	132000000	1774.8938
82000000	132000000	1225.0009
83000000	132000000	771.2715
84000000	132000000	684.08356
85000000	132000000	717.89026
86000000	132000000	1227.1001
87000000	132000000	1038.956
88000000	132000000	2005.2561
89000000	132000000	1515.6489
90000000	132000000	1293.3955
91000000	132000000	805.33026
92000000	132000000	995.9408
93000000	132000000	1567.8862
94000000	132000000	2702.3557
95000000	132000000	3367.0916
96000000	132000000	2676.4114
97000000	132000000	1176.1349
98000000	132000000	1438.0486
99000000	132000000	1082.0614
100000000	132000000	1408.0806
101000000	132000000	1046.011
102000000	132000000	2257.5286
103000000	132000000	1032.74
104000000	132000000	937.3962
105000000	132000000	1107.8206
106000000	132000000	1936.6833
107000000	132000000	2252.7908
108000000	132000000	2839.1084
109000000	132000000	1765.2291
110000000	132000000	2861.0193
111000000	132000000	3761.824
112000000	132000000	3704.0054
113000000	132000000	1885.138
114000000	132000000	2630.26
115000000	132000000	3136.35
116000000	132000000	2292.4116
117000000	132000000	1679.891
118000000	132000000	3260.3896
119000000	132000000	1695.4017
120000000	132000000	1689.1492
121000000	132000000	2485.2786
122000000	132000000	3870.5466
123000000	132000000	3096.203
124000000	132000000	3575.3005
125000000	132000000	3623.0352
126000000	132000000	6393.3936
127000000	132000000	5190.768
128000000	132000000	4417.6274
129000000	132000000	6579.354
130000000	132000000	19217.568
131000000	132000000	139883.4
132000000	132000000	535278.5
0	133000000	1386.8702
1000000	133000000	949.1861
2000000	133000000	239.30437
3000000	133000000	177.65627
4000000	133000000	225.86066
5000000	133000000	433.5554
6000000	133000000	607.9639
7000000	133000000	306.14655
8000000	133000000	283.97485
9000000	133000000	389.84567
10000000	133000000	787.5533
11000000	133000000	271.09244
12000000	133000000	160.79077
13000000	133000000	229.64381
14000000	133000000	808.4772
15000000	133000000	278.95132
16000000	133000000	381.997
17000000	133000000	408.8819
18000000	133000000	294.38324
19000000	133000000	241.1691
20000000	133000000	221.92068
21000000	133000000	266.0742
22000000	133000000	278.79507
23000000	133000000	347.9232
24000000	133000000	204.09917
25000000	133000000	174.19362
26000000	133000000	232.27463
27000000	133000000	252.18889
28000000	133000000	226.72032
29000000	133000000	221.6806
30000000	133000000	229.67456
31000000	133000000	601.6203
32000000	133000000	939.966
33000000	133000000	684.87085
34000000	133000000	730.63574
35000000	133000000	770.2313
36000000	133000000	964.56104
37000000	133000000	1108.6056
38000000	133000000	514.4274
39000000	133000000	512.78357
40000000	133000000	551.441
41000000	133000000	533.3135
42000000	133000000	457.99188
43000000	133000000	1011.5079
44000000	133000000	357.51382
45000000	133000000	242.92891
46000000	133000000	111.90816
49000000	133000000	635.0177
50000000	133000000	524.5459
51000000	133000000	393.76077
52000000	133000000	833.9829
53000000	133000000	951.1853
54000000	133000000	1608.0054
55000000	133000000	2040.8217
56000000	133000000	1393.9633
57000000	133000000	709.8963
58000000	133000000	881.47705
59000000	133000000	1069.6581
60000000	133000000	1187.5684
61000000	133000000	1141.0646
62000000	133000000	503.26944
63000000	133000000	599.5732
64000000	133000000	1600.3616
65000000	133000000	1998.3138
66000000	133000000	1371.8605
67000000	133000000	1759.0833
68000000	133000000	2462.6592
69000000	133000000	NaN
70000000	133000000	2008.3214
71000000	133000000	2526.924
72000000	133000000	2691.1636
73000000	133000000	2427.736
74000000	133000000	2566.1953
75000000	133000000	2602.7278
76000000	133000000	2876.5918
77000000	133000000	3093.165
78000000	133000000	3431.6594
79000000	133000000	3210.3965
80000000	133000000	2612.6663
81000000	133000000	1706.8373
82000000	133000000	1199.2856
83000000	133000000	690.114
84000000	133000000	544.09705
85000000	133000000	576.1998
86000000	133000000	1220.27
87000000	133000000	928.5611
88000000	133000000	2057.8252
89000000	133000000	1543.0131
90000000	133000000	1158.6125
91000000	133000000	642.7106
92000000	133000000	817.13556
93000000	133000000	1437.8545
94000000	133000000	2576.7688
95000000	133000000	3297.2268
96000000	133000000	2657.7158
97000000	133000000	1012.62335
98000000	133000000	1354.0028
99000000	133000000	936.91113
100000000	133000000	1411.4521
101000000	133000000	924.57587
102000000	133000000	2076.7556
103000000	133000000	875.10187
104000000	133000000	746.66425
105000000	133000000	963.61
106000000	133000000	1767.458
107000000	133000000	2071.3516
108000000	133000000	2645.2117
109000000	133000000	1562.3951
110000000	133000000	2735.6738
111000000	133000000	3454.4355
112000000	133000000	3590.431
113000000	133000000	1631.5247
114000000	133000000	2542.9163
115000000	133000000	2922.544
116000000	133000000	2147.127
117000000	133000000	1380.3446
118000000	133000000	3383.0618
119000000	133000000	1401.2687
120000000	133000000	1509.3613
121000000	133000000	2200.2288
122000000	133000000	3462.3914
123000000	133000000	2620.762
124000000	133000000	3228.8157
125000000	133000000	3063.646
126000000	133000000	5730.756
127000000	133000000	4262.7114
128000000	133000000	3399.3633
129000000	133000000	4271.113
130000000	133000000	11686.716
131000000	133000000	30692.955
132000000	133000000	138072.14
133000000	133000000	590529.6
0	134000000	1346.4314
1000000	134000000	1096.8431
2000000	134000000	511.38266
3000000	134000000	351.90677
4000000	134000000	314.37714
5000000	134000000	627.23145
6000000	134000000	700.6345
7000000	134000000	489.3064
8000000	134000000	417.9913
9000000	134000000	562.9066
10000000	134000000	802.89746
11000000	134000000	475.16632
12000000	134000000	289.7457
13000000	134000000	440.93527
14000000	134000000	896.18335
15000000	134000000	448.95093
16000000	134000000	533.24066
17000000	134000000	477.06155
18000000	134000000	391.51865
19000000	134000000	340.956
20000000	134000000	346.99747
21000000	134000000	376.32227
22000000	134000000	415.62228
23000000	134000000	380.8542
24000000	134000000	324.91867
25000000	134000000	312.42838
26000000	134000000	328.51782
27000000	134000000	312.89618
28000000	134000000	344.86874
29000000	134000000	305.14645
30000000	134000000	398.73303
31000000	134000000	905.70807
32000000	134000000	944.0809
33000000	134000000	741.06793
34000000	134000000	838.12604
35000000	134000000	806.57263
36000000	134000000	1069.8464
37000000	134000000	1195.2266
38000000	134000000	937.3275
39000000	134000000	697.74097
40000000	134000000	686.0317
41000000	134000000	656.866
42000000	134000000	644.0957
43000000	134000000	884.5981
44000000	134000000	496.10013
45000000	134000000	340.06876
46000000	134000000	164.86778
49000000	134000000	725.9422
50000000	134000000	819.39935
51000000	134000000	774.768
52000000	134000000	1217.5679
53000000	134000000	1491.9349
54000000	134000000	2007.1372
55000000	134000000	1737.5201
56000000	134000000	1739.7823
57000000	134000000	1532.0704
58000000	134000000	1530.5684
59000000	134000000	1535.0042
60000000	134000000	1586.4781
61000000	134000000	1610.5784
62000000	134000000	1028.8181
63000000	134000000	986.9253
64000000	134000000	1451.5896
65000000	134000000	2254.1848
66000000	134000000	2044.7457
67000000	134000000	1623.4851
68000000	134000000	2278.6975
69000000	134000000	NaN
70000000	134000000	2230.5884
71000000	134000000	2966.1262
72000000	134000000	3405.2896
73000000	134000000	2657.3047
74000000	134000000	2507.8938
75000000	134000000	2364.7952
76000000	134000000	2652.6284
77000000	134000000	2200.7454
78000000	134000000	2656.465
79000000	134000000	3107.0908
80000000	134000000	2576.1682
81000000	134000000	1683.5957
82000000	134000000	1320.477
83000000	134000000	936.68823
84000000	134000000	929.584
85000000	134000000	1034.3517
86000000	134000000	1404.6752
87000000	134000000	1485.5696
88000000	134000000	1632.573
89000000	134000000	1543.9062
90000000	134000000	1636.803
91000000	134000000	1166.0566
92000000	134000000	1360.1318
93000000	134000000	1850.2812
94000000	134000000	2619.1257
95000000	134000000	2780.0188
96000000	134000000	2195.0037
97000000	134000000	1421.1221
98000000	134000000	1671.005
99000000	134000000	1455.2579
100000000	134000000	1507.755
101000000	134000000	1588.3811
102000000	134000000	2302.668
103000000	134000000	1540.0619
104000000	134000000	1406.163
105000000	134000000	1565.8145
106000000	134000000	2204.916
107000000	134000000	2687.8347
108000000	134000000	2667.1257
109000000	134000000	2523.8416
110000000	134000000	2844.7788
111000000	134000000	3552.1
112000000	134000000	4304.061
113000000	134000000	2663.9402
114000000	134000000	2836.7107
115000000	134000000	3213.9097
116000000	134000000	2584.377
117000000	134000000	2389.346
118000000	134000000	3158.424
119000000	134000000	2525.0413
120000000	134000000	2525.1707
121000000	134000000	3471.7122
122000000	134000000	4372.5415
123000000	134000000	3263.5454
124000000	134000000	3549.1475
125000000	134000000	4259.5356
126000000	134000000	5998.6562
127000000	134000000	5219.0674
128000000	134000000	5319.2393
129000000	134000000	6969.951
130000000	134000000	9631.457
131000000	134000000	14573.204
132000000	134000000	32531.102
133000000	134000000	99375.94
134000000	134000000	479521.53
0	135000000	935.83453
1000000	135000000	862.081
2000000	135000000	642.9007
3000000	135000000	479.95547
4000000	135000000	505.343
5000000	135000000	648.7259
6000000	135000000	638.1089
7000000	135000000	746.3684
8000000	135000000	571.9024
9000000	135000000	640.1259
10000000	135000000	731.8257
11000000	135000000	584.9617
12000000	135000000	491.21088
13000000	135000000	645.60547
14000000	135000000	748.1842
15000000	135000000	650.6885
16000000	135000000	708.8313
17000000	135000000	543.328
18000000	135000000	476.0744
19000000	135000000	525.4644
20000000	135000000	502.9396
21000000	135000000	615.8972
22000000	135000000	542.71985
23000000	135000000	578.9029
24000000	135000000	543.9843
25000000	135000000	510.80103
26000000	135000000	556.2421
27000000	135000000	508.33875
28000000	135000000	518.4756
29000000	135000000	546.744
30000000	135000000	627.6182
31000000	135000000	925.21356
32000000	135000000	747.61145
33000000	135000000	714.08026
34000000	135000000	860.45245
35000000	135000000	777.6059
36000000	135000000	918.1473
37000000	135000000	905.19867
38000000	135000000	1112.055
39000000	135000000	813.3858
40000000	135000000	741.8541
41000000	135000000	811.8224
42000000	135000000	783.9221
43000000	135000000	696.69324
44000000	135000000	778.603
45000000	135000000	546.77344
46000000	135000000	329.6297
49000000	135000000	896.7061
50000000	135000000	1251.734
51000000	135000000	1272.1487
52000000	135000000	1529.1141
53000000	135000000	1705.4678
54000000	135000000	1812.0557
55000000	135000000	1280.3678
56000000	135000000	1660.3479
57000000	135000000	2112.6685
58000000	135000000	2136.51
59000000	135000000	1896.0271
60000000	135000000	1740.1982
61000000	135000000	1869.7784
62000000	135000000	1591.002
63000000	135000000	1597.4663
64000000	135000000	1171.0027
65000000	135000000	1898.006
66000000	135000000	2317.1636
67000000	135000000	1496.8634
68000000	135000000	1511.4386
69000000	135000000	NaN
70000000	135000000	1351.3502
71000000	135000000	2532.0818
72000000	135000000	2961.6982
73000000	135000000	2465.487
74000000	135000000	1990.0292
75000000	135000000	1903.3527
76000000	135000000	2134.1428
77000000	135000000	1440.639
78000000	135000000	1849.668
79000000	135000000	2339.7273
80000000	135000000	2129.4841
81000000	135000000	1562.4529
82000000	135000000	1391.6952
83000000	135000000	1472.82
84000000	135000000	1481.4249
85000000	135000000	1602.6365
86000000	135000000	1573.023
87000000	135000000	1994.4741
88000000	135000000	1446.5758
89000000	135000000	1562.8622
90000000	135000000	2112.7957
91000000	135000000	1968.9297
92000000	135000000	1988.8225
93000000	135000000	2140.3718
94000000	135000000	2330.8794
95000000	135000000	2197.951
96000000	135000000	1638.1469
97000000	135000000	1920.2153
98000000	135000000	1854.3961
99000000	135000000	2100.9915
100000000	135000000	1743.4883
101000000	135000000	2391.002
102000000	135000000	2582.0974
103000000	135000000	2464.7458
104000000	135000000	2444.3345
105000000	135000000	2354.5486
106000000	135000000	2681.5295
107000000	135000000	3026.4316
108000000	135000000	2395.8914
109000000	135000000	3369.656
110000000	135000000	2695.6523
111000000	135000000	3276.8176
112000000	135000000	3978.9155
113000000	135000000	3870.9585
114000000	135000000	3319.6902
115000000	135000000	3245.8447
116000000	135000000	3192.4153
117000000	135000000	3545.5547
118000000	135000000	2981.0696
119000000	135000000	3815.0134
120000000	135000000	4078.188
121000000	135000000	4677.26
122000000	135000000	4898.2397
123000000	135000000	3918.1997
124000000	135000000	3735.7808
125000000	135000000	4990.638
126000000	135000000	5455.9277
127000000	135000000	6069.68
128000000	135000000	7698.077
129000000	135000000	9305.564
130000000	135000000	7815.181
131000000	135000000	8218.824
132000000	135000000	13990.453
133000000	135000000	14742.322
134000000	135000000	94095.23
135000000	135000000	481803.72
0	136000000	880.197
1000000	136000000	853.2175
2000000	136000000	769.8558
3000000	136000000	586.4904
4000000	136000000	580.80206
5000000	136000000	708.3717
6000000	136000000	729.1886
7000000	136000000	718.60626
8000000	136000000	658.2661
9000000	136000000	725.7372
10000000	136000000	692.0889
11000000	136000000	672.43964
12000000	136000000	564.4087
13000000	136000000	711.6882
14000000	136000000	712.5489
15000000	136000000	708.8775
16000000	136000000	737.6839
17000000	136000000	576.5146
18000000	136000000	488.131
19000000	136000000	587.40424
20000000	136000000	595.4901
21000000	136000000	590.09534
22000000	136000000	609.6
23000000	136000000	588.0804
24000000	136000000	571.0447
25000000	136000000	544.35315
26000000	136000000	608.5602
27000000	136000000	587.4217
28000000	136000000	563.9891
29000000	136000000	616.29175
30000000	136000000	689.5922
31000000	136000000	934.30524
32000000	136000000	783.0493
33000000	136000000	777.8459
34000000	136000000	839.40063
35000000	136000000	827.27734
36000000	136000000	977.98364
37000000	136000000	877.3789
38000000	136000000	1306.6134
39000000	136000000	905.70483
40000000	136000000	780.00385
41000000	136000000	814.0583
42000000	136000000	843.889
43000000	136000000	701.37897
44000000	136000000	850.47644
45000000	136000000	548.26373
46000000	136000000	340.7118
49000000	136000000	853.0451
50000000	136000000	1274.4752
51000000	136000000	1318.7137
52000000	136000000	1498.3575
53000000	136000000	1788.0659
54000000	136000000	1905.8179
55000000	136000000	1237.1743
56000000	136000000	1605.5966
57000000	136000000	2264.2976
58000000	136000000	2076.235
59000000	136000000	1829.4747
60000000	136000000	1623.8154
61000000	136000000	1839.2013
62000000	136000000	1717.9807
63000000	136000000	1605.7552
64000000	136000000	1057.9086
65000000	136000000	1908.2126
66000000	136000000	2354.4019
67000000	136000000	1521.9296
68000000	136000000	1485.1073
69000000	136000000	NaN
70000000	136000000	1476.6603
71000000	136000000	2698.4827
72000000	136000000	3083.2764
73000000	136000000	2517.2395
74000000	136000000	2155.9216
75000000	136000000	2024.6835
76000000	136000000	2095.6506
77000000	136000000	1329.3129
78000000	136000000	1825.1696
79000000	136000000	2402.5325
80000000	136000000	1961.191
81000000	136000000	1504.566
82000000	136000000	1295.7009
83000000	136000000	1528.3705
84000000	136000000	1577.2302
85000000	136000000	1707.3727
86000000	136000000	1530.994
87000000	136000000	2025.6808
88000000	136000000	1241.786
89000000	136000000	1436.0261
90000000	136000000	2096.624
91000000	136000000	2070.9983
92000000	136000000	2166.5447
93000000	136000000	2101.086
94000000	136000000	2201.2734
95000000	136000000	2084.5994
96000000	136000000	1449.7952
97000000	136000000	2134.5564
98000000	136000000	1929.5886
99000000	136000000	1990.6996
100000000	136000000	1737.3168
101000000	136000000	2519.3213
102000000	136000000	2366.982
103000000	136000000	2750.6826
104000000	136000000	2622.576
105000000	136000000	2430.4163
106000000	136000000	2544.3171
107000000	136000000	2806.542
108000000	136000000	2303.2031
109000000	136000000	3567.3552
110000000	136000000	2573.8303
111000000	136000000	3254.8188
112000000	136000000	4014.5852
113000000	136000000	4020.771
114000000	136000000	3387.6387
115000000	136000000	3132.0852
116000000	136000000	3260.8218
117000000	136000000	3709.0972
118000000	136000000	2749.0842
119000000	136000000	3920.8647
120000000	136000000	4291.9805
121000000	136000000	4618.174
122000000	136000000	4776.081
123000000	136000000	4249.299
124000000	136000000	3812.1057
125000000	136000000	5385.602
126000000	136000000	5156.5493
127000000	136000000	5764.6836
128000000	136000000	7567.196
129000000	136000000	8813.326
130000000	136000000	6575.3887
131000000	136000000	6731.461
132000000	136000000	12042.946
133000000	136000000	11121.443
134000000	136000000	46818.504
135000000	136000000	123435.76
136000000	136000000	464134.56
0	137000000	1387.2877
1000000	137000000	947.4715
2000000	137000000	270.7173
3000000	137000000	194.63248
4000000	137000000	219.56842
5000000	137000000	468.87686
6000000	137000000	653.56726
7000000	137000000	374.0788
8000000	137000000	329.52515
9000000	137000000	434.56354
10000000	137000000	897.92163
11000000	137000000	258.5752
12000000	137000000	217.85397
13000000	137000000	266.44467
14000000	137000000	955.8002
15000000	137000000	270.40735
16000000	137000000	405.70047
17000000	137000000	401.9273
18000000	137000000	357.18103
19000000	137000000	309.06586
20000000	137000000	249.07889
21000000	137000000	337.35007
22000000	137000000	323.81287
23000000	137000000	328.14993
24000000	137000000	252.00322
25000000	137000000	230.65578
26000000	137000000	232.37598
27000000	137000000	287.7401
28000000	137000000	280.7488
29000000	137000000	238.13506
30000000	137000000	284.54245
31000000	137000000	650.3272
32000000	137000000	1114.0359
33000000	137000000	792.48737
34000000	137000000	802.05023
35000000	137000000	764.2629
36000000	137000000	1054.2731
37000000	137000000	1383.4634
38000000	137000000	551.3858
39000000	137000000	532.55914
40000000	137000000	631.5429
41000000	137000000	604.4674
42000000	137000000	520.21936
43000000	137000000	1286.0286
44000000	137000000	396.00012
45000000	137000000	264.6915
46000000	137000000	104.71488
49000000	137000000	771.55585
50000000	137000000	555.2182
51000000	137000000	422.9209
52000000	137000000	869.0999
53000000	137000000	1019.9672
54000000	137000000	1685.7506
55000000	137000000	2095.9814
56000000	137000000	1456.5306
57000000	137000000	692.28644
58000000	137000000	888.1517
59000000	137000000	1099.0955
60000000	137000000	1179.8689
61000000	137000000	1162.5332
62000000	137000000	483.11044
63000000	137000000	633.33466
64000000	137000000	1862.637
65000000	137000000	1968.4548
66000000	137000000	1229.4188
67000000	137000000	1527.0803
68000000	137000000	2604.9353
69000000	137000000	NaN
70000000	137000000	2230.4055
71000000	137000000	2259.2693
72000000	137000000	2324.9287
73000000	137000000	2098.6938
74000000	137000000	2526.5269
75000000	137000000	2338.9495
76000000	137000000	2606.0466
77000000	137000000	3132.687
78000000	137000000	3098.6667
79000000	137000000	2884.8816
80000000	137000000	2490.6367
81000000	137000000	1693.191
82000000	137000000	1247.5431
83000000	137000000	695.4929
84000000	137000000	562.5004
85000000	137000000	602.14996
86000000	137000000	1265.8165
87000000	137000000	925.56805
88000000	137000000	2091.01
89000000	137000000	1592.0043
90000000	137000000	1191.4014
91000000	137000000	676.2133
92000000	137000000	862.8235
93000000	137000000	1530.5446
94000000	137000000	2639.431
95000000	137000000	3052.4182
96000000	137000000	2678.3274
97000000	137000000	1020.75214
98000000	137000000	1435.5985
99000000	137000000	976.6038
100000000	137000000	1432.6913
101000000	137000000	930.8098
102000000	137000000	2243.7917
103000000	137000000	849.9147
104000000	137000000	777.8929
105000000	137000000	945.32837
106000000	137000000	1781.2864
107000000	137000000	2046.0786
108000000	137000000	2880.0393
109000000	137000000	1522.1998
110000000	137000000	2786.2969
111000000	137000000	3240.4219
112000000	137000000	3572.8823
113000000	137000000	1436.7222
114000000	137000000	2454.886
115000000	137000000	2920.9907
116000000	137000000	1987.4014
117000000	137000000	1367.0535
118000000	137000000	3509.7603
119000000	137000000	1427.3021
120000000	137000000	1311.8712
121000000	137000000	2051.563
122000000	137000000	3262.7197
123000000	137000000	2295.885
124000000	137000000	2930.7031
125000000	137000000	2776.483
126000000	137000000	5000.8257
127000000	137000000	3618.9285
128000000	137000000	2410.9397
129000000	137000000	2696.796
130000000	137000000	6332.5425
131000000	137000000	9525.787
132000000	137000000	13040.877
133000000	137000000	19067.383
134000000	137000000	24874.135
135000000	137000000	18769.35
136000000	137000000	62975.42
137000000	137000000	586338.5
0	138000000	1406.6569
1000000	138000000	949.0513
2000000	138000000	235.61678
3000000	138000000	225.14182
4000000	138000000	214.662
5000000	138000000	509.77435
6000000	138000000	654.15155
7000000	138000000	340.60037
8000000	138000000	311.16016
9000000	138000000	436.68372
10000000	138000000	849.36835
11000000	138000000	303.5607
12000000	138000000	232.04521
13000000	138000000	240.54169
14000000	138000000	852.69226
15000000	138000000	263.51688
16000000	138000000	397.03284
17000000	138000000	441.10275
18000000	138000000	331.95496
19000000	138000000	260.61038
20000000	138000000	268.49222
21000000	138000000	304.70435
22000000	138000000	350.3501
23000000	138000000	311.7169
24000000	138000000	254.33177
25000000	138000000	261.3506
26000000	138000000	238.8067
27000000	138000000	257.82367
28000000	138000000	261.09705
29000000	138000000	240.99837
30000000	138000000	267.75516
31000000	138000000	672.2835
32000000	138000000	1054.441
33000000	138000000	772.2934
34000000	138000000	826.3327
35000000	138000000	845.4445
36000000	138000000	1076.8424
37000000	138000000	1296.1327
38000000	138000000	578.24274
39000000	138000000	559.54297
40000000	138000000	657.17816
41000000	138000000	526.58795
42000000	138000000	510.0575
43000000	138000000	1250.6151
44000000	138000000	399.76523
45000000	138000000	263.36145
46000000	138000000	132.44646
49000000	138000000	624.1204
50000000	138000000	542.959
51000000	138000000	392.5276
52000000	138000000	815.1911
53000000	138000000	993.7835
54000000	138000000	1620.0944
55000000	138000000	2211.3484
56000000	138000000	1337.4877
57000000	138000000	718.28546
58000000	138000000	802.9935
59000000	138000000	959.96204
60000000	138000000	1125.1606
61000000	138000000	1018.60236
62000000	138000000	467.65207
63000000	138000000	575.02356
64000000	138000000	1657.8976
65000000	138000000	1885.4872
66000000	138000000	1328.7487
67000000	138000000	1614.2451
68000000	138000000	2566.1467
69000000	138000000	NaN
70000000	138000000	1899.4777
71000000	138000000	2222.2456
72000000	138000000	2308.2498
73000000	138000000	2198.076
74000000	138000000	2454.491
75000000	138000000	2406.039
76000000	138000000	2752.195
77000000	138000000	3285.7437
78000000	138000000	3225.146
79000000	138000000	3005.4668
80000000	138000000	2561.1294
81000000	138000000	1728.3385
82000000	138000000	1287.2754
83000000	138000000	643.7657
84000000	138000000	539.6069
85000000	138000000	570.9497
86000000	138000000	1077.9437
87000000	138000000	805.0611
88000000	138000000	1911.2089
89000000	138000000	1493.0487
90000000	138000000	1133.9011
91000000	138000000	553.8941
92000000	138000000	750.79724
93000000	138000000	1378.0574
94000000	138000000	2411.5996
95000000	138000000	3016.9282
96000000	138000000	2521.3828
97000000	138000000	889.6584
98000000	138000000	1217.6996
99000000	138000000	885.4197
100000000	138000000	1304.5795
101000000	138000000	800.1157
102000000	138000000	1900.429
103000000	138000000	717.14777
104000000	138000000	628.9277
105000000	138000000	855.34467
106000000	138000000	1621.757
107000000	138000000	1840.1492
108000000	138000000	2517.14
109000000	138000000	1362.3558
110000000	138000000	2375.9817
111000000	138000000	3045.4795
112000000	138000000	3165.538
113000000	138000000	1296.1055
114000000	138000000	2255.3994
115000000	138000000	2606.157
116000000	138000000	1900.0912
117000000	138000000	1159.7512
118000000	138000000	3122.183
119000000	138000000	1201.8037
120000000	138000000	1175.5719
121000000	138000000	1868.836
122000000	138000000	2944.4038
123000000	138000000	2153.1096
124000000	138000000	2833.7964
125000000	138000000	2353.4229
126000000	138000000	4202.4355
127000000	138000000	2943.3296
128000000	138000000	1917.421
129000000	138000000	2025.5516
130000000	138000000	4692.2153
131000000	138000000	7624.769
132000000	138000000	10269.113
133000000	138000000	13458.386
134000000	138000000	12818.674
135000000	138000000	9098.226
136000000	138000000	13605.742
137000000	138000000	138619.4
138000000	138000000	632333.0
0	139000000	1317.9612
1000000	139000000	1131.1282
2000000	139000000	294.10773
3000000	139000000	246.65042
4000000	139000000	222.09058
5000000	139000000	573.8227
6000000	139000000	827.04645
7000000	139000000	463.67648
8000000	139000000	359.72812
9000000	139000000	513.9911
10000000	139000000	1055.3674
11000000	139000000	344.87134
12000000	139000000	242.3695
13000000	139000000	331.09818
14000000	139000000	1036.679
15000000	139000000	304.0035
16000000	139000000	540.1668
17000000	139000000	618.18225
18000000	139000000	445.2058
19000000	139000000	345.76807
20000000	139000000	339.8856
21000000	139000000	425.93057
22000000	139000000	440.1005
23000000	139000000	484.41
24000000	139000000	333.496
25000000	139000000	306.96463
26000000	139000000	327.63654
27000000	139000000	347.55096
28000000	139000000	358.67026
29000000	139000000	271.79858
30000000	139000000	326.53253
31000000	139000000	825.83704
32000000	139000000	1262.367
33000000	139000000	830.5577
34000000	139000000	847.4831
35000000	139000000	880.1958
36000000	139000000	994.4913
37000000	139000000	1284.9697
38000000	139000000	598.1409
39000000	139000000	612.2942
40000000	139000000	856.1078
41000000	139000000	721.71564
42000000	139000000	617.4021
43000000	139000000	1626.3137
44000000	139000000	536.8261
45000000	139000000	377.60782
46000000	139000000	196.20825
49000000	139000000	993.01965
50000000	139000000	733.79114
51000000	139000000	485.4232
52000000	139000000	967.19104
53000000	139000000	1103.6534
54000000	139000000	1564.8049
55000000	139000000	2137.5393
56000000	139000000	1463.0317
57000000	139000000	639.6726
58000000	139000000	898.7753
59000000	139000000	1034.9354
60000000	139000000	1230.7428
61000000	139000000	1212.2002
62000000	139000000	543.1334
63000000	139000000	666.8642
64000000	139000000	1958.3706
65000000	139000000	1842.7441
66000000	139000000	1200.655
67000000	139000000	1552.0732
68000000	139000000	2240.0364
69000000	139000000	NaN
70000000	139000000	1575.375
71000000	139000000	1963.8652
72000000	139000000	2011.9691
73000000	139000000	1907.3248
74000000	139000000	2139.0498
75000000	139000000	2055.6345
76000000	139000000	2215.1577
77000000	139000000	2721.1062
78000000	139000000	2641.0422
79000000	139000000	2412.5742
80000000	139000000	2281.2454
81000000	139000000	1811.8956
82000000	139000000	1505.8881
83000000	139000000	878.50165
84000000	139000000	658.7365
85000000	139000000	719.97424
86000000	139000000	1434.3567
87000000	139000000	929.0743
88000000	139000000	2258.7366
89000000	139000000	1729.156
90000000	139000000	1417.8167
91000000	139000000	793.2002
92000000	139000000	1001.56006
93000000	139000000	1720.8555
94000000	139000000	2664.5234
95000000	139000000	3219.0483
96000000	139000000	3023.8525
97000000	139000000	1127.6461
98000000	139000000	1793.5835
99000000	139000000	1245.6418
100000000	139000000	1891.9164
101000000	139000000	1188.8937
102000000	139000000	2788.701
103000000	139000000	1051.9103
104000000	139000000	942.9287
105000000	139000000	1146.8905
106000000	139000000	2127.876
107000000	139000000	2270.7341
108000000	139000000	3123.503
109000000	139000000	1547.9982
110000000	139000000	3191.4736
111000000	139000000	3506.6108
112000000	139000000	3879.759
113000000	139000000	1667.2683
114000000	139000000	3047.0386
115000000	139000000	3473.3074
116000000	139000000	2517.0154
117000000	139000000	1650.7028
118000000	139000000	4453.0737
119000000	139000000	1781.6686
120000000	139000000	1779.7856
121000000	139000000	2668.8647
122000000	139000000	4271.6187
123000000	139000000	2845.9949
124000000	139000000	3775.4075
125000000	139000000	3086.251
126000000	139000000	5768.135
127000000	139000000	4031.365
128000000	139000000	2624.3538
129000000	139000000	2603.878
130000000	139000000	5885.5586
131000000	139000000	7743.408
132000000	139000000	8414.428
133000000	139000000	10803.462
134000000	139000000	9977.505
135000000	139000000	7555.2837
136000000	139000000	9376.6
137000000	139000000	34601.797
138000000	139000000	103430.17
139000000	139000000	590860.5
0	140000000	912.533
1000000	140000000	946.4464
2000000	140000000	1206.5886
3000000	140000000	1074.0725
4000000	140000000	1012.11505
5000000	140000000	921.8539
6000000	140000000	862.74097
7000000	140000000	778.07275
8000000	140000000	757.6072
9000000	140000000	739.6924
10000000	140000000	774.7517
11000000	140000000	655.33655
12000000	140000000	793.5831
13000000	140000000	689.91565
14000000	140000000	771.0628
15000000	140000000	836.5242
16000000	140000000	927.258
17000000	140000000	1029.5145
18000000	140000000	796.62494
19000000	140000000	747.03125
20000000	140000000	749.4673
21000000	140000000	804.0298
22000000	140000000	802.604
23000000	140000000	928.1558
24000000	140000000	905.28424
25000000	140000000	1021.0819
26000000	140000000	920.2602
27000000	140000000	1019.681
28000000	140000000	903.1488
29000000	140000000	902.8094
30000000	140000000	854.7581
31000000	140000000	862.7811
32000000	140000000	932.68225
33000000	140000000	883.6205
34000000	140000000	801.84265
35000000	140000000	818.6172
36000000	140000000	812.60565
37000000	140000000	920.14264
38000000	140000000	780.5807
39000000	140000000	866.87146
40000000	140000000	889.97705
41000000	140000000	917.5141
42000000	140000000	955.4224
43000000	140000000	1322.6711
44000000	140000000	1317.4562
45000000	140000000	1527.9922
46000000	140000000	1114.9071
49000000	140000000	2021.9159
50000000	140000000	1460.9945
51000000	140000000	1235.9197
52000000	140000000	1286.6495
53000000	140000000	1152.4543
54000000	140000000	1167.3517
55000000	140000000	996.48804
56000000	140000000	1066.9807
57000000	140000000	991.73047
58000000	140000000	878.0772
59000000	140000000	971.6953
60000000	140000000	1149.9214
61000000	140000000	1420.1571
62000000	140000000	1418.0708
63000000	140000000	1473.4197
64000000	140000000	1329.2554
65000000	140000000	1360.0195
66000000	140000000	1155.2922
67000000	140000000	1230.0237
68000000	140000000	1284.1422
69000000	140000000	NaN
70000000	140000000	916.0091
71000000	140000000	1463.7668
72000000	140000000	1639.3638
73000000	140000000	1248.4006
74000000	140000000	1553.4828
75000000	140000000	1431.7495
76000000	140000000	1348.0687
77000000	140000000	1209.7166
78000000	140000000	1272.3822
79000000	140000000	1640.7938
80000000	140000000	1420.8635
81000000	140000000	1538.9117
82000000	140000000	1726.4385
83000000	140000000	1476.047
84000000	140000000	1536.3773
85000000	140000000	1556.1948
86000000	140000000	1522.1406
87000000	140000000	1428.5004
88000000	140000000	1425.0847
89000000	140000000	1422.3241
90000000	140000000	1838.7684
91000000	140000000	1963.2683
92000000	140000000	1830.6779
93000000	140000000	2014.0684
94000000	140000000	2014.3442
95000000	140000000	1903.8624
96000000	140000000	2270.703
97000000	140000000	2441.4446
98000000	140000000	2338.162
99000000	140000000	2307.5786
100000000	140000000	2485.6868
101000000	140000000	2557.1357
102000000	140000000	2958.9634
103000000	140000000	2940.654
104000000	140000000	2875.6348
105000000	140000000	2516.945
106000000	140000000	2392.237
107000000	140000000	2393.8494
108000000	140000000	2853.6006
109000000	140000000	2847.6921
110000000	140000000	3238.731
111000000	140000000	3081.9597
112000000	140000000	3514.6304
113000000	140000000	3747.5916
114000000	140000000	4024.0322
115000000	140000000	3474.5789
116000000	140000000	3072.3013
117000000	140000000	3561.4702
118000000	140000000	4339.5903
119000000	140000000	4270.182
120000000	140000000	4690.4507
121000000	140000000	4726.8623
122000000	140000000	5083.207
123000000	140000000	4264.0786
124000000	140000000	4341.746
125000000	140000000	4622.535
126000000	140000000	5111.9927
127000000	140000000	5546.6704
128000000	140000000	6319.878
129000000	140000000	6345.5493
130000000	140000000	5813.1787
131000000	140000000	4974.9355
132000000	140000000	4709.86
133000000	140000000	5203.6104
134000000	140000000	8255.298
135000000	140000000	10037.513
136000000	140000000	13499.907
137000000	140000000	12072.061
138000000	140000000	11917.426
139000000	140000000	92301.945
140000000	140000000	530351.8
0	141000000	995.0679
1000000	141000000	969.854
2000000	141000000	446.4499
3000000	141000000	365.3302
4000000	141000000	353.6558
5000000	141000000	562.8747
6000000	141000000	715.06665
7000000	141000000	514.37335
8000000	141000000	434.84338
9000000	141000000	545.3905
10000000	141000000	802.9261
11000000	141000000	458.0819
12000000	141000000	326.195
13000000	141000000	435.71368
14000000	141000000	888.7299
15000000	141000000	429.99533
16000000	141000000	617.7397
17000000	141000000	603.0846
18000000	141000000	507.90762
19000000	141000000	438.76395
20000000	141000000	426.35324
21000000	141000000	469.34576
22000000	141000000	512.37354
23000000	141000000	522.14496
24000000	141000000	441.29572
25000000	141000000	460.75034
26000000	141000000	442.4573
27000000	141000000	423.4841
28000000	141000000	458.72568
29000000	141000000	445.9543
30000000	141000000	422.7022
31000000	141000000	832.3811
32000000	141000000	836.98956
33000000	141000000	641.1378
34000000	141000000	736.14667
35000000	141000000	699.7231
36000000	141000000	872.79517
37000000	141000000	851.2084
38000000	141000000	707.89355
39000000	141000000	585.4882
40000000	141000000	729.56305
41000000	141000000	629.7287
42000000	141000000	679.06366
43000000	141000000	927.4887
44000000	141000000	627.9507
45000000	141000000	498.16727
46000000	141000000	300.3268
49000000	141000000	951.9083
50000000	141000000	973.11926
51000000	141000000	752.7911
52000000	141000000	1126.1954
53000000	141000000	1367.456
54000000	141000000	1529.296
55000000	141000000	1371.9259
56000000	141000000	1316.6252
57000000	141000000	955.43207
58000000	141000000	1159.1351
59000000	141000000	1180.8467
60000000	141000000	1297.4386
61000000	141000000	1321.3715
62000000	141000000	771.6756
63000000	141000000	868.875
64000000	141000000	1267.5194
65000000	141000000	1536.9703
66000000	141000000	1320.5842
67000000	141000000	1201.1768
68000000	141000000	1402.1965
69000000	141000000	NaN
70000000	141000000	1122.751
71000000	141000000	1742.8911
72000000	141000000	1875.0557
73000000	141000000	1631.858
74000000	141000000	1542.8485
75000000	141000000	1497.3688
76000000	141000000	1756.6825
77000000	141000000	1508.4131
78000000	141000000	1705.0482
79000000	141000000	2087.69
80000000	141000000	1985.0748
81000000	141000000	1595.7249
82000000	141000000	1354.168
83000000	141000000	1111.8802
84000000	141000000	941.3627
85000000	141000000	1034.7389
86000000	141000000	1261.936
87000000	141000000	1241.3644
88000000	141000000	1534.744
89000000	141000000	1455.9191
90000000	141000000	1581.1127
91000000	141000000	1167.3374
92000000	141000000	1364.6886
93000000	141000000	1741.8141
94000000	141000000	2244.5857
95000000	141000000	2521.1638
96000000	141000000	2037.935
97000000	141000000	1322.376
98000000	141000000	1649.0126
99000000	141000000	1522.5249
100000000	141000000	1761.8578
101000000	141000000	1697.2466
102000000	141000000	2651.515
103000000	141000000	1683.7
104000000	141000000	1538.5521
105000000	141000000	1645.7186
106000000	141000000	2375.6208
107000000	141000000	2613.5288
108000000	141000000	2534.657
109000000	141000000	2171.1245
110000000	141000000	2652.1265
111000000	141000000	3456.9182
112000000	141000000	3859.431
113000000	141000000	2397.686
114000000	141000000	3103.928
115000000	141000000	3394.3096
116000000	141000000	2658.6877
117000000	141000000	2367.953
118000000	141000000	3719.0908
119000000	141000000	2652.6135
120000000	141000000	2768.0881
121000000	141000000	3671.6187
122000000	141000000	4421.861
123000000	141000000	3179.987
124000000	141000000	3592.6921
125000000	141000000	3655.52
126000000	141000000	4928.8013
127000000	141000000	4258.718
128000000	141000000	3799.4824
129000000	141000000	4218.4253
130000000	141000000	5386.2354
131000000	141000000	6378.253
132000000	141000000	7264.816
133000000	141000000	7098.055
134000000	141000000	11732.997
135000000	141000000	11780.203
136000000	141000000	13899.068
137000000	141000000	11802.21
138000000	141000000	11553.019
139000000	141000000	25233.34
140000000	141000000	72731.06
141000000	141000000	510735.1
0	142000000	750.74365
1000000	142000000	674.0107
2000000	142000000	259.58923
3000000	142000000	199.7645
4000000	142000000	195.91641
5000000	142000000	410.92307
6000000	142000000	559.6237
7000000	142000000	345.5621
8000000	142000000	287.19525
9000000	142000000	442.55658
10000000	142000000	756.91016
11000000	142000000	307.95035
12000000	142000000	230.85222
13000000	142000000	254.85744
14000000	142000000	775.33527
15000000	142000000	287.08328
16000000	142000000	414.4834
17000000	142000000	482.1623
18000000	142000000	388.65717
19000000	142000000	342.44357
20000000	142000000	310.7568
21000000	142000000	384.36798
22000000	142000000	403.39423
23000000	142000000	406.1967
24000000	142000000	260.43692
25000000	142000000	310.93808
26000000	142000000	276.51105
27000000	142000000	301.853
28000000	142000000	277.80853
29000000	142000000	280.7619
30000000	142000000	267.47452
31000000	142000000	581.29266
32000000	142000000	741.7751
33000000	142000000	633.1183
34000000	142000000	590.42993
35000000	142000000	634.7066
36000000	142000000	669.1483
37000000	142000000	836.73615
38000000	142000000	494.20593
39000000	142000000	472.83292
40000000	142000000	651.12604
41000000	142000000	536.351
42000000	142000000	484.04675
43000000	142000000	967.6126
44000000	142000000	370.90158
45000000	142000000	278.36316
46000000	142000000	101.52067
49000000	142000000	835.5715
50000000	142000000	684.2457
51000000	142000000	559.1393
52000000	142000000	979.8608
53000000	142000000	1064.7167
54000000	142000000	1251.7507
55000000	142000000	1587.9102
56000000	142000000	1108.7952
57000000	142000000	707.12445
58000000	142000000	925.43945
59000000	142000000	1103.542
60000000	142000000	1217.3533
61000000	142000000	1160.7372
62000000	142000000	534.9964
63000000	142000000	695.4572
64000000	142000000	1517.167
65000000	142000000	1401.8988
66000000	142000000	1043.7029
67000000	142000000	1218.7582
68000000	142000000	1389.4352
69000000	142000000	NaN
70000000	142000000	972.52893
71000000	142000000	1393.365
72000000	142000000	1369.6343
73000000	142000000	1405.8226
74000000	142000000	1370.0479
75000000	142000000	1473.1827
76000000	142000000	1571.2615
77000000	142000000	1717.6139
78000000	142000000	1772.4229
79000000	142000000	1739.0359
80000000	142000000	1860.4794
81000000	142000000	1661.0579
82000000	142000000	1569.445
83000000	142000000	1031.5573
84000000	142000000	805.526
85000000	142000000	826.6022
86000000	142000000	1463.7148
87000000	142000000	1019.1282
88000000	142000000	2331.412
89000000	142000000	1715.9695
90000000	142000000	1476.3666
91000000	142000000	898.691
92000000	142000000	1143.9009
93000000	142000000	1771.7517
94000000	142000000	2507.249
95000000	142000000	2670.2551
96000000	142000000	2500.8225
97000000	142000000	1198.0964
98000000	142000000	1693.8876
99000000	142000000	1461.9226
100000000	142000000	2182.7627
101000000	142000000	1389.8514
102000000	142000000	3030.6511
103000000	142000000	1394.3278
104000000	142000000	1149.4578
105000000	142000000	1550.8685
106000000	142000000	2795.5984
107000000	142000000	2623.964
108000000	142000000	2898.878
109000000	142000000	1730.7589
110000000	142000000	3123.839
111000000	142000000	3355.6475
112000000	142000000	3594.3481
113000000	142000000	1891.2366
114000000	142000000	3070.6487
115000000	142000000	3709.7214
116000000	142000000	2767.22
117000000	142000000	1906.4789
118000000	142000000	4769.525
119000000	142000000	2100.129
120000000	142000000	2187.3152
121000000	142000000	3106.5312
122000000	142000000	4447.6963
123000000	142000000	2987.616
124000000	142000000	3925.715
125000000	142000000	3059.2827
126000000	142000000	5311.466
127000000	142000000	4414.934
128000000	142000000	2964.5469
129000000	142000000	2947.048
130000000	142000000	5387.6543
131000000	142000000	5945.0903
132000000	142000000	5615.1987
133000000	142000000	5999.434
134000000	142000000	6886.11
135000000	142000000	6590.8154
136000000	142000000	6769.36
137000000	142000000	8656.926
138000000	142000000	8781.702
139000000	142000000	14284.778
140000000	142000000	16491.418
141000000	142000000	91913.88
142000000	142000000	512912.56
0	143000000	486.58157
1000000	143000000	437.02225
2000000	143000000	296.83234
3000000	143000000	288.75812
4000000	143000000	317.4794
5000000	143000000	426.74924
6000000	143000000	472.31406
7000000	143000000	428.25507
8000000	143000000	402.93933
9000000	143000000	508.29697
10000000	143000000	556.09503
11000000	143000000	420.95395
12000000	143000000	398.06335
13000000	143000000	444.88742
14000000	143000000	644.7316
15000000	143000000	459.5999
16000000	143000000	524.34393
17000000	143000000	517.4526
18000000	143000000	492.19983
19000000	143000000	514.7124
20000000	143000000	528.1658
21000000	143000000	578.9617
22000000	143000000	618.07385
23000000	143000000	622.89606
24000000	143000000	537.2463
25000000	143000000	544.24536
26000000	143000000	489.07153
27000000	143000000	504.19635
28000000	143000000	508.42847
29000000	143000000	544.29865
30000000	143000000	542.0263
31000000	143000000	670.3251
32000000	143000000	594.91425
33000000	143000000	551.6428
34000000	143000000	566.9938
35000000	143000000	563.052
36000000	143000000	634.9514
37000000	143000000	627.179
38000000	143000000	599.97
39000000	143000000	592.0551
40000000	143000000	682.5053
41000000	143000000	654.93115
42000000	143000000	636.8575
43000000	143000000	769.68335
44000000	143000000	624.0497
45000000	143000000	422.09018
46000000	143000000	312.51895
49000000	143000000	862.0232
50000000	143000000	1004.9199
51000000	143000000	1061.1537
52000000	143000000	1165.2269
53000000	143000000	1147.9152
54000000	143000000	1126.597
55000000	143000000	1006.57086
56000000	143000000	972.6196
57000000	143000000	1064.2345
58000000	143000000	1145.72
59000000	143000000	1252.6016
60000000	143000000	1215.5062
61000000	143000000	1273.015
62000000	143000000	1135.4719
63000000	143000000	1132.1866
64000000	143000000	1158.776
65000000	143000000	1149.1716
66000000	143000000	1076.5144
67000000	143000000	1013.55914
68000000	143000000	892.3575
69000000	143000000	NaN
70000000	143000000	744.0053
71000000	143000000	1157.6613
72000000	143000000	1184.7175
73000000	143000000	1074.1622
74000000	143000000	987.41705
75000000	143000000	991.3537
76000000	143000000	1056.273
77000000	143000000	971.22064
78000000	143000000	1073.0074
79000000	143000000	1299.2651
80000000	143000000	1356.849
81000000	143000000	1334.1194
82000000	143000000	1476.0682
83000000	143000000	1385.2048
84000000	143000000	1429.0697
85000000	143000000	1507.6764
86000000	143000000	1556.5776
87000000	143000000	1546.0424
88000000	143000000	1535.093
89000000	143000000	1536.5452
90000000	143000000	1918.773
91000000	143000000	1799.817
92000000	143000000	1851.6064
93000000	143000000	1990.6423
94000000	143000000	2046.3551
95000000	143000000	1873.2352
96000000	143000000	1769.7437
97000000	143000000	1754.3058
98000000	143000000	2036.8965
99000000	143000000	2164.2527
100000000	143000000	2262.6401
101000000	143000000	2567.228
102000000	143000000	2974.8096
103000000	143000000	2741.8376
104000000	143000000	2534.3752
105000000	143000000	2645.801
106000000	143000000	2801.0693
107000000	143000000	2858.5452
108000000	143000000	2569.981
109000000	143000000	2757.4556
110000000	143000000	2792.0479
111000000	143000000	2962.6052
112000000	143000000	3393.2727
113000000	143000000	3276.8586
114000000	143000000	3210.6265
115000000	143000000	3495.9236
116000000	143000000	3512.638
117000000	143000000	3633.2856
118000000	143000000	3823.2856
119000000	143000000	4193.1455
120000000	143000000	4474.8945
121000000	143000000	4687.9023
122000000	143000000	4885.83
123000000	143000000	3773.2615
124000000	143000000	3843.92
125000000	143000000	4268.7354
126000000	143000000	4675.116
127000000	143000000	5016.613
128000000	143000000	5772.2246
129000000	143000000	5482.128
130000000	143000000	4623.823
131000000	143000000	4004.2073
132000000	143000000	3551.901
133000000	143000000	3512.5127
134000000	143000000	5968.706
135000000	143000000	7838.6714
136000000	143000000	8562.215
137000000	143000000	5128.4272
138000000	143000000	4622.642
139000000	143000000	7509.4536
140000000	143000000	15257.774
141000000	143000000	38637.918
142000000	143000000	180936.6
143000000	143000000	421748.62
0	144000000	282.55664
1000000	144000000	312.05707
2000000	144000000	420.35217
3000000	144000000	434.7088
4000000	144000000	537.0563
5000000	144000000	473.70547
6000000	144000000	412.65137
7000000	144000000	572.829
8000000	144000000	606.1629
9000000	144000000	521.30524
10000000	144000000	407.2848
11000000	144000000	603.3063
12000000	144000000	635.3697
13000000	144000000	622.9956
14000000	144000000	444.66092
15000000	144000000	661.37085
16000000	144000000	639.31036
17000000	144000000	512.2199
18000000	144000000	585.6837
19000000	144000000	703.83997
20000000	144000000	724.9792
21000000	144000000	779.5351
22000000	144000000	902.0383
23000000	144000000	779.58655
24000000	144000000	728.5262
25000000	144000000	728.5924
26000000	144000000	738.3206
27000000	144000000	682.87726
28000000	144000000	697.9338
29000000	144000000	846.9827
30000000	144000000	848.2735
31000000	144000000	658.27
32000000	144000000	458.23682
33000000	144000000	530.8489
34000000	144000000	504.36877
35000000	144000000	538.1849
36000000	144000000	526.1163
37000000	144000000	411.41025
38000000	144000000	741.9167
39000000	144000000	722.5397
40000000	144000000	625.6254
41000000	144000000	746.94403
42000000	144000000	818.1998
43000000	144000000	545.6067
44000000	144000000	837.07874
45000000	144000000	751.4571
46000000	144000000	491.5318
49000000	144000000	844.56744
50000000	144000000	1422.6963
51000000	144000000	1794.6814
52000000	144000000	1252.5999
53000000	144000000	1140.2831
54000000	144000000	893.6084
55000000	144000000	520.9409
56000000	144000000	843.06366
57000000	144000000	1579.7393
58000000	144000000	1446.7894
59000000	144000000	1161.5417
60000000	144000000	953.83264
61000000	144000000	1263.8073
62000000	144000000	1779.6375
63000000	144000000	1660.4347
64000000	144000000	796.20294
65000000	144000000	993.24414
66000000	144000000	1133.5275
67000000	144000000	771.2502
68000000	144000000	639.3388
69000000	144000000	NaN
70000000	144000000	517.9604
71000000	144000000	916.53296
72000000	144000000	1113.4459
73000000	144000000	802.6454
74000000	144000000	716.06824
75000000	144000000	721.59827
76000000	144000000	729.39655
77000000	144000000	502.58188
78000000	144000000	645.2488
79000000	144000000	855.06995
80000000	144000000	937.2719
81000000	144000000	1074.3103
82000000	144000000	1315.8379
83000000	144000000	1931.5524
84000000	144000000	2344.7756
85000000	144000000	2354.8901
86000000	144000000	1586.3367
87000000	144000000	2196.265
88000000	144000000	820.06213
89000000	144000000	1222.8333
90000000	144000000	2170.4878
91000000	144000000	3101.844
92000000	144000000	2562.685
93000000	144000000	1983.5173
94000000	144000000	1484.1488
95000000	144000000	1162.8206
96000000	144000000	1253.4661
97000000	144000000	2551.614
98000000	144000000	2382.0984
99000000	144000000	2725.0989
100000000	144000000	2336.9592
101000000	144000000	3811.3542
102000000	144000000	2567.6836
103000000	144000000	4350.0923
104000000	144000000	4561.149
105000000	144000000	3936.9688
106000000	144000000	2705.8247
107000000	144000000	2639.0088
108000000	144000000	1963.383
109000000	144000000	3861.6934
110000000	144000000	2361.868
111000000	144000000	2207.6558
112000000	144000000	2945.0312
113000000	144000000	5041.544
114000000	144000000	3458.0767
115000000	144000000	2892.5503
116000000	144000000	4032.996
117000000	144000000	5456.788
118000000	144000000	2953.1104
119000000	144000000	6498.006
120000000	144000000	7620.761
121000000	144000000	6223.4014
122000000	144000000	4799.9604
123000000	144000000	4303.5464
124000000	144000000	3775.2117
125000000	144000000	5525.4795
126000000	144000000	4019.4336
127000000	144000000	5644.585
128000000	144000000	8748.733
129000000	144000000	8696.67
130000000	144000000	4265.9824
131000000	144000000	2522.024
132000000	144000000	2443.3977
133000000	144000000	2027.9045
134000000	144000000	5009.9077
135000000	144000000	9107.721
136000000	144000000	10497.38
137000000	144000000	2797.8447
138000000	144000000	2418.5986
139000000	144000000	3833.1936
140000000	144000000	16120.858
141000000	144000000	18975.83
142000000	144000000	20545.486
143000000	144000000	104691.42
144000000	144000000	481173.53
0	145000000	503.33423
1000000	145000000	534.19885
2000000	145000000	355.51544
3000000	145000000	333.34262
4000000	145000000	302.43076
5000000	145000000	450.5761
6000000	145000000	516.96674
7000000	145000000	466.75534
8000000	145000000	447.0225
9000000	145000000	513.11597
10000000	145000000	631.582
11000000	145000000	486.18787
12000000	145000000	374.05557
13000000	145000000	511.98416
14000000	145000000	721.31323
15000000	145000000	468.64658
16000000	145000000	547.6801
17000000	145000000	491.4041
18000000	145000000	541.61
19000000	145000000	546.9756
20000000	145000000	516.4946
21000000	145000000	592.52435
22000000	145000000	629.75073
23000000	145000000	593.8661
24000000	145000000	521.5562
25000000	145000000	457.70407
26000000	145000000	466.2761
27000000	145000000	514.06384
28000000	145000000	536.68365
29000000	145000000	527.85
30000000	145000000	499.00067
31000000	145000000	767.04553
32000000	145000000	692.331
33000000	145000000	598.5586
34000000	145000000	581.5973
35000000	145000000	552.4646
36000000	145000000	677.46356
37000000	145000000	720.6454
38000000	145000000	665.679
39000000	145000000	646.9593
40000000	145000000	726.46857
41000000	145000000	737.83325
42000000	145000000	688.45465
43000000	145000000	780.7223
44000000	145000000	623.6601
45000000	145000000	404.4359
46000000	145000000	278.60382
49000000	145000000	802.98535
50000000	145000000	1109.0638
51000000	145000000	1121.2628
52000000	145000000	1213.8868
53000000	145000000	1176.5059
54000000	145000000	1154.3973
55000000	145000000	837.11
56000000	145000000	1124.7377
57000000	145000000	1175.8516
58000000	145000000	1244.851
59000000	145000000	1237.941
60000000	145000000	1191.9067
61000000	145000000	1602.5005
62000000	145000000	1270.0713
63000000	145000000	1242.8927
64000000	145000000	1192.0519
65000000	145000000	1277.7451
66000000	145000000	1071.7001
67000000	145000000	883.5068
68000000	145000000	924.03436
69000000	145000000	NaN
70000000	145000000	943.345
71000000	145000000	1122.3112
72000000	145000000	1346.1873
73000000	145000000	974.6571
74000000	145000000	1027.7534
75000000	145000000	846.2856
76000000	145000000	935.95557
77000000	145000000	829.6493
78000000	145000000	965.81744
79000000	145000000	1202.4692
80000000	145000000	1265.245
81000000	145000000	1212.6862
82000000	145000000	1369.4253
83000000	145000000	1460.3634
84000000	145000000	1399.843
85000000	145000000	1636.0989
86000000	145000000	1761.0491
87000000	145000000	1798.2026
88000000	145000000	1380.0201
89000000	145000000	1412.179
90000000	145000000	2000.0386
91000000	145000000	1813.484
92000000	145000000	1966.1503
93000000	145000000	2074.68
94000000	145000000	2082.742
95000000	145000000	1796.1747
96000000	145000000	1929.1511
97000000	145000000	1844.5574
98000000	145000000	2454.8977
99000000	145000000	2207.4507
100000000	145000000	2225.2593
101000000	145000000	2664.8447
102000000	145000000	3305.9927
103000000	145000000	2616.0376
104000000	145000000	2648.581
105000000	145000000	2713.6938
106000000	145000000	2795.8948
107000000	145000000	3043.966
108000000	145000000	2624.889
109000000	145000000	3097.8352
110000000	145000000	3033.0466
111000000	145000000	2906.1475
112000000	145000000	4279.638
113000000	145000000	3610.4058
114000000	145000000	3630.4727
115000000	145000000	3554.1543
116000000	145000000	3472.0938
117000000	145000000	3772.0022
118000000	145000000	4394.9375
119000000	145000000	4621.636
120000000	145000000	4722.4365
121000000	145000000	5181.0835
122000000	145000000	5392.818
123000000	145000000	3526.3123
124000000	145000000	3633.66
125000000	145000000	4666.0996
126000000	145000000	5477.567
127000000	145000000	5613.7173
128000000	145000000	6508.78
129000000	145000000	6340.046
130000000	145000000	5707.8945
131000000	145000000	4026.0127
132000000	145000000	3673.3818
133000000	145000000	3444.1753
134000000	145000000	7292.538
135000000	145000000	8594.266
136000000	145000000	9363.5
137000000	145000000	5347.778
138000000	145000000	4104.9917
139000000	145000000	7155.444
140000000	145000000	13882.583
141000000	145000000	20916.598
142000000	145000000	23397.94
143000000	145000000	50280.555
144000000	145000000	93648.52
145000000	145000000	436493.28
0	146000000	359.66498
1000000	146000000	404.9173
2000000	146000000	481.24948
3000000	146000000	395.88565
4000000	146000000	435.4502
5000000	146000000	484.04266
6000000	146000000	480.15518
7000000	146000000	569.40173
8000000	146000000	536.6007
9000000	146000000	579.2143
10000000	146000000	516.54724
11000000	146000000	596.41296
12000000	146000000	550.5886
13000000	146000000	620.2757
14000000	146000000	527.04944
15000000	146000000	597.52795
16000000	146000000	569.52057
17000000	146000000	452.10535
18000000	146000000	521.5547
19000000	146000000	596.8795
20000000	146000000	603.38806
21000000	146000000	735.44415
22000000	146000000	722.2101
23000000	146000000	686.39856
24000000	146000000	611.1471
25000000	146000000	639.6969
26000000	146000000	583.7839
27000000	146000000	557.87775
28000000	146000000	627.40375
29000000	146000000	735.8248
30000000	146000000	763.3354
31000000	146000000	761.1143
32000000	146000000	522.9586
33000000	146000000	497.19135
34000000	146000000	529.002
35000000	146000000	545.95746
36000000	146000000	547.68243
37000000	146000000	515.4974
38000000	146000000	719.62823
39000000	146000000	716.41693
40000000	146000000	617.50903
41000000	146000000	692.7341
42000000	146000000	759.2182
43000000	146000000	546.74677
44000000	146000000	724.78406
45000000	146000000	597.1917
46000000	146000000	288.42538
49000000	146000000	756.93994
50000000	146000000	1242.9026
51000000	146000000	1375.1947
52000000	146000000	1229.8905
53000000	146000000	1185.3549
54000000	146000000	1021.10144
55000000	146000000	637.51385
56000000	146000000	1007.18524
57000000	146000000	1598.0228
58000000	146000000	1592.6154
59000000	146000000	1312.7965
60000000	146000000	1129.2982
61000000	146000000	1429.8169
62000000	146000000	1675.3558
63000000	146000000	1492.479
64000000	146000000	836.74207
65000000	146000000	1040.1521
66000000	146000000	1213.1887
67000000	146000000	825.0916
68000000	146000000	720.27045
69000000	146000000	NaN
70000000	146000000	596.2876
71000000	146000000	1023.0745
72000000	146000000	1185.8859
73000000	146000000	1006.0277
74000000	146000000	781.37915
75000000	146000000	763.37506
76000000	146000000	801.4269
77000000	146000000	558.1385
78000000	146000000	700.7568
79000000	146000000	960.71533
80000000	146000000	1022.5733
81000000	146000000	1086.1127
82000000	146000000	1238.9731
83000000	146000000	1617.7994
84000000	146000000	1916.9689
85000000	146000000	1988.1167
86000000	146000000	1648.7195
87000000	146000000	2115.6753
88000000	146000000	1050.9753
89000000	146000000	1251.8744
90000000	146000000	2016.6167
91000000	146000000	2433.755
92000000	146000000	2274.574
93000000	146000000	1924.8171
94000000	146000000	1658.996
95000000	146000000	1388.4944
96000000	146000000	1287.713
97000000	146000000	2022.4485
98000000	146000000	2130.794
99000000	146000000	2598.26
100000000	146000000	2142.4583
101000000	146000000	3177.9067
102000000	146000000	2635.416
103000000	146000000	3470.515
104000000	146000000	3767.5864
105000000	146000000	3350.3809
106000000	146000000	2958.1624
107000000	146000000	2828.0806
108000000	146000000	1993.4126
109000000	146000000	3585.9897
110000000	146000000	2514.865
111000000	146000000	2517.9922
112000000	146000000	3355.3977
113000000	146000000	4387.975
114000000	146000000	3402.8315
115000000	146000000	3168.0732
116000000	146000000	3898.7908
117000000	146000000	4923.971
118000000	146000000	3239.7778
119000000	146000000	5648.896
120000000	146000000	6264.818
121000000	146000000	5647.1943
122000000	146000000	4900.576
123000000	146000000	3908.9265
124000000	146000000	3472.8333
125000000	146000000	4984.565
126000000	146000000	4308.9585
127000000	146000000	5401.4307
128000000	146000000	7978.004
129000000	146000000	7784.4546
130000000	146000000	4702.431
131000000	146000000	2977.2556
132000000	146000000	2841.2039
133000000	146000000	2411.4607
134000000	146000000	5915.1694
135000000	146000000	9094.887
136000000	146000000	10330.141
137000000	146000000	2887.3794
138000000	146000000	2562.9392
139000000	146000000	3820.7344
140000000	146000000	10363.653
141000000	146000000	11932.496
142000000	146000000	9570.664
143000000	146000000	21472.018
144000000	146000000	40977.402
145000000	146000000	95759.1
146000000	146000000	454217.03
0	147000000	446.45444
1000000	147000000	418.61353
2000000	147000000	411.07608
3000000	147000000	359.07428
4000000	147000000	369.74356
5000000	147000000	453.88535
6000000	147000000	456.96283
7000000	147000000	575.68835
8000000	147000000	500.6035
9000000	147000000	524.6613
10000000	147000000	481.03885
11000000	147000000	600.6195
12000000	147000000	530.4372
13000000	147000000	633.5184
14000000	147000000	569.3294
15000000	147000000	599.21356
16000000	147000000	578.5892
17000000	147000000	506.97238
18000000	147000000	564.43115
19000000	147000000	660.4402
20000000	147000000	682.7461
21000000	147000000	704.5442
22000000	147000000	719.2049
23000000	147000000	652.4583
24000000	147000000	625.017
25000000	147000000	595.0239
26000000	147000000	618.07526
27000000	147000000	698.3309
28000000	147000000	707.3346
29000000	147000000	802.2856
30000000	147000000	770.4759
31000000	147000000	709.26416
32000000	147000000	538.1093
33000000	147000000	472.05396
34000000	147000000	516.0635
35000000	147000000	607.9187
36000000	147000000	555.5459
37000000	147000000	530.97656
38000000	147000000	736.7164
39000000	147000000	706.13696
40000000	147000000	616.7735
41000000	147000000	697.6455
42000000	147000000	694.74164
43000000	147000000	560.37317
44000000	147000000	713.7412
45000000	147000000	592.5572
46000000	147000000	270.48712
49000000	147000000	721.7873
50000000	147000000	1247.4672
51000000	147000000	1354.4185
52000000	147000000	1149.9167
53000000	147000000	1122.7172
54000000	147000000	961.44916
55000000	147000000	648.6846
56000000	147000000	967.73694
57000000	147000000	1526.5094
58000000	147000000	1476.4783
59000000	147000000	1233.2479
60000000	147000000	1061.3862
61000000	147000000	1390.7329
62000000	147000000	1578.8491
63000000	147000000	1404.7887
64000000	147000000	856.70984
65000000	147000000	1103.2749
66000000	147000000	1164.077
67000000	147000000	798.6295
68000000	147000000	716.4119
69000000	147000000	NaN
70000000	147000000	607.861
71000000	147000000	1015.8836
72000000	147000000	1178.9276
73000000	147000000	997.89484
74000000	147000000	865.0871
75000000	147000000	788.93665
76000000	147000000	800.3939
77000000	147000000	579.807
78000000	147000000	792.66986
79000000	147000000	977.3362
80000000	147000000	1005.2397
81000000	147000000	1134.3584
82000000	147000000	1170.1246
83000000	147000000	1662.6572
84000000	147000000	1987.7446
85000000	147000000	2102.852
86000000	147000000	1655.7524
87000000	147000000	2126.4253
88000000	147000000	1019.6997
89000000	147000000	1280.7017
90000000	147000000	2045.8829
91000000	147000000	2508.2148
92000000	147000000	2287.0583
93000000	147000000	1925.8948
94000000	147000000	1672.9749
95000000	147000000	1369.1544
96000000	147000000	1329.9775
97000000	147000000	2120.3435
98000000	147000000	2229.2695
99000000	147000000	2641.909
100000000	147000000	2008.0552
101000000	147000000	3274.9485
102000000	147000000	2669.788
103000000	147000000	3712.7527
104000000	147000000	3788.4265
105000000	147000000	3435.5632
106000000	147000000	2893.8389
107000000	147000000	2851.413
108000000	147000000	2091.1711
109000000	147000000	3574.13
110000000	147000000	2547.4307
111000000	147000000	2441.7163
112000000	147000000	3398.1643
113000000	147000000	4368.9243
114000000	147000000	3310.7788
115000000	147000000	2927.0085
116000000	147000000	3815.9587
117000000	147000000	4855.5933
118000000	147000000	3183.0386
119000000	147000000	5703.6895
120000000	147000000	6542.6016
121000000	147000000	5655.525
122000000	147000000	4520.5146
123000000	147000000	3817.564
124000000	147000000	3340.739
125000000	147000000	4879.4614
126000000	147000000	4227.732
127000000	147000000	5347.287
128000000	147000000	7835.8804
129000000	147000000	7656.7397
130000000	147000000	4392.8276
131000000	147000000	2838.193
132000000	147000000	2633.2673
133000000	147000000	2258.8884
134000000	147000000	5376.6704
135000000	147000000	8213.24
136000000	147000000	8915.666
137000000	147000000	2844.5796
138000000	147000000	2479.6528
139000000	147000000	3463.454
140000000	147000000	8302.669
141000000	147000000	8729.236
142000000	147000000	6850.868
143000000	147000000	13723.014
144000000	147000000	23828.531
145000000	147000000	29694.477
146000000	147000000	91695.13
147000000	147000000	467046.56
0	148000000	669.1833
1000000	148000000	662.5918
2000000	148000000	355.89853
3000000	148000000	275.49084
4000000	148000000	299.7394
5000000	148000000	463.18262
6000000	148000000	572.11975
7000000	148000000	501.71753
8000000	148000000	401.24777
9000000	148000000	508.11136
10000000	148000000	675.8024
11000000	148000000	432.9184
12000000	148000000	363.27332
13000000	148000000	444.29868
14000000	148000000	791.6987
15000000	148000000	470.41275
16000000	148000000	540.59467
17000000	148000000	453.8698
18000000	148000000	418.85202
19000000	148000000	455.81833
20000000	148000000	459.66605
21000000	148000000	508.83762
22000000	148000000	506.63657
23000000	148000000	460.79385
24000000	148000000	427.58368
25000000	148000000	392.47418
26000000	148000000	425.2263
27000000	148000000	367.98575
28000000	148000000	414.19577
29000000	148000000	422.19675
30000000	148000000	427.94733
31000000	148000000	744.56757
32000000	148000000	715.4844
33000000	148000000	612.90515
34000000	148000000	588.03625
35000000	148000000	563.586
36000000	148000000	710.9997
37000000	148000000	733.0988
38000000	148000000	667.11975
39000000	148000000	575.3754
40000000	148000000	607.58
41000000	148000000	612.5666
42000000	148000000	582.28894
43000000	148000000	751.0501
44000000	148000000	480.24252
45000000	148000000	312.82925
46000000	148000000	183.64885
49000000	148000000	644.7933
50000000	148000000	833.6272
51000000	148000000	769.0669
52000000	148000000	1072.7861
53000000	148000000	1127.7946
54000000	148000000	1242.2225
55000000	148000000	1088.501
56000000	148000000	1126.4926
57000000	148000000	1075.7423
58000000	148000000	1207.822
59000000	148000000	1267.3757
60000000	148000000	1287.4933
61000000	148000000	1254.5769
62000000	148000000	948.50226
63000000	148000000	978.77435
64000000	148000000	1109.0593
65000000	148000000	1299.0304
66000000	148000000	1150.0823
67000000	148000000	960.4147
68000000	148000000	1063.6016
69000000	148000000	NaN
70000000	148000000	931.42194
71000000	148000000	1326.5062
72000000	148000000	1469.4224
73000000	148000000	1244.2197
74000000	148000000	1139.8949
75000000	148000000	1011.59674
76000000	148000000	1207.0276
77000000	148000000	1110.6334
78000000	148000000	1272.4479
79000000	148000000	1516.2985
80000000	148000000	1471.5813
81000000	148000000	1353.8181
82000000	148000000	1247.2255
83000000	148000000	1099.4308
84000000	148000000	1076.0571
85000000	148000000	1161.9406
86000000	148000000	1340.6931
87000000	148000000	1379.4703
88000000	148000000	1425.0868
89000000	148000000	1364.0105
90000000	148000000	1560.969
91000000	148000000	1359.3506
92000000	148000000	1448.1019
93000000	148000000	1722.3114
94000000	148000000	2018.0143
95000000	148000000	2049.0742
96000000	148000000	1777.7933
97000000	148000000	1535.1407
98000000	148000000	1703.4226
99000000	148000000	1676.1566
100000000	148000000	1763.5577
101000000	148000000	1911.1945
102000000	148000000	2662.7568
103000000	148000000	1963.0764
104000000	148000000	1932.6553
105000000	148000000	1870.1559
106000000	148000000	2619.298
107000000	148000000	2709.2761
108000000	148000000	2421.4634
109000000	148000000	2416.0496
110000000	148000000	2669.37
111000000	148000000	3040.4695
112000000	148000000	3844.2058
113000000	148000000	2757.933
114000000	148000000	3067.62
115000000	148000000	3421.7761
116000000	148000000	3005.4265
117000000	148000000	2841.2317
118000000	148000000	3682.3242
119000000	148000000	3100.7832
120000000	148000000	3352.5552
121000000	148000000	3914.8508
122000000	148000000	4499.9155
123000000	148000000	3110.7173
124000000	148000000	3383.6594
125000000	148000000	3795.155
126000000	148000000	4799.504
127000000	148000000	4510.92
128000000	148000000	4368.785
129000000	148000000	4495.4336
130000000	148000000	4773.47
131000000	148000000	4653.4053
132000000	148000000	4806.1445
133000000	148000000	4496.604
134000000	148000000	7960.409
135000000	148000000	8064.8325
136000000	148000000	8346.823
137000000	148000000	5335.042
138000000	148000000	4360.1387
139000000	148000000	5944.0557
140000000	148000000	6711.206
141000000	148000000	12128.83
142000000	148000000	9700.529
143000000	148000000	10593.936
144000000	148000000	11441.074
145000000	148000000	20625.473
146000000	148000000	29751.006
147000000	148000000	106215.234
148000000	148000000	466592.62
0	149000000	1207.9073
1000000	149000000	953.5682
2000000	149000000	231.1498
3000000	149000000	198.81767
4000000	149000000	183.36223
5000000	149000000	454.45544
6000000	149000000	607.64703
7000000	149000000	340.83188
8000000	149000000	291.26584
9000000	149000000	414.79947
10000000	149000000	742.3721
11000000	149000000	275.35703
12000000	149000000	202.25026
13000000	149000000	261.9113
14000000	149000000	818.382
15000000	149000000	265.60284
16000000	149000000	364.78317
17000000	149000000	416.1643
18000000	149000000	319.32922
19000000	149000000	290.8241
20000000	149000000	260.21747
21000000	149000000	361.54733
22000000	149000000	347.69293
23000000	149000000	366.89603
24000000	149000000	244.87675
25000000	149000000	242.88028
26000000	149000000	243.24835
27000000	149000000	278.42902
28000000	149000000	280.78702
29000000	149000000	234.47943
30000000	149000000	267.5945
31000000	149000000	607.2824
32000000	149000000	783.8066
33000000	149000000	555.50323
34000000	149000000	674.1907
35000000	149000000	601.8583
36000000	149000000	777.9537
37000000	149000000	871.7666
38000000	149000000	503.6168
39000000	149000000	443.70688
40000000	149000000	583.41876
41000000	149000000	422.68176
42000000	149000000	446.5186
43000000	149000000	900.04706
44000000	149000000	311.06046
45000000	149000000	230.22691
46000000	149000000	130.20615
49000000	149000000	549.0053
50000000	149000000	491.60947
51000000	149000000	406.2934
52000000	149000000	733.4517
53000000	149000000	895.2936
54000000	149000000	1268.43
55000000	149000000	1586.9248
56000000	149000000	1151.9485
57000000	149000000	564.1816
58000000	149000000	787.14325
59000000	149000000	940.1553
60000000	149000000	1023.36304
61000000	149000000	932.01196
62000000	149000000	429.3874
63000000	149000000	507.67828
64000000	149000000	1291.1781
65000000	149000000	1423.1199
66000000	149000000	1000.89984
67000000	149000000	1219.1124
68000000	149000000	1602.6183
69000000	149000000	NaN
70000000	149000000	1257.4321
71000000	149000000	1625.1678
72000000	149000000	1653.237
73000000	149000000	1616.0377
74000000	149000000	1550.7869
75000000	149000000	1643.3883
76000000	149000000	1814.1836
77000000	149000000	1913.9467
78000000	149000000	1999.9222
79000000	149000000	1934.9839
80000000	149000000	1882.3801
81000000	149000000	1354.6702
82000000	149000000	1056.1105
83000000	149000000	686.7406
84000000	149000000	542.02985
85000000	149000000	596.87067
86000000	149000000	999.42126
87000000	149000000	767.5803
88000000	149000000	1622.3958
89000000	149000000	1217.3317
90000000	149000000	1062.2499
91000000	149000000	645.9719
92000000	149000000	758.75323
93000000	149000000	1246.0095
94000000	149000000	2078.4895
95000000	149000000	2396.5854
96000000	149000000	2062.4985
97000000	149000000	886.6868
98000000	149000000	1217.4583
99000000	149000000	951.85834
100000000	149000000	1341.6119
101000000	149000000	938.29614
102000000	149000000	2066.3562
103000000	149000000	883.98846
104000000	149000000	755.9332
105000000	149000000	971.813
106000000	149000000	1784.8065
107000000	149000000	1917.8485
108000000	149000000	2365.8115
109000000	149000000	1409.5457
110000000	149000000	2413.0852
111000000	149000000	2991.1975
112000000	149000000	3135.7234
113000000	149000000	1466.4283
114000000	149000000	2397.5515
115000000	149000000	2855.1543
116000000	149000000	2077.851
117000000	149000000	1316.2089
118000000	149000000	3377.83
119000000	149000000	1453.0742
120000000	149000000	1497.2867
121000000	149000000	2128.8862
122000000	149000000	3209.2708
123000000	149000000	2204.5771
124000000	149000000	2842.4075
125000000	149000000	2439.2988
126000000	149000000	4169.948
127000000	149000000	2978.011
128000000	149000000	2030.1351
129000000	149000000	2099.5317
130000000	149000000	4272.5063
131000000	149000000	6441.862
132000000	149000000	7532.9663
133000000	149000000	7947.0874
134000000	149000000	7554.7183
135000000	149000000	5123.2593
136000000	149000000	4957.5537
137000000	149000000	8567.366
138000000	149000000	7785.8804
139000000	149000000	8903.713
140000000	149000000	5275.8125
141000000	149000000	10521.482
142000000	149000000	9578.26
143000000	149000000	6179.608
144000000	149000000	4152.5596
145000000	149000000	10117.75
146000000	149000000	9340.858
147000000	149000000	14880.517
148000000	149000000	95035.734
149000000	149000000	569476.4
0	150000000	960.5712
1000000	150000000	783.2606
2000000	150000000	331.2236
3000000	150000000	257.08987
4000000	150000000	240.6009
5000000	150000000	504.55682
6000000	150000000	643.5028
7000000	150000000	418.82684
8000000	150000000	350.85358
9000000	150000000	500.6431
10000000	150000000	765.2781
11000000	150000000	349.63773
12000000	150000000	319.64597
13000000	150000000	292.1408
14000000	150000000	744.94867
15000000	150000000	345.9466
16000000	150000000	515.30414
17000000	150000000	545.07196
18000000	150000000	437.48737
19000000	150000000	378.3368
20000000	150000000	363.9029
21000000	150000000	451.3021
22000000	150000000	508.0479
23000000	150000000	476.01187
24000000	150000000	366.20767
25000000	150000000	362.6248
26000000	150000000	361.1418
27000000	150000000	392.9733
28000000	150000000	395.17352
29000000	150000000	375.0339
30000000	150000000	361.90094
31000000	150000000	643.39886
32000000	150000000	791.51917
33000000	150000000	660.7702
34000000	150000000	649.5952
35000000	150000000	625.9209
36000000	150000000	682.0776
37000000	150000000	811.1045
38000000	150000000	458.63956
39000000	150000000	489.4443
40000000	150000000	620.39276
41000000	150000000	564.4843
42000000	150000000	511.08197
43000000	150000000	950.48663
44000000	150000000	417.04398
45000000	150000000	354.4466
46000000	150000000	215.05354
49000000	150000000	729.6551
50000000	150000000	557.2289
51000000	150000000	509.62338
52000000	150000000	760.6421
53000000	150000000	874.49695
54000000	150000000	1127.3914
55000000	150000000	1362.4222
56000000	150000000	1052.7108
57000000	150000000	629.4582
58000000	150000000	699.06476
59000000	150000000	835.7539
60000000	150000000	948.53925
61000000	150000000	898.60065
62000000	150000000	549.9774
63000000	150000000	602.84424
64000000	150000000	1227.0931
65000000	150000000	1360.7511
66000000	150000000	1005.82623
67000000	150000000	1174.2178
68000000	150000000	1374.5933
69000000	150000000	NaN
70000000	150000000	1017.7577
71000000	150000000	1507.0288
72000000	150000000	1548.591
73000000	150000000	1466.5764
74000000	150000000	1501.6151
75000000	150000000	1496.6593
76000000	150000000	1575.7461
77000000	150000000	1628.1388
78000000	150000000	1724.4332
79000000	150000000	1816.9764
80000000	150000000	1597.1995
81000000	150000000	1264.3807
82000000	150000000	1118.9724
83000000	150000000	794.31696
84000000	150000000	699.51904
85000000	150000000	704.42944
86000000	150000000	1090.4628
87000000	150000000	839.5962
88000000	150000000	1524.3864
89000000	150000000	1187.4479
90000000	150000000	1163.2172
91000000	150000000	771.2975
92000000	150000000	931.4106
93000000	150000000	1272.555
94000000	150000000	1913.553
95000000	150000000	2260.7922
96000000	150000000	1968.1415
97000000	150000000	1055.94
98000000	150000000	1387.3438
99000000	150000000	1162.7922
100000000	150000000	1532.9092
101000000	150000000	1205.9078
102000000	150000000	2080.0793
103000000	150000000	1298.7943
104000000	150000000	1026.1407
105000000	150000000	1222.3019
106000000	150000000	1867.7054
107000000	150000000	1924.5795
108000000	150000000	2318.442
109000000	150000000	1549.6407
110000000	150000000	2530.0903
111000000	150000000	3128.6262
112000000	150000000	3191.6875
113000000	150000000	1719.9899
114000000	150000000	2627.123
115000000	150000000	3016.783
116000000	150000000	2215.2593
117000000	150000000	1795.55
118000000	150000000	3465.1404
119000000	150000000	1941.808
120000000	150000000	2081.1638
121000000	150000000	2645.3506
122000000	150000000	3458.223
123000000	150000000	2550.226
124000000	150000000	3111.4128
125000000	150000000	2707.975
126000000	150000000	4340.01
127000000	150000000	3405.0703
128000000	150000000	2731.6423
129000000	150000000	2745.01
130000000	150000000	4110.681
131000000	150000000	5665.0713
132000000	150000000	5853.0615
133000000	150000000	6024.643
134000000	150000000	6000.7573
135000000	150000000	4728.43
136000000	150000000	4683.8887
137000000	150000000	6286.602
138000000	150000000	5499.4272
139000000	150000000	6689.937
140000000	150000000	7130.3247
141000000	150000000	8376.735
142000000	150000000	7158.2095
143000000	150000000	5360.482
144000000	150000000	4518.7812
145000000	150000000	8637.184
146000000	150000000	8654.171
147000000	150000000	11752.103
148000000	150000000	24496.2
149000000	150000000	118599.97
150000000	150000000	536773.4
0	151000000	565.6555
1000000	151000000	570.65656
2000000	151000000	398.8537
3000000	151000000	348.8752
4000000	151000000	342.82388
5000000	151000000	464.8422
6000000	151000000	528.1236
7000000	151000000	520.66364
8000000	151000000	424.87234
9000000	151000000	487.86542
10000000	151000000	613.90704
11000000	151000000	476.18063
12000000	151000000	441.63278
13000000	151000000	438.24194
14000000	151000000	686.48047
15000000	151000000	488.5536
16000000	151000000	523.814
17000000	151000000	507.27777
18000000	151000000	464.95856
19000000	151000000	509.64313
20000000	151000000	563.0726
21000000	151000000	546.7241
22000000	151000000	546.19714
23000000	151000000	530.9483
24000000	151000000	505.09512
25000000	151000000	479.3631
26000000	151000000	471.123
27000000	151000000	516.18665
28000000	151000000	489.99915
29000000	151000000	515.7339
30000000	151000000	494.87833
31000000	151000000	669.0232
32000000	151000000	660.1986
33000000	151000000	614.4933
34000000	151000000	560.17
35000000	151000000	522.2567
36000000	151000000	574.8322
37000000	151000000	619.56775
38000000	151000000	623.2086
39000000	151000000	536.1357
40000000	151000000	649.83746
41000000	151000000	634.2785
42000000	151000000	585.74963
43000000	151000000	716.1128
44000000	151000000	544.269
45000000	151000000	469.57593
46000000	151000000	314.37906
49000000	151000000	671.8581
50000000	151000000	869.22485
51000000	151000000	836.9719
52000000	151000000	942.5458
53000000	151000000	938.2844
54000000	151000000	1040.0961
55000000	151000000	802.77795
56000000	151000000	945.3165
57000000	151000000	975.1439
58000000	151000000	1058.4354
59000000	151000000	1017.58606
60000000	151000000	1031.0123
61000000	151000000	1171.245
62000000	151000000	932.0755
63000000	151000000	967.8833
64000000	151000000	934.9809
65000000	151000000	1150.6403
66000000	151000000	1038.4427
67000000	151000000	866.7944
68000000	151000000	867.209
69000000	151000000	NaN
70000000	151000000	688.525
71000000	151000000	1143.0784
72000000	151000000	1189.109
73000000	151000000	1108.7732
74000000	151000000	1010.73505
75000000	151000000	916.68427
76000000	151000000	961.2357
77000000	151000000	814.48645
78000000	151000000	985.8569
79000000	151000000	1139.9912
80000000	151000000	1088.607
81000000	151000000	1087.6074
82000000	151000000	1131.6752
83000000	151000000	1104.6046
84000000	151000000	1084.1125
85000000	151000000	1195.2563
86000000	151000000	1232.1249
87000000	151000000	1330.5765
88000000	151000000	1132.9597
89000000	151000000	1145.3638
90000000	151000000	1539.3237
91000000	151000000	1365.6644
92000000	151000000	1467.4722
93000000	151000000	1547.3591
94000000	151000000	1674.7032
95000000	151000000	1601.7249
96000000	151000000	1559.2136
97000000	151000000	1496.4016
98000000	151000000	1740.8857
99000000	151000000	1738.8474
100000000	151000000	1852.32
101000000	151000000	1988.4269
102000000	151000000	2278.132
103000000	151000000	2125.544
104000000	151000000	2059.1157
105000000	151000000	2049.8965
106000000	151000000	2206.102
107000000	151000000	2255.9504
108000000	151000000	2042.7747
109000000	151000000	2551.9355
110000000	151000000	2428.0981
111000000	151000000	2543.531
112000000	151000000	3197.3315
113000000	151000000	2923.5627
114000000	151000000	3005.977
115000000	151000000	2991.9802
116000000	151000000	2835.3071
117000000	151000000	3038.2246
118000000	151000000	3367.6018
119000000	151000000	3529.5405
120000000	151000000	3722.926
121000000	151000000	3934.3418
122000000	151000000	4164.833
123000000	151000000	3182.0059
124000000	151000000	3263.3428
125000000	151000000	3768.5247
126000000	151000000	4319.719
127000000	151000000	4297.621
128000000	151000000	4751.5977
129000000	151000000	4738.2837
130000000	151000000	4374.2534
131000000	151000000	3626.0247
132000000	151000000	3335.9324
133000000	151000000	3148.9487
134000000	151000000	5386.3965
135000000	151000000	6262.402
136000000	151000000	6577.105
137000000	151000000	3445.0842
138000000	151000000	2864.876
139000000	151000000	3878.761
140000000	151000000	6096.9526
141000000	151000000	6875.8306
142000000	151000000	5698.613
143000000	151000000	6924.753
144000000	151000000	8799.779
145000000	151000000	11775.615
146000000	151000000	14437.562
147000000	151000000	17634.605
148000000	151000000	21673.508
149000000	151000000	21786.033
150000000	151000000	104695.92
151000000	151000000	458644.62
0	152000000	334.0305
1000000	152000000	316.69565
2000000	152000000	467.26514
3000000	152000000	479.58063
4000000	152000000	440.4794
5000000	152000000	427.84418
6000000	152000000	378.03558
7000000	152000000	527.4839
8000000	152000000	544.0135
9000000	152000000	451.81506
10000000	152000000	422.1364
11000000	152000000	552.07526
12000000	152000000	508.0021
13000000	152000000	644.90216
14000000	152000000	451.39844
15000000	152000000	643.37415
16000000	152000000	548.568
17000000	152000000	465.4352
18000000	152000000	555.9333
19000000	152000000	582.24963
20000000	152000000	657.85077
21000000	152000000	617.99225
22000000	152000000	726.94653
23000000	152000000	688.21704
24000000	152000000	651.6431
25000000	152000000	663.64996
26000000	152000000	616.0924
27000000	152000000	650.2592
28000000	152000000	563.78156
29000000	152000000	700.47815
30000000	152000000	705.9085
31000000	152000000	622.2695
32000000	152000000	446.89258
33000000	152000000	498.7739
34000000	152000000	409.95248
35000000	152000000	482.78677
36000000	152000000	453.12347
37000000	152000000	425.08548
38000000	152000000	680.70654
39000000	152000000	637.6574
40000000	152000000	558.61365
41000000	152000000	649.6983
42000000	152000000	666.7365
43000000	152000000	484.99515
44000000	152000000	725.4112
45000000	152000000	629.01044
46000000	152000000	393.72986
49000000	152000000	703.51526
50000000	152000000	1068.9945
51000000	152000000	1182.7183
52000000	152000000	1028.0776
53000000	152000000	937.66565
54000000	152000000	760.99445
55000000	152000000	512.0725
56000000	152000000	689.268
57000000	152000000	1393.1221
58000000	152000000	1151.486
59000000	152000000	960.9812
60000000	152000000	849.7698
61000000	152000000	1014.9977
62000000	152000000	1377.7915
63000000	152000000	1287.7471
64000000	152000000	614.4907
65000000	152000000	817.8431
66000000	152000000	984.6318
67000000	152000000	659.64575
68000000	152000000	540.2002
69000000	152000000	NaN
70000000	152000000	458.8985
71000000	152000000	919.2187
72000000	152000000	963.3908
73000000	152000000	802.38086
74000000	152000000	695.2173
75000000	152000000	680.5746
76000000	152000000	682.53766
77000000	152000000	456.4251
78000000	152000000	628.2377
79000000	152000000	856.4786
80000000	152000000	807.1031
81000000	152000000	865.2988
82000000	152000000	898.72986
83000000	152000000	1303.743
84000000	152000000	1690.3285
85000000	152000000	1605.7205
86000000	152000000	1200.4231
87000000	152000000	1497.416
88000000	152000000	655.32715
89000000	152000000	956.53754
90000000	152000000	1557.3308
91000000	152000000	2184.2773
92000000	152000000	1964.0662
93000000	152000000	1480.8733
94000000	152000000	1195.7389
95000000	152000000	1015.95013
96000000	152000000	1001.3368
97000000	152000000	1941.9064
98000000	152000000	1738.6625
99000000	152000000	2067.5166
100000000	152000000	1787.6947
101000000	152000000	2662.1865
102000000	152000000	1921.5956
103000000	152000000	2834.7007
104000000	152000000	3151.4387
105000000	152000000	2702.6611
106000000	152000000	2098.8762
107000000	152000000	2098.3872
108000000	152000000	1561.2913
109000000	152000000	2972.6873
110000000	152000000	1984.5138
111000000	152000000	1979.6536
112000000	152000000	2505.5168
113000000	152000000	3958.346
114000000	152000000	2919.9937
115000000	152000000	2316.8428
116000000	152000000	3130.6704
117000000	152000000	4105.1914
118000000	152000000	2322.0818
119000000	152000000	4579.6255
120000000	152000000	5365.4204
121000000	152000000	4655.21
122000000	152000000	3704.615
123000000	152000000	3460.0327
124000000	152000000	2946.1006
125000000	152000000	4114.759
126000000	152000000	3155.075
127000000	152000000	4203.079
128000000	152000000	6401.3594
129000000	152000000	6252.592
130000000	152000000	3316.6492
131000000	152000000	2099.3628
132000000	152000000	2128.3628
133000000	152000000	1637.4982
134000000	152000000	4020.7183
135000000	152000000	6262.5615
136000000	152000000	7253.439
137000000	152000000	1857.869
138000000	152000000	1593.1224
139000000	152000000	1976.4004
140000000	152000000	5949.9736
141000000	152000000	4891.4224
142000000	152000000	3383.7456
143000000	152000000	6839.2134
144000000	152000000	12673.735
145000000	152000000	10018.948
146000000	152000000	16534.998
147000000	152000000	19204.205
148000000	152000000	13861.65
149000000	152000000	7634.9395
150000000	152000000	16932.078
151000000	152000000	88713.51
152000000	152000000	488662.62
0	153000000	555.70435
1000000	153000000	530.4337
2000000	153000000	297.8268
3000000	153000000	253.169
4000000	153000000	252.47879
5000000	153000000	401.28888
6000000	153000000	462.03387
7000000	153000000	394.29913
8000000	153000000	333.34665
9000000	153000000	455.92676
10000000	153000000	592.87604
11000000	153000000	359.67142
12000000	153000000	298.06155
13000000	153000000	368.0138
14000000	153000000	666.5847
15000000	153000000	389.28186
16000000	153000000	476.16718
17000000	153000000	424.76468
18000000	153000000	327.3278
19000000	153000000	422.7223
20000000	153000000	365.75922
21000000	153000000	438.88718
22000000	153000000	426.8078
23000000	153000000	447.61505
24000000	153000000	340.32193
25000000	153000000	376.19507
26000000	153000000	325.93463
27000000	153000000	377.03827
28000000	153000000	390.73355
29000000	153000000	350.42838
30000000	153000000	424.54782
31000000	153000000	613.7349
32000000	153000000	573.64886
33000000	153000000	444.1344
34000000	153000000	533.3916
35000000	153000000	464.3072
36000000	153000000	591.7968
37000000	153000000	594.9778
38000000	153000000	544.5223
39000000	153000000	491.03397
40000000	153000000	583.3949
41000000	153000000	571.1699
42000000	153000000	516.5122
43000000	153000000	693.85913
44000000	153000000	438.1277
45000000	153000000	313.79483
46000000	153000000	185.14621
49000000	153000000	653.9771
50000000	153000000	736.5529
51000000	153000000	666.82904
52000000	153000000	889.63245
53000000	153000000	1013.88354
54000000	153000000	950.37134
55000000	153000000	841.1517
56000000	153000000	890.07355
57000000	153000000	861.8174
58000000	153000000	995.4372
59000000	153000000	1104.4227
60000000	153000000	955.54266
61000000	153000000	1070.829
62000000	153000000	747.6055
63000000	153000000	812.3945
64000000	153000000	1009.25073
65000000	153000000	1121.321
66000000	153000000	889.7076
67000000	153000000	809.984
68000000	153000000	874.1025
69000000	153000000	NaN
70000000	153000000	704.17505
71000000	153000000	1030.374
72000000	153000000	1105.1738
73000000	153000000	955.677
74000000	153000000	886.04584
75000000	153000000	871.84344
76000000	153000000	960.2304
77000000	153000000	921.83905
78000000	153000000	1008.0813
79000000	153000000	1111.8081
80000000	153000000	1262.0498
81000000	153000000	1063.9945
82000000	153000000	1068.9827
83000000	153000000	1005.6618
84000000	153000000	909.68494
85000000	153000000	960.2631
86000000	153000000	1251.1476
87000000	153000000	1120.6912
88000000	153000000	1238.0403
89000000	153000000	1210.8278
90000000	153000000	1386.7559
91000000	153000000	1141.1005
92000000	153000000	1264.9738
93000000	153000000	1490.6487
94000000	153000000	1678.8591
95000000	153000000	1657.6816
96000000	153000000	1526.0576
97000000	153000000	1236.4514
98000000	153000000	1624.3145
99000000	153000000	1525.6309
100000000	153000000	1608.9736
101000000	153000000	1712.9741
102000000	153000000	2510.3967
103000000	153000000	1715.1515
104000000	153000000	1672.8893
105000000	153000000	1723.2288
106000000	153000000	2305.3367
107000000	153000000	2395.479
108000000	153000000	2180.5452
109000000	153000000	2146.8289
110000000	153000000	2330.5298
111000000	153000000	2439.0952
112000000	153000000	3071.1892
113000000	153000000	2445.3962
114000000	153000000	2816.1663
115000000	153000000	2968.988
116000000	153000000	2676.101
117000000	153000000	2567.8906
118000000	153000000	3537.924
119000000	153000000	2855.7764
120000000	153000000	3086.493
121000000	153000000	3543.0166
122000000	153000000	4024.2117
123000000	153000000	2770.903
124000000	153000000	3244.3213
125000000	153000000	3267.5405
126000000	153000000	4159.2812
127000000	153000000	3953.8015
128000000	153000000	3867.9414
129000000	153000000	3992.9514
130000000	153000000	4292.5786
131000000	153000000	3803.2234
132000000	153000000	3287.3486
133000000	153000000	3183.6826
134000000	153000000	5044.376
135000000	153000000	5529.411
136000000	153000000	5524.431
137000000	153000000	3693.9824
138000000	153000000	3123.9707
139000000	153000000	4327.6763
140000000	153000000	4702.9126
141000000	153000000	6586.282
142000000	153000000	6107.358
143000000	153000000	6405.9907
144000000	153000000	6783.439
145000000	153000000	10230.8955
146000000	153000000	11095.163
147000000	153000000	12012.689
148000000	153000000	15535.374
149000000	153000000	13663.718
150000000	153000000	21292.467
151000000	153000000	57198.1
152000000	153000000	115550.96
153000000	153000000	458756.78
0	154000000	567.1473
1000000	154000000	489.34903
2000000	154000000	379.6777
3000000	154000000	299.91748
4000000	154000000	308.87488
5000000	154000000	429.8548
6000000	154000000	442.2487
7000000	154000000	423.73407
8000000	154000000	424.32254
9000000	154000000	476.92416
10000000	154000000	547.10675
11000000	154000000	425.32516
12000000	154000000	379.84427
13000000	154000000	433.39984
14000000	154000000	595.06036
15000000	154000000	429.94092
16000000	154000000	478.48288
17000000	154000000	414.2
18000000	154000000	415.24887
19000000	154000000	499.36328
20000000	154000000	430.36826
21000000	154000000	507.73386
22000000	154000000	504.12616
23000000	154000000	471.58612
24000000	154000000	430.64954
25000000	154000000	394.73276
26000000	154000000	422.64865
27000000	154000000	444.35245
28000000	154000000	465.3093
29000000	154000000	470.83963
30000000	154000000	507.66165
31000000	154000000	605.9325
32000000	154000000	603.65546
33000000	154000000	502.59256
34000000	154000000	504.46457
35000000	154000000	456.0866
36000000	154000000	602.30084
37000000	154000000	568.18976
38000000	154000000	621.1904
39000000	154000000	548.093
40000000	154000000	522.7721
41000000	154000000	624.45123
42000000	154000000	543.7767
43000000	154000000	645.5084
44000000	154000000	490.56915
45000000	154000000	398.97165
46000000	154000000	182.31303
49000000	154000000	581.0293
50000000	154000000	747.446
51000000	154000000	819.34216
52000000	154000000	890.6163
53000000	154000000	933.58276
54000000	154000000	986.4488
55000000	154000000	748.47253
56000000	154000000	915.97125
57000000	154000000	998.0764
58000000	154000000	1034.007
59000000	154000000	1032.8646
60000000	154000000	946.2642
61000000	154000000	1179.323
62000000	154000000	972.32043
63000000	154000000	866.3505
64000000	154000000	917.23334
65000000	154000000	1067.2714
66000000	154000000	1006.05756
67000000	154000000	782.77954
68000000	154000000	891.3118
69000000	154000000	NaN
70000000	154000000	771.7773
71000000	154000000	1075.482
72000000	154000000	1130.7847
73000000	154000000	957.7413
74000000	154000000	957.876
75000000	154000000	895.2229
76000000	154000000	913.16534
77000000	154000000	788.7344
78000000	154000000	977.6669
79000000	154000000	1111.3021
80000000	154000000	1138.373
81000000	154000000	1001.98486
82000000	154000000	962.09174
83000000	154000000	1019.9061
84000000	154000000	1058.9586
85000000	154000000	1113.6979
86000000	154000000	1161.3024
87000000	154000000	1250.8507
88000000	154000000	1036.8453
89000000	154000000	1103.341
90000000	154000000	1424.5632
91000000	154000000	1309.5527
92000000	154000000	1394.1115
93000000	154000000	1458.56
94000000	154000000	1546.5441
95000000	154000000	1512.794
96000000	154000000	1397.8181
97000000	154000000	1413.5767
98000000	154000000	1541.9287
99000000	154000000	1616.9323
100000000	154000000	1557.7603
101000000	154000000	1942.5602
102000000	154000000	2154.0103
103000000	154000000	1943.8693
104000000	154000000	1992.283
105000000	154000000	1882.4818
106000000	154000000	2011.4857
107000000	154000000	2129.7878
108000000	154000000	1951.1792
109000000	154000000	2290.1794
110000000	154000000	2196.7683
111000000	154000000	2247.3687
112000000	154000000	3107.5537
113000000	154000000	2734.448
114000000	154000000	2768.9092
115000000	154000000	2619.5784
116000000	154000000	2569.1113
117000000	154000000	2767.4744
118000000	154000000	3078.8792
119000000	154000000	3341.2476
120000000	154000000	3593.564
121000000	154000000	3681.9456
122000000	154000000	3869.0564
123000000	154000000	2821.348
124000000	154000000	2843.177
125000000	154000000	3525.7874
126000000	154000000	3944.9175
127000000	154000000	4039.2214
128000000	154000000	4457.7383
129000000	154000000	4464.584
130000000	154000000	4053.0588
131000000	154000000	3310.9248
132000000	154000000	3331.92
133000000	154000000	3181.2727
134000000	154000000	5475.1006
135000000	154000000	6052.6807
136000000	154000000	6418.277
137000000	154000000	3843.6875
138000000	154000000	3044.724
139000000	154000000	3942.4307
140000000	154000000	5387.8164
141000000	154000000	6236.989
142000000	154000000	4846.643
143000000	154000000	6124.7666
144000000	154000000	7953.74
145000000	154000000	10583.218
146000000	154000000	11690.178
147000000	154000000	12448.317
148000000	154000000	13327.245
149000000	154000000	10911.33
150000000	154000000	14938.103
151000000	154000000	30032.732
152000000	154000000	40581.2
153000000	154000000	108038.06
154000000	154000000	442059.6
0	155000000	362.68195
1000000	155000000	379.55505
2000000	155000000	343.20386
3000000	155000000	364.7242
4000000	155000000	338.92188
5000000	155000000	408.23157
6000000	155000000	372.25375
7000000	155000000	469.58087
8000000	155000000	463.7476
9000000	155000000	471.5589
10000000	155000000	444.49982
11000000	155000000	479.16116
12000000	155000000	423.88644
13000000	155000000	498.56094
14000000	155000000	439.68658
15000000	155000000	489.13516
16000000	155000000	487.553
17000000	155000000	430.06107
18000000	155000000	510.75412
19000000	155000000	577.66736
20000000	155000000	540.95465
21000000	155000000	559.1931
22000000	155000000	550.62134
23000000	155000000	594.3503
24000000	155000000	545.73083
25000000	155000000	551.20874
26000000	155000000	497.14297
27000000	155000000	560.26953
28000000	155000000	578.3686
29000000	155000000	586.90704
30000000	155000000	557.80493
31000000	155000000	566.68445
32000000	155000000	457.1649
33000000	155000000	420.57635
34000000	155000000	502.18234
35000000	155000000	478.40253
36000000	155000000	495.7937
37000000	155000000	440.13232
38000000	155000000	615.9436
39000000	155000000	539.3039
40000000	155000000	557.99396
41000000	155000000	585.5942
42000000	155000000	595.80316
43000000	155000000	447.62485
44000000	155000000	576.64325
45000000	155000000	421.28204
46000000	155000000	241.155
49000000	155000000	611.5394
50000000	155000000	850.6078
51000000	155000000	928.07916
52000000	155000000	880.12897
53000000	155000000	922.2734
54000000	155000000	881.7569
55000000	155000000	607.59894
56000000	155000000	779.6092
57000000	155000000	1159.8381
58000000	155000000	1063.4235
59000000	155000000	1017.7557
60000000	155000000	908.78076
61000000	155000000	1037.6526
62000000	155000000	1171.156
63000000	155000000	1045.6958
64000000	155000000	704.6828
65000000	155000000	932.47064
66000000	155000000	1064.7501
67000000	155000000	785.4961
68000000	155000000	680.77545
69000000	155000000	NaN
70000000	155000000	537.73584
71000000	155000000	1044.9869
72000000	155000000	1091.3257
73000000	155000000	964.50836
74000000	155000000	845.7015
75000000	155000000	808.7574
76000000	155000000	814.60455
77000000	155000000	618.9695
78000000	155000000	769.9011
79000000	155000000	1011.83545
80000000	155000000	939.05
81000000	155000000	847.38367
82000000	155000000	933.43933
83000000	155000000	1195.259
84000000	155000000	1186.863
85000000	155000000	1342.4286
86000000	155000000	1120.5138
87000000	155000000	1459.424
88000000	155000000	853.0935
89000000	155000000	953.3298
90000000	155000000	1422.0399
91000000	155000000	1666.7837
92000000	155000000	1483.0452
93000000	155000000	1399.5497
94000000	155000000	1280.3623
95000000	155000000	1164.6099
96000000	155000000	1096.3264
97000000	155000000	1542.1602
98000000	155000000	1520.3699
99000000	155000000	1986.1027
100000000	155000000	1684.9114
101000000	155000000	2284.91
102000000	155000000	1852.8909
103000000	155000000	2403.567
104000000	155000000	2578.6033
105000000	155000000	2166.802
106000000	155000000	2012.563
107000000	155000000	2078.2297
108000000	155000000	1682.8733
109000000	155000000	2572.4026
110000000	155000000	1970.8726
111000000	155000000	2020.5397
112000000	155000000	2388.2686
113000000	155000000	3070.2002
114000000	155000000	2604.5266
115000000	155000000	2235.8196
116000000	155000000	2639.251
117000000	155000000	3337.1448
118000000	155000000	2407.1694
119000000	155000000	3879.6665
120000000	155000000	4317.83
121000000	155000000	3887.354
122000000	155000000	3383.054
123000000	155000000	3104.6436
124000000	155000000	2772.3997
125000000	155000000	3582.1506
126000000	155000000	3101.322
127000000	155000000	3691.0366
128000000	155000000	5044.53
129000000	155000000	5098.471
130000000	155000000	3282.3884
131000000	155000000	2298.6272
132000000	155000000	2363.423
133000000	155000000	1969.3495
134000000	155000000	4068.7285
135000000	155000000	5842.563
136000000	155000000	6263.388
137000000	155000000	1959.2471
138000000	155000000	1783.3564
139000000	155000000	2211.2668
140000000	155000000	4671.148
141000000	155000000	4574.0454
142000000	155000000	3431.778
143000000	155000000	5779.934
144000000	155000000	9055.977
145000000	155000000	7710.95
146000000	155000000	10848.138
147000000	155000000	10942.615
148000000	155000000	8723.365
149000000	155000000	5121.332
150000000	155000000	7974.452
151000000	155000000	16934.7
152000000	155000000	25954.314
153000000	155000000	24473.201
154000000	155000000	94883.83
155000000	155000000	495699.78
0	156000000	567.8645
1000000	156000000	493.63184
2000000	156000000	224.61348
3000000	156000000	182.98778
4000000	156000000	185.36955
5000000	156000000	364.36273
6000000	156000000	485.39667
7000000	156000000	308.5527
8000000	156000000	292.49704
9000000	156000000	378.55585
10000000	156000000	648.9504
11000000	156000000	307.4934
12000000	156000000	263.0374
13000000	156000000	284.19562
14000000	156000000	685.67035
15000000	156000000	325.57312
16000000	156000000	375.79526
17000000	156000000	422.94852
18000000	156000000	353.58945
19000000	156000000	359.64963
20000000	156000000	306.06552
21000000	156000000	341.94537
22000000	156000000	415.51443
23000000	156000000	431.47906
24000000	156000000	318.03156
25000000	156000000	285.49414
26000000	156000000	329.2366
27000000	156000000	335.75595
28000000	156000000	327.59802
29000000	156000000	291.75922
30000000	156000000	315.05948
31000000	156000000	493.24078
32000000	156000000	635.96484
33000000	156000000	552.071
34000000	156000000	501.70822
35000000	156000000	570.43524
36000000	156000000	590.27856
37000000	156000000	670.13226
38000000	156000000	412.97214
39000000	156000000	448.5967
40000000	156000000	589.02655
41000000	156000000	487.1783
42000000	156000000	420.00317
43000000	156000000	766.2303
44000000	156000000	373.9669
45000000	156000000	288.09653
46000000	156000000	84.52881
49000000	156000000	632.21155
50000000	156000000	607.492
51000000	156000000	445.71292
52000000	156000000	764.61414
53000000	156000000	815.5756
54000000	156000000	938.30206
55000000	156000000	1133.572
56000000	156000000	894.56854
57000000	156000000	643.2024
58000000	156000000	785.849
59000000	156000000	946.64575
60000000	156000000	910.0845
61000000	156000000	931.17255
62000000	156000000	573.87726
63000000	156000000	604.1993
64000000	156000000	1239.0624
65000000	156000000	1113.8344
66000000	156000000	948.2382
67000000	156000000	1008.3534
68000000	156000000	1110.4011
69000000	156000000	NaN
70000000	156000000	775.25934
71000000	156000000	1134.8423
72000000	156000000	1174.4347
73000000	156000000	1100.763
74000000	156000000	1097.1227
75000000	156000000	1169.3943
76000000	156000000	1191.1808
77000000	156000000	1309.82
78000000	156000000	1303.2887
79000000	156000000	1309.7065
80000000	156000000	1401.919
81000000	156000000	1195.7126
82000000	156000000	1171.619
83000000	156000000	805.4774
84000000	156000000	722.71094
85000000	156000000	755.35315
86000000	156000000	1249.6161
87000000	156000000	974.5711
88000000	156000000	1721.3226
89000000	156000000	1266.9037
90000000	156000000	1244.5736
91000000	156000000	891.11127
92000000	156000000	946.6447
93000000	156000000	1393.6595
94000000	156000000	1960.8264
95000000	156000000	2003.814
96000000	156000000	1903.2366
97000000	156000000	1114.127
98000000	156000000	1430.4656
99000000	156000000	1380.3021
100000000	156000000	1784.5131
101000000	156000000	1285.6843
102000000	156000000	2350.7517
103000000	156000000	1339.6985
104000000	156000000	1148.9183
105000000	156000000	1380.4707
106000000	156000000	2110.498
107000000	156000000	2172.3687
108000000	156000000	2364.2231
109000000	156000000	1650.0793
110000000	156000000	2571.8604
111000000	156000000	2686.274
112000000	156000000	2982.6257
113000000	156000000	1807.3652
114000000	156000000	2527.5684
115000000	156000000	2938.4163
116000000	156000000	2365.6873
117000000	156000000	1858.7218
118000000	156000000	3879.0703
119000000	156000000	2071.7712
120000000	156000000	2113.2952
121000000	156000000	2741.2375
122000000	156000000	3721.7798
123000000	156000000	2544.9346
124000000	156000000	3224.1934
125000000	156000000	2811.7812
126000000	156000000	4178.0693
127000000	156000000	3626.2717
128000000	156000000	2767.3274
129000000	156000000	2848.3508
130000000	156000000	4247.475
131000000	156000000	4284.214
132000000	156000000	3772.1143
133000000	156000000	3850.34
134000000	156000000	4184.8438
135000000	156000000	3812.6636
136000000	156000000	3774.906
137000000	156000000	4365.6265
138000000	156000000	3827.0554
139000000	156000000	4929.3213
140000000	156000000	4209.241
141000000	156000000	5337.9585
142000000	156000000	6120.748
143000000	156000000	4857.221
144000000	156000000	3828.9153
145000000	156000000	6314.323
146000000	156000000	5656.089
147000000	156000000	5779.9404
148000000	156000000	8409.608
149000000	156000000	9308.021
150000000	156000000	11039.4
151000000	156000000	11801.554
152000000	156000000	10416.193
153000000	156000000	21181.516
154000000	156000000	44277.105
155000000	156000000	130605.23
156000000	156000000	486070.16
0	157000000	593.88745
1000000	157000000	506.79895
2000000	157000000	223.60974
3000000	157000000	211.72447
4000000	157000000	209.90083
5000000	157000000	398.424
6000000	157000000	424.67413
7000000	157000000	312.7401
8000000	157000000	321.64786
9000000	157000000	377.2334
10000000	157000000	514.03644
11000000	157000000	279.57986
12000000	157000000	239.38708
13000000	157000000	239.29182
14000000	157000000	565.70557
15000000	157000000	290.35678
16000000	157000000	385.89578
17000000	157000000	376.1742
18000000	157000000	332.89072
19000000	157000000	308.8971
20000000	157000000	289.71747
21000000	157000000	340.84283
22000000	157000000	414.0301
23000000	157000000	401.8259
24000000	157000000	263.63446
25000000	157000000	261.5528
26000000	157000000	283.5432
27000000	157000000	290.6533
28000000	157000000	273.00064
29000000	157000000	257.48358
30000000	157000000	302.52505
31000000	157000000	510.359
32000000	157000000	576.3373
33000000	157000000	533.98596
34000000	157000000	560.2044
35000000	157000000	572.7621
36000000	157000000	638.19617
37000000	157000000	687.5453
38000000	157000000	521.66693
39000000	157000000	460.22485
40000000	157000000	529.6448
41000000	157000000	435.17477
42000000	157000000	368.24792
43000000	157000000	648.2377
44000000	157000000	296.18027
45000000	157000000	201.36055
46000000	157000000	167.49123
49000000	157000000	503.6542
50000000	157000000	503.9353
51000000	157000000	409.88477
52000000	157000000	715.10254
53000000	157000000	927.1631
54000000	157000000	1169.796
55000000	157000000	1316.3567
56000000	157000000	1038.3414
57000000	157000000	718.5944
58000000	157000000	848.43024
59000000	157000000	984.672
60000000	157000000	1017.9242
61000000	157000000	931.08936
62000000	157000000	502.67233
63000000	157000000	609.23895
64000000	157000000	1020.4587
65000000	157000000	1284.052
66000000	157000000	1286.6854
67000000	157000000	1190.553
68000000	157000000	1241.8187
69000000	157000000	NaN
70000000	157000000	841.9822
71000000	157000000	1438.4426
72000000	157000000	1493.9697
73000000	157000000	1528.3628
74000000	157000000	1393.761
75000000	157000000	1352.9008
76000000	157000000	1542.781
77000000	157000000	1397.8467
78000000	157000000	1615.5033
79000000	157000000	1749.1821
80000000	157000000	1631.3379
81000000	157000000	1212.757
82000000	157000000	1043.5072
83000000	157000000	773.5277
84000000	157000000	599.3107
85000000	157000000	610.77014
86000000	157000000	913.53784
87000000	157000000	791.84076
88000000	157000000	1480.9136
89000000	157000000	1196.1742
90000000	157000000	1091.9485
91000000	157000000	710.5904
92000000	157000000	853.6008
93000000	157000000	1269.7424
94000000	157000000	1731.7815
95000000	157000000	2042.2595
96000000	157000000	1550.3661
97000000	157000000	978.90875
98000000	157000000	1105.6836
99000000	157000000	953.98096
100000000	157000000	1255.4801
101000000	157000000	989.7353
102000000	157000000	1851.1604
103000000	157000000	1009.77344
104000000	157000000	853.8465
105000000	157000000	1012.429
106000000	157000000	1743.6239
107000000	157000000	2072.365
108000000	157000000	2037.8109
109000000	157000000	1570.7549
110000000	157000000	2161.673
111000000	157000000	2883.6902
112000000	157000000	2743.2607
113000000	157000000	1662.852
114000000	157000000	2187.1
115000000	157000000	2574.4426
116000000	157000000	2009.7831
117000000	157000000	1642.8036
118000000	157000000	2756.8374
119000000	157000000	1606.0968
120000000	157000000	1686.336
121000000	157000000	2385.3718
122000000	157000000	3167.2756
123000000	157000000	2567.5771
124000000	157000000	2910.4158
125000000	157000000	2552.7983
126000000	157000000	3634.2227
127000000	157000000	2890.2197
128000000	157000000	2245.4917
129000000	157000000	2323.9177
130000000	157000000	3298.3987
131000000	157000000	4418.4614
132000000	157000000	4752.737
133000000	157000000	4414.349
134000000	157000000	5385.4683
135000000	157000000	5024.0356
136000000	157000000	5133.128
137000000	157000000	4462.1655
138000000	157000000	4014.649
139000000	157000000	4437.724
140000000	157000000	3505.001
141000000	157000000	5902.791
142000000	157000000	5387.6084
143000000	157000000	4381.2407
144000000	157000000	3759.9065
145000000	157000000	5267.4326
146000000	157000000	5288.8145
147000000	157000000	5360.0312
148000000	157000000	7910.3813
149000000	157000000	8496.318
150000000	157000000	9103.408
151000000	157000000	8937.872
152000000	157000000	7526.718
153000000	157000000	12544.783
154000000	157000000	17698.904
155000000	157000000	23697.68
156000000	157000000	117859.3
157000000	157000000	474894.5
0	158000000	636.2731
1000000	158000000	519.17804
2000000	158000000	194.50038
3000000	158000000	176.86507
4000000	158000000	176.25682
5000000	158000000	370.6148
6000000	158000000	473.6295
7000000	158000000	326.64246
8000000	158000000	274.51547
9000000	158000000	380.42462
10000000	158000000	596.91284
11000000	158000000	260.61465
12000000	158000000	202.59875
13000000	158000000	237.62805
14000000	158000000	571.13403
15000000	158000000	265.31857
16000000	158000000	347.19473
17000000	158000000	375.68756
18000000	158000000	305.46304
19000000	158000000	254.03127
20000000	158000000	294.7032
21000000	158000000	317.08252
22000000	158000000	391.9306
23000000	158000000	400.93985
24000000	158000000	289.1791
25000000	158000000	251.86365
26000000	158000000	236.16156
27000000	158000000	254.3103
28000000	158000000	270.28583
29000000	158000000	259.69913
30000000	158000000	257.50793
31000000	158000000	550.3284
32000000	158000000	600.21533
33000000	158000000	552.5592
34000000	158000000	602.0007
35000000	158000000	600.3776
36000000	158000000	675.96796
37000000	158000000	724.5345
38000000	158000000	467.98718
39000000	158000000	471.74945
40000000	158000000	587.0208
41000000	158000000	467.70676
42000000	158000000	400.18964
43000000	158000000	702.4367
44000000	158000000	299.82004
45000000	158000000	196.4465
46000000	158000000	107.67726
49000000	158000000	568.94653
50000000	158000000	476.15686
51000000	158000000	347.7944
52000000	158000000	813.3179
53000000	158000000	912.2006
54000000	158000000	1149.308
55000000	158000000	1361.756
56000000	158000000	989.3865
57000000	158000000	702.7912
58000000	158000000	962.94995
59000000	158000000	983.2514
60000000	158000000	1058.195
61000000	158000000	961.54895
62000000	158000000	476.17392
63000000	158000000	532.4867
64000000	158000000	1186.174
65000000	158000000	1362.1494
66000000	158000000	1247.0247
67000000	158000000	1281.878
68000000	158000000	1208.2908
69000000	158000000	NaN
70000000	158000000	1001.8764
71000000	158000000	1406.0002
72000000	158000000	1508.4277
73000000	158000000	1512.0094
74000000	158000000	1301.3015
75000000	158000000	1455.7205
76000000	158000000	1524.6843
77000000	158000000	1530.2922
78000000	158000000	1626.4463
79000000	158000000	1664.4769
80000000	158000000	1668.9362
81000000	158000000	1214.903
82000000	158000000	1117.0066
83000000	158000000	802.4747
84000000	158000000	600.987
85000000	158000000	660.72437
86000000	158000000	967.56964
87000000	158000000	792.10693
88000000	158000000	1499.1997
89000000	158000000	1195.891
90000000	158000000	1106.3765
91000000	158000000	658.357
92000000	158000000	769.9946
93000000	158000000	1202.2532
94000000	158000000	1851.3108
95000000	158000000	2135.046
96000000	158000000	1693.0289
97000000	158000000	894.93695
98000000	158000000	1191.4653
99000000	158000000	1002.49243
100000000	158000000	1339.5685
101000000	158000000	941.45764
102000000	158000000	2103.6724
103000000	158000000	997.9385
104000000	158000000	813.1679
105000000	158000000	1092.2423
106000000	158000000	1938.6813
107000000	158000000	2014.4885
108000000	158000000	2097.5193
109000000	158000000	1487.3405
110000000	158000000	2193.9595
111000000	158000000	2779.838
112000000	158000000	2869.5718
113000000	158000000	1571.3969
114000000	158000000	2340.9668
115000000	158000000	2692.7651
116000000	158000000	2060.8904
117000000	158000000	1479.4883
118000000	158000000	3162.7576
119000000	158000000	1490.7632
120000000	158000000	1468.262
121000000	158000000	2469.7173
122000000	158000000	3626.5881
123000000	158000000	2464.3564
124000000	158000000	3201.8276
125000000	158000000	2498.4302
126000000	158000000	3904.601
127000000	158000000	2880.7483
128000000	158000000	2047.5588
129000000	158000000	2071.35
130000000	158000000	3567.7659
131000000	158000000	4359.032
132000000	158000000	4604.4546
133000000	158000000	4538.9526
134000000	158000000	4847.27
135000000	158000000	4679.4277
136000000	158000000	4299.8794
137000000	158000000	4616.537
138000000	158000000	4292.5557
139000000	158000000	4755.834
140000000	158000000	3165.6174
141000000	158000000	5450.339
142000000	158000000	5644.383
143000000	158000000	4078.7305
144000000	158000000	3026.2134
145000000	158000000	5203.046
146000000	158000000	4714.3896
147000000	158000000	4831.2188
148000000	158000000	7367.527
149000000	158000000	8043.4224
150000000	158000000	8209.562
151000000	158000000	7702.6274
152000000	158000000	5845.5137
153000000	158000000	10817.059
154000000	158000000	12804.634
155000000	158000000	13984.764
156000000	158000000	31856.004
157000000	158000000	160387.8
158000000	158000000	508367.03
0	159000000	582.5918
1000000	159000000	532.385
2000000	159000000	254.86392
3000000	159000000	200.23969
4000000	159000000	205.05559
5000000	159000000	378.61377
6000000	159000000	473.61444
7000000	159000000	342.13162
8000000	159000000	286.95496
9000000	159000000	411.6252
10000000	159000000	581.4085
11000000	159000000	320.0979
12000000	159000000	233.01035
13000000	159000000	296.416
14000000	159000000	612.3193
15000000	159000000	324.4582
16000000	159000000	395.31436
17000000	159000000	401.81223
18000000	159000000	313.00668
19000000	159000000	322.8991
20000000	159000000	355.21014
21000000	159000000	399.6582
22000000	159000000	393.49533
23000000	159000000	381.7674
24000000	159000000	304.04987
25000000	159000000	298.01132
26000000	159000000	312.79736
27000000	159000000	322.17148
28000000	159000000	339.71167
29000000	159000000	282.71536
30000000	159000000	335.70932
31000000	159000000	528.18
32000000	159000000	646.5478
33000000	159000000	505.09616
34000000	159000000	527.0166
35000000	159000000	543.7987
36000000	159000000	660.8343
37000000	159000000	670.8559
38000000	159000000	540.3135
39000000	159000000	414.81635
40000000	159000000	516.5683
41000000	159000000	479.73007
42000000	159000000	472.74237
43000000	159000000	683.7374
44000000	159000000	328.95267
45000000	159000000	275.6713
46000000	159000000	149.33337
49000000	159000000	613.7053
50000000	159000000	534.9125
51000000	159000000	496.8153
52000000	159000000	874.10004
53000000	159000000	973.41455
54000000	159000000	1148.7814
55000000	159000000	1080.602
56000000	159000000	986.5244
57000000	159000000	729.6006
58000000	159000000	911.26697
59000000	159000000	1022.96814
60000000	159000000	1067.8574
61000000	159000000	1042.0978
62000000	159000000	592.6549
63000000	159000000	622.55646
64000000	159000000	1142.7784
65000000	159000000	1305.863
66000000	159000000	1082.092
67000000	159000000	1099.4454
68000000	159000000	1054.4414
69000000	159000000	NaN
70000000	159000000	824.2343
71000000	159000000	1235.6373
72000000	159000000	1311.6696
73000000	159000000	1276.2361
74000000	159000000	1169.7179
75000000	159000000	1165.3898
76000000	159000000	1303.3862
77000000	159000000	1142.0804
78000000	159000000	1292.4275
79000000	159000000	1525.7222
80000000	159000000	1557.348
81000000	159000000	1303.5577
82000000	159000000	1145.122
83000000	159000000	812.8918
84000000	159000000	656.6224
85000000	159000000	777.0152
86000000	159000000	1060.8723
87000000	159000000	950.56915
88000000	159000000	1390.8876
89000000	159000000	1168.8179
90000000	159000000	1265.0221
91000000	159000000	910.1559
92000000	159000000	984.72626
93000000	159000000	1432.7953
94000000	159000000	1829.8494
95000000	159000000	2022.4567
96000000	159000000	1756.0665
97000000	159000000	1116.9263
98000000	159000000	1305.0588
99000000	159000000	1187.9481
100000000	159000000	1491.7396
101000000	159000000	1275.453
102000000	159000000	2173.3496
103000000	159000000	1258.2034
104000000	159000000	1097.0814
105000000	159000000	1279.3408
106000000	159000000	2053.4153
107000000	159000000	2236.7417
108000000	159000000	2167.0269
109000000	159000000	1762.9382
110000000	159000000	2394.1433
111000000	159000000	2966.224
112000000	159000000	3129.432
113000000	159000000	1848.4847
114000000	159000000	2464.104
115000000	159000000	2899.3132
116000000	159000000	2309.638
117000000	159000000	1809.4779
118000000	159000000	3295.2007
119000000	159000000	1981.3616
120000000	159000000	1959.3246
121000000	159000000	2757.868
122000000	159000000	3651.3967
123000000	159000000	2590.4155
124000000	159000000	2920.7117
125000000	159000000	2769.1763
126000000	159000000	3896.7827
127000000	159000000	3282.0874
128000000	159000000	2604.849
129000000	159000000	2761.076
130000000	159000000	3917.3796
131000000	159000000	4580.472
132000000	159000000	4446.0503
133000000	159000000	3940.828
134000000	159000000	5203.342
135000000	159000000	4933.5703
136000000	159000000	5153.0645
137000000	159000000	4107.3706
138000000	159000000	3868.3657
139000000	159000000	4793.131
140000000	159000000	4129.697
141000000	159000000	6786.8813
142000000	159000000	5929.628
143000000	159000000	4900.656
144000000	159000000	4113.176
145000000	159000000	6378.1865
146000000	159000000	5917.273
147000000	159000000	5691.301
148000000	159000000	8217.589
149000000	159000000	8360.186
150000000	159000000	8815.346
151000000	159000000	8956.67
152000000	159000000	7580.032
153000000	159000000	11465.97
154000000	159000000	14021.708
155000000	159000000	14439.3125
156000000	159000000	23042.453
157000000	159000000	54559.973
158000000	159000000	124497.43
159000000	159000000	455474.84
0	160000000	356.2565
1000000	160000000	325.39563
2000000	160000000	215.31425
3000000	160000000	203.71469
4000000	160000000	246.13269
5000000	160000000	315.91174
6000000	160000000	352.23633
7000000	160000000	323.90952
8000000	160000000	356.94608
9000000	160000000	406.07867
10000000	160000000	489.71085
11000000	160000000	340.6732
12000000	160000000	326.47772
13000000	160000000	320.28534
14000000	160000000	553.72943
15000000	160000000	349.52948
16000000	160000000	362.7955
17000000	160000000	448.87823
18000000	160000000	417.76065
19000000	160000000	429.56805
20000000	160000000	392.60443
21000000	160000000	483.39975
22000000	160000000	499.2921
23000000	160000000	541.98645
24000000	160000000	353.6547
25000000	160000000	442.04135
26000000	160000000	357.37546
27000000	160000000	433.43875
28000000	160000000	417.5878
29000000	160000000	390.7705
30000000	160000000	410.02246
31000000	160000000	465.4957
32000000	160000000	531.6852
33000000	160000000	488.32266
34000000	160000000	418.97928
35000000	160000000	543.15063
36000000	160000000	454.13168
37000000	160000000	526.82263
38000000	160000000	373.33304
39000000	160000000	446.57687
40000000	160000000	535.897
41000000	160000000	466.9303
42000000	160000000	482.5598
43000000	160000000	649.81464
44000000	160000000	411.53818
45000000	160000000	335.14993
46000000	160000000	207.76059
49000000	160000000	753.11273
50000000	160000000	625.8464
51000000	160000000	684.06934
52000000	160000000	813.85645
53000000	160000000	814.0017
54000000	160000000	772.98114
55000000	160000000	754.2491
56000000	160000000	729.5405
57000000	160000000	612.6414
58000000	160000000	765.53955
59000000	160000000	924.6284
60000000	160000000	958.2354
61000000	160000000	914.69275
62000000	160000000	761.04425
63000000	160000000	894.14014
64000000	160000000	1101.7942
65000000	160000000	901.3783
66000000	160000000	738.75885
67000000	160000000	808.3502
68000000	160000000	680.2441
69000000	160000000	NaN
70000000	160000000	498.02322
71000000	160000000	695.00806
72000000	160000000	700.4006
73000000	160000000	735.4866
74000000	160000000	733.73474
75000000	160000000	708.73376
76000000	160000000	698.472
77000000	160000000	801.6768
78000000	160000000	762.8879
79000000	160000000	824.19495
80000000	160000000	1123.3444
81000000	160000000	1233.0331
82000000	160000000	1346.8455
83000000	160000000	1119.5306
84000000	160000000	1043.9323
85000000	160000000	954.6856
86000000	160000000	1278.1788
87000000	160000000	1116.0444
88000000	160000000	1585.5907
89000000	160000000	1340.0255
90000000	160000000	1399.3971
91000000	160000000	1223.0244
92000000	160000000	1326.2128
93000000	160000000	1687.6583
94000000	160000000	1799.6665
95000000	160000000	1615.7485
96000000	160000000	1757.2094
97000000	160000000	1546.1273
98000000	160000000	1634.929
99000000	160000000	1802.1
100000000	160000000	2269.8022
101000000	160000000	1715.9149
102000000	160000000	2457.524
103000000	160000000	1847.2058
104000000	160000000	1765.1545
105000000	160000000	1980.8816
106000000	160000000	2585.8064
107000000	160000000	2329.3843
108000000	160000000	2360.0676
109000000	160000000	1997.3772
110000000	160000000	2772.185
111000000	160000000	2869.9854
112000000	160000000	2646.4517
113000000	160000000	2255.782
114000000	160000000	2574.5872
115000000	160000000	3119.6423
116000000	160000000	2745.6575
117000000	160000000	2636.7527
118000000	160000000	3854.6938
119000000	160000000	2887.8545
120000000	160000000	2757.94
121000000	160000000	3159.346
122000000	160000000	3652.6562
123000000	160000000	2808.0308
124000000	160000000	3140.5525
125000000	160000000	2931.6367
126000000	160000000	3882.9404
127000000	160000000	4201.6934
128000000	160000000	3600.857
129000000	160000000	3677.6719
130000000	160000000	4354.836
131000000	160000000	3238.9238
132000000	160000000	2119.5146
133000000	160000000	2067.4387
134000000	160000000	2486.7354
135000000	160000000	2991.3052
136000000	160000000	2981.7754
137000000	160000000	2312.1787
138000000	160000000	2234.974
139000000	160000000	3475.3223
140000000	160000000	4668.011
141000000	160000000	4213.767
142000000	160000000	4723.277
143000000	160000000	4866.7393
144000000	160000000	4609.039
145000000	160000000	5490.981
146000000	160000000	5592.0635
147000000	160000000	5403.2124
148000000	160000000	5684.5596
149000000	160000000	4561.036
150000000	160000000	5952.194
151000000	160000000	7182.9814
152000000	160000000	7046.5283
153000000	160000000	8400.923
154000000	160000000	9493.864
155000000	160000000	11125.726
156000000	160000000	13719.823
157000000	160000000	15035.689
158000000	160000000	19754.11
159000000	160000000	92425.164
160000000	160000000	521652.75
0	161000000	246.12589
1000000	161000000	185.05797
2000000	161000000	284.3735
3000000	161000000	275.2726
4000000	161000000	308.97763
5000000	161000000	314.94617
6000000	161000000	269.9743
7000000	161000000	347.28705
8000000	161000000	398.86655
9000000	161000000	393.9325
10000000	161000000	320.4613
11000000	161000000	429.6374
12000000	161000000	541.27893
13000000	161000000	460.58646
14000000	161000000	375.72586
15000000	161000000	414.32724
16000000	161000000	404.02927
17000000	161000000	390.27945
18000000	161000000	489.2696
19000000	161000000	570.348
20000000	161000000	613.5794
21000000	161000000	532.67413
22000000	161000000	640.50037
23000000	161000000	582.3139
24000000	161000000	534.04785
25000000	161000000	558.996
26000000	161000000	603.48486
27000000	161000000	560.1394
28000000	161000000	548.25366
29000000	161000000	605.395
30000000	161000000	572.30756
31000000	161000000	416.8144
32000000	161000000	332.44644
33000000	161000000	396.55676
34000000	161000000	368.14264
35000000	161000000	420.7936
36000000	161000000	328.4005
37000000	161000000	340.89447
38000000	161000000	403.7209
39000000	161000000	465.87527
40000000	161000000	465.3396
41000000	161000000	498.1989
42000000	161000000	512.21606
43000000	161000000	436.37527
44000000	161000000	566.2092
45000000	161000000	484.5498
46000000	161000000	359.1188
49000000	161000000	567.63324
50000000	161000000	832.00446
51000000	161000000	978.9592
52000000	161000000	785.4869
53000000	161000000	616.7284
54000000	161000000	498.73953
55000000	161000000	408.54092
56000000	161000000	478.34573
57000000	161000000	753.2402
58000000	161000000	734.25385
59000000	161000000	662.11707
60000000	161000000	597.72974
61000000	161000000	758.3736
62000000	161000000	1085.427
63000000	161000000	1073.0868
64000000	161000000	643.3937
65000000	161000000	616.8243
66000000	161000000	635.65546
67000000	161000000	548.6003
68000000	161000000	481.01605
70000000	161000000	342.9926
71000000	161000000	505.38998
72000000	161000000	512.57697
73000000	161000000	493.02887
74000000	161000000	428.46115
75000000	161000000	422.39597
76000000	161000000	427.09845
77000000	161000000	364.24124
78000000	161000000	418.93658
79000000	161000000	464.74966
80000000	161000000	642.5828
81000000	161000000	864.722
82000000	161000000	965.2798
83000000	161000000	1256.1985
84000000	161000000	1483.1179
85000000	161000000	1453.5343
86000000	161000000	1086.6327
87000000	161000000	1318.9713
88000000	161000000	693.9666
89000000	161000000	852.05426
90000000	161000000	1442.8607
91000000	161000000	1873.3463
92000000	161000000	1570.8632
93000000	161000000	1388.3378
94000000	161000000	1135.4584
95000000	161000000	926.64246
96000000	161000000	1119.9688
97000000	161000000	1957.1205
98000000	161000000	1562.7711
99000000	161000000	1972.5537
100000000	161000000	1883.6906
101000000	161000000	2488.7046
102000000	161000000	1851.8705
103000000	161000000	2644.7515
104000000	161000000	2814.3013
105000000	161000000	2450.2725
106000000	161000000	2056.6277
107000000	161000000	1800.4314
108000000	161000000	1529.1902
109000000	161000000	2444.7024
110000000	161000000	2041.4979
111000000	161000000	1846.1201
112000000	161000000	1939.9614
113000000	161000000	3081.6885
114000000	161000000	2455.9565
115000000	161000000	2204.2427
116000000	161000000	2700.7085
117000000	161000000	3525.5042
118000000	161000000	2448.4539
119000000	161000000	3929.4087
120000000	161000000	4885.778
121000000	161000000	3727.1062
122000000	161000000	3058.5632
123000000	161000000	2844.7197
124000000	161000000	2534.9487
125000000	161000000	3319.0376
126000000	161000000	2740.703
127000000	161000000	3752.2446
128000000	161000000	5071.705
129000000	161000000	5283.8184
130000000	161000000	3181.7263
131000000	161000000	1766.8107
132000000	161000000	1206.1372
133000000	161000000	1032.4923
134000000	161000000	1827.8656
135000000	161000000	2797.0098
136000000	161000000	3273.4854
137000000	161000000	1256.2006
138000000	161000000	1142.3796
139000000	161000000	1776.631
140000000	161000000	5207.524
141000000	161000000	3074.6921
142000000	161000000	2523.0447
143000000	161000000	4496.5933
144000000	161000000	7073.2666
145000000	161000000	5260.143
146000000	161000000	7294.7817
147000000	161000000	7262.682
148000000	161000000	4542.61
149000000	161000000	2433.2651
150000000	161000000	3981.6494
151000000	161000000	7173.2993
152000000	161000000	10444.312
153000000	161000000	6564.02
154000000	161000000	9600.036
155000000	161000000	13025.429
156000000	161000000	8300.924
157000000	161000000	8748.191
158000000	161000000	9625.782
159000000	161000000	33075.047
160000000	161000000	130226.94
161000000	161000000	479260.38
0	162000000	255.92126
1000000	162000000	254.4773
2000000	162000000	225.91354
3000000	162000000	222.54344
4000000	162000000	274.1698
5000000	162000000	309.92648
6000000	162000000	307.30762
7000000	162000000	323.5471
8000000	162000000	335.37576
9000000	162000000	279.9557
10000000	162000000	388.35373
11000000	162000000	326.92706
12000000	162000000	441.19836
13000000	162000000	371.76755
14000000	162000000	441.05887
15000000	162000000	357.7181
16000000	162000000	372.16525
17000000	162000000	381.92026
18000000	162000000	398.52856
19000000	162000000	413.7073
20000000	162000000	448.9084
21000000	162000000	433.57062
22000000	162000000	484.86627
23000000	162000000	539.0492
24000000	162000000	436.47174
25000000	162000000	452.2468
26000000	162000000	374.0058
27000000	162000000	525.7296
28000000	162000000	464.6776
29000000	162000000	421.29892
30000000	162000000	500.81357
31000000	162000000	419.85754
32000000	162000000	429.58664
33000000	162000000	367.92267
34000000	162000000	377.60608
35000000	162000000	438.91827
36000000	162000000	411.73138
37000000	162000000	400.4981
38000000	162000000	354.33548
39000000	162000000	426.7497
40000000	162000000	541.41504
41000000	162000000	494.69348
42000000	162000000	441.0572
43000000	162000000	572.79346
44000000	162000000	491.57565
45000000	162000000	436.5359
46000000	162000000	309.01926
49000000	162000000	725.2159
50000000	162000000	750.9714
51000000	162000000	709.8085
52000000	162000000	750.6294
53000000	162000000	610.5633
54000000	162000000	535.2135
55000000	162000000	526.2765
56000000	162000000	553.3412
57000000	162000000	613.387
58000000	162000000	727.39154
59000000	162000000	724.51404
60000000	162000000	762.5825
61000000	162000000	835.435
62000000	162000000	899.8418
63000000	162000000	958.47107
64000000	162000000	858.1262
65000000	162000000	674.7115
66000000	162000000	582.7359
67000000	162000000	565.30444
68000000	162000000	525.56354
69000000	162000000	NaN
70000000	162000000	340.50085
71000000	162000000	541.038
72000000	162000000	554.0267
73000000	162000000	484.65567
74000000	162000000	540.9952
75000000	162000000	501.1416
76000000	162000000	472.30356
77000000	162000000	489.56082
78000000	162000000	532.8858
79000000	162000000	625.6053
80000000	162000000	737.84576
81000000	162000000	927.5983
82000000	162000000	1111.614
83000000	162000000	1086.6215
84000000	162000000	1169.5339
85000000	162000000	1238.7865
86000000	162000000	1275.9309
87000000	162000000	1206.0238
88000000	162000000	1080.0265
89000000	162000000	1031.0359
90000000	162000000	1470.8704
91000000	162000000	1445.0227
92000000	162000000	1386.6539
93000000	162000000	1514.1511
94000000	162000000	1329.6754
95000000	162000000	1231.4125
96000000	162000000	1477.2328
97000000	162000000	1836.7175
98000000	162000000	1621.519
99000000	162000000	1783.3335
100000000	162000000	2076.7036
101000000	162000000	2060.8806
102000000	162000000	2245.3748
103000000	162000000	2199.3462
104000000	162000000	2207.03
105000000	162000000	2168.9036
106000000	162000000	2024.5396
107000000	162000000	1934.7277
108000000	162000000	2002.547
109000000	162000000	2335.7231
110000000	162000000	2593.0623
111000000	162000000	2216.4143
112000000	162000000	2450.7588
113000000	162000000	2709.6592
114000000	162000000	2834.2996
115000000	162000000	2688.243
116000000	162000000	2736.8384
117000000	162000000	2840.0554
118000000	162000000	3472.0188
119000000	162000000	3318.0254
120000000	162000000	3593.6086
121000000	162000000	3462.4102
122000000	162000000	3393.212
123000000	162000000	2964.229
124000000	162000000	2933.4592
125000000	162000000	3345.579
126000000	162000000	3734.2017
127000000	162000000	4138.2324
128000000	162000000	4716.7456
129000000	162000000	4610.6606
130000000	162000000	4102.022
131000000	162000000	2416.7563
132000000	162000000	1462.1901
133000000	162000000	1458.0155
134000000	162000000	1936.4076
135000000	162000000	2790.2058
136000000	162000000	2838.7007
137000000	162000000	1829.0658
138000000	162000000	1555.5671
139000000	162000000	2957.3472
140000000	162000000	6965.4893
141000000	162000000	3881.6167
142000000	162000000	4023.6704
143000000	162000000	4921.8423
144000000	162000000	5979.036
145000000	162000000	6539.38
146000000	162000000	6591.794
147000000	162000000	6572.7314
148000000	162000000	5133.2544
149000000	162000000	3620.1238
150000000	162000000	5610.4233
151000000	162000000	7739.88
152000000	162000000	8664.159
153000000	162000000	7641.5005
154000000	162000000	9947.934
155000000	162000000	11016.371
156000000	162000000	10522.893
157000000	162000000	9766.334
158000000	162000000	11874.22
159000000	162000000	30229.795
160000000	162000000	67769.42
161000000	162000000	167896.1
162000000	162000000	469804.8
0	163000000	220.84904
1000000	163000000	197.25208
2000000	163000000	251.12656
3000000	163000000	206.48839
4000000	163000000	268.4201
5000000	163000000	288.1656
6000000	163000000	309.67087
7000000	163000000	373.90085
8000000	163000000	355.91327
9000000	163000000	345.9781
10000000	163000000	306.486
11000000	163000000	414.69705
12000000	163000000	393.86676
13000000	163000000	427.31793
14000000	163000000	372.77185
15000000	163000000	388.40677
16000000	163000000	339.8774
17000000	163000000	352.08096
18000000	163000000	396.05185
19000000	163000000	508.47156
20000000	163000000	502.50385
21000000	163000000	489.17148
22000000	163000000	539.5618
23000000	163000000	493.99237
24000000	163000000	461.11865
25000000	163000000	407.24426
26000000	163000000	418.88226
27000000	163000000	458.21884
28000000	163000000	407.63666
29000000	163000000	464.13614
30000000	163000000	555.3424
31000000	163000000	422.49292
32000000	163000000	359.2084
33000000	163000000	372.37643
34000000	163000000	358.17297
35000000	163000000	336.80496
36000000	163000000	354.0778
37000000	163000000	286.76718
38000000	163000000	387.1847
39000000	163000000	442.8586
40000000	163000000	447.39575
41000000	163000000	553.72626
42000000	163000000	523.4981
43000000	163000000	404.9087
44000000	163000000	478.89005
45000000	163000000	351.15875
46000000	163000000	216.83913
49000000	163000000	454.5841
50000000	163000000	820.79724
51000000	163000000	941.1656
52000000	163000000	828.3127
53000000	163000000	659.6827
54000000	163000000	491.96146
55000000	163000000	345.99875
56000000	163000000	529.97174
57000000	163000000	929.65656
58000000	163000000	838.1085
59000000	163000000	747.5636
60000000	163000000	652.3895
61000000	163000000	832.1148
62000000	163000000	1184.9727
63000000	163000000	1065.4141
64000000	163000000	636.4439
65000000	163000000	598.95966
66000000	163000000	687.9801
67000000	163000000	457.91452
68000000	163000000	389.93298
70000000	163000000	274.79257
71000000	163000000	476.8932
72000000	163000000	465.05334
73000000	163000000	405.8539
74000000	163000000	419.86584
75000000	163000000	351.6884
76000000	163000000	346.58838
77000000	163000000	285.91867
78000000	163000000	347.4945
79000000	163000000	461.10434
80000000	163000000	543.477
81000000	163000000	765.2168
82000000	163000000	926.26447
83000000	163000000	1250.0084
84000000	163000000	1368.9884
85000000	163000000	1487.9003
86000000	163000000	1176.4276
87000000	163000000	1507.6978
88000000	163000000	622.8818
89000000	163000000	975.70166
90000000	163000000	1461.1274
91000000	163000000	1963.2058
92000000	163000000	1650.9344
93000000	163000000	1546.3243
94000000	163000000	1097.3407
95000000	163000000	1038.5612
96000000	163000000	1057.3818
97000000	163000000	1649.0193
98000000	163000000	1664.1858
99000000	163000000	2027.5947
100000000	163000000	1779.5514
101000000	163000000	2579.7002
102000000	163000000	1955.9314
103000000	163000000	2762.9087
104000000	163000000	2838.0674
105000000	163000000	2639.8376
106000000	163000000	2074.5205
107000000	163000000	2127.788
108000000	163000000	1628.3517
109000000	163000000	2843.8079
110000000	163000000	2095.7866
111000000	163000000	1878.7141
112000000	163000000	2358.4001
113000000	163000000	3270.03
114000000	163000000	2576.2932
115000000	163000000	2461.7986
116000000	163000000	3127.0718
117000000	163000000	3824.0757
118000000	163000000	2669.966
119000000	163000000	4536.862
120000000	163000000	4931.3535
121000000	163000000	4300.051
122000000	163000000	3597.5657
123000000	163000000	2850.2278
124000000	163000000	2777.7512
125000000	163000000	3734.8474
126000000	163000000	3437.534
127000000	163000000	4369.084
128000000	163000000	5878.428
129000000	163000000	5610.8506
130000000	163000000	3511.5852
131000000	163000000	1861.0568
132000000	163000000	1167.9557
133000000	163000000	999.1625
134000000	163000000	2101.895
135000000	163000000	3521.7886
136000000	163000000	3651.5464
137000000	163000000	1271.5557
138000000	163000000	1172.2719
139000000	163000000	1934.311
140000000	163000000	5343.9756
141000000	163000000	3812.431
142000000	163000000	3069.9536
143000000	163000000	5658.106
144000000	163000000	8622.309
145000000	163000000	7282.172
146000000	163000000	8961.336
147000000	163000000	9339.135
148000000	163000000	5678.843
149000000	163000000	3059.0715
150000000	163000000	4665.9595
151000000	163000000	8117.386
152000000	163000000	11147.615
153000000	163000000	7856.7314
154000000	163000000	10408.031
155000000	163000000	12102.267
156000000	163000000	7447.9795
157000000	163000000	6799.3486
158000000	163000000	7196.0986
159000000	163000000	12806.047
160000000	163000000	20200.883
161000000	163000000	37098.793
162000000	163000000	74530.78
163000000	163000000	504911.75
0	164000000	207.66522
1000000	164000000	176.72939
2000000	164000000	266.40125
3000000	164000000	333.08063
4000000	164000000	308.40698
5000000	164000000	292.8528
6000000	164000000	248.1178
7000000	164000000	329.75302
8000000	164000000	392.55154
9000000	164000000	362.1561
10000000	164000000	299.39105
11000000	164000000	382.76443
12000000	164000000	454.14777
13000000	164000000	455.4199
14000000	164000000	350.93915
15000000	164000000	416.10782
16000000	164000000	398.8498
17000000	164000000	356.54062
18000000	164000000	425.497
19000000	164000000	588.54614
20000000	164000000	591.6384
21000000	164000000	535.5243
22000000	164000000	582.2539
23000000	164000000	504.8833
24000000	164000000	537.22394
25000000	164000000	473.4375
26000000	164000000	481.60938
27000000	164000000	494.13632
28000000	164000000	517.71173
29000000	164000000	526.463
30000000	164000000	602.8352
31000000	164000000	373.39542
32000000	164000000	340.7668
33000000	164000000	324.16312
34000000	164000000	336.2952
35000000	164000000	335.92944
36000000	164000000	329.0205
37000000	164000000	320.12418
38000000	164000000	422.78348
39000000	164000000	559.4577
40000000	164000000	495.06628
41000000	164000000	499.4446
42000000	164000000	498.96005
43000000	164000000	362.40622
44000000	164000000	507.59875
45000000	164000000	457.57407
46000000	164000000	271.75665
49000000	164000000	559.3862
50000000	164000000	901.1946
51000000	164000000	1112.0634
52000000	164000000	824.4591
53000000	164000000	687.7488
54000000	164000000	520.5957
55000000	164000000	383.0566
56000000	164000000	522.9093
57000000	164000000	908.5209
58000000	164000000	842.1574
59000000	164000000	729.6892
60000000	164000000	689.2244
61000000	164000000	827.7194
62000000	164000000	1285.7585
63000000	164000000	1164.6261
64000000	164000000	653.2332
65000000	164000000	601.144
66000000	164000000	660.935
67000000	164000000	491.00903
68000000	164000000	365.9632
69000000	164000000	NaN
70000000	164000000	303.37418
71000000	164000000	425.33438
72000000	164000000	459.1826
73000000	164000000	378.76846
74000000	164000000	363.3119
75000000	164000000	352.45828
76000000	164000000	312.99597
77000000	164000000	290.3374
78000000	164000000	353.18176
79000000	164000000	424.50726
80000000	164000000	521.5807
81000000	164000000	782.81226
82000000	164000000	990.8979
83000000	164000000	1336.5559
84000000	164000000	1598.2662
85000000	164000000	1571.3367
86000000	164000000	1132.9978
87000000	164000000	1599.935
88000000	164000000	736.5046
89000000	164000000	929.23926
90000000	164000000	1540.3281
91000000	164000000	2128.298
92000000	164000000	1806.7671
93000000	164000000	1551.9183
94000000	164000000	1130.4551
95000000	164000000	994.0126
96000000	164000000	1034.4053
97000000	164000000	1915.9208
98000000	164000000	1663.0294
99000000	164000000	2130.6086
100000000	164000000	1949.684
101000000	164000000	2605.717
102000000	164000000	1970.8629
103000000	164000000	2944.161
104000000	164000000	3382.774
105000000	164000000	3009.524
106000000	164000000	2224.0261
107000000	164000000	2045.2555
108000000	164000000	1714.5029
109000000	164000000	2959.4353
110000000	164000000	2081.0938
111000000	164000000	1877.9868
112000000	164000000	2267.3
113000000	164000000	3370.0957
114000000	164000000	2797.0828
115000000	164000000	2425.994
116000000	164000000	3076.5796
117000000	164000000	3968.44
118000000	164000000	2668.5938
119000000	164000000	4702.0054
120000000	164000000	5480.226
121000000	164000000	4348.272
122000000	164000000	3571.4998
123000000	164000000	3261.0884
124000000	164000000	2917.2002
125000000	164000000	3897.1648
126000000	164000000	3361.4275
127000000	164000000	4657.8374
128000000	164000000	6106.554
129000000	164000000	5745.716
130000000	164000000	3388.722
131000000	164000000	1753.2992
132000000	164000000	1071.0039
133000000	164000000	978.3187
134000000	164000000	1867.2203
135000000	164000000	3560.3733
136000000	164000000	3626.7046
137000000	164000000	1242.2255
138000000	164000000	931.06433
139000000	164000000	1827.2408
140000000	164000000	6028.4414
141000000	164000000	3713.795
142000000	164000000	3021.0886
143000000	164000000	5773.202
144000000	164000000	9385.257
145000000	164000000	7032.417
146000000	164000000	9504.533
147000000	164000000	9721.097
148000000	164000000	5658.8364
149000000	164000000	2820.7517
150000000	164000000	4491.8916
151000000	164000000	7923.5566
152000000	164000000	11433.158
153000000	164000000	7244.0913
154000000	164000000	9591.081
155000000	164000000	11285.0625
156000000	164000000	6627.7803
157000000	164000000	5812.051
158000000	164000000	6068.967
159000000	164000000	9871.649
160000000	164000000	15995.125
161000000	164000000	27422.994
162000000	164000000	36472.504
163000000	164000000	133981.12
164000000	164000000	489105.1
0	165000000	189.15544
1000000	165000000	192.56076
2000000	165000000	459.79306
3000000	165000000	504.9864
4000000	165000000	500.49292
5000000	165000000	340.34586
6000000	165000000	281.12003
7000000	165000000	438.2603
8000000	165000000	515.9756
9000000	165000000	384.87354
10000000	165000000	282.26108
11000000	165000000	510.31882
12000000	165000000	632.49176
13000000	165000000	495.4288
14000000	165000000	305.7584
15000000	165000000	528.52997
16000000	165000000	415.15436
17000000	165000000	394.9981
18000000	165000000	452.287
19000000	165000000	629.29944
20000000	165000000	644.367
21000000	165000000	637.5877
22000000	165000000	637.3597
23000000	165000000	544.2459
24000000	165000000	700.7079
25000000	165000000	585.27155
26000000	165000000	589.0175
27000000	165000000	679.5455
28000000	165000000	630.3368
29000000	165000000	770.3571
30000000	165000000	765.8295
31000000	165000000	469.33148
32000000	165000000	305.90775
33000000	165000000	320.9196
34000000	165000000	314.76053
35000000	165000000	349.35355
36000000	165000000	308.26624
37000000	165000000	297.0358
38000000	165000000	444.30658
39000000	165000000	485.11984
40000000	165000000	441.9574
41000000	165000000	492.2807
42000000	165000000	562.7136
43000000	165000000	350.36618
44000000	165000000	516.7193
45000000	165000000	508.65308
46000000	165000000	472.97363
49000000	165000000	559.2013
50000000	165000000	946.29175
51000000	165000000	1206.5509
52000000	165000000	759.1839
53000000	165000000	724.17236
54000000	165000000	501.21576
55000000	165000000	306.9972
56000000	165000000	454.5207
57000000	165000000	1018.4768
58000000	165000000	858.5602
59000000	165000000	738.8112
60000000	165000000	672.923
61000000	165000000	795.50024
62000000	165000000	1434.8373
63000000	165000000	1243.2632
64000000	165000000	499.6328
65000000	165000000	557.2338
66000000	165000000	639.12964
67000000	165000000	451.80133
68000000	165000000	363.646
69000000	165000000	NaN
70000000	165000000	273.31854
71000000	165000000	447.38297
72000000	165000000	500.89758
73000000	165000000	397.04044
74000000	165000000	331.9783
75000000	165000000	371.87442
76000000	165000000	262.013
77000000	165000000	247.04149
78000000	165000000	310.2713
79000000	165000000	408.8434
80000000	165000000	478.8276
81000000	165000000	750.5262
82000000	165000000	905.95416
83000000	165000000	1251.9849
84000000	165000000	1697.6168
85000000	165000000	1625.2542
86000000	165000000	1045.4108
87000000	165000000	1544.2795
88000000	165000000	542.6041
89000000	165000000	879.07404
90000000	165000000	1513.6794
91000000	165000000	2304.8079
92000000	165000000	1909.9663
93000000	165000000	1406.9742
94000000	165000000	990.5303
95000000	165000000	803.7774
96000000	165000000	856.643
97000000	165000000	1918.9052
98000000	165000000	1518.6805
99000000	165000000	2141.9136
100000000	165000000	1676.4834
101000000	165000000	2738.9678
102000000	165000000	1786.0415
103000000	165000000	3266.2256
104000000	165000000	3675.2769
105000000	165000000	2904.1882
106000000	165000000	1938.56
107000000	165000000	1936.4153
108000000	165000000	1509.4825
109000000	165000000	3070.1785
110000000	165000000	1777.172
111000000	165000000	1739.2295
112000000	165000000	2093.693
113000000	165000000	3727.2087
114000000	165000000	2822.1187
115000000	165000000	2249.0486
116000000	165000000	3006.1663
117000000	165000000	4077.0955
118000000	165000000	2087.4204
119000000	165000000	4605.423
120000000	165000000	5522.7446
121000000	165000000	4470.2246
122000000	165000000	3292.8694
123000000	165000000	3276.7053
124000000	165000000	2785.2302
125000000	165000000	3973.912
126000000	165000000	2944.6475
127000000	165000000	4246.428
128000000	165000000	6247.7134
129000000	165000000	5598.722
130000000	165000000	2841.435
131000000	165000000	1537.3147
132000000	165000000	930.68207
133000000	165000000	861.90924
134000000	165000000	2024.8816
135000000	165000000	4008.6099
136000000	165000000	4432.711
137000000	165000000	1036.5593
138000000	165000000	761.2133
139000000	165000000	1361.0162
140000000	165000000	6796.462
141000000	165000000	3525.5347
142000000	165000000	2444.697
143000000	165000000	5645.0073
144000000	165000000	10600.404
145000000	165000000	7160.1846
146000000	165000000	10700.99
147000000	165000000	10941.877
148000000	165000000	5691.22
149000000	165000000	2321.6638
150000000	165000000	3732.7854
151000000	165000000	7986.495
152000000	165000000	13342.668
153000000	165000000	7043.4434
154000000	165000000	9267.731
155000000	165000000	10679.173
156000000	165000000	5108.6577
157000000	165000000	4802.3936
158000000	165000000	4590.369
159000000	165000000	7092.5747
160000000	165000000	10265.311
161000000	165000000	18823.277
162000000	165000000	19192.252
163000000	165000000	43037.66
164000000	165000000	91497.38
165000000	165000000	493190.94
0	166000000	233.44533
1000000	166000000	248.62085
2000000	166000000	459.97116
3000000	166000000	509.6871
4000000	166000000	495.41785
5000000	166000000	377.70337
6000000	166000000	351.49176
7000000	166000000	505.02792
8000000	166000000	563.81366
9000000	166000000	495.28284
10000000	166000000	366.75467
11000000	166000000	535.22864
12000000	166000000	598.4891
13000000	166000000	566.3871
14000000	166000000	367.4039
15000000	166000000	625.34247
16000000	166000000	528.82465
17000000	166000000	433.22647
18000000	166000000	428.09534
19000000	166000000	580.6044
20000000	166000000	723.91064
21000000	166000000	679.6735
22000000	166000000	626.39514
23000000	166000000	662.419
24000000	166000000	592.76215
25000000	166000000	627.3662
26000000	166000000	564.76
27000000	166000000	644.5309
28000000	166000000	633.95575
29000000	166000000	763.0019
30000000	166000000	813.1328
31000000	166000000	532.51935
32000000	166000000	347.55542
33000000	166000000	368.74817
34000000	166000000	347.1164
35000000	166000000	401.86148
36000000	166000000	412.10815
37000000	166000000	338.63974
38000000	166000000	532.38116
39000000	166000000	526.34326
40000000	166000000	481.9991
41000000	166000000	532.9638
42000000	166000000	572.09015
43000000	166000000	388.885
44000000	166000000	620.9746
45000000	166000000	506.28442
46000000	166000000	347.19373
49000000	166000000	580.40894
50000000	166000000	1027.9297
51000000	166000000	1250.432
52000000	166000000	903.5977
53000000	166000000	802.0267
54000000	166000000	604.728
55000000	166000000	362.9295
56000000	166000000	547.60944
57000000	166000000	1140.7288
58000000	166000000	1017.84686
59000000	166000000	881.5599
60000000	166000000	738.3324
61000000	166000000	940.8459
62000000	166000000	1443.6395
63000000	166000000	1254.307
64000000	166000000	573.7278
65000000	166000000	595.2186
66000000	166000000	713.0537
67000000	166000000	441.40503
68000000	166000000	420.82336
69000000	166000000	NaN
70000000	166000000	252.20912
71000000	166000000	492.81638
72000000	166000000	537.18317
73000000	166000000	443.09573
74000000	166000000	415.3873
75000000	166000000	370.51587
76000000	166000000	372.77014
77000000	166000000	266.9777
78000000	166000000	351.79996
79000000	166000000	493.0061
80000000	166000000	517.0076
81000000	166000000	733.63855
82000000	166000000	877.46423
83000000	166000000	1266.3367
84000000	166000000	1584.1046
85000000	166000000	1563.5686
86000000	166000000	1069.5933
87000000	166000000	1565.406
88000000	166000000	609.96216
89000000	166000000	823.7799
90000000	166000000	1553.3455
91000000	166000000	2207.2927
92000000	166000000	1867.3818
93000000	166000000	1421.8108
94000000	166000000	1010.50745
95000000	166000000	817.83185
96000000	166000000	925.6346
97000000	166000000	1825.4498
98000000	166000000	1580.3846
99000000	166000000	1917.9545
100000000	166000000	1630.327
101000000	166000000	2593.1472
102000000	166000000	1807.0234
103000000	166000000	3148.686
104000000	166000000	3474.4163
105000000	166000000	2984.7014
106000000	166000000	2128.5837
107000000	166000000	2044.9751
108000000	166000000	1467.142
109000000	166000000	2923.3833
110000000	166000000	1803.1989
111000000	166000000	1756.0327
112000000	166000000	2248.7537
113000000	166000000	3768.8103
114000000	166000000	2776.142
115000000	166000000	2293.7925
116000000	166000000	3016.2307
117000000	166000000	3880.6262
118000000	166000000	2031.7573
119000000	166000000	4240.0806
120000000	166000000	5179.993
121000000	166000000	4360.926
122000000	166000000	3468.4236
123000000	166000000	3259.1936
124000000	166000000	2710.2173
125000000	166000000	3938.102
126000000	166000000	2917.8254
127000000	166000000	4071.831
128000000	166000000	5843.1826
129000000	166000000	5452.3374
130000000	166000000	2690.003
131000000	166000000	1579.4421
132000000	166000000	1162.0707
133000000	166000000	919.7191
134000000	166000000	2572.1917
135000000	166000000	4686.8076
136000000	166000000	5259.859
137000000	166000000	1070.2576
138000000	166000000	917.79803
139000000	166000000	1414.7692
140000000	166000000	6056.8604
141000000	166000000	4161.0127
142000000	166000000	2714.2937
143000000	166000000	5903.6196
144000000	166000000	11077.766
145000000	166000000	7804.8184
146000000	166000000	11547.319
147000000	166000000	11234.386
148000000	166000000	6392.995
149000000	166000000	2548.9463
150000000	166000000	3766.739
151000000	166000000	8267.553
152000000	166000000	13368.491
153000000	166000000	7424.843
154000000	166000000	9322.531
155000000	166000000	10517.528
156000000	166000000	4848.628
157000000	166000000	5111.311
158000000	166000000	4707.3486
159000000	166000000	7160.8755
160000000	166000000	9231.749
161000000	166000000	15193.404
162000000	166000000	15207.001
163000000	166000000	32602.842
164000000	166000000	48821.15
165000000	166000000	137708.05
166000000	166000000	469856.66
0	167000000	535.4126
1000000	167000000	488.25797
2000000	167000000	410.71863
3000000	167000000	333.19135
4000000	167000000	304.07852
5000000	167000000	461.2243
6000000	167000000	530.7892
7000000	167000000	495.87137
8000000	167000000	398.2578
9000000	167000000	507.0786
10000000	167000000	592.5295
11000000	167000000	493.431
12000000	167000000	356.3348
13000000	167000000	430.90482
14000000	167000000	603.3555
15000000	167000000	449.13678
16000000	167000000	509.9139
17000000	167000000	418.44266
18000000	167000000	359.18594
19000000	167000000	383.16107
20000000	167000000	430.86642
21000000	167000000	444.60083
22000000	167000000	492.34833
23000000	167000000	445.503
24000000	167000000	396.85468
25000000	167000000	417.90372
26000000	167000000	362.49216
27000000	167000000	409.98758
28000000	167000000	420.95044
29000000	167000000	455.2896
30000000	167000000	443.74258
31000000	167000000	582.06537
32000000	167000000	495.25082
33000000	167000000	485.21027
34000000	167000000	534.2671
35000000	167000000	514.74884
36000000	167000000	524.3203
37000000	167000000	581.0609
38000000	167000000	592.70013
39000000	167000000	522.2378
40000000	167000000	579.27234
41000000	167000000	560.2341
42000000	167000000	493.42697
43000000	167000000	547.27344
44000000	167000000	421.2044
45000000	167000000	357.419
46000000	167000000	162.37567
49000000	167000000	605.8421
50000000	167000000	796.57043
51000000	167000000	845.7278
52000000	167000000	1016.5705
53000000	167000000	1059.8486
54000000	167000000	1013.08777
55000000	167000000	750.6332
56000000	167000000	903.65295
57000000	167000000	984.70593
58000000	167000000	1134.7168
59000000	167000000	1136.5085
60000000	167000000	1124.034
61000000	167000000	1222.9987
62000000	167000000	1008.5951
63000000	167000000	930.618
64000000	167000000	901.40936
65000000	167000000	1017.7304
66000000	167000000	906.7518
67000000	167000000	728.96265
68000000	167000000	725.6185
69000000	167000000	NaN
70000000	167000000	580.2797
71000000	167000000	851.006
72000000	167000000	958.6817
73000000	167000000	804.75616
74000000	167000000	761.7369
75000000	167000000	680.3334
76000000	167000000	761.0928
77000000	167000000	624.4066
78000000	167000000	760.0163
79000000	167000000	939.02686
80000000	167000000	1045.3435
81000000	167000000	1042.0696
82000000	167000000	1026.0837
83000000	167000000	987.6451
84000000	167000000	927.6793
85000000	167000000	1051.8279
86000000	167000000	1109.2709
87000000	167000000	1218.3694
88000000	167000000	1190.775
89000000	167000000	1144.0425
90000000	167000000	1512.2208
91000000	167000000	1282.2344
92000000	167000000	1352.0471
93000000	167000000	1531.0177
94000000	167000000	1630.7651
95000000	167000000	1502.3339
96000000	167000000	1333.3933
97000000	167000000	1272.7977
98000000	167000000	1490.251
99000000	167000000	1381.926
100000000	167000000	1414.0851
101000000	167000000	1717.1176
102000000	167000000	2288.5837
103000000	167000000	1802.3202
104000000	167000000	1811.0092
105000000	167000000	1822.1431
106000000	167000000	2224.5737
107000000	167000000	2389.242
108000000	167000000	1993.6898
109000000	167000000	2265.641
110000000	167000000	2266.9875
111000000	167000000	2417.7344
112000000	167000000	3167.09
113000000	167000000	2657.9543
114000000	167000000	2651.2778
115000000	167000000	2943.8223
116000000	167000000	2698.9688
117000000	167000000	2632.8376
118000000	167000000	2835.651
119000000	167000000	2860.8608
120000000	167000000	2998.0234
121000000	167000000	3702.353
122000000	167000000	3962.8442
123000000	167000000	2783.8408
124000000	167000000	2816.8218
125000000	167000000	3239.2583
126000000	167000000	3785.166
127000000	167000000	3807.6357
128000000	167000000	3787.2727
129000000	167000000	3772.2314
130000000	167000000	3581.6262
131000000	167000000	3058.1326
132000000	167000000	2860.2812
133000000	167000000	2466.9915
134000000	167000000	4903.414
135000000	167000000	6100.89
136000000	167000000	6207.845
137000000	167000000	2956.0188
138000000	167000000	2356.004
139000000	167000000	3510.8062
140000000	167000000	4642.344
141000000	167000000	6627.8325
142000000	167000000	5392.3203
143000000	167000000	6283.0938
144000000	167000000	7002.2153
145000000	167000000	9280.393
146000000	167000000	9757.312
147000000	167000000	9134.793
148000000	167000000	9665.341
149000000	167000000	6062.415
150000000	167000000	6144.4736
151000000	167000000	9049.831
152000000	167000000	8983.521
153000000	167000000	9982.199
154000000	167000000	10248.224
155000000	167000000	8526.071
156000000	167000000	7725.834
157000000	167000000	8339.502
158000000	167000000	8693.269
159000000	167000000	11742.137
160000000	167000000	9431.886
161000000	167000000	8791.514
162000000	167000000	12220.306
163000000	167000000	21589.516
164000000	167000000	22735.695
165000000	167000000	37218.375
166000000	167000000	87458.234
167000000	167000000	445294.7
0	168000000	632.3121
1000000	168000000	558.13074
2000000	168000000	463.27823
3000000	168000000	351.74442
4000000	168000000	315.78372
5000000	168000000	492.7364
6000000	168000000	518.6064
7000000	168000000	483.16318
8000000	168000000	381.72217
9000000	168000000	498.36313
10000000	168000000	556.92694
11000000	168000000	514.82355
12000000	168000000	340.96735
13000000	168000000	406.61572
14000000	168000000	565.1551
15000000	168000000	472.7193
16000000	168000000	511.88995
17000000	168000000	419.4762
18000000	168000000	352.3828
19000000	168000000	407.31674
20000000	168000000	419.2402
21000000	168000000	412.15775
22000000	168000000	470.8237
23000000	168000000	420.3634
24000000	168000000	326.88037
25000000	168000000	388.0931
26000000	168000000	353.922
27000000	168000000	356.08514
28000000	168000000	342.69012
29000000	168000000	416.3784
30000000	168000000	405.30167
31000000	168000000	666.2865
32000000	168000000	487.78647
33000000	168000000	475.65842
34000000	168000000	529.2317
35000000	168000000	545.656
36000000	168000000	607.7881
37000000	168000000	545.9923
38000000	168000000	653.3921
39000000	168000000	529.3481
40000000	168000000	517.49115
41000000	168000000	482.90726
42000000	168000000	524.2102
43000000	168000000	459.02246
44000000	168000000	400.6705
45000000	168000000	290.2221
46000000	168000000	238.76147
49000000	168000000	450.91965
50000000	168000000	677.3983
51000000	168000000	655.2025
52000000	168000000	868.09546
53000000	168000000	1073.5642
54000000	168000000	1206.5217
55000000	168000000	828.6952
56000000	168000000	993.74963
57000000	168000000	1071.1178
58000000	168000000	1131.2803
59000000	168000000	1042.7551
60000000	168000000	1000.0102
61000000	168000000	1054.7617
62000000	168000000	716.8007
63000000	168000000	723.7256
64000000	168000000	729.07794
65000000	168000000	1138.3752
66000000	168000000	1204.9814
67000000	168000000	799.2942
68000000	168000000	831.7555
69000000	168000000	NaN
70000000	168000000	656.1682
71000000	168000000	1137.5254
72000000	168000000	1371.4196
73000000	168000000	1162.1855
74000000	168000000	885.7024
75000000	168000000	886.42426
76000000	168000000	1017.0027
77000000	168000000	717.80084
78000000	168000000	894.97974
79000000	168000000	1248.7582
80000000	168000000	1164.5175
81000000	168000000	905.3065
82000000	168000000	781.31256
83000000	168000000	816.2647
84000000	168000000	708.2451
85000000	168000000	811.55707
86000000	168000000	761.22003
87000000	168000000	926.6009
88000000	168000000	877.5603
89000000	168000000	842.0562
90000000	168000000	1129.4854
91000000	168000000	940.0365
92000000	168000000	1048.2698
93000000	168000000	1127.9564
94000000	168000000	1358.8295
95000000	168000000	1339.8666
96000000	168000000	1004.5982
97000000	168000000	965.10516
98000000	168000000	1032.6163
99000000	168000000	1090.4176
100000000	168000000	951.0618
101000000	168000000	1223.9717
102000000	168000000	1522.0264
103000000	168000000	1312.992
104000000	168000000	1338.9812
105000000	168000000	1363.5284
106000000	168000000	1553.5288
107000000	168000000	1790.0854
108000000	168000000	1523.925
109000000	168000000	1819.9847
110000000	168000000	1606.7714
111000000	168000000	2208.3135
112000000	168000000	2720.8708
113000000	168000000	2078.8337
114000000	168000000	2077.074
115000000	168000000	2237.7466
116000000	168000000	2004.2747
117000000	168000000	1995.5438
118000000	168000000	1791.8608
119000000	168000000	2144.5518
120000000	168000000	2222.4402
121000000	168000000	2838.629
122000000	168000000	3117.6033
123000000	168000000	2311.2002
124000000	168000000	2253.194
125000000	168000000	2670.1453
126000000	168000000	2856.128
127000000	168000000	2714.5757
128000000	168000000	2884.7432
129000000	168000000	3014.7004
130000000	168000000	2549.6418
131000000	168000000	2846.1433
132000000	168000000	3963.3572
133000000	168000000	2945.9602
134000000	168000000	7214.323
135000000	168000000	8603.612
136000000	168000000	8813.115
137000000	168000000	2825.4395
138000000	168000000	2365.2625
139000000	168000000	2653.1423
140000000	168000000	3464.3855
141000000	168000000	7015.806
142000000	168000000	4424.201
143000000	168000000	5272.5737
144000000	168000000	6145.726
145000000	168000000	7657.7827
146000000	168000000	8867.076
147000000	168000000	8065.837
148000000	168000000	9694.534
149000000	168000000	5975.1665
150000000	168000000	5443.162
151000000	168000000	8330.109
152000000	168000000	7938.886
153000000	168000000	8183.4727
154000000	168000000	8794.258
155000000	168000000	8314.234
156000000	168000000	6014.431
157000000	168000000	8789.16
158000000	168000000	7830.6978
159000000	168000000	11169.674
160000000	168000000	6679.4155
161000000	168000000	6059.0415
162000000	168000000	7095.7485
163000000	168000000	11686.913
164000000	168000000	11900.273
165000000	168000000	17795.76
166000000	168000000	28441.123
167000000	168000000	110018.91
168000000	168000000	475849.1
0	169000000	748.96906
1000000	169000000	699.26416
2000000	169000000	299.45862
3000000	169000000	226.62993
4000000	169000000	248.09976
5000000	169000000	495.24704
6000000	169000000	618.0405
7000000	169000000	476.10443
8000000	169000000	355.17108
9000000	169000000	466.39197
10000000	169000000	664.3716
11000000	169000000	402.23923
12000000	169000000	280.6037
13000000	169000000	315.83447
14000000	169000000	659.96576
15000000	169000000	332.52444
16000000	169000000	469.8579
17000000	169000000	478.21448
18000000	169000000	322.82605
19000000	169000000	320.5498
20000000	169000000	331.13248
21000000	169000000	471.12244
22000000	169000000	404.5675
23000000	169000000	432.34085
24000000	169000000	298.70554
25000000	169000000	264.96576
26000000	169000000	257.69138
27000000	169000000	279.1299
28000000	169000000	334.71753
29000000	169000000	295.69214
30000000	169000000	308.20114
31000000	169000000	706.2934
32000000	169000000	663.4648
33000000	169000000	567.4945
34000000	169000000	650.43
35000000	169000000	600.4709
36000000	169000000	749.5318
37000000	169000000	749.60236
38000000	169000000	662.352
39000000	169000000	543.7131
40000000	169000000	678.10535
41000000	169000000	534.6141
42000000	169000000	494.9537
43000000	169000000	732.3311
44000000	169000000	398.73114
45000000	169000000	225.31163
46000000	169000000	122.69702
49000000	169000000	562.9916
50000000	169000000	622.0692
51000000	169000000	512.8689
52000000	169000000	888.8219
53000000	169000000	1015.7722
54000000	169000000	1241.7141
55000000	169000000	1199.7272
56000000	169000000	1139.8115
57000000	169000000	875.92633
58000000	169000000	1001.5916
59000000	169000000	927.6846
60000000	169000000	1048.0233
61000000	169000000	1105.2404
62000000	169000000	608.8233
63000000	169000000	662.06415
64000000	169000000	1108.2509
65000000	169000000	1327.8314
66000000	169000000	1255.6226
67000000	169000000	1109.7623
68000000	169000000	1140.4172
69000000	169000000	NaN
70000000	169000000	1009.6763
71000000	169000000	1409.9346
72000000	169000000	1530.3019
73000000	169000000	1463.3972
74000000	169000000	1174.3711
75000000	169000000	1252.0996
76000000	169000000	1296.9692
77000000	169000000	1170.3907
78000000	169000000	1339.331
79000000	169000000	1535.1346
80000000	169000000	1408.9738
81000000	169000000	1031.8466
82000000	169000000	952.8418
83000000	169000000	821.02734
84000000	169000000	617.82404
85000000	169000000	728.3311
86000000	169000000	970.98096
87000000	169000000	847.18445
88000000	169000000	1268.4846
89000000	169000000	1075.2004
90000000	169000000	1183.9688
91000000	169000000	713.99475
92000000	169000000	933.86536
93000000	169000000	1254.5205
94000000	169000000	1600.7554
95000000	169000000	1750.1672
96000000	169000000	1448.9646
97000000	169000000	848.71674
98000000	169000000	1203.0442
99000000	169000000	970.0448
100000000	169000000	1195.9655
101000000	169000000	1085.7936
102000000	169000000	1995.0923
103000000	169000000	1026.3457
104000000	169000000	960.17993
105000000	169000000	1124.336
106000000	169000000	1726.0242
107000000	169000000	1919.5963
108000000	169000000	1851.1812
109000000	169000000	1516.3823
110000000	169000000	2006.938
111000000	169000000	2482.2246
112000000	169000000	3064.3916
113000000	169000000	1744.5547
114000000	169000000	2228.336
115000000	169000000	2609.0056
116000000	169000000	2084.8306
117000000	169000000	1604.7809
118000000	169000000	2773.036
119000000	169000000	1620.0579
120000000	169000000	1730.6648
121000000	169000000	2643.4749
122000000	169000000	3640.9434
123000000	169000000	2341.4282
124000000	169000000	2881.412
125000000	169000000	2610.5955
126000000	169000000	3724.7097
127000000	169000000	2958.3984
128000000	169000000	2505.4348
129000000	169000000	2296.433
130000000	169000000	3028.3923
131000000	169000000	3628.7512
132000000	169000000	4706.3145
133000000	169000000	4372.284
134000000	169000000	7410.3994
135000000	169000000	7612.9775
136000000	169000000	7222.8447
137000000	169000000	4880.482
138000000	169000000	3637.34
139000000	169000000	4071.6956
140000000	169000000	3428.1365
141000000	169000000	7127.111
142000000	169000000	6093.426
143000000	169000000	5181.3345
144000000	169000000	4245.651
145000000	169000000	8032.8926
146000000	169000000	6820.066
147000000	169000000	6828.7246
148000000	169000000	9792.935
149000000	169000000	8239.565
150000000	169000000	6615.7812
151000000	169000000	7476.0605
152000000	169000000	5620.589
153000000	169000000	8478.322
154000000	169000000	8006.61
155000000	169000000	6088.044
156000000	169000000	8005.415
157000000	169000000	8301.414
158000000	169000000	8406.967
159000000	169000000	10833.721
160000000	169000000	7074.8647
161000000	169000000	4550.2246
162000000	169000000	7022.9854
163000000	169000000	8362.956
164000000	169000000	8233.192
165000000	169000000	9326.404
166000000	169000000	14036.695
167000000	169000000	44361.137
168000000	169000000	109385.18
169000000	169000000	489230.62
0	170000000	839.54724
1000000	170000000	735.0906
2000000	170000000	524.4219
3000000	170000000	388.25775
4000000	170000000	402.2677
5000000	170000000	518.28204
6000000	170000000	569.33
7000000	170000000	518.45575
8000000	170000000	453.35373
9000000	170000000	560.6267
10000000	170000000	532.0159
11000000	170000000	485.58893
12000000	170000000	371.7701
13000000	170000000	436.00473
14000000	170000000	550.46954
15000000	170000000	465.5945
16000000	170000000	529.8448
17000000	170000000	448.88586
18000000	170000000	422.8614
19000000	170000000	436.99274
20000000	170000000	452.6502
21000000	170000000	479.08572
22000000	170000000	501.5211
23000000	170000000	469.95667
24000000	170000000	443.80954
25000000	170000000	426.0515
26000000	170000000	349.81345
27000000	170000000	396.24963
28000000	170000000	421.7693
29000000	170000000	425.90634
30000000	170000000	426.9916
31000000	170000000	677.84894
32000000	170000000	518.7614
33000000	170000000	507.75146
34000000	170000000	560.48883
35000000	170000000	558.0585
36000000	170000000	655.51263
37000000	170000000	638.5822
38000000	170000000	691.9716
39000000	170000000	539.9809
40000000	170000000	537.42395
41000000	170000000	559.3748
42000000	170000000	556.91797
43000000	170000000	488.0607
44000000	170000000	447.71368
45000000	170000000	352.35886
46000000	170000000	225.96045
49000000	170000000	540.025
50000000	170000000	667.7275
51000000	170000000	659.65625
52000000	170000000	742.04596
53000000	170000000	907.73236
54000000	170000000	1072.3202
55000000	170000000	815.7979
56000000	170000000	920.2536
57000000	170000000	1051.0371
58000000	170000000	1035.5739
59000000	170000000	946.2027
60000000	170000000	912.3465
61000000	170000000	931.7614
62000000	170000000	765.9249
63000000	170000000	776.6925
64000000	170000000	727.3877
65000000	170000000	1109.997
66000000	170000000	1185.7086
67000000	170000000	895.22345
68000000	170000000	957.2238
69000000	170000000	NaN
70000000	170000000	829.16
71000000	170000000	1549.0549
72000000	170000000	1755.6298
73000000	170000000	1382.4506
74000000	170000000	1194.9124
75000000	170000000	1147.632
76000000	170000000	1215.8275
77000000	170000000	867.0549
78000000	170000000	1160.3918
79000000	170000000	1389.3649
80000000	170000000	1115.8329
81000000	170000000	788.43335
82000000	170000000	696.61005
83000000	170000000	695.26996
84000000	170000000	711.34515
85000000	170000000	813.7855
86000000	170000000	758.6656
87000000	170000000	887.1541
88000000	170000000	734.56586
89000000	170000000	773.6181
90000000	170000000	985.00415
91000000	170000000	958.7098
92000000	170000000	975.4287
93000000	170000000	1018.26166
94000000	170000000	1122.9901
95000000	170000000	1234.1697
96000000	170000000	886.72205
97000000	170000000	903.36285
98000000	170000000	1007.18854
99000000	170000000	956.6426
100000000	170000000	969.7363
101000000	170000000	1183.1768
102000000	170000000	1279.9067
103000000	170000000	1240.5101
104000000	170000000	1234.1459
105000000	170000000	1193.4836
106000000	170000000	1356.1058
107000000	170000000	1444.1709
108000000	170000000	1340.9009
109000000	170000000	1624.3263
110000000	170000000	1446.2053
111000000	170000000	1894.2701
112000000	170000000	2179.3472
113000000	170000000	1906.537
114000000	170000000	1797.768
115000000	170000000	1771.9191
116000000	170000000	1602.7524
117000000	170000000	1840.972
118000000	170000000	1529.7123
119000000	170000000	1875.08
120000000	170000000	2115.0974
121000000	170000000	2184.1611
122000000	170000000	2537.3
123000000	170000000	1983.8221
124000000	170000000	1923.5997
125000000	170000000	2364.599
126000000	170000000	2357.5273
127000000	170000000	2319.261
128000000	170000000	2643.2153
129000000	170000000	2889.3706
130000000	170000000	2257.879
131000000	170000000	2486.0781
132000000	170000000	3988.9487
133000000	170000000	3405.5469
134000000	170000000	7623.8657
135000000	170000000	8495.232
136000000	170000000	9148.652
137000000	170000000	3328.8257
138000000	170000000	2687.6545
139000000	170000000	2647.3152
140000000	170000000	4088.3586
141000000	170000000	5901.2734
142000000	170000000	3453.2568
143000000	170000000	4221.677
144000000	170000000	5403.1387
145000000	170000000	6160.576
146000000	170000000	7356.9204
147000000	170000000	6970.2397
148000000	170000000	7391.66
149000000	170000000	5269.0938
150000000	170000000	4971.973
151000000	170000000	6913.413
152000000	170000000	7002.781
153000000	170000000	6287.6006
154000000	170000000	7317.625
155000000	170000000	7048.4263
156000000	170000000	4868.4346
157000000	170000000	6911.8345
158000000	170000000	6107.732
159000000	170000000	7842.8433
160000000	170000000	4796.2793
161000000	170000000	5178.6084
162000000	170000000	5535.754
163000000	170000000	8040.734
164000000	170000000	8535.591
165000000	170000000	11580.334
166000000	170000000	15766.9
167000000	170000000	23889.857
168000000	170000000	44629.715
169000000	170000000	96914.695
170000000	170000000	466131.75
0	171000000	1163.4163
1000000	171000000	898.6094
2000000	171000000	370.3371
3000000	171000000	273.1026
4000000	171000000	249.80795
5000000	171000000	459.08646
6000000	171000000	561.5814
7000000	171000000	401.08865
8000000	171000000	334.73282
9000000	171000000	416.13666
10000000	171000000	692.50555
11000000	171000000	328.32703
12000000	171000000	222.59352
13000000	171000000	273.12238
14000000	171000000	647.9227
15000000	171000000	301.91205
16000000	171000000	391.96597
17000000	171000000	434.75284
18000000	171000000	322.40225
19000000	171000000	284.6252
20000000	171000000	292.63483
21000000	171000000	332.5583
22000000	171000000	347.46158
23000000	171000000	309.4185
24000000	171000000	265.81482
25000000	171000000	278.23242
26000000	171000000	254.16098
27000000	171000000	250.24094
28000000	171000000	280.61917
29000000	171000000	283.18695
30000000	171000000	240.50331
31000000	171000000	565.01666
32000000	171000000	705.85583
33000000	171000000	532.7282
34000000	171000000	619.7457
35000000	171000000	570.97534
36000000	171000000	712.4428
37000000	171000000	763.4361
38000000	171000000	534.30566
39000000	171000000	441.69583
40000000	171000000	532.5497
41000000	171000000	440.83075
42000000	171000000	430.64185
43000000	171000000	731.2344
44000000	171000000	327.59677
45000000	171000000	242.90375
46000000	171000000	145.74702
49000000	171000000	529.24896
50000000	171000000	424.58337
51000000	171000000	389.048
52000000	171000000	661.18384
53000000	171000000	785.96246
54000000	171000000	1035.5541
55000000	171000000	1129.5812
56000000	171000000	931.4833
57000000	171000000	661.9922
58000000	171000000	662.5979
59000000	171000000	779.5117
60000000	171000000	855.2613
61000000	171000000	777.1259
62000000	171000000	436.328
63000000	171000000	462.58115
64000000	171000000	886.54065
65000000	171000000	1136.7589
66000000	171000000	996.9992
67000000	171000000	1076.8864
68000000	171000000	1259.9521
69000000	171000000	NaN
70000000	171000000	997.3803
71000000	171000000	1534.348
72000000	171000000	1667.5885
73000000	171000000	1486.4386
74000000	171000000	1459.2328
75000000	171000000	1428.5247
76000000	171000000	1539.2322
77000000	171000000	1483.6173
78000000	171000000	1601.4951
79000000	171000000	1689.2875
80000000	171000000	1388.5552
81000000	171000000	942.5868
82000000	171000000	709.4547
83000000	171000000	457.60913
84000000	171000000	362.87872
85000000	171000000	418.19717
86000000	171000000	672.9259
87000000	171000000	574.3977
88000000	171000000	1087.1243
89000000	171000000	839.0753
90000000	171000000	758.5228
91000000	171000000	492.19867
92000000	171000000	548.6677
93000000	171000000	813.2717
94000000	171000000	1256.786
95000000	171000000	1559.7651
96000000	171000000	1194.7501
97000000	171000000	593.46954
98000000	171000000	746.6087
99000000	171000000	642.21844
100000000	171000000	834.9022
101000000	171000000	634.41174
102000000	171000000	1186.6969
103000000	171000000	635.8004
104000000	171000000	526.63495
105000000	171000000	646.7727
106000000	171000000	1090.8434
107000000	171000000	1191.1107
108000000	171000000	1525.2539
109000000	171000000	987.7832
110000000	171000000	1524.2333
111000000	171000000	1907.7905
112000000	171000000	2030.9305
113000000	171000000	1086.4717
114000000	171000000	1510.5138
115000000	171000000	1680.3885
116000000	171000000	1238.1489
117000000	171000000	953.49335
118000000	171000000	1724.8674
119000000	171000000	869.07104
120000000	171000000	847.28687
121000000	171000000	1325.7494
122000000	171000000	1872.2318
123000000	171000000	1361.8827
124000000	171000000	1684.3374
125000000	171000000	1550.8442
126000000	171000000	2289.0393
127000000	171000000	1767.7233
128000000	171000000	1386.0148
129000000	171000000	1462.8875
130000000	171000000	2438.737
131000000	171000000	3693.9766
132000000	171000000	5204.8086
133000000	171000000	5301.7563
134000000	171000000	7260.8403
135000000	171000000	5599.02
136000000	171000000	5768.246
137000000	171000000	5420.058
138000000	171000000	4539.941
139000000	171000000	4615.5728
140000000	171000000	3523.6458
141000000	171000000	5561.0884
142000000	171000000	4403.114
143000000	171000000	3219.7231
144000000	171000000	2402.2305
145000000	171000000	3999.1846
146000000	171000000	3328.319
147000000	171000000	3354.3447
148000000	171000000	5812.7793
149000000	171000000	6841.8564
150000000	171000000	5816.856
151000000	171000000	4718.047
152000000	171000000	3321.6772
153000000	171000000	4889.071
154000000	171000000	5043.57
155000000	171000000	3771.8447
156000000	171000000	5400.016
157000000	171000000	6312.1167
158000000	171000000	6196.5034
159000000	171000000	6958.768
160000000	171000000	4007.4873
161000000	171000000	2669.9734
162000000	171000000	3670.5417
163000000	171000000	3713.623
164000000	171000000	3821.8127
165000000	171000000	4333.2886
166000000	171000000	5732.763
167000000	171000000	12594.419
168000000	171000000	18786.254
169000000	171000000	30421.596
170000000	171000000	125241.305
171000000	171000000	535217.75
0	172000000	1230.262
1000000	172000000	926.0775
2000000	172000000	339.84595
3000000	172000000	274.41437
4000000	172000000	262.64346
5000000	172000000	458.2036
6000000	172000000	558.92053
7000000	172000000	398.96017
8000000	172000000	293.94943
9000000	172000000	401.24033
10000000	172000000	643.95026
11000000	172000000	315.78357
12000000	172000000	212.27632
13000000	172000000	269.14246
14000000	172000000	635.78735
15000000	172000000	321.85046
16000000	172000000	368.47806
17000000	172000000	404.14725
18000000	172000000	271.16562
19000000	172000000	274.28082
20000000	172000000	267.183
21000000	172000000	263.79218
22000000	172000000	305.03458
23000000	172000000	316.04605
24000000	172000000	219.87297
25000000	172000000	221.29266
26000000	172000000	192.61948
27000000	172000000	232.45486
28000000	172000000	241.99965
29000000	172000000	221.62587
30000000	172000000	210.582
31000000	172000000	528.3245
32000000	172000000	639.6247
33000000	172000000	536.0586
34000000	172000000	597.35486
35000000	172000000	554.7746
36000000	172000000	699.8038
37000000	172000000	705.34436
38000000	172000000	516.53217
39000000	172000000	411.56674
40000000	172000000	460.39578
41000000	172000000	468.7559
42000000	172000000	386.89212
43000000	172000000	648.4921
44000000	172000000	329.26843
45000000	172000000	211.58382
46000000	172000000	139.394
49000000	172000000	453.76083
50000000	172000000	399.71008
51000000	172000000	373.8611
52000000	172000000	592.3762
53000000	172000000	765.4643
54000000	172000000	1050.5331
55000000	172000000	1047.5381
56000000	172000000	881.9621
57000000	172000000	674.2655
58000000	172000000	717.4336
59000000	172000000	768.66504
60000000	172000000	792.967
61000000	172000000	771.10693
62000000	172000000	430.53107
63000000	172000000	447.38437
64000000	172000000	837.48737
65000000	172000000	1101.4935
66000000	172000000	1002.1753
67000000	172000000	985.90063
68000000	172000000	1229.0471
69000000	172000000	NaN
70000000	172000000	1037.7418
71000000	172000000	1582.7451
72000000	172000000	1794.0052
73000000	172000000	1470.3218
74000000	172000000	1537.015
75000000	172000000	1443.3138
76000000	172000000	1602.4725
77000000	172000000	1416.7976
78000000	172000000	1577.2806
79000000	172000000	1622.2273
80000000	172000000	1314.7006
81000000	172000000	853.3873
82000000	172000000	640.7715
83000000	172000000	402.1761
84000000	172000000	372.35364
85000000	172000000	387.95715
86000000	172000000	595.2061
87000000	172000000	557.43036
88000000	172000000	888.82837
89000000	172000000	781.7901
90000000	172000000	665.0697
91000000	172000000	418.2454
92000000	172000000	538.9341
93000000	172000000	728.35767
94000000	172000000	1231.6956
95000000	172000000	1359.8268
96000000	172000000	1010.5039
97000000	172000000	547.6113
98000000	172000000	626.2134
99000000	172000000	523.22626
100000000	172000000	664.6956
101000000	172000000	542.8729
102000000	172000000	974.9026
103000000	172000000	506.47745
104000000	172000000	512.69403
105000000	172000000	563.173
106000000	172000000	922.0344
107000000	172000000	1022.43353
108000000	172000000	1177.85
109000000	172000000	928.55536
110000000	172000000	1290.9392
111000000	172000000	1660.9191
112000000	172000000	1775.6439
113000000	172000000	952.9453
114000000	172000000	1262.7694
115000000	172000000	1341.5927
116000000	172000000	1041.0724
117000000	172000000	801.57574
118000000	172000000	1471.3198
119000000	172000000	814.08
120000000	172000000	821.6401
121000000	172000000	1127.1681
122000000	172000000	1545.8942
123000000	172000000	1187.7985
124000000	172000000	1374.7174
125000000	172000000	1270.8938
126000000	172000000	2019.0962
127000000	172000000	1533.204
128000000	172000000	1166.668
129000000	172000000	1393.62
130000000	172000000	2230.887
131000000	172000000	3327.5361
132000000	172000000	5013.189
133000000	172000000	5259.008
134000000	172000000	7403.2734
135000000	172000000	5621.133
136000000	172000000	5964.9434
137000000	172000000	5428.1
138000000	172000000	4472.277
139000000	172000000	4284.7017
140000000	172000000	3556.5115
141000000	172000000	5323.9624
142000000	172000000	3818.5867
143000000	172000000	2735.9263
144000000	172000000	2163.6106
145000000	172000000	3678.7573
146000000	172000000	3138.991
147000000	172000000	3061.2283
148000000	172000000	5293.782
149000000	172000000	6451.383
150000000	172000000	5464.7407
151000000	172000000	4211.952
152000000	172000000	3093.6318
153000000	172000000	4294.3853
154000000	172000000	4511.1694
155000000	172000000	3443.9717
156000000	172000000	4341.0156
157000000	172000000	5463.6655
158000000	172000000	5443.032
159000000	172000000	5857.2305
160000000	172000000	3145.6367
161000000	172000000	2290.3708
162000000	172000000	2916.7576
163000000	172000000	3063.7666
164000000	172000000	3153.289
165000000	172000000	3602.7725
166000000	172000000	4630.883
167000000	172000000	9454.034
168000000	172000000	13735.928
169000000	172000000	19453.668
170000000	172000000	36780.93
171000000	172000000	127508.36
172000000	172000000	551272.25
0	173000000	1156.857
1000000	173000000	875.39307
2000000	173000000	423.67447
3000000	173000000	345.24103
4000000	173000000	326.36945
5000000	173000000	542.7808
6000000	173000000	584.1815
7000000	173000000	462.48517
8000000	173000000	374.0274
9000000	173000000	466.72665
10000000	173000000	659.6345
11000000	173000000	394.54495
12000000	173000000	265.92862
13000000	173000000	344.21448
14000000	173000000	695.85034
15000000	173000000	348.7457
16000000	173000000	475.91196
17000000	173000000	386.0633
18000000	173000000	320.4927
19000000	173000000	286.3372
20000000	173000000	310.65372
21000000	173000000	324.2881
22000000	173000000	321.78308
23000000	173000000	299.3689
24000000	173000000	306.78604
25000000	173000000	298.01562
26000000	173000000	242.65163
27000000	173000000	308.85617
28000000	173000000	293.4215
29000000	173000000	275.04428
30000000	173000000	287.9102
31000000	173000000	538.00354
32000000	173000000	629.8749
33000000	173000000	548.63336
34000000	173000000	576.0235
35000000	173000000	566.4838
36000000	173000000	694.4679
37000000	173000000	722.3968
38000000	173000000	600.63916
39000000	173000000	470.8332
40000000	173000000	465.12875
41000000	173000000	435.08148
42000000	173000000	429.92746
43000000	173000000	610.2944
44000000	173000000	354.48376
45000000	173000000	311.3528
46000000	173000000	153.38725
49000000	173000000	483.03137
50000000	173000000	524.99414
51000000	173000000	427.0537
52000000	173000000	661.0919
53000000	173000000	786.18555
54000000	173000000	1024.0507
55000000	173000000	994.10535
56000000	173000000	920.7298
57000000	173000000	806.98193
58000000	173000000	797.7972
59000000	173000000	909.0831
60000000	173000000	867.0234
61000000	173000000	852.91864
62000000	173000000	545.83997
63000000	173000000	546.4117
64000000	173000000	789.5929
65000000	173000000	1101.8729
66000000	173000000	1069.2998
67000000	173000000	1006.4306
68000000	173000000	1083.0659
69000000	173000000	NaN
70000000	173000000	1036.0076
71000000	173000000	1610.8046
72000000	173000000	1682.6156
73000000	173000000	1566.35
74000000	173000000	1451.6476
75000000	173000000	1428.9498
76000000	173000000	1417.9077
77000000	173000000	1297.7734
78000000	173000000	1395.4215
79000000	173000000	1412.2527
80000000	173000000	1190.0374
81000000	173000000	833.0388
82000000	173000000	662.3388
83000000	173000000	485.3971
84000000	173000000	435.23453
85000000	173000000	485.14603
86000000	173000000	671.83984
87000000	173000000	648.2627
88000000	173000000	923.5687
89000000	173000000	729.181
90000000	173000000	672.19727
91000000	173000000	592.2604
92000000	173000000	605.9718
93000000	173000000	775.4069
94000000	173000000	1085.2662
95000000	173000000	1269.4974
96000000	173000000	985.54736
97000000	173000000	632.82996
98000000	173000000	711.5032
99000000	173000000	590.27576
100000000	173000000	751.1141
101000000	173000000	697.444
102000000	173000000	1034.5402
103000000	173000000	656.18567
104000000	173000000	604.83405
105000000	173000000	699.3248
106000000	173000000	1116.1897
107000000	173000000	1128.844
108000000	173000000	1257.8191
109000000	173000000	1041.341
110000000	173000000	1394.1559
111000000	173000000	1596.1884
112000000	173000000	1707.9062
113000000	173000000	1124.7094
114000000	173000000	1324.5311
115000000	173000000	1382.5281
116000000	173000000	1160.2913
117000000	173000000	921.9591
118000000	173000000	1462.3837
119000000	173000000	902.9804
120000000	173000000	974.1186
121000000	173000000	1218.0931
122000000	173000000	1610.7705
123000000	173000000	1288.416
124000000	173000000	1446.5228
125000000	173000000	1436.6322
126000000	173000000	1955.1056
127000000	173000000	1651.4358
128000000	173000000	1463.5049
129000000	173000000	1610.1964
130000000	173000000	2183.6821
131000000	173000000	2856.6592
132000000	173000000	3975.95
133000000	173000000	4166.411
134000000	173000000	6645.683
135000000	173000000	6359.768
136000000	173000000	6979.6147
137000000	173000000	4295.979
138000000	173000000	3686.837
139000000	173000000	3637.7725
140000000	173000000	3639.7212
141000000	173000000	4635.256
142000000	173000000	3731.0872
143000000	173000000	3052.569
144000000	173000000	2734.1816
145000000	173000000	3695.3562
146000000	173000000	3718.1487
147000000	173000000	3601.0417
148000000	173000000	4982.112
149000000	173000000	5209.429
150000000	173000000	5003.3193
151000000	173000000	4492.059
152000000	173000000	3797.3108
153000000	173000000	4474.7534
154000000	173000000	4754.3984
155000000	173000000	4126.773
156000000	173000000	4478.6304
157000000	173000000	5408.4414
158000000	173000000	5504.7983
159000000	173000000	5653.243
160000000	173000000	3424.3867
161000000	173000000	2632.505
162000000	173000000	3274.1682
163000000	173000000	3626.6523
164000000	173000000	3787.053
165000000	173000000	4546.9976
166000000	173000000	5742.7827
167000000	173000000	9654.121
168000000	173000000	13527.654
169000000	173000000	17058.46
170000000	173000000	25523.78
171000000	173000000	36590.69
172000000	173000000	113437.12
173000000	173000000	557622.25
0	174000000	1051.5548
1000000	174000000	900.56604
2000000	174000000	834.3578
3000000	174000000	685.5928
4000000	174000000	570.0722
5000000	174000000	649.82574
6000000	174000000	633.95404
7000000	174000000	672.3787
8000000	174000000	536.32227
9000000	174000000	570.0225
10000000	174000000	534.27905
11000000	174000000	579.39966
12000000	174000000	458.62155
13000000	174000000	547.1033
14000000	174000000	527.12695
15000000	174000000	595.30945
16000000	174000000	624.3649
17000000	174000000	429.09918
18000000	174000000	418.46533
19000000	174000000	447.19235
20000000	174000000	436.79025
21000000	174000000	460.0044
22000000	174000000	421.5792
23000000	174000000	444.98022
24000000	174000000	432.10867
25000000	174000000	416.98038
26000000	174000000	447.8031
27000000	174000000	425.978
28000000	174000000	400.97437
29000000	174000000	483.04086
30000000	174000000	451.39185
31000000	174000000	666.24194
32000000	174000000	507.75104
33000000	174000000	516.8339
34000000	174000000	601.55
35000000	174000000	527.29767
36000000	174000000	611.759
37000000	174000000	602.44763
38000000	174000000	813.6467
39000000	174000000	638.89276
40000000	174000000	529.71106
41000000	174000000	508.60583
42000000	174000000	600.5233
43000000	174000000	485.02768
44000000	174000000	546.5811
45000000	174000000	410.31866
46000000	174000000	277.48138
49000000	174000000	506.57703
50000000	174000000	686.5057
51000000	174000000	713.1915
52000000	174000000	805.76086
53000000	174000000	877.06433
54000000	174000000	978.981
55000000	174000000	647.3608
56000000	174000000	878.4443
57000000	174000000	1229.5334
58000000	174000000	1101.5896
59000000	174000000	960.96594
60000000	174000000	844.1634
61000000	174000000	907.5674
62000000	174000000	923.3832
63000000	174000000	833.4357
64000000	174000000	518.4767
65000000	174000000	1029.1104
66000000	174000000	1307.8723
67000000	174000000	851.23755
68000000	174000000	856.72644
69000000	174000000	NaN
70000000	174000000	893.0544
71000000	174000000	1610.0171
72000000	174000000	1937.6199
73000000	174000000	1498.6273
74000000	174000000	1393.4044
75000000	174000000	1189.3734
76000000	174000000	1276.0862
77000000	174000000	779.43536
78000000	174000000	990.85126
79000000	174000000	1312.689
80000000	174000000	989.51
81000000	174000000	710.88776
82000000	174000000	596.4825
83000000	174000000	583.0485
84000000	174000000	647.20984
85000000	174000000	646.86865
86000000	174000000	603.19727
87000000	174000000	727.95245
88000000	174000000	531.96704
89000000	174000000	563.39484
90000000	174000000	785.6004
91000000	174000000	851.4612
92000000	174000000	834.6615
93000000	174000000	778.73016
94000000	174000000	853.32477
95000000	174000000	916.63574
96000000	174000000	631.5768
97000000	174000000	835.4269
98000000	174000000	723.4284
99000000	174000000	760.127
100000000	174000000	616.3723
101000000	174000000	938.599
102000000	174000000	827.13525
103000000	174000000	973.4624
104000000	174000000	959.5609
105000000	174000000	932.6818
106000000	174000000	912.6273
107000000	174000000	1055.2631
108000000	174000000	890.54736
109000000	174000000	1392.6866
110000000	174000000	1073.7683
111000000	174000000	1333.6562
112000000	174000000	1529.5974
113000000	174000000	1643.5249
114000000	174000000	1344.1696
115000000	174000000	1187.6432
116000000	174000000	1108.1642
117000000	174000000	1359.1537
118000000	174000000	929.8525
119000000	174000000	1412.2424
120000000	174000000	1619.7651
121000000	174000000	1533.6815
122000000	174000000	1578.5262
123000000	174000000	1461.8801
124000000	174000000	1360.1987
125000000	174000000	1683.4589
126000000	174000000	1441.016
127000000	174000000	1630.8325
128000000	174000000	2220.9824
129000000	174000000	2392.7275
130000000	174000000	1687.9348
131000000	174000000	1880.7596
132000000	174000000	3493.7952
133000000	174000000	2780.2295
134000000	174000000	7573.784
135000000	174000000	9500.795
136000000	174000000	11137.285
137000000	174000000	2680.3696
138000000	174000000	2322.77
139000000	174000000	2105.3962
140000000	174000000	4455.4453
141000000	174000000	4780.8516
142000000	174000000	2360.5205
143000000	174000000	3563.7554
144000000	174000000	5024.795
145000000	174000000	4666.369
146000000	174000000	6030.304
147000000	174000000	5728.943
148000000	174000000	5508.794
149000000	174000000	3586.9373
150000000	174000000	3785.2734
151000000	174000000	5681.9805
152000000	174000000	6569.808
153000000	174000000	4813.6157
154000000	174000000	6198.167
155000000	174000000	6081.209
156000000	174000000	3411.2212
157000000	174000000	5273.257
158000000	174000000	4420.654
159000000	174000000	5544.551
160000000	174000000	3189.5588
161000000	174000000	3828.1372
162000000	174000000	3467.828
163000000	174000000	5191.2153
164000000	174000000	5524.436
165000000	174000000	7971.8237
166000000	174000000	10218.42
167000000	174000000	11865.572
168000000	174000000	18296.361
169000000	174000000	15406.715
170000000	174000000	30127.914
171000000	174000000	24834.83
172000000	174000000	42921.277
173000000	174000000	119231.95
174000000	174000000	498316.6
0	175000000	1564.1243
1000000	175000000	1122.6501
2000000	175000000	530.6255
3000000	175000000	395.1941
4000000	175000000	350.00974
5000000	175000000	564.39954
6000000	175000000	627.0886
7000000	175000000	444.21106
8000000	175000000	337.869
9000000	175000000	467.628
10000000	175000000	634.8632
11000000	175000000	397.28638
12000000	175000000	254.74303
13000000	175000000	344.1668
14000000	175000000	600.9963
15000000	175000000	377.30432
16000000	175000000	413.10068
17000000	175000000	351.39474
18000000	175000000	297.30457
19000000	175000000	263.03772
20000000	175000000	284.48187
21000000	175000000	288.97464
22000000	175000000	349.74637
23000000	175000000	298.70618
24000000	175000000	256.6611
25000000	175000000	311.88226
26000000	175000000	261.2755
27000000	175000000	221.9375
28000000	175000000	269.54556
29000000	175000000	249.30087
30000000	175000000	326.66412
31000000	175000000	569.26636
32000000	175000000	655.0482
33000000	175000000	455.31793
34000000	175000000	580.44116
35000000	175000000	495.61832
36000000	175000000	691.21686
37000000	175000000	701.40454
38000000	175000000	591.3511
39000000	175000000	441.49695
40000000	175000000	466.28824
41000000	175000000	423.9795
42000000	175000000	494.2844
43000000	175000000	618.98944
44000000	175000000	357.6517
45000000	175000000	295.2465
46000000	175000000	162.96951
49000000	175000000	386.39127
50000000	175000000	423.46207
51000000	175000000	417.6411
52000000	175000000	574.7513
53000000	175000000	688.0392
54000000	175000000	894.3262
55000000	175000000	830.60004
56000000	175000000	856.5979
57000000	175000000	719.9329
58000000	175000000	637.1738
59000000	175000000	685.5927
60000000	175000000	755.14276
61000000	175000000	735.07745
62000000	175000000	484.14035
63000000	175000000	475.52982
64000000	175000000	650.03046
65000000	175000000	1004.29095
66000000	175000000	972.00037
67000000	175000000	842.7496
68000000	175000000	1059.8076
69000000	175000000	NaN
70000000	175000000	982.26196
71000000	175000000	1514.5333
72000000	175000000	1669.2468
73000000	175000000	1398.3254
74000000	175000000	1316.6321
75000000	175000000	1277.0106
76000000	175000000	1356.553
77000000	175000000	1034.485
78000000	175000000	1219.0658
79000000	175000000	1388.6736
80000000	175000000	966.5471
81000000	175000000	677.2144
82000000	175000000	541.335
83000000	175000000	446.9294
84000000	175000000	371.5562
85000000	175000000	435.69336
86000000	175000000	517.57776
87000000	175000000	471.67184
88000000	175000000	582.52716
89000000	175000000	591.64966
90000000	175000000	537.34735
91000000	175000000	411.71527
92000000	175000000	508.1969
93000000	175000000	678.9826
94000000	175000000	891.0448
95000000	175000000	1041.9788
96000000	175000000	797.2864
97000000	175000000	516.348
98000000	175000000	582.1417
99000000	175000000	501.95468
100000000	175000000	555.2609
101000000	175000000	585.4862
102000000	175000000	776.05475
103000000	175000000	544.8409
104000000	175000000	540.5746
105000000	175000000	551.4794
106000000	175000000	716.57
107000000	175000000	868.98193
108000000	175000000	939.0421
109000000	175000000	913.29626
110000000	175000000	1034.2471
111000000	175000000	1199.586
112000000	175000000	1438.4529
113000000	175000000	948.30365
114000000	175000000	1009.592
115000000	175000000	1083.0027
116000000	175000000	853.55927
117000000	175000000	790.1648
118000000	175000000	1002.6533
119000000	175000000	748.11426
120000000	175000000	825.084
121000000	175000000	1049.7278
122000000	175000000	1232.2216
123000000	175000000	950.05145
124000000	175000000	1095.0107
125000000	175000000	1168.2927
126000000	175000000	1489.926
127000000	175000000	1280.485
128000000	175000000	1219.6736
129000000	175000000	1402.0044
130000000	175000000	1730.8394
131000000	175000000	2423.9893
132000000	175000000	4077.761
133000000	175000000	4115.856
134000000	175000000	6906.2095
135000000	175000000	5605.116
136000000	175000000	6663.8228
137000000	175000000	4787.0493
138000000	175000000	3728.8904
139000000	175000000	3642.53
140000000	175000000	3958.3843
141000000	175000000	4824.232
142000000	175000000	2788.5154
143000000	175000000	2405.7012
144000000	175000000	2416.623
145000000	175000000	3529.0127
146000000	175000000	3256.4482
147000000	175000000	3259.8018
148000000	175000000	4802.3564
149000000	175000000	5294.7812
150000000	175000000	4741.7256
151000000	175000000	4092.4385
152000000	175000000	3400.3164
153000000	175000000	3960.135
154000000	175000000	4557.0005
155000000	175000000	3545.6238
156000000	175000000	3580.072
157000000	175000000	4422.4785
158000000	175000000	4187.767
159000000	175000000	4819.783
160000000	175000000	2527.5513
161000000	175000000	2353.5872
162000000	175000000	2805.134
163000000	175000000	3109.603
164000000	175000000	3130.052
165000000	175000000	3793.9275
166000000	175000000	4613.2085
167000000	175000000	7766.7627
168000000	175000000	11152.534
169000000	175000000	11727.591
170000000	175000000	16930.229
171000000	175000000	19360.37
172000000	175000000	28662.23
173000000	175000000	39416.277
174000000	175000000	114635.414
175000000	175000000	555688.7
0	176000000	2199.3633
1000000	176000000	1398.4094
2000000	176000000	303.39468
3000000	176000000	213.19536
4000000	176000000	226.0364
5000000	176000000	442.3384
6000000	176000000	596.03973
7000000	176000000	330.2382
8000000	176000000	251.4118
9000000	176000000	403.8603
10000000	176000000	708.16327
11000000	176000000	271.73007
12000000	176000000	210.29408
13000000	176000000	241.69373
14000000	176000000	717.3356
15000000	176000000	242.6774
16000000	176000000	326.93365
17000000	176000000	313.6471
18000000	176000000	257.20227
19000000	176000000	187.5006
20000000	176000000	185.49783
21000000	176000000	274.11212
22000000	176000000	246.16417
23000000	176000000	213.89456
24000000	176000000	171.56429
25000000	176000000	188.90771
26000000	176000000	173.5147
27000000	176000000	184.03044
28000000	176000000	178.41531
29000000	176000000	185.9031
30000000	176000000	188.13481
31000000	176000000	468.6834
32000000	176000000	802.7424
33000000	176000000	495.22253
34000000	176000000	533.4659
35000000	176000000	502.29224
36000000	176000000	706.6252
37000000	176000000	802.04565
38000000	176000000	399.73523
39000000	176000000	337.9623
40000000	176000000	446.07938
41000000	176000000	394.70218
42000000	176000000	382.37323
43000000	176000000	852.9494
44000000	176000000	294.76523
45000000	176000000	213.49846
46000000	176000000	178.67036
49000000	176000000	444.32724
50000000	176000000	356.37433
51000000	176000000	260.85468
52000000	176000000	469.03995
53000000	176000000	515.80927
54000000	176000000	884.04095
55000000	176000000	1040.714
56000000	176000000	779.53064
57000000	176000000	418.11356
58000000	176000000	432.7734
59000000	176000000	502.87042
60000000	176000000	626.9724
61000000	176000000	624.3837
62000000	176000000	310.34235
63000000	176000000	333.36276
64000000	176000000	821.5431
65000000	176000000	966.1199
66000000	176000000	654.59576
67000000	176000000	813.25586
68000000	176000000	1316.9208
69000000	176000000	NaN
70000000	176000000	1158.6802
71000000	176000000	1352.713
72000000	176000000	1407.9321
73000000	176000000	1258.527
74000000	176000000	1426.6746
75000000	176000000	1283.9493
76000000	176000000	1340.419
77000000	176000000	1463.4965
78000000	176000000	1522.2295
79000000	176000000	1353.4181
80000000	176000000	1034.4692
81000000	176000000	680.71405
82000000	176000000	498.77747
83000000	176000000	301.1073
84000000	176000000	235.90036
85000000	176000000	283.14545
86000000	176000000	464.4082
87000000	176000000	391.0538
88000000	176000000	791.0509
89000000	176000000	598.14935
90000000	176000000	440.55096
91000000	176000000	285.85693
92000000	176000000	360.11594
93000000	176000000	539.965
94000000	176000000	910.7903
95000000	176000000	1130.7676
96000000	176000000	980.49054
97000000	176000000	360.5808
98000000	176000000	553.5179
99000000	176000000	380.21704
100000000	176000000	566.0958
101000000	176000000	361.61127
102000000	176000000	697.8004
103000000	176000000	353.01416
104000000	176000000	273.79752
105000000	176000000	336.33118
106000000	176000000	621.1629
107000000	176000000	676.0166
108000000	176000000	917.95245
109000000	176000000	568.6826
110000000	176000000	1043.8436
111000000	176000000	1186.2695
112000000	176000000	1270.5513
113000000	176000000	540.5052
114000000	176000000	850.1192
115000000	176000000	990.9197
116000000	176000000	698.5896
117000000	176000000	442.64352
118000000	176000000	1208.0806
119000000	176000000	479.62094
120000000	176000000	392.686
121000000	176000000	657.9236
122000000	176000000	1023.0112
123000000	176000000	733.82306
124000000	176000000	920.43774
125000000	176000000	802.2993
126000000	176000000	1562.7675
127000000	176000000	952.6623
128000000	176000000	709.9639
129000000	176000000	736.34985
130000000	176000000	1849.6757
131000000	176000000	3192.3936
132000000	176000000	4716.256
133000000	176000000	5854.6514
134000000	176000000	5570.927
135000000	176000000	2865.8665
136000000	176000000	3082.4587
137000000	176000000	6835.4526
138000000	176000000	5738.9717
139000000	176000000	5800.9717
140000000	176000000	3252.6738
141000000	176000000	4270.2314
142000000	176000000	3216.01
143000000	176000000	1802.4929
144000000	176000000	1187.5106
145000000	176000000	2408.3992
146000000	176000000	1483.7418
147000000	176000000	1525.7025
148000000	176000000	3478.6738
149000000	176000000	6751.7173
150000000	176000000	5386.236
151000000	176000000	2712.573
152000000	176000000	1627.721
153000000	176000000	2942.0205
154000000	176000000	3259.5288
155000000	176000000	1911.5946
156000000	176000000	3658.656
157000000	176000000	3950.61
158000000	176000000	4072.6768
159000000	176000000	4056.4648
160000000	176000000	2347.9487
161000000	176000000	1454.2778
162000000	176000000	2058.9465
163000000	176000000	1664.1736
164000000	176000000	1640.3026
165000000	176000000	1658.5115
166000000	176000000	2006.6177
167000000	176000000	4529.7656
168000000	176000000	5222.044
169000000	176000000	7593.8
170000000	176000000	7643.4717
171000000	176000000	13759.655
172000000	176000000	18431.186
173000000	176000000	18323.74
174000000	176000000	23583.738
175000000	176000000	129046.32
176000000	176000000	680636.9
0	177000000	2357.62
1000000	177000000	1838.6001
2000000	177000000	996.45557
3000000	177000000	691.761
4000000	177000000	641.22034
5000000	177000000	753.0009
6000000	177000000	770.4565
7000000	177000000	535.67
8000000	177000000	436.63977
9000000	177000000	477.36792
10000000	177000000	698.7105
11000000	177000000	448.91724
12000000	177000000	361.4706
13000000	177000000	381.95856
14000000	177000000	597.0719
15000000	177000000	456.89716
16000000	177000000	577.1698
17000000	177000000	535.1883
18000000	177000000	331.2998
19000000	177000000	323.46127
20000000	177000000	324.88693
21000000	177000000	331.32742
22000000	177000000	307.85162
23000000	177000000	362.38522
24000000	177000000	322.8755
25000000	177000000	331.1995
26000000	177000000	353.33136
27000000	177000000	349.90982
28000000	177000000	343.0653
29000000	177000000	338.46756
30000000	177000000	346.08875
31000000	177000000	556.9855
32000000	177000000	644.4776
33000000	177000000	516.6921
34000000	177000000	564.19336
35000000	177000000	533.15515
36000000	177000000	579.715
37000000	177000000	664.4645
38000000	177000000	588.4699
39000000	177000000	384.98422
40000000	177000000	442.2836
41000000	177000000	414.3945
42000000	177000000	443.80344
43000000	177000000	706.6122
44000000	177000000	534.2882
45000000	177000000	484.69696
46000000	177000000	379.73697
49000000	177000000	755.73517
50000000	177000000	489.9395
51000000	177000000	390.6579
52000000	177000000	472.3646
53000000	177000000	540.57385
54000000	177000000	701.98395
55000000	177000000	675.8045
56000000	177000000	581.60693
57000000	177000000	502.64346
58000000	177000000	451.584
59000000	177000000	454.30542
60000000	177000000	571.21515
61000000	177000000	615.7787
62000000	177000000	464.55984
63000000	177000000	417.68777
64000000	177000000	548.7805
65000000	177000000	696.1599
66000000	177000000	577.29285
67000000	177000000	623.1471
68000000	177000000	766.73706
70000000	177000000	695.4463
71000000	177000000	968.66077
72000000	177000000	1081.8455
73000000	177000000	872.7198
74000000	177000000	947.65247
75000000	177000000	865.71387
76000000	177000000	822.1984
77000000	177000000	774.70996
78000000	177000000	847.0951
79000000	177000000	936.2653
80000000	177000000	751.7045
81000000	177000000	514.3729
82000000	177000000	480.24405
83000000	177000000	305.71252
84000000	177000000	306.2012
85000000	177000000	335.8494
86000000	177000000	428.47678
87000000	177000000	415.30423
88000000	177000000	442.27008
89000000	177000000	447.58987
90000000	177000000	507.848
91000000	177000000	377.8716
92000000	177000000	425.40253
93000000	177000000	511.61133
94000000	177000000	652.97876
95000000	177000000	764.4026
96000000	177000000	664.3796
97000000	177000000	462.8831
98000000	177000000	549.9374
99000000	177000000	434.97888
100000000	177000000	459.54968
101000000	177000000	433.51376
102000000	177000000	612.7373
103000000	177000000	499.2269
104000000	177000000	523.16205
105000000	177000000	464.74448
106000000	177000000	506.8343
107000000	177000000	655.89905
108000000	177000000	772.2302
109000000	177000000	713.5953
110000000	177000000	772.74725
111000000	177000000	897.29346
112000000	177000000	1029.2765
113000000	177000000	752.2274
114000000	177000000	907.0604
115000000	177000000	848.3737
116000000	177000000	675.29205
117000000	177000000	662.9122
118000000	177000000	835.83185
119000000	177000000	705.09235
120000000	177000000	679.2838
121000000	177000000	878.9929
122000000	177000000	970.67694
123000000	177000000	883.98987
124000000	177000000	888.8355
125000000	177000000	891.901
126000000	177000000	1170.2386
127000000	177000000	1042.3508
128000000	177000000	1005.8199
129000000	177000000	1159.0823
130000000	177000000	1408.7358
131000000	177000000	1854.4625
132000000	177000000	2584.7354
133000000	177000000	2822.7095
134000000	177000000	3795.9236
135000000	177000000	3020.6104
136000000	177000000	3453.4746
137000000	177000000	3260.1272
138000000	177000000	2588.5754
139000000	177000000	3431.737
140000000	177000000	6048.29
141000000	177000000	4086.1357
142000000	177000000	2082.64
143000000	177000000	1767.7478
144000000	177000000	1952.1952
145000000	177000000	2725.8264
146000000	177000000	2310.5105
147000000	177000000	2232.119
148000000	177000000	3159.0232
149000000	177000000	4115.7964
150000000	177000000	3983.2693
151000000	177000000	3054.1738
152000000	177000000	2612.729
153000000	177000000	3089.7495
154000000	177000000	3362.0354
155000000	177000000	2505.2778
156000000	177000000	2873.7913
157000000	177000000	3003.394
158000000	177000000	2904.2212
159000000	177000000	3692.207
160000000	177000000	2576.924
161000000	177000000	2465.1155
162000000	177000000	2952.1892
163000000	177000000	3026.5754
164000000	177000000	3115.2305
165000000	177000000	4033.973
166000000	177000000	4386.7065
167000000	177000000	5519.052
168000000	177000000	5992.26
169000000	177000000	5870.2847
170000000	177000000	7711.8438
171000000	177000000	8410.522
172000000	177000000	10796.519
173000000	177000000	12214.285
174000000	177000000	19129.39
175000000	177000000	34869.08
176000000	177000000	83465.47
177000000	177000000	591672.75
0	178000000	1910.1942
1000000	178000000	1628.9008
2000000	178000000	2475.0957
3000000	178000000	2044.4868
4000000	178000000	1528.9377
5000000	178000000	1064.3318
6000000	178000000	797.9317
7000000	178000000	663.90796
8000000	178000000	593.5573
9000000	178000000	595.27844
10000000	178000000	597.12994
11000000	178000000	481.20966
12000000	178000000	673.2494
13000000	178000000	535.38763
14000000	178000000	496.88376
15000000	178000000	661.4119
16000000	178000000	716.25336
17000000	178000000	821.677
18000000	178000000	439.86963
19000000	178000000	436.76813
20000000	178000000	487.54706
21000000	178000000	476.2204
22000000	178000000	467.72488
23000000	178000000	544.2823
24000000	178000000	591.8804
25000000	178000000	648.41266
26000000	178000000	613.7574
27000000	178000000	606.7877
28000000	178000000	567.96606
29000000	178000000	560.8105
30000000	178000000	604.1031
31000000	178000000	579.48956
32000000	178000000	565.3477
33000000	178000000	564.2333
34000000	178000000	478.45074
35000000	178000000	582.4312
36000000	178000000	544.48724
37000000	178000000	570.76984
38000000	178000000	580.66675
39000000	178000000	493.52115
40000000	178000000	463.05624
41000000	178000000	483.50827
42000000	178000000	499.35056
43000000	178000000	654.6857
44000000	178000000	754.5083
45000000	178000000	1009.1355
46000000	178000000	1155.5225
49000000	178000000	1133.1769
50000000	178000000	607.6963
51000000	178000000	556.88873
52000000	178000000	536.5766
53000000	178000000	534.228
54000000	178000000	568.701
55000000	178000000	470.221
56000000	178000000	489.8736
57000000	178000000	516.6422
58000000	178000000	368.34204
59000000	178000000	425.23404
60000000	178000000	469.91187
61000000	178000000	547.45264
62000000	178000000	615.19196
63000000	178000000	585.05457
64000000	178000000	448.19492
65000000	178000000	618.41034
66000000	178000000	596.8117
67000000	178000000	572.10266
68000000	178000000	588.28876
69000000	178000000	NaN
70000000	178000000	367.0229
71000000	178000000	755.51556
72000000	178000000	885.6931
73000000	178000000	661.9787
74000000	178000000	814.7824
75000000	178000000	791.29755
76000000	178000000	680.6779
77000000	178000000	515.1505
78000000	178000000	578.7884
79000000	178000000	746.2571
80000000	178000000	566.07404
81000000	178000000	498.94608
82000000	178000000	474.3603
83000000	178000000	384.77524
84000000	178000000	436.14127
85000000	178000000	421.0568
86000000	178000000	429.283
87000000	178000000	452.22668
88000000	178000000	377.97156
89000000	178000000	383.4888
90000000	178000000	454.488
91000000	178000000	482.37653
92000000	178000000	449.36456
93000000	178000000	505.48743
94000000	178000000	494.2179
95000000	178000000	541.73737
96000000	178000000	628.5929
97000000	178000000	657.69507
98000000	178000000	516.9845
99000000	178000000	514.92926
100000000	178000000	527.5599
101000000	178000000	520.1805
102000000	178000000	533.1941
103000000	178000000	646.55585
104000000	178000000	706.66315
105000000	178000000	584.162
106000000	178000000	525.1809
107000000	178000000	575.0081
108000000	178000000	664.857
109000000	178000000	803.1367
110000000	178000000	786.2863
111000000	178000000	839.49054
112000000	178000000	893.7256
113000000	178000000	1063.7119
114000000	178000000	1004.91125
115000000	178000000	803.0887
116000000	178000000	707.5673
117000000	178000000	761.0917
118000000	178000000	767.78033
119000000	178000000	825.1711
120000000	178000000	1001.72174
121000000	178000000	912.8671
122000000	178000000	911.2632
123000000	178000000	995.52966
124000000	178000000	922.7271
125000000	178000000	1000.8192
126000000	178000000	1066.7205
127000000	178000000	1092.4102
128000000	178000000	1230.4429
129000000	178000000	1374.0186
130000000	178000000	1256.6566
131000000	178000000	1335.3041
132000000	178000000	1638.7935
133000000	178000000	1579.2588
134000000	178000000	2769.2385
135000000	178000000	2805.779
136000000	178000000	3579.5413
137000000	178000000	1885.8441
138000000	178000000	1549.7184
139000000	178000000	2447.3774
140000000	178000000	14796.0
141000000	178000000	3023.3738
142000000	178000000	1376.931
143000000	178000000	1778.844
144000000	178000000	2624.9167
145000000	178000000	2387.218
146000000	178000000	2429.4617
147000000	178000000	2487.9365
148000000	178000000	2399.968
149000000	178000000	2263.7297
150000000	178000000	3881.9897
151000000	178000000	3189.0571
152000000	178000000	3497.492
153000000	178000000	2357.9248
154000000	178000000	3287.3418
155000000	178000000	2981.341
156000000	178000000	2116.8657
157000000	178000000	2338.014
158000000	178000000	2038.1962
159000000	178000000	2810.0942
160000000	178000000	3080.4338
161000000	178000000	3742.739
162000000	178000000	4631.827
163000000	178000000	3721.919
164000000	178000000	4889.076
165000000	178000000	8184.785
166000000	178000000	7482.8174
167000000	178000000	5003.4204
168000000	178000000	5196.747
169000000	178000000	3902.4194
170000000	178000000	7397.123
171000000	178000000	6411.5386
172000000	178000000	7993.417
173000000	178000000	10283.039
174000000	178000000	19023.768
175000000	178000000	18815.252
176000000	178000000	17841.238
177000000	178000000	171847.8
178000000	178000000	620506.4
0	179000000	3942.3179
1000000	179000000	2399.5889
2000000	179000000	946.3035
3000000	179000000	651.4418
4000000	179000000	593.4917
5000000	179000000	879.71497
6000000	179000000	997.27057
7000000	179000000	645.71967
8000000	179000000	469.703
9000000	179000000	581.9839
10000000	179000000	863.05426
11000000	179000000	452.31052
12000000	179000000	393.0655
13000000	179000000	407.43747
14000000	179000000	791.42413
15000000	179000000	444.2714
16000000	179000000	625.47327
17000000	179000000	630.55286
18000000	179000000	438.97763
19000000	179000000	340.22208
20000000	179000000	340.2423
21000000	179000000	432.01965
22000000	179000000	414.91714
23000000	179000000	469.48657
24000000	179000000	382.82852
25000000	179000000	420.1017
26000000	179000000	421.13956
27000000	179000000	356.02213
28000000	179000000	414.56412
29000000	179000000	323.64175
30000000	179000000	377.1343
31000000	179000000	706.4685
32000000	179000000	848.2829
33000000	179000000	651.7195
34000000	179000000	711.1708
35000000	179000000	664.9585
36000000	179000000	776.27026
37000000	179000000	880.39526
38000000	179000000	625.45953
39000000	179000000	517.8735
40000000	179000000	607.2559
41000000	179000000	518.2003
42000000	179000000	551.42163
43000000	179000000	1030.4362
44000000	179000000	598.8555
45000000	179000000	508.82642
46000000	179000000	316.8903
49000000	179000000	765.9377
50000000	179000000	586.48486
51000000	179000000	437.9714
52000000	179000000	648.7882
53000000	179000000	643.2475
54000000	179000000	888.4867
55000000	179000000	930.989
56000000	179000000	715.5419
57000000	179000000	541.41907
58000000	179000000	535.2973
59000000	179000000	533.9161
60000000	179000000	680.37756
61000000	179000000	692.13055
62000000	179000000	440.52097
63000000	179000000	483.86395
64000000	179000000	772.7256
65000000	179000000	958.3914
66000000	179000000	771.0276
67000000	179000000	837.2795
68000000	179000000	1139.0708
69000000	179000000	NaN
70000000	179000000	1030.0626
71000000	179000000	1293.8673
72000000	179000000	1390.0461
73000000	179000000	1103.6061
74000000	179000000	1312.9197
75000000	179000000	1095.9104
76000000	179000000	1145.553
77000000	179000000	1045.7065
78000000	179000000	1219.9901
79000000	179000000	1262.3496
80000000	179000000	985.8716
81000000	179000000	731.32965
82000000	179000000	567.66425
83000000	179000000	381.61243
84000000	179000000	410.21408
85000000	179000000	441.11072
86000000	179000000	551.8331
87000000	179000000	531.4631
88000000	179000000	641.91595
89000000	179000000	539.6512
90000000	179000000	587.3046
91000000	179000000	458.3773
92000000	179000000	512.377
93000000	179000000	687.0955
94000000	179000000	917.3846
95000000	179000000	985.65216
96000000	179000000	901.19434
97000000	179000000	613.67676
98000000	179000000	635.12256
99000000	179000000	513.89923
100000000	179000000	619.12335
101000000	179000000	582.84686
102000000	179000000	841.81445
103000000	179000000	591.68994
104000000	179000000	529.11945
105000000	179000000	537.8819
106000000	179000000	747.65643
107000000	179000000	811.678
108000000	179000000	1067.5094
109000000	179000000	843.1658
110000000	179000000	1024.4908
111000000	179000000	1196.168
112000000	179000000	1375.3065
113000000	179000000	886.8621
114000000	179000000	1115.6057
115000000	179000000	1131.04
116000000	179000000	853.7883
117000000	179000000	725.05426
118000000	179000000	1226.1901
119000000	179000000	760.616
120000000	179000000	785.0159
121000000	179000000	968.55396
122000000	179000000	1248.4434
123000000	179000000	915.4633
124000000	179000000	1069.5398
125000000	179000000	1105.6788
126000000	179000000	1551.068
127000000	179000000	1253.3665
128000000	179000000	1214.5684
129000000	179000000	1343.1743
130000000	179000000	1875.5719
131000000	179000000	2340.6296
132000000	179000000	3158.7473
133000000	179000000	3508.609
134000000	179000000	4415.279
135000000	179000000	3428.2092
136000000	179000000	3548.1304
137000000	179000000	4080.9316
138000000	179000000	3371.2449
139000000	179000000	4306.173
140000000	179000000	6234.493
141000000	179000000	4255.8193
142000000	179000000	2535.6943
143000000	179000000	2094.8967
144000000	179000000	1971.218
145000000	179000000	3050.27
146000000	179000000	2360.0789
147000000	179000000	2355.77
148000000	179000000	3486.8743
149000000	179000000	4605.8213
150000000	179000000	4671.9756
151000000	179000000	3548.133
152000000	179000000	2645.9165
153000000	179000000	3312.5535
154000000	179000000	3870.2942
155000000	179000000	2833.03
156000000	179000000	3302.2712
157000000	179000000	3530.6016
158000000	179000000	3581.0535
159000000	179000000	4359.628
160000000	179000000	3100.8142
161000000	179000000	2612.7437
162000000	179000000	3601.859
163000000	179000000	3317.2563
164000000	179000000	3342.3716
165000000	179000000	3871.147
166000000	179000000	3876.8347
167000000	179000000	5526.4033
168000000	179000000	5661.076
169000000	179000000	6347.4766
170000000	179000000	7444.932
171000000	179000000	9066.161
172000000	179000000	10754.563
173000000	179000000	11413.876
174000000	179000000	14845.496
175000000	179000000	20229.287
176000000	179000000	27256.586
177000000	179000000	76494.555
178000000	179000000	116370.984
179000000	179000000	585660.44
0	180000000	6248.8735
1000000	180000000	2408.0974
2000000	180000000	881.7857
3000000	180000000	563.0238
4000000	180000000	501.51654
5000000	180000000	834.6514
6000000	180000000	921.0201
7000000	180000000	644.7656
8000000	180000000	505.7311
9000000	180000000	552.0745
10000000	180000000	877.8662
11000000	180000000	422.41644
12000000	180000000	363.14474
13000000	180000000	368.41226
14000000	180000000	867.0337
15000000	180000000	449.70114
16000000	180000000	557.3918
17000000	180000000	587.2402
18000000	180000000	480.9895
19000000	180000000	357.3205
20000000	180000000	355.38153
21000000	180000000	417.8641
22000000	180000000	378.36768
23000000	180000000	423.48315
24000000	180000000	385.0073
25000000	180000000	368.1018
26000000	180000000	344.4226
27000000	180000000	371.772
28000000	180000000	367.87204
29000000	180000000	376.17966
30000000	180000000	384.27164
31000000	180000000	637.54095
32000000	180000000	803.93646
33000000	180000000	631.82733
34000000	180000000	747.1896
35000000	180000000	659.3245
36000000	180000000	778.64667
37000000	180000000	770.2859
38000000	180000000	561.17365
39000000	180000000	515.0774
40000000	180000000	582.8055
41000000	180000000	537.98315
42000000	180000000	589.6782
43000000	180000000	917.10205
44000000	180000000	587.00116
45000000	180000000	417.00467
46000000	180000000	237.6024
49000000	180000000	757.69434
50000000	180000000	555.03284
51000000	180000000	471.89938
52000000	180000000	681.0404
53000000	180000000	680.9659
54000000	180000000	928.20917
55000000	180000000	946.7408
56000000	180000000	780.3766
57000000	180000000	545.5817
58000000	180000000	553.7138
59000000	180000000	580.70276
60000000	180000000	698.85065
61000000	180000000	721.4653
62000000	180000000	487.2775
63000000	180000000	516.643
64000000	180000000	729.91077
65000000	180000000	1004.3969
66000000	180000000	800.2775
67000000	180000000	868.9017
68000000	180000000	1043.7614
69000000	180000000	NaN
70000000	180000000	869.5916
71000000	180000000	1320.7295
72000000	180000000	1423.2462
73000000	180000000	1153.1989
74000000	180000000	1257.8981
75000000	180000000	1232.7487
76000000	180000000	1206.312
77000000	180000000	1152.6467
78000000	180000000	1238.4846
79000000	180000000	1256.8124
80000000	180000000	1033.6309
81000000	180000000	733.8258
82000000	180000000	640.31537
83000000	180000000	446.17255
84000000	180000000	429.863
85000000	180000000	464.49277
86000000	180000000	626.05664
87000000	180000000	559.6638
88000000	180000000	743.20703
89000000	180000000	643.88495
90000000	180000000	685.06146
91000000	180000000	540.2892
92000000	180000000	568.76404
93000000	180000000	679.95795
94000000	180000000	994.6889
95000000	180000000	1045.8191
96000000	180000000	946.234
97000000	180000000	649.39557
98000000	180000000	750.55164
99000000	180000000	538.8915
100000000	180000000	757.6931
101000000	180000000	559.07776
102000000	180000000	955.23096
103000000	180000000	602.8983
104000000	180000000	538.3049
105000000	180000000	563.9284
106000000	180000000	775.8272
107000000	180000000	859.5516
108000000	180000000	1088.2449
109000000	180000000	857.4965
110000000	180000000	1218.913
111000000	180000000	1261.169
112000000	180000000	1370.0435
113000000	180000000	887.3597
114000000	180000000	1125.4023
115000000	180000000	1197.5098
116000000	180000000	837.1176
117000000	180000000	839.60547
118000000	180000000	1379.614
119000000	180000000	869.07587
120000000	180000000	888.7583
121000000	180000000	1070.228
122000000	180000000	1311.0212
123000000	180000000	1005.2436
124000000	180000000	1068.8639
125000000	180000000	1257.6874
126000000	180000000	1673.8346
127000000	180000000	1260.8867
128000000	180000000	1228.2998
129000000	180000000	1343.63
130000000	180000000	2012.3218
131000000	180000000	2397.9004
132000000	180000000	2984.7178
133000000	180000000	3400.532
134000000	180000000	3891.584
135000000	180000000	3050.2012
136000000	180000000	3276.8833
137000000	180000000	3370.9844
138000000	180000000	3213.1606
139000000	180000000	3583.871
140000000	180000000	4705.261
141000000	180000000	3780.8945
142000000	180000000	2424.403
143000000	180000000	1950.0419
144000000	180000000	1921.4093
145000000	180000000	2584.8992
146000000	180000000	2177.409
147000000	180000000	2304.4602
148000000	180000000	3043.507
149000000	180000000	4022.9626
150000000	180000000	4439.745
151000000	180000000	3268.7878
152000000	180000000	2433.705
153000000	180000000	2964.5454
154000000	180000000	3243.3184
155000000	180000000	2717.758
156000000	180000000	3337.919
157000000	180000000	3566.8962
158000000	180000000	3624.82
159000000	180000000	4092.6184
160000000	180000000	3077.6238
161000000	180000000	2657.8105
162000000	180000000	3468.403
163000000	180000000	3319.1272
164000000	180000000	3238.5164
165000000	180000000	3205.753
166000000	180000000	3523.1348
167000000	180000000	4775.662
168000000	180000000	5053.5366
169000000	180000000	5570.476
170000000	180000000	6778.7124
171000000	180000000	8313.755
172000000	180000000	9537.684
173000000	180000000	9778.216
174000000	180000000	11358.181
175000000	180000000	14056.827
176000000	180000000	17396.27
177000000	180000000	29920.701
178000000	180000000	36488.1
179000000	180000000	132587.89
180000000	180000000	743532.1
