0	0	676279.56
0	1000000	131380.44
1000000	1000000	562232.6
0	2000000	31434.018
1000000	2000000	175671.78
2000000	2000000	542079.3
0	3000000	27453.742
1000000	3000000	27024.61
2000000	3000000	105057.88
3000000	3000000	485465.5
0	4000000	33854.14
1000000	4000000	23519.03
2000000	4000000	35322.33
3000000	4000000	152738.67
4000000	4000000	472018.56
0	5000000	14251.022
1000000	5000000	21287.357
2000000	5000000	33628.86
3000000	5000000	24262.514
4000000	5000000	94903.04
5000000	5000000	606382.2
0	6000000	8297.137
1000000	6000000	11997.33
2000000	6000000	17549.854
3000000	6000000	9194.844
4000000	6000000	17431.355
5000000	6000000	111895.45
6000000	6000000	640128.75
0	7000000	5077.738
1000000	7000000	5584.2954
2000000	7000000	8198.317
3000000	7000000	8957.417
4000000	7000000	11539.575
5000000	7000000	18131.889
6000000	7000000	69525.555
7000000	7000000	532290.56
0	8000000	4084.8591
1000000	8000000	3954.227
2000000	8000000	5776.397
3000000	8000000	9581.324
4000000	8000000	9956.336
5000000	8000000	10317.992
6000000	8000000	28069.594
7000000	8000000	193037.73
8000000	8000000	440964.22
0	9000000	3363.1948
1000000	9000000	2791.944
2000000	9000000	2941.4927
3000000	9000000	11835.759
4000000	9000000	11253.348
5000000	9000000	4295.687
6000000	9000000	6637.6875
7000000	9000000	20546.824
8000000	9000000	80354.95
9000000	9000000	515914.1
0	10000000	3389.7063
1000000	10000000	2890.9473
2000000	10000000	3521.597
3000000	10000000	9529.995
4000000	10000000	8977.595
5000000	10000000	4600.032
6000000	10000000	7006.314
7000000	10000000	17812.752
8000000	10000000	48705.9
9000000	10000000	127987.64
10000000	10000000	469930.25
0	11000000	3123.448
1000000	11000000	3075.0344
2000000	11000000	4425.145
3000000	11000000	7827.94
4000000	11000000	6998.029
5000000	11000000	5623.9487
6000000	11000000	8490.514
7000000	11000000	18085.502
8000000	11000000	34211.516
9000000	11000000	46537.996
10000000	11000000	133569.05
11000000	11000000	456324.97
0	12000000	2943.1577
1000000	12000000	2890.839
2000000	12000000	3530.4016
3000000	12000000	7526.5415
4000000	12000000	6586.716
5000000	12000000	4206.772
6000000	12000000	5464.6396
7000000	12000000	11554.24
8000000	12000000	18419.914
9000000	12000000	25051.781
10000000	12000000	34062.008
11000000	12000000	102953.64
12000000	12000000	460995.3
0	13000000	2802.0178
1000000	13000000	2431.2512
2000000	13000000	2440.6682
3000000	13000000	7303.142
4000000	13000000	6214.851
5000000	13000000	2866.8223
6000000	13000000	3466.1997
7000000	13000000	7171.9297
8000000	13000000	11743.997
9000000	13000000	19505.686
10000000	13000000	20471.748
11000000	13000000	28208.277
12000000	13000000	117364.23
13000000	13000000	458994.22
0	14000000	2708.5742
1000000	14000000	2256.933
2000000	14000000	2458.6875
3000000	14000000	6802.8823
4000000	14000000	5914.028
5000000	14000000	2875.7751
6000000	14000000	3370.9568
7000000	14000000	7065.1714
8000000	14000000	10421.563
9000000	14000000	16162.333
10000000	14000000	16212.612
11000000	14000000	20371.299
12000000	14000000	46407.71
13000000	14000000	146000.31
14000000	14000000	461133.84
0	15000000	2532.0906
1000000	15000000	2031.0262
2000000	15000000	2323.6008
3000000	15000000	6261.943
4000000	15000000	5029.3447
5000000	15000000	2431.5862
6000000	15000000	2991.7617
7000000	15000000	5969.4473
8000000	15000000	9592.38
9000000	15000000	14815.579
10000000	15000000	14040.425
11000000	15000000	15858.499
12000000	15000000	26655.887
13000000	15000000	45851.543
14000000	15000000	102547.39
15000000	15000000	487749.12
0	16000000	2482.773
1000000	16000000	2211.3145
2000000	16000000	2410.1162
3000000	16000000	5797.3765
4000000	16000000	4907.7515
5000000	16000000	2552.674
6000000	16000000	2845.7097
7000000	16000000	5801.933
8000000	16000000	9542.312
9000000	16000000	12815.792
10000000	16000000	12286.24
11000000	16000000	13787.375
12000000	16000000	19731.166
13000000	16000000	25208.828
14000000	16000000	36742.008
15000000	16000000	105146.914
16000000	16000000	451336.88
0	17000000	2889.0525
1000000	17000000	2721.9019
2000000	17000000	3957.059
3000000	17000000	4401.341
4000000	17000000	3929.6826
5000000	17000000	4417.6562
6000000	17000000	5333.305
7000000	17000000	7911.8184
8000000	17000000	8783.678
9000000	17000000	6936.425
10000000	17000000	7265.415
11000000	17000000	9727.237
12000000	17000000	11037.691
13000000	17000000	10633.476
14000000	17000000	14071.645
15000000	17000000	22020.502
16000000	17000000	89323.055
17000000	17000000	503351.25
0	18000000	2121.7349
1000000	18000000	1949.7034
2000000	18000000	2592.073
3000000	18000000	4168.8096
4000000	18000000	3442.3777
5000000	18000000	2672.7502
6000000	18000000	3133.5
7000000	18000000	5298.5186
8000000	18000000	7417.4087
9000000	18000000	9165.94
10000000	18000000	8563.772
11000000	18000000	10165.487
12000000	18000000	12216.649
13000000	18000000	12742.624
14000000	18000000	15069.06
15000000	18000000	22150.9
16000000	18000000	51389.156
17000000	18000000	129203.12
18000000	18000000	472406.72
0	19000000	1953.4347
1000000	19000000	1757.5502
2000000	19000000	1819.0168
3000000	19000000	4249.416
4000000	19000000	3514.555
5000000	19000000	1872.5154
6000000	19000000	2192.1064
7000000	19000000	4189.262
8000000	19000000	7021.806
9000000	19000000	9890.873
10000000	19000000	9094.579
11000000	19000000	9760.874
12000000	19000000	11527.276
13000000	19000000	12834.666
14000000	19000000	14200.21
15000000	19000000	19859.016
16000000	19000000	31820.998
17000000	19000000	34362.49
18000000	19000000	107070.83
19000000	19000000	447839.56
0	20000000	2337.8704
1000000	20000000	2368.591
2000000	20000000	3262.6013
3000000	20000000	3565.568
4000000	20000000	3220.9517
5000000	20000000	3477.497
6000000	20000000	3969.7698
7000000	20000000	6136.7114
8000000	20000000	6858.318
9000000	20000000	6234.4775
10000000	20000000	6183.4395
11000000	20000000	7705.8145
12000000	20000000	8739.19
13000000	20000000	7931.952
14000000	20000000	9440.851
15000000	20000000	11523.492
16000000	20000000	15960.265
17000000	20000000	25018.152
18000000	20000000	32347.625
19000000	20000000	141773.47
20000000	20000000	475432.66
0	21000000	2591.7527
1000000	21000000	2517.6228
2000000	21000000	2948.1404
3000000	21000000	4010.6558
4000000	21000000	3766.9521
5000000	21000000	3319.241
6000000	21000000	3844.1846
7000000	21000000	5690.7266
8000000	21000000	6433.5527
9000000	21000000	5927.7666
10000000	21000000	5935.7773
11000000	21000000	7065.799
12000000	21000000	7666.039
13000000	21000000	7511.8325
14000000	21000000	8230.066
15000000	21000000	9963.927
16000000	21000000	13193.912
17000000	21000000	15963.199
18000000	21000000	19325.172
19000000	21000000	41677.605
20000000	21000000	98770.24
21000000	21000000	495150.53
0	22000000	2731.2117
1000000	22000000	3188.4556
2000000	22000000	3896.2769
3000000	22000000	3264.4146
4000000	22000000	3193.4272
5000000	22000000	4575.7876
6000000	22000000	5553.4463
7000000	22000000	5990.3184
8000000	22000000	5354.6445
9000000	22000000	4036.6477
10000000	22000000	4488.003
11000000	22000000	5657.2
12000000	22000000	5960.642
13000000	22000000	5016.1255
14000000	22000000	5527.3457
15000000	22000000	6491.7666
16000000	22000000	8551.622
17000000	22000000	12787.811
18000000	22000000	12405.19
19000000	22000000	18287.324
20000000	22000000	37121.656
21000000	22000000	117003.25
22000000	22000000	495525.62
0	23000000	3018.5234
1000000	23000000	3758.4805
2000000	23000000	4648.5425
3000000	23000000	3069.4717
4000000	23000000	3348.977
5000000	23000000	5735.973
6000000	23000000	7095.8203
7000000	23000000	5885.8237
8000000	23000000	4675.8726
9000000	23000000	3166.963
10000000	23000000	3781.2249
11000000	23000000	5029.773
12000000	23000000	4961.654
13000000	23000000	4021.193
14000000	23000000	4679.685
15000000	23000000	4861.1123
16000000	23000000	5679.6094
17000000	23000000	10120.195
18000000	23000000	8001.469
19000000	23000000	9074.33
20000000	23000000	16614.49
21000000	23000000	27385.967
22000000	23000000	123754.22
23000000	23000000	515040.25
0	24000000	2885.0208
1000000	24000000	3201.2075
2000000	24000000	3710.8848
3000000	24000000	3450.324
4000000	24000000	3370.5566
5000000	24000000	4187.1177
6000000	24000000	4860.046
7000000	24000000	4941.596
8000000	24000000	4598.423
9000000	24000000	3873.727
10000000	24000000	4234.2812
11000000	24000000	5195.716
12000000	24000000	5441.18
13000000	24000000	4742.39
14000000	24000000	5118.1177
15000000	24000000	5495.0073
16000000	24000000	6520.1836
17000000	24000000	8607.656
18000000	24000000	7785.9194
19000000	24000000	8744.161
20000000	24000000	12532.416
21000000	24000000	16934.805
22000000	24000000	26873.057
23000000	24000000	115028.92
24000000	24000000	511640.78
0	25000000	3080.0852
1000000	25000000	3726.2515
2000000	25000000	3313.0867
3000000	25000000	3865.2268
4000000	25000000	3846.1707
5000000	25000000	3765.4126
6000000	25000000	4054.798
7000000	25000000	4262.788
8000000	25000000	4252.8403
9000000	25000000	3737.3472
10000000	25000000	3918.6006
11000000	25000000	4579.7964
12000000	25000000	4951.506
13000000	25000000	4582.58
14000000	25000000	4838.042
15000000	25000000	5088.5884
16000000	25000000	6338.1304
17000000	25000000	6595.4336
18000000	25000000	6934.3423
19000000	25000000	7773.11
20000000	25000000	9455.139
21000000	25000000	12917.751
22000000	25000000	17262.076
23000000	25000000	32667.416
24000000	25000000	122419.734
25000000	25000000	431934.0
0	26000000	3045.39
1000000	26000000	4005.6716
2000000	26000000	4111.2236
3000000	26000000	3121.2864
4000000	26000000	3351.595
5000000	26000000	4860.236
6000000	26000000	5137.1143
7000000	26000000	4237.7944
8000000	26000000	3484.08
9000000	26000000	2584.1357
10000000	26000000	2866.845
11000000	26000000	3679.5034
12000000	26000000	3782.4219
13000000	26000000	3166.7695
14000000	26000000	3419.3193
15000000	26000000	3468.6724
16000000	26000000	4104.418
17000000	26000000	5359.6123
18000000	26000000	4612.236
19000000	26000000	4686.0024
20000000	26000000	6688.5317
21000000	26000000	8147.7705
22000000	26000000	11095.24
23000000	26000000	15925.007
24000000	26000000	22286.15
25000000	26000000	122699.94
26000000	26000000	515670.28
0	27000000	2532.7556
1000000	27000000	3214.9343
2000000	27000000	2794.0852
3000000	27000000	3549.108
4000000	27000000	3389.2378
5000000	27000000	3326.8438
6000000	27000000	3571.0266
7000000	27000000	3869.2366
8000000	27000000	4039.1335
9000000	27000000	3605.126
10000000	27000000	3881.5466
11000000	27000000	4502.751
12000000	27000000	4642.8354
13000000	27000000	4255.568
14000000	27000000	4551.7124
15000000	27000000	4733.0615
16000000	27000000	5686.489
17000000	27000000	5267.043
18000000	27000000	5545.35
19000000	27000000	6304.4824
20000000	27000000	6692.657
21000000	27000000	8453.034
22000000	27000000	10026.936
23000000	27000000	11891.109
24000000	27000000	17249.936
25000000	27000000	55140.51
26000000	27000000	137477.55
27000000	27000000	478107.75
0	28000000	2222.3076
1000000	28000000	2846.8064
2000000	28000000	3048.1104
3000000	28000000	3093.9695
4000000	28000000	2876.426
5000000	28000000	3304.2615
6000000	28000000	3697.765
7000000	28000000	4349.2754
8000000	28000000	4332.5513
9000000	28000000	3326.3757
10000000	28000000	3741.4353
11000000	28000000	4772.123
12000000	28000000	4790.8765
13000000	28000000	4025.0051
14000000	28000000	4315.7007
15000000	28000000	4639.6
16000000	28000000	5677.5664
17000000	28000000	6679.7476
18000000	28000000	5984.3086
19000000	28000000	5869.369
20000000	28000000	7201.927
21000000	28000000	8467.242
22000000	28000000	10286.345
23000000	28000000	10978.944
24000000	28000000	14213.941
25000000	28000000	27878.053
26000000	28000000	37912.207
27000000	28000000	94789.23
28000000	28000000	505297.5
0	29000000	2509.523
1000000	29000000	2888.6343
2000000	29000000	2421.5276
3000000	29000000	3977.9976
4000000	29000000	3703.5786
5000000	29000000	2696.5518
6000000	29000000	2809.316
7000000	29000000	3667.3843
8000000	29000000	4672.469
9000000	29000000	4518.2183
10000000	29000000	4582.5127
11000000	29000000	4952.3613
12000000	29000000	5477.7153
13000000	29000000	5090.223
14000000	29000000	5252.992
15000000	29000000	5699.2944
16000000	29000000	6898.7505
17000000	29000000	5428.8193
18000000	29000000	6330.283
19000000	29000000	7339.066
20000000	29000000	6847.085
21000000	29000000	8422.807
22000000	29000000	8819.929
23000000	29000000	8862.274
24000000	29000000	12123.266
25000000	29000000	24308.55
26000000	29000000	21509.553
27000000	29000000	40517.492
28000000	29000000	107307.43
29000000	29000000	460362.62
0	30000000	3204.8696
1000000	30000000	3977.1328
2000000	30000000	4829.016
3000000	30000000	3357.793
4000000	30000000	3533.707
5000000	30000000	5382.133
6000000	30000000	6205.6743
7000000	30000000	5477.9116
8000000	30000000	4492.3135
9000000	30000000	2497.2686
10000000	30000000	3215.8188
11000000	30000000	4298.3926
12000000	30000000	4096.498
13000000	30000000	3020.7878
14000000	30000000	3449.3716
15000000	30000000	3462.7822
16000000	30000000	4302.697
17000000	30000000	6396.139
18000000	30000000	4631.027
19000000	30000000	4179.978
20000000	30000000	6666.6543
21000000	30000000	6980.779
22000000	30000000	9016.576
23000000	30000000	10530.607
24000000	30000000	10925.306
25000000	30000000	13675.571
26000000	30000000	15659.96
27000000	30000000	17732.29
28000000	30000000	29598.154
29000000	30000000	86877.49
30000000	30000000	517215.66
0	31000000	2448.677
1000000	31000000	2559.17
2000000	31000000	2247.1506
3000000	31000000	4456.948
4000000	31000000	3860.6987
5000000	31000000	2290.5574
6000000	31000000	2288.3872
7000000	31000000	3511.2664
8000000	31000000	5160.1147
9000000	31000000	5783.455
10000000	31000000	5511.679
11000000	31000000	5569.597
12000000	31000000	6035.864
13000000	31000000	6050.531
14000000	31000000	6143.3057
15000000	31000000	6669.9897
16000000	31000000	7775.7603
17000000	31000000	5277.2485
18000000	31000000	6390.0605
19000000	31000000	7327.4683
20000000	31000000	6255.1
21000000	31000000	7138.2114
22000000	31000000	6471.817
23000000	31000000	5597.9727
24000000	31000000	7701.307
25000000	31000000	12215.197
26000000	31000000	9162.929
27000000	31000000	15033.949
28000000	31000000	19239.652
29000000	31000000	37826.113
30000000	31000000	88924.9
31000000	31000000	437775.12
0	32000000	2728.1597
1000000	32000000	2732.264
2000000	32000000	3034.8086
3000000	32000000	4265.467
4000000	32000000	4089.6606
5000000	32000000	3297.4783
6000000	32000000	3609.4255
7000000	32000000	4410.818
8000000	32000000	5109.0415
9000000	32000000	5295.5894
10000000	32000000	5175.504
11000000	32000000	5766.4375
12000000	32000000	6030.16
13000000	32000000	5465.499
14000000	32000000	5535.2334
15000000	32000000	5799.4155
16000000	32000000	6599.117
17000000	32000000	5951.2344
18000000	32000000	5865.3237
19000000	32000000	6083.933
20000000	32000000	6132.391
21000000	32000000	6841.547
22000000	32000000	6605.453
23000000	32000000	6559.5835
24000000	32000000	7660.7397
25000000	32000000	9701.054
26000000	32000000	8492.528
27000000	32000000	11019.938
28000000	32000000	13148.063
29000000	32000000	20287.574
30000000	32000000	31139.936
31000000	32000000	131763.38
32000000	32000000	433690.66
0	33000000	2534.5227
1000000	33000000	2274.5742
2000000	33000000	2531.4897
3000000	33000000	4622.372
4000000	33000000	4055.9033
5000000	33000000	2742.6262
6000000	33000000	2922.591
7000000	33000000	4099.3535
8000000	33000000	5672.7627
9000000	33000000	6394.2373
10000000	33000000	6085.95
11000000	33000000	6542.3994
12000000	33000000	6939.0337
13000000	33000000	6534.694
14000000	33000000	6778.748
15000000	33000000	7380.236
16000000	33000000	7711.0713
17000000	33000000	6081.9272
18000000	33000000	6529.341
19000000	33000000	6983.594
20000000	33000000	6215.3237
21000000	33000000	6675.352
22000000	33000000	5592.3906
23000000	33000000	5567.377
24000000	33000000	6334.1206
25000000	33000000	7819.1567
26000000	33000000	6261.247
27000000	33000000	8292.387
28000000	33000000	9488.497
29000000	33000000	13547.164
30000000	33000000	15471.29
31000000	33000000	31725.025
32000000	33000000	104022.74
33000000	33000000	474464.16
0	34000000	2731.7952
1000000	34000000	2003.289
2000000	34000000	1978.4556
3000000	34000000	5309.7393
4000000	34000000	5029.553
5000000	34000000	2060.9724
6000000	34000000	1958.519
7000000	34000000	3403.3044
8000000	34000000	5218.1294
9000000	34000000	7629.9395
10000000	34000000	6666.4287
11000000	34000000	6003.0156
12000000	34000000	6746.1245
13000000	34000000	7542.0464
14000000	34000000	7975.8086
15000000	34000000	8157.2305
16000000	34000000	8195.569
17000000	34000000	5329.4893
18000000	34000000	6449.803
19000000	34000000	7343.9287
20000000	34000000	5683.84
21000000	34000000	5912.8345
22000000	34000000	4368.007
23000000	34000000	4036.4548
24000000	34000000	5411.8237
25000000	34000000	6480.922
26000000	34000000	4825.5674
27000000	34000000	7027.592
28000000	34000000	7387.1133
29000000	34000000	11680.325
30000000	34000000	9720.173
31000000	34000000	22752.799
32000000	34000000	30664.87
33000000	34000000	86779.836
34000000	34000000	476468.0
0	35000000	2442.376
1000000	35000000	2660.93
2000000	35000000	3190.2725
3000000	35000000	3410.9424
4000000	35000000	3408.1614
5000000	35000000	3538.4148
6000000	35000000	3697.224
7000000	35000000	4625.383
8000000	35000000	5048.965
9000000	35000000	4166.867
10000000	35000000	4410.3027
11000000	35000000	5466.2104
12000000	35000000	5417.3984
13000000	35000000	4843.293
14000000	35000000	4965.8843
15000000	35000000	5181.652
16000000	35000000	5689.672
17000000	35000000	5760.1587
18000000	35000000	5252.8657
19000000	35000000	5158.2983
20000000	35000000	6041.45
21000000	35000000	5918.917
22000000	35000000	5540.7856
23000000	35000000	5467.7964
24000000	35000000	5841.046
25000000	35000000	6924.216
26000000	35000000	6148.173
27000000	35000000	6986.1553
28000000	35000000	8516.455
29000000	35000000	10217.435
30000000	35000000	12317.097
31000000	35000000	14722.342
32000000	35000000	19930.527
33000000	35000000	30183.398
34000000	35000000	91116.49
35000000	35000000	503192.38
0	36000000	2272.3938
1000000	36000000	2910.351
2000000	36000000	3068.2947
3000000	36000000	3194.5027
4000000	36000000	3190.0256
5000000	36000000	3498.0818
6000000	36000000	4096.7534
7000000	36000000	4408.3022
8000000	36000000	4379.993
9000000	36000000	3498.0225
10000000	36000000	3791.7102
11000000	36000000	4886.0864
12000000	36000000	4954.312
13000000	36000000	4147.2827
14000000	36000000	4436.9746
15000000	36000000	4586.6914
16000000	36000000	5101.828
17000000	36000000	5263.3403
18000000	36000000	4758.1265
19000000	36000000	4228.2686
20000000	36000000	5122.435
21000000	36000000	5477.3135
22000000	36000000	6258.457
23000000	36000000	5796.3994
24000000	36000000	6128.386
25000000	36000000	7790.317
26000000	36000000	6646.307
27000000	36000000	8132.5464
28000000	36000000	9317.84
29000000	36000000	11104.184
30000000	36000000	12062.463
31000000	36000000	13242.039
32000000	36000000	15092.139
33000000	36000000	17560.758
34000000	36000000	24939.074
35000000	36000000	92751.836
36000000	36000000	453290.34
0	37000000	2237.7139
1000000	37000000	2746.133
2000000	37000000	3430.6497
3000000	37000000	2628.1267
4000000	37000000	2612.5588
5000000	37000000	3844.5825
6000000	37000000	4643.4326
7000000	37000000	5150.533
8000000	37000000	4428.523
9000000	37000000	2912.0964
10000000	37000000	3338.815
11000000	37000000	4619.225
12000000	37000000	4425.633
13000000	37000000	3432.4426
14000000	37000000	3887.0933
15000000	37000000	3679.8525
16000000	37000000	4191.902
17000000	37000000	5775.1567
18000000	37000000	4277.1704
19000000	37000000	3762.0754
20000000	37000000	5405.4585
21000000	37000000	5278.7744
22000000	37000000	6165.743
23000000	37000000	6159.066
24000000	37000000	6210.166
25000000	37000000	6375.437
26000000	37000000	6217.6484
27000000	37000000	6342.144
28000000	37000000	7769.4336
29000000	37000000	7737.2944
30000000	37000000	10148.342
31000000	37000000	8296.276
32000000	37000000	10314.968
33000000	37000000	11124.659
34000000	37000000	13018.379
35000000	37000000	28273.92
36000000	37000000	136633.97
37000000	37000000	494285.66
0	38000000	2170.1646
1000000	38000000	2627.231
2000000	38000000	2981.4424
3000000	38000000	3151.2402
4000000	38000000	2813.8843
5000000	38000000	3302.5398
6000000	38000000	3869.6328
7000000	38000000	4627.0234
8000000	38000000	4782.276
9000000	38000000	3992.6213
10000000	38000000	4273.2266
11000000	38000000	5384.051
12000000	38000000	5478.1475
13000000	38000000	4635.337
14000000	38000000	4764.936
15000000	38000000	4865.6787
16000000	38000000	5347.611
17000000	38000000	5736.868
18000000	38000000	5028.4736
19000000	38000000	4599.7617
20000000	38000000	5418.715
21000000	38000000	5427.0107
22000000	38000000	5730.3735
23000000	38000000	5549.1904
24000000	38000000	5826.236
25000000	38000000	6341.9414
26000000	38000000	5722.181
27000000	38000000	6348.316
28000000	38000000	7252.125
29000000	38000000	8074.398
30000000	38000000	8627.355
31000000	38000000	8607.886
32000000	38000000	9545.802
33000000	38000000	10986.655
34000000	38000000	12298.537
35000000	38000000	19129.016
36000000	38000000	34543.145
37000000	38000000	99001.63
38000000	38000000	452271.62
0	39000000	2188.2568
1000000	39000000	2583.6887
2000000	39000000	2945.988
3000000	39000000	3326.5442
4000000	39000000	3133.0027
5000000	39000000	3284.2039
6000000	39000000	3688.8237
7000000	39000000	4317.738
8000000	39000000	4761.8296
9000000	39000000	4277.304
10000000	39000000	4345.8413
11000000	39000000	5233.0073
12000000	39000000	5429.8994
13000000	39000000	4722.123
14000000	39000000	4735.1455
15000000	39000000	4936.355
16000000	39000000	5322.7036
17000000	39000000	5216.883
18000000	39000000	4692.328
19000000	39000000	4557.4575
20000000	39000000	4929.4736
21000000	39000000	5097.729
22000000	39000000	5107.343
23000000	39000000	4882.793
24000000	39000000	5121.3896
25000000	39000000	6057.653
26000000	39000000	5038.528
27000000	39000000	5961.4917
28000000	39000000	6412.621
29000000	39000000	7598.9995
30000000	39000000	7642.794
31000000	39000000	8031.7427
32000000	39000000	9107.854
33000000	39000000	9692.245
34000000	39000000	10976.551
35000000	39000000	14164.578
36000000	39000000	19883.438
37000000	39000000	26023.764
38000000	39000000	127665.96
39000000	39000000	455602.84
0	40000000	2194.5476
1000000	40000000	2029.5636
2000000	40000000	2254.234
3000000	40000000	4192.025
4000000	40000000	3791.4268
5000000	40000000	2581.4744
6000000	40000000	2693.1135
7000000	40000000	3584.8735
8000000	40000000	4490.933
9000000	40000000	5104.063
10000000	40000000	4874.541
11000000	40000000	5220.6396
12000000	40000000	5427.8247
13000000	40000000	5135.6943
14000000	40000000	5434.897
15000000	40000000	5556.7046
16000000	40000000	5985.732
17000000	40000000	4881.732
18000000	40000000	5072.2866
19000000	40000000	4983.1846
20000000	40000000	4601.814
21000000	40000000	4538.56
22000000	40000000	4051.5247
23000000	40000000	3767.504
24000000	40000000	4147.5244
25000000	40000000	4577.211
26000000	40000000	3959.8203
27000000	40000000	4814.0215
28000000	40000000	5246.3887
29000000	40000000	6394.225
30000000	40000000	5810.9526
31000000	40000000	7273.151
32000000	40000000	7927.2207
33000000	40000000	9085.138
34000000	40000000	11286.364
35000000	40000000	10508.12
36000000	40000000	12192.748
37000000	40000000	13700.017
38000000	40000000	29239.855
39000000	40000000	93903.36
40000000	40000000	442660.84
0	41000000	2712.979
1000000	41000000	2096.076
2000000	41000000	2313.321
3000000	41000000	4410.8027
4000000	41000000	4431.9507
5000000	41000000	2637.7712
6000000	41000000	2536.396
7000000	41000000	3681.3547
8000000	41000000	4200.3433
9000000	41000000	4594.646
10000000	41000000	4013.1602
11000000	41000000	4247.053
12000000	41000000	4243.521
13000000	41000000	4463.5684
14000000	41000000	4775.2725
15000000	41000000	4925.417
16000000	41000000	4733.4756
17000000	41000000	4508.375
18000000	41000000	3942.3538
19000000	41000000	4246.425
20000000	41000000	4679.268
21000000	41000000	4327.006
22000000	41000000	3796.0476
23000000	41000000	3602.573
24000000	41000000	4080.5854
25000000	41000000	3968.773
26000000	41000000	3459.963
27000000	41000000	3968.447
28000000	41000000	4700.785
29000000	41000000	5141.641
30000000	41000000	5051.0615
31000000	41000000	5946.9614
32000000	41000000	6404.3105
33000000	41000000	7651.9463
34000000	41000000	10633.752
35000000	41000000	8000.464
36000000	41000000	8997.67
37000000	41000000	11126.115
38000000	41000000	17282.164
39000000	41000000	36373.14
40000000	41000000	137927.42
41000000	41000000	477856.3
0	42000000	2545.0002
1000000	42000000	2320.0056
2000000	42000000	2056.876
3000000	42000000	4798.009
4000000	42000000	4539.6836
5000000	42000000	2154.2334
6000000	42000000	2068.0059
7000000	42000000	3147.9558
8000000	42000000	4497.2056
9000000	42000000	5141.6157
10000000	42000000	4965.835
11000000	42000000	4685.588
12000000	42000000	5209.025
13000000	42000000	5337.0435
14000000	42000000	5326.7437
15000000	42000000	5651.371
16000000	42000000	6137.184
17000000	42000000	4017.5476
18000000	42000000	4794.6934
19000000	42000000	5379.043
20000000	42000000	4354.5034
21000000	42000000	4666.5757
22000000	42000000	3831.836
23000000	42000000	3250.9424
24000000	42000000	4081.8389
25000000	42000000	5571.483
26000000	42000000	3919.0076
27000000	42000000	5582.5312
28000000	42000000	5487.746
29000000	42000000	7608.5376
30000000	42000000	4971.398
31000000	42000000	8667.17
32000000	42000000	7826.2275
33000000	42000000	8956.257
34000000	42000000	10977.85
35000000	42000000	8856.84
36000000	42000000	10075.328
37000000	42000000	9167.919
38000000	42000000	16015.766
39000000	42000000	23613.13
40000000	42000000	50676.496
41000000	42000000	88303.6
42000000	42000000	453632.1
0	43000000	3110.873
1000000	43000000	3741.5908
2000000	43000000	5013.735
3000000	43000000	3366.3657
4000000	43000000	3530.7986
5000000	43000000	5667.1055
6000000	43000000	6100.103
7000000	43000000	5185.845
8000000	43000000	3979.2295
9000000	43000000	2297.1191
10000000	43000000	2612.5425
11000000	43000000	3677.2222
12000000	43000000	3415.1294
13000000	43000000	2559.659
14000000	43000000	2880.3572
15000000	43000000	2777.6184
16000000	43000000	3096.4126
17000000	43000000	5154.6064
18000000	43000000	3435.7268
19000000	43000000	2876.924
20000000	43000000	4921.107
21000000	43000000	4371.0454
22000000	43000000	5218.896
23000000	43000000	5611.821
24000000	43000000	5160.044
25000000	43000000	4819.512
26000000	43000000	5187.7925
27000000	43000000	4497.986
28000000	43000000	5565.351
29000000	43000000	4868.118
30000000	43000000	7472.2065
31000000	43000000	4844.7964
32000000	43000000	6252.099
33000000	43000000	5913.8145
34000000	43000000	5475.7666
35000000	43000000	7946.8193
36000000	43000000	9144.982
37000000	43000000	11568.207
38000000	43000000	13517.989
39000000	43000000	17690.646
40000000	43000000	22816.963
41000000	43000000	40618.984
42000000	43000000	110625.125
43000000	43000000	533909.9
0	44000000	4076.458
1000000	44000000	7652.083
2000000	44000000	8075.6997
3000000	44000000	2621.4675
4000000	44000000	3554.6755
5000000	44000000	9619.163
6000000	44000000	9355.755
7000000	44000000	4071.7698
8000000	44000000	2537.3594
9000000	44000000	978.9764
10000000	44000000	1347.3254
11000000	44000000	2112.459
12000000	44000000	1756.6895
13000000	44000000	1237.315
14000000	44000000	1435.1787
15000000	44000000	1371.4501
16000000	44000000	1549.789
17000000	44000000	3165.294
18000000	44000000	1948.9431
19000000	44000000	1467.8391
20000000	44000000	3046.9226
21000000	44000000	2859.3286
22000000	44000000	4427.732
23000000	44000000	5611.63
24000000	44000000	4286.6226
25000000	44000000	4467.8984
26000000	44000000	5672.1
27000000	44000000	4082.0664
28000000	44000000	4489.4316
29000000	44000000	3723.445
30000000	44000000	7253.5703
31000000	44000000	3258.5806
32000000	44000000	4398.598
33000000	44000000	3752.203
34000000	44000000	3011.3481
35000000	44000000	5628.644
36000000	44000000	6977.335
37000000	44000000	7863.596
38000000	44000000	7779.5586
39000000	44000000	8903.864
40000000	44000000	7954.218
41000000	44000000	9225.7295
42000000	44000000	12782.972
43000000	44000000	58728.344
44000000	44000000	629191.7
0	45000000	4522.046
1000000	45000000	5772.062
2000000	45000000	5014.139
3000000	45000000	5457.981
4000000	45000000	5809.589
5000000	45000000	5695.9316
6000000	45000000	4669.33
7000000	45000000	3957.3816
8000000	45000000	3416.409
9000000	45000000	2615.235
10000000	45000000	2711.688
11000000	45000000	3149.622
12000000	45000000	3125.057
13000000	45000000	2713.5408
14000000	45000000	2709.6057
15000000	45000000	2852.1143
16000000	45000000	3384.7568
17000000	45000000	3421.538
18000000	45000000	3195.465
19000000	45000000	3149.8633
20000000	45000000	3732.0215
21000000	45000000	4196.896
22000000	45000000	4560.8394
23000000	45000000	4528.178
24000000	45000000	4756.0923
25000000	45000000	6411.9473
26000000	45000000	5733.7407
27000000	45000000	6033.2207
28000000	45000000	6081.5063
29000000	45000000	7092.485
30000000	45000000	6995.3794
31000000	45000000	6868.202
32000000	45000000	6581.372
33000000	45000000	6103.959
34000000	45000000	6010.959
35000000	45000000	7067.9365
36000000	45000000	9041.863
37000000	45000000	7862.5767
38000000	45000000	9352.334
39000000	45000000	10370.123
40000000	45000000	10811.087
41000000	45000000	11077.228
42000000	45000000	19330.77
43000000	45000000	24245.477
44000000	45000000	123505.9
45000000	45000000	448777.53
0	46000000	3021.2036
1000000	46000000	2466.642
2000000	46000000	2302.6223
3000000	46000000	5751.511
4000000	46000000	5375.0933
5000000	46000000	2483.0298
6000000	46000000	2250.4348
7000000	46000000	3138.0842
8000000	46000000	4202.292
9000000	46000000	5212.2676
10000000	46000000	4365.746
11000000	46000000	4131.4614
12000000	46000000	4432.838
13000000	46000000	4695.474
14000000	46000000	4891.5405
15000000	46000000	5108.1626
16000000	46000000	5367.585
17000000	46000000	3650.902
18000000	46000000	4205.2134
19000000	46000000	4833.536
20000000	46000000	4044.4995
21000000	46000000	4344.7124
22000000	46000000	3491.7488
23000000	46000000	3228.369
24000000	46000000	4091.1577
25000000	46000000	4715.6304
26000000	46000000	3646.062
27000000	46000000	4944.4995
28000000	46000000	4893.2754
29000000	46000000	6346.0376
30000000	46000000	4301.338
31000000	46000000	7221.632
32000000	46000000	6198.307
33000000	46000000	7231.198
34000000	46000000	9266.831
35000000	46000000	6213.6465
36000000	46000000	6676.9565
37000000	46000000	5945.693
38000000	46000000	7393.044
39000000	46000000	8449.204
40000000	46000000	11825.701
41000000	46000000	13531.198
42000000	46000000	17845.234
43000000	46000000	12915.142
44000000	46000000	13784.624
45000000	46000000	84573.26
46000000	46000000	474420.66
0	47000000	2775.7214
1000000	47000000	3140.793
2000000	47000000	3328.3186
3000000	47000000	4382.388
4000000	47000000	4116.0884
5000000	47000000	3375.0112
6000000	47000000	3033.3071
7000000	47000000	3833.8562
8000000	47000000	4325.5425
9000000	47000000	3311.6335
10000000	47000000	3379.672
11000000	47000000	3939.639
12000000	47000000	4039.034
13000000	47000000	3484.8835
14000000	47000000	3652.8164
15000000	47000000	3902.2502
16000000	47000000	4588.548
17000000	47000000	4026.9512
18000000	47000000	4072.6372
19000000	47000000	4087.991
20000000	47000000	4448.713
21000000	47000000	4361.048
22000000	47000000	4651.567
23000000	47000000	3769.1807
24000000	47000000	4427.336
25000000	47000000	5603.233
26000000	47000000	4398.4478
27000000	47000000	5497.5566
28000000	47000000	6518.61
29000000	47000000	7281.603
30000000	47000000	6457.7305
31000000	47000000	7834.696
32000000	47000000	6733.2783
33000000	47000000	6837.4077
34000000	47000000	6797.5767
35000000	47000000	7158.61
36000000	47000000	8803.565
37000000	47000000	7443.538
38000000	47000000	8467.066
39000000	47000000	8935.703
40000000	47000000	9878.143
41000000	47000000	9142.392
42000000	47000000	14124.44
43000000	47000000	12720.318
44000000	47000000	16051.457
45000000	47000000	58892.668
46000000	47000000	106089.73
47000000	47000000	441180.62
0	48000000	2123.9922
1000000	48000000	2091.5957
2000000	48000000	2254.8518
3000000	48000000	4326.696
4000000	48000000	3660.098
5000000	48000000	2315.4404
6000000	48000000	2160.5295
7000000	48000000	3501.7988
8000000	48000000	4842.241
9000000	48000000	5365.005
10000000	48000000	5145.5483
11000000	48000000	5179.2
12000000	48000000	5605.5815
13000000	48000000	5301.5073
14000000	48000000	5455.275
15000000	48000000	5897.9204
16000000	48000000	6445.3267
17000000	48000000	4391.0728
18000000	48000000	5376.284
19000000	48000000	5911.4546
20000000	48000000	4995.819
21000000	48000000	4677.856
22000000	48000000	4056.3289
23000000	48000000	3185.1648
24000000	48000000	4087.8184
25000000	48000000	4717.2983
26000000	48000000	3612.5474
27000000	48000000	4768.232
28000000	48000000	5453.9688
29000000	48000000	6620.5938
30000000	48000000	4783.442
31000000	48000000	7622.439
32000000	48000000	6977.491
33000000	48000000	7661.3
34000000	48000000	8470.015
35000000	48000000	6841.0396
36000000	48000000	7038.7847
37000000	48000000	5942.7295
38000000	48000000	7506.4434
39000000	48000000	8235.783
40000000	48000000	9811.347
41000000	48000000	8966.741
42000000	48000000	12707.47
43000000	48000000	8938.633
44000000	48000000	8089.295
45000000	48000000	21133.068
46000000	48000000	33836.477
47000000	48000000	97473.18
48000000	48000000	434962.56
0	49000000	1670.0754
1000000	49000000	1632.1284
2000000	49000000	1649.6027
3000000	49000000	3895.0378
4000000	49000000	3031.63
5000000	49000000	1708.1274
6000000	49000000	1557.889
7000000	49000000	3076.9998
8000000	49000000	4993.374
9000000	49000000	6270.708
10000000	49000000	5551.6396
11000000	49000000	5688.756
12000000	49000000	6011.9116
13000000	49000000	5963.656
14000000	49000000	6010.927
15000000	49000000	6675.08
16000000	49000000	7201.724
17000000	49000000	4331.344
18000000	49000000	6116.6875
19000000	49000000	7024.7476
20000000	49000000	5127.107
21000000	49000000	4814.97
22000000	49000000	3661.8694
23000000	49000000	2881.1309
24000000	49000000	3804.6975
25000000	49000000	4442.0596
26000000	49000000	3104.6182
27000000	49000000	4459.1094
28000000	49000000	4915.476
29000000	49000000	6255.1807
30000000	49000000	3790.4624
31000000	49000000	7436.979
32000000	49000000	6463.104
33000000	49000000	7621.74
34000000	49000000	8539.6045
35000000	49000000	6528.495
36000000	49000000	6303.7236
37000000	49000000	5094.8535
38000000	49000000	7061.9204
39000000	49000000	7598.5527
40000000	49000000	9085.095
41000000	49000000	7644.3657
42000000	49000000	11443.308
43000000	49000000	6441.493
44000000	49000000	4639.5093
45000000	49000000	12744.542
46000000	49000000	21359.434
47000000	49000000	30040.281
48000000	49000000	110015.08
49000000	49000000	480949.66
0	50000000	2747.6157
1000000	50000000	2679.299
2000000	50000000	3474.4797
3000000	50000000	4398.6216
4000000	50000000	4000.4111
5000000	50000000	3398.799
6000000	50000000	3173.5469
7000000	50000000	4506.628
8000000	50000000	5318.058
9000000	50000000	3876.9956
10000000	50000000	4105.9087
11000000	50000000	4536.9043
12000000	50000000	4788.914
13000000	50000000	3979.153
14000000	50000000	4297.84
15000000	50000000	4418.4526
16000000	50000000	5280.8433
17000000	50000000	5404.459
18000000	50000000	4760.8696
19000000	50000000	4976.999
20000000	50000000	5659.5596
21000000	50000000	5324.324
22000000	50000000	4846.225
23000000	50000000	4297.3047
24000000	50000000	4600.5464
25000000	50000000	4926.4565
26000000	50000000	4065.4285
27000000	50000000	4630.2314
28000000	50000000	5771.166
29000000	50000000	6185.9565
30000000	50000000	6285.6626
31000000	50000000	6834.3096
32000000	50000000	6699.015
33000000	50000000	7131.7993
34000000	50000000	7030.442
35000000	50000000	7579.273
36000000	50000000	7244.6963
37000000	50000000	6652.2925
38000000	50000000	7492.0137
39000000	50000000	7718.9844
40000000	50000000	7871.235
41000000	50000000	7491.862
42000000	50000000	9431.342
43000000	50000000	9152.432
44000000	50000000	7416.404
45000000	50000000	13164.769
46000000	50000000	14030.386
47000000	50000000	21996.346
48000000	50000000	34507.492
49000000	50000000	68828.56
50000000	50000000	462024.8
0	51000000	2684.4062
1000000	51000000	1787.1041
2000000	51000000	1575.0442
3000000	51000000	5667.6104
4000000	51000000	5414.9663
5000000	51000000	1539.8479
6000000	51000000	1350.8549
7000000	51000000	2357.7644
8000000	51000000	3931.1191
9000000	51000000	5653.6426
10000000	51000000	4659.7007
11000000	51000000	3822.6748
12000000	51000000	4307.4463
13000000	51000000	5165.6064
14000000	51000000	4988.171
15000000	51000000	5368.033
16000000	51000000	5939.7085
17000000	51000000	3222.6655
18000000	51000000	4086.0774
19000000	51000000	5131.0684
20000000	51000000	3553.0198
21000000	51000000	3930.6245
22000000	51000000	2816.669
23000000	51000000	2229.8513
24000000	51000000	2975.4785
25000000	51000000	3746.4482
26000000	51000000	2441.3347
27000000	51000000	3895.913
28000000	51000000	3816.777
29000000	51000000	5853.013
30000000	51000000	3341.0576
31000000	51000000	7271.239
32000000	51000000	5935.353
33000000	51000000	7095.4272
34000000	51000000	9478.863
35000000	51000000	5558.8047
36000000	51000000	5307.3047
37000000	51000000	3881.9602
38000000	51000000	5021.7275
39000000	51000000	5696.2476
40000000	51000000	7621.95
41000000	51000000	7386.9175
42000000	51000000	10056.229
43000000	51000000	4634.7485
44000000	51000000	3050.633
45000000	51000000	9693.581
46000000	51000000	15753.2705
47000000	51000000	15482.296
48000000	51000000	24443.277
49000000	51000000	34938.21
50000000	51000000	102554.31
51000000	51000000	390882.66
0	52000000	2155.4802
1000000	52000000	1292.4696
2000000	52000000	1124.3147
3000000	52000000	5143.5796
4000000	52000000	4831.2886
5000000	52000000	1185.9626
6000000	52000000	1121.3982
7000000	52000000	2136.8801
8000000	52000000	3366.9407
9000000	52000000	6513.2437
10000000	52000000	5085.392
11000000	52000000	3901.3013
12000000	52000000	4531.502
13000000	52000000	5689.4355
14000000	52000000	5761.185
15000000	52000000	6215.642
16000000	52000000	5710.2354
17000000	52000000	3033.8362
18000000	52000000	4349.7705
19000000	52000000	5303.1143
20000000	52000000	3438.2444
21000000	52000000	3547.4272
22000000	52000000	2287.774
23000000	52000000	1898.9608
24000000	52000000	2623.8105
25000000	52000000	2839.0942
26000000	52000000	1943.5848
27000000	52000000	2944.1953
28000000	52000000	2637.9434
29000000	52000000	4031.7283
30000000	52000000	2313.889
31000000	52000000	5369.1196
32000000	52000000	4861.3535
33000000	52000000	6149.6387
34000000	52000000	8719.524
35000000	52000000	4229.5894
36000000	52000000	3710.716
37000000	52000000	3029.1626
38000000	52000000	4023.359
39000000	52000000	4545.4746
40000000	52000000	6582.2144
41000000	52000000	7003.295
42000000	52000000	7746.149
43000000	52000000	3468.4329
44000000	52000000	2178.2002
45000000	52000000	6038.518
46000000	52000000	12728.713
47000000	52000000	8821.915
48000000	52000000	14875.613
49000000	52000000	19391.523
50000000	52000000	23402.312
51000000	52000000	104385.336
52000000	52000000	456559.75
0	53000000	1922.3912
1000000	53000000	1268.5018
2000000	53000000	1011.94904
3000000	53000000	4931.471
4000000	53000000	4387.988
5000000	53000000	984.1262
6000000	53000000	940.99994
7000000	53000000	1989.9878
8000000	53000000	3335.546
9000000	53000000	6973.82
10000000	53000000	5357.3057
11000000	53000000	4072.9595
12000000	53000000	4704.462
13000000	53000000	6169.5137
14000000	53000000	5975.6567
15000000	53000000	6491.395
16000000	53000000	5883.9497
17000000	53000000	2906.7354
18000000	53000000	4540.1943
19000000	53000000	5629.585
20000000	53000000	3284.5793
21000000	53000000	3517.494
22000000	53000000	2160.377
23000000	53000000	1843.0066
24000000	53000000	2420.481
25000000	53000000	2630.119
26000000	53000000	1751.008
27000000	53000000	2800.0552
28000000	53000000	2574.1318
29000000	53000000	3943.5515
30000000	53000000	2087.3435
31000000	53000000	5319.032
32000000	53000000	4637.16
33000000	53000000	6053.908
34000000	53000000	8292.26
35000000	53000000	3852.147
36000000	53000000	3412.9683
37000000	53000000	2616.9236
38000000	53000000	3994.8298
39000000	53000000	4173.5938
40000000	53000000	6343.665
41000000	53000000	6402.715
42000000	53000000	7506.141
43000000	53000000	3030.2656
44000000	53000000	1967.6144
45000000	53000000	5353.1963
46000000	53000000	10854.763
47000000	53000000	7612.4307
48000000	53000000	13147.068
49000000	53000000	16456.861
50000000	53000000	17780.357
51000000	53000000	57789.21
52000000	53000000	116583.914
53000000	53000000	450131.62
0	54000000	2426.6396
1000000	54000000	1742.2194
2000000	54000000	1575.8876
3000000	54000000	5101.868
4000000	54000000	4509.689
5000000	54000000	1644.1669
6000000	54000000	1450.7878
7000000	54000000	2336.9563
8000000	54000000	3704.7947
9000000	54000000	5756.461
10000000	54000000	4888.8066
11000000	54000000	4193.368
12000000	54000000	4793.291
13000000	54000000	5301.786
14000000	54000000	5226.316
15000000	54000000	5785.848
16000000	54000000	5703.7163
17000000	54000000	3364.7825
18000000	54000000	4460.203
19000000	54000000	4996.366
20000000	54000000	3495.9543
21000000	54000000	3649.8555
22000000	54000000	2658.1042
23000000	54000000	2342.1455
24000000	54000000	2898.3472
25000000	54000000	3218.3135
26000000	54000000	2363.2837
27000000	54000000	3311.3247
28000000	54000000	3214.1885
29000000	54000000	4466.3516
30000000	54000000	2937.9255
31000000	54000000	5603.755
32000000	54000000	5093.35
33000000	54000000	6309.1323
34000000	54000000	7863.6123
35000000	54000000	4736.523
36000000	54000000	4180.8345
37000000	54000000	3193.999
38000000	54000000	4175.3257
39000000	54000000	4769.568
40000000	54000000	6243.1807
41000000	54000000	6289.462
42000000	54000000	7451.7256
43000000	54000000	3884.36
44000000	54000000	2515.526
45000000	54000000	6290.8296
46000000	54000000	10183.264
47000000	54000000	8561.496
48000000	54000000	12355.617
49000000	54000000	14924.843
50000000	54000000	18693.047
51000000	54000000	42635.746
52000000	54000000	50073.85
53000000	54000000	109152.055
54000000	54000000	415675.7
0	55000000	4542.067
1000000	55000000	3503.0737
2000000	55000000	4136.827
3000000	55000000	5419.5225
4000000	55000000	5593.2056
5000000	55000000	4047.377
6000000	55000000	3220.2173
7000000	55000000	3685.2278
8000000	55000000	3815.1958
9000000	55000000	3145.5967
10000000	55000000	3442.2837
11000000	55000000	3798.1667
12000000	55000000	3978.094
13000000	55000000	3076.8484
14000000	55000000	3580.2751
15000000	55000000	3619.7192
16000000	55000000	4169.627
17000000	55000000	4466.7554
18000000	55000000	3554.9016
19000000	55000000	3393.5742
20000000	55000000	3930.644
21000000	55000000	4116.76
22000000	55000000	4021.7952
23000000	55000000	3888.3003
24000000	55000000	3902.7175
25000000	55000000	3982.8171
26000000	55000000	3578.4343
27000000	55000000	3668.3552
28000000	55000000	4289.532
29000000	55000000	4392.6187
30000000	55000000	5269.368
31000000	55000000	5072.788
32000000	55000000	5760.2363
33000000	55000000	5902.7095
34000000	55000000	5752.0337
35000000	55000000	5944.0894
36000000	55000000	5247.8926
37000000	55000000	4835.824
38000000	55000000	5330.3286
39000000	55000000	5209.5854
40000000	55000000	5811.832
41000000	55000000	6061.569
42000000	55000000	6329.628
43000000	55000000	6636.1187
44000000	55000000	5306.3228
45000000	55000000	8087.712
46000000	55000000	8139.976
47000000	55000000	10099.875
48000000	55000000	10525.564
49000000	55000000	10342.205
50000000	55000000	19687.744
51000000	55000000	21705.836
52000000	55000000	18830.857
53000000	55000000	26860.584
54000000	55000000	109719.92
55000000	55000000	417250.8
0	56000000	7256.964
1000000	56000000	2870.7927
2000000	56000000	2793.1038
3000000	56000000	7111.801
4000000	56000000	9238.819
5000000	56000000	2877.6768
6000000	56000000	2151.6455
7000000	56000000	2168.949
8000000	56000000	2216.5327
9000000	56000000	3016.4065
10000000	56000000	2644.847
11000000	56000000	2189.7454
12000000	56000000	2407.825
13000000	56000000	2604.2002
14000000	56000000	2693.0042
15000000	56000000	2739.9463
16000000	56000000	2801.988
17000000	56000000	2405.8342
18000000	56000000	2021.0464
19000000	56000000	2310.9402
20000000	56000000	2106.111
21000000	56000000	2421.9312
22000000	56000000	2054.6794
23000000	56000000	2235.0383
24000000	56000000	2361.701
25000000	56000000	2477.1243
26000000	56000000	1978.4281
27000000	56000000	2213.6445
28000000	56000000	2178.7715
29000000	56000000	2680.183
30000000	56000000	2831.444
31000000	56000000	3345.6199
32000000	56000000	3888.999
33000000	56000000	4229.8105
34000000	56000000	5176.5356
35000000	56000000	3374.4587
36000000	56000000	2771.0522
37000000	56000000	2485.6843
38000000	56000000	2934.0295
39000000	56000000	2966.9426
40000000	56000000	4015.026
41000000	56000000	4958.243
42000000	56000000	4851.823
43000000	56000000	3744.4
44000000	56000000	3066.4148
45000000	56000000	5262.125
46000000	56000000	6979.9893
47000000	56000000	5395.3247
48000000	56000000	6151.746
49000000	56000000	5853.642
50000000	56000000	8735.587
51000000	56000000	15038.203
52000000	56000000	16691.564
53000000	56000000	19689.803
54000000	56000000	31482.855
55000000	56000000	113233.695
56000000	56000000	452690.53
0	57000000	6098.561
1000000	57000000	1701.6117
2000000	57000000	1137.7437
3000000	57000000	6662.777
4000000	57000000	9219.813
5000000	57000000	1195.8477
6000000	57000000	906.11707
7000000	57000000	1145.5488
8000000	57000000	1514.1693
9000000	57000000	3051.1653
10000000	57000000	2086.9155
11000000	57000000	1599.1542
12000000	57000000	1762.9949
13000000	57000000	2483.9478
14000000	57000000	2586.6758
15000000	57000000	2610.3606
16000000	57000000	2361.0647
17000000	57000000	1420.2167
18000000	57000000	1571.0742
19000000	57000000	1872.2775
20000000	57000000	1398.2539
21000000	57000000	1741.1742
22000000	57000000	1189.7567
23000000	57000000	1099.4225
24000000	57000000	1300.0089
25000000	57000000	1573.1785
26000000	57000000	1088.4121
27000000	57000000	1600.948
28000000	57000000	1221.5265
29000000	57000000	2183.7173
30000000	57000000	1308.8223
31000000	57000000	2769.9612
32000000	57000000	2565.5854
33000000	57000000	3068.0715
34000000	57000000	5229.9004
35000000	57000000	2053.7747
36000000	57000000	1835.5896
37000000	57000000	1415.2214
38000000	57000000	1703.6642
39000000	57000000	1882.1565
40000000	57000000	3130.0535
41000000	57000000	4458.8184
42000000	57000000	3998.8413
43000000	57000000	1905.6017
44000000	57000000	1278.9291
45000000	57000000	3384.976
46000000	57000000	6543.123
47000000	57000000	3632.1086
48000000	57000000	4486.09
49000000	57000000	4674.8906
50000000	57000000	5457.0723
51000000	57000000	14378.385
52000000	57000000	17354.188
53000000	57000000	19214.188
54000000	57000000	20037.168
55000000	57000000	25433.244
56000000	57000000	99502.836
57000000	57000000	536952.7
0	58000000	1698.839
1000000	58000000	572.4178
2000000	58000000	274.96085
3000000	58000000	1850.437
4000000	58000000	2743.3176
5000000	58000000	240.13629
6000000	58000000	198.12372
7000000	58000000	277.1932
8000000	58000000	573.8124
9000000	58000000	1072.3593
10000000	58000000	842.5689
11000000	58000000	502.53763
12000000	58000000	695.5422
13000000	58000000	758.6083
14000000	58000000	916.2433
15000000	58000000	687.18744
16000000	58000000	615.4219
17000000	58000000	427.96478
18000000	58000000	528.6666
19000000	58000000	600.22943
20000000	58000000	413.62018
21000000	58000000	584.0067
22000000	58000000	234.69322
23000000	58000000	394.706
24000000	58000000	274.90384
25000000	58000000	381.81396
26000000	58000000	290.90677
27000000	58000000	448.0829
28000000	58000000	483.94357
29000000	58000000	462.77344
30000000	58000000	213.74658
31000000	58000000	732.079
32000000	58000000	585.2407
33000000	58000000	827.86554
34000000	58000000	1676.4772
35000000	58000000	684.97394
36000000	58000000	340.21167
37000000	58000000	383.4793
38000000	58000000	587.2403
39000000	58000000	502.9077
40000000	58000000	795.77655
41000000	58000000	1581.477
42000000	58000000	1153.4786
43000000	58000000	610.4991
44000000	58000000	257.27725
45000000	58000000	909.1873
46000000	58000000	1621.3912
47000000	58000000	923.2641
48000000	58000000	1449.7733
49000000	58000000	1151.2891
50000000	58000000	1285.084
51000000	58000000	4020.4673
52000000	58000000	5359.711
53000000	58000000	6169.379
54000000	58000000	5639.536
55000000	58000000	5513.5977
56000000	58000000	24699.234
57000000	58000000	72708.9
58000000	58000000	957943.8
0	61000000	4128.508
1000000	61000000	888.5741
2000000	61000000	608.4223
3000000	61000000	4488.227
4000000	61000000	6219.317
5000000	61000000	694.4093
6000000	61000000	536.79016
7000000	61000000	829.89777
8000000	61000000	1006.5487
9000000	61000000	2194.3008
10000000	61000000	1646.2715
11000000	61000000	1036.8801
12000000	61000000	1298.6001
13000000	61000000	1819.714
14000000	61000000	2181.8328
15000000	61000000	1879.7465
16000000	61000000	1683.4374
17000000	61000000	938.2032
18000000	61000000	1109.9482
19000000	61000000	1382.8503
20000000	61000000	1134.6577
21000000	61000000	1271.4827
22000000	61000000	752.0391
23000000	61000000	754.2383
24000000	61000000	842.5218
25000000	61000000	1078.7384
26000000	61000000	782.11084
27000000	61000000	998.066
28000000	61000000	785.54517
29000000	61000000	1484.5317
30000000	61000000	877.0301
31000000	61000000	1706.9302
32000000	61000000	1535.7886
33000000	61000000	2198.1096
34000000	61000000	3520.8247
35000000	61000000	1445.4192
36000000	61000000	1032.5471
37000000	61000000	876.64514
38000000	61000000	1174.9296
39000000	61000000	1122.5419
40000000	61000000	2244.4648
41000000	61000000	3236.4922
42000000	61000000	2546.3113
43000000	61000000	1216.6936
44000000	61000000	706.6339
45000000	61000000	2003.819
46000000	61000000	4505.396
47000000	61000000	2335.408
48000000	61000000	3282.3574
49000000	61000000	3130.1147
50000000	61000000	3301.2734
51000000	61000000	8640.127
52000000	61000000	11045.741
53000000	61000000	11239.244
54000000	61000000	10596.041
55000000	61000000	10401.331
56000000	61000000	36214.74
57000000	61000000	65886.91
58000000	61000000	27059.312
61000000	61000000	748509.06
0	62000000	3992.0745
1000000	62000000	1088.631
2000000	62000000	614.0672
3000000	62000000	3637.1973
4000000	62000000	5241.6626
5000000	62000000	715.05853
6000000	62000000	605.83563
7000000	62000000	671.9961
8000000	62000000	768.8346
9000000	62000000	1691.2523
10000000	62000000	1224.8584
11000000	62000000	777.9505
12000000	62000000	977.676
13000000	62000000	1285.4166
14000000	62000000	1410.7594
15000000	62000000	1366.2859
16000000	62000000	1160.9967
17000000	62000000	764.6154
18000000	62000000	767.9994
19000000	62000000	987.53613
20000000	62000000	686.20215
21000000	62000000	884.163
22000000	62000000	572.9707
23000000	62000000	626.3526
24000000	62000000	788.8066
25000000	62000000	756.30884
26000000	62000000	540.18866
27000000	62000000	727.781
28000000	62000000	588.67474
29000000	62000000	1001.4106
30000000	62000000	624.6175
31000000	62000000	1347.2213
32000000	62000000	1353.8472
33000000	62000000	1648.676
34000000	62000000	2734.7908
35000000	62000000	1079.8972
36000000	62000000	841.0663
37000000	62000000	765.9909
38000000	62000000	853.6824
39000000	62000000	1064.8191
40000000	62000000	1760.9664
41000000	62000000	2719.135
42000000	62000000	2115.6653
43000000	62000000	1085.9548
44000000	62000000	636.2637
45000000	62000000	1652.4088
46000000	62000000	3423.481
47000000	62000000	1627.4656
48000000	62000000	2295.0918
49000000	62000000	2161.0398
50000000	62000000	2023.3652
51000000	62000000	5700.585
52000000	62000000	7911.993
53000000	62000000	7546.9087
54000000	62000000	5965.0654
55000000	62000000	5050.4565
56000000	62000000	18356.285
57000000	62000000	28653.428
58000000	62000000	11048.131
61000000	62000000	39100.793
62000000	62000000	629119.6
0	63000000	4267.4116
1000000	63000000	1253.9077
2000000	63000000	1037.5315
3000000	63000000	3545.481
4000000	63000000	4802.0713
5000000	63000000	1089.0322
6000000	63000000	906.59735
7000000	63000000	828.84894
8000000	63000000	919.894
9000000	63000000	1720.6453
10000000	63000000	1256.9795
11000000	63000000	982.0101
12000000	63000000	1086.1738
13000000	63000000	1405.9692
14000000	63000000	1471.9736
15000000	63000000	1463.9626
16000000	63000000	1250.0117
17000000	63000000	1194.4817
18000000	63000000	945.88574
19000000	63000000	1060.1337
20000000	63000000	899.51105
21000000	63000000	1194.968
22000000	63000000	738.33124
23000000	63000000	909.52106
24000000	63000000	940.70197
25000000	63000000	842.3751
26000000	63000000	698.1823
27000000	63000000	771.749
28000000	63000000	680.5108
29000000	63000000	944.3803
30000000	63000000	905.7278
31000000	63000000	1279.013
32000000	63000000	1426.7666
33000000	63000000	1722.2607
34000000	63000000	2700.6519
35000000	63000000	1272.1711
36000000	63000000	1024.6152
37000000	63000000	906.4813
38000000	63000000	1165.3508
39000000	63000000	1227.1838
40000000	63000000	1939.2782
41000000	63000000	2763.6775
42000000	63000000	1989.2407
43000000	63000000	1465.1267
44000000	63000000	976.91846
45000000	63000000	1739.1454
46000000	63000000	3135.2173
47000000	63000000	1693.7249
48000000	63000000	2260.8833
49000000	63000000	2338.436
50000000	63000000	2374.0889
51000000	63000000	4767.748
52000000	63000000	6246.901
53000000	63000000	6008.832
54000000	63000000	5574.346
55000000	63000000	6154.1533
56000000	63000000	17620.031
57000000	63000000	20126.256
58000000	63000000	6001.68
61000000	63000000	19749.344
62000000	63000000	116478.94
63000000	63000000	534268.5
0	64000000	5175.429
1000000	64000000	2198.6372
2000000	64000000	2099.0552
3000000	64000000	3643.9468
4000000	64000000	4731.169
5000000	64000000	2260.0918
6000000	64000000	1729.507
7000000	64000000	1590.0839
8000000	64000000	1236.0616
9000000	64000000	1403.5321
10000000	64000000	1191.2533
11000000	64000000	1195.3206
12000000	64000000	1245.474
13000000	64000000	1224.6123
14000000	64000000	1350.9799
15000000	64000000	1325.5891
16000000	64000000	1295.2051
17000000	64000000	1738.0975
18000000	64000000	1040.5638
19000000	64000000	1164.7798
20000000	64000000	1384.0045
21000000	64000000	1650.2217
22000000	64000000	1314.2573
23000000	64000000	1586.6101
24000000	64000000	1577.5374
25000000	64000000	1311.4496
26000000	64000000	1294.6356
27000000	64000000	1137.1654
28000000	64000000	1127.9764
29000000	64000000	1205.9374
30000000	64000000	1779.6361
31000000	64000000	1559.3231
32000000	64000000	2039.256
33000000	64000000	2378.147
34000000	64000000	2744.7231
35000000	64000000	1949.976
36000000	64000000	1613.823
37000000	64000000	1724.3335
38000000	64000000	1810.2941
39000000	64000000	1786.7727
40000000	64000000	2207.3694
41000000	64000000	3070.0298
42000000	64000000	2219.085
43000000	64000000	2620.2966
44000000	64000000	1902.2876
45000000	64000000	2495.8274
46000000	64000000	3384.5093
47000000	64000000	2419.708
48000000	64000000	2653.8606
49000000	64000000	2412.059
50000000	64000000	3570.8032
51000000	64000000	3764.042
52000000	64000000	4353.8706
53000000	64000000	4236.3823
54000000	64000000	5008.534
55000000	64000000	8627.616
56000000	64000000	15230.965
57000000	64000000	12450.297
58000000	64000000	3487.7537
61000000	64000000	11100.859
62000000	64000000	57979.69
63000000	64000000	171621.53
64000000	64000000	506097.44
0	65000000	3147.2922
1000000	65000000	3288.5715
2000000	65000000	3662.369
3000000	65000000	2552.4192
4000000	65000000	2792.403
5000000	65000000	3765.5417
6000000	65000000	3393.0862
7000000	65000000	1886.8733
8000000	65000000	1381.9138
9000000	65000000	861.6
10000000	65000000	1100.2924
11000000	65000000	1344.4016
12000000	65000000	1201.7382
13000000	65000000	991.6685
14000000	65000000	1074.017
15000000	65000000	1068.5729
16000000	65000000	1141.2936
17000000	65000000	1801.897
18000000	65000000	1272.0028
19000000	65000000	991.32587
20000000	65000000	1538.703
21000000	65000000	1546.8613
22000000	65000000	2179.4395
23000000	65000000	2680.2146
24000000	65000000	2138.6165
25000000	65000000	2020.1582
26000000	65000000	2291.3342
27000000	65000000	1987.5298
28000000	65000000	2007.7303
29000000	65000000	1939.5431
30000000	65000000	3309.3337
31000000	65000000	1949.5708
32000000	65000000	2733.353
33000000	65000000	2382.5835
34000000	65000000	1906.1626
35000000	65000000	2678.193
36000000	65000000	2764.7976
37000000	65000000	2854.0654
38000000	65000000	2790.715
39000000	65000000	2803.777
40000000	65000000	2375.3276
41000000	65000000	2312.3435
42000000	65000000	2309.2334
43000000	65000000	3951.428
44000000	65000000	4973.1084
45000000	65000000	4282.6997
46000000	65000000	2713.8604
47000000	65000000	3482.1216
48000000	65000000	2885.5615
49000000	65000000	2561.773
50000000	65000000	4172.1357
51000000	65000000	2700.1238
52000000	65000000	2373.3848
53000000	65000000	2364.5586
54000000	65000000	3420.9556
55000000	65000000	7543.5693
56000000	65000000	6685.9287
57000000	65000000	3416.2576
58000000	65000000	825.2313
61000000	65000000	2642.4868
62000000	65000000	7532.8354
63000000	65000000	12958.492
64000000	65000000	45906.184
65000000	65000000	546218.44
0	66000000	3102.449
1000000	66000000	2912.113
2000000	66000000	3419.6855
3000000	66000000	2448.013
4000000	66000000	2684.3184
5000000	66000000	3465.519
6000000	66000000	3270.3635
7000000	66000000	1612.0903
8000000	66000000	1107.2155
9000000	66000000	609.6958
10000000	66000000	764.6205
11000000	66000000	1024.4937
12000000	66000000	921.5257
13000000	66000000	729.4951
14000000	66000000	792.97253
15000000	66000000	826.01904
16000000	66000000	854.8277
17000000	66000000	1527.2734
18000000	66000000	1028.0532
19000000	66000000	741.70874
20000000	66000000	1258.6472
21000000	66000000	1339.8035
22000000	66000000	1867.346
23000000	66000000	2397.965
24000000	66000000	1962.9323
25000000	66000000	1761.5573
26000000	66000000	1917.9984
27000000	66000000	1665.2251
28000000	66000000	1706.3613
29000000	66000000	1576.8763
30000000	66000000	3022.2524
31000000	66000000	1676.5248
32000000	66000000	2268.44
33000000	66000000	2022.5104
34000000	66000000	1758.5109
35000000	66000000	2362.1868
36000000	66000000	2303.0122
37000000	66000000	2461.6946
38000000	66000000	2411.076
39000000	66000000	2296.3838
40000000	66000000	2091.6477
41000000	66000000	2103.6477
42000000	66000000	1971.0015
43000000	66000000	3490.1882
44000000	66000000	4663.7563
45000000	66000000	3820.131
46000000	66000000	2688.5098
47000000	66000000	3033.0464
48000000	66000000	2562.6917
49000000	66000000	2112.6616
50000000	66000000	3662.3257
51000000	66000000	2675.6377
52000000	66000000	2244.8625
53000000	66000000	2157.6526
54000000	66000000	2937.9236
55000000	66000000	6269.9766
56000000	66000000	6289.09
57000000	66000000	3861.6172
58000000	66000000	1079.6328
61000000	66000000	3057.4817
62000000	66000000	6683.398
63000000	66000000	9428.396
64000000	66000000	20930.941
65000000	66000000	140171.66
66000000	66000000	473296.9
0	67000000	3227.4321
1000000	67000000	1155.8723
2000000	67000000	766.5638
3000000	67000000	3971.2668
4000000	67000000	4872.4575
5000000	67000000	789.41095
6000000	67000000	581.7266
7000000	67000000	621.1599
8000000	67000000	722.449
9000000	67000000	1382.1951
10000000	67000000	1087.7388
11000000	67000000	786.16785
12000000	67000000	919.2785
13000000	67000000	1339.7354
14000000	67000000	1267.5132
15000000	67000000	1194.885
16000000	67000000	1247.9062
17000000	67000000	826.0261
18000000	67000000	831.10803
19000000	67000000	954.4442
20000000	67000000	707.40027
21000000	67000000	943.6014
22000000	67000000	793.8446
23000000	67000000	781.02423
24000000	67000000	924.8748
25000000	67000000	1105.8274
26000000	67000000	799.4884
27000000	67000000	1113.4717
28000000	67000000	915.26337
29000000	67000000	1495.9486
30000000	67000000	985.8311
31000000	67000000	1958.6378
32000000	67000000	1623.6229
33000000	67000000	1986.6544
34000000	67000000	3106.7043
35000000	67000000	1366.1775
36000000	67000000	1220.2834
37000000	67000000	1036.8774
38000000	67000000	1182.6924
39000000	67000000	1325.1368
40000000	67000000	2164.2427
41000000	67000000	2805.0862
42000000	67000000	2845.2349
43000000	67000000	1335.417
44000000	67000000	841.48584
45000000	67000000	2576.4229
46000000	67000000	4511.594
47000000	67000000	2591.4233
48000000	67000000	2935.591
49000000	67000000	2562.307
50000000	67000000	2808.0752
51000000	67000000	6372.169
52000000	67000000	6767.0366
53000000	67000000	6265.235
54000000	67000000	5502.496
55000000	67000000	4867.518
56000000	67000000	12122.303
57000000	67000000	15471.41
58000000	67000000	4209.443
61000000	67000000	13179.178
62000000	67000000	24002.36
63000000	67000000	19493.809
64000000	67000000	16698.45
65000000	67000000	12991.632
66000000	67000000	60972.2
67000000	67000000	427937.56
0	68000000	2679.7854
1000000	68000000	1373.1138
2000000	68000000	1033.7822
3000000	68000000	3494.2844
4000000	68000000	3831.221
5000000	68000000	995.8145
6000000	68000000	753.1276
7000000	68000000	830.2146
8000000	68000000	819.9494
9000000	68000000	1435.4037
10000000	68000000	1064.7932
11000000	68000000	921.9542
12000000	68000000	1081.1146
13000000	68000000	1273.8861
14000000	68000000	1307.5962
15000000	68000000	1375.2405
16000000	68000000	1417.3712
17000000	68000000	1056.4049
18000000	68000000	1068.0903
19000000	68000000	1020.2193
20000000	68000000	861.4146
21000000	68000000	1100.3212
22000000	68000000	1072.5691
23000000	68000000	1038.7953
24000000	68000000	1173.49
25000000	68000000	1353.6
26000000	68000000	1036.0895
27000000	68000000	1330.2611
28000000	68000000	1212.7582
29000000	68000000	1800.363
30000000	68000000	1391.9808
31000000	68000000	2154.3882
32000000	68000000	1953.114
33000000	68000000	2199.5378
34000000	68000000	2960.6296
35000000	68000000	1749.1202
36000000	68000000	1613.9537
37000000	68000000	1356.4845
38000000	68000000	1579.0337
39000000	68000000	1638.5648
40000000	68000000	2309.1287
41000000	68000000	2863.248
42000000	68000000	3030.565
43000000	68000000	1691.6232
44000000	68000000	1229.1973
45000000	68000000	2962.9338
46000000	68000000	4212.0903
47000000	68000000	3226.586
48000000	68000000	3239.0735
49000000	68000000	3099.4683
50000000	68000000	3364.7695
51000000	68000000	5878.139
52000000	68000000	5744.792
53000000	68000000	5313.768
54000000	68000000	5337.5557
55000000	68000000	5256.349
56000000	68000000	8962.606
57000000	68000000	10392.605
58000000	68000000	3139.5273
61000000	68000000	8755.57
62000000	68000000	15366.221
63000000	68000000	12968.105
64000000	68000000	12607.608
65000000	68000000	11680.104
66000000	68000000	40963.957
67000000	68000000	160058.33
68000000	68000000	406358.25
0	69000000	2090.6013
1000000	69000000	1756.5393
2000000	69000000	2148.2776
3000000	69000000	2216.8533
4000000	69000000	2121.068
5000000	69000000	1894.6232
6000000	69000000	1661.3792
7000000	69000000	1411.6857
8000000	69000000	1286.9315
9000000	69000000	985.63153
10000000	69000000	1109.0359
11000000	69000000	1426.2902
12000000	69000000	1371.0553
13000000	69000000	1178.2312
14000000	69000000	1201.2992
15000000	69000000	1291.4316
16000000	69000000	1582.1334
17000000	69000000	2207.3218
18000000	69000000	1481.7974
19000000	69000000	1177.9888
20000000	69000000	1477.9493
21000000	69000000	1903.1045
22000000	69000000	2188.8562
23000000	69000000	1956.7227
24000000	69000000	1988.3141
25000000	69000000	1928.3188
26000000	69000000	1953.3838
27000000	69000000	2194.2344
28000000	69000000	2426.673
29000000	69000000	2512.954
30000000	69000000	3040.897
31000000	69000000	2796.6887
32000000	69000000	2635.1147
33000000	69000000	2700.1973
34000000	69000000	2301.7578
35000000	69000000	2814.1228
36000000	69000000	3009.7068
37000000	69000000	2955.1584
38000000	69000000	2785.87
39000000	69000000	2734.162
40000000	69000000	2645.4019
41000000	69000000	2882.7695
42000000	69000000	2837.4197
43000000	69000000	3423.1477
44000000	69000000	2814.572
45000000	69000000	3874.8955
46000000	69000000	3620.6824
47000000	69000000	4826.458
48000000	69000000	3835.6655
49000000	69000000	3452.034
50000000	69000000	5034.7935
51000000	69000000	3788.19
52000000	69000000	2876.56
53000000	69000000	2764.0127
54000000	69000000	3753.5132
55000000	69000000	6207.5635
56000000	69000000	4893.124
57000000	69000000	3135.116
58000000	69000000	903.53735
61000000	69000000	2309.5532
62000000	69000000	4511.9863
63000000	69000000	5269.887
64000000	69000000	9237.342
65000000	69000000	17698.225
66000000	69000000	42122.594
67000000	69000000	50914.86
68000000	69000000	126326.586
69000000	69000000	457196.4
0	70000000	3308.8806
1000000	70000000	1565.0266
2000000	70000000	1288.1014
3000000	70000000	3857.063
4000000	70000000	4328.47
5000000	70000000	1264.9142
6000000	70000000	967.26184
7000000	70000000	966.8786
8000000	70000000	978.2336
9000000	70000000	1272.2014
10000000	70000000	1144.3826
11000000	70000000	1067.7576
12000000	70000000	1129.9462
13000000	70000000	1205.4967
14000000	70000000	1238.4982
15000000	70000000	1278.7749
16000000	70000000	1325.54
17000000	70000000	1307.0319
18000000	70000000	1107.9299
19000000	70000000	1021.6896
20000000	70000000	1014.0368
21000000	70000000	1328.6975
22000000	70000000	1308.351
23000000	70000000	1173.2018
24000000	70000000	1324.0326
25000000	70000000	1496.9707
26000000	70000000	1206.7117
27000000	70000000	1572.309
28000000	70000000	1453.8696
29000000	70000000	1861.3197
30000000	70000000	1836.792
31000000	70000000	2480.3755
32000000	70000000	2191.9597
33000000	70000000	2345.5496
34000000	70000000	3012.2334
35000000	70000000	2055.9087
36000000	70000000	1964.8359
37000000	70000000	1720.6803
38000000	70000000	1898.0049
39000000	70000000	2059.0977
40000000	70000000	2463.3574
41000000	70000000	3112.4226
42000000	70000000	3073.1572
43000000	70000000	2168.9636
44000000	70000000	1542.2853
45000000	70000000	3464.9917
46000000	70000000	4594.6387
47000000	70000000	3823.0923
48000000	70000000	3640.3855
49000000	70000000	3206.5789
50000000	70000000	3865.8667
51000000	70000000	5684.755
52000000	70000000	5419.9966
53000000	70000000	4870.4517
54000000	70000000	5067.299
55000000	70000000	5859.0493
56000000	70000000	9870.683
57000000	70000000	11406.196
58000000	70000000	3388.8188
61000000	70000000	9230.116
62000000	70000000	15892.727
63000000	70000000	13488.144
64000000	70000000	12900.83
65000000	70000000	12396.992
66000000	70000000	31093.455
67000000	70000000	65955.35
68000000	70000000	63822.555
69000000	70000000	98777.91
70000000	70000000	387950.53
0	71000000	4339.9453
1000000	71000000	1619.2812
2000000	71000000	1109.7028
3000000	71000000	4990.026
4000000	71000000	6040.131
5000000	71000000	1136.7993
6000000	71000000	747.1189
7000000	71000000	775.8082
8000000	71000000	882.67487
9000000	71000000	1398.4489
10000000	71000000	1135.1528
11000000	71000000	864.63385
12000000	71000000	915.18585
13000000	71000000	1236.8597
14000000	71000000	1167.0883
15000000	71000000	1227.2943
16000000	71000000	1223.4486
17000000	71000000	824.46765
18000000	71000000	920.725
19000000	71000000	1029.021
20000000	71000000	849.1862
21000000	71000000	1128.4808
22000000	71000000	888.6578
23000000	71000000	906.0387
24000000	71000000	1113.7905
25000000	71000000	1307.2961
26000000	71000000	955.2647
27000000	71000000	1251.4053
28000000	71000000	1061.3672
29000000	71000000	1707.6
30000000	71000000	1167.7787
31000000	71000000	2134.1807
32000000	71000000	1957.6462
33000000	71000000	2226.2712
34000000	71000000	3336.577
35000000	71000000	1591.0908
36000000	71000000	1470.2588
37000000	71000000	1131.1857
38000000	71000000	1488.2557
39000000	71000000	1633.8726
40000000	71000000	2396.0833
41000000	71000000	3176.6216
42000000	71000000	3088.07
43000000	71000000	1735.7476
44000000	71000000	1094.4152
45000000	71000000	3120.7761
46000000	71000000	4860.332
47000000	71000000	2853.7087
48000000	71000000	2998.4346
49000000	71000000	2849.281
50000000	71000000	3196.4043
51000000	71000000	6191.3667
52000000	71000000	6275.0806
53000000	71000000	5835.9185
54000000	71000000	5790.946
55000000	71000000	5837.272
56000000	71000000	12935.8955
57000000	71000000	15173.195
58000000	71000000	4547.96
61000000	71000000	12292.756
62000000	71000000	21204.107
63000000	71000000	17849.975
64000000	71000000	15517.228
65000000	71000000	10466.45
66000000	71000000	22720.906
67000000	71000000	63708.01
68000000	71000000	47887.19
69000000	71000000	24497.123
70000000	71000000	135790.06
71000000	71000000	433649.03
0	72000000	3312.3801
1000000	72000000	3472.9036
2000000	72000000	3633.4265
3000000	72000000	2238.501
4000000	72000000	2713.197
5000000	72000000	3745.0708
6000000	72000000	3282.5603
7000000	72000000	1451.7257
8000000	72000000	999.31744
9000000	72000000	512.24005
10000000	72000000	512.4274
11000000	72000000	819.1325
12000000	72000000	692.9204
13000000	72000000	524.5155
14000000	72000000	616.51715
15000000	72000000	604.9978
16000000	72000000	684.5797
17000000	72000000	1284.6367
18000000	72000000	841.4126
19000000	72000000	630.18964
20000000	72000000	1134.7609
21000000	72000000	1116.457
22000000	72000000	1713.333
23000000	72000000	2202.8064
24000000	72000000	1747.8453
25000000	72000000	1676.2576
26000000	72000000	2058.0142
27000000	72000000	1625.7806
28000000	72000000	1615.6041
29000000	72000000	1396.8835
30000000	72000000	2801.8188
31000000	72000000	1441.8156
32000000	72000000	2035.3091
33000000	72000000	1813.0271
34000000	72000000	1458.6958
35000000	72000000	2149.984
36000000	72000000	2132.4653
37000000	72000000	2324.071
38000000	72000000	2079.836
39000000	72000000	2164.3723
40000000	72000000	1893.3845
41000000	72000000	1934.3616
42000000	72000000	1843.8107
43000000	72000000	3492.8777
44000000	72000000	5020.7324
45000000	72000000	3618.5234
46000000	72000000	2173.72
47000000	72000000	2520.0989
48000000	72000000	1966.2272
49000000	72000000	1546.1635
50000000	72000000	2847.1218
51000000	72000000	1866.2161
52000000	72000000	1568.9735
53000000	72000000	1356.1151
54000000	72000000	2104.4404
55000000	72000000	5166.004
56000000	72000000	4945.0366
57000000	72000000	2317.7485
58000000	72000000	498.37256
61000000	72000000	1628.12
62000000	72000000	3148.69
63000000	72000000	4940.3306
64000000	72000000	9678.575
65000000	72000000	19076.834
66000000	72000000	26833.543
67000000	72000000	10219.763
68000000	72000000	11846.827
69000000	72000000	20450.826
70000000	72000000	29617.85
71000000	72000000	65774.83
72000000	72000000	568488.9
0	73000000	2553.3306
1000000	73000000	4442.0522
2000000	73000000	3594.8657
3000000	73000000	1265.0986
4000000	73000000	1454.4764
5000000	73000000	3775.6733
6000000	73000000	3562.9607
7000000	73000000	1286.0195
8000000	73000000	700.62933
9000000	73000000	328.15417
10000000	73000000	412.2713
11000000	73000000	538.00006
12000000	73000000	441.6164
13000000	73000000	355.39383
14000000	73000000	377.57477
15000000	73000000	370.62213
16000000	73000000	475.18362
17000000	73000000	882.17145
18000000	73000000	567.89087
19000000	73000000	486.3202
20000000	73000000	902.12256
21000000	73000000	966.99634
22000000	73000000	1544.0425
23000000	73000000	2276.477
24000000	73000000	1847.3146
25000000	73000000	1854.314
26000000	73000000	2360.917
27000000	73000000	1778.2993
28000000	73000000	1700.712
29000000	73000000	1551.9136
30000000	73000000	2512.0608
31000000	73000000	1184.8536
32000000	73000000	1448.9841
33000000	73000000	1209.7178
34000000	73000000	890.94916
35000000	73000000	1741.7809
36000000	73000000	2028.6875
37000000	73000000	2128.5542
38000000	73000000	1941.4015
39000000	73000000	1870.1635
40000000	73000000	1327.9708
41000000	73000000	1275.8121
42000000	73000000	1247.6772
43000000	73000000	2981.5808
44000000	73000000	5799.4507
45000000	73000000	3157.8958
46000000	73000000	1490.2898
47000000	73000000	1920.5161
48000000	73000000	1290.7788
49000000	73000000	1108.4667
50000000	73000000	1708.1978
51000000	73000000	987.00116
52000000	73000000	816.46783
53000000	73000000	793.0442
54000000	73000000	1178.6378
55000000	73000000	2375.1187
56000000	73000000	1815.8486
57000000	73000000	929.1394
58000000	73000000	240.6413
61000000	73000000	628.70074
62000000	73000000	1379.0803
63000000	73000000	1969.5571
64000000	73000000	3435.626
65000000	73000000	10441.212
66000000	73000000	11061.216
67000000	73000000	3297.2803
68000000	73000000	4096.0723
69000000	73000000	7451.386
70000000	73000000	6596.7
71000000	73000000	7898.6133
72000000	73000000	96523.945
73000000	73000000	552398.44
0	74000000	1052.9873
1000000	74000000	1700.8071
2000000	74000000	1986.5245
3000000	74000000	459.58856
4000000	74000000	607.02136
5000000	74000000	2074.483
6000000	74000000	2104.0488
7000000	74000000	717.9588
8000000	74000000	411.32544
9000000	74000000	137.84879
10000000	74000000	245.72803
11000000	74000000	319.76904
12000000	74000000	184.40811
13000000	74000000	158.58228
14000000	74000000	185.98738
15000000	74000000	227.7413
16000000	74000000	203.95741
17000000	74000000	453.8628
18000000	74000000	299.44263
19000000	74000000	207.57129
20000000	74000000	474.29047
21000000	74000000	492.1601
22000000	74000000	814.0958
23000000	74000000	1292.4009
24000000	74000000	978.7397
25000000	74000000	789.5924
26000000	74000000	1159.4865
27000000	74000000	747.8974
28000000	74000000	774.77856
29000000	74000000	582.7987
30000000	74000000	1310.5013
31000000	74000000	412.45203
32000000	74000000	644.5276
33000000	74000000	498.30347
34000000	74000000	355.5856
35000000	74000000	845.4081
36000000	74000000	816.80963
37000000	74000000	1065.0072
38000000	74000000	892.6467
39000000	74000000	781.34436
40000000	74000000	601.9224
41000000	74000000	657.41284
42000000	74000000	458.73026
43000000	74000000	1518.6348
44000000	74000000	2967.203
45000000	74000000	1207.9362
46000000	74000000	670.957
47000000	74000000	694.33844
48000000	74000000	513.5028
49000000	74000000	438.37607
50000000	74000000	841.9056
51000000	74000000	304.55453
52000000	74000000	324.28238
53000000	74000000	287.97162
54000000	74000000	410.84387
55000000	74000000	1030.5002
56000000	74000000	622.5661
57000000	74000000	314.77423
58000000	74000000	196.9842
61000000	74000000	354.0913
62000000	74000000	546.4879
63000000	74000000	731.224
64000000	74000000	1448.9443
65000000	74000000	3853.8723
66000000	74000000	4431.131
67000000	74000000	963.3511
68000000	74000000	1251.1527
69000000	74000000	2724.3347
70000000	74000000	1976.64
71000000	74000000	1972.0933
72000000	74000000	17785.076
73000000	74000000	174433.9
74000000	74000000	812221.0
0	75000000	1976.8878
1000000	75000000	3261.7573
2000000	75000000	2909.3499
3000000	75000000	988.1162
4000000	75000000	1158.9548
5000000	75000000	3206.8928
6000000	75000000	3423.523
7000000	75000000	1477.1576
8000000	75000000	776.8647
9000000	75000000	338.58936
10000000	75000000	437.74814
11000000	75000000	655.6058
12000000	75000000	560.122
13000000	75000000	410.79346
14000000	75000000	398.19418
15000000	75000000	440.11252
16000000	75000000	485.78702
17000000	75000000	1006.0793
18000000	75000000	647.6869
19000000	75000000	547.2049
20000000	75000000	962.56256
21000000	75000000	1026.4495
22000000	75000000	1855.9337
23000000	75000000	2452.2886
24000000	75000000	1991.0183
25000000	75000000	1830.5162
26000000	75000000	2343.8862
27000000	75000000	1710.0226
28000000	75000000	1779.1227
29000000	75000000	1527.891
30000000	75000000	2563.81
31000000	75000000	1146.9865
32000000	75000000	1422.7179
33000000	75000000	1144.4744
34000000	75000000	850.7169
35000000	75000000	1667.8287
36000000	75000000	2088.1653
37000000	75000000	2314.017
38000000	75000000	1993.2294
39000000	75000000	1956.5731
40000000	75000000	1379.581
41000000	75000000	1283.6554
42000000	75000000	1181.6267
43000000	75000000	2931.6084
44000000	75000000	5197.6157
45000000	75000000	2762.8218
46000000	75000000	1324.5085
47000000	75000000	1775.8381
48000000	75000000	1269.8799
49000000	75000000	1002.9945
50000000	75000000	1583.7297
51000000	75000000	892.2295
52000000	75000000	666.2645
53000000	75000000	674.6688
54000000	75000000	1007.3528
55000000	75000000	2079.4893
56000000	75000000	1377.985
57000000	75000000	727.9913
58000000	75000000	149.28397
61000000	75000000	500.0258
62000000	75000000	1209.3309
63000000	75000000	1529.5308
64000000	75000000	2756.2327
65000000	75000000	8260.446
66000000	75000000	8018.1104
67000000	75000000	2182.104
68000000	75000000	2784.0977
69000000	75000000	5237.346
70000000	75000000	3822.7966
71000000	75000000	3902.5945
72000000	75000000	19093.172
73000000	75000000	51760.598
74000000	75000000	46898.816
75000000	75000000	658158.9
0	76000000	1125.2417
1000000	76000000	1567.2467
2000000	76000000	1778.5436
3000000	76000000	732.5748
4000000	76000000	797.5262
5000000	76000000	1956.7262
6000000	76000000	2493.3525
7000000	76000000	1677.129
8000000	76000000	941.37695
9000000	76000000	586.52496
10000000	76000000	592.9635
11000000	76000000	892.4821
12000000	76000000	831.81726
13000000	76000000	601.516
14000000	76000000	630.58856
15000000	76000000	630.59314
16000000	76000000	619.9378
17000000	76000000	1385.4421
18000000	76000000	980.86615
19000000	76000000	680.6183
20000000	76000000	1315.0327
21000000	76000000	1232.996
22000000	76000000	1849.2219
23000000	76000000	2370.9082
24000000	76000000	1858.2435
25000000	76000000	1473.1309
26000000	76000000	1772.7001
27000000	76000000	1342.3086
28000000	76000000	1704.4337
29000000	76000000	1278.3372
30000000	76000000	2365.516
31000000	76000000	1087.656
32000000	76000000	1435.012
33000000	76000000	1222.6598
34000000	76000000	973.60925
35000000	76000000	1627.0579
36000000	76000000	1906.0206
37000000	76000000	2449.5227
38000000	76000000	1980.4752
39000000	76000000	1815.4254
40000000	76000000	1246.0251
41000000	76000000	1437.0876
42000000	76000000	1124.4027
43000000	76000000	2704.2224
44000000	76000000	3146.4985
45000000	76000000	1871.8651
46000000	76000000	1422.2495
47000000	76000000	1714.055
48000000	76000000	1341.003
49000000	76000000	1097.204
50000000	76000000	2124.8843
51000000	76000000	867.37506
52000000	76000000	842.0
53000000	76000000	748.20404
54000000	76000000	1026.3934
55000000	76000000	2227.6448
56000000	76000000	1257.705
57000000	76000000	515.21893
58000000	76000000	205.04878
61000000	76000000	413.45944
62000000	76000000	1051.2556
63000000	76000000	1487.8533
64000000	76000000	2928.61
65000000	76000000	6221.4746
66000000	76000000	5962.7114
67000000	76000000	1732.1985
68000000	76000000	2181.2095
69000000	76000000	4872.8066
70000000	76000000	3209.4883
71000000	76000000	2913.8474
72000000	76000000	10109.363
73000000	76000000	13276.415
74000000	76000000	8698.287
75000000	76000000	86198.305
76000000	76000000	638630.4
0	77000000	1065.9346
1000000	77000000	1281.1592
2000000	77000000	1575.654
3000000	77000000	1124.5817
4000000	77000000	982.782
5000000	77000000	1611.8267
6000000	77000000	1996.9789
7000000	77000000	1900.5852
8000000	77000000	1490.4885
9000000	77000000	986.1288
10000000	77000000	1187.9827
11000000	77000000	1529.0933
12000000	77000000	1353.7084
13000000	77000000	1162.0457
14000000	77000000	1227.3599
15000000	77000000	1296.9738
16000000	77000000	1477.3612
17000000	77000000	2118.8716
18000000	77000000	1687.2646
19000000	77000000	1449.6139
20000000	77000000	2018.5242
21000000	77000000	1911.5156
22000000	77000000	2192.5723
23000000	77000000	2354.8022
24000000	77000000	2011.9956
25000000	77000000	1783.6373
26000000	77000000	1830.027
27000000	77000000	1793.9926
28000000	77000000	2113.8293
29000000	77000000	1815.3098
30000000	77000000	2752.479
31000000	77000000	1795.3044
32000000	77000000	2228.8857
33000000	77000000	2073.2405
34000000	77000000	1741.7646
35000000	77000000	2455.6028
36000000	77000000	2537.784
37000000	77000000	2825.4048
38000000	77000000	2660.0088
39000000	77000000	2598.3164
40000000	77000000	2118.4626
41000000	77000000	2021.1298
42000000	77000000	1857.0238
43000000	77000000	2856.8828
44000000	77000000	2524.0532
45000000	77000000	2226.564
46000000	77000000	1862.4603
47000000	77000000	2560.2126
48000000	77000000	2485.3882
49000000	77000000	2478.1665
50000000	77000000	3285.4607
51000000	77000000	1942.6133
52000000	77000000	1629.2079
53000000	77000000	1583.0668
54000000	77000000	2165.5168
55000000	77000000	3422.6565
56000000	77000000	2113.0046
57000000	77000000	1121.2869
58000000	77000000	260.88696
61000000	77000000	931.64716
62000000	77000000	1692.512
63000000	77000000	2326.2166
64000000	77000000	4061.2559
65000000	77000000	7199.03
66000000	77000000	6958.454
67000000	77000000	3136.0713
68000000	77000000	3724.375
69000000	77000000	7110.492
70000000	77000000	5153.365
71000000	77000000	4709.9424
72000000	77000000	9216.9795
73000000	77000000	8020.601
74000000	77000000	5131.7773
75000000	77000000	18411.248
76000000	77000000	122190.164
77000000	77000000	477893.1
0	78000000	619.0401
1000000	78000000	597.7051
2000000	78000000	575.50385
3000000	78000000	1323.9669
4000000	78000000	999.12256
5000000	78000000	539.60364
6000000	78000000	591.2042
7000000	78000000	972.5632
8000000	78000000	1562.0663
9000000	78000000	2160.5757
10000000	78000000	1965.076
11000000	78000000	1965.6945
12000000	78000000	2016.6885
13000000	78000000	2182.6257
14000000	78000000	2092.0725
15000000	78000000	2353.5986
16000000	78000000	2467.4683
17000000	78000000	1636.7742
18000000	78000000	2348.9053
19000000	78000000	2516.8638
20000000	78000000	1822.5161
21000000	78000000	1834.6573
22000000	78000000	1353.5189
23000000	78000000	1067.5382
24000000	78000000	1343.9872
25000000	78000000	1516.3123
26000000	78000000	1154.4984
27000000	78000000	1640.9695
28000000	78000000	1698.9817
29000000	78000000	2163.6326
30000000	78000000	1220.1271
31000000	78000000	2563.7332
32000000	78000000	2240.6094
33000000	78000000	2691.8826
34000000	78000000	2846.2063
35000000	78000000	2094.3374
36000000	78000000	2047.8617
37000000	78000000	1702.2163
38000000	78000000	2317.7634
39000000	78000000	2360.0237
40000000	78000000	2513.02
41000000	78000000	2071.9263
42000000	78000000	2805.3164
43000000	78000000	1433.9846
44000000	78000000	828.2177
45000000	78000000	1796.9697
46000000	78000000	2755.1697
47000000	78000000	2621.6155
48000000	78000000	3695.7515
49000000	78000000	4441.186
50000000	78000000	3079.041
51000000	78000000	3751.9326
52000000	78000000	3631.0286
53000000	78000000	3922.4028
54000000	78000000	4116.8877
55000000	78000000	3130.9036
56000000	78000000	2274.1904
57000000	78000000	1969.72
58000000	78000000	861.6883
61000000	78000000	1818.3185
62000000	78000000	3092.785
63000000	78000000	3343.8909
64000000	78000000	3889.255
65000000	78000000	4014.6348
66000000	78000000	3477.899
67000000	78000000	5294.173
68000000	78000000	5553.9688
69000000	78000000	5798.1445
70000000	78000000	6420.484
71000000	78000000	7126.2954
72000000	78000000	3905.1272
73000000	78000000	3142.5747
74000000	78000000	1335.0526
75000000	78000000	5100.1826
76000000	78000000	11142.947
77000000	78000000	79746.805
78000000	78000000	478749.56
0	79000000	562.29584
1000000	79000000	475.74994
2000000	79000000	449.68002
3000000	79000000	1246.0177
4000000	79000000	838.9418
5000000	79000000	453.29657
6000000	79000000	536.72925
7000000	79000000	877.9615
8000000	79000000	1394.4191
9000000	79000000	2092.2427
10000000	79000000	1764.4219
11000000	79000000	1772.0074
12000000	79000000	1891.4525
13000000	79000000	2041.3695
14000000	79000000	2043.2017
15000000	79000000	2354.731
16000000	79000000	2303.3896
17000000	79000000	1355.045
18000000	79000000	2052.647
19000000	79000000	2277.2256
20000000	79000000	1542.7054
21000000	79000000	1566.3353
22000000	79000000	1144.6552
23000000	79000000	970.06195
24000000	79000000	1167.8575
25000000	79000000	1320.7583
26000000	79000000	926.22437
27000000	79000000	1376.1307
28000000	79000000	1442.459
29000000	79000000	1911.8186
30000000	79000000	1127.9598
31000000	79000000	2253.2769
32000000	79000000	1834.8107
33000000	79000000	2408.076
34000000	79000000	2737.924
35000000	79000000	1900.2957
36000000	79000000	1738.9104
37000000	79000000	1484.8455
38000000	79000000	1985.4929
39000000	79000000	2067.368
40000000	79000000	2312.6538
41000000	79000000	1940.089
42000000	79000000	2444.316
43000000	79000000	1166.1084
44000000	79000000	650.0436
45000000	79000000	1504.8804
46000000	79000000	2543.947
47000000	79000000	2109.0076
48000000	79000000	3273.405
49000000	79000000	3884.1003
50000000	79000000	2672.5957
51000000	79000000	3242.9397
52000000	79000000	3838.3757
53000000	79000000	4199.9873
54000000	79000000	3947.2576
55000000	79000000	2819.6711
56000000	79000000	2223.9573
57000000	79000000	1950.6633
58000000	79000000	663.24603
61000000	79000000	1820.7362
62000000	79000000	3367.2466
63000000	79000000	3547.881
64000000	79000000	3606.8525
65000000	79000000	3613.651
66000000	79000000	3173.609
67000000	79000000	5193.7397
68000000	79000000	5442.043
69000000	79000000	5112.276
70000000	79000000	5910.6143
71000000	79000000	6500.1255
72000000	79000000	3171.7046
73000000	79000000	2423.4119
74000000	79000000	1055.073
75000000	79000000	3670.7107
76000000	79000000	6912.2236
77000000	79000000	25149.959
78000000	79000000	99993.97
79000000	79000000	455227.8
0	80000000	554.98883
1000000	80000000	439.33856
2000000	80000000	470.35083
3000000	80000000	1183.5299
4000000	80000000	903.92456
5000000	80000000	496.55844
6000000	80000000	467.70795
7000000	80000000	928.7535
8000000	80000000	1341.0112
9000000	80000000	2138.7144
10000000	80000000	1574.7821
11000000	80000000	1467.7535
12000000	80000000	1684.4805
13000000	80000000	1752.513
14000000	80000000	1808.229
15000000	80000000	2026.2678
16000000	80000000	1986.7013
17000000	80000000	1262.4834
18000000	80000000	1769.6578
19000000	80000000	2123.3457
20000000	80000000	1496.5771
21000000	80000000	1530.4423
22000000	80000000	983.10345
23000000	80000000	954.19574
24000000	80000000	1188.8339
25000000	80000000	1223.929
26000000	80000000	886.0491
27000000	80000000	1294.9348
28000000	80000000	1320.1812
29000000	80000000	1595.0107
30000000	80000000	1012.9711
31000000	80000000	1951.2734
32000000	80000000	1704.3889
33000000	80000000	2124.3071
34000000	80000000	2431.97
35000000	80000000	1641.3246
36000000	80000000	1509.6486
37000000	80000000	1386.4991
38000000	80000000	1824.066
39000000	80000000	1804.9124
40000000	80000000	2102.496
41000000	80000000	1714.3774
42000000	80000000	2281.851
43000000	80000000	1235.3115
44000000	80000000	675.1968
45000000	80000000	1381.382
46000000	80000000	2373.0942
47000000	80000000	1885.1924
48000000	80000000	2913.0315
49000000	80000000	3406.9644
50000000	80000000	2470.3818
51000000	80000000	3095.0447
52000000	80000000	3388.1736
53000000	80000000	3752.4236
54000000	80000000	3634.6782
55000000	80000000	2608.0854
56000000	80000000	2096.291
57000000	80000000	2062.261
58000000	80000000	764.8733
61000000	80000000	1836.6449
62000000	80000000	3263.439
63000000	80000000	3458.1233
64000000	80000000	3701.1963
65000000	80000000	3383.5635
66000000	80000000	2874.4448
67000000	80000000	4886.623
68000000	80000000	5137.786
69000000	80000000	4868.7524
70000000	80000000	5435.547
71000000	80000000	6071.2827
72000000	80000000	3037.6733
73000000	80000000	2179.262
74000000	80000000	839.13007
75000000	80000000	3032.0356
76000000	80000000	5345.7236
77000000	80000000	15137.848
78000000	80000000	36261.0
79000000	80000000	105653.45
80000000	80000000	457083.62
0	81000000	664.8552
1000000	81000000	567.17993
2000000	81000000	943.3563
3000000	81000000	881.1969
4000000	81000000	723.1606
5000000	81000000	833.5968
6000000	81000000	962.7597
7000000	81000000	1452.7443
8000000	81000000	1420.113
9000000	81000000	1120.2102
10000000	81000000	1102.6877
11000000	81000000	1293.0369
12000000	81000000	1205.7799
13000000	81000000	1100.7262
14000000	81000000	1169.4397
15000000	81000000	1324.6847
16000000	81000000	1320.7333
17000000	81000000	1754.7015
18000000	81000000	1525.4014
19000000	81000000	1457.3253
20000000	81000000	2035.0646
21000000	81000000	1670.7719
22000000	81000000	1445.6102
23000000	81000000	1406.1252
24000000	81000000	1483.3296
25000000	81000000	1204.0813
26000000	81000000	1077.7456
27000000	81000000	1122.6493
28000000	81000000	1493.5265
29000000	81000000	1332.4237
30000000	81000000	1587.7919
31000000	81000000	1271.5696
32000000	81000000	1523.4268
33000000	81000000	1782.2103
34000000	81000000	1873.0322
35000000	81000000	1796.01
36000000	81000000	1681.3998
37000000	81000000	1919.6864
38000000	81000000	1918.2391
39000000	81000000	1817.7196
40000000	81000000	1810.3584
41000000	81000000	1863.9144
42000000	81000000	1462.1544
43000000	81000000	1984.3174
44000000	81000000	1122.5319
45000000	81000000	1257.8784
46000000	81000000	1744.2576
47000000	81000000	1574.677
48000000	81000000	1921.0249
49000000	81000000	2164.731
50000000	81000000	2500.805
51000000	81000000	1527.8998
52000000	81000000	1698.7969
53000000	81000000	1669.7871
54000000	81000000	2039.5127
55000000	81000000	2660.0615
56000000	81000000	1634.5833
57000000	81000000	1065.4073
58000000	81000000	223.78561
61000000	81000000	933.9625
62000000	81000000	1745.8087
63000000	81000000	2559.5376
64000000	81000000	4077.1643
65000000	81000000	4284.482
66000000	81000000	3818.0798
67000000	81000000	2479.957
68000000	81000000	2941.7341
69000000	81000000	5346.8867
70000000	81000000	4077.7676
71000000	81000000	3334.6958
72000000	81000000	3611.6619
73000000	81000000	2621.7612
74000000	81000000	1616.796
75000000	81000000	3602.626
76000000	81000000	7820.7993
77000000	81000000	14672.923
78000000	81000000	16287.877
79000000	81000000	29437.477
80000000	81000000	89979.7
81000000	81000000	483103.88
0	82000000	460.38644
1000000	82000000	449.22043
2000000	82000000	541.0601
3000000	82000000	918.19495
4000000	82000000	673.61835
5000000	82000000	476.8732
6000000	82000000	603.2228
7000000	82000000	897.641
8000000	82000000	1254.7263
9000000	82000000	1661.5125
10000000	82000000	1393.0283
11000000	82000000	1538.6128
12000000	82000000	1510.3904
13000000	82000000	1609.4572
14000000	82000000	1598.408
15000000	82000000	1782.5154
16000000	82000000	1780.858
17000000	82000000	1415.1176
18000000	82000000	1803.7709
19000000	82000000	1861.6847
20000000	82000000	1579.8033
21000000	82000000	1387.864
22000000	82000000	1040.9098
23000000	82000000	1005.0409
24000000	82000000	1152.2855
25000000	82000000	1058.9144
26000000	82000000	846.13214
27000000	82000000	1120.3763
28000000	82000000	1199.5939
29000000	82000000	1398.6196
30000000	82000000	1090.7084
31000000	82000000	1598.0327
32000000	82000000	1527.6445
33000000	82000000	1869.0299
34000000	82000000	2006.699
35000000	82000000	1564.4447
36000000	82000000	1376.2906
37000000	82000000	1409.8906
38000000	82000000	1736.0165
39000000	82000000	1738.8864
40000000	82000000	1766.4033
41000000	82000000	1594.0698
42000000	82000000	1785.7852
43000000	82000000	1231.4445
44000000	82000000	728.6247
45000000	82000000	1136.1403
46000000	82000000	1868.2804
47000000	82000000	1557.428
48000000	82000000	2346.5276
49000000	82000000	2829.9087
50000000	82000000	2219.1099
51000000	82000000	2206.3154
52000000	82000000	2499.332
53000000	82000000	2666.293
54000000	82000000	2762.3794
55000000	82000000	2322.3674
56000000	82000000	1529.586
57000000	82000000	1318.2064
58000000	82000000	353.85156
61000000	82000000	1274.1155
62000000	82000000	2103.6016
63000000	82000000	2609.3582
64000000	82000000	3092.8147
65000000	82000000	3320.674
66000000	82000000	2635.7559
67000000	82000000	3151.4673
68000000	82000000	3415.0352
69000000	82000000	4106.1284
70000000	82000000	3963.8257
71000000	82000000	3811.8662
72000000	82000000	2599.0493
73000000	82000000	1941.9105
74000000	82000000	918.05817
75000000	82000000	2671.6287
76000000	82000000	4603.831
77000000	82000000	10274.23
78000000	82000000	19531.068
79000000	82000000	30036.72
80000000	82000000	54900.457
81000000	82000000	140229.7
82000000	82000000	419975.8
0	83000000	480.91193
1000000	83000000	413.4854
2000000	83000000	556.7792
3000000	83000000	829.9304
4000000	83000000	607.82983
5000000	83000000	528.88745
6000000	83000000	606.8976
7000000	83000000	997.48016
8000000	83000000	1222.5588
9000000	83000000	1469.0248
10000000	83000000	1278.8037
11000000	83000000	1416.8109
12000000	83000000	1297.3748
13000000	83000000	1328.5073
14000000	83000000	1414.0344
15000000	83000000	1429.5836
16000000	83000000	1529.386
17000000	83000000	1419.0803
18000000	83000000	1658.8384
19000000	83000000	1732.1028
20000000	83000000	1606.0872
21000000	83000000	1448.8638
22000000	83000000	1080.5001
23000000	83000000	1016.40704
24000000	83000000	1186.0574
25000000	83000000	981.1367
26000000	83000000	834.6291
27000000	83000000	951.6924
28000000	83000000	1250.5463
29000000	83000000	1218.0579
30000000	83000000	1072.9973
31000000	83000000	1410.4056
32000000	83000000	1401.1427
33000000	83000000	1776.4792
34000000	83000000	1635.0762
35000000	83000000	1439.5062
36000000	83000000	1365.251
37000000	83000000	1475.5228
38000000	83000000	1662.5193
39000000	83000000	1601.534
40000000	83000000	1610.6057
41000000	83000000	1460.1075
42000000	83000000	1603.9514
43000000	83000000	1284.3378
44000000	83000000	729.0352
45000000	83000000	1118.4042
46000000	83000000	1617.1592
47000000	83000000	1364.406
48000000	83000000	2088.6768
49000000	83000000	2448.6904
50000000	83000000	2046.752
51000000	83000000	1757.9857
52000000	83000000	2130.0645
53000000	83000000	2222.6394
54000000	83000000	2209.946
55000000	83000000	2237.2888
56000000	83000000	1474.1484
57000000	83000000	1157.5508
58000000	83000000	376.33044
61000000	83000000	1172.2805
62000000	83000000	1924.0227
63000000	83000000	2417.4055
64000000	83000000	3202.8474
65000000	83000000	3340.9678
66000000	83000000	2753.7954
67000000	83000000	2627.69
68000000	83000000	3017.1255
69000000	83000000	4091.9968
70000000	83000000	3473.8616
71000000	83000000	3254.7498
72000000	83000000	2506.3137
73000000	83000000	1771.4335
74000000	83000000	947.87164
75000000	83000000	2373.7695
76000000	83000000	4333.2217
77000000	83000000	8256.448
78000000	83000000	12485.881
79000000	83000000	15438.509
80000000	83000000	19555.256
81000000	83000000	24310.22
82000000	83000000	76916.6
83000000	83000000	450046.16
0	84000000	407.036
1000000	84000000	387.2219
2000000	84000000	422.6394
3000000	84000000	868.5682
4000000	84000000	601.65186
5000000	84000000	421.18704
6000000	84000000	491.03134
7000000	84000000	828.0559
8000000	84000000	1106.1096
9000000	84000000	1544.465
10000000	84000000	1429.6339
11000000	84000000	1399.7427
12000000	84000000	1412.957
13000000	84000000	1425.1243
14000000	84000000	1441.1001
15000000	84000000	1721.1445
16000000	84000000	1605.9293
17000000	84000000	1172.4496
18000000	84000000	1690.4991
19000000	84000000	1798.5692
20000000	84000000	1320.0385
21000000	84000000	1302.6661
22000000	84000000	998.8986
23000000	84000000	819.46606
24000000	84000000	1043.3239
25000000	84000000	961.94086
26000000	84000000	725.4224
27000000	84000000	976.18097
28000000	84000000	1062.4355
29000000	84000000	1188.6482
30000000	84000000	890.3894
31000000	84000000	1334.042
32000000	84000000	1358.2018
33000000	84000000	1781.3446
34000000	84000000	1720.4414
35000000	84000000	1333.349
36000000	84000000	1309.096
37000000	84000000	1220.5562
38000000	84000000	1576.3328
39000000	84000000	1502.5956
40000000	84000000	1556.835
41000000	84000000	1283.0647
42000000	84000000	1686.6448
43000000	84000000	1049.5609
44000000	84000000	562.31256
45000000	84000000	1044.6238
46000000	84000000	1676.729
47000000	84000000	1367.8575
48000000	84000000	2026.3176
49000000	84000000	2458.7495
50000000	84000000	1808.7177
51000000	84000000	1827.7478
52000000	84000000	2208.6848
53000000	84000000	2380.5059
54000000	84000000	2336.2917
55000000	84000000	1849.7258
56000000	84000000	1440.8352
57000000	84000000	1119.2397
58000000	84000000	283.29193
61000000	84000000	1188.9525
62000000	84000000	2166.0208
63000000	84000000	2412.7424
64000000	84000000	2638.7727
65000000	84000000	2736.1528
66000000	84000000	2053.4417
67000000	84000000	2722.5674
68000000	84000000	2841.767
69000000	84000000	3386.3591
70000000	84000000	3022.518
71000000	84000000	3075.2046
72000000	84000000	1947.7687
73000000	84000000	1485.4473
74000000	84000000	642.1802
75000000	84000000	1984.5101
76000000	84000000	3229.7712
77000000	84000000	6510.223
78000000	84000000	12054.416
79000000	84000000	14138.21
80000000	84000000	15615.877
81000000	84000000	13628.588
82000000	84000000	32485.191
83000000	84000000	137558.94
84000000	84000000	449005.0
0	85000000	404.91858
1000000	85000000	368.00748
2000000	85000000	358.03418
3000000	85000000	874.9249
4000000	85000000	601.86945
5000000	85000000	373.0938
6000000	85000000	433.87952
7000000	85000000	766.05316
8000000	85000000	1173.5963
9000000	85000000	1613.687
10000000	85000000	1398.0127
11000000	85000000	1307.2494
12000000	85000000	1434.7633
13000000	85000000	1557.6925
14000000	85000000	1530.3104
15000000	85000000	1637.0881
16000000	85000000	1681.6376
17000000	85000000	1103.1311
18000000	85000000	1548.881
19000000	85000000	1683.631
20000000	85000000	1231.4043
21000000	85000000	1239.4371
22000000	85000000	854.29254
23000000	85000000	828.17267
24000000	85000000	897.2243
25000000	85000000	873.43835
26000000	85000000	694.46265
27000000	85000000	911.3568
28000000	85000000	947.438
29000000	85000000	1174.0548
30000000	85000000	750.6351
31000000	85000000	1445.5376
32000000	85000000	1361.5796
33000000	85000000	1709.6818
34000000	85000000	1784.6632
35000000	85000000	1316.9155
36000000	85000000	1169.0254
37000000	85000000	1084.9276
38000000	85000000	1430.8447
39000000	85000000	1338.2756
40000000	85000000	1623.5691
41000000	85000000	1261.919
42000000	85000000	1629.503
43000000	85000000	885.28284
44000000	85000000	527.5287
45000000	85000000	984.17346
46000000	85000000	1701.4567
47000000	85000000	1268.4135
48000000	85000000	2121.0825
49000000	85000000	2638.6929
50000000	85000000	1679.9578
51000000	85000000	2034.2345
52000000	85000000	2336.104
53000000	85000000	2636.6296
54000000	85000000	2593.6445
55000000	85000000	1787.3568
56000000	85000000	1389.8241
57000000	85000000	1184.9073
58000000	85000000	410.4333
61000000	85000000	1251.017
62000000	85000000	2186.2156
63000000	85000000	2617.9893
64000000	85000000	2724.2505
65000000	85000000	2449.152
66000000	85000000	1855.6322
67000000	85000000	2805.0723
68000000	85000000	2886.5764
69000000	85000000	2916.1367
70000000	85000000	3009.7566
71000000	85000000	3196.2332
72000000	85000000	1679.3905
73000000	85000000	1340.8756
74000000	85000000	559.63336
75000000	85000000	1775.9886
76000000	85000000	2706.4065
77000000	85000000	5982.9023
78000000	85000000	12155.838
79000000	85000000	14276.085
80000000	85000000	14486.731
81000000	85000000	11160.523
82000000	85000000	25053.074
83000000	85000000	50223.34
84000000	85000000	120882.74
85000000	85000000	451571.16
0	86000000	605.2519
1000000	86000000	559.9385
2000000	86000000	755.90137
3000000	86000000	919.0907
4000000	86000000	715.6761
5000000	86000000	754.4735
6000000	86000000	852.0204
7000000	86000000	1116.5398
8000000	86000000	1230.9215
9000000	86000000	1315.4225
10000000	86000000	1177.8254
11000000	86000000	1406.1368
12000000	86000000	1377.0981
13000000	86000000	1226.2614
14000000	86000000	1160.3472
15000000	86000000	1292.0364
16000000	86000000	1336.9164
17000000	86000000	1467.3716
18000000	86000000	1426.8354
19000000	86000000	1355.8518
20000000	86000000	1427.605
21000000	86000000	1330.5618
22000000	86000000	1264.5754
23000000	86000000	1205.9612
24000000	86000000	1227.61
25000000	86000000	994.4545
26000000	86000000	963.43945
27000000	86000000	947.81525
28000000	86000000	1104.3402
29000000	86000000	1073.7136
30000000	86000000	1291.2136
31000000	86000000	1225.046
32000000	86000000	1420.5663
33000000	86000000	1575.0874
34000000	86000000	1466.7598
35000000	86000000	1583.146
36000000	86000000	1309.8707
37000000	86000000	1506.0457
38000000	86000000	1582.9772
39000000	86000000	1442.6665
40000000	86000000	1409.9677
41000000	86000000	1385.9932
42000000	86000000	1414.1477
43000000	86000000	1390.745
44000000	86000000	964.80554
45000000	86000000	1176.6532
46000000	86000000	1363.8347
47000000	86000000	1448.7643
48000000	86000000	1938.1349
49000000	86000000	2154.918
50000000	86000000	2119.2676
51000000	86000000	1540.9137
52000000	86000000	1688.3241
53000000	86000000	1758.0414
54000000	86000000	1925.9355
55000000	86000000	2179.6707
56000000	86000000	1508.7845
57000000	86000000	1088.6656
58000000	86000000	315.7539
61000000	86000000	898.97345
62000000	86000000	1714.4326
63000000	86000000	2110.4268
64000000	86000000	3052.4387
65000000	86000000	3510.6904
66000000	86000000	2837.7935
67000000	86000000	1950.1094
68000000	86000000	2363.652
69000000	86000000	3322.8047
70000000	86000000	2708.0867
71000000	86000000	2560.5295
72000000	86000000	2762.4902
73000000	86000000	2056.8594
74000000	86000000	1231.8121
75000000	86000000	2780.184
76000000	86000000	4343.442
77000000	86000000	7501.297
78000000	86000000	8715.348
79000000	86000000	9275.278
80000000	86000000	9935.543
81000000	86000000	10399.796
82000000	86000000	14841.753
83000000	86000000	24510.432
84000000	86000000	31343.094
85000000	86000000	92991.086
86000000	86000000	462431.25
0	87000000	702.2506
1000000	87000000	723.755
2000000	87000000	1024.3868
3000000	87000000	779.88666
4000000	87000000	746.3494
5000000	87000000	1041.4373
6000000	87000000	1287.4122
7000000	87000000	1384.3047
8000000	87000000	1322.4331
9000000	87000000	1048.9597
10000000	87000000	1080.6875
11000000	87000000	1316.7631
12000000	87000000	1162.3137
13000000	87000000	971.19806
14000000	87000000	1089.0573
15000000	87000000	1107.5043
16000000	87000000	1167.2996
17000000	87000000	1642.4297
18000000	87000000	1297.0182
19000000	87000000	1128.111
20000000	87000000	1591.5404
21000000	87000000	1401.1165
22000000	87000000	1417.722
23000000	87000000	1540.2087
24000000	87000000	1379.1334
25000000	87000000	1077.2782
26000000	87000000	1130.2882
27000000	87000000	1024.7166
28000000	87000000	1284.0746
29000000	87000000	1044.7659
30000000	87000000	1581.5448
31000000	87000000	1001.01355
32000000	87000000	1363.502
33000000	87000000	1399.4814
34000000	87000000	1202.0543
35000000	87000000	1556.2623
36000000	87000000	1393.6709
37000000	87000000	1840.5956
38000000	87000000	1726.2156
39000000	87000000	1593.4243
40000000	87000000	1390.454
41000000	87000000	1506.4615
42000000	87000000	1180.8145
43000000	87000000	1852.3062
44000000	87000000	1371.3274
45000000	87000000	1230.376
46000000	87000000	1286.6768
47000000	87000000	1391.3828
48000000	87000000	1614.7183
49000000	87000000	1531.1439
50000000	87000000	1961.0029
51000000	87000000	1141.0685
52000000	87000000	1273.3276
53000000	87000000	1205.4257
54000000	87000000	1571.5288
55000000	87000000	2280.3477
56000000	87000000	1470.1866
57000000	87000000	838.7266
58000000	87000000	219.29782
61000000	87000000	705.82306
62000000	87000000	1309.702
63000000	87000000	1945.073
64000000	87000000	3415.534
65000000	87000000	4261.0054
66000000	87000000	3592.2334
67000000	87000000	1532.4294
68000000	87000000	1866.4154
69000000	87000000	3606.01
70000000	87000000	2470.3103
71000000	87000000	2082.859
72000000	87000000	3482.2656
73000000	87000000	2455.309
74000000	87000000	1522.2665
75000000	87000000	3475.5293
76000000	87000000	5291.865
77000000	87000000	8511.067
78000000	87000000	6257.9927
79000000	87000000	6718.285
80000000	87000000	7079.625
81000000	87000000	11101.385
82000000	87000000	10594.213
83000000	87000000	15453.214
84000000	87000000	15578.956
85000000	87000000	24687.424
86000000	87000000	116495.81
87000000	87000000	466346.66
0	88000000	509.69305
1000000	88000000	399.62518
2000000	88000000	444.22058
3000000	88000000	883.72375
4000000	88000000	676.013
5000000	88000000	435.82556
6000000	88000000	481.76276
7000000	88000000	810.41425
8000000	88000000	1091.9716
9000000	88000000	1473.8477
10000000	88000000	1333.2126
11000000	88000000	1358.7926
12000000	88000000	1314.0925
13000000	88000000	1360.3534
14000000	88000000	1480.2621
15000000	88000000	1586.2228
16000000	88000000	1607.627
17000000	88000000	1251.0426
18000000	88000000	1300.7628
19000000	88000000	1503.6781
20000000	88000000	1129.3043
21000000	88000000	1127.9098
22000000	88000000	800.20123
23000000	88000000	741.7409
24000000	88000000	875.02264
25000000	88000000	824.48505
26000000	88000000	659.1928
27000000	88000000	774.11145
28000000	88000000	880.60944
29000000	88000000	997.4178
30000000	88000000	802.22546
31000000	88000000	1216.8605
32000000	88000000	1170.8337
33000000	88000000	1512.7513
34000000	88000000	1602.7738
35000000	88000000	1184.8986
36000000	88000000	992.1215
37000000	88000000	985.1835
38000000	88000000	1247.903
39000000	88000000	1229.2637
40000000	88000000	1429.0029
41000000	88000000	1319.0087
42000000	88000000	1473.7429
43000000	88000000	942.528
44000000	88000000	516.8017
45000000	88000000	960.1508
46000000	88000000	1637.738
47000000	88000000	1217.3109
48000000	88000000	1794.9844
49000000	88000000	2238.8264
50000000	88000000	1611.6475
51000000	88000000	1737.869
52000000	88000000	2145.9827
53000000	88000000	2307.353
54000000	88000000	2253.3118
55000000	88000000	1765.2181
56000000	88000000	1455.8158
57000000	88000000	1283.3296
58000000	88000000	445.11417
61000000	88000000	1117.3035
62000000	88000000	2202.4236
63000000	88000000	2730.6143
64000000	88000000	2899.0725
65000000	88000000	2333.2026
66000000	88000000	1972.8639
67000000	88000000	2421.1196
68000000	88000000	2559.4937
69000000	88000000	2605.3855
70000000	88000000	2703.9858
71000000	88000000	2859.1013
72000000	88000000	1728.2115
73000000	88000000	1318.4038
74000000	88000000	676.83636
75000000	88000000	1609.8383
76000000	88000000	2401.9607
77000000	88000000	5154.598
78000000	88000000	8839.562
79000000	88000000	9818.299
80000000	88000000	9795.77
81000000	88000000	8373.011
82000000	88000000	12015.3545
83000000	88000000	13649.691
84000000	88000000	15378.051
85000000	88000000	23583.65
86000000	88000000	30699.89
87000000	88000000	88805.14
88000000	88000000	469698.88
0	89000000	432.22415
1000000	89000000	407.93204
2000000	89000000	491.83096
3000000	89000000	861.8787
4000000	89000000	690.75555
5000000	89000000	481.77676
6000000	89000000	515.69293
7000000	89000000	837.5007
8000000	89000000	1117.588
9000000	89000000	1557.6483
10000000	89000000	1283.9562
11000000	89000000	1298.2289
12000000	89000000	1330.9825
13000000	89000000	1404.8939
14000000	89000000	1350.7863
15000000	89000000	1586.2559
16000000	89000000	1523.2574
17000000	89000000	1179.6726
18000000	89000000	1367.6792
19000000	89000000	1424.5901
20000000	89000000	1239.712
21000000	89000000	1104.719
22000000	89000000	824.2635
23000000	89000000	753.80273
24000000	89000000	833.93414
25000000	89000000	854.1549
26000000	89000000	656.81976
27000000	89000000	806.596
28000000	89000000	895.2255
29000000	89000000	1032.1964
30000000	89000000	868.26447
31000000	89000000	1272.9113
32000000	89000000	1155.6776
33000000	89000000	1462.2927
34000000	89000000	1598.9102
35000000	89000000	1239.5302
36000000	89000000	1025.6211
37000000	89000000	973.0252
38000000	89000000	1217.8723
39000000	89000000	1274.4257
40000000	89000000	1377.6865
41000000	89000000	1367.9082
42000000	89000000	1394.1024
43000000	89000000	997.66754
44000000	89000000	644.2548
45000000	89000000	1000.16406
46000000	89000000	1632.2976
47000000	89000000	1241.0647
48000000	89000000	1861.6036
49000000	89000000	2152.196
50000000	89000000	1690.7667
51000000	89000000	1804.739
52000000	89000000	2044.649
53000000	89000000	2113.8936
54000000	89000000	2259.4436
55000000	89000000	1785.5472
56000000	89000000	1508.7881
57000000	89000000	1231.4838
58000000	89000000	401.9612
61000000	89000000	1143.5142
62000000	89000000	2031.0599
63000000	89000000	2601.3528
64000000	89000000	2609.0107
65000000	89000000	2414.7246
66000000	89000000	1971.0428
67000000	89000000	2379.3435
68000000	89000000	2525.6423
69000000	89000000	2586.9504
70000000	89000000	2525.0017
71000000	89000000	2870.9834
72000000	89000000	1838.8563
73000000	89000000	1383.7395
74000000	89000000	721.1332
75000000	89000000	1747.9824
76000000	89000000	2564.805
77000000	89000000	5257.062
78000000	89000000	9035.272
79000000	89000000	9583.646
80000000	89000000	9347.778
81000000	89000000	7656.5537
82000000	89000000	11248.408
83000000	89000000	11944.073
84000000	89000000	13461.281
85000000	89000000	19078.9
86000000	89000000	22008.695
87000000	89000000	37166.668
88000000	89000000	128873.44
89000000	89000000	444159.03
0	90000000	675.064
1000000	90000000	682.8888
2000000	90000000	890.11694
3000000	90000000	772.09564
4000000	90000000	721.7815
5000000	90000000	835.8681
6000000	90000000	1087.0076
7000000	90000000	1243.0039
8000000	90000000	1227.9601
9000000	90000000	1028.9487
10000000	90000000	1081.8599
11000000	90000000	1308.4423
12000000	90000000	1282.2418
13000000	90000000	1054.5317
14000000	90000000	1150.5868
15000000	90000000	1169.8851
16000000	90000000	1203.1893
17000000	90000000	1679.0507
18000000	90000000	1221.8179
19000000	90000000	1131.4292
20000000	90000000	1439.1857
21000000	90000000	1348.1381
22000000	90000000	1363.3448
23000000	90000000	1357.7319
24000000	90000000	1332.2236
25000000	90000000	1048.5898
26000000	90000000	1004.5204
27000000	90000000	1034.7711
28000000	90000000	1282.011
29000000	90000000	1102.041
30000000	90000000	1508.4921
31000000	90000000	1212.0593
32000000	90000000	1404.0627
33000000	90000000	1440.0072
34000000	90000000	1318.3248
35000000	90000000	1531.3693
36000000	90000000	1430.641
37000000	90000000	1686.8851
38000000	90000000	1591.0391
39000000	90000000	1512.294
40000000	90000000	1436.76
41000000	90000000	1369.5305
42000000	90000000	1265.2734
43000000	90000000	1616.0092
44000000	90000000	1087.3109
45000000	90000000	1257.0747
46000000	90000000	1385.8289
47000000	90000000	1680.264
48000000	90000000	1755.9396
49000000	90000000	1746.3779
50000000	90000000	2066.622
51000000	90000000	1344.7439
52000000	90000000	1338.6876
53000000	90000000	1228.1919
54000000	90000000	1526.1956
55000000	90000000	2072.2957
56000000	90000000	1333.8184
57000000	90000000	846.9069
58000000	90000000	215.92198
61000000	90000000	690.35535
62000000	90000000	1280.8275
63000000	90000000	1713.0315
64000000	90000000	2889.5298
65000000	90000000	3583.3862
66000000	90000000	2936.26
67000000	90000000	1504.6897
68000000	90000000	1777.4067
69000000	90000000	3308.9785
70000000	90000000	2392.7393
71000000	90000000	1968.2585
72000000	90000000	2826.9329
73000000	90000000	2095.3137
74000000	90000000	1178.7697
75000000	90000000	2900.5676
76000000	90000000	4126.392
77000000	90000000	7421.716
78000000	90000000	6302.52
79000000	90000000	6370.64
80000000	90000000	6534.781
81000000	90000000	8753.262
82000000	90000000	7950.053
83000000	90000000	10071.114
84000000	90000000	9414.769
85000000	90000000	10373.802
86000000	90000000	16012.461
87000000	90000000	26748.404
88000000	90000000	35191.27
89000000	90000000	102261.625
90000000	90000000	454402.75
0	91000000	714.63293
1000000	91000000	752.9621
2000000	91000000	997.3901
3000000	91000000	856.2309
4000000	91000000	792.16113
5000000	91000000	1040.801
6000000	91000000	1337.3505
7000000	91000000	1209.982
8000000	91000000	1201.4208
9000000	91000000	1134.675
10000000	91000000	1101.6073
11000000	91000000	1330.6626
12000000	91000000	1245.5573
13000000	91000000	1155.7299
14000000	91000000	1236.4769
15000000	91000000	1209.3645
16000000	91000000	1300.5625
17000000	91000000	1455.6581
18000000	91000000	1204.3049
19000000	91000000	1084.2789
20000000	91000000	1235.906
21000000	91000000	1276.0807
22000000	91000000	1407.926
23000000	91000000	1435.151
24000000	91000000	1359.4495
25000000	91000000	1191.8293
26000000	91000000	1157.3109
27000000	91000000	1251.3647
28000000	91000000	1226.1316
29000000	91000000	1279.7117
30000000	91000000	1626.6078
31000000	91000000	1339.5876
32000000	91000000	1457.5829
33000000	91000000	1462.3593
34000000	91000000	1362.1554
35000000	91000000	1516.2749
36000000	91000000	1552.6705
37000000	91000000	1564.3914
38000000	91000000	1644.2812
39000000	91000000	1494.9042
40000000	91000000	1410.7969
41000000	91000000	1292.0402
42000000	91000000	1310.9183
43000000	91000000	1530.7192
44000000	91000000	1380.68
45000000	91000000	1375.2985
46000000	91000000	1433.9167
47000000	91000000	1480.732
48000000	91000000	1700.9473
49000000	91000000	1757.0566
50000000	91000000	1936.5282
51000000	91000000	1487.6836
52000000	91000000	1410.6111
53000000	91000000	1385.4797
54000000	91000000	1641.7058
55000000	91000000	1918.3994
56000000	91000000	1437.8733
57000000	91000000	978.277
58000000	91000000	341.21475
61000000	91000000	770.0268
62000000	91000000	1429.4005
63000000	91000000	1599.707
64000000	91000000	2607.2034
65000000	91000000	3825.1
66000000	91000000	3125.3425
67000000	91000000	1799.7548
68000000	91000000	1868.068
69000000	91000000	2893.9932
70000000	91000000	2200.746
71000000	91000000	2326.8772
72000000	91000000	3398.862
73000000	91000000	2548.7634
74000000	91000000	1438.9714
75000000	91000000	3548.86
76000000	91000000	4223.501
77000000	91000000	7460.975
78000000	91000000	6578.302
79000000	91000000	6821.339
80000000	91000000	6710.1113
81000000	91000000	6986.414
82000000	91000000	7563.1396
83000000	91000000	8931.288
84000000	91000000	8728.283
85000000	91000000	10210.186
86000000	91000000	12310.096
87000000	91000000	16290.68
88000000	91000000	20520.584
89000000	91000000	34588.703
90000000	91000000	106750.42
91000000	91000000	439021.97
0	92000000	755.99927
1000000	92000000	871.06744
2000000	92000000	1128.455
3000000	92000000	671.998
4000000	92000000	667.08496
5000000	92000000	1178.7863
6000000	92000000	1580.4813
7000000	92000000	1539.2362
8000000	92000000	1271.094
9000000	92000000	796.834
10000000	92000000	878.52496
11000000	92000000	1206.6094
12000000	92000000	1073.0562
13000000	92000000	847.3163
14000000	92000000	972.1459
15000000	92000000	991.28094
16000000	92000000	956.2793
17000000	92000000	1722.9666
18000000	92000000	1082.183
19000000	92000000	904.51324
20000000	92000000	1530.3082
21000000	92000000	1376.9747
22000000	92000000	1503.2979
23000000	92000000	1679.8057
24000000	92000000	1388.1642
25000000	92000000	1096.7965
26000000	92000000	1204.1388
27000000	92000000	1078.9031
28000000	92000000	1403.632
29000000	92000000	1094.4365
30000000	92000000	1836.7017
31000000	92000000	950.9535
32000000	92000000	1243.6649
33000000	92000000	1243.2668
34000000	92000000	1118.0801
35000000	92000000	1481.3777
36000000	92000000	1481.7552
37000000	92000000	1822.6559
38000000	92000000	1636.1343
39000000	92000000	1464.0171
40000000	92000000	1224.1853
41000000	92000000	1350.3533
42000000	92000000	939.9143
43000000	92000000	1838.1066
44000000	92000000	1557.6877
45000000	92000000	1263.1877
46000000	92000000	1155.4882
47000000	92000000	1462.4154
48000000	92000000	1340.6085
49000000	92000000	1251.3728
50000000	92000000	1931.4288
51000000	92000000	928.08655
52000000	92000000	888.92163
53000000	92000000	865.0323
54000000	92000000	1126.0466
55000000	92000000	1925.4999
56000000	92000000	1230.3381
57000000	92000000	617.7784
58000000	92000000	97.32187
61000000	92000000	611.5367
62000000	92000000	1073.5098
63000000	92000000	1539.138
64000000	92000000	2788.6335
65000000	92000000	3730.2532
66000000	92000000	3266.8083
67000000	92000000	990.8591
68000000	92000000	1303.4657
69000000	92000000	2837.007
70000000	92000000	1816.2859
71000000	92000000	1443.9585
72000000	92000000	3241.8765
73000000	92000000	2606.5962
74000000	92000000	1553.3292
75000000	92000000	3563.4055
76000000	92000000	5042.543
77000000	92000000	7340.4424
78000000	92000000	4255.9756
79000000	92000000	4347.1626
80000000	92000000	4574.89
81000000	92000000	8696.438
82000000	92000000	6218.6147
83000000	92000000	7892.872
84000000	92000000	6455.713
85000000	92000000	6254.4805
86000000	92000000	9916.737
87000000	92000000	14394.687
88000000	92000000	10588.562
89000000	92000000	14756.415
90000000	92000000	35249.926
91000000	92000000	109105.25
92000000	92000000	505523.03
0	93000000	508.94675
1000000	93000000	487.59985
2000000	93000000	607.89417
3000000	93000000	721.28143
4000000	93000000	632.1433
5000000	93000000	593.79193
6000000	93000000	683.2409
7000000	93000000	939.1785
8000000	93000000	1245.6965
9000000	93000000	1382.2325
10000000	93000000	1304.12
11000000	93000000	1425.0564
12000000	93000000	1427.1205
13000000	93000000	1327.7966
14000000	93000000	1319.7523
15000000	93000000	1448.1108
16000000	93000000	1443.0591
17000000	93000000	1201.0774
18000000	93000000	1269.1968
19000000	93000000	1263.9105
20000000	93000000	1311.9679
21000000	93000000	1225.5967
22000000	93000000	1048.2201
23000000	93000000	916.3831
24000000	93000000	1088.7684
25000000	93000000	1046.4412
26000000	93000000	930.76337
27000000	93000000	1098.5599
28000000	93000000	1287.8053
29000000	93000000	1363.1318
30000000	93000000	1088.3182
31000000	93000000	1310.8583
32000000	93000000	1297.4374
33000000	93000000	1440.1289
34000000	93000000	1206.5924
35000000	93000000	1223.3473
36000000	93000000	1288.353
37000000	93000000	1237.8507
38000000	93000000	1440.1642
39000000	93000000	1382.9796
40000000	93000000	1290.9193
41000000	93000000	1142.5135
42000000	93000000	1295.822
43000000	93000000	1026.2297
44000000	93000000	742.28107
45000000	93000000	1037.5808
46000000	93000000	1304.5712
47000000	93000000	1351.2761
48000000	93000000	1725.1211
49000000	93000000	2031.3583
50000000	93000000	1731.4154
51000000	93000000	1449.6018
52000000	93000000	1453.038
53000000	93000000	1607.4077
54000000	93000000	1787.3025
55000000	93000000	1810.2551
56000000	93000000	1118.6895
57000000	93000000	821.83057
58000000	93000000	265.4708
61000000	93000000	679.02
62000000	93000000	1317.6447
63000000	93000000	1550.0172
64000000	93000000	2045.9265
65000000	93000000	2458.4531
66000000	93000000	2008.2247
67000000	93000000	1553.0437
68000000	93000000	1828.0326
69000000	93000000	2867.5833
70000000	93000000	2208.8833
71000000	93000000	1972.5967
72000000	93000000	1869.7577
73000000	93000000	1630.6041
74000000	93000000	697.4404
75000000	93000000	2028.3151
76000000	93000000	2459.7202
77000000	93000000	5162.7773
78000000	93000000	7841.9473
79000000	93000000	7499.9624
80000000	93000000	7246.5957
81000000	93000000	6291.4165
82000000	93000000	8052.762
83000000	93000000	8388.821
84000000	93000000	8729.041
85000000	93000000	9750.374
86000000	93000000	8902.25
87000000	93000000	8800.56
88000000	93000000	12716.6
89000000	93000000	15273.725
90000000	93000000	17504.236
91000000	93000000	26627.422
92000000	93000000	74191.516
93000000	93000000	482899.16
0	94000000	539.04114
1000000	94000000	480.18274
2000000	94000000	600.8147
3000000	94000000	890.7297
4000000	94000000	668.72034
5000000	94000000	616.76355
6000000	94000000	725.09155
7000000	94000000	889.94617
8000000	94000000	1242.02
9000000	94000000	1513.7789
10000000	94000000	1264.7275
11000000	94000000	1300.5653
12000000	94000000	1375.8036
13000000	94000000	1372.9196
14000000	94000000	1352.681
15000000	94000000	1469.9061
16000000	94000000	1368.282
17000000	94000000	1145.8325
18000000	94000000	1235.8912
19000000	94000000	1338.4952
20000000	94000000	1143.4324
21000000	94000000	1225.8099
22000000	94000000	984.7
23000000	94000000	979.70886
24000000	94000000	1057.0114
25000000	94000000	1082.4547
26000000	94000000	852.33496
27000000	94000000	1036.006
28000000	94000000	1196.3905
29000000	94000000	1218.4414
30000000	94000000	1074.501
31000000	94000000	1311.8789
32000000	94000000	1286.8809
33000000	94000000	1396.0548
34000000	94000000	1474.0364
35000000	94000000	1262.5693
36000000	94000000	1250.4401
37000000	94000000	1208.9758
38000000	94000000	1305.1647
39000000	94000000	1320.4543
40000000	94000000	1367.838
41000000	94000000	1239.3407
42000000	94000000	1389.6787
43000000	94000000	992.7612
44000000	94000000	742.7923
45000000	94000000	1087.5963
46000000	94000000	1456.7974
47000000	94000000	1223.1073
48000000	94000000	1781.1375
49000000	94000000	1900.6757
50000000	94000000	1622.1451
51000000	94000000	1598.8492
52000000	94000000	1685.2023
53000000	94000000	1940.7639
54000000	94000000	1963.9427
55000000	94000000	1771.1552
56000000	94000000	1336.8135
57000000	94000000	1061.444
58000000	94000000	256.37585
61000000	94000000	1005.49414
62000000	94000000	1644.9425
63000000	94000000	1829.9247
64000000	94000000	2328.6152
65000000	94000000	2407.511
66000000	94000000	1956.3575
67000000	94000000	1885.1433
68000000	94000000	2131.5154
69000000	94000000	2761.0044
70000000	94000000	2404.2883
71000000	94000000	2341.02
72000000	94000000	1879.1792
73000000	94000000	1521.3593
74000000	94000000	664.2774
75000000	94000000	1921.6963
76000000	94000000	2597.3657
77000000	94000000	4874.475
78000000	94000000	7198.2324
79000000	94000000	7125.9844
80000000	94000000	6884.153
81000000	94000000	5435.644
82000000	94000000	7209.578
83000000	94000000	7475.318
84000000	94000000	7674.168
85000000	94000000	8774.872
86000000	94000000	8035.856
87000000	94000000	7578.794
88000000	94000000	11095.716
89000000	94000000	12686.298
90000000	94000000	12801.718
91000000	94000000	17457.541
92000000	94000000	28545.412
93000000	94000000	119203.805
94000000	94000000	460411.72
0	95000000	658.88525
1000000	95000000	664.2077
2000000	95000000	799.8733
3000000	95000000	1020.942
4000000	95000000	811.62573
5000000	95000000	732.4862
6000000	95000000	833.2505
7000000	95000000	1074.0479
8000000	95000000	1263.2189
9000000	95000000	1196.2168
10000000	95000000	1098.1262
11000000	95000000	1237.4581
12000000	95000000	1204.3875
13000000	95000000	1104.3986
14000000	95000000	1167.1512
15000000	95000000	1248.1462
16000000	95000000	1254.3225
17000000	95000000	1198.018
18000000	95000000	1197.4469
19000000	95000000	1173.4252
20000000	95000000	1244.7452
21000000	95000000	1195.4991
22000000	95000000	1149.4807
23000000	95000000	1052.3785
24000000	95000000	1220.2354
25000000	95000000	1217.3185
26000000	95000000	997.86664
27000000	95000000	1221.6342
28000000	95000000	1457.8469
29000000	95000000	1469.9252
30000000	95000000	1361.0288
31000000	95000000	1539.4552
32000000	95000000	1455.9009
33000000	95000000	1444.4084
34000000	95000000	1481.3264
35000000	95000000	1395.0977
36000000	95000000	1508.6619
37000000	95000000	1445.939
38000000	95000000	1480.2283
39000000	95000000	1470.9822
40000000	95000000	1403.8403
41000000	95000000	1294.5131
42000000	95000000	1387.7655
43000000	95000000	1262.9609
44000000	95000000	901.9773
45000000	95000000	1301.7646
46000000	95000000	1462.7543
47000000	95000000	1612.1913
48000000	95000000	1780.8287
49000000	95000000	1858.4529
50000000	95000000	1890.9952
51000000	95000000	1642.6862
52000000	95000000	1526.259
53000000	95000000	1605.9508
54000000	95000000	1880.8347
55000000	95000000	2136.9727
56000000	95000000	1378.2574
57000000	95000000	1002.9981
58000000	95000000	164.82147
61000000	95000000	903.3222
62000000	95000000	1442.6544
63000000	95000000	1634.9214
64000000	95000000	2260.6228
65000000	95000000	2876.4707
66000000	95000000	2469.017
67000000	95000000	1859.8018
68000000	95000000	2137.2693
69000000	95000000	3469.3857
70000000	95000000	2752.589
71000000	95000000	2405.313
72000000	95000000	2292.712
73000000	95000000	1696.6024
74000000	95000000	895.82715
75000000	95000000	2183.9536
76000000	95000000	3032.9075
77000000	95000000	5185.381
78000000	95000000	6242.082
79000000	95000000	6199.1777
80000000	95000000	5862.7065
81000000	95000000	5268.5225
82000000	95000000	6143.891
83000000	95000000	6184.224
84000000	95000000	6061.4346
85000000	95000000	7044.613
86000000	95000000	7177.5977
87000000	95000000	7250.0723
88000000	95000000	8688.739
89000000	95000000	9631.57
90000000	95000000	11419.259
91000000	95000000	14010.953
92000000	95000000	18946.703
93000000	95000000	41602.12
94000000	95000000	113392.49
95000000	95000000	402156.56
0	96000000	766.57306
1000000	96000000	694.74677
2000000	96000000	663.76556
3000000	96000000	1320.9355
4000000	96000000	1110.0138
5000000	96000000	772.0036
6000000	96000000	712.63794
7000000	96000000	1027.9873
8000000	96000000	1209.6392
9000000	96000000	1465.8284
10000000	96000000	1255.1895
11000000	96000000	1225.363
12000000	96000000	1207.3634
13000000	96000000	1225.6016
14000000	96000000	1245.1572
15000000	96000000	1345.9465
16000000	96000000	1355.0182
17000000	96000000	1128.7546
18000000	96000000	1181.9021
19000000	96000000	1307.7192
20000000	96000000	1124.4435
21000000	96000000	1240.2882
22000000	96000000	1114.095
23000000	96000000	982.53937
24000000	96000000	1235.8622
25000000	96000000	1337.6993
26000000	96000000	1079.6049
27000000	96000000	1416.7832
28000000	96000000	1410.2706
29000000	96000000	1753.5414
30000000	96000000	1246.4652
31000000	96000000	1775.2708
32000000	96000000	1575.1555
33000000	96000000	1699.416
34000000	96000000	1668.1888
35000000	96000000	1379.3959
36000000	96000000	1509.0782
37000000	96000000	1300.9103
38000000	96000000	1576.4927
39000000	96000000	1484.0956
40000000	96000000	1560.8907
41000000	96000000	1316.5491
42000000	96000000	1717.5171
43000000	96000000	1219.9274
44000000	96000000	847.6772
45000000	96000000	1469.9915
46000000	96000000	1838.7052
47000000	96000000	1757.2151
48000000	96000000	1935.5941
49000000	96000000	2007.9716
50000000	96000000	1912.2555
51000000	96000000	1991.7834
52000000	96000000	2045.5986
53000000	96000000	2036.2515
54000000	96000000	2167.0942
55000000	96000000	2179.0317
56000000	96000000	1731.9342
57000000	96000000	1418.2212
58000000	96000000	412.90854
61000000	96000000	1091.8291
62000000	96000000	1904.1104
63000000	96000000	2006.7208
64000000	96000000	2438.1587
65000000	96000000	2713.5127
66000000	96000000	2410.8057
67000000	96000000	2616.7864
68000000	96000000	2755.3604
69000000	96000000	3294.2705
70000000	96000000	3223.4658
71000000	96000000	3282.4375
72000000	96000000	2248.0754
73000000	96000000	1757.6766
74000000	96000000	650.7613
75000000	96000000	2164.9778
76000000	96000000	2552.6086
77000000	96000000	4704.6675
78000000	96000000	6720.571
79000000	96000000	6385.203
80000000	96000000	6062.2456
81000000	96000000	4326.995
82000000	96000000	5795.405
83000000	96000000	5597.1304
84000000	96000000	6015.4946
85000000	96000000	6851.0884
86000000	96000000	6294.3022
87000000	96000000	5872.142
88000000	96000000	7914.69
89000000	96000000	8969.097
90000000	96000000	9026.252
91000000	96000000	11457.795
92000000	96000000	11191.414
93000000	96000000	20886.295
94000000	96000000	31591.865
95000000	96000000	142417.1
96000000	96000000	433126.28
0	97000000	1406.3036
1000000	97000000	1436.3927
2000000	97000000	1497.3259
3000000	97000000	1461.7527
4000000	97000000	1438.6554
5000000	97000000	1512.2892
6000000	97000000	1527.588
7000000	97000000	1349.7664
8000000	97000000	1118.5804
9000000	97000000	967.8556
10000000	97000000	1005.0541
11000000	97000000	1014.2239
12000000	97000000	971.1022
13000000	97000000	911.81964
14000000	97000000	906.2546
15000000	97000000	957.1747
16000000	97000000	1058.9775
17000000	97000000	1136.7247
18000000	97000000	967.8249
19000000	97000000	971.01135
20000000	97000000	1060.9304
21000000	97000000	1274.8876
22000000	97000000	1364.9865
23000000	97000000	1505.464
24000000	97000000	1484.7949
25000000	97000000	1632.8123
26000000	97000000	1533.7264
27000000	97000000	1546.4395
28000000	97000000	1483.5803
29000000	97000000	1675.6879
30000000	97000000	1776.0557
31000000	97000000	1515.9954
32000000	97000000	1667.0382
33000000	97000000	1526.7778
34000000	97000000	1355.306
35000000	97000000	1607.5356
36000000	97000000	1723.2637
37000000	97000000	1626.2964
38000000	97000000	1636.7893
39000000	97000000	1722.3204
40000000	97000000	1475.3594
41000000	97000000	1374.8092
42000000	97000000	1578.9313
43000000	97000000	1805.544
44000000	97000000	1869.9437
45000000	97000000	2122.335
46000000	97000000	1773.6807
47000000	97000000	1791.6693
48000000	97000000	1659.5361
49000000	97000000	1565.8666
50000000	97000000	1888.5005
51000000	97000000	1650.4
52000000	97000000	1532.1937
53000000	97000000	1497.4452
54000000	97000000	1793.289
55000000	97000000	2429.3542
56000000	97000000	1926.6128
57000000	97000000	1355.8456
58000000	97000000	352.30023
61000000	97000000	887.97076
62000000	97000000	1720.1835
63000000	97000000	2128.2136
64000000	97000000	2953.1624
65000000	97000000	4290.0146
66000000	97000000	3794.336
67000000	97000000	2531.3206
68000000	97000000	2783.48
69000000	97000000	3714.9346
70000000	97000000	3207.9238
71000000	97000000	3311.313
72000000	97000000	3931.6992
73000000	97000000	3313.1475
74000000	97000000	1471.1266
75000000	97000000	4211.173
76000000	97000000	3724.4739
77000000	97000000	5150.151
78000000	97000000	4687.6187
79000000	97000000	4407.834
80000000	97000000	4327.578
81000000	97000000	3789.2434
82000000	97000000	4158.3545
83000000	97000000	4318.559
84000000	97000000	4246.5005
85000000	97000000	4924.9385
86000000	97000000	5454.174
87000000	97000000	5971.4805
88000000	97000000	5700.995
89000000	97000000	6332.6753
90000000	97000000	7855.988
91000000	97000000	10384.6045
92000000	97000000	11193.951
93000000	97000000	13537.047
94000000	97000000	18302.375
95000000	97000000	43485.44
96000000	97000000	108396.64
97000000	97000000	450316.38
0	98000000	2203.883
1000000	98000000	3004.298
2000000	98000000	2487.109
3000000	98000000	1451.0703
4000000	98000000	1629.6335
5000000	98000000	2563.3726
6000000	98000000	2703.175
7000000	98000000	1378.0529
8000000	98000000	817.9347
9000000	98000000	454.24875
10000000	98000000	534.3454
11000000	98000000	663.2536
12000000	98000000	565.8765
13000000	98000000	482.01688
14000000	98000000	499.00937
15000000	98000000	538.5182
16000000	98000000	563.2791
17000000	98000000	900.4676
18000000	98000000	616.85803
19000000	98000000	501.24695
20000000	98000000	854.51685
21000000	98000000	1045.0703
22000000	98000000	1498.3331
23000000	98000000	1840.1166
24000000	98000000	1641.2122
25000000	98000000	1859.7266
26000000	98000000	2092.7532
27000000	98000000	1788.8676
28000000	98000000	1573.9738
29000000	98000000	1709.277
30000000	98000000	2115.4612
31000000	98000000	1221.2303
32000000	98000000	1442.489
33000000	98000000	1197.4631
34000000	98000000	993.9223
35000000	98000000	1440.761
36000000	98000000	1880.3291
37000000	98000000	1821.1943
38000000	98000000	1719.953
39000000	98000000	1601.0153
40000000	98000000	1232.216
41000000	98000000	1232.7758
42000000	98000000	1374.9584
43000000	98000000	2140.996
44000000	98000000	3321.505
45000000	98000000	2605.676
46000000	98000000	1479.7068
47000000	98000000	1661.2831
48000000	98000000	1118.5764
49000000	98000000	925.8569
50000000	98000000	1443.7332
51000000	98000000	1005.9871
52000000	98000000	814.3358
53000000	98000000	826.5917
54000000	98000000	1097.5997
55000000	98000000	1888.0079
56000000	98000000	1580.9584
57000000	98000000	989.9778
58000000	98000000	179.84161
61000000	98000000	662.0139
62000000	98000000	1163.504
63000000	98000000	1327.6205
64000000	98000000	2325.2905
65000000	98000000	4996.082
66000000	98000000	4505.6587
67000000	98000000	1891.0846
68000000	98000000	2170.0789
69000000	98000000	2980.196
70000000	98000000	2412.3157
71000000	98000000	2581.8762
72000000	98000000	6175.251
73000000	98000000	7173.3154
74000000	98000000	3309.072
75000000	98000000	8159.0337
76000000	98000000	4784.1475
77000000	98000000	4282.9717
78000000	98000000	2451.1006
79000000	98000000	2115.1475
80000000	98000000	2089.5503
81000000	98000000	2482.2756
82000000	98000000	2272.2197
83000000	98000000	2282.8542
84000000	98000000	2116.831
85000000	98000000	2255.548
86000000	98000000	3372.2024
87000000	98000000	4157.0674
88000000	98000000	2739.8267
89000000	98000000	3023.018
90000000	98000000	4875.626
91000000	98000000	7374.5215
92000000	98000000	7908.898
93000000	98000000	6137.292
94000000	98000000	7071.9873
95000000	98000000	12518.611
96000000	98000000	18285.281
97000000	98000000	94029.9
98000000	98000000	530413.9
0	99000000	2170.2603
1000000	99000000	3432.2925
2000000	99000000	2871.246
3000000	99000000	946.56067
4000000	99000000	1174.0804
5000000	99000000	3062.901
6000000	99000000	3164.8037
7000000	99000000	1140.2494
8000000	99000000	649.5462
9000000	99000000	287.67227
10000000	99000000	308.2578
11000000	99000000	446.8903
12000000	99000000	357.03857
13000000	99000000	352.96408
14000000	99000000	325.73056
15000000	99000000	347.52493
16000000	99000000	352.31827
17000000	99000000	700.2924
18000000	99000000	478.40417
19000000	99000000	387.83118
20000000	99000000	738.9515
21000000	99000000	807.9149
22000000	99000000	1258.9675
23000000	99000000	1796.1036
24000000	99000000	1561.3226
25000000	99000000	1476.6699
26000000	99000000	1924.2786
27000000	99000000	1332.2975
28000000	99000000	1257.0667
29000000	99000000	1124.0378
30000000	99000000	1789.4716
31000000	99000000	733.93835
32000000	99000000	1027.8871
33000000	99000000	747.4867
34000000	99000000	638.9298
35000000	99000000	1152.3986
36000000	99000000	1380.2021
37000000	99000000	1544.5549
38000000	99000000	1298.477
39000000	99000000	1254.6317
40000000	99000000	907.5424
41000000	99000000	882.19855
42000000	99000000	919.7409
43000000	99000000	2170.7244
44000000	99000000	4050.9067
45000000	99000000	2130.9392
46000000	99000000	910.1526
47000000	99000000	1062.5577
48000000	99000000	707.77313
49000000	99000000	571.06934
50000000	99000000	1009.39136
51000000	99000000	488.66626
52000000	99000000	398.56088
53000000	99000000	373.59158
54000000	99000000	582.0574
55000000	99000000	1158.1422
56000000	99000000	889.5124
57000000	99000000	490.33752
58000000	99000000	178.56874
61000000	99000000	297.72833
62000000	99000000	563.6533
63000000	99000000	749.02246
64000000	99000000	1544.5022
65000000	99000000	3858.1497
66000000	99000000	3835.4102
67000000	99000000	896.77936
68000000	99000000	977.1811
69000000	99000000	1862.1691
70000000	99000000	1311.4592
71000000	99000000	1157.7668
72000000	99000000	5219.751
73000000	99000000	8373.187
74000000	99000000	4602.8574
75000000	99000000	8746.003
76000000	99000000	4530.653
77000000	99000000	3214.6948
78000000	99000000	1210.2426
79000000	99000000	1134.6624
80000000	99000000	1188.5662
81000000	99000000	1743.5367
82000000	99000000	1370.8536
83000000	99000000	1508.5469
84000000	99000000	1295.9244
85000000	99000000	1290.5997
86000000	99000000	2230.597
87000000	99000000	3092.9185
88000000	99000000	1586.8679
89000000	99000000	1799.0625
90000000	99000000	2953.3103
91000000	99000000	4248.2065
92000000	99000000	4893.31
93000000	99000000	3129.292
94000000	99000000	3505.6917
95000000	99000000	4844.414
96000000	99000000	6058.2026
97000000	99000000	15529.507
98000000	99000000	96361.945
99000000	99000000	617631.25
0	100000000	2679.4653
1000000	100000000	4060.1892
2000000	100000000	2999.626
3000000	100000000	1007.0289
4000000	100000000	1204.1112
5000000	100000000	2912.3489
6000000	100000000	2840.382
7000000	100000000	986.3571
8000000	100000000	565.43134
9000000	100000000	261.2642
10000000	100000000	289.07678
11000000	100000000	389.39883
12000000	100000000	365.20416
13000000	100000000	250.44922
14000000	100000000	271.3525
15000000	100000000	270.24234
16000000	100000000	350.5803
17000000	100000000	634.14087
18000000	100000000	442.4057
19000000	100000000	316.2476
20000000	100000000	634.5736
21000000	100000000	645.6562
22000000	100000000	1111.3396
23000000	100000000	1694.0223
24000000	100000000	1330.0942
25000000	100000000	1369.531
26000000	100000000	1781.4634
27000000	100000000	1185.0336
28000000	100000000	1148.0348
29000000	100000000	959.9901
30000000	100000000	1566.3092
31000000	100000000	710.0653
32000000	100000000	871.6447
33000000	100000000	723.0437
34000000	100000000	601.84827
35000000	100000000	956.84924
36000000	100000000	1134.1967
37000000	100000000	1264.5406
38000000	100000000	1116.862
39000000	100000000	1139.9525
40000000	100000000	786.34204
41000000	100000000	815.9683
42000000	100000000	763.3164
43000000	100000000	1878.8273
44000000	100000000	4094.882
45000000	100000000	1855.9025
46000000	100000000	813.5742
47000000	100000000	904.77295
48000000	100000000	649.3213
49000000	100000000	485.22128
50000000	100000000	794.993
51000000	100000000	395.29868
52000000	100000000	341.61734
53000000	100000000	321.74445
54000000	100000000	484.45682
55000000	100000000	979.9447
56000000	100000000	787.05347
57000000	100000000	427.74017
58000000	100000000	134.66812
61000000	100000000	297.70624
62000000	100000000	559.3417
63000000	100000000	728.9658
64000000	100000000	1324.7893
65000000	100000000	3125.555
66000000	100000000	3116.221
67000000	100000000	860.59216
68000000	100000000	926.29224
69000000	100000000	1672.1119
70000000	100000000	1150.9692
71000000	100000000	1098.6619
72000000	100000000	4609.539
73000000	100000000	8422.615
74000000	100000000	4422.241
75000000	100000000	8428.159
76000000	100000000	3755.9011
77000000	100000000	2506.7336
78000000	100000000	1030.1953
79000000	100000000	914.50525
80000000	100000000	995.72845
81000000	100000000	1384.6216
82000000	100000000	1100.4792
83000000	100000000	1133.8467
84000000	100000000	1095.9147
85000000	100000000	1087.4294
86000000	100000000	1777.403
87000000	100000000	2295.8816
88000000	100000000	1257.9847
89000000	100000000	1458.1902
90000000	100000000	2296.3723
91000000	100000000	2951.2556
92000000	100000000	3518.4387
93000000	100000000	2274.9768
94000000	100000000	2530.1685
95000000	100000000	3308.091
96000000	100000000	3995.1228
97000000	100000000	8980.63
98000000	100000000	25149.197
99000000	100000000	128071.055
100000000	100000000	640840.4
0	101000000	1685.4733
1000000	101000000	2631.1982
2000000	101000000	2113.3762
3000000	101000000	860.38293
4000000	101000000	876.20764
5000000	101000000	2018.9369
6000000	101000000	2177.934
7000000	101000000	1142.4441
8000000	101000000	654.369
9000000	101000000	293.5774
10000000	101000000	367.65683
11000000	101000000	451.2297
12000000	101000000	414.1678
13000000	101000000	338.9104
14000000	101000000	389.59854
15000000	101000000	338.9215
16000000	101000000	401.8655
17000000	101000000	797.7362
18000000	101000000	494.4513
19000000	101000000	408.02374
20000000	101000000	690.161
21000000	101000000	845.25476
22000000	101000000	1277.2267
23000000	101000000	1625.0343
24000000	101000000	1481.4552
25000000	101000000	1472.6978
26000000	101000000	1690.5973
27000000	101000000	1390.9348
28000000	101000000	1376.8367
29000000	101000000	1266.6658
30000000	101000000	1751.0889
31000000	101000000	857.85046
32000000	101000000	978.5998
33000000	101000000	807.73865
34000000	101000000	649.1081
35000000	101000000	1073.9133
36000000	101000000	1399.4923
37000000	101000000	1589.4188
38000000	101000000	1303.5944
39000000	101000000	1291.4487
40000000	101000000	904.4897
41000000	101000000	840.19257
42000000	101000000	836.24115
43000000	101000000	1802.9507
44000000	101000000	2783.096
45000000	101000000	1604.0393
46000000	101000000	877.4372
47000000	101000000	1116.2902
48000000	101000000	758.46594
49000000	101000000	590.73724
50000000	101000000	888.6829
51000000	101000000	477.8017
52000000	101000000	409.46637
53000000	101000000	336.43604
54000000	101000000	547.058
55000000	101000000	1025.1862
56000000	101000000	699.12006
57000000	101000000	404.58475
58000000	101000000	109.58849
61000000	101000000	274.07596
62000000	101000000	492.52597
63000000	101000000	621.7175
64000000	101000000	1104.8337
65000000	101000000	2939.5642
66000000	101000000	2746.198
67000000	101000000	690.3927
68000000	101000000	908.1799
69000000	101000000	1759.9634
70000000	101000000	1120.4939
71000000	101000000	995.2603
72000000	101000000	3581.144
73000000	101000000	6361.7437
74000000	101000000	3159.7358
75000000	101000000	7017.862
76000000	101000000	4081.5037
77000000	101000000	3089.5527
78000000	101000000	1238.217
79000000	101000000	1139.2928
80000000	101000000	1257.5352
81000000	101000000	1818.7537
82000000	101000000	1418.5277
83000000	101000000	1500.7119
84000000	101000000	1308.927
85000000	101000000	1303.7429
86000000	101000000	2205.5876
87000000	101000000	2731.791
88000000	101000000	1512.9397
89000000	101000000	1734.2037
90000000	101000000	2826.5413
91000000	101000000	3464.0476
92000000	101000000	3945.4478
93000000	101000000	2770.3413
94000000	101000000	2935.8403
95000000	101000000	3832.0308
96000000	101000000	4408.7544
97000000	101000000	8160.7925
98000000	101000000	17235.607
99000000	101000000	25768.1
100000000	101000000	99642.2
101000000	101000000	663495.9
0	102000000	1255.3744
1000000	102000000	1494.504
2000000	102000000	1716.8168
3000000	102000000	936.7756
4000000	102000000	917.3897
5000000	102000000	1658.7535
6000000	102000000	1826.0946
7000000	102000000	1133.0079
8000000	102000000	872.92065
9000000	102000000	484.44443
10000000	102000000	602.8568
11000000	102000000	800.4724
12000000	102000000	672.4696
13000000	102000000	541.45953
14000000	102000000	595.1146
15000000	102000000	549.06805
16000000	102000000	571.0376
17000000	102000000	955.68713
18000000	102000000	731.3493
19000000	102000000	590.8416
20000000	102000000	848.17566
21000000	102000000	936.6923
22000000	102000000	1315.0715
23000000	102000000	1596.8053
24000000	102000000	1478.2365
25000000	102000000	1415.9292
26000000	102000000	1531.9832
27000000	102000000	1364.4722
28000000	102000000	1336.7621
29000000	102000000	1171.0859
30000000	102000000	1553.5941
31000000	102000000	949.7361
32000000	102000000	1125.0532
33000000	102000000	1029.7494
34000000	102000000	767.4143
35000000	102000000	1215.6257
36000000	102000000	1376.1117
37000000	102000000	1467.1758
38000000	102000000	1414.2883
39000000	102000000	1306.5864
40000000	102000000	1035.1869
41000000	102000000	983.1116
42000000	102000000	957.20245
43000000	102000000	1722.7347
44000000	102000000	2145.0913
45000000	102000000	1553.5045
46000000	102000000	986.70654
47000000	102000000	1185.0715
48000000	102000000	850.5686
49000000	102000000	897.0336
50000000	102000000	1277.6577
51000000	102000000	710.5735
52000000	102000000	639.2859
53000000	102000000	569.7568
54000000	102000000	810.8502
55000000	102000000	1454.643
56000000	102000000	927.11786
57000000	102000000	443.18307
58000000	102000000	183.83803
61000000	102000000	423.85117
62000000	102000000	700.42316
63000000	102000000	849.81116
64000000	102000000	1700.5001
65000000	102000000	3281.6384
66000000	102000000	3018.4038
67000000	102000000	930.1511
68000000	102000000	1124.2291
69000000	102000000	2227.993
70000000	102000000	1497.6742
71000000	102000000	1271.2467
72000000	102000000	3586.401
73000000	102000000	4090.391
74000000	102000000	2339.5544
75000000	102000000	4606.6997
76000000	102000000	3942.2007
77000000	102000000	3849.5618
78000000	102000000	1970.541
79000000	102000000	2003.5103
80000000	102000000	2068.7654
81000000	102000000	2648.181
82000000	102000000	2234.2195
83000000	102000000	2490.885
84000000	102000000	2281.6328
85000000	102000000	2176.1875
86000000	102000000	3355.3381
87000000	102000000	4107.871
88000000	102000000	2461.8784
89000000	102000000	2695.3425
90000000	102000000	4015.4932
91000000	102000000	4662.0283
92000000	102000000	5235.1665
93000000	102000000	4023.3086
94000000	102000000	4230.046
95000000	102000000	5269.869
96000000	102000000	5673.1553
97000000	102000000	9272.846
98000000	102000000	12847.987
99000000	102000000	15166.19
100000000	102000000	24845.982
101000000	102000000	83322.914
102000000	102000000	575630.4
0	103000000	833.52563
1000000	103000000	965.4114
2000000	103000000	730.22205
3000000	103000000	1094.0928
4000000	103000000	918.9708
5000000	103000000	809.0663
6000000	103000000	771.42255
7000000	103000000	869.071
8000000	103000000	974.73285
9000000	103000000	1100.6809
10000000	103000000	998.67163
11000000	103000000	1034.7233
12000000	103000000	1089.7935
13000000	103000000	1032.0197
14000000	103000000	1010.0726
15000000	103000000	1087.8815
16000000	103000000	1081.1874
17000000	103000000	958.36884
18000000	103000000	1074.0001
19000000	103000000	1097.8994
20000000	103000000	1017.3205
21000000	103000000	1152.0475
22000000	103000000	1095.8402
23000000	103000000	1084.5223
24000000	103000000	1296.1658
25000000	103000000	1697.5195
26000000	103000000	1487.3323
27000000	103000000	1817.7218
28000000	103000000	1663.7823
29000000	103000000	1952.2119
30000000	103000000	1242.5371
31000000	103000000	1672.9259
32000000	103000000	1437.3212
33000000	103000000	1403.5743
34000000	103000000	1358.7529
35000000	103000000	1309.054
36000000	103000000	1530.9762
37000000	103000000	1255.7866
38000000	103000000	1539.7211
39000000	103000000	1500.3346
40000000	103000000	1357.468
41000000	103000000	1064.7009
42000000	103000000	1626.2643
43000000	103000000	1148.2474
44000000	103000000	955.6373
45000000	103000000	1563.6792
46000000	103000000	1571.5494
47000000	103000000	1457.3152
48000000	103000000	1440.1135
49000000	103000000	1602.0227
50000000	103000000	1378.5938
51000000	103000000	1405.6539
52000000	103000000	1242.5985
53000000	103000000	1207.6709
54000000	103000000	1513.8201
55000000	103000000	1542.5245
56000000	103000000	1135.3949
57000000	103000000	976.2457
58000000	103000000	324.86908
61000000	103000000	631.1253
62000000	103000000	1086.6807
63000000	103000000	1166.9384
64000000	103000000	1672.5619
65000000	103000000	2375.9912
66000000	103000000	1956.7247
67000000	103000000	1764.0667
68000000	103000000	1922.1218
69000000	103000000	2300.7314
70000000	103000000	2202.3743
71000000	103000000	2362.639
72000000	103000000	2169.8135
73000000	103000000	2139.5894
74000000	103000000	698.2851
75000000	103000000	2529.7383
76000000	103000000	2211.3591
77000000	103000000	3554.7776
78000000	103000000	4796.33
79000000	103000000	4372.112
80000000	103000000	4229.5596
81000000	103000000	3249.0059
82000000	103000000	4208.305
83000000	103000000	3976.9507
84000000	103000000	4183.2827
85000000	103000000	4662.846
86000000	103000000	4315.222
87000000	103000000	3951.6768
88000000	103000000	4545.95
89000000	103000000	4721.641
90000000	103000000	4544.6836
91000000	103000000	5497.992
92000000	103000000	4337.808
93000000	103000000	6642.456
94000000	103000000	7291.68
95000000	103000000	8308.504
96000000	103000000	10210.51
97000000	103000000	10301.045
98000000	103000000	9661.327
99000000	103000000	6910.067
100000000	103000000	7760.9893
101000000	103000000	12025.701
102000000	103000000	93565.38
103000000	103000000	476189.66
0	104000000	879.98267
1000000	104000000	1110.6261
2000000	104000000	1182.4329
3000000	104000000	860.0144
4000000	104000000	775.9063
5000000	104000000	1245.0853
6000000	104000000	1386.2686
7000000	104000000	1049.1497
8000000	104000000	877.8764
9000000	104000000	590.5659
10000000	104000000	673.1279
11000000	104000000	840.5096
12000000	104000000	773.80597
13000000	104000000	650.66437
14000000	104000000	656.6972
15000000	104000000	687.37836
16000000	104000000	748.8865
17000000	104000000	1026.5516
18000000	104000000	756.1516
19000000	104000000	732.12524
20000000	104000000	1006.0943
21000000	104000000	994.81146
22000000	104000000	1110.5432
23000000	104000000	1365.7357
24000000	104000000	1323.8009
25000000	104000000	1433.2417
26000000	104000000	1359.0322
27000000	104000000	1237.3352
28000000	104000000	1372.2827
29000000	104000000	1341.3376
30000000	104000000	1534.4553
31000000	104000000	1098.2218
32000000	104000000	1134.3352
33000000	104000000	1010.3616
34000000	104000000	963.63824
35000000	104000000	1217.4796
36000000	104000000	1310.2257
37000000	104000000	1296.4567
38000000	104000000	1367.048
39000000	104000000	1301.1052
40000000	104000000	1026.2449
41000000	104000000	1047.4446
42000000	104000000	1089.857
43000000	104000000	1402.9052
44000000	104000000	1474.4532
45000000	104000000	1279.5293
46000000	104000000	1067.655
47000000	104000000	1129.3606
48000000	104000000	1001.3406
49000000	104000000	942.8329
50000000	104000000	1339.1127
51000000	104000000	915.26886
52000000	104000000	694.7406
53000000	104000000	786.1301
54000000	104000000	920.3175
55000000	104000000	1461.8966
56000000	104000000	1003.08295
57000000	104000000	644.9285
58000000	104000000	117.926476
61000000	104000000	525.3421
62000000	104000000	769.91705
63000000	104000000	995.2714
64000000	104000000	1571.3894
65000000	104000000	2613.0945
66000000	104000000	2528.418
67000000	104000000	1176.7069
68000000	104000000	1378.8677
69000000	104000000	2341.6772
70000000	104000000	1647.2554
71000000	104000000	1489.2583
72000000	104000000	2775.182
73000000	104000000	2725.4868
74000000	104000000	1787.3547
75000000	104000000	3435.719
76000000	104000000	3236.6704
77000000	104000000	3897.9673
78000000	104000000	2661.6467
79000000	104000000	2516.649
80000000	104000000	2621.656
81000000	104000000	3299.7754
82000000	104000000	2835.2761
83000000	104000000	3046.3235
84000000	104000000	2767.571
85000000	104000000	2680.2388
86000000	104000000	3701.4995
87000000	104000000	4279.72
88000000	104000000	2993.2449
89000000	104000000	3276.1296
90000000	104000000	4296.402
91000000	104000000	4908.088
92000000	104000000	5208.7617
93000000	104000000	4494.1865
94000000	104000000	4757.315
95000000	104000000	5773.3516
96000000	104000000	6276.133
97000000	104000000	7719.266
98000000	104000000	8724.712
99000000	104000000	7337.622
100000000	104000000	7998.7407
101000000	104000000	10857.529
102000000	104000000	36065.363
103000000	104000000	124637.055
104000000	104000000	504300.88
0	105000000	952.92377
1000000	105000000	1325.4312
2000000	105000000	1315.0995
3000000	105000000	661.9546
4000000	105000000	728.9754
5000000	105000000	1451.2792
6000000	105000000	1602.8491
7000000	105000000	1125.7518
8000000	105000000	728.8682
9000000	105000000	380.8659
10000000	105000000	432.48834
11000000	105000000	543.6911
12000000	105000000	471.93887
13000000	105000000	367.2248
14000000	105000000	382.05414
15000000	105000000	432.65363
16000000	105000000	468.8479
17000000	105000000	863.5162
18000000	105000000	532.9625
19000000	105000000	481.861
20000000	105000000	850.2349
21000000	105000000	822.8857
22000000	105000000	1298.4806
23000000	105000000	1463.2859
24000000	105000000	1337.6642
25000000	105000000	1283.3055
26000000	105000000	1438.6635
27000000	105000000	1188.4381
28000000	105000000	1467.3506
29000000	105000000	1198.5748
30000000	105000000	1584.0663
31000000	105000000	856.5656
32000000	105000000	1036.6077
33000000	105000000	809.322
34000000	105000000	640.86395
35000000	105000000	1083.4915
36000000	105000000	1393.9023
37000000	105000000	1557.1938
38000000	105000000	1263.6011
39000000	105000000	1169.434
40000000	105000000	846.5946
41000000	105000000	879.4328
42000000	105000000	788.79126
43000000	105000000	1554.7501
44000000	105000000	1701.2244
45000000	105000000	1256.147
46000000	105000000	832.8352
47000000	105000000	1089.7943
48000000	105000000	761.37463
49000000	105000000	689.03845
50000000	105000000	1085.3909
51000000	105000000	546.8205
52000000	105000000	459.92508
53000000	105000000	423.03784
54000000	105000000	634.8717
55000000	105000000	1292.7924
56000000	105000000	807.0929
57000000	105000000	392.72504
58000000	105000000	107.17591
61000000	105000000	414.62778
62000000	105000000	515.38104
63000000	105000000	619.2903
64000000	105000000	1304.3381
65000000	105000000	2984.538
66000000	105000000	2723.1487
67000000	105000000	795.27856
68000000	105000000	1140.648
69000000	105000000	2580.549
70000000	105000000	1434.6227
71000000	105000000	1076.0497
72000000	105000000	3044.5974
73000000	105000000	3840.1287
74000000	105000000	1891.992
75000000	105000000	4869.1123
76000000	105000000	4139.5435
77000000	105000000	3883.4885
78000000	105000000	1714.957
79000000	105000000	1568.6661
80000000	105000000	1548.4894
81000000	105000000	2612.3853
82000000	105000000	1862.1891
83000000	105000000	2000.8446
84000000	105000000	1676.5061
85000000	105000000	1564.727
86000000	105000000	2860.5886
87000000	105000000	3796.8213
88000000	105000000	1975.3612
89000000	105000000	2173.425
90000000	105000000	3844.5571
91000000	105000000	4499.873
92000000	105000000	5211.2363
93000000	105000000	3291.6064
94000000	105000000	3313.3203
95000000	105000000	4338.3506
96000000	105000000	4410.14
97000000	105000000	7098.135
98000000	105000000	9902.269
99000000	105000000	8504.739
100000000	105000000	8963.789
101000000	105000000	12337.779
102000000	105000000	20733.465
103000000	105000000	29853.447
104000000	105000000	115656.68
105000000	105000000	499875.84
0	106000000	908.0984
1000000	106000000	1090.0422
2000000	106000000	1111.5101
3000000	106000000	637.77075
4000000	106000000	641.57587
5000000	106000000	1216.3138
6000000	106000000	1468.0006
7000000	106000000	1198.0892
8000000	106000000	758.6412
9000000	106000000	486.57147
10000000	106000000	494.23962
11000000	106000000	680.7133
12000000	106000000	565.66656
13000000	106000000	438.00833
14000000	106000000	449.72165
15000000	106000000	480.66418
16000000	106000000	532.3932
17000000	106000000	981.8574
18000000	106000000	677.89923
19000000	106000000	595.2035
20000000	106000000	1009.6034
21000000	106000000	915.1849
22000000	106000000	1323.846
23000000	106000000	1453.1505
24000000	106000000	1354.905
25000000	106000000	1329.067
26000000	106000000	1341.1864
27000000	106000000	1263.1069
28000000	106000000	1415.7826
29000000	106000000	1251.753
30000000	106000000	1539.0778
31000000	106000000	941.7275
32000000	106000000	1052.8157
33000000	106000000	866.9226
34000000	106000000	720.9128
35000000	106000000	1072.8551
36000000	106000000	1459.5276
37000000	106000000	1695.218
38000000	106000000	1362.0055
39000000	106000000	1239.7719
40000000	106000000	928.5256
41000000	106000000	896.63025
42000000	106000000	771.0187
43000000	106000000	1442.6978
44000000	106000000	1537.5215
45000000	106000000	1142.2654
46000000	106000000	883.61066
47000000	106000000	1093.5636
48000000	106000000	827.86334
49000000	106000000	735.4525
50000000	106000000	1075.9517
51000000	106000000	553.2375
52000000	106000000	531.41406
53000000	106000000	498.52304
54000000	106000000	698.98596
55000000	106000000	1296.959
56000000	106000000	783.12384
57000000	106000000	420.2568
58000000	106000000	133.80432
61000000	106000000	349.5779
62000000	106000000	579.08716
63000000	106000000	800.6016
64000000	106000000	1426.5128
65000000	106000000	2916.2466
66000000	106000000	2684.4912
67000000	106000000	896.29016
68000000	106000000	1271.7849
69000000	106000000	2833.9292
70000000	106000000	1590.4138
71000000	106000000	1150.6654
72000000	106000000	2740.034
73000000	106000000	3341.8645
74000000	106000000	1700.283
75000000	106000000	4329.8413
76000000	106000000	4083.151
77000000	106000000	4064.3525
78000000	106000000	2060.6843
79000000	106000000	1947.3892
80000000	106000000	1925.7555
81000000	106000000	3031.2922
82000000	106000000	2220.98
83000000	106000000	2416.0134
84000000	106000000	2253.2053
85000000	106000000	2013.8312
86000000	106000000	3234.3345
87000000	106000000	4323.809
88000000	106000000	2409.9023
89000000	106000000	2474.709
90000000	106000000	4551.1655
91000000	106000000	5020.26
92000000	106000000	5810.9272
93000000	106000000	3775.69
94000000	106000000	3729.9844
95000000	106000000	4574.9062
96000000	106000000	4779.5083
97000000	106000000	6991.5874
98000000	106000000	8610.84
99000000	106000000	6783.9897
100000000	106000000	6491.062
101000000	106000000	9109.598
102000000	106000000	12838.742
103000000	106000000	15517.342
104000000	106000000	24002.348
105000000	106000000	146167.98
106000000	106000000	481612.78
0	107000000	761.86835
1000000	107000000	901.558
2000000	107000000	994.1966
3000000	107000000	652.8937
4000000	107000000	623.5279
5000000	107000000	1117.2205
6000000	107000000	1323.2224
7000000	107000000	1247.6636
8000000	107000000	931.83813
9000000	107000000	570.1818
10000000	107000000	649.0543
11000000	107000000	886.6583
12000000	107000000	764.7063
13000000	107000000	558.4956
14000000	107000000	629.38983
15000000	107000000	618.25464
16000000	107000000	698.34515
17000000	107000000	1181.329
18000000	107000000	841.41864
19000000	107000000	713.76495
20000000	107000000	1097.4797
21000000	107000000	1090.6101
22000000	107000000	1454.0872
23000000	107000000	1433.5024
24000000	107000000	1334.6154
25000000	107000000	1247.0474
26000000	107000000	1267.6001
27000000	107000000	1258.3359
28000000	107000000	1503.3467
29000000	107000000	1386.3394
30000000	107000000	1638.2335
31000000	107000000	1041.1703
32000000	107000000	1257.5522
33000000	107000000	1077.6783
34000000	107000000	792.9386
35000000	107000000	1257.1079
36000000	107000000	1708.1906
37000000	107000000	1651.5814
38000000	107000000	1510.9381
39000000	107000000	1359.4353
40000000	107000000	1047.178
41000000	107000000	934.3152
42000000	107000000	911.0797
43000000	107000000	1373.4094
44000000	107000000	1297.6586
45000000	107000000	1128.7706
46000000	107000000	881.42847
47000000	107000000	1283.4493
48000000	107000000	1008.22296
49000000	107000000	937.7607
50000000	107000000	1307.8865
51000000	107000000	751.7006
52000000	107000000	617.0111
53000000	107000000	634.42554
54000000	107000000	809.4401
55000000	107000000	1515.9645
56000000	107000000	803.03467
57000000	107000000	466.68372
58000000	107000000	115.62327
61000000	107000000	302.72345
62000000	107000000	560.2791
63000000	107000000	740.9851
64000000	107000000	1541.7672
65000000	107000000	3289.4885
66000000	107000000	2731.0574
67000000	107000000	1000.54663
68000000	107000000	1327.66
69000000	107000000	3058.2695
70000000	107000000	1834.0897
71000000	107000000	1253.4657
72000000	107000000	2674.4456
73000000	107000000	2640.1565
74000000	107000000	1149.5638
75000000	107000000	3643.25
76000000	107000000	3789.3196
77000000	107000000	4812.6255
78000000	107000000	2992.0498
79000000	107000000	2709.408
80000000	107000000	2784.9138
81000000	107000000	3761.1992
82000000	107000000	3087.686
83000000	107000000	3512.8674
84000000	107000000	3041.9617
85000000	107000000	2862.8506
86000000	107000000	4305.7334
87000000	107000000	5455.7495
88000000	107000000	3210.8435
89000000	107000000	3483.211
90000000	107000000	5781.8633
91000000	107000000	6538.8228
92000000	107000000	6847.9946
93000000	107000000	5090.893
94000000	107000000	4764.1445
95000000	107000000	6112.671
96000000	107000000	5842.976
97000000	107000000	7485.4067
98000000	107000000	7591.5483
99000000	107000000	5109.351
100000000	107000000	4701.9185
101000000	107000000	6587.956
102000000	107000000	10139.578
103000000	107000000	12926.267
104000000	107000000	15189.28
105000000	107000000	30252.758
106000000	107000000	123923.586
107000000	107000000	438046.53
0	108000000	427.58902
1000000	108000000	431.12268
2000000	108000000	466.09418
3000000	108000000	723.8951
4000000	108000000	574.28406
5000000	108000000	476.4667
6000000	108000000	551.61847
7000000	108000000	751.2935
8000000	108000000	920.21014
9000000	108000000	1102.8594
10000000	108000000	992.2848
11000000	108000000	1077.1207
12000000	108000000	1062.2511
13000000	108000000	1084.0754
14000000	108000000	1018.48206
15000000	108000000	1117.4519
16000000	108000000	1170.6216
17000000	108000000	962.4805
18000000	108000000	1085.4834
19000000	108000000	1148.7701
20000000	108000000	995.74243
21000000	108000000	1001.2307
22000000	108000000	818.67236
23000000	108000000	766.41956
24000000	108000000	773.874
25000000	108000000	704.72955
26000000	108000000	613.511
27000000	108000000	770.4354
28000000	108000000	868.4843
29000000	108000000	878.49506
30000000	108000000	777.24176
31000000	108000000	1010.346
32000000	108000000	1051.3525
33000000	108000000	1062.2548
34000000	108000000	1086.44
35000000	108000000	972.8316
36000000	108000000	927.26086
37000000	108000000	854.1502
38000000	108000000	1011.06995
39000000	108000000	974.34735
40000000	108000000	979.7224
41000000	108000000	854.7656
42000000	108000000	938.1761
43000000	108000000	686.97156
44000000	108000000	516.94617
45000000	108000000	674.06226
46000000	108000000	1052.8452
47000000	108000000	1004.872
48000000	108000000	1254.8744
49000000	108000000	1379.3004
50000000	108000000	1238.2449
51000000	108000000	1198.788
52000000	108000000	1249.4851
53000000	108000000	1274.9863
54000000	108000000	1381.6392
55000000	108000000	1330.8462
56000000	108000000	1003.35236
57000000	108000000	872.57324
58000000	108000000	309.10162
61000000	108000000	735.8836
62000000	108000000	1176.798
63000000	108000000	1342.2583
64000000	108000000	1588.5593
65000000	108000000	1729.4395
66000000	108000000	1494.8337
67000000	108000000	1582.3684
68000000	108000000	1658.7329
69000000	108000000	2048.741
70000000	108000000	1769.5502
71000000	108000000	1803.6798
72000000	108000000	1368.436
73000000	108000000	1014.89606
74000000	108000000	441.27826
75000000	108000000	1327.7902
76000000	108000000	1848.5326
77000000	108000000	3553.792
78000000	108000000	5346.3213
79000000	108000000	5450.9717
80000000	108000000	5122.6147
81000000	108000000	3986.5522
82000000	108000000	5319.0977
83000000	108000000	5026.0073
84000000	108000000	5130.9214
85000000	108000000	5746.0347
86000000	108000000	5302.9043
87000000	108000000	4742.936
88000000	108000000	5864.643
89000000	108000000	6009.939
90000000	108000000	5394.5347
91000000	108000000	5784.0312
92000000	108000000	4913.805
93000000	108000000	6478.367
94000000	108000000	6761.007
95000000	108000000	6746.987
96000000	108000000	6877.9287
97000000	108000000	5755.263
98000000	108000000	3404.8772
99000000	108000000	2042.982
100000000	108000000	2013.2494
101000000	108000000	2833.736
102000000	108000000	5565.569
103000000	108000000	11052.331
104000000	108000000	8818.742
105000000	108000000	8670.763
106000000	108000000	15408.093
107000000	108000000	89069.08
108000000	108000000	406774.88
0	109000000	285.83112
1000000	109000000	248.08546
2000000	109000000	251.48329
3000000	109000000	667.6875
4000000	109000000	527.0101
5000000	109000000	270.4074
6000000	109000000	297.4651
7000000	109000000	542.27936
8000000	109000000	792.5557
9000000	109000000	1317.3152
10000000	109000000	1110.3644
11000000	109000000	1000.8038
12000000	109000000	1076.2162
13000000	109000000	1131.1395
14000000	109000000	1155.6425
15000000	109000000	1322.9161
16000000	109000000	1272.5189
17000000	109000000	704.5613
18000000	109000000	1023.77136
19000000	109000000	1244.2493
20000000	109000000	717.5557
21000000	109000000	767.9819
22000000	109000000	475.46997
23000000	109000000	439.0274
24000000	109000000	523.7183
25000000	109000000	517.0601
26000000	109000000	391.37695
27000000	109000000	523.99695
28000000	109000000	512.9143
29000000	109000000	716.18976
30000000	109000000	459.31003
31000000	109000000	908.35974
32000000	109000000	808.8818
33000000	109000000	945.3174
34000000	109000000	1165.8967
35000000	109000000	749.83356
36000000	109000000	586.6364
37000000	109000000	521.5782
38000000	109000000	717.2867
39000000	109000000	734.76
40000000	109000000	845.2208
41000000	109000000	759.2239
42000000	109000000	945.1877
43000000	109000000	415.33517
44000000	109000000	263.5034
45000000	109000000	523.3737
46000000	109000000	1021.3857
47000000	109000000	740.71063
48000000	109000000	1220.3867
49000000	109000000	1399.1633
50000000	109000000	867.0936
51000000	109000000	1115.6935
52000000	109000000	1516.439
53000000	109000000	1587.7573
54000000	109000000	1495.986
55000000	109000000	884.0596
56000000	109000000	880.963
57000000	109000000	917.9832
58000000	109000000	204.59178
61000000	109000000	979.9489
62000000	109000000	1394.6581
63000000	109000000	1459.5629
64000000	109000000	1205.6509
65000000	109000000	1068.5023
66000000	109000000	850.66693
67000000	109000000	1610.1989
68000000	109000000	1541.8771
69000000	109000000	1350.6567
70000000	109000000	1546.3993
71000000	109000000	1775.7125
72000000	109000000	754.797
73000000	109000000	528.4287
74000000	109000000	224.72154
75000000	109000000	663.18134
76000000	109000000	960.6922
77000000	109000000	2402.6892
78000000	109000000	5796.4434
79000000	109000000	6163.9883
80000000	109000000	5705.458
81000000	109000000	3189.0098
82000000	109000000	5479.4727
83000000	109000000	4942.485
84000000	109000000	5563.193
85000000	109000000	6675.6855
86000000	109000000	4334.5596
87000000	109000000	3315.0432
88000000	109000000	6033.233
89000000	109000000	6103.6094
90000000	109000000	3821.1409
91000000	109000000	4293.618
92000000	109000000	2904.6636
93000000	109000000	5877.127
94000000	109000000	6210.7627
95000000	109000000	5351.56
96000000	109000000	6122.299
97000000	109000000	4413.621
98000000	109000000	2015.2166
99000000	109000000	1301.8899
100000000	109000000	1277.1027
101000000	109000000	1650.0437
102000000	109000000	3429.7146
103000000	109000000	8519.555
104000000	109000000	5454.3325
105000000	109000000	3854.5835
106000000	109000000	6202.4375
107000000	109000000	14586.782
108000000	109000000	102118.95
109000000	109000000	458833.44
0	110000000	401.6815
1000000	110000000	347.2104
2000000	110000000	502.48215
3000000	110000000	695.53973
4000000	110000000	553.89325
5000000	110000000	435.33063
6000000	110000000	505.66766
7000000	110000000	797.032
8000000	110000000	922.66455
9000000	110000000	995.76624
10000000	110000000	888.2201
11000000	110000000	1005.0657
12000000	110000000	920.7522
13000000	110000000	880.4276
14000000	110000000	937.66693
15000000	110000000	1030.1016
16000000	110000000	1034.0908
17000000	110000000	1035.1143
18000000	110000000	978.06604
19000000	110000000	1025.5538
20000000	110000000	946.23785
21000000	110000000	851.8513
22000000	110000000	760.3439
23000000	110000000	620.44415
24000000	110000000	708.2668
25000000	110000000	603.7515
26000000	110000000	522.60645
27000000	110000000	640.31647
28000000	110000000	741.9091
29000000	110000000	801.0504
30000000	110000000	778.3134
31000000	110000000	854.32184
32000000	110000000	882.4598
33000000	110000000	993.3768
34000000	110000000	904.19653
35000000	110000000	840.91174
36000000	110000000	852.4
37000000	110000000	860.2413
38000000	110000000	928.5863
39000000	110000000	881.81525
40000000	110000000	866.1207
41000000	110000000	896.059
42000000	110000000	881.7415
43000000	110000000	748.4685
44000000	110000000	462.53583
45000000	110000000	618.17053
46000000	110000000	973.79926
47000000	110000000	853.0663
48000000	110000000	1080.9609
49000000	110000000	1170.0433
50000000	110000000	1083.037
51000000	110000000	946.89996
52000000	110000000	1137.9934
53000000	110000000	1116.5515
54000000	110000000	1148.0406
55000000	110000000	1098.3112
56000000	110000000	801.5324
57000000	110000000	699.0805
58000000	110000000	278.07025
61000000	110000000	651.9763
62000000	110000000	946.3031
63000000	110000000	1136.0946
64000000	110000000	1418.407
65000000	110000000	1508.98
66000000	110000000	1287.4755
67000000	110000000	1135.5381
68000000	110000000	1348.3497
69000000	110000000	1763.751
70000000	110000000	1433.0228
71000000	110000000	1290.5275
72000000	110000000	1066.2933
73000000	110000000	788.0575
74000000	110000000	433.1307
75000000	110000000	1060.567
76000000	110000000	1690.2573
77000000	110000000	3278.4832
78000000	110000000	4245.4116
79000000	110000000	4477.1914
80000000	110000000	4161.9565
81000000	110000000	3863.2095
82000000	110000000	4327.767
83000000	110000000	4318.4844
84000000	110000000	4376.239
85000000	110000000	4564.441
86000000	110000000	4238.5005
87000000	110000000	4223.162
88000000	110000000	4773.5625
89000000	110000000	4908.111
90000000	110000000	4823.0146
91000000	110000000	4717.099
92000000	110000000	4332.66
93000000	110000000	5149.604
94000000	110000000	5168.357
95000000	110000000	5198.092
96000000	110000000	5070.7583
97000000	110000000	4405.771
98000000	110000000	2611.5698
99000000	110000000	1695.8646
100000000	110000000	1566.9503
101000000	110000000	2241.3088
102000000	110000000	4098.1514
103000000	110000000	7101.999
104000000	110000000	5826.8457
105000000	110000000	5310.693
106000000	110000000	8552.664
107000000	110000000	18427.424
108000000	110000000	52104.33
109000000	110000000	111813.72
110000000	110000000	429055.6
0	111000000	423.8726
1000000	111000000	403.84262
2000000	111000000	472.3721
3000000	111000000	643.0154
4000000	111000000	576.40216
5000000	111000000	500.96216
6000000	111000000	579.46814
7000000	111000000	787.3795
8000000	111000000	815.7174
9000000	111000000	963.49133
10000000	111000000	879.44977
11000000	111000000	869.3483
12000000	111000000	851.6452
13000000	111000000	862.67206
14000000	111000000	798.942
15000000	111000000	871.57935
16000000	111000000	935.1756
17000000	111000000	882.7172
18000000	111000000	815.4198
19000000	111000000	835.6263
20000000	111000000	812.70966
21000000	111000000	794.48773
22000000	111000000	726.27765
23000000	111000000	699.22217
24000000	111000000	716.1175
25000000	111000000	614.4615
26000000	111000000	541.1492
27000000	111000000	589.4905
28000000	111000000	746.15717
29000000	111000000	738.27826
30000000	111000000	768.1191
31000000	111000000	859.1738
32000000	111000000	862.0902
33000000	111000000	936.02606
34000000	111000000	817.6636
35000000	111000000	781.84564
36000000	111000000	829.9893
37000000	111000000	830.0315
38000000	111000000	822.1439
39000000	111000000	849.0754
40000000	111000000	813.6739
41000000	111000000	757.5153
42000000	111000000	772.90027
43000000	111000000	722.792
44000000	111000000	528.06006
45000000	111000000	636.85706
46000000	111000000	757.16235
47000000	111000000	840.9656
48000000	111000000	991.9285
49000000	111000000	1065.4917
50000000	111000000	1030.0682
51000000	111000000	851.23224
52000000	111000000	915.52704
53000000	111000000	923.8237
54000000	111000000	1081.7384
55000000	111000000	1100.2219
56000000	111000000	861.94946
57000000	111000000	597.56287
58000000	111000000	123.58527
61000000	111000000	526.40405
62000000	111000000	966.8631
63000000	111000000	1038.7024
64000000	111000000	1418.3896
65000000	111000000	1630.5413
66000000	111000000	1442.8352
67000000	111000000	1045.932
68000000	111000000	1286.0963
69000000	111000000	1944.9647
70000000	111000000	1420.9683
71000000	111000000	1292.0582
72000000	111000000	1218.6061
73000000	111000000	924.214
74000000	111000000	420.49686
75000000	111000000	1195.4651
76000000	111000000	1884.4359
77000000	111000000	3399.867
78000000	111000000	4055.8374
79000000	111000000	3926.8137
80000000	111000000	3793.7957
81000000	111000000	3198.4795
82000000	111000000	3909.9202
83000000	111000000	3896.7327
84000000	111000000	3920.572
85000000	111000000	4120.6255
86000000	111000000	4171.741
87000000	111000000	3991.8096
88000000	111000000	4365.0625
89000000	111000000	4347.111
90000000	111000000	4638.07
91000000	111000000	4619.4907
92000000	111000000	4136.121
93000000	111000000	4739.951
94000000	111000000	4765.5884
95000000	111000000	4819.2363
96000000	111000000	4721.918
97000000	111000000	4437.1924
98000000	111000000	2805.9822
99000000	111000000	1768.1414
100000000	111000000	1757.635
101000000	111000000	2340.875
102000000	111000000	4193.1836
103000000	111000000	6935.214
104000000	111000000	5727.7764
105000000	111000000	5277.666
106000000	111000000	8029.923
107000000	111000000	17375.818
108000000	111000000	45004.29
109000000	111000000	66355.19
110000000	111000000	132674.88
111000000	111000000	389405.94
0	112000000	419.07605
1000000	112000000	372.00046
2000000	112000000	515.5423
3000000	112000000	617.7371
4000000	112000000	558.68805
5000000	112000000	473.7049
6000000	112000000	542.14966
7000000	112000000	763.9096
8000000	112000000	937.4711
9000000	112000000	1014.7954
10000000	112000000	972.9641
11000000	112000000	950.5339
12000000	112000000	926.43463
13000000	112000000	932.41516
14000000	112000000	894.1553
15000000	112000000	941.08563
16000000	112000000	977.04626
17000000	112000000	859.1611
18000000	112000000	910.14484
19000000	112000000	869.61804
20000000	112000000	860.4902
21000000	112000000	821.30396
22000000	112000000	702.46436
23000000	112000000	757.3546
24000000	112000000	664.1552
25000000	112000000	631.8067
26000000	112000000	584.4516
27000000	112000000	585.97723
28000000	112000000	627.8669
29000000	112000000	660.72815
30000000	112000000	780.04736
31000000	112000000	756.3198
32000000	112000000	847.4122
33000000	112000000	912.6286
34000000	112000000	860.2102
35000000	112000000	804.277
36000000	112000000	795.87787
37000000	112000000	752.3972
38000000	112000000	830.4978
39000000	112000000	815.0163
40000000	112000000	799.1006
41000000	112000000	721.7086
42000000	112000000	749.9936
43000000	112000000	691.51953
44000000	112000000	487.71927
45000000	112000000	608.87317
46000000	112000000	824.8778
47000000	112000000	779.97003
48000000	112000000	1021.93146
49000000	112000000	1097.2601
50000000	112000000	980.94305
51000000	112000000	849.2245
52000000	112000000	884.61475
53000000	112000000	1036.3641
54000000	112000000	1119.4218
55000000	112000000	1082.0228
56000000	112000000	864.39685
57000000	112000000	564.69666
58000000	112000000	157.83728
61000000	112000000	650.2703
62000000	112000000	863.2564
63000000	112000000	1110.2225
64000000	112000000	1472.7036
65000000	112000000	1628.2506
66000000	112000000	1315.4263
67000000	112000000	1029.6278
68000000	112000000	1171.7644
69000000	112000000	1779.1371
70000000	112000000	1369.5586
71000000	112000000	1312.8365
72000000	112000000	1238.7246
73000000	112000000	855.24445
74000000	112000000	448.3626
75000000	112000000	1203.829
76000000	112000000	1797.8004
77000000	112000000	3557.4019
78000000	112000000	4406.838
79000000	112000000	4364.1104
80000000	112000000	3947.765
81000000	112000000	3521.758
82000000	112000000	4280.199
83000000	112000000	4515.394
84000000	112000000	4493.0405
85000000	112000000	4879.2007
86000000	112000000	4750.5967
87000000	112000000	4489.64
88000000	112000000	4879.7583
89000000	112000000	4939.337
90000000	112000000	4799.404
91000000	112000000	4784.169
92000000	112000000	4576.5557
93000000	112000000	5075.6772
94000000	112000000	5022.7397
95000000	112000000	4784.176
96000000	112000000	4752.435
97000000	112000000	4400.332
98000000	112000000	2632.0803
99000000	112000000	1688.1079
100000000	112000000	1709.5214
101000000	112000000	2220.8313
102000000	112000000	3984.945
103000000	112000000	6559.941
104000000	112000000	5417.541
105000000	112000000	4464.227
106000000	112000000	6468.784
107000000	112000000	12769.21
108000000	112000000	28131.453
109000000	112000000	32737.197
110000000	112000000	40444.99
111000000	112000000	123133.9
112000000	112000000	444454.62
0	113000000	272.1887
1000000	113000000	263.41568
2000000	113000000	275.77505
3000000	113000000	629.8548
4000000	113000000	459.53323
5000000	113000000	286.92014
6000000	113000000	322.91388
7000000	113000000	535.0098
8000000	113000000	805.14484
9000000	113000000	1272.3186
10000000	113000000	1056.2815
11000000	113000000	1026.7576
12000000	113000000	964.5852
13000000	113000000	1058.7203
14000000	113000000	1106.853
15000000	113000000	1173.178
16000000	113000000	1028.0333
17000000	113000000	685.5913
18000000	113000000	932.917
19000000	113000000	1129.7185
20000000	113000000	729.8991
21000000	113000000	748.77606
22000000	113000000	463.766
23000000	113000000	476.68222
24000000	113000000	503.52017
25000000	113000000	501.11786
26000000	113000000	363.62405
27000000	113000000	507.67438
28000000	113000000	488.58426
29000000	113000000	661.1983
30000000	113000000	412.55167
31000000	113000000	744.61993
32000000	113000000	678.98413
33000000	113000000	816.82153
34000000	113000000	851.8643
35000000	113000000	718.99567
36000000	113000000	543.03217
37000000	113000000	521.2787
38000000	113000000	675.74066
39000000	113000000	658.94
40000000	113000000	659.54474
41000000	113000000	643.85815
42000000	113000000	721.30554
43000000	113000000	432.71173
44000000	113000000	272.60687
45000000	113000000	436.75516
46000000	113000000	789.0062
47000000	113000000	625.65454
48000000	113000000	994.3616
49000000	113000000	1202.2302
50000000	113000000	812.40027
51000000	113000000	943.8563
52000000	113000000	1167.1014
53000000	113000000	1285.7865
54000000	113000000	1248.1858
55000000	113000000	848.7638
56000000	113000000	713.00055
57000000	113000000	584.73016
58000000	113000000	437.03345
61000000	113000000	557.1745
62000000	113000000	1012.3958
63000000	113000000	1113.4247
64000000	113000000	1119.1741
65000000	113000000	1028.4786
66000000	113000000	796.16187
67000000	113000000	1086.7491
68000000	113000000	1161.3772
69000000	113000000	1195.8273
70000000	113000000	1228.2074
71000000	113000000	1306.7389
72000000	113000000	690.74115
73000000	113000000	548.8224
74000000	113000000	242.60295
75000000	113000000	707.98285
76000000	113000000	1135.2775
77000000	113000000	2457.9253
78000000	113000000	5617.559
79000000	113000000	5765.154
80000000	113000000	5276.791
81000000	113000000	3428.274
82000000	113000000	5579.429
83000000	113000000	5161.563
84000000	113000000	5642.78
85000000	113000000	6544.3447
86000000	113000000	4647.88
87000000	113000000	3433.4028
88000000	113000000	5951.708
89000000	113000000	5727.7993
90000000	113000000	3681.4756
91000000	113000000	4098.4697
92000000	113000000	2962.5156
93000000	113000000	5476.5244
94000000	113000000	5513.823
95000000	113000000	4594.5825
96000000	113000000	4855.092
97000000	113000000	3614.7886
98000000	113000000	1661.1779
99000000	113000000	1129.1555
100000000	113000000	1088.492
101000000	113000000	1368.8135
102000000	113000000	2666.2583
103000000	113000000	5981.088
104000000	113000000	3797.8281
105000000	113000000	2464.5881
106000000	113000000	3459.5676
107000000	113000000	6432.441
108000000	113000000	18996.67
109000000	113000000	25912.318
110000000	113000000	21162.695
111000000	113000000	32823.082
112000000	113000000	89147.99
113000000	113000000	434110.0
0	114000000	389.62744
1000000	114000000	420.30444
2000000	114000000	548.5103
3000000	114000000	585.03784
4000000	114000000	449.4253
5000000	114000000	586.46924
6000000	114000000	738.3086
7000000	114000000	1041.4938
8000000	114000000	1040.933
9000000	114000000	980.1417
10000000	114000000	945.7437
11000000	114000000	1114.1984
12000000	114000000	941.6802
13000000	114000000	869.5407
14000000	114000000	891.979
15000000	114000000	968.0362
16000000	114000000	830.0003
17000000	114000000	1136.705
18000000	114000000	1001.74664
19000000	114000000	941.04346
20000000	114000000	1121.8802
21000000	114000000	912.67004
22000000	114000000	815.301
23000000	114000000	862.6818
24000000	114000000	836.24133
25000000	114000000	603.3185
26000000	114000000	564.87787
27000000	114000000	591.4024
28000000	114000000	754.9773
29000000	114000000	617.4205
30000000	114000000	833.1461
31000000	114000000	671.9535
32000000	114000000	809.6469
33000000	114000000	838.0484
34000000	114000000	829.1128
35000000	114000000	864.4787
36000000	114000000	790.4604
37000000	114000000	925.32526
38000000	114000000	929.68274
39000000	114000000	857.60236
40000000	114000000	831.3366
41000000	114000000	770.8417
42000000	114000000	696.61206
43000000	114000000	825.31464
44000000	114000000	545.18823
45000000	114000000	545.7325
46000000	114000000	730.9068
47000000	114000000	735.3568
48000000	114000000	851.5189
49000000	114000000	1014.5233
50000000	114000000	1059.7837
51000000	114000000	642.2702
52000000	114000000	815.41724
53000000	114000000	833.2022
54000000	114000000	879.4364
55000000	114000000	1099.851
56000000	114000000	636.8709
57000000	114000000	433.11194
58000000	114000000	44.59655
61000000	114000000	397.33987
62000000	114000000	623.5639
63000000	114000000	848.03595
64000000	114000000	1447.7269
65000000	114000000	1583.6682
66000000	114000000	1204.5939
67000000	114000000	720.2937
68000000	114000000	925.26624
69000000	114000000	1721.9331
70000000	114000000	1138.255
71000000	114000000	957.6893
72000000	114000000	1248.927
73000000	114000000	886.00323
74000000	114000000	502.5124
75000000	114000000	1224.089
76000000	114000000	2272.652
77000000	114000000	3863.0862
78000000	114000000	3683.9912
79000000	114000000	3513.3047
80000000	114000000	3624.9832
81000000	114000000	4682.5884
82000000	114000000	4328.339
83000000	114000000	4832.0156
84000000	114000000	4186.902
85000000	114000000	4301.17
86000000	114000000	4799.4775
87000000	114000000	4992.7334
88000000	114000000	4459.0933
89000000	114000000	4236.772
90000000	114000000	5141.213
91000000	114000000	4440.2485
92000000	114000000	5312.705
93000000	114000000	4675.016
94000000	114000000	4340.6787
95000000	114000000	4201.552
96000000	114000000	3735.232
97000000	114000000	3419.7925
98000000	114000000	2250.7263
99000000	114000000	1639.0292
100000000	114000000	1539.0115
101000000	114000000	2071.2358
102000000	114000000	3338.0063
103000000	114000000	4428.243
104000000	114000000	4565.5957
105000000	114000000	3876.7764
106000000	114000000	5036.6104
107000000	114000000	7706.219
108000000	114000000	9990.032
109000000	114000000	9232.713
110000000	114000000	11213.187
111000000	114000000	12942.744
112000000	114000000	19896.537
113000000	114000000	102418.984
114000000	114000000	488888.97
0	115000000	299.50955
1000000	115000000	319.2435
2000000	115000000	389.62585
3000000	115000000	504.0524
4000000	115000000	406.17053
5000000	115000000	381.34677
6000000	115000000	470.0611
7000000	115000000	699.10223
8000000	115000000	836.9897
9000000	115000000	1003.51154
10000000	115000000	974.3645
11000000	115000000	994.4949
12000000	115000000	1040.9841
13000000	115000000	930.9714
14000000	115000000	938.7766
15000000	115000000	1074.4943
16000000	115000000	1038.7119
17000000	115000000	904.426
18000000	115000000	1018.02216
19000000	115000000	964.0292
20000000	115000000	824.5952
21000000	115000000	789.8424
22000000	115000000	699.5348
23000000	115000000	645.13226
24000000	115000000	615.0207
25000000	115000000	539.1735
26000000	115000000	458.65576
27000000	115000000	520.4947
28000000	115000000	657.5649
29000000	115000000	666.039
30000000	115000000	657.989
31000000	115000000	709.4676
32000000	115000000	738.0106
33000000	115000000	825.437
34000000	115000000	774.70526
35000000	115000000	709.79034
36000000	115000000	709.27856
37000000	115000000	653.95264
38000000	115000000	784.3093
39000000	115000000	746.0518
40000000	115000000	721.63983
41000000	115000000	616.29596
42000000	115000000	701.86975
43000000	115000000	593.10516
44000000	115000000	407.66943
45000000	115000000	508.4251
46000000	115000000	646.654
47000000	115000000	691.4485
48000000	115000000	953.0204
49000000	115000000	1219.6624
50000000	115000000	857.2594
51000000	115000000	744.2707
52000000	115000000	937.4349
53000000	115000000	979.3701
54000000	115000000	973.16254
55000000	115000000	914.8522
56000000	115000000	623.2689
57000000	115000000	412.0887
58000000	115000000	145.21576
61000000	115000000	419.92477
62000000	115000000	641.9032
63000000	115000000	749.252
64000000	115000000	1123.1725
65000000	115000000	1208.5428
66000000	115000000	945.43353
67000000	115000000	789.9958
68000000	115000000	944.25867
69000000	115000000	1381.6172
70000000	115000000	1137.9534
71000000	115000000	910.7126
72000000	115000000	879.9157
73000000	115000000	679.4689
74000000	115000000	368.96646
75000000	115000000	1027.4742
76000000	115000000	1468.8251
77000000	115000000	3168.2896
78000000	115000000	4509.135
79000000	115000000	4538.4844
80000000	115000000	4285.111
81000000	115000000	3660.9731
82000000	115000000	4823.966
83000000	115000000	4922.8867
84000000	115000000	4814.4062
85000000	115000000	5290.208
86000000	115000000	4680.388
87000000	115000000	3879.018
88000000	115000000	4569.965
89000000	115000000	4808.111
90000000	115000000	4017.8474
91000000	115000000	3860.779
92000000	115000000	3594.1504
93000000	115000000	4734.6567
94000000	115000000	4516.646
95000000	115000000	4091.2537
96000000	115000000	3960.0796
97000000	115000000	3343.897
98000000	115000000	1966.6595
99000000	115000000	1303.9596
100000000	115000000	1254.0114
101000000	115000000	1661.7753
102000000	115000000	2772.707
103000000	115000000	4945.8955
104000000	115000000	3803.0688
105000000	115000000	3124.6968
106000000	115000000	4039.5886
107000000	115000000	6378.493
108000000	115000000	10567.865
109000000	115000000	10965.215
110000000	115000000	10239.17
111000000	115000000	11826.854
112000000	115000000	17415.66
113000000	115000000	70848.24
114000000	115000000	117950.055
115000000	115000000	431951.72
0	116000000	526.95087
1000000	116000000	582.62366
2000000	116000000	823.7207
3000000	116000000	542.45306
4000000	116000000	527.6027
5000000	116000000	871.3788
6000000	116000000	1069.2074
7000000	116000000	1156.3938
8000000	116000000	977.22565
9000000	116000000	663.01526
10000000	116000000	668.8922
11000000	116000000	921.6705
12000000	116000000	792.2674
13000000	116000000	640.17444
14000000	116000000	672.254
15000000	116000000	730.2492
16000000	116000000	755.9315
17000000	116000000	1125.9884
18000000	116000000	847.1987
19000000	116000000	679.2774
20000000	116000000	1090.5743
21000000	116000000	943.4206
22000000	116000000	1146.5065
23000000	116000000	1163.5752
24000000	116000000	1012.6368
25000000	116000000	809.8091
26000000	116000000	827.7574
27000000	116000000	809.7291
28000000	116000000	1075.777
29000000	116000000	800.77405
30000000	116000000	1206.5182
31000000	116000000	761.9372
32000000	116000000	897.41364
33000000	116000000	866.8753
34000000	116000000	697.04297
35000000	116000000	1026.7334
36000000	116000000	1032.1345
37000000	116000000	1206.7078
38000000	116000000	1198.1549
39000000	116000000	1064.5684
40000000	116000000	849.7395
41000000	116000000	861.1592
42000000	116000000	653.8294
43000000	116000000	1137.4543
44000000	116000000	938.05804
45000000	116000000	792.6305
46000000	116000000	735.491
47000000	116000000	904.9827
48000000	116000000	852.1564
49000000	116000000	845.2254
50000000	116000000	1225.9077
51000000	116000000	604.0247
52000000	116000000	609.2457
53000000	116000000	574.6663
54000000	116000000	714.5784
55000000	116000000	1218.0986
56000000	116000000	666.5037
57000000	116000000	390.0107
58000000	116000000	111.4636
61000000	116000000	283.12122
62000000	116000000	484.461
63000000	116000000	689.60565
64000000	116000000	1297.8092
65000000	116000000	2162.1448
66000000	116000000	1864.2416
67000000	116000000	675.4998
68000000	116000000	988.8111
69000000	116000000	2134.2715
70000000	116000000	1210.2773
71000000	116000000	857.65643
72000000	116000000	1724.6349
73000000	116000000	1450.5171
74000000	116000000	896.4163
75000000	116000000	2177.2158
76000000	116000000	3320.7644
77000000	116000000	4899.911
78000000	116000000	3119.725
79000000	116000000	2938.4258
80000000	116000000	2924.1128
81000000	116000000	4549.144
82000000	116000000	3557.7043
83000000	116000000	4137.585
84000000	116000000	3519.0283
85000000	116000000	3275.5427
86000000	116000000	4636.3765
87000000	116000000	5478.555
88000000	116000000	3317.2666
89000000	116000000	3450.364
90000000	116000000	5210.1665
91000000	116000000	4899.053
92000000	116000000	5879.6343
93000000	116000000	4238.834
94000000	116000000	3899.5535
95000000	116000000	4471.7295
96000000	116000000	3706.4255
97000000	116000000	4324.0513
98000000	116000000	3335.4521
99000000	116000000	2549.462
100000000	116000000	2176.909
101000000	116000000	3138.8242
102000000	116000000	4318.5615
103000000	116000000	4442.9795
104000000	116000000	5501.3813
105000000	116000000	5877.495
106000000	116000000	7209.342
107000000	116000000	10289.89
108000000	116000000	8375.567
109000000	116000000	5708.9907
110000000	116000000	8690.166
111000000	116000000	9848.947
112000000	116000000	12754.655
113000000	116000000	18439.168
114000000	116000000	32944.09
115000000	116000000	116116.99
116000000	116000000	448524.8
0	117000000	415.80917
1000000	117000000	382.13705
2000000	117000000	544.152
3000000	117000000	564.5881
4000000	117000000	471.2056
5000000	117000000	471.78986
6000000	117000000	649.69507
7000000	117000000	888.9033
8000000	117000000	959.1204
9000000	117000000	992.6045
10000000	117000000	869.9778
11000000	117000000	984.80096
12000000	117000000	963.09906
13000000	117000000	891.2388
14000000	117000000	888.1526
15000000	117000000	987.9383
16000000	117000000	969.7104
17000000	117000000	1114.8429
18000000	117000000	940.7887
19000000	117000000	884.7227
20000000	117000000	999.1783
21000000	117000000	891.0469
22000000	117000000	807.7594
23000000	117000000	742.073
24000000	117000000	817.7483
25000000	117000000	709.62195
26000000	117000000	605.74615
27000000	117000000	661.56744
28000000	117000000	806.3848
29000000	117000000	814.4787
30000000	117000000	795.4388
31000000	117000000	794.3882
32000000	117000000	851.2195
33000000	117000000	901.96387
34000000	117000000	844.89923
35000000	117000000	883.05414
36000000	117000000	936.74347
37000000	117000000	922.24274
38000000	117000000	955.8328
39000000	117000000	929.4886
40000000	117000000	850.8645
41000000	117000000	829.90106
42000000	117000000	772.4656
43000000	117000000	821.1658
44000000	117000000	500.45908
45000000	117000000	664.0881
46000000	117000000	831.4118
47000000	117000000	885.3144
48000000	117000000	1021.346
49000000	117000000	1123.402
50000000	117000000	1076.0934
51000000	117000000	793.6801
52000000	117000000	901.059
53000000	117000000	915.8844
54000000	117000000	1063.3953
55000000	117000000	1134.065
56000000	117000000	743.32996
57000000	117000000	472.03137
58000000	117000000	21.30959
61000000	117000000	479.64902
62000000	117000000	730.70605
63000000	117000000	931.3283
64000000	117000000	1287.8345
65000000	117000000	1469.8314
66000000	117000000	1243.1686
67000000	117000000	908.19806
68000000	117000000	1099.8478
69000000	117000000	1772.871
70000000	117000000	1278.1279
71000000	117000000	1106.3173
72000000	117000000	1147.8097
73000000	117000000	915.4914
74000000	117000000	449.1576
75000000	117000000	1211.1014
76000000	117000000	1834.8984
77000000	117000000	3610.6428
78000000	117000000	4176.3506
79000000	117000000	4192.154
80000000	117000000	4025.9333
81000000	117000000	4754.1704
82000000	117000000	4758.41
83000000	117000000	4909.1978
84000000	117000000	4526.553
85000000	117000000	4577.1274
86000000	117000000	4603.1685
87000000	117000000	4643.5635
88000000	117000000	4626.352
89000000	117000000	4353.2773
90000000	117000000	4562.7915
91000000	117000000	4258.0513
92000000	117000000	4418.949
93000000	117000000	4824.899
94000000	117000000	4643.556
95000000	117000000	4795.264
96000000	117000000	4265.379
97000000	117000000	3752.2285
98000000	117000000	2367.5715
99000000	117000000	1622.6936
100000000	117000000	1400.4209
101000000	117000000	1919.6792
102000000	117000000	2952.7292
103000000	117000000	4769.9956
104000000	117000000	4084.1218
105000000	117000000	3638.025
106000000	117000000	4882.3696
107000000	117000000	7268.361
108000000	117000000	8970.1455
109000000	117000000	8046.254
110000000	117000000	9081.038
111000000	117000000	9332.039
112000000	117000000	11775.679
113000000	117000000	16884.28
114000000	117000000	20298.217
115000000	117000000	30345.076
116000000	117000000	100445.18
117000000	117000000	466398.7
0	118000000	195.55226
1000000	118000000	215.6763
2000000	118000000	242.29054
3000000	118000000	554.7692
4000000	118000000	401.07608
5000000	118000000	251.57336
6000000	118000000	271.57364
7000000	118000000	464.71585
8000000	118000000	873.9338
9000000	118000000	1198.8376
10000000	118000000	1059.238
11000000	118000000	1059.8329
12000000	118000000	1174.3451
13000000	118000000	1261.5265
14000000	118000000	1214.4297
15000000	118000000	1389.3715
16000000	118000000	1251.806
17000000	118000000	795.7123
18000000	118000000	1062.9884
19000000	118000000	1198.8657
20000000	118000000	795.76965
21000000	118000000	727.81433
22000000	118000000	526.21
23000000	118000000	444.0346
24000000	118000000	497.1694
25000000	118000000	469.90512
26000000	118000000	360.01782
27000000	118000000	475.00757
28000000	118000000	474.5538
29000000	118000000	582.0241
30000000	118000000	431.11136
31000000	118000000	777.69763
32000000	118000000	710.08417
33000000	118000000	918.7759
34000000	118000000	953.9017
35000000	118000000	684.0649
36000000	118000000	546.28107
37000000	118000000	529.40027
38000000	118000000	655.45636
39000000	118000000	639.3224
40000000	118000000	804.3451
41000000	118000000	612.4822
42000000	118000000	763.27734
43000000	118000000	403.998
44000000	118000000	259.09494
45000000	118000000	440.34097
46000000	118000000	787.73816
47000000	118000000	677.9697
48000000	118000000	1161.7394
49000000	118000000	1469.2191
50000000	118000000	812.91583
51000000	118000000	886.703
52000000	118000000	1109.2715
53000000	118000000	1267.6299
54000000	118000000	1178.9403
55000000	118000000	771.4057
56000000	118000000	556.88556
57000000	118000000	473.7892
58000000	118000000	174.5859
61000000	118000000	566.2566
62000000	118000000	800.7902
63000000	118000000	894.6756
64000000	118000000	869.5712
65000000	118000000	857.37866
66000000	118000000	651.6456
67000000	118000000	906.7141
68000000	118000000	929.03827
69000000	118000000	1019.94403
70000000	118000000	956.6791
71000000	118000000	1098.6512
72000000	118000000	587.4944
73000000	118000000	478.62436
74000000	118000000	192.86548
75000000	118000000	630.1696
76000000	118000000	821.5158
77000000	118000000	2473.3684
78000000	118000000	5826.0776
79000000	118000000	6269.7476
80000000	118000000	5833.5215
81000000	118000000	3671.7866
82000000	118000000	6311.877
83000000	118000000	5730.6333
84000000	118000000	6177.5537
85000000	118000000	7047.328
86000000	118000000	4740.622
87000000	118000000	3142.2205
88000000	118000000	5706.512
89000000	118000000	5709.7197
90000000	118000000	3432.8699
91000000	118000000	3586.7698
92000000	118000000	2502.9983
93000000	118000000	5593.0073
94000000	118000000	5694.3965
95000000	118000000	4619.7695
96000000	118000000	4696.3286
97000000	118000000	3064.3076
98000000	118000000	1323.7794
99000000	118000000	862.5196
100000000	118000000	821.6285
101000000	118000000	1095.5035
102000000	118000000	1963.7365
103000000	118000000	4867.932
104000000	118000000	2916.5388
105000000	118000000	1815.3751
106000000	118000000	2450.198
107000000	118000000	4048.2363
108000000	118000000	9676.986
109000000	118000000	11725.236
110000000	118000000	8634.603
111000000	118000000	8632.229
112000000	118000000	11402.187
113000000	118000000	21118.25
114000000	118000000	14492.983
115000000	118000000	24106.525
116000000	118000000	20813.848
117000000	118000000	88457.63
118000000	118000000	482533.8
0	119000000	331.71323
1000000	119000000	285.2052
2000000	119000000	322.0825
3000000	119000000	453.19244
4000000	119000000	312.0725
5000000	119000000	366.67206
6000000	119000000	391.8376
7000000	119000000	579.34845
8000000	119000000	871.16644
9000000	119000000	1153.4248
10000000	119000000	1126.2794
11000000	119000000	1195.737
12000000	119000000	1240.7399
13000000	119000000	1148.67
14000000	119000000	1253.1421
15000000	119000000	1344.5892
16000000	119000000	1304.8517
17000000	119000000	995.89374
18000000	119000000	1193.8744
19000000	119000000	1095.7136
20000000	119000000	856.4094
21000000	119000000	870.2647
22000000	119000000	679.86176
23000000	119000000	568.25024
24000000	119000000	605.4821
25000000	119000000	565.68085
26000000	119000000	404.09073
27000000	119000000	614.17395
28000000	119000000	685.0305
29000000	119000000	781.87494
30000000	119000000	619.1833
31000000	119000000	924.0775
32000000	119000000	808.3855
33000000	119000000	917.17676
34000000	119000000	915.28357
35000000	119000000	834.6666
36000000	119000000	682.7457
37000000	119000000	716.70984
38000000	119000000	895.6519
39000000	119000000	826.7062
40000000	119000000	787.87335
41000000	119000000	732.8756
42000000	119000000	745.1516
43000000	119000000	541.4543
44000000	119000000	398.2969
45000000	119000000	524.6332
46000000	119000000	886.6839
47000000	119000000	874.6725
48000000	119000000	1276.044
49000000	119000000	1509.3716
50000000	119000000	1100.803
51000000	119000000	829.8905
52000000	119000000	981.35095
53000000	119000000	1099.3427
54000000	119000000	1021.3741
55000000	119000000	703.7703
56000000	119000000	488.68945
57000000	119000000	407.22217
58000000	119000000	181.51598
61000000	119000000	407.35107
62000000	119000000	690.6169
63000000	119000000	675.6206
64000000	119000000	797.9364
65000000	119000000	860.34705
66000000	119000000	693.76666
67000000	119000000	623.8412
68000000	119000000	693.1726
69000000	119000000	933.98224
70000000	119000000	791.452
71000000	119000000	763.23834
72000000	119000000	666.185
73000000	119000000	551.6147
74000000	119000000	275.00043
75000000	119000000	780.41486
76000000	119000000	1225.9042
77000000	119000000	2951.1682
78000000	119000000	5042.5747
79000000	119000000	5438.373
80000000	119000000	5231.778
81000000	119000000	4403.903
82000000	119000000	5724.174
83000000	119000000	5681.1113
84000000	119000000	5490.3984
85000000	119000000	5535.972
86000000	119000000	4251.841
87000000	119000000	3256.338
88000000	119000000	4501.5166
89000000	119000000	4228.3345
90000000	119000000	3349.0508
91000000	119000000	3223.2043
92000000	119000000	2798.1707
93000000	119000000	4971.6665
94000000	119000000	4919.695
95000000	119000000	4352.117
96000000	119000000	4194.8184
97000000	119000000	3007.4626
98000000	119000000	1467.809
99000000	119000000	959.7721
100000000	119000000	956.8053
101000000	119000000	1206.7194
102000000	119000000	2093.2825
103000000	119000000	4350.2866
104000000	119000000	3073.4668
105000000	119000000	2413.6104
106000000	119000000	3256.2886
107000000	119000000	4820.292
108000000	119000000	8277.759
109000000	119000000	8495.185
110000000	119000000	7032.5015
111000000	119000000	7179.4717
112000000	119000000	8677.432
113000000	119000000	13548.997
114000000	119000000	11400.43
115000000	119000000	14582.544
116000000	119000000	13832.677
117000000	119000000	25401.084
118000000	119000000	89466.1
119000000	119000000	458976.06
0	120000000	389.02487
1000000	120000000	425.1353
2000000	120000000	617.8028
3000000	120000000	464.84402
4000000	120000000	378.11035
5000000	120000000	624.3324
6000000	120000000	808.8259
7000000	120000000	967.4689
8000000	120000000	937.3558
9000000	120000000	728.20886
10000000	120000000	698.324
11000000	120000000	1008.7643
12000000	120000000	982.1982
13000000	120000000	776.29474
14000000	120000000	758.4031
15000000	120000000	829.8282
16000000	120000000	910.68304
17000000	120000000	1402.1328
18000000	120000000	1047.5135
19000000	120000000	712.93787
20000000	120000000	987.4888
21000000	120000000	1054.5419
22000000	120000000	1122.7949
23000000	120000000	1000.1538
24000000	120000000	919.7095
25000000	120000000	755.8488
26000000	120000000	739.4384
27000000	120000000	768.49615
28000000	120000000	1028.037
29000000	120000000	837.8318
30000000	120000000	1189.0186
31000000	120000000	882.4277
32000000	120000000	946.4525
33000000	120000000	919.5356
34000000	120000000	759.5305
35000000	120000000	1033.3595
36000000	120000000	1009.48944
37000000	120000000	1154.6604
38000000	120000000	1086.5651
39000000	120000000	1014.6841
40000000	120000000	824.73676
41000000	120000000	868.87506
42000000	120000000	690.207
43000000	120000000	977.5116
44000000	120000000	699.2136
45000000	120000000	694.3424
46000000	120000000	773.8096
47000000	120000000	1074.1355
48000000	120000000	1090.6034
49000000	120000000	1036.7578
50000000	120000000	1263.8816
51000000	120000000	623.07764
52000000	120000000	613.76056
53000000	120000000	569.94293
54000000	120000000	713.0989
55000000	120000000	940.29785
56000000	120000000	532.5679
57000000	120000000	325.80203
58000000	120000000	58.83259
61000000	120000000	229.90265
62000000	120000000	415.66095
63000000	120000000	527.4376
64000000	120000000	1005.7659
65000000	120000000	1404.9385
66000000	120000000	1167.5355
67000000	120000000	445.26233
68000000	120000000	558.97205
69000000	120000000	1312.3898
70000000	120000000	790.86865
71000000	120000000	599.93677
72000000	120000000	1174.7013
73000000	120000000	976.5785
74000000	120000000	556.3359
75000000	120000000	1433.7252
76000000	120000000	2407.9167
77000000	120000000	4211.1235
78000000	120000000	3151.5032
79000000	120000000	3118.3254
80000000	120000000	3239.2644
81000000	120000000	5325.8877
82000000	120000000	3816.69
83000000	120000000	4472.09
84000000	120000000	3694.63
85000000	120000000	3241.8923
86000000	120000000	4172.8193
87000000	120000000	4466.779
88000000	120000000	3218.824
89000000	120000000	3329.3462
90000000	120000000	4333.5127
91000000	120000000	3731.1694
92000000	120000000	4631.568
93000000	120000000	4329.435
94000000	120000000	4049.153
95000000	120000000	4659.3477
96000000	120000000	3576.5986
97000000	120000000	3403.4226
98000000	120000000	2213.7268
99000000	120000000	1657.5189
100000000	120000000	1515.0071
101000000	120000000	2006.0109
102000000	120000000	3221.9983
103000000	120000000	3774.1912
104000000	120000000	4152.3027
105000000	120000000	4425.1216
106000000	120000000	5423.2803
107000000	120000000	7557.212
108000000	120000000	6661.298
109000000	120000000	4359.1206
110000000	120000000	6413.952
111000000	120000000	6418.053
112000000	120000000	7442.768
113000000	120000000	7244.6567
114000000	120000000	11758.611
115000000	120000000	10941.218
116000000	120000000	18043.059
117000000	120000000	22423.021
118000000	120000000	32636.402
119000000	120000000	147617.38
120000000	120000000	434299.0
0	121000000	323.75058
1000000	121000000	376.28326
2000000	121000000	489.4341
3000000	121000000	601.8488
4000000	121000000	436.79437
5000000	121000000	456.86154
6000000	121000000	545.04755
7000000	121000000	781.6167
8000000	121000000	1010.41125
9000000	121000000	1003.1072
10000000	121000000	944.3803
11000000	121000000	1065.3491
12000000	121000000	1053.177
13000000	121000000	999.84973
14000000	121000000	985.1318
15000000	121000000	1053.5331
16000000	121000000	1082.5023
17000000	121000000	1022.2639
18000000	121000000	1069.6327
19000000	121000000	1015.3705
20000000	121000000	1014.59955
21000000	121000000	960.01764
22000000	121000000	696.26196
23000000	121000000	677.1985
24000000	121000000	699.04663
25000000	121000000	645.4332
26000000	121000000	489.9784
27000000	121000000	632.4614
28000000	121000000	742.15186
29000000	121000000	768.18274
30000000	121000000	700.3955
31000000	121000000	803.35144
32000000	121000000	776.52026
33000000	121000000	894.18835
34000000	121000000	886.7196
35000000	121000000	831.10614
36000000	121000000	807.44196
37000000	121000000	786.5296
38000000	121000000	860.5145
39000000	121000000	876.0085
40000000	121000000	790.2258
41000000	121000000	730.05225
42000000	121000000	779.7941
43000000	121000000	668.102
44000000	121000000	450.78174
45000000	121000000	591.19666
46000000	121000000	842.4289
47000000	121000000	826.1972
48000000	121000000	1164.3992
49000000	121000000	1262.4989
50000000	121000000	1075.3984
51000000	121000000	819.99493
52000000	121000000	880.01733
53000000	121000000	888.77124
54000000	121000000	979.0481
55000000	121000000	894.9531
56000000	121000000	580.6067
57000000	121000000	481.4334
58000000	121000000	68.25846
61000000	121000000	416.109
62000000	121000000	656.47437
63000000	121000000	726.68005
64000000	121000000	1042.0145
65000000	121000000	1216.2955
66000000	121000000	965.6212
67000000	121000000	766.7231
68000000	121000000	867.0925
69000000	121000000	1370.4705
70000000	121000000	974.6562
71000000	121000000	895.20776
72000000	121000000	950.82935
73000000	121000000	746.14905
74000000	121000000	443.38312
75000000	121000000	1018.8263
76000000	121000000	1629.5023
77000000	121000000	3222.7908
78000000	121000000	4503.732
79000000	121000000	4437.992
80000000	121000000	4297.3857
81000000	121000000	4176.675
82000000	121000000	4829.8994
83000000	121000000	4640.34
84000000	121000000	4533.8174
85000000	121000000	4721.4795
86000000	121000000	4271.552
87000000	121000000	3729.9905
88000000	121000000	4314.2524
89000000	121000000	4275.13
90000000	121000000	3744.7063
91000000	121000000	3450.2363
92000000	121000000	3335.0393
93000000	121000000	4574.0923
94000000	121000000	4447.3633
95000000	121000000	4366.6973
96000000	121000000	4071.6472
97000000	121000000	3233.6072
98000000	121000000	1880.2437
99000000	121000000	1322.4584
100000000	121000000	1176.2415
101000000	121000000	1526.992
102000000	121000000	2524.9817
103000000	121000000	4425.7754
104000000	121000000	3531.9177
105000000	121000000	2957.2114
106000000	121000000	3608.8232
107000000	121000000	5184.6675
108000000	121000000	7554.8765
109000000	121000000	7291.5796
110000000	121000000	6790.122
111000000	121000000	6432.0337
112000000	121000000	7890.494
113000000	121000000	9953.684
114000000	121000000	9350.744
115000000	121000000	10766.361
116000000	121000000	11169.66
117000000	121000000	17277.123
118000000	121000000	28495.51
119000000	121000000	41222.32
120000000	121000000	108591.94
121000000	121000000	440398.03
0	122000000	393.1227
1000000	122000000	362.90027
2000000	122000000	451.83835
3000000	122000000	684.07153
4000000	122000000	508.30115
5000000	122000000	467.90375
6000000	122000000	530.74176
7000000	122000000	780.9426
8000000	122000000	976.313
9000000	122000000	1116.0729
10000000	122000000	990.4932
11000000	122000000	1012.91394
12000000	122000000	1069.7108
13000000	122000000	952.55975
14000000	122000000	1008.3943
15000000	122000000	1098.6854
16000000	122000000	1056.0933
17000000	122000000	984.0548
18000000	122000000	947.72577
19000000	122000000	982.3904
20000000	122000000	990.1975
21000000	122000000	809.4364
22000000	122000000	686.8957
23000000	122000000	639.5185
24000000	122000000	605.8189
25000000	122000000	624.1869
26000000	122000000	534.3722
27000000	122000000	571.07935
28000000	122000000	660.9451
29000000	122000000	665.31335
30000000	122000000	667.9291
31000000	122000000	798.0625
32000000	122000000	773.0852
33000000	122000000	960.5816
34000000	122000000	935.25146
35000000	122000000	800.9145
36000000	122000000	716.07855
37000000	122000000	754.3375
38000000	122000000	770.10223
39000000	122000000	814.8313
40000000	122000000	824.2933
41000000	122000000	789.9086
42000000	122000000	761.20544
43000000	122000000	672.44434
44000000	122000000	443.06015
45000000	122000000	511.61618
46000000	122000000	900.26935
47000000	122000000	712.2969
48000000	122000000	968.1195
49000000	122000000	1165.7043
50000000	122000000	988.3999
51000000	122000000	799.08057
52000000	122000000	933.3354
53000000	122000000	1000.4025
54000000	122000000	1116.4814
55000000	122000000	967.79083
56000000	122000000	694.7103
57000000	122000000	548.13385
58000000	122000000	96.111755
61000000	122000000	597.1723
62000000	122000000	831.9175
63000000	122000000	959.256
64000000	122000000	1309.5693
65000000	122000000	1228.4143
66000000	122000000	1046.4368
67000000	122000000	902.14105
68000000	122000000	1117.175
69000000	122000000	1433.5238
70000000	122000000	1211.936
71000000	122000000	1079.4001
72000000	122000000	991.2219
73000000	122000000	691.24115
74000000	122000000	401.3411
75000000	122000000	957.9857
76000000	122000000	1547.7461
77000000	122000000	3093.8254
78000000	122000000	4263.667
79000000	122000000	4402.5015
80000000	122000000	4217.0776
81000000	122000000	4524.7314
82000000	122000000	4716.8076
83000000	122000000	4488.3335
84000000	122000000	4374.252
85000000	122000000	4599.255
86000000	122000000	4152.0767
87000000	122000000	3911.9482
88000000	122000000	4502.686
89000000	122000000	4551.116
90000000	122000000	3762.2195
91000000	122000000	3675.6653
92000000	122000000	3576.7068
93000000	122000000	4440.581
94000000	122000000	4349.502
95000000	122000000	4058.7258
96000000	122000000	3855.827
97000000	122000000	3272.7637
98000000	122000000	1708.1886
99000000	122000000	1204.074
100000000	122000000	1097.5062
101000000	122000000	1414.984
102000000	122000000	2477.7224
103000000	122000000	4208.9014
104000000	122000000	3403.7778
105000000	122000000	2554.5024
106000000	122000000	3181.4548
107000000	122000000	4703.068
108000000	122000000	7407.321
109000000	122000000	7378.3687
110000000	122000000	6647.947
111000000	122000000	6131.034
112000000	122000000	7467.4854
113000000	122000000	9328.253
114000000	122000000	8629.75
115000000	122000000	9400.81
116000000	122000000	9607.551
117000000	122000000	14363.707
118000000	122000000	19858.85
119000000	122000000	21829.777
120000000	122000000	26081.57
121000000	122000000	107196.68
122000000	122000000	478436.72
0	123000000	401.1878
1000000	123000000	364.56973
2000000	123000000	418.32602
3000000	123000000	624.5218
4000000	123000000	552.89386
5000000	123000000	445.42572
6000000	123000000	528.5704
7000000	123000000	747.2602
8000000	123000000	897.78406
9000000	123000000	1114.2069
10000000	123000000	949.69305
11000000	123000000	976.97314
12000000	123000000	924.7616
13000000	123000000	961.7326
14000000	123000000	945.1364
15000000	123000000	1027.8602
16000000	123000000	1023.7411
17000000	123000000	858.3459
18000000	123000000	927.50806
19000000	123000000	972.669
20000000	123000000	871.6911
21000000	123000000	837.63837
22000000	123000000	655.7729
23000000	123000000	610.32025
24000000	123000000	670.4848
25000000	123000000	586.7693
26000000	123000000	469.33652
27000000	123000000	512.19
28000000	123000000	561.51544
29000000	123000000	592.7391
30000000	123000000	620.8642
31000000	123000000	667.40515
32000000	123000000	801.641
33000000	123000000	859.36926
34000000	123000000	851.8054
35000000	123000000	703.60284
36000000	123000000	660.59296
37000000	123000000	648.35223
38000000	123000000	762.0216
39000000	123000000	700.2232
40000000	123000000	760.3914
41000000	123000000	680.54456
42000000	123000000	715.3096
43000000	123000000	616.5169
44000000	123000000	429.0631
45000000	123000000	506.17117
46000000	123000000	756.45746
47000000	123000000	635.6899
48000000	123000000	926.904
49000000	123000000	1063.792
50000000	123000000	921.72125
51000000	123000000	731.1536
52000000	123000000	969.7592
53000000	123000000	972.54333
54000000	123000000	1052.6871
55000000	123000000	968.8104
56000000	123000000	707.05304
57000000	123000000	513.79675
58000000	123000000	117.28824
61000000	123000000	522.49884
62000000	123000000	848.61597
63000000	123000000	928.27374
64000000	123000000	1249.8743
65000000	123000000	1279.6558
66000000	123000000	1011.57465
67000000	123000000	903.54083
68000000	123000000	1012.16156
69000000	123000000	1315.5969
70000000	123000000	1147.5068
71000000	123000000	1106.1179
72000000	123000000	907.9032
73000000	123000000	710.6524
74000000	123000000	345.17078
75000000	123000000	916.05865
76000000	123000000	1454.6881
77000000	123000000	2889.239
78000000	123000000	4106.3594
79000000	123000000	4121.326
80000000	123000000	3823.4524
81000000	123000000	3605.5154
82000000	123000000	4391.791
83000000	123000000	4376.713
84000000	123000000	4302.6304
85000000	123000000	4590.059
86000000	123000000	4330.1733
87000000	123000000	3890.8557
88000000	123000000	4477.6577
89000000	123000000	4535.7417
90000000	123000000	3593.9075
91000000	123000000	3543.9866
92000000	123000000	3432.8198
93000000	123000000	4305.4697
94000000	123000000	4278.279
95000000	123000000	3840.4292
96000000	123000000	3806.6797
97000000	123000000	3044.9255
98000000	123000000	1645.5012
99000000	123000000	1124.755
100000000	123000000	1027.7245
101000000	123000000	1337.2853
102000000	123000000	2571.2761
103000000	123000000	4237.583
104000000	123000000	3143.3447
105000000	123000000	2300.1492
106000000	123000000	2869.6719
107000000	123000000	4405.2666
108000000	123000000	7056.9736
109000000	123000000	6864.124
110000000	123000000	6208.1235
111000000	123000000	5965.032
112000000	123000000	7426.934
113000000	123000000	8563.545
114000000	123000000	7925.43
115000000	123000000	8672.208
116000000	123000000	8197.952
117000000	123000000	11213.1875
118000000	123000000	15235.504
119000000	123000000	14717.006
120000000	123000000	14734.576
121000000	123000000	29763.996
122000000	123000000	77085.98
123000000	123000000	450654.0
0	124000000	353.13297
1000000	124000000	273.57047
2000000	124000000	363.5851
3000000	124000000	635.3565
4000000	124000000	542.51575
5000000	124000000	397.11703
6000000	124000000	417.20676
7000000	124000000	699.6316
8000000	124000000	859.10657
9000000	124000000	1156.6614
10000000	124000000	1023.2784
11000000	124000000	976.1588
12000000	124000000	991.31995
13000000	124000000	949.6992
14000000	124000000	1011.64014
15000000	124000000	1109.3549
16000000	124000000	961.1918
17000000	124000000	769.51794
18000000	124000000	933.55756
19000000	124000000	980.9631
20000000	124000000	775.2113
21000000	124000000	696.4134
22000000	124000000	542.12994
23000000	124000000	503.53555
24000000	124000000	558.7303
25000000	124000000	469.04858
26000000	124000000	400.13385
27000000	124000000	484.3776
28000000	124000000	506.17572
29000000	124000000	557.6828
30000000	124000000	453.53397
31000000	124000000	658.7047
32000000	124000000	677.1205
33000000	124000000	822.2545
34000000	124000000	827.32404
35000000	124000000	657.20685
36000000	124000000	534.82983
37000000	124000000	516.39197
38000000	124000000	655.64
39000000	124000000	661.1086
40000000	124000000	723.7318
41000000	124000000	678.5565
42000000	124000000	725.5337
43000000	124000000	506.20978
44000000	124000000	323.19775
45000000	124000000	448.6745
46000000	124000000	781.045
47000000	124000000	577.91565
48000000	124000000	861.0113
49000000	124000000	982.49426
50000000	124000000	745.0537
51000000	124000000	792.4174
52000000	124000000	965.34607
53000000	124000000	1037.0421
54000000	124000000	989.5653
55000000	124000000	864.28204
56000000	124000000	633.12195
57000000	124000000	548.0686
58000000	124000000	78.01085
61000000	124000000	506.04495
62000000	124000000	828.1801
63000000	124000000	1056.3428
64000000	124000000	1105.828
65000000	124000000	1037.294
66000000	124000000	847.97015
67000000	124000000	953.2302
68000000	124000000	967.4318
69000000	124000000	1150.5243
70000000	124000000	1140.596
71000000	124000000	1119.0614
72000000	124000000	758.7562
73000000	124000000	579.3317
74000000	124000000	299.90213
75000000	124000000	709.8303
76000000	124000000	1059.2598
77000000	124000000	2361.0273
78000000	124000000	4064.323
79000000	124000000	4189.9688
80000000	124000000	3975.345
81000000	124000000	3085.1555
82000000	124000000	4313.802
83000000	124000000	4037.4702
84000000	124000000	4101.8394
85000000	124000000	4581.878
86000000	124000000	3668.1936
87000000	124000000	3257.1023
88000000	124000000	4373.94
89000000	124000000	4337.271
90000000	124000000	3093.606
91000000	124000000	3133.725
92000000	124000000	2763.1045
93000000	124000000	4039.1736
94000000	124000000	3961.9724
95000000	124000000	3407.0972
96000000	124000000	3591.1965
97000000	124000000	2741.939
98000000	124000000	1404.8932
99000000	124000000	867.677
100000000	124000000	854.45123
101000000	124000000	1034.6305
102000000	124000000	1970.4724
103000000	124000000	3704.6477
104000000	124000000	2557.919
105000000	124000000	1788.3264
106000000	124000000	2364.2727
107000000	124000000	3321.353
108000000	124000000	6568.3896
109000000	124000000	7116.575
110000000	124000000	5750.546
111000000	124000000	5252.109
112000000	124000000	6589.9624
113000000	124000000	8427.535
114000000	124000000	6644.5234
115000000	124000000	7499.147
116000000	124000000	6118.944
117000000	124000000	8774.198
118000000	124000000	12924.977
119000000	124000000	11610.878
120000000	124000000	9432.725
121000000	124000000	16721.777
122000000	124000000	26332.564
123000000	124000000	128412.26
124000000	124000000	446911.4
0	125000000	428.66208
1000000	125000000	334.96317
2000000	125000000	375.83978
3000000	125000000	597.9124
4000000	125000000	578.7744
5000000	125000000	428.36172
6000000	125000000	516.644
7000000	125000000	723.6876
8000000	125000000	824.34686
9000000	125000000	978.8705
10000000	125000000	905.4202
11000000	125000000	883.9119
12000000	125000000	846.41846
13000000	125000000	812.6883
14000000	125000000	830.00964
15000000	125000000	923.0601
16000000	125000000	839.88806
17000000	125000000	918.30585
18000000	125000000	763.52966
19000000	125000000	810.34875
20000000	125000000	800.05347
21000000	125000000	769.2223
22000000	125000000	561.9019
23000000	125000000	531.3739
24000000	125000000	568.20056
25000000	125000000	409.63885
26000000	125000000	383.13104
27000000	125000000	419.17422
28000000	125000000	456.99805
29000000	125000000	455.7021
30000000	125000000	525.53296
31000000	125000000	533.8992
32000000	125000000	564.26544
33000000	125000000	712.08075
34000000	125000000	827.6761
35000000	125000000	604.28766
36000000	125000000	488.42786
37000000	125000000	605.2703
38000000	125000000	635.0841
39000000	125000000	612.1901
40000000	125000000	706.24286
41000000	125000000	798.61426
42000000	125000000	577.0093
43000000	125000000	621.46204
44000000	125000000	361.14728
45000000	125000000	422.06747
46000000	125000000	770.773
47000000	125000000	485.3829
48000000	125000000	716.25323
49000000	125000000	764.41266
50000000	125000000	651.32556
51000000	125000000	629.2439
52000000	125000000	878.9911
53000000	125000000	868.0085
54000000	125000000	809.77594
55000000	125000000	696.4146
56000000	125000000	741.67145
57000000	125000000	641.9544
58000000	125000000	229.9387
61000000	125000000	581.0568
62000000	125000000	975.29767
63000000	125000000	1397.5385
64000000	125000000	1572.3566
65000000	125000000	1022.79755
66000000	125000000	811.2985
67000000	125000000	932.23486
68000000	125000000	910.27576
69000000	125000000	1081.9661
70000000	125000000	999.2571
71000000	125000000	1066.6002
72000000	125000000	774.6175
73000000	125000000	574.51733
74000000	125000000	314.97717
75000000	125000000	755.71466
76000000	125000000	1224.7622
77000000	125000000	2096.1387
78000000	125000000	2789.009
79000000	125000000	3078.9539
80000000	125000000	3052.814
81000000	125000000	3916.5352
82000000	125000000	3401.3643
83000000	125000000	3359.547
84000000	125000000	3233.7144
85000000	125000000	3509.7458
86000000	125000000	2946.7405
87000000	125000000	3342.0352
88000000	125000000	3901.7195
89000000	125000000	3462.4749
90000000	125000000	3056.7034
91000000	125000000	2758.8074
92000000	125000000	3253.9097
93000000	125000000	2978.8782
94000000	125000000	3001.85
95000000	125000000	2771.516
96000000	125000000	2714.3184
97000000	125000000	2228.322
98000000	125000000	1368.2587
99000000	125000000	895.48224
100000000	125000000	815.6889
101000000	125000000	1104.1481
102000000	125000000	1796.9276
103000000	125000000	2736.1667
104000000	125000000	2303.3206
105000000	125000000	1750.5944
106000000	125000000	2430.3848
107000000	125000000	2979.9683
108000000	125000000	4822.3354
109000000	125000000	5080.495
110000000	125000000	4894.5547
111000000	125000000	4165.799
112000000	125000000	5037.16
113000000	125000000	5817.3555
114000000	125000000	6036.026
115000000	125000000	5457.9385
116000000	125000000	5221.3716
117000000	125000000	7097.279
118000000	125000000	8151.2407
119000000	125000000	8051.917
120000000	125000000	7553.163
121000000	125000000	10470.887
122000000	125000000	16460.13
123000000	125000000	31306.465
124000000	125000000	112766.85
125000000	125000000	472871.47
0	126000000	520.4076
1000000	126000000	442.30057
2000000	126000000	542.5477
3000000	126000000	644.70807
4000000	126000000	575.95435
5000000	126000000	554.434
6000000	126000000	673.96246
7000000	126000000	995.40625
8000000	126000000	1038.2725
9000000	126000000	812.8334
10000000	126000000	797.65405
11000000	126000000	884.9365
12000000	126000000	843.4973
13000000	126000000	800.7814
14000000	126000000	777.1297
15000000	126000000	789.56946
16000000	126000000	760.5627
17000000	126000000	1006.37335
18000000	126000000	822.31476
19000000	126000000	750.2398
20000000	126000000	994.196
21000000	126000000	893.078
22000000	126000000	737.2108
23000000	126000000	672.76904
24000000	126000000	706.90326
25000000	126000000	596.07837
26000000	126000000	530.586
27000000	126000000	525.38153
28000000	126000000	607.03534
29000000	126000000	604.72284
30000000	126000000	721.6925
31000000	126000000	640.2449
32000000	126000000	754.62494
33000000	126000000	790.9247
34000000	126000000	778.9939
35000000	126000000	759.0326
36000000	126000000	732.9609
37000000	126000000	836.8173
38000000	126000000	819.4534
39000000	126000000	762.6323
40000000	126000000	763.3168
41000000	126000000	817.34906
42000000	126000000	653.07697
43000000	126000000	795.35114
44000000	126000000	493.9883
45000000	126000000	522.9254
46000000	126000000	728.84894
47000000	126000000	643.0449
48000000	126000000	717.134
49000000	126000000	793.5567
50000000	126000000	900.1818
51000000	126000000	626.54285
52000000	126000000	703.0314
53000000	126000000	714.4352
54000000	126000000	775.5296
55000000	126000000	937.4347
56000000	126000000	718.84064
57000000	126000000	526.24615
58000000	126000000	172.07834
61000000	126000000	353.02994
62000000	126000000	759.0537
63000000	126000000	1128.3951
64000000	126000000	1520.5647
65000000	126000000	1405.8237
66000000	126000000	1140.8546
67000000	126000000	844.88367
68000000	126000000	914.5655
69000000	126000000	1356.3784
70000000	126000000	1050.586
71000000	126000000	1075.1805
72000000	126000000	1115.3085
73000000	126000000	773.3116
74000000	126000000	447.6746
75000000	126000000	1097.4535
76000000	126000000	1679.3899
77000000	126000000	2814.9077
78000000	126000000	2719.9602
79000000	126000000	2592.208
80000000	126000000	2649.2307
81000000	126000000	3627.7957
82000000	126000000	3010.728
83000000	126000000	3157.6301
84000000	126000000	2755.7188
85000000	126000000	2780.4802
86000000	126000000	3304.5962
87000000	126000000	3741.7869
88000000	126000000	3171.2002
89000000	126000000	3130.3855
90000000	126000000	3633.0408
91000000	126000000	3172.8376
92000000	126000000	3844.267
93000000	126000000	2912.4954
94000000	126000000	2920.0005
95000000	126000000	3109.0754
96000000	126000000	2885.9082
97000000	126000000	2800.6897
98000000	126000000	1964.959
99000000	126000000	1270.8889
100000000	126000000	1168.7916
101000000	126000000	1499.8846
102000000	126000000	2319.1782
103000000	126000000	3201.4756
104000000	126000000	3002.6765
105000000	126000000	2547.4268
106000000	126000000	3172.6008
107000000	126000000	4165.83
108000000	126000000	4862.272
109000000	126000000	4042.5205
110000000	126000000	4647.077
111000000	126000000	4497.4194
112000000	126000000	4925.2944
113000000	126000000	4994.967
114000000	126000000	6326.108
115000000	126000000	5246.742
116000000	126000000	6361.1577
117000000	126000000	7123.7
118000000	126000000	6486.0728
119000000	126000000	7147.233
120000000	126000000	8551.186
121000000	126000000	9695.936
122000000	126000000	13496.948
123000000	126000000	24540.982
124000000	126000000	53373.547
125000000	126000000	193824.06
126000000	126000000	451810.16
0	127000000	704.2531
1000000	127000000	886.74646
2000000	127000000	1027.502
3000000	127000000	623.0974
4000000	127000000	606.51117
5000000	127000000	1082.2942
6000000	127000000	1417.0278
7000000	127000000	1120.6588
8000000	127000000	899.1352
9000000	127000000	638.9833
10000000	127000000	760.5124
11000000	127000000	928.8069
12000000	127000000	903.5514
13000000	127000000	641.6016
14000000	127000000	691.0266
15000000	127000000	686.8688
16000000	127000000	760.53235
17000000	127000000	1093.5262
18000000	127000000	798.30945
19000000	127000000	648.80084
20000000	127000000	879.4749
21000000	127000000	989.3186
22000000	127000000	1324.3356
23000000	127000000	1304.0776
24000000	127000000	1177.613
25000000	127000000	1104.6654
26000000	127000000	1127.1375
27000000	127000000	1083.0435
28000000	127000000	1170.3973
29000000	127000000	1178.9515
30000000	127000000	1558.979
31000000	127000000	997.8266
32000000	127000000	1120.8503
33000000	127000000	923.03845
34000000	127000000	707.71106
35000000	127000000	1175.2909
36000000	127000000	1334.7974
37000000	127000000	1312.9818
38000000	127000000	1284.9263
39000000	127000000	1174.9788
40000000	127000000	917.90875
41000000	127000000	791.2589
42000000	127000000	834.5493
43000000	127000000	1185.8422
44000000	127000000	1291.1333
45000000	127000000	1112.5494
46000000	127000000	772.4915
47000000	127000000	1212.5935
48000000	127000000	929.56537
49000000	127000000	865.40344
50000000	127000000	1097.992
51000000	127000000	617.0904
52000000	127000000	471.53574
53000000	127000000	472.6874
54000000	127000000	652.7933
55000000	127000000	1066.4474
56000000	127000000	624.8337
57000000	127000000	299.09317
58000000	127000000	72.01276
61000000	127000000	308.14105
62000000	127000000	409.5552
63000000	127000000	500.59106
64000000	127000000	1073.0411
65000000	127000000	2412.4146
66000000	127000000	1942.0531
67000000	127000000	627.98364
68000000	127000000	802.3257
69000000	127000000	1631.7303
70000000	127000000	941.5863
71000000	127000000	749.2736
72000000	127000000	2009.4724
73000000	127000000	2187.883
74000000	127000000	992.8173
75000000	127000000	3150.9502
76000000	127000000	3018.409
77000000	127000000	3881.2188
78000000	127000000	2322.5432
79000000	127000000	2075.1982
80000000	127000000	2137.7761
81000000	127000000	2876.955
82000000	127000000	2372.9214
83000000	127000000	2776.7146
84000000	127000000	2328.0947
85000000	127000000	2108.7554
86000000	127000000	3279.0386
87000000	127000000	3794.0857
88000000	127000000	2073.6985
89000000	127000000	2299.6128
90000000	127000000	3680.03
91000000	127000000	3977.184
92000000	127000000	3985.87
93000000	127000000	3219.2593
94000000	127000000	2977.6636
95000000	127000000	3756.1868
96000000	127000000	3567.7097
97000000	127000000	4584.982
98000000	127000000	4721.431
99000000	127000000	3193.9966
100000000	127000000	2909.58
101000000	127000000	3474.6677
102000000	127000000	4217.405
103000000	127000000	4136.997
104000000	127000000	4376.9727
105000000	127000000	5703.659
106000000	127000000	6201.473
107000000	127000000	7910.5674
108000000	127000000	4800.7363
109000000	127000000	2854.458
110000000	127000000	4286.192
111000000	127000000	4840.799
112000000	127000000	5069.7593
113000000	127000000	3766.6726
114000000	127000000	5374.229
115000000	127000000	4854.1147
116000000	127000000	8183.711
117000000	127000000	6438.7075
118000000	127000000	4117.259
119000000	127000000	4430.7056
120000000	127000000	7476.4707
121000000	127000000	7894.462
122000000	127000000	9494.058
123000000	127000000	16452.81
124000000	127000000	21108.924
125000000	127000000	26181.355
126000000	127000000	76441.625
127000000	127000000	504360.7
0	128000000	961.17444
1000000	128000000	1418.2812
2000000	128000000	1682.2666
3000000	128000000	430.8352
4000000	128000000	589.70667
5000000	128000000	1890.3143
6000000	128000000	2255.8982
7000000	128000000	981.1547
8000000	128000000	620.3113
9000000	128000000	207.31885
10000000	128000000	282.21307
11000000	128000000	408.78146
12000000	128000000	337.94656
13000000	128000000	280.3843
14000000	128000000	268.3003
15000000	128000000	242.04285
16000000	128000000	286.2939
17000000	128000000	698.80237
18000000	128000000	393.8161
19000000	128000000	326.74695
20000000	128000000	681.1523
21000000	128000000	638.72437
22000000	128000000	1066.8364
23000000	128000000	1537.6614
24000000	128000000	1089.8945
25000000	128000000	962.9523
26000000	128000000	1170.0217
27000000	128000000	833.2503
28000000	128000000	921.79724
29000000	128000000	709.5917
30000000	128000000	1486.5502
31000000	128000000	512.4659
32000000	128000000	725.212
33000000	128000000	606.6796
34000000	128000000	410.63925
35000000	128000000	825.0354
36000000	128000000	975.97546
37000000	128000000	1181.9901
38000000	128000000	948.3383
39000000	128000000	901.58575
40000000	128000000	630.88666
41000000	128000000	597.9041
42000000	128000000	456.4696
43000000	128000000	1392.5735
44000000	128000000	2049.5488
45000000	128000000	957.88885
46000000	128000000	485.76178
47000000	128000000	706.5544
48000000	128000000	463.37213
49000000	128000000	342.8357
50000000	128000000	669.85596
51000000	128000000	271.1581
52000000	128000000	236.72981
53000000	128000000	227.52048
54000000	128000000	280.5838
55000000	128000000	749.66693
56000000	128000000	507.45886
57000000	128000000	231.80637
58000000	128000000	39.50081
61000000	128000000	148.18466
62000000	128000000	219.17204
63000000	128000000	384.55988
64000000	128000000	768.7261
65000000	128000000	2529.961
66000000	128000000	2524.7288
67000000	128000000	372.43958
68000000	128000000	553.6188
69000000	128000000	1468.6653
70000000	128000000	706.41174
71000000	128000000	486.41522
72000000	128000000	3137.1624
73000000	128000000	4186.331
74000000	128000000	2683.6536
75000000	128000000	5480.63
76000000	128000000	3792.1052
77000000	128000000	3097.5947
78000000	128000000	663.5614
79000000	128000000	666.6705
80000000	128000000	655.1971
81000000	128000000	1467.8798
82000000	128000000	876.8085
83000000	128000000	920.7186
84000000	128000000	690.1887
85000000	128000000	625.4041
86000000	128000000	1699.7103
87000000	128000000	2463.5173
88000000	128000000	809.1269
89000000	128000000	915.72723
90000000	128000000	2042.8529
91000000	128000000	2659.06
92000000	128000000	3094.419
93000000	128000000	1328.9546
94000000	128000000	1289.0012
95000000	128000000	1564.1672
96000000	128000000	1497.347
97000000	128000000	2922.8005
98000000	128000000	5553.26
99000000	128000000	6171.712
100000000	128000000	5917.5073
101000000	128000000	5663.9346
102000000	128000000	4729.331
103000000	128000000	2250.2788
104000000	128000000	4301.7554
105000000	128000000	5590.5264
106000000	128000000	5317.053
107000000	128000000	5114.4595
108000000	128000000	1870.585
109000000	128000000	973.1259
110000000	128000000	1673.34
111000000	128000000	2057.3853
112000000	128000000	2002.2772
113000000	128000000	1230.7379
114000000	128000000	2558.907
115000000	128000000	2038.2096
116000000	128000000	4974.1655
117000000	128000000	2729.2483
118000000	128000000	1358.6489
119000000	128000000	2058.6404
120000000	128000000	4227.3203
121000000	128000000	3149.977
122000000	128000000	3380.1619
123000000	128000000	4310.12
124000000	128000000	4090.4697
125000000	128000000	5243.4385
126000000	128000000	9703.867
127000000	128000000	64808.715
128000000	128000000	642896.56
0	129000000	879.23596
1000000	129000000	1260.1775
2000000	129000000	1269.2316
3000000	129000000	558.8659
4000000	129000000	554.78656
5000000	129000000	1423.8563
6000000	129000000	1670.1096
7000000	129000000	857.92676
8000000	129000000	536.67065
9000000	129000000	263.63498
10000000	129000000	274.04324
11000000	129000000	456.37164
12000000	129000000	356.79813
13000000	129000000	251.64012
14000000	129000000	295.0758
15000000	129000000	286.70694
16000000	129000000	295.1861
17000000	129000000	606.82495
18000000	129000000	446.11475
19000000	129000000	340.47195
20000000	129000000	622.7627
21000000	129000000	634.17163
22000000	129000000	1037.0756
23000000	129000000	1344.3529
24000000	129000000	1143.1211
25000000	129000000	995.5646
26000000	129000000	1207.691
27000000	129000000	1047.2574
28000000	129000000	1104.6663
29000000	129000000	921.6979
30000000	129000000	1359.8156
31000000	129000000	623.5066
32000000	129000000	746.09155
33000000	129000000	630.4289
34000000	129000000	509.3851
35000000	129000000	800.1648
36000000	129000000	1053.344
37000000	129000000	1248.6573
38000000	129000000	1100.9229
39000000	129000000	969.65393
40000000	129000000	709.07214
41000000	129000000	686.3989
42000000	129000000	565.4926
43000000	129000000	1218.5453
44000000	129000000	1666.1873
45000000	129000000	916.29706
46000000	129000000	569.3107
47000000	129000000	728.66187
48000000	129000000	478.48862
49000000	129000000	403.72598
50000000	129000000	703.0827
51000000	129000000	318.20087
52000000	129000000	278.234
53000000	129000000	272.03116
54000000	129000000	390.83743
55000000	129000000	723.37915
56000000	129000000	461.90646
57000000	129000000	242.37245
58000000	129000000	54.303585
61000000	129000000	174.00766
62000000	129000000	293.2711
63000000	129000000	361.3227
64000000	129000000	775.7919
65000000	129000000	2269.5884
66000000	129000000	2187.033
67000000	129000000	447.72162
68000000	129000000	583.64124
69000000	129000000	1427.6053
70000000	129000000	796.7243
71000000	129000000	571.6159
72000000	129000000	2402.8813
73000000	129000000	3672.1853
74000000	129000000	1914.8585
75000000	129000000	4812.555
76000000	129000000	3409.5122
77000000	129000000	2683.4597
78000000	129000000	872.8658
79000000	129000000	796.8271
80000000	129000000	859.76544
81000000	129000000	1319.1378
82000000	129000000	914.43304
83000000	129000000	1034.4115
84000000	129000000	872.74115
85000000	129000000	742.4572
86000000	129000000	1495.9634
87000000	129000000	2031.9537
88000000	129000000	887.9615
89000000	129000000	982.2397
90000000	129000000	1981.3058
91000000	129000000	2660.6946
92000000	129000000	2733.597
93000000	129000000	1495.8
94000000	129000000	1365.3425
95000000	129000000	1715.8993
96000000	129000000	1737.8181
97000000	129000000	3106.0176
98000000	129000000	5142.783
99000000	129000000	5179.9795
100000000	129000000	4870.074
101000000	129000000	5425.9336
102000000	129000000	4314.2646
103000000	129000000	2914.6306
104000000	129000000	3889.3962
105000000	129000000	5407.6636
106000000	129000000	5347.379
107000000	129000000	5033.8726
108000000	129000000	1912.5007
109000000	129000000	1150.3486
110000000	129000000	1818.147
111000000	129000000	2055.705
112000000	129000000	2062.51
113000000	129000000	1425.4323
114000000	129000000	2392.4946
115000000	129000000	1984.7646
116000000	129000000	4514.681
117000000	129000000	2696.0366
118000000	129000000	1494.0251
119000000	129000000	2019.4072
120000000	129000000	3676.5269
121000000	129000000	2826.2468
122000000	129000000	3090.8848
123000000	129000000	3688.752
124000000	129000000	3387.7935
125000000	129000000	3997.0398
126000000	129000000	6373.436
127000000	129000000	22956.145
128000000	129000000	132949.56
129000000	129000000	536536.0
0	130000000	832.0705
1000000	130000000	1083.7863
2000000	130000000	1046.1296
3000000	130000000	532.3854
4000000	130000000	550.1609
5000000	130000000	1215.7749
6000000	130000000	1415.8934
7000000	130000000	893.2273
8000000	130000000	525.1488
9000000	130000000	251.17404
10000000	130000000	354.31195
11000000	130000000	480.0075
12000000	130000000	448.78674
13000000	130000000	356.3979
14000000	130000000	372.6793
15000000	130000000	340.57397
16000000	130000000	402.56757
17000000	130000000	820.9838
18000000	130000000	532.2006
19000000	130000000	367.8944
20000000	130000000	692.4191
21000000	130000000	768.49084
22000000	130000000	1076.2102
23000000	130000000	1358.6595
24000000	130000000	1235.4353
25000000	130000000	1138.4332
26000000	130000000	1205.4393
27000000	130000000	1156.6527
28000000	130000000	1179.2854
29000000	130000000	1025.2443
30000000	130000000	1566.5393
31000000	130000000	723.2017
32000000	130000000	915.89557
33000000	130000000	774.2173
34000000	130000000	612.90265
35000000	130000000	976.21796
36000000	130000000	1123.3152
37000000	130000000	1370.6962
38000000	130000000	1274.6947
39000000	130000000	1048.9392
40000000	130000000	771.4417
41000000	130000000	787.40546
42000000	130000000	642.3803
43000000	130000000	1295.8417
44000000	130000000	1335.0629
45000000	130000000	945.09344
46000000	130000000	702.87756
47000000	130000000	847.598
48000000	130000000	607.8354
49000000	130000000	491.49066
50000000	130000000	823.4601
51000000	130000000	357.91437
52000000	130000000	330.23193
53000000	130000000	302.75644
54000000	130000000	433.40213
55000000	130000000	787.28296
56000000	130000000	487.62305
57000000	130000000	231.18239
58000000	130000000	19.836937
61000000	130000000	148.83391
62000000	130000000	380.8289
63000000	130000000	404.30655
64000000	130000000	919.4739
65000000	130000000	1900.8265
66000000	130000000	1833.8063
67000000	130000000	492.33157
68000000	130000000	628.67377
69000000	130000000	1312.619
70000000	130000000	803.7558
71000000	130000000	631.5355
72000000	130000000	2082.4197
73000000	130000000	2745.979
74000000	130000000	1583.0612
75000000	130000000	3547.9106
76000000	130000000	2836.4204
77000000	130000000	2776.8225
78000000	130000000	1041.7617
79000000	130000000	906.4386
80000000	130000000	923.1961
81000000	130000000	1864.1744
82000000	130000000	1120.5513
83000000	130000000	1388.7437
84000000	130000000	1042.6554
85000000	130000000	990.9415
86000000	130000000	1778.5146
87000000	130000000	2396.864
88000000	130000000	1151.3727
89000000	130000000	1225.6036
90000000	130000000	2272.7063
91000000	130000000	2511.8513
92000000	130000000	2975.4568
93000000	130000000	1866.3684
94000000	130000000	1751.0895
95000000	130000000	2191.5073
96000000	130000000	2038.5892
97000000	130000000	3127.8447
98000000	130000000	4358.9326
99000000	130000000	4071.5813
100000000	130000000	3853.1387
101000000	130000000	4260.8936
102000000	130000000	4121.783
103000000	130000000	3229.4324
104000000	130000000	3829.4285
105000000	130000000	5124.269
106000000	130000000	5540.153
107000000	130000000	5276.557
108000000	130000000	2299.673
109000000	130000000	1240.7579
110000000	130000000	2253.269
111000000	130000000	2471.4302
112000000	130000000	2384.0017
113000000	130000000	1604.7814
114000000	130000000	2892.4995
115000000	130000000	2328.2336
116000000	130000000	4764.575
117000000	130000000	3166.2124
118000000	130000000	1700.2167
119000000	130000000	2135.1626
120000000	130000000	4285.1113
121000000	130000000	3452.637
122000000	130000000	3627.8467
123000000	130000000	4024.6208
124000000	130000000	3839.7056
125000000	130000000	4516.406
126000000	130000000	6752.8633
127000000	130000000	14516.067
128000000	130000000	27240.658
129000000	130000000	155534.53
130000000	130000000	531633.75
0	131000000	873.4681
1000000	131000000	1007.731
2000000	131000000	747.623
3000000	131000000	788.5795
4000000	131000000	755.491
5000000	131000000	729.2223
6000000	131000000	773.3937
7000000	131000000	722.015
8000000	131000000	597.3141
9000000	131000000	483.37952
10000000	131000000	500.7043
11000000	131000000	504.30313
12000000	131000000	537.24536
13000000	131000000	513.6224
14000000	131000000	470.86053
15000000	131000000	486.91614
16000000	131000000	617.20056
17000000	131000000	640.6035
18000000	131000000	598.1529
19000000	131000000	609.6047
20000000	131000000	642.3201
21000000	131000000	835.6673
22000000	131000000	1000.6946
23000000	131000000	988.38763
24000000	131000000	1161.0156
25000000	131000000	1616.1022
26000000	131000000	1314.8574
27000000	131000000	1683.074
28000000	131000000	1645.9435
29000000	131000000	2095.968
30000000	131000000	1406.6829
31000000	131000000	1700.2008
32000000	131000000	1226.5846
33000000	131000000	1061.203
34000000	131000000	1001.6326
35000000	131000000	1083.1769
36000000	131000000	1453.7872
37000000	131000000	1234.7413
38000000	131000000	1328.5846
39000000	131000000	1274.3737
40000000	131000000	998.9807
41000000	131000000	836.9896
42000000	131000000	1280.316
43000000	131000000	939.5349
44000000	131000000	947.8317
45000000	131000000	1345.6351
46000000	131000000	1179.2269
47000000	131000000	1331.83
48000000	131000000	1030.3612
49000000	131000000	899.03534
50000000	131000000	988.4383
51000000	131000000	872.3906
52000000	131000000	605.06335
53000000	131000000	628.9509
54000000	131000000	762.40326
55000000	131000000	911.65753
56000000	131000000	665.2594
57000000	131000000	550.8405
58000000	131000000	111.07431
61000000	131000000	403.66638
62000000	131000000	601.92053
63000000	131000000	595.13873
64000000	131000000	843.709
65000000	131000000	1472.5258
66000000	131000000	1406.7484
67000000	131000000	1174.0824
68000000	131000000	1267.4089
69000000	131000000	1621.5991
70000000	131000000	1455.1412
71000000	131000000	1417.8159
72000000	131000000	1456.5979
73000000	131000000	1881.0138
74000000	131000000	701.86725
75000000	131000000	2255.6948
76000000	131000000	1808.6227
77000000	131000000	2249.3875
78000000	131000000	2166.8208
79000000	131000000	1796.1467
80000000	131000000	1649.173
81000000	131000000	1668.6062
82000000	131000000	1559.6205
83000000	131000000	1511.0121
84000000	131000000	1477.0228
85000000	131000000	1501.1147
86000000	131000000	1652.1731
87000000	131000000	1713.008
88000000	131000000	1503.1161
89000000	131000000	1670.5817
90000000	131000000	2103.3457
91000000	131000000	2568.1013
92000000	131000000	2051.4849
93000000	131000000	2413.7314
94000000	131000000	2487.8342
95000000	131000000	3207.1377
96000000	131000000	3928.3958
97000000	131000000	4053.8357
98000000	131000000	4578.043
99000000	131000000	2880.9302
100000000	131000000	2688.444
101000000	131000000	3349.0376
102000000	131000000	3350.713
103000000	131000000	6064.886
104000000	131000000	4494.8926
105000000	131000000	4478.347
106000000	131000000	4890.1743
107000000	131000000	5184.9546
108000000	131000000	3305.8232
109000000	131000000	2580.1729
110000000	131000000	2827.7126
111000000	131000000	3056.221
112000000	131000000	2767.5374
113000000	131000000	2613.4456
114000000	131000000	2737.6973
115000000	131000000	2973.3154
116000000	131000000	3980.545
117000000	131000000	3736.107
118000000	131000000	3022.2144
119000000	131000000	3188.537
120000000	131000000	4010.713
121000000	131000000	4313.988
122000000	131000000	4392.3096
123000000	131000000	4906.1514
124000000	131000000	5065.437
125000000	131000000	4640.7124
126000000	131000000	7058.453
127000000	131000000	13275.635
128000000	131000000	11026.743
129000000	131000000	28582.648
130000000	131000000	114880.15
131000000	131000000	450005.34
0	132000000	733.2923
1000000	132000000	920.96
2000000	132000000	724.5976
3000000	132000000	618.84753
4000000	132000000	646.4836
5000000	132000000	693.1478
6000000	132000000	807.84424
7000000	132000000	737.7663
8000000	132000000	644.61255
9000000	132000000	463.61658
10000000	132000000	513.2295
11000000	132000000	592.77075
12000000	132000000	605.79675
13000000	132000000	543.0105
14000000	132000000	565.0398
15000000	132000000	517.86755
16000000	132000000	660.62915
17000000	132000000	713.9427
18000000	132000000	626.29083
19000000	132000000	561.9076
20000000	132000000	696.9825
21000000	132000000	852.88416
22000000	132000000	994.5502
23000000	132000000	1008.01196
24000000	132000000	1123.5276
25000000	132000000	1429.7477
26000000	132000000	1188.8275
27000000	132000000	1547.4811
28000000	132000000	1520.8407
29000000	132000000	1821.1309
30000000	132000000	1408.703
31000000	132000000	1410.2758
32000000	132000000	1128.6243
33000000	132000000	962.6883
34000000	132000000	921.935
35000000	132000000	1104.7045
36000000	132000000	1409.8523
37000000	132000000	1259.3578
38000000	132000000	1305.4677
39000000	132000000	1205.2465
40000000	132000000	974.59595
41000000	132000000	809.34393
42000000	132000000	1055.3854
43000000	132000000	931.24396
44000000	132000000	875.3225
45000000	132000000	1221.102
46000000	132000000	998.5143
47000000	132000000	1220.683
48000000	132000000	952.5932
49000000	132000000	922.767
50000000	132000000	1035.6583
51000000	132000000	796.63074
52000000	132000000	566.07904
53000000	132000000	529.2846
54000000	132000000	698.22284
55000000	132000000	914.85815
56000000	132000000	549.2904
57000000	132000000	421.58475
58000000	132000000	92.73874
61000000	132000000	313.11288
62000000	132000000	467.22513
63000000	132000000	480.65787
64000000	132000000	776.41986
65000000	132000000	1566.2781
66000000	132000000	1298.4564
67000000	132000000	933.218
68000000	132000000	1112.1053
69000000	132000000	1747.428
70000000	132000000	1314.1028
71000000	132000000	1091.0581
72000000	132000000	1446.9388
73000000	132000000	1688.2937
74000000	132000000	683.5378
75000000	132000000	2137.0212
76000000	132000000	1867.3613
77000000	132000000	2434.7905
78000000	132000000	2031.8088
79000000	132000000	1824.4138
80000000	132000000	1720.4705
81000000	132000000	1680.1736
82000000	132000000	1654.406
83000000	132000000	1695.0831
84000000	132000000	1578.5006
85000000	132000000	1621.4465
86000000	132000000	1803.971
87000000	132000000	2035.05
88000000	132000000	1503.0459
89000000	132000000	1647.6829
90000000	132000000	2358.0127
91000000	132000000	2715.1533
92000000	132000000	2330.9153
93000000	132000000	2534.0178
94000000	132000000	2418.4023
95000000	132000000	3272.669
96000000	132000000	3624.086
97000000	132000000	3776.2961
98000000	132000000	3887.7593
99000000	132000000	2508.2625
100000000	132000000	2353.5503
101000000	132000000	3251.4753
102000000	132000000	3263.0317
103000000	132000000	5185.812
104000000	132000000	3955.9077
105000000	132000000	4093.5957
106000000	132000000	4734.1704
107000000	132000000	5493.605
108000000	132000000	3331.726
109000000	132000000	2481.1284
110000000	132000000	3064.7961
111000000	132000000	3319.673
112000000	132000000	3091.1416
113000000	132000000	2580.5933
114000000	132000000	3039.347
115000000	132000000	3053.3115
116000000	132000000	4509.189
117000000	132000000	3946.724
118000000	132000000	2936.4614
119000000	132000000	3452.917
120000000	132000000	4608.059
121000000	132000000	4370.793
122000000	132000000	4546.4604
123000000	132000000	4908.496
124000000	132000000	4793.7036
125000000	132000000	4083.2087
126000000	132000000	6128.743
127000000	132000000	11860.335
128000000	132000000	7937.144
129000000	132000000	14729.722
130000000	132000000	22205.791
131000000	132000000	121333.984
132000000	132000000	467685.44
0	133000000	653.1772
1000000	133000000	813.07196
2000000	133000000	716.98175
3000000	133000000	572.2553
4000000	133000000	570.90875
5000000	133000000	751.0015
6000000	133000000	782.24274
7000000	133000000	769.83246
8000000	133000000	640.9995
9000000	133000000	513.2057
10000000	133000000	625.3236
11000000	133000000	802.8633
12000000	133000000	711.9718
13000000	133000000	567.68243
14000000	133000000	621.1856
15000000	133000000	595.55
16000000	133000000	684.6977
17000000	133000000	916.27765
18000000	133000000	715.9845
19000000	133000000	708.51434
20000000	133000000	743.3028
21000000	133000000	874.44073
22000000	133000000	1104.9487
23000000	133000000	1005.7299
24000000	133000000	1110.1671
25000000	133000000	1300.0232
26000000	133000000	1181.7285
27000000	133000000	1571.8364
28000000	133000000	1515.2515
29000000	133000000	1713.2714
30000000	133000000	1397.1177
31000000	133000000	1285.465
32000000	133000000	1197.4851
33000000	133000000	1013.6466
34000000	133000000	855.9087
35000000	133000000	1079.6653
36000000	133000000	1491.7218
37000000	133000000	1351.74
38000000	133000000	1338.5581
39000000	133000000	1208.5593
40000000	133000000	957.4401
41000000	133000000	854.31824
42000000	133000000	992.1676
43000000	133000000	961.09247
44000000	133000000	823.5577
45000000	133000000	1067.4532
46000000	133000000	900.7636
47000000	133000000	1227.8613
48000000	133000000	1003.18805
49000000	133000000	909.3157
50000000	133000000	982.4733
51000000	133000000	762.1307
52000000	133000000	578.40314
53000000	133000000	547.03253
54000000	133000000	711.3972
55000000	133000000	911.1754
56000000	133000000	592.35345
57000000	133000000	378.27164
58000000	133000000	80.6449
61000000	133000000	217.4463
62000000	133000000	416.1396
63000000	133000000	465.9872
64000000	133000000	840.6075
65000000	133000000	1712.1265
66000000	133000000	1368.3264
67000000	133000000	808.962
68000000	133000000	950.8862
69000000	133000000	1797.7593
70000000	133000000	1144.8795
71000000	133000000	926.4578
72000000	133000000	1471.3809
73000000	133000000	1595.8818
74000000	133000000	697.5639
75000000	133000000	2230.9075
76000000	133000000	2061.5198
77000000	133000000	2662.1143
78000000	133000000	2284.1848
79000000	133000000	2101.2302
80000000	133000000	1946.3575
81000000	133000000	2040.3916
82000000	133000000	2002.0238
83000000	133000000	2124.8286
84000000	133000000	1934.9044
85000000	133000000	1866.3136
86000000	133000000	2137.1597
87000000	133000000	2358.1455
88000000	133000000	1768.0813
89000000	133000000	1868.459
90000000	133000000	2774.8677
91000000	133000000	2966.9705
92000000	133000000	2764.2336
93000000	133000000	2895.9087
94000000	133000000	2773.9277
95000000	133000000	3647.9292
96000000	133000000	3657.3647
97000000	133000000	3819.7922
98000000	133000000	3581.0466
99000000	133000000	2368.6904
100000000	133000000	2138.5618
101000000	133000000	2923.2136
102000000	133000000	3392.2383
103000000	133000000	4939.868
104000000	133000000	3747.2295
105000000	133000000	4198.1313
106000000	133000000	5163.8936
107000000	133000000	6351.9214
108000000	133000000	4007.7117
109000000	133000000	2870.6536
110000000	133000000	3819.0417
111000000	133000000	4171.8545
112000000	133000000	3732.6655
113000000	133000000	3000.7576
114000000	133000000	3591.457
115000000	133000000	3593.7732
116000000	133000000	5148.7104
117000000	133000000	4609.2466
118000000	133000000	3615.9136
119000000	133000000	3893.6667
120000000	133000000	5544.5312
121000000	133000000	4977.91
122000000	133000000	5024.1133
123000000	133000000	5543.6377
124000000	133000000	5439.3335
125000000	133000000	4601.6777
126000000	133000000	6425.493
127000000	133000000	11515.147
128000000	133000000	7729.629
129000000	133000000	13030.773
130000000	133000000	18460.402
131000000	133000000	55886.438
132000000	133000000	145466.64
133000000	133000000	461895.47
0	134000000	765.4154
1000000	134000000	915.18146
2000000	134000000	988.1921
3000000	134000000	592.6216
4000000	134000000	573.95917
5000000	134000000	1006.23865
6000000	134000000	1158.8376
7000000	134000000	1014.9258
8000000	134000000	717.82245
9000000	134000000	472.75046
10000000	134000000	516.59875
11000000	134000000	617.1468
12000000	134000000	572.9034
13000000	134000000	465.7556
14000000	134000000	495.4963
15000000	134000000	529.7797
16000000	134000000	542.36475
17000000	134000000	893.54114
18000000	134000000	556.21295
19000000	134000000	533.9859
20000000	134000000	856.8386
21000000	134000000	886.84686
22000000	134000000	1076.3812
23000000	134000000	1178.514
24000000	134000000	1093.509
25000000	134000000	1091.539
26000000	134000000	1108.1648
27000000	134000000	1002.7132
28000000	134000000	1125.6884
29000000	134000000	1073.7448
30000000	134000000	1358.9967
31000000	134000000	828.50745
32000000	134000000	935.03503
33000000	134000000	845.8376
34000000	134000000	702.92554
35000000	134000000	958.0299
36000000	134000000	1221.928
37000000	134000000	1325.1594
38000000	134000000	1112.1095
39000000	134000000	1031.2208
40000000	134000000	792.2369
41000000	134000000	738.79407
42000000	134000000	713.77826
43000000	134000000	1151.0756
44000000	134000000	1078.0641
45000000	134000000	978.55066
46000000	134000000	724.95685
47000000	134000000	883.7673
48000000	134000000	724.85297
49000000	134000000	643.4077
50000000	134000000	954.7415
51000000	134000000	493.42526
52000000	134000000	440.7479
53000000	134000000	429.78015
54000000	134000000	590.75806
55000000	134000000	980.3616
56000000	134000000	608.9528
57000000	134000000	354.97986
58000000	134000000	53.90959
61000000	134000000	341.27704
62000000	134000000	452.668
63000000	134000000	551.2671
64000000	134000000	1042.1614
65000000	134000000	1958.8644
66000000	134000000	1730.3274
67000000	134000000	621.50275
68000000	134000000	835.50586
69000000	134000000	1605.5712
70000000	134000000	1028.6367
71000000	134000000	808.797
72000000	134000000	1682.7108
73000000	134000000	1938.76
74000000	134000000	979.0687
75000000	134000000	2525.3784
76000000	134000000	2468.282
77000000	134000000	2792.8577
78000000	134000000	1502.5112
79000000	134000000	1451.7545
80000000	134000000	1373.1077
81000000	134000000	2225.3708
82000000	134000000	1557.012
83000000	134000000	1722.2383
84000000	134000000	1479.987
85000000	134000000	1410.3252
86000000	134000000	2142.1582
87000000	134000000	2796.9004
88000000	134000000	1534.109
89000000	134000000	1688.7054
90000000	134000000	2690.4648
91000000	134000000	2696.3223
92000000	134000000	3362.7227
93000000	134000000	2164.381
94000000	134000000	2133.3538
95000000	134000000	2734.9375
96000000	134000000	2699.7493
97000000	134000000	3524.4363
98000000	134000000	3985.8552
99000000	134000000	3007.4094
100000000	134000000	2717.142
101000000	134000000	3299.9263
102000000	134000000	3554.8704
103000000	134000000	3525.7231
104000000	134000000	3814.1157
105000000	134000000	4588.8276
106000000	134000000	5266.28
107000000	134000000	5892.2305
108000000	134000000	3283.9912
109000000	134000000	2119.65
110000000	134000000	3159.303
111000000	134000000	3373.17
112000000	134000000	3256.604
113000000	134000000	2345.601
114000000	134000000	3697.8025
115000000	134000000	3046.8647
116000000	134000000	5491.5386
117000000	134000000	4361.063
118000000	134000000	2556.7793
119000000	134000000	3436.5896
120000000	134000000	5701.738
121000000	134000000	4732.3667
122000000	134000000	4866.821
123000000	134000000	5096.828
124000000	134000000	4642.4614
125000000	134000000	4799.465
126000000	134000000	6673.6763
127000000	134000000	10879.462
128000000	134000000	8907.959
129000000	134000000	11427.931
130000000	134000000	15732.794
131000000	134000000	27674.77
132000000	134000000	38352.773
133000000	134000000	82853.75
134000000	134000000	509746.7
0	135000000	649.44855
1000000	135000000	722.12555
2000000	135000000	834.46594
3000000	135000000	654.1292
4000000	135000000	621.44275
5000000	135000000	913.7626
6000000	135000000	1085.3016
7000000	135000000	946.10266
8000000	135000000	893.09235
9000000	135000000	671.34576
10000000	135000000	716.5025
11000000	135000000	839.6193
12000000	135000000	901.1211
13000000	135000000	665.57764
14000000	135000000	702.44824
15000000	135000000	648.677
16000000	135000000	747.4874
17000000	135000000	984.626
18000000	135000000	765.3667
19000000	135000000	624.92346
20000000	135000000	910.3538
21000000	135000000	805.4951
22000000	135000000	958.0972
23000000	135000000	989.9601
24000000	135000000	857.4384
25000000	135000000	753.70074
26000000	135000000	773.25494
27000000	135000000	726.0057
28000000	135000000	836.0827
29000000	135000000	758.0386
30000000	135000000	1152.7612
31000000	135000000	747.1486
32000000	135000000	915.08765
33000000	135000000	882.4794
34000000	135000000	695.3276
35000000	135000000	914.02545
36000000	135000000	934.04114
37000000	135000000	949.0485
38000000	135000000	941.30945
39000000	135000000	935.08417
40000000	135000000	733.55164
41000000	135000000	707.4159
42000000	135000000	695.73157
43000000	135000000	955.50055
44000000	135000000	885.151
45000000	135000000	795.28864
46000000	135000000	704.7156
47000000	135000000	862.1451
48000000	135000000	811.89813
49000000	135000000	764.8484
50000000	135000000	979.41705
51000000	135000000	634.64246
52000000	135000000	636.67004
53000000	135000000	609.7195
54000000	135000000	735.543
55000000	135000000	1075.6267
56000000	135000000	770.19305
57000000	135000000	453.33264
58000000	135000000	96.90352
61000000	135000000	358.983
62000000	135000000	544.1257
63000000	135000000	693.6391
64000000	135000000	1221.7672
65000000	135000000	1899.5466
66000000	135000000	1760.9827
67000000	135000000	812.8795
68000000	135000000	977.4026
69000000	135000000	1665.0791
70000000	135000000	1160.2253
71000000	135000000	943.8102
72000000	135000000	1757.6221
73000000	135000000	1429.1803
74000000	135000000	945.4617
75000000	135000000	1905.0526
76000000	135000000	2020.221
77000000	135000000	2989.3574
78000000	135000000	2176.7896
79000000	135000000	2103.1438
80000000	135000000	2078.4373
81000000	135000000	2520.0486
82000000	135000000	2267.6868
83000000	135000000	2391.7607
84000000	135000000	2149.3047
85000000	135000000	2088.8652
86000000	135000000	2801.003
87000000	135000000	3181.8616
88000000	135000000	2276.4207
89000000	135000000	2288.9302
90000000	135000000	3204.309
91000000	135000000	3379.4717
92000000	135000000	3437.8582
93000000	135000000	2643.0957
94000000	135000000	2776.8835
95000000	135000000	3114.1138
96000000	135000000	2980.823
97000000	135000000	3401.387
98000000	135000000	3215.8245
99000000	135000000	2262.2388
100000000	135000000	1927.0486
101000000	135000000	2337.6538
102000000	135000000	3182.9849
103000000	135000000	3373.068
104000000	135000000	3469.8853
105000000	135000000	3556.84
106000000	135000000	3871.26
107000000	135000000	5124.2856
108000000	135000000	4363.3164
109000000	135000000	3361.0554
110000000	135000000	4446.412
111000000	135000000	4553.5474
112000000	135000000	4825.9727
113000000	135000000	3846.4714
114000000	135000000	5072.619
115000000	135000000	4270.008
116000000	135000000	6376.265
117000000	135000000	5563.936
118000000	135000000	4256.9575
119000000	135000000	4768.7065
120000000	135000000	6441.742
121000000	135000000	6145.5264
122000000	135000000	6693.01
123000000	135000000	7264.7607
124000000	135000000	6510.7617
125000000	135000000	5675.112
126000000	135000000	7217.835
127000000	135000000	10449.455
128000000	135000000	6731.0083
129000000	135000000	7208.678
130000000	135000000	8708.702
131000000	135000000	11819.939
132000000	135000000	14947.206
133000000	135000000	21751.383
134000000	135000000	102762.695
135000000	135000000	463854.62
0	136000000	406.25162
1000000	136000000	334.9686
2000000	136000000	310.82166
3000000	136000000	746.8288
4000000	136000000	613.7154
5000000	136000000	316.1392
6000000	136000000	314.59317
7000000	136000000	552.2969
8000000	136000000	876.73016
9000000	136000000	1271.6271
10000000	136000000	1138.2461
11000000	136000000	1099.6893
12000000	136000000	1120.2437
13000000	136000000	1252.5237
14000000	136000000	1144.4299
15000000	136000000	1302.6776
16000000	136000000	1249.6583
17000000	136000000	751.353
18000000	136000000	1053.0385
19000000	136000000	1098.4396
20000000	136000000	694.99805
21000000	136000000	761.4702
22000000	136000000	533.8798
23000000	136000000	462.70944
24000000	136000000	610.553
25000000	136000000	626.63477
26000000	136000000	495.8421
27000000	136000000	631.0213
28000000	136000000	615.11804
29000000	136000000	811.4077
30000000	136000000	476.28705
31000000	136000000	1029.6227
32000000	136000000	790.3641
33000000	136000000	965.5014
34000000	136000000	1147.1025
35000000	136000000	729.1494
36000000	136000000	624.61694
37000000	136000000	559.795
38000000	136000000	713.5479
39000000	136000000	805.16113
40000000	136000000	880.6178
41000000	136000000	784.73987
42000000	136000000	1010.8166
43000000	136000000	478.1232
44000000	136000000	332.37912
45000000	136000000	550.397
46000000	136000000	1055.5583
47000000	136000000	718.5814
48000000	136000000	1071.0725
49000000	136000000	1268.9656
50000000	136000000	835.89905
51000000	136000000	1099.0935
52000000	136000000	1222.8704
53000000	136000000	1277.3335
54000000	136000000	1247.9248
55000000	136000000	915.74817
56000000	136000000	823.7151
57000000	136000000	719.8972
58000000	136000000	414.75363
61000000	136000000	602.91925
62000000	136000000	1153.7081
63000000	136000000	1041.896
64000000	136000000	1014.88165
65000000	136000000	937.13684
66000000	136000000	792.9462
67000000	136000000	1281.3107
68000000	136000000	1398.8041
69000000	136000000	1087.8875
70000000	136000000	1436.679
71000000	136000000	1627.6923
72000000	136000000	732.6142
73000000	136000000	567.0808
74000000	136000000	263.91132
75000000	136000000	670.2532
76000000	136000000	746.3115
77000000	136000000	1780.1158
78000000	136000000	3932.36
79000000	136000000	4035.6782
80000000	136000000	3873.715
81000000	136000000	2503.4863
82000000	136000000	3809.5369
83000000	136000000	3376.2856
84000000	136000000	3820.7314
85000000	136000000	4173.2085
86000000	136000000	3034.262
87000000	136000000	2128.982
88000000	136000000	3639.4622
89000000	136000000	3685.9458
90000000	136000000	2456.717
91000000	136000000	2666.682
92000000	136000000	1683.0895
93000000	136000000	3605.168
94000000	136000000	4089.255
95000000	136000000	3513.5842
96000000	136000000	4093.92
97000000	136000000	3079.045
98000000	136000000	1474.7804
99000000	136000000	891.6084
100000000	136000000	817.2723
101000000	136000000	1009.40216
102000000	136000000	1790.7961
103000000	136000000	4142.611
104000000	136000000	2414.8796
105000000	136000000	1441.8815
106000000	136000000	1853.4774
107000000	136000000	2761.4375
108000000	136000000	6153.422
109000000	136000000	7322.4824
110000000	136000000	5649.0034
111000000	136000000	5317.929
112000000	136000000	6021.6855
113000000	136000000	7910.611
114000000	136000000	5155.8076
115000000	136000000	6301.3906
116000000	136000000	4093.2124
117000000	136000000	6661.598
118000000	136000000	9200.184
119000000	136000000	7569.2144
120000000	136000000	4775.2676
121000000	136000000	8390.525
122000000	136000000	9685.659
123000000	136000000	10202.181
124000000	136000000	10718.667
125000000	136000000	8350.487
126000000	136000000	7185.271
127000000	136000000	4911.4204
128000000	136000000	1842.3317
129000000	136000000	2539.3062
130000000	136000000	3436.1472
131000000	136000000	9661.463
132000000	136000000	10052.661
133000000	136000000	12945.106
134000000	136000000	17745.488
135000000	136000000	95675.17
136000000	136000000	497398.56
0	137000000	600.76245
1000000	137000000	627.1654
2000000	137000000	791.61835
3000000	137000000	664.753
4000000	137000000	619.39276
5000000	137000000	752.45264
6000000	137000000	890.66345
7000000	137000000	956.88275
8000000	137000000	918.23175
9000000	137000000	685.122
10000000	137000000	781.8773
11000000	137000000	968.1199
12000000	137000000	817.5588
13000000	137000000	751.6175
14000000	137000000	718.4569
15000000	137000000	756.7234
16000000	137000000	701.4914
17000000	137000000	1055.5923
18000000	137000000	829.5362
19000000	137000000	672.2675
20000000	137000000	925.7894
21000000	137000000	860.9101
22000000	137000000	845.743
23000000	137000000	804.3392
24000000	137000000	840.37915
25000000	137000000	714.29156
26000000	137000000	686.75867
27000000	137000000	659.9987
28000000	137000000	784.86127
29000000	137000000	697.253
30000000	137000000	975.2211
31000000	137000000	675.572
32000000	137000000	787.89087
33000000	137000000	783.18243
34000000	137000000	758.3013
35000000	137000000	834.65344
36000000	137000000	784.3532
37000000	137000000	962.9482
38000000	137000000	886.43646
39000000	137000000	885.57666
40000000	137000000	719.3425
41000000	137000000	785.59796
42000000	137000000	664.8546
43000000	137000000	877.11224
44000000	137000000	710.0964
45000000	137000000	663.7084
46000000	137000000	762.0595
47000000	137000000	771.743
48000000	137000000	766.84595
49000000	137000000	798.3148
50000000	137000000	1064.6243
51000000	137000000	686.47943
52000000	137000000	653.9702
53000000	137000000	630.0175
54000000	137000000	686.4596
55000000	137000000	1014.6108
56000000	137000000	720.9611
57000000	137000000	507.5563
58000000	137000000	110.31333
61000000	137000000	439.6977
62000000	137000000	583.5149
63000000	137000000	856.33075
64000000	137000000	1375.1409
65000000	137000000	1520.1998
66000000	137000000	1360.1792
67000000	137000000	768.8082
68000000	137000000	925.0441
69000000	137000000	1450.69
70000000	137000000	1027.2742
71000000	137000000	986.0661
72000000	137000000	1404.6876
73000000	137000000	1154.1809
74000000	137000000	575.1953
75000000	137000000	1424.0967
76000000	137000000	1838.8542
77000000	137000000	2765.8406
78000000	137000000	2126.9878
79000000	137000000	2021.8235
80000000	137000000	2085.2795
81000000	137000000	3119.143
82000000	137000000	2308.8613
83000000	137000000	2644.1152
84000000	137000000	2173.5413
85000000	137000000	2059.9578
86000000	137000000	2686.4797
87000000	137000000	3186.4626
88000000	137000000	2205.2112
89000000	137000000	2254.9534
90000000	137000000	3107.5376
91000000	137000000	2761.0703
92000000	137000000	3220.1511
93000000	137000000	2510.9631
94000000	137000000	2625.6467
95000000	137000000	2993.979
96000000	137000000	2757.0928
97000000	137000000	3050.196
98000000	137000000	2332.4175
99000000	137000000	1707.1416
100000000	137000000	1537.4604
101000000	137000000	1930.1646
102000000	137000000	2550.977
103000000	137000000	2923.3806
104000000	137000000	2953.9355
105000000	137000000	2939.2522
106000000	137000000	3412.087
107000000	137000000	4520.685
108000000	137000000	4246.063
109000000	137000000	3188.474
110000000	137000000	4233.583
111000000	137000000	4343.436
112000000	137000000	4543.8564
113000000	137000000	3696.6177
114000000	137000000	5433.744
115000000	137000000	4220.5464
116000000	137000000	6008.866
117000000	137000000	5657.1245
118000000	137000000	4178.783
119000000	137000000	4499.783
120000000	137000000	6355.5605
121000000	137000000	5805.4775
122000000	137000000	6781.0146
123000000	137000000	6849.9404
124000000	137000000	6026.8423
125000000	137000000	6038.0625
126000000	137000000	7034.048
127000000	137000000	6668.523
128000000	137000000	4306.2886
129000000	137000000	4503.03
130000000	137000000	5688.824
131000000	137000000	7109.3193
132000000	137000000	8249.924
133000000	137000000	10303.409
134000000	137000000	18945.33
135000000	137000000	43549.543
136000000	137000000	86390.29
137000000	137000000	475934.88
0	138000000	864.8845
1000000	138000000	961.1763
2000000	138000000	964.2058
3000000	138000000	752.28656
4000000	138000000	759.6467
5000000	138000000	1055.9222
6000000	138000000	1343.3417
7000000	138000000	1057.1439
8000000	138000000	819.42365
9000000	138000000	579.0459
10000000	138000000	640.6772
11000000	138000000	733.3661
12000000	138000000	676.6817
13000000	138000000	639.807
14000000	138000000	597.07556
15000000	138000000	628.96814
16000000	138000000	630.2463
17000000	138000000	917.0877
18000000	138000000	607.2307
19000000	138000000	588.29645
20000000	138000000	809.3093
21000000	138000000	787.3757
22000000	138000000	1003.44696
23000000	138000000	1107.2931
24000000	138000000	1008.21423
25000000	138000000	908.36786
26000000	138000000	977.15857
27000000	138000000	856.4824
28000000	138000000	868.493
29000000	138000000	867.5982
30000000	138000000	1146.4644
31000000	138000000	759.86584
32000000	138000000	868.75214
33000000	138000000	747.5598
34000000	138000000	731.1986
35000000	138000000	867.1667
36000000	138000000	1008.9279
37000000	138000000	1086.1069
38000000	138000000	971.2382
39000000	138000000	991.1596
40000000	138000000	748.7311
41000000	138000000	765.5477
42000000	138000000	646.9091
43000000	138000000	1047.4481
44000000	138000000	1091.773
45000000	138000000	879.1023
46000000	138000000	757.29877
47000000	138000000	806.633
48000000	138000000	708.1303
49000000	138000000	650.02966
50000000	138000000	844.6971
51000000	138000000	562.8955
52000000	138000000	531.99304
53000000	138000000	539.47614
54000000	138000000	672.1687
55000000	138000000	1062.4429
56000000	138000000	820.5027
57000000	138000000	517.26025
58000000	138000000	95.10913
61000000	138000000	379.0953
62000000	138000000	673.3674
63000000	138000000	875.3077
64000000	138000000	1375.271
65000000	138000000	2150.5024
66000000	138000000	1864.1403
67000000	138000000	861.3639
68000000	138000000	1023.7067
69000000	138000000	1573.0133
70000000	138000000	1162.6006
71000000	138000000	1078.954
72000000	138000000	1978.9886
73000000	138000000	1957.2012
74000000	138000000	990.9947
75000000	138000000	2540.537
76000000	138000000	2420.6372
77000000	138000000	2789.1138
78000000	138000000	1619.4241
79000000	138000000	1582.3761
80000000	138000000	1619.603
81000000	138000000	2235.3274
82000000	138000000	1631.659
83000000	138000000	1823.0587
84000000	138000000	1666.7161
85000000	138000000	1525.536
86000000	138000000	2125.5137
87000000	138000000	2824.3528
88000000	138000000	1724.4685
89000000	138000000	1789.6212
90000000	138000000	2618.8018
91000000	138000000	2990.9368
92000000	138000000	3170.8796
93000000	138000000	2044.5521
94000000	138000000	2147.2537
95000000	138000000	2594.3816
96000000	138000000	2649.009
97000000	138000000	3522.7422
98000000	138000000	4201.9224
99000000	138000000	3093.5532
100000000	138000000	2596.9329
101000000	138000000	3014.7322
102000000	138000000	3498.2244
103000000	138000000	3257.1394
104000000	138000000	3426.0122
105000000	138000000	4153.6387
106000000	138000000	4769.289
107000000	138000000	5559.276
108000000	138000000	3467.1062
109000000	138000000	2443.5273
110000000	138000000	3508.8816
111000000	138000000	3677.4236
112000000	138000000	3652.471
113000000	138000000	2638.1611
114000000	138000000	3972.5034
115000000	138000000	3296.7979
116000000	138000000	5452.0205
117000000	138000000	4495.244
118000000	138000000	2897.5376
119000000	138000000	3363.9155
120000000	138000000	5031.6084
121000000	138000000	4465.908
122000000	138000000	4969.0215
123000000	138000000	5001.5264
124000000	138000000	4399.9414
125000000	138000000	4471.1294
126000000	138000000	5584.9053
127000000	138000000	8723.858
128000000	138000000	6584.3726
129000000	138000000	7077.974
130000000	138000000	7580.712
131000000	138000000	8759.452
132000000	138000000	9596.749
133000000	138000000	11375.395
134000000	138000000	17872.268
135000000	138000000	27193.873
136000000	138000000	27101.873
137000000	138000000	145579.55
138000000	138000000	463633.7
0	139000000	891.65686
1000000	139000000	1228.3446
2000000	139000000	1225.8661
3000000	139000000	570.7876
4000000	139000000	621.6032
5000000	139000000	1292.4932
6000000	139000000	1538.3794
7000000	139000000	1104.9923
8000000	139000000	663.5858
9000000	139000000	352.35898
10000000	139000000	447.13275
11000000	139000000	617.81165
12000000	139000000	572.6746
13000000	139000000	408.43158
14000000	139000000	454.80237
15000000	139000000	424.69296
16000000	139000000	514.25037
17000000	139000000	808.5996
18000000	139000000	559.47675
19000000	139000000	415.47202
20000000	139000000	734.2471
21000000	139000000	822.9558
22000000	139000000	1107.8683
23000000	139000000	1319.7522
24000000	139000000	1127.9653
25000000	139000000	1124.3347
26000000	139000000	1143.5914
27000000	139000000	1063.6187
28000000	139000000	1224.4652
29000000	139000000	1046.6166
30000000	139000000	1496.0436
31000000	139000000	799.4154
32000000	139000000	909.35645
33000000	139000000	721.3526
34000000	139000000	573.23315
35000000	139000000	933.6634
36000000	139000000	1255.7117
37000000	139000000	1262.0494
38000000	139000000	1149.9988
39000000	139000000	1090.6296
40000000	139000000	691.7634
41000000	139000000	684.6871
42000000	139000000	650.3523
43000000	139000000	1207.919
44000000	139000000	1424.849
45000000	139000000	981.82355
46000000	139000000	669.046
47000000	139000000	974.2027
48000000	139000000	648.98553
49000000	139000000	573.86115
50000000	139000000	859.80237
51000000	139000000	428.24213
52000000	139000000	355.84656
53000000	139000000	351.87988
54000000	139000000	485.4995
55000000	139000000	954.5348
56000000	139000000	565.6059
57000000	139000000	270.21146
58000000	139000000	53.88807
61000000	139000000	214.79234
62000000	139000000	388.70053
63000000	139000000	396.3009
64000000	139000000	890.3635
65000000	139000000	2227.4255
66000000	139000000	1972.9987
67000000	139000000	538.4713
68000000	139000000	758.0904
69000000	139000000	1620.3499
70000000	139000000	983.8471
71000000	139000000	658.1858
72000000	139000000	2237.4976
73000000	139000000	2733.3767
74000000	139000000	1431.108
75000000	139000000	3709.2156
76000000	139000000	2901.5647
77000000	139000000	2821.5813
78000000	139000000	1213.8335
79000000	139000000	1049.2958
80000000	139000000	1103.7865
81000000	139000000	1738.3588
82000000	139000000	1283.2429
83000000	139000000	1372.5614
84000000	139000000	1116.7386
85000000	139000000	1097.1904
86000000	139000000	1891.8386
87000000	139000000	2419.1086
88000000	139000000	1100.5093
89000000	139000000	1269.1818
90000000	139000000	2323.4968
91000000	139000000	2797.3328
92000000	139000000	2954.7957
93000000	139000000	1917.5831
94000000	139000000	1774.1268
95000000	139000000	2356.5317
96000000	139000000	2374.2317
97000000	139000000	3621.246
98000000	139000000	5260.6113
99000000	139000000	4080.4717
100000000	139000000	3636.2935
101000000	139000000	4355.7534
102000000	139000000	3992.3545
103000000	139000000	3370.3162
104000000	139000000	3845.3804
105000000	139000000	5549.6104
106000000	139000000	5915.0938
107000000	139000000	6253.2783
108000000	139000000	2759.2793
109000000	139000000	1539.021
110000000	139000000	2769.7993
111000000	139000000	3021.4944
112000000	139000000	2930.6729
113000000	139000000	1830.562
114000000	139000000	3209.5205
115000000	139000000	2707.7305
116000000	139000000	5444.208
117000000	139000000	3591.9392
118000000	139000000	1926.8436
119000000	139000000	2585.1118
120000000	139000000	4660.4155
121000000	139000000	3513.409
122000000	139000000	3313.833
123000000	139000000	3370.441
124000000	139000000	2780.0269
125000000	139000000	2761.046
126000000	139000000	4106.978
127000000	139000000	9064.014
128000000	139000000	8641.539
129000000	139000000	8739.186
130000000	139000000	8423.299
131000000	139000000	8963.218
132000000	139000000	9398.046
133000000	139000000	10695.218
134000000	139000000	14093.173
135000000	139000000	14721.013
136000000	139000000	7950.696
137000000	139000000	20400.621
138000000	139000000	77228.17
139000000	139000000	549358.94
0	140000000	856.2388
1000000	140000000	1051.149
2000000	140000000	1012.38184
3000000	140000000	699.5184
4000000	140000000	716.19446
5000000	140000000	1050.8438
6000000	140000000	1203.2299
7000000	140000000	979.94354
8000000	140000000	732.1218
9000000	140000000	476.6842
10000000	140000000	596.0732
11000000	140000000	712.67175
12000000	140000000	653.26526
13000000	140000000	525.8995
14000000	140000000	554.06287
15000000	140000000	544.01324
16000000	140000000	594.2438
17000000	140000000	808.10895
18000000	140000000	604.6937
19000000	140000000	515.17706
20000000	140000000	751.9763
21000000	140000000	806.39905
22000000	140000000	1046.8633
23000000	140000000	1137.2101
24000000	140000000	1065.6055
25000000	140000000	1101.5558
26000000	140000000	1066.0807
27000000	140000000	1134.6984
28000000	140000000	1098.6942
29000000	140000000	1163.6931
30000000	140000000	1271.0076
31000000	140000000	899.6737
32000000	140000000	929.1019
33000000	140000000	787.3741
34000000	140000000	697.0356
35000000	140000000	919.6511
36000000	140000000	1158.429
37000000	140000000	1148.999
38000000	140000000	1114.2084
39000000	140000000	999.84863
40000000	140000000	771.58795
41000000	140000000	698.49567
42000000	140000000	729.3624
43000000	140000000	1048.6835
44000000	140000000	1120.5955
45000000	140000000	1062.5448
46000000	140000000	763.35065
47000000	140000000	951.75653
48000000	140000000	792.73694
49000000	140000000	660.3605
50000000	140000000	870.47394
51000000	140000000	587.975
52000000	140000000	494.33826
53000000	140000000	446.3499
54000000	140000000	565.90436
55000000	140000000	966.07465
56000000	140000000	709.1334
57000000	140000000	413.6765
58000000	140000000	96.62068
61000000	140000000	244.6646
62000000	140000000	403.15042
63000000	140000000	569.8038
64000000	140000000	1011.4178
65000000	140000000	1999.787
66000000	140000000	1788.0526
67000000	140000000	739.4242
68000000	140000000	954.7698
69000000	140000000	1627.0425
70000000	140000000	1098.079
71000000	140000000	912.86523
72000000	140000000	1849.7087
73000000	140000000	2160.6487
74000000	140000000	906.83844
75000000	140000000	2733.1724
76000000	140000000	2435.1086
77000000	140000000	2681.5513
78000000	140000000	1564.2689
79000000	140000000	1389.7378
80000000	140000000	1397.3583
81000000	140000000	1740.9
82000000	140000000	1414.0304
83000000	140000000	1611.8763
84000000	140000000	1338.4276
85000000	140000000	1280.9999
86000000	140000000	1802.0513
87000000	140000000	2150.5686
88000000	140000000	1408.6506
89000000	140000000	1501.2874
90000000	140000000	2227.7395
91000000	140000000	2753.0945
92000000	140000000	2698.823
93000000	140000000	2032.7932
94000000	140000000	1962.2412
95000000	140000000	2572.1145
96000000	140000000	2820.8767
97000000	140000000	3824.4116
98000000	140000000	4553.5635
99000000	140000000	3315.3357
100000000	140000000	2956.4412
101000000	140000000	3495.89
102000000	140000000	3688.8972
103000000	140000000	4078.4172
104000000	140000000	3737.3357
105000000	140000000	4572.2764
106000000	140000000	4975.591
107000000	140000000	5941.5874
108000000	140000000	3168.7815
109000000	140000000	2075.2864
110000000	140000000	3024.9329
111000000	140000000	3307.5571
112000000	140000000	3287.3896
113000000	140000000	2292.1953
114000000	140000000	3218.7668
115000000	140000000	2871.4114
116000000	140000000	5072.643
117000000	140000000	3923.21
118000000	140000000	2536.0488
119000000	140000000	3002.5981
120000000	140000000	4599.7285
121000000	140000000	3820.5337
122000000	140000000	3880.9082
123000000	140000000	3991.049
124000000	140000000	3389.4304
125000000	140000000	2931.4407
126000000	140000000	4258.815
127000000	140000000	8724.138
128000000	140000000	6146.56
129000000	140000000	6874.7944
130000000	140000000	7093.6704
131000000	140000000	10104.798
132000000	140000000	9771.7
133000000	140000000	10480.163
134000000	140000000	11496.845
135000000	140000000	11833.906
136000000	140000000	8869.373
137000000	140000000	14710.85
138000000	140000000	29469.219
139000000	140000000	114655.55
140000000	140000000	478256.97
0	141000000	760.1739
1000000	141000000	783.3328
2000000	141000000	697.6255
3000000	141000000	828.2585
4000000	141000000	787.8733
5000000	141000000	714.7435
6000000	141000000	814.4735
7000000	141000000	819.7514
8000000	141000000	893.48456
9000000	141000000	847.6483
10000000	141000000	794.1458
11000000	141000000	871.4862
12000000	141000000	891.3435
13000000	141000000	785.20886
14000000	141000000	789.49
15000000	141000000	809.6178
16000000	141000000	873.47174
17000000	141000000	798.77734
18000000	141000000	735.10754
19000000	141000000	745.4654
20000000	141000000	777.1334
21000000	141000000	901.0234
22000000	141000000	878.83795
23000000	141000000	850.10266
24000000	141000000	984.6311
25000000	141000000	1133.2773
26000000	141000000	923.58105
27000000	141000000	1127.3953
28000000	141000000	1094.9297
29000000	141000000	1360.8806
30000000	141000000	1091.991
31000000	141000000	1255.091
32000000	141000000	1069.1562
33000000	141000000	1035.9435
34000000	141000000	933.6224
35000000	141000000	964.7015
36000000	141000000	1164.1875
37000000	141000000	946.40326
38000000	141000000	1104.5547
39000000	141000000	1001.23206
40000000	141000000	893.0461
41000000	141000000	755.46387
42000000	141000000	987.8613
43000000	141000000	831.35034
44000000	141000000	737.65375
45000000	141000000	1121.7003
46000000	141000000	1031.6676
47000000	141000000	1076.0106
48000000	141000000	1004.8004
49000000	141000000	1054.1373
50000000	141000000	1053.2428
51000000	141000000	884.1951
52000000	141000000	815.814
53000000	141000000	796.239
54000000	141000000	973.4869
55000000	141000000	1121.9143
56000000	141000000	865.24884
57000000	141000000	578.80286
58000000	141000000	143.33148
61000000	141000000	504.09235
62000000	141000000	718.0253
63000000	141000000	879.118
64000000	141000000	1080.7842
65000000	141000000	1617.0149
66000000	141000000	1466.6952
67000000	141000000	1151.4369
68000000	141000000	1282.533
69000000	141000000	1656.6414
70000000	141000000	1502.8584
71000000	141000000	1457.5021
72000000	141000000	1407.8186
73000000	141000000	1398.3864
74000000	141000000	591.73413
75000000	141000000	1856.6646
76000000	141000000	1602.0607
77000000	141000000	2544.3845
78000000	141000000	2749.5215
79000000	141000000	2396.784
80000000	141000000	2301.652
81000000	141000000	2000.082
82000000	141000000	2172.2385
83000000	141000000	2139.1045
84000000	141000000	2124.3765
85000000	141000000	2299.0151
86000000	141000000	2331.8162
87000000	141000000	2194.688
88000000	141000000	2052.2053
89000000	141000000	2136.9043
90000000	141000000	2555.27
91000000	141000000	2840.4905
92000000	141000000	2367.2444
93000000	141000000	2672.74
94000000	141000000	2831.6787
95000000	141000000	3467.2476
96000000	141000000	4071.0105
97000000	141000000	4067.8345
98000000	141000000	3699.3936
99000000	141000000	2251.465
100000000	141000000	1931.7646
101000000	141000000	2380.6614
102000000	141000000	3115.869
103000000	141000000	5223.2183
104000000	141000000	3742.3462
105000000	141000000	3486.8389
106000000	141000000	3985.7234
107000000	141000000	5285.6074
108000000	141000000	4757.3296
109000000	141000000	4013.7446
110000000	141000000	4212.013
111000000	141000000	4519.666
112000000	141000000	4438.7524
113000000	141000000	4160.947
114000000	141000000	4018.0757
115000000	141000000	4138.119
116000000	141000000	4875.0454
117000000	141000000	5112.843
118000000	141000000	4805.4565
119000000	141000000	4714.4604
120000000	141000000	5158.4424
121000000	141000000	5699.9077
122000000	141000000	5880.282
123000000	141000000	5873.568
124000000	141000000	5498.438
125000000	141000000	4195.066
126000000	141000000	5424.9683
127000000	141000000	7733.3335
128000000	141000000	3851.2512
129000000	141000000	4783.0396
130000000	141000000	5427.8394
131000000	141000000	11923.882
132000000	141000000	10919.221
133000000	141000000	11026.476
134000000	141000000	9930.501
135000000	141000000	12052.134
136000000	141000000	14859.434
137000000	141000000	13993.105
138000000	141000000	19714.412
139000000	141000000	29830.105
140000000	141000000	132403.02
141000000	141000000	449190.44
0	142000000	663.3874
1000000	142000000	721.24023
2000000	142000000	722.0567
3000000	142000000	848.46155
4000000	142000000	737.666
5000000	142000000	679.6806
6000000	142000000	774.68365
7000000	142000000	892.41425
8000000	142000000	925.95667
9000000	142000000	842.0598
10000000	142000000	749.5915
11000000	142000000	898.6156
12000000	142000000	888.64734
13000000	142000000	771.57086
14000000	142000000	740.7844
15000000	142000000	767.7063
16000000	142000000	864.65515
17000000	142000000	849.2285
18000000	142000000	745.46674
19000000	142000000	730.64655
20000000	142000000	797.0962
21000000	142000000	864.42053
22000000	142000000	892.89374
23000000	142000000	788.87805
24000000	142000000	886.0315
25000000	142000000	976.9075
26000000	142000000	818.03064
27000000	142000000	956.49567
28000000	142000000	1049.0905
29000000	142000000	1205.3718
30000000	142000000	1056.3617
31000000	142000000	1120.3988
32000000	142000000	1015.6815
33000000	142000000	893.4699
34000000	142000000	864.34595
35000000	142000000	928.70636
36000000	142000000	1095.419
37000000	142000000	947.47015
38000000	142000000	992.8729
39000000	142000000	975.125
40000000	142000000	832.2595
41000000	142000000	690.2736
42000000	142000000	859.28674
43000000	142000000	791.8717
44000000	142000000	753.35834
45000000	142000000	964.5195
46000000	142000000	869.56616
47000000	142000000	1143.6842
48000000	142000000	956.418
49000000	142000000	959.13403
50000000	142000000	1087.021
51000000	142000000	877.02637
52000000	142000000	738.0732
53000000	142000000	750.54785
54000000	142000000	871.12335
55000000	142000000	1196.8367
56000000	142000000	740.54456
57000000	142000000	578.9592
58000000	142000000	101.22339
61000000	142000000	488.906
62000000	142000000	691.94366
63000000	142000000	730.23267
64000000	142000000	1087.6599
65000000	142000000	1630.5546
66000000	142000000	1425.0391
67000000	142000000	1030.5814
68000000	142000000	1311.8843
69000000	142000000	2010.8473
70000000	142000000	1537.4415
71000000	142000000	1256.894
72000000	142000000	1285.9976
73000000	142000000	1223.8201
74000000	142000000	544.7955
75000000	142000000	1432.1218
76000000	142000000	1585.6438
77000000	142000000	2537.7954
78000000	142000000	2698.6587
79000000	142000000	2386.6582
80000000	142000000	2310.154
81000000	142000000	2122.9248
82000000	142000000	2123.946
83000000	142000000	2183.0642
84000000	142000000	2198.8037
85000000	142000000	2232.3108
86000000	142000000	2381.0713
87000000	142000000	2318.2017
88000000	142000000	2023.6776
89000000	142000000	2203.678
90000000	142000000	2570.5376
91000000	142000000	2755.2412
92000000	142000000	2553.717
93000000	142000000	2647.487
94000000	142000000	2592.9841
95000000	142000000	3417.1428
96000000	142000000	3641.5635
97000000	142000000	3697.0105
98000000	142000000	3020.3247
99000000	142000000	1805.9696
100000000	142000000	1636.312
101000000	142000000	2197.7524
102000000	142000000	2728.7808
103000000	142000000	4547.7466
104000000	142000000	3603.6833
105000000	142000000	3207.262
106000000	142000000	3701.6426
107000000	142000000	5202.2847
108000000	142000000	4795.925
109000000	142000000	3825.0645
110000000	142000000	4297.987
111000000	142000000	4559.544
112000000	142000000	4409.8193
113000000	142000000	3971.0547
114000000	142000000	4248.8447
115000000	142000000	4196.241
116000000	142000000	5466.906
117000000	142000000	5634.294
118000000	142000000	5041.3706
119000000	142000000	5789.9565
120000000	142000000	6589.442
121000000	142000000	6322.773
122000000	142000000	6166.437
123000000	142000000	6297.1626
124000000	142000000	5472.4766
125000000	142000000	3890.8074
126000000	142000000	5186.9917
127000000	142000000	8323.694
128000000	142000000	3551.054
129000000	142000000	4028.3984
130000000	142000000	4909.2603
131000000	142000000	9589.663
132000000	142000000	9380.556
133000000	142000000	9523.341
134000000	142000000	8575.633
135000000	142000000	10726.241
136000000	142000000	12059.557
137000000	142000000	11540.123
138000000	142000000	12876.336
139000000	142000000	15442.604
140000000	142000000	25798.637
141000000	142000000	69927.58
142000000	142000000	470000.97
0	143000000	502.84952
1000000	143000000	594.805
2000000	143000000	537.2487
3000000	143000000	649.4063
4000000	143000000	647.57367
5000000	143000000	600.36945
6000000	143000000	635.6043
7000000	143000000	738.777
8000000	143000000	839.31836
9000000	143000000	851.97546
10000000	143000000	894.8063
11000000	143000000	812.21533
12000000	143000000	895.97235
13000000	143000000	788.2106
14000000	143000000	830.51196
15000000	143000000	765.901
16000000	143000000	856.1173
17000000	143000000	687.4277
18000000	143000000	732.1086
19000000	143000000	692.8721
20000000	143000000	694.58575
21000000	143000000	697.74054
22000000	143000000	656.86096
23000000	143000000	648.4142
24000000	143000000	682.94806
25000000	143000000	657.6469
26000000	143000000	574.11786
27000000	143000000	702.9795
28000000	143000000	691.85175
29000000	143000000	767.913
30000000	143000000	774.3955
31000000	143000000	797.71277
32000000	143000000	830.69116
33000000	143000000	810.8758
34000000	143000000	694.67975
35000000	143000000	840.3195
36000000	143000000	760.2439
37000000	143000000	708.8768
38000000	143000000	788.6547
39000000	143000000	791.7838
40000000	143000000	621.40656
41000000	143000000	562.43353
42000000	143000000	728.0611
43000000	143000000	642.3896
44000000	143000000	594.0267
45000000	143000000	691.981
46000000	143000000	690.80164
47000000	143000000	744.8062
48000000	143000000	769.828
49000000	143000000	902.36676
50000000	143000000	875.2242
51000000	143000000	760.9264
52000000	143000000	684.13477
53000000	143000000	676.7186
54000000	143000000	809.3479
55000000	143000000	982.8016
56000000	143000000	631.13367
57000000	143000000	440.21338
58000000	143000000	164.38312
61000000	143000000	377.7118
62000000	143000000	565.4941
63000000	143000000	651.65356
64000000	143000000	1015.3152
65000000	143000000	1518.0393
66000000	143000000	1167.6442
67000000	143000000	786.7714
68000000	143000000	939.6771
69000000	143000000	1439.3319
70000000	143000000	1082.1747
71000000	143000000	932.4122
72000000	143000000	1144.5476
73000000	143000000	994.8606
74000000	143000000	427.1101
75000000	143000000	1204.6151
76000000	143000000	1320.1782
77000000	143000000	2236.4712
78000000	143000000	2511.1934
79000000	143000000	2311.2004
80000000	143000000	2207.548
81000000	143000000	1880.4833
82000000	143000000	2313.4543
83000000	143000000	2171.3784
84000000	143000000	2220.689
85000000	143000000	2268.907
86000000	143000000	2353.2976
87000000	143000000	2225.7236
88000000	143000000	2090.7002
89000000	143000000	2196.663
90000000	143000000	2326.9617
91000000	143000000	2441.7463
92000000	143000000	2269.9475
93000000	143000000	2511.7344
94000000	143000000	2527.785
95000000	143000000	2920.9805
96000000	143000000	3104.5754
97000000	143000000	3061.8267
98000000	143000000	2370.6807
99000000	143000000	1380.1549
100000000	143000000	1165.8458
101000000	143000000	1708.159
102000000	143000000	2296.0518
103000000	143000000	3570.2397
104000000	143000000	2658.691
105000000	143000000	2511.1665
106000000	143000000	2868.6416
107000000	143000000	4287.475
108000000	143000000	4613.073
109000000	143000000	3843.0693
110000000	143000000	4091.274
111000000	143000000	4227.2563
112000000	143000000	4489.8975
113000000	143000000	4331.262
114000000	143000000	4181.127
115000000	143000000	4422.5454
116000000	143000000	4828.6763
117000000	143000000	5343.6826
118000000	143000000	5201.1323
119000000	143000000	5211.6626
120000000	143000000	5283.4717
121000000	143000000	5892.8604
122000000	143000000	6143.366
123000000	143000000	6780.7266
124000000	143000000	5713.0146
125000000	143000000	4231.007
126000000	143000000	5006.977
127000000	143000000	7008.4355
128000000	143000000	2992.854
129000000	143000000	3052.9207
130000000	143000000	3568.1865
131000000	143000000	5928.7524
132000000	143000000	5908.069
133000000	143000000	6325.664
134000000	143000000	6585.157
135000000	143000000	8540.353
136000000	143000000	10604.253
137000000	143000000	8943.862
138000000	143000000	9555.138
139000000	143000000	9732.508
140000000	143000000	13481.796
141000000	143000000	24000.111
142000000	143000000	122359.41
143000000	143000000	546730.25
0	144000000	485.22763
1000000	144000000	353.4716
2000000	144000000	447.31308
3000000	144000000	815.4168
4000000	144000000	612.84515
5000000	144000000	471.41614
6000000	144000000	467.50586
7000000	144000000	702.36597
8000000	144000000	831.91486
9000000	144000000	985.1716
10000000	144000000	952.0603
11000000	144000000	948.09357
12000000	144000000	905.73987
13000000	144000000	922.8323
14000000	144000000	849.2766
15000000	144000000	866.61505
16000000	144000000	887.35376
17000000	144000000	792.2917
18000000	144000000	873.98804
19000000	144000000	882.0136
20000000	144000000	776.1679
21000000	144000000	804.8821
22000000	144000000	584.0527
23000000	144000000	541.5688
24000000	144000000	502.19427
25000000	144000000	489.21136
26000000	144000000	386.42987
27000000	144000000	441.78925
28000000	144000000	476.03662
29000000	144000000	529.48944
30000000	144000000	533.72235
31000000	144000000	687.29193
32000000	144000000	747.1333
33000000	144000000	852.14996
34000000	144000000	858.97437
35000000	144000000	644.5911
36000000	144000000	601.6128
37000000	144000000	561.95184
38000000	144000000	656.6399
39000000	144000000	647.4109
40000000	144000000	688.3222
41000000	144000000	642.15
42000000	144000000	696.0396
43000000	144000000	536.21484
44000000	144000000	353.1908
45000000	144000000	556.4735
46000000	144000000	686.37067
47000000	144000000	739.7989
48000000	144000000	849.024
49000000	144000000	923.03485
50000000	144000000	843.66455
51000000	144000000	785.7406
52000000	144000000	930.33704
53000000	144000000	938.0109
54000000	144000000	1058.477
55000000	144000000	1057.4794
56000000	144000000	709.24554
57000000	144000000	617.48553
58000000	144000000	199.88701
61000000	144000000	562.3971
62000000	144000000	934.40173
63000000	144000000	1084.9993
64000000	144000000	1340.9989
65000000	144000000	1269.0627
66000000	144000000	974.962
67000000	144000000	1140.9413
68000000	144000000	1282.7057
69000000	144000000	1450.459
70000000	144000000	1351.4244
71000000	144000000	1333.6266
72000000	144000000	816.21173
73000000	144000000	506.36768
74000000	144000000	288.16446
75000000	144000000	706.7918
76000000	144000000	988.84015
77000000	144000000	2036.7981
78000000	144000000	2838.9485
79000000	144000000	2704.4326
80000000	144000000	2800.6226
81000000	144000000	2182.1018
82000000	144000000	2863.6096
83000000	144000000	2701.1062
84000000	144000000	2606.574
85000000	144000000	2929.6113
86000000	144000000	2794.2166
87000000	144000000	2537.2888
88000000	144000000	2929.5105
89000000	144000000	2936.0518
90000000	144000000	2928.9592
91000000	144000000	2625.951
92000000	144000000	2417.3499
93000000	144000000	3060.556
94000000	144000000	3168.5037
95000000	144000000	3279.9846
96000000	144000000	3187.9683
97000000	144000000	2714.5957
98000000	144000000	1313.62
99000000	144000000	761.6555
100000000	144000000	712.3178
101000000	144000000	917.66473
102000000	144000000	1809.8893
103000000	144000000	3183.906
104000000	144000000	2297.1912
105000000	144000000	1593.9869
106000000	144000000	2067.321
107000000	144000000	3323.5645
108000000	144000000	5448.9355
109000000	144000000	5478.6914
110000000	144000000	5521.972
111000000	144000000	5442.419
112000000	144000000	5955.5547
113000000	144000000	6179.711
114000000	144000000	5688.205
115000000	144000000	5869.998
116000000	144000000	5346.24
117000000	144000000	6499.1147
118000000	144000000	7406.5537
119000000	144000000	7000.7393
120000000	144000000	6252.084
121000000	144000000	7376.572
122000000	144000000	8322.069
123000000	144000000	9139.822
124000000	144000000	7870.3853
125000000	144000000	6275.0957
126000000	144000000	6539.5586
127000000	144000000	5576.0776
128000000	144000000	1872.0343
129000000	144000000	1986.9052
130000000	144000000	2502.6455
131000000	144000000	4165.869
132000000	144000000	4468.549
133000000	144000000	5489.854
134000000	144000000	5019.152
135000000	144000000	8104.665
136000000	144000000	12366.24
137000000	144000000	9118.631
138000000	144000000	7825.0513
139000000	144000000	5752.9116
140000000	144000000	8197.984
141000000	144000000	14699.073
142000000	144000000	24162.209
143000000	144000000	55126.348
144000000	144000000	463857.0
0	145000000	421.5154
1000000	145000000	239.94481
2000000	145000000	231.75305
3000000	145000000	859.1534
4000000	145000000	705.2014
5000000	145000000	235.65924
6000000	145000000	250.87735
7000000	145000000	427.95047
8000000	145000000	641.8293
9000000	145000000	1265.3087
10000000	145000000	935.3301
11000000	145000000	693.61755
12000000	145000000	823.6564
13000000	145000000	1082.5222
14000000	145000000	1049.6255
15000000	145000000	1033.3175
16000000	145000000	930.27484
17000000	145000000	564.9488
18000000	145000000	678.5612
19000000	145000000	834.40295
20000000	145000000	522.44385
21000000	145000000	612.7351
22000000	145000000	310.80502
23000000	145000000	299.88168
24000000	145000000	366.74973
25000000	145000000	328.7651
26000000	145000000	248.0327
27000000	145000000	349.462
28000000	145000000	286.3668
29000000	145000000	430.1731
30000000	145000000	286.44855
31000000	145000000	606.41693
32000000	145000000	557.22797
33000000	145000000	709.7261
34000000	145000000	938.6101
35000000	145000000	475.55215
36000000	145000000	358.99875
37000000	145000000	298.6359
38000000	145000000	415.17804
39000000	145000000	504.35748
40000000	145000000	646.091
41000000	145000000	679.88513
42000000	145000000	632.47205
43000000	145000000	303.53748
44000000	145000000	175.6893
45000000	145000000	367.12817
46000000	145000000	804.59827
47000000	145000000	420.42563
48000000	145000000	752.96436
49000000	145000000	966.20557
50000000	145000000	576.6155
51000000	145000000	1051.6512
52000000	145000000	1515.7233
53000000	145000000	1500.0652
54000000	145000000	1167.675
55000000	145000000	672.2644
56000000	145000000	936.07153
57000000	145000000	1179.3724
58000000	145000000	501.7629
61000000	145000000	1191.162
62000000	145000000	1840.9559
63000000	145000000	1625.3745
64000000	145000000	1276.2422
65000000	145000000	668.776
66000000	145000000	548.1812
67000000	145000000	1799.2992
68000000	145000000	1442.0364
69000000	145000000	795.27466
70000000	145000000	1431.5741
71000000	145000000	1934.892
72000000	145000000	515.3757
73000000	145000000	323.21652
74000000	145000000	153.81789
75000000	145000000	313.25507
76000000	145000000	443.9952
77000000	145000000	1170.2095
78000000	145000000	2857.388
79000000	145000000	3177.4172
80000000	145000000	3060.8984
81000000	145000000	1663.3944
82000000	145000000	2696.4226
83000000	145000000	2379.2686
84000000	145000000	2641.9949
85000000	145000000	3123.8748
86000000	145000000	2291.8738
87000000	145000000	1643.4164
88000000	145000000	3032.014
89000000	145000000	2869.006
90000000	145000000	1819.4504
91000000	145000000	2071.2292
92000000	145000000	1242.2126
93000000	145000000	2608.27
94000000	145000000	3113.5933
95000000	145000000	2663.6338
96000000	145000000	3148.7314
97000000	145000000	2307.2036
98000000	145000000	877.8889
99000000	145000000	435.9005
100000000	145000000	373.93842
101000000	145000000	476.43744
102000000	145000000	1094.1029
103000000	145000000	2712.1082
104000000	145000000	1576.6368
105000000	145000000	792.7914
106000000	145000000	1150.9265
107000000	145000000	1832.563
108000000	145000000	5202.6743
109000000	145000000	6711.702
110000000	145000000	4743.228
111000000	145000000	4638.6787
112000000	145000000	5186.4707
113000000	145000000	6775.699
114000000	145000000	4119.567
115000000	145000000	5209.984
116000000	145000000	3218.0508
117000000	145000000	5407.515
118000000	145000000	8164.9336
119000000	145000000	6565.43
120000000	145000000	3444.2776
121000000	145000000	6858.4883
122000000	145000000	8001.9756
123000000	145000000	8297.707
124000000	145000000	8287.851
125000000	145000000	6740.437
126000000	145000000	5383.417
127000000	145000000	2976.1257
128000000	145000000	997.8698
129000000	145000000	1146.0464
130000000	145000000	1367.721
131000000	145000000	3319.3313
132000000	145000000	3208.24
133000000	145000000	3580.509
134000000	145000000	3125.3484
135000000	145000000	5628.5073
136000000	145000000	13120.958
137000000	145000000	6351.058
138000000	145000000	5311.116
139000000	145000000	2975.1172
140000000	145000000	5076.1973
141000000	145000000	11247.554
142000000	145000000	14769.691
143000000	145000000	22353.525
144000000	145000000	122299.66
145000000	145000000	479939.1
0	146000000	521.1982
1000000	146000000	265.46436
2000000	146000000	225.8214
3000000	146000000	964.4439
4000000	146000000	942.92523
5000000	146000000	234.56583
6000000	146000000	249.88857
7000000	146000000	403.84268
8000000	146000000	587.37946
9000000	146000000	1092.5907
10000000	146000000	940.8461
11000000	146000000	717.71857
12000000	146000000	773.96844
13000000	146000000	1053.0154
14000000	146000000	884.9794
15000000	146000000	1059.8633
16000000	146000000	963.41534
17000000	146000000	506.92517
18000000	146000000	732.3535
19000000	146000000	817.8766
20000000	146000000	512.89966
21000000	146000000	559.7366
22000000	146000000	366.79846
23000000	146000000	305.59906
24000000	146000000	329.50067
25000000	146000000	340.37234
26000000	146000000	224.93396
27000000	146000000	346.80023
28000000	146000000	267.5543
29000000	146000000	445.11728
30000000	146000000	246.15039
31000000	146000000	636.0599
32000000	146000000	534.6339
33000000	146000000	702.60376
34000000	146000000	917.5416
35000000	146000000	450.266
36000000	146000000	317.16132
37000000	146000000	262.6029
38000000	146000000	399.72122
39000000	146000000	474.07413
40000000	146000000	609.3394
41000000	146000000	667.3017
42000000	146000000	643.13745
43000000	146000000	295.76852
44000000	146000000	188.19846
45000000	146000000	395.12518
46000000	146000000	812.3912
47000000	146000000	495.1031
48000000	146000000	782.6052
49000000	146000000	864.4047
50000000	146000000	596.3269
51000000	146000000	1094.1841
52000000	146000000	1519.3204
53000000	146000000	1499.1959
54000000	146000000	1202.044
55000000	146000000	644.2405
56000000	146000000	1073.0741
57000000	146000000	1411.8579
58000000	146000000	580.59296
61000000	146000000	1454.4255
62000000	146000000	2200.7566
63000000	146000000	1949.7535
64000000	146000000	1353.7031
65000000	146000000	625.47614
66000000	146000000	583.7784
67000000	146000000	2112.423
68000000	146000000	1689.0406
69000000	146000000	780.3847
70000000	146000000	1694.5942
71000000	146000000	2281.3225
72000000	146000000	508.33398
73000000	146000000	268.28552
74000000	146000000	145.83012
75000000	146000000	323.65686
76000000	146000000	407.33118
77000000	146000000	1166.2577
78000000	146000000	2737.7388
79000000	146000000	3130.1902
80000000	146000000	2985.8098
81000000	146000000	1502.089
82000000	146000000	2480.8347
83000000	146000000	2250.3796
84000000	146000000	2635.5435
85000000	146000000	2949.8713
86000000	146000000	2034.2422
87000000	146000000	1518.949
88000000	146000000	2897.8743
89000000	146000000	2759.204
90000000	146000000	1636.0408
91000000	146000000	2094.5247
92000000	146000000	1146.7755
93000000	146000000	2487.9124
94000000	146000000	2967.7598
95000000	146000000	2442.9343
96000000	146000000	3226.642
97000000	146000000	2292.9785
98000000	146000000	895.3613
99000000	146000000	385.5743
100000000	146000000	357.24637
101000000	146000000	413.537
102000000	146000000	996.1605
103000000	146000000	2705.682
104000000	146000000	1626.0109
105000000	146000000	803.356
106000000	146000000	1011.79846
107000000	146000000	1711.9501
108000000	146000000	5013.772
109000000	146000000	6601.224
110000000	146000000	4571.791
111000000	146000000	4439.898
112000000	146000000	4907.663
113000000	146000000	6398.378
114000000	146000000	3913.7056
115000000	146000000	4907.912
116000000	146000000	2862.9175
117000000	146000000	4953.5957
118000000	146000000	7356.3853
119000000	146000000	5656.7065
120000000	146000000	2984.6985
121000000	146000000	6341.8516
122000000	146000000	7573.332
123000000	146000000	7908.775
124000000	146000000	8053.266
125000000	146000000	6503.2944
126000000	146000000	5358.425
127000000	146000000	2718.9138
128000000	146000000	852.92065
129000000	146000000	1053.061
130000000	146000000	1327.8193
131000000	146000000	3222.9531
132000000	146000000	3050.6045
133000000	146000000	3339.6104
134000000	146000000	2710.5552
135000000	146000000	4868.6875
136000000	146000000	12292.148
137000000	146000000	5715.5195
138000000	146000000	4906.446
139000000	146000000	2440.188
140000000	146000000	4213.0947
141000000	146000000	9301.07
142000000	146000000	11208.088
143000000	146000000	14885.337
144000000	146000000	43966.754
145000000	146000000	106824.34
146000000	146000000	476488.62
0	147000000	510.06448
1000000	147000000	344.29202
2000000	147000000	338.6252
3000000	147000000	936.5727
4000000	147000000	790.06305
5000000	147000000	351.06238
6000000	147000000	356.31342
7000000	147000000	529.47876
8000000	147000000	718.958
9000000	147000000	1079.7175
10000000	147000000	938.8326
11000000	147000000	818.45715
12000000	147000000	885.7234
13000000	147000000	970.9225
14000000	147000000	945.60236
15000000	147000000	928.33777
16000000	147000000	966.73016
17000000	147000000	669.0379
18000000	147000000	812.93646
19000000	147000000	844.8073
20000000	147000000	646.61304
21000000	147000000	634.3041
22000000	147000000	471.89227
23000000	147000000	399.7892
24000000	147000000	436.27203
25000000	147000000	418.399
26000000	147000000	340.2282
27000000	147000000	457.64163
28000000	147000000	402.3205
29000000	147000000	507.53885
30000000	147000000	404.7051
31000000	147000000	730.8762
32000000	147000000	694.7233
33000000	147000000	810.9156
34000000	147000000	899.2957
35000000	147000000	585.33606
36000000	147000000	546.29456
37000000	147000000	409.62192
38000000	147000000	505.75482
39000000	147000000	588.5097
40000000	147000000	701.19824
41000000	147000000	682.0952
42000000	147000000	754.8577
43000000	147000000	398.04025
44000000	147000000	250.33698
45000000	147000000	526.08136
46000000	147000000	840.35535
47000000	147000000	646.1651
48000000	147000000	916.639
49000000	147000000	901.32184
50000000	147000000	803.25244
51000000	147000000	1162.9211
52000000	147000000	1240.6962
53000000	147000000	1253.5664
54000000	147000000	1128.8208
55000000	147000000	977.3756
56000000	147000000	945.73816
57000000	147000000	1045.4196
58000000	147000000	423.2674
61000000	147000000	828.95605
62000000	147000000	1387.0074
63000000	147000000	1436.9321
64000000	147000000	1231.372
65000000	147000000	807.11816
66000000	147000000	828.9449
67000000	147000000	1691.7133
68000000	147000000	1602.6493
69000000	147000000	1148.8093
70000000	147000000	1534.0559
71000000	147000000	1979.5232
72000000	147000000	721.48773
73000000	147000000	389.6736
74000000	147000000	168.33043
75000000	147000000	492.05103
76000000	147000000	558.64874
77000000	147000000	1388.0648
78000000	147000000	2904.7732
79000000	147000000	2838.0115
80000000	147000000	2789.4563
81000000	147000000	1595.1104
82000000	147000000	2403.79
83000000	147000000	2291.6565
84000000	147000000	2348.2114
85000000	147000000	2686.4795
86000000	147000000	2210.7397
87000000	147000000	1787.7996
88000000	147000000	2591.496
89000000	147000000	2680.577
90000000	147000000	2087.8638
91000000	147000000	2299.4155
92000000	147000000	1452.9452
93000000	147000000	2605.7974
94000000	147000000	2807.0723
95000000	147000000	2885.2751
96000000	147000000	3356.6487
97000000	147000000	2627.5803
98000000	147000000	1272.844
99000000	147000000	597.4094
100000000	147000000	506.73438
101000000	147000000	639.0065
102000000	147000000	1447.7523
103000000	147000000	3035.0786
104000000	147000000	1797.1118
105000000	147000000	1171.7603
106000000	147000000	1429.741
107000000	147000000	2408.1162
108000000	147000000	5085.572
109000000	147000000	5820.857
110000000	147000000	4707.003
111000000	147000000	4769.974
112000000	147000000	5159.364
113000000	147000000	5986.3696
114000000	147000000	4037.3584
115000000	147000000	5075.62
116000000	147000000	3778.2441
117000000	147000000	5256.2188
118000000	147000000	6753.0522
119000000	147000000	5633.5723
120000000	147000000	3884.9502
121000000	147000000	6381.9263
122000000	147000000	7295.176
123000000	147000000	7676.226
124000000	147000000	7479.351
125000000	147000000	5630.182
126000000	147000000	5334.7944
127000000	147000000	4018.9495
128000000	147000000	1125.8263
129000000	147000000	1283.8568
130000000	147000000	1606.3956
131000000	147000000	4232.19
132000000	147000000	4042.6187
133000000	147000000	4251.3926
134000000	147000000	3451.4705
135000000	147000000	5871.5537
136000000	147000000	10800.855
137000000	147000000	6189.2695
138000000	147000000	5527.6113
139000000	147000000	3423.9075
140000000	147000000	5361.9346
141000000	147000000	10414.071
142000000	147000000	13008.463
143000000	147000000	15701.417
144000000	147000000	41238.297
145000000	147000000	55312.016
146000000	147000000	125020.79
147000000	147000000	454297.66
0	148000000	987.5879
1000000	148000000	1147.6196
2000000	148000000	1346.7173
3000000	148000000	828.3199
4000000	148000000	869.9056
5000000	148000000	1314.7925
6000000	148000000	1630.5825
7000000	148000000	1044.0535
8000000	148000000	885.37994
9000000	148000000	571.3333
10000000	148000000	674.2013
11000000	148000000	781.17737
12000000	148000000	761.1727
13000000	148000000	563.3232
14000000	148000000	597.9994
15000000	148000000	581.1882
16000000	148000000	620.26135
17000000	148000000	1015.55676
18000000	148000000	680.0506
19000000	148000000	488.52557
20000000	148000000	831.97437
21000000	148000000	783.9483
22000000	148000000	1057.4253
23000000	148000000	1132.9431
24000000	148000000	855.522
25000000	148000000	697.9251
26000000	148000000	808.66486
27000000	148000000	653.39343
28000000	148000000	810.2774
29000000	148000000	629.2612
30000000	148000000	1146.767
31000000	148000000	589.6716
32000000	148000000	887.34625
33000000	148000000	794.16766
34000000	148000000	564.36786
35000000	148000000	866.1023
36000000	148000000	894.9403
37000000	148000000	952.92395
38000000	148000000	802.55615
39000000	148000000	897.8619
40000000	148000000	712.18756
41000000	148000000	646.41595
42000000	148000000	602.3275
43000000	148000000	1080.2212
44000000	148000000	1193.2429
45000000	148000000	850.6128
46000000	148000000	610.41547
47000000	148000000	834.8326
48000000	148000000	737.5159
49000000	148000000	654.5541
50000000	148000000	1009.69586
51000000	148000000	581.8556
52000000	148000000	544.7888
53000000	148000000	465.6543
54000000	148000000	717.9741
55000000	148000000	1307.2314
56000000	148000000	993.8444
57000000	148000000	479.36127
58000000	148000000	72.72291
61000000	148000000	349.5444
62000000	148000000	585.0842
63000000	148000000	822.59656
64000000	148000000	1484.8154
65000000	148000000	2377.3547
66000000	148000000	2321.743
67000000	148000000	767.9301
68000000	148000000	956.96814
69000000	148000000	1759.6705
70000000	148000000	1239.0356
71000000	148000000	1028.125
72000000	148000000	2187.827
73000000	148000000	1782.3304
74000000	148000000	1005.018
75000000	148000000	2223.8936
76000000	148000000	2327.1497
77000000	148000000	2840.3618
78000000	148000000	1420.3148
79000000	148000000	1416.0432
80000000	148000000	1394.0605
81000000	148000000	2081.4521
82000000	148000000	1461.1718
83000000	148000000	1775.0073
84000000	148000000	1366.3352
85000000	148000000	1328.9515
86000000	148000000	2378.3948
87000000	148000000	2818.7437
88000000	148000000	1585.7477
89000000	148000000	1633.7672
90000000	148000000	2810.6565
91000000	148000000	3102.127
92000000	148000000	3273.5818
93000000	148000000	1986.9227
94000000	148000000	2045.4631
95000000	148000000	2584.7795
96000000	148000000	2507.4583
97000000	148000000	3735.5156
98000000	148000000	3788.3848
99000000	148000000	2924.72
100000000	148000000	2484.9272
101000000	148000000	2674.2708
102000000	148000000	3313.176
103000000	148000000	2558.6326
104000000	148000000	3314.2
105000000	148000000	3663.785
106000000	148000000	3992.8992
107000000	148000000	5239.8955
108000000	148000000	3673.3684
109000000	148000000	2222.8367
110000000	148000000	3493.2178
111000000	148000000	3964.6587
112000000	148000000	4006.5845
113000000	148000000	2643.8237
114000000	148000000	4301.022
115000000	148000000	3504.5896
116000000	148000000	6409.012
117000000	148000000	4715.7197
118000000	148000000	2882.627
119000000	148000000	3352.23
120000000	148000000	5688.0234
121000000	148000000	4595.8135
122000000	148000000	5132.951
123000000	148000000	5522.568
124000000	148000000	4166.253
125000000	148000000	3678.8794
126000000	148000000	5146.1
127000000	148000000	8026.207
128000000	148000000	5930.756
129000000	148000000	4892.7007
130000000	148000000	4914.8022
131000000	148000000	4677.0044
132000000	148000000	4876.5625
133000000	148000000	5070.63
134000000	148000000	6692.8345
135000000	148000000	8020.727
136000000	148000000	4535.623
137000000	148000000	7358.516
138000000	148000000	8878.312
139000000	148000000	8974.721
140000000	148000000	9179.005
141000000	148000000	9203.764
142000000	148000000	12040.95
143000000	148000000	13764.112
144000000	148000000	22786.559
145000000	148000000	14501.329
146000000	148000000	21510.432
147000000	148000000	74383.27
148000000	148000000	472860.78
0	149000000	1401.606
1000000	149000000	1832.3174
2000000	149000000	1435.0342
3000000	149000000	884.17004
4000000	149000000	1018.61633
5000000	149000000	1444.8329
6000000	149000000	1504.5466
7000000	149000000	931.9209
8000000	149000000	674.2195
9000000	149000000	424.89142
10000000	149000000	507.6817
11000000	149000000	590.32745
12000000	149000000	636.08606
13000000	149000000	459.01727
14000000	149000000	444.4828
15000000	149000000	499.67386
16000000	149000000	514.28076
17000000	149000000	673.2755
18000000	149000000	481.94534
19000000	149000000	392.88474
20000000	149000000	589.30066
21000000	149000000	696.4592
22000000	149000000	929.1632
23000000	149000000	1028.0674
24000000	149000000	899.12384
25000000	149000000	992.49927
26000000	149000000	959.76306
27000000	149000000	895.48016
28000000	149000000	763.08685
29000000	149000000	867.85815
30000000	149000000	1154.2932
31000000	149000000	724.5851
32000000	149000000	843.0783
33000000	149000000	724.98047
34000000	149000000	561.42267
35000000	149000000	737.02246
36000000	149000000	1014.1257
37000000	149000000	914.9245
38000000	149000000	887.13904
39000000	149000000	868.72174
40000000	149000000	683.995
41000000	149000000	599.061
42000000	149000000	600.8795
43000000	149000000	1076.6122
44000000	149000000	1409.1559
45000000	149000000	1170.3708
46000000	149000000	703.09607
47000000	149000000	886.0658
48000000	149000000	641.9436
49000000	149000000	520.6244
50000000	149000000	805.26416
51000000	149000000	549.3246
52000000	149000000	451.01935
53000000	149000000	404.36588
54000000	149000000	620.6419
55000000	149000000	1012.8777
56000000	149000000	744.5068
57000000	149000000	458.52277
58000000	149000000	180.61736
61000000	149000000	338.787
62000000	149000000	561.2116
63000000	149000000	684.9262
64000000	149000000	1236.0432
65000000	149000000	2216.9849
66000000	149000000	1939.767
67000000	149000000	699.30145
68000000	149000000	878.6833
69000000	149000000	1469.2539
70000000	149000000	1069.9868
71000000	149000000	1015.1963
72000000	149000000	2147.8923
73000000	149000000	2735.465
74000000	149000000	1255.3188
75000000	149000000	3207.3013
76000000	149000000	2144.8591
77000000	149000000	1920.4191
78000000	149000000	1103.9586
79000000	149000000	1046.5879
80000000	149000000	991.9883
81000000	149000000	1278.8413
82000000	149000000	1091.5043
83000000	149000000	1173.4463
84000000	149000000	965.1389
85000000	149000000	920.8941
86000000	149000000	1447.4689
87000000	149000000	1795.6202
88000000	149000000	1039.3345
89000000	149000000	1147.4731
90000000	149000000	1776.1589
91000000	149000000	2121.8713
92000000	149000000	2293.5642
93000000	149000000	1423.1423
94000000	149000000	1424.1649
95000000	149000000	1944.7324
96000000	149000000	2179.6365
97000000	149000000	3550.0254
98000000	149000000	5285.683
99000000	149000000	4233.511
100000000	149000000	3889.4504
101000000	149000000	3774.4507
102000000	149000000	3393.323
103000000	149000000	2957.959
104000000	149000000	3033.6787
105000000	149000000	4207.7925
106000000	149000000	4157.253
107000000	149000000	4603.688
108000000	149000000	2376.8992
109000000	149000000	1577.3488
110000000	149000000	2170.4053
111000000	149000000	2561.2131
112000000	149000000	2656.9417
113000000	149000000	1647.7113
114000000	149000000	2445.126
115000000	149000000	2091.639
116000000	149000000	3882.5815
117000000	149000000	2715.247
118000000	149000000	1746.1769
119000000	149000000	2015.4103
120000000	149000000	3000.3955
121000000	149000000	2858.8438
122000000	149000000	2842.572
123000000	149000000	3254.1194
124000000	149000000	2780.997
125000000	149000000	2387.6455
126000000	149000000	3364.8787
127000000	149000000	7089.1084
128000000	149000000	5813.0264
129000000	149000000	5457.7495
130000000	149000000	5080.0073
131000000	149000000	5990.6187
132000000	149000000	5406.88
133000000	149000000	5495.9844
134000000	149000000	6481.562
135000000	149000000	5326.6255
136000000	149000000	3116.9802
137000000	149000000	4601.057
138000000	149000000	7192.9473
139000000	149000000	8618.047
140000000	149000000	8810.189
141000000	149000000	8291.06
142000000	149000000	9580.008
143000000	149000000	9215.693
144000000	149000000	9223.029
145000000	149000000	6766.5376
146000000	149000000	9014.52
147000000	149000000	16426.648
148000000	149000000	114032.85
149000000	149000000	545774.75
0	150000000	2043.4165
1000000	150000000	2633.1758
2000000	150000000	2195.4133
3000000	150000000	990.8739
4000000	150000000	1100.4963
5000000	150000000	2150.2385
6000000	150000000	2139.4976
7000000	150000000	1170.1401
8000000	150000000	759.3497
9000000	150000000	399.91403
10000000	150000000	459.4615
11000000	150000000	543.7182
12000000	150000000	467.40332
13000000	150000000	416.56973
14000000	150000000	420.50406
15000000	150000000	403.4739
16000000	150000000	442.37637
17000000	150000000	737.5136
18000000	150000000	509.26794
19000000	150000000	371.62122
20000000	150000000	650.51056
21000000	150000000	765.40137
22000000	150000000	1037.6611
23000000	150000000	1270.1443
24000000	150000000	1115.5483
25000000	150000000	1047.6602
26000000	150000000	1170.2897
27000000	150000000	895.08734
28000000	150000000	931.4911
29000000	150000000	831.3641
30000000	150000000	1344.393
31000000	150000000	701.64215
32000000	150000000	764.0895
33000000	150000000	707.9456
34000000	150000000	538.7251
35000000	150000000	838.67114
36000000	150000000	955.0111
37000000	150000000	1131.3608
38000000	150000000	956.31775
39000000	150000000	901.2548
40000000	150000000	663.9709
41000000	150000000	679.46326
42000000	150000000	604.4586
43000000	150000000	1343.8851
44000000	150000000	2001.9502
45000000	150000000	1289.0519
46000000	150000000	711.18506
47000000	150000000	872.7027
48000000	150000000	574.4031
49000000	150000000	456.2853
50000000	150000000	843.4163
51000000	150000000	439.0499
52000000	150000000	368.91492
53000000	150000000	349.9915
54000000	150000000	508.1418
55000000	150000000	1004.7022
56000000	150000000	804.0721
57000000	150000000	421.63498
58000000	150000000	165.7442
61000000	150000000	345.43243
62000000	150000000	490.47427
63000000	150000000	702.9679
64000000	150000000	1261.0181
65000000	150000000	2343.2515
66000000	150000000	2203.0332
67000000	150000000	645.49866
68000000	150000000	829.4242
69000000	150000000	1549.923
70000000	150000000	1017.77673
71000000	150000000	893.6711
72000000	150000000	2680.6177
73000000	150000000	3729.0247
74000000	150000000	1879.8064
75000000	150000000	4059.732
76000000	150000000	2633.2483
77000000	150000000	2215.2944
78000000	150000000	770.9091
79000000	150000000	807.6036
80000000	150000000	740.3732
81000000	150000000	1332.9287
82000000	150000000	835.42426
83000000	150000000	980.44354
84000000	150000000	827.8831
85000000	150000000	675.8005
86000000	150000000	1376.0731
87000000	150000000	1922.7546
88000000	150000000	839.1547
89000000	150000000	996.3345
90000000	150000000	1719.4586
91000000	150000000	1978.2931
92000000	150000000	2520.613
93000000	150000000	1286.7241
94000000	150000000	1323.2312
95000000	150000000	1672.9722
96000000	150000000	1739.8981
97000000	150000000	3292.663
98000000	150000000	5843.381
99000000	150000000	5892.685
100000000	150000000	5868.197
101000000	150000000	4863.627
102000000	150000000	3964.383
103000000	150000000	2628.8455
104000000	150000000	3325.6702
105000000	150000000	4368.698
106000000	150000000	4195.243
107000000	150000000	4018.7566
108000000	150000000	1907.7507
109000000	150000000	1104.0687
110000000	150000000	1718.8124
111000000	150000000	1971.9912
112000000	150000000	2049.7585
113000000	150000000	1263.3606
114000000	150000000	2250.8853
115000000	150000000	1724.131
116000000	150000000	3662.821
117000000	150000000	2441.0632
118000000	150000000	1241.9728
119000000	150000000	1728.659
120000000	150000000	3103.2058
121000000	150000000	2388.1323
122000000	150000000	2584.504
123000000	150000000	2553.6877
124000000	150000000	2171.4795
125000000	150000000	2466.9128
126000000	150000000	3488.4631
127000000	150000000	6496.8374
128000000	150000000	7202.993
129000000	150000000	6207.8154
130000000	150000000	5954.1787
131000000	150000000	5398.298
132000000	150000000	4793.478
133000000	150000000	4695.49
134000000	150000000	6228.9194
135000000	150000000	4720.515
136000000	150000000	2391.2275
137000000	150000000	4519.144
138000000	150000000	6677.017
139000000	150000000	8269.408
140000000	150000000	7471.4336
141000000	150000000	6482.469
142000000	150000000	7052.819
143000000	150000000	6328.1626
144000000	150000000	5450.332
145000000	150000000	3916.5244
146000000	150000000	4757.003
147000000	150000000	7523.301
148000000	150000000	28636.533
149000000	150000000	92242.7
150000000	150000000	581848.6
0	151000000	1710.8729
1000000	151000000	2144.7568
2000000	151000000	1818.9197
3000000	151000000	1109.3926
4000000	151000000	1141.9894
5000000	151000000	1773.7909
6000000	151000000	1784.299
7000000	151000000	1087.1543
8000000	151000000	696.3451
9000000	151000000	387.5258
10000000	151000000	478.78995
11000000	151000000	615.9997
12000000	151000000	561.0341
13000000	151000000	457.47037
14000000	151000000	459.00674
15000000	151000000	463.4882
16000000	151000000	487.27295
17000000	151000000	740.4499
18000000	151000000	512.07086
19000000	151000000	414.2761
20000000	151000000	626.68286
21000000	151000000	684.2206
22000000	151000000	916.88074
23000000	151000000	1104.2253
24000000	151000000	967.38135
25000000	151000000	935.29205
26000000	151000000	1010.8043
27000000	151000000	892.7208
28000000	151000000	908.2603
29000000	151000000	875.9306
30000000	151000000	1245.2593
31000000	151000000	720.37396
32000000	151000000	826.4206
33000000	151000000	724.37384
34000000	151000000	552.49194
35000000	151000000	824.7112
36000000	151000000	1016.1405
37000000	151000000	1036.8323
38000000	151000000	894.71246
39000000	151000000	946.9982
40000000	151000000	677.2021
41000000	151000000	670.2653
42000000	151000000	665.44904
43000000	151000000	1173.159
44000000	151000000	1630.3552
45000000	151000000	1228.4164
46000000	151000000	725.62775
47000000	151000000	910.81635
48000000	151000000	628.85834
49000000	151000000	501.87106
50000000	151000000	850.5496
51000000	151000000	569.511
52000000	151000000	472.86133
53000000	151000000	405.43314
54000000	151000000	640.6554
55000000	151000000	1157.8881
56000000	151000000	888.6573
57000000	151000000	505.8317
58000000	151000000	213.03484
61000000	151000000	295.15393
62000000	151000000	483.55917
63000000	151000000	689.0723
64000000	151000000	1308.9412
65000000	151000000	2628.3262
66000000	151000000	2293.5952
67000000	151000000	803.2892
68000000	151000000	1026.261
69000000	151000000	1672.1974
70000000	151000000	1200.6161
71000000	151000000	1125.9432
72000000	151000000	2756.6562
73000000	151000000	3174.873
74000000	151000000	1376.0978
75000000	151000000	3403.7878
76000000	151000000	2259.293
77000000	151000000	2172.733
78000000	151000000	1089.72
79000000	151000000	943.3048
80000000	151000000	948.7541
81000000	151000000	1238.9956
82000000	151000000	997.1456
83000000	151000000	1035.2659
84000000	151000000	855.1177
85000000	151000000	844.8048
86000000	151000000	1447.9988
87000000	151000000	1858.3275
88000000	151000000	953.11774
89000000	151000000	1016.3399
90000000	151000000	1716.1306
91000000	151000000	2147.1355
92000000	151000000	2277.07
93000000	151000000	1411.6597
94000000	151000000	1497.2571
95000000	151000000	1847.1503
96000000	151000000	1965.1609
97000000	151000000	3441.994
98000000	151000000	5396.179
99000000	151000000	4033.2683
100000000	151000000	3968.6782
101000000	151000000	3854.2554
102000000	151000000	3495.7773
103000000	151000000	2673.8364
104000000	151000000	2970.188
105000000	151000000	3856.009
106000000	151000000	4040.3828
107000000	151000000	4397.2754
108000000	151000000	2204.2651
109000000	151000000	1430.7667
110000000	151000000	2042.2156
111000000	151000000	2412.8574
112000000	151000000	2338.9622
113000000	151000000	1473.8326
114000000	151000000	2378.428
115000000	151000000	1919.1318
116000000	151000000	3748.7805
117000000	151000000	2657.076
118000000	151000000	1541.5996
119000000	151000000	1801.6838
120000000	151000000	3038.7512
121000000	151000000	2676.898
122000000	151000000	2684.115
123000000	151000000	2897.4
124000000	151000000	2503.2034
125000000	151000000	2300.5828
126000000	151000000	3344.7695
127000000	151000000	6880.122
128000000	151000000	5991.7837
129000000	151000000	5437.665
130000000	151000000	5004.3003
131000000	151000000	5659.629
132000000	151000000	5248.366
133000000	151000000	5098.7217
134000000	151000000	5982.7905
135000000	151000000	5262.0337
136000000	151000000	2851.9905
137000000	151000000	4538.2344
138000000	151000000	6603.0063
139000000	151000000	7824.7397
140000000	151000000	8027.171
141000000	151000000	7017.2964
142000000	151000000	7742.2734
143000000	151000000	6949.2446
144000000	151000000	6129.3364
145000000	151000000	4232.7607
146000000	151000000	5065.921
147000000	151000000	8011.011
148000000	151000000	22073.701
149000000	151000000	36214.445
150000000	151000000	103804.93
151000000	151000000	516675.5
0	152000000	1641.964
1000000	152000000	1214.6191
2000000	152000000	1186.789
3000000	152000000	1584.1107
4000000	152000000	1753.3107
5000000	152000000	1143.5771
6000000	152000000	1136.741
7000000	152000000	929.1596
8000000	152000000	802.365
9000000	152000000	746.5897
10000000	152000000	714.4482
11000000	152000000	819.2345
12000000	152000000	722.2246
13000000	152000000	722.616
14000000	152000000	669.3751
15000000	152000000	689.89734
16000000	152000000	675.26965
17000000	152000000	821.291
18000000	152000000	567.1632
19000000	152000000	587.88947
20000000	152000000	703.9204
21000000	152000000	716.4624
22000000	152000000	725.25024
23000000	152000000	772.4909
24000000	152000000	737.82434
25000000	152000000	647.22595
26000000	152000000	740.88336
27000000	152000000	634.8676
28000000	152000000	662.7149
29000000	152000000	762.13605
30000000	152000000	897.4467
31000000	152000000	816.93243
32000000	152000000	900.2246
33000000	152000000	857.76843
34000000	152000000	879.53204
35000000	152000000	857.897
36000000	152000000	810.92456
37000000	152000000	729.90967
38000000	152000000	724.1239
39000000	152000000	754.07056
40000000	152000000	749.4739
41000000	152000000	753.74316
42000000	152000000	836.29443
43000000	152000000	895.8381
44000000	152000000	906.9706
45000000	152000000	1005.2941
46000000	152000000	941.05054
47000000	152000000	950.23004
48000000	152000000	865.3811
49000000	152000000	761.34973
50000000	152000000	1035.1241
51000000	152000000	995.98334
52000000	152000000	893.67914
53000000	152000000	905.43134
54000000	152000000	1034.1714
55000000	152000000	1461.5096
56000000	152000000	1622.9014
57000000	152000000	1263.2871
58000000	152000000	332.7462
61000000	152000000	1035.0282
62000000	152000000	1523.7777
63000000	152000000	1510.1887
64000000	152000000	2046.6031
65000000	152000000	2285.089
66000000	152000000	2187.2163
67000000	152000000	2090.6284
68000000	152000000	2003.411
69000000	152000000	1866.1711
70000000	152000000	2247.0425
71000000	152000000	2618.374
72000000	152000000	2233.4785
73000000	152000000	1493.4204
74000000	152000000	735.171
75000000	152000000	1599.8091
76000000	152000000	1349.9347
77000000	152000000	1943.1348
78000000	152000000	1560.5321
79000000	152000000	1575.5424
80000000	152000000	1483.6086
81000000	152000000	1525.4047
82000000	152000000	1424.0063
83000000	152000000	1496.4103
84000000	152000000	1296.6517
85000000	152000000	1365.4824
86000000	152000000	1627.2506
87000000	152000000	1851.7767
88000000	152000000	1517.3823
89000000	152000000	1596.1833
90000000	152000000	1849.6439
91000000	152000000	2100.2515
92000000	152000000	1924.7651
93000000	152000000	1691.5181
94000000	152000000	1826.6726
95000000	152000000	2238.478
96000000	152000000	2490.3032
97000000	152000000	3113.1912
98000000	152000000	2940.6292
99000000	152000000	1986.8861
100000000	152000000	1737.8444
101000000	152000000	1812.6823
102000000	152000000	2262.7834
103000000	152000000	2500.427
104000000	152000000	2359.028
105000000	152000000	2295.1692
106000000	152000000	2435.5251
107000000	152000000	3090.5557
108000000	152000000	3068.9521
109000000	152000000	2610.0784
110000000	152000000	2974.3203
111000000	152000000	3206.5164
112000000	152000000	3155.73
113000000	152000000	2593.3958
114000000	152000000	2790.2036
115000000	152000000	2494.12
116000000	152000000	3501.8616
117000000	152000000	3263.9192
118000000	152000000	2675.3777
119000000	152000000	2446.919
120000000	152000000	3033.5928
121000000	152000000	3346.3906
122000000	152000000	3977.285
123000000	152000000	4249.533
124000000	152000000	3947.9502
125000000	152000000	3461.2517
126000000	152000000	3981.4373
127000000	152000000	4789.3228
128000000	152000000	3106.4814
129000000	152000000	2895.7224
130000000	152000000	3046.354
131000000	152000000	4664.4487
132000000	152000000	4213.167
133000000	152000000	4041.5247
134000000	152000000	4314.4834
135000000	152000000	5319.8257
136000000	152000000	5036.297
137000000	152000000	4904.217
138000000	152000000	5529.706
139000000	152000000	4640.985
140000000	152000000	5718.8457
141000000	152000000	7224.333
142000000	152000000	7934.2666
143000000	152000000	7283.9565
144000000	152000000	9492.537
145000000	152000000	9950.77
146000000	152000000	12869.718
147000000	152000000	15055.745
148000000	152000000	17168.133
149000000	152000000	17145.326
150000000	152000000	22089.053
151000000	152000000	110065.44
152000000	152000000	445557.84
0	153000000	1626.6674
1000000	153000000	601.75256
2000000	153000000	427.9488
3000000	153000000	2181.4287
4000000	153000000	2520.5806
5000000	153000000	405.8568
6000000	153000000	324.96082
7000000	153000000	436.55518
8000000	153000000	570.15326
9000000	153000000	1059.496
10000000	153000000	809.35626
11000000	153000000	587.01495
12000000	153000000	691.1068
13000000	153000000	930.7002
14000000	153000000	804.9041
15000000	153000000	865.55383
16000000	153000000	801.49316
17000000	153000000	410.63733
18000000	153000000	547.5159
19000000	153000000	527.6054
20000000	153000000	422.0929
21000000	153000000	506.012
22000000	153000000	277.40915
23000000	153000000	288.79373
24000000	153000000	350.35376
25000000	153000000	455.79962
26000000	153000000	338.56393
27000000	153000000	386.93375
28000000	153000000	318.96414
29000000	153000000	545.4266
30000000	153000000	322.38605
31000000	153000000	702.1775
32000000	153000000	589.42773
33000000	153000000	689.30035
34000000	153000000	1037.5585
35000000	153000000	501.77988
36000000	153000000	390.60858
37000000	153000000	289.19382
38000000	153000000	359.31042
39000000	153000000	464.79346
40000000	153000000	680.48663
41000000	153000000	756.87476
42000000	153000000	839.4935
43000000	153000000	310.00418
44000000	153000000	207.58466
45000000	153000000	604.27686
46000000	153000000	1181.2576
47000000	153000000	696.2625
48000000	153000000	773.4655
49000000	153000000	787.65027
50000000	153000000	732.7437
51000000	153000000	1611.6393
52000000	153000000	1704.0922
53000000	153000000	1647.0424
54000000	153000000	1524.4431
55000000	153000000	1121.6317
56000000	153000000	2387.1501
57000000	153000000	3300.224
58000000	153000000	1208.0262
61000000	153000000	2906.9304
62000000	153000000	4053.4233
63000000	153000000	3103.8354
64000000	153000000	2076.3308
65000000	153000000	898.8833
66000000	153000000	1153.5137
67000000	153000000	4708.449
68000000	153000000	3185.1904
69000000	153000000	1165.4912
70000000	153000000	3708.3604
71000000	153000000	4977.2095
72000000	153000000	825.24524
73000000	153000000	497.53983
74000000	153000000	155.92691
75000000	153000000	464.00644
76000000	153000000	315.84763
77000000	153000000	861.67664
78000000	153000000	1916.6417
79000000	153000000	2094.7034
80000000	153000000	1956.8544
81000000	153000000	960.8763
82000000	153000000	1459.9728
83000000	153000000	1261.1533
84000000	153000000	1381.8376
85000000	153000000	1702.834
86000000	153000000	1217.3792
87000000	153000000	893.1127
88000000	153000000	1695.5979
89000000	153000000	1709.5762
90000000	153000000	1029.2844
91000000	153000000	1241.4359
92000000	153000000	693.3342
93000000	153000000	1284.0673
94000000	153000000	1730.7207
95000000	153000000	1811.5635
96000000	153000000	2594.1582
97000000	153000000	2258.286
98000000	153000000	1286.9873
99000000	153000000	615.0625
100000000	153000000	614.9011
101000000	153000000	593.1621
102000000	153000000	916.38763
103000000	153000000	2138.671
104000000	153000000	1364.8865
105000000	153000000	770.4144
106000000	153000000	899.26
107000000	153000000	1255.3628
108000000	153000000	3032.2498
109000000	153000000	4063.1025
110000000	153000000	2647.296
111000000	153000000	2519.6926
112000000	153000000	2630.9624
113000000	153000000	3145.0413
114000000	153000000	1811.8164
115000000	153000000	2213.536
116000000	153000000	1579.8174
117000000	153000000	2511.059
118000000	153000000	3408.2385
119000000	153000000	2413.2039
120000000	153000000	1434.864
121000000	153000000	3046.2024
122000000	153000000	3887.752
123000000	153000000	3870.7554
124000000	153000000	4214.0947
125000000	153000000	3618.9377
126000000	153000000	3115.8533
127000000	153000000	1928.4792
128000000	153000000	670.565
129000000	153000000	910.8199
130000000	153000000	1088.554
131000000	153000000	3655.94
132000000	153000000	2877.246
133000000	153000000	2448.202
134000000	153000000	2071.3826
135000000	153000000	3244.0408
136000000	153000000	7213.876
137000000	153000000	3447.9912
138000000	153000000	3407.3853
139000000	153000000	1773.115
140000000	153000000	2990.2432
141000000	153000000	6113.5356
142000000	153000000	6158.833
143000000	153000000	5625.4404
144000000	153000000	10110.878
145000000	153000000	19910.027
146000000	153000000	28706.447
147000000	153000000	21381.158
148000000	153000000	7361.748
149000000	153000000	8318.285
150000000	153000000	7624.864
151000000	153000000	15890.366
152000000	153000000	96494.05
153000000	153000000	501729.16
0	154000000	2088.6155
1000000	154000000	1156.1989
2000000	154000000	953.0982
3000000	154000000	1967.2588
4000000	154000000	2121.0571
5000000	154000000	823.2956
6000000	154000000	589.4994
7000000	154000000	662.3117
8000000	154000000	708.85803
9000000	154000000	864.5701
10000000	154000000	778.8269
11000000	154000000	668.517
12000000	154000000	660.8656
13000000	154000000	722.003
14000000	154000000	776.65314
15000000	154000000	749.4076
16000000	154000000	717.73596
17000000	154000000	573.94257
18000000	154000000	535.3837
19000000	154000000	555.46063
20000000	154000000	539.4954
21000000	154000000	568.4589
22000000	154000000	519.50104
23000000	154000000	507.99496
24000000	154000000	528.3746
25000000	154000000	564.08075
26000000	154000000	473.1953
27000000	154000000	584.1817
28000000	154000000	504.87943
29000000	154000000	651.56464
30000000	154000000	651.1385
31000000	154000000	812.87946
32000000	154000000	806.28815
33000000	154000000	773.399
34000000	154000000	934.555
35000000	154000000	709.14374
36000000	154000000	628.7844
37000000	154000000	501.8409
38000000	154000000	551.28265
39000000	154000000	601.3469
40000000	154000000	744.2148
41000000	154000000	802.4172
42000000	154000000	828.5431
43000000	154000000	622.9873
44000000	154000000	557.3014
45000000	154000000	879.301
46000000	154000000	1019.92236
47000000	154000000	911.74225
48000000	154000000	954.50415
49000000	154000000	845.6451
50000000	154000000	1027.286
51000000	154000000	1374.5464
52000000	154000000	1250.8961
53000000	154000000	1229.22
54000000	154000000	1311.0812
55000000	154000000	1652.8177
56000000	154000000	2170.8994
57000000	154000000	2121.779
58000000	154000000	707.1251
61000000	154000000	1713.2233
62000000	154000000	2399.2896
63000000	154000000	2153.6611
64000000	154000000	2146.8364
65000000	154000000	1627.9434
66000000	154000000	1636.5496
67000000	154000000	2938.1519
68000000	154000000	2457.4102
69000000	154000000	1683.0886
70000000	154000000	2915.799
71000000	154000000	3499.213
72000000	154000000	1562.3961
73000000	154000000	904.2207
74000000	154000000	383.47995
75000000	154000000	870.93524
76000000	154000000	734.49066
77000000	154000000	1364.7726
78000000	154000000	1668.1764
79000000	154000000	1738.3074
80000000	154000000	1624.8011
81000000	154000000	1265.3378
82000000	154000000	1360.2295
83000000	154000000	1365.2373
84000000	154000000	1354.2388
85000000	154000000	1423.004
86000000	154000000	1480.1475
87000000	154000000	1309.2185
88000000	154000000	1484.9913
89000000	154000000	1482.7303
90000000	154000000	1503.0594
91000000	154000000	1561.0144
92000000	154000000	1260.5526
93000000	154000000	1416.7806
94000000	154000000	1574.9407
95000000	154000000	1976.8972
96000000	154000000	2429.358
97000000	154000000	2685.2627
98000000	154000000	2207.2334
99000000	154000000	1155.3318
100000000	154000000	1089.4446
101000000	154000000	1062.7588
102000000	154000000	1503.1278
103000000	154000000	2368.138
104000000	154000000	1826.3882
105000000	154000000	1484.472
106000000	154000000	1579.444
107000000	154000000	2142.525
108000000	154000000	3007.6965
109000000	154000000	2795.6167
110000000	154000000	2629.4827
111000000	154000000	2714.214
112000000	154000000	2869.8088
113000000	154000000	2638.6523
114000000	154000000	2204.2266
115000000	154000000	2257.4077
116000000	154000000	2519.5215
117000000	154000000	2902.996
118000000	154000000	2730.3367
119000000	154000000	2344.5625
120000000	154000000	2314.4075
121000000	154000000	3102.56
122000000	154000000	3879.3313
123000000	154000000	3987.1743
124000000	154000000	3630.2075
125000000	154000000	2958.8074
126000000	154000000	3456.025
127000000	154000000	3502.4429
128000000	154000000	1626.8282
129000000	154000000	1611.578
130000000	154000000	1939.4644
131000000	154000000	4383.1523
132000000	154000000	3764.0498
133000000	154000000	3218.4148
134000000	154000000	3216.0962
135000000	154000000	4342.2437
136000000	154000000	5723.7363
137000000	154000000	4200.4097
138000000	154000000	4451.9287
139000000	154000000	3130.8867
140000000	154000000	4353.8135
141000000	154000000	6786.217
142000000	154000000	7443.5044
143000000	154000000	6518.322
144000000	154000000	9327.254
145000000	154000000	12400.052
146000000	154000000	16041.933
147000000	154000000	15635.494
148000000	154000000	11184.319
149000000	154000000	10069.661
150000000	154000000	10157.92
151000000	154000000	20685.223
152000000	154000000	57887.113
153000000	154000000	112177.56
154000000	154000000	410151.47
0	155000000	2406.6335
1000000	155000000	1817.413
2000000	155000000	1428.406
3000000	155000000	1633.3958
4000000	155000000	1767.227
5000000	155000000	1267.6094
6000000	155000000	1083.0521
7000000	155000000	911.0959
8000000	155000000	786.91156
9000000	155000000	627.14886
10000000	155000000	646.7479
11000000	155000000	692.5008
12000000	155000000	652.5342
13000000	155000000	632.4253
14000000	155000000	655.15717
15000000	155000000	554.68976
16000000	155000000	654.2254
17000000	155000000	696.8929
18000000	155000000	570.0517
19000000	155000000	517.96405
20000000	155000000	638.0056
21000000	155000000	686.9022
22000000	155000000	759.91125
23000000	155000000	745.1683
24000000	155000000	788.07117
25000000	155000000	873.64795
26000000	155000000	759.21075
27000000	155000000	813.7034
28000000	155000000	776.9585
29000000	155000000	902.6599
30000000	155000000	1028.0408
31000000	155000000	949.941
32000000	155000000	867.1857
33000000	155000000	825.2006
34000000	155000000	735.3417
35000000	155000000	921.19336
36000000	155000000	900.8751
37000000	155000000	740.79364
38000000	155000000	795.6273
39000000	155000000	771.31915
40000000	155000000	756.26636
41000000	155000000	701.52264
42000000	155000000	884.60376
43000000	155000000	931.9761
44000000	155000000	939.7263
45000000	155000000	1265.0525
46000000	155000000	943.43445
47000000	155000000	1137.0172
48000000	155000000	895.06824
49000000	155000000	766.42664
50000000	155000000	1307.7361
51000000	155000000	1055.5627
52000000	155000000	754.49615
53000000	155000000	747.4409
54000000	155000000	1028.8225
55000000	155000000	1706.2621
56000000	155000000	1488.78
57000000	155000000	1170.2042
58000000	155000000	325.88654
61000000	155000000	798.048
62000000	155000000	1179.3458
63000000	155000000	1120.9579
64000000	155000000	1799.835
65000000	155000000	2133.0115
66000000	155000000	2033.4877
67000000	155000000	1584.5619
68000000	155000000	1665.7408
69000000	155000000	1865.6471
70000000	155000000	2014.2291
71000000	155000000	2167.2917
72000000	155000000	2053.6045
73000000	155000000	1570.6971
74000000	155000000	628.81335
75000000	155000000	1591.7732
76000000	155000000	1362.578
77000000	155000000	1827.9628
78000000	155000000	1471.471
79000000	155000000	1296.9965
80000000	155000000	1299.5461
81000000	155000000	1366.8439
82000000	155000000	1182.5332
83000000	155000000	1160.3834
84000000	155000000	1168.029
85000000	155000000	1068.3658
86000000	155000000	1408.877
87000000	155000000	1549.2275
88000000	155000000	1151.3263
89000000	155000000	1174.4171
90000000	155000000	1584.2129
91000000	155000000	1689.1843
92000000	155000000	1549.5609
93000000	155000000	1374.3641
94000000	155000000	1445.6947
95000000	155000000	2004.6666
96000000	155000000	2184.235
97000000	155000000	2915.893
98000000	155000000	3168.455
99000000	155000000	1843.5239
100000000	155000000	1722.1296
101000000	155000000	1849.9523
102000000	155000000	2087.5667
103000000	155000000	2593.75
104000000	155000000	2342.7244
105000000	155000000	2390.9724
106000000	155000000	2460.7744
107000000	155000000	3161.9421
108000000	155000000	2519.512
109000000	155000000	1884.5126
110000000	155000000	2308.923
111000000	155000000	2391.147
112000000	155000000	2357.1538
113000000	155000000	1862.018
114000000	155000000	2133.7878
115000000	155000000	2062.1255
116000000	155000000	2987.0747
117000000	155000000	2748.7615
118000000	155000000	1941.0249
119000000	155000000	1943.0366
120000000	155000000	2683.755
121000000	155000000	2791.881
122000000	155000000	3191.6243
123000000	155000000	3283.07
124000000	155000000	2763.0522
125000000	155000000	2296.3518
126000000	155000000	3251.8242
127000000	155000000	4854.4443
128000000	155000000	2725.9526
129000000	155000000	2685.5708
130000000	155000000	2989.498
131000000	155000000	5815.922
132000000	155000000	4812.1313
133000000	155000000	3958.797
134000000	155000000	4269.416
135000000	155000000	4748.4194
136000000	155000000	3846.609
137000000	155000000	4204.8765
138000000	155000000	5028.2974
139000000	155000000	4766.705
140000000	155000000	5761.5703
141000000	155000000	6954.454
142000000	155000000	7813.4707
143000000	155000000	6222.4233
144000000	155000000	6971.9946
145000000	155000000	5938.8516
146000000	155000000	7237.7485
147000000	155000000	9633.122
148000000	155000000	11854.74
149000000	155000000	11699.532
150000000	155000000	12861.035
151000000	155000000	21550.418
152000000	155000000	29403.285
153000000	155000000	25897.312
154000000	155000000	135007.95
155000000	155000000	437275.53
0	156000000	2662.1401
1000000	156000000	2177.0332
2000000	156000000	1812.1149
3000000	156000000	1830.4811
4000000	156000000	1846.0897
5000000	156000000	1649.4761
6000000	156000000	1343.9028
7000000	156000000	1086.7002
8000000	156000000	857.19324
9000000	156000000	675.6642
10000000	156000000	749.7177
11000000	156000000	803.313
12000000	156000000	771.22546
13000000	156000000	647.7172
14000000	156000000	716.199
15000000	156000000	652.41724
16000000	156000000	683.5007
17000000	156000000	822.9359
18000000	156000000	630.1945
19000000	156000000	499.77948
20000000	156000000	698.3584
21000000	156000000	733.66064
22000000	156000000	850.7606
23000000	156000000	987.2941
24000000	156000000	920.9306
25000000	156000000	947.5855
26000000	156000000	859.5448
27000000	156000000	906.6764
28000000	156000000	875.87225
29000000	156000000	928.1808
30000000	156000000	1240.5621
31000000	156000000	955.3287
32000000	156000000	954.51733
33000000	156000000	912.9594
34000000	156000000	771.2935
35000000	156000000	1020.07294
36000000	156000000	1034.9222
37000000	156000000	943.47534
38000000	156000000	909.6396
39000000	156000000	908.86426
40000000	156000000	797.66693
41000000	156000000	827.9431
42000000	156000000	870.1662
43000000	156000000	1195.1259
44000000	156000000	1203.0427
45000000	156000000	1355.0366
46000000	156000000	1007.9186
47000000	156000000	1144.984
48000000	156000000	886.2313
49000000	156000000	768.76733
50000000	156000000	1261.4612
51000000	156000000	1001.1663
52000000	156000000	806.75116
53000000	156000000	760.71857
54000000	156000000	1070.2914
55000000	156000000	1956.927
56000000	156000000	1751.6456
57000000	156000000	1188.8479
58000000	156000000	271.02197
61000000	156000000	889.6308
62000000	156000000	1230.9496
63000000	156000000	1441.295
64000000	156000000	2322.695
65000000	156000000	2902.7598
66000000	156000000	2583.8706
67000000	156000000	1502.7755
68000000	156000000	1694.2238
69000000	156000000	2100.7983
70000000	156000000	1990.38
71000000	156000000	2123.8628
72000000	156000000	2765.8928
73000000	156000000	1992.5359
74000000	156000000	849.4367
75000000	156000000	1958.7358
76000000	156000000	1796.7418
77000000	156000000	2146.7263
78000000	156000000	1430.252
79000000	156000000	1329.5797
80000000	156000000	1323.5775
81000000	156000000	1601.4501
82000000	156000000	1305.9225
83000000	156000000	1325.8475
84000000	156000000	1175.8492
85000000	156000000	1159.5459
86000000	156000000	1516.1494
87000000	156000000	1829.5009
88000000	156000000	1213.6685
89000000	156000000	1252.613
90000000	156000000	1810.5438
91000000	156000000	1889.5232
92000000	156000000	1874.4508
93000000	156000000	1475.2095
94000000	156000000	1499.3643
95000000	156000000	2017.086
96000000	156000000	2195.6497
97000000	156000000	3003.3867
98000000	156000000	3468.728
99000000	156000000	2213.1445
100000000	156000000	2172.2368
101000000	156000000	2185.093
102000000	156000000	2429.7356
103000000	156000000	2602.8857
104000000	156000000	2547.9941
105000000	156000000	2642.4373
106000000	156000000	2802.2834
107000000	156000000	3371.1414
108000000	156000000	2567.6255
109000000	156000000	1766.0073
110000000	156000000	2419.9292
111000000	156000000	2659.7964
112000000	156000000	2663.1702
113000000	156000000	1881.0204
114000000	156000000	2384.4062
115000000	156000000	2064.002
116000000	156000000	3202.6667
117000000	156000000	2701.7727
118000000	156000000	1879.8519
119000000	156000000	1901.2644
120000000	156000000	2650.4192
121000000	156000000	2739.8062
122000000	156000000	3139.3936
123000000	156000000	3283.9983
124000000	156000000	2943.2366
125000000	156000000	2637.126
126000000	156000000	3510.6667
127000000	156000000	4893.02
128000000	156000000	3498.314
129000000	156000000	3243.691
130000000	156000000	3570.2378
131000000	156000000	4964.848
132000000	156000000	4514.7393
133000000	156000000	4095.0813
134000000	156000000	4637.4473
135000000	156000000	4935.64
136000000	156000000	3678.5898
137000000	156000000	4473.104
138000000	156000000	5564.6377
139000000	156000000	5275.1577
140000000	156000000	5825.2734
141000000	156000000	6500.5913
142000000	156000000	6856.024
143000000	156000000	5719.2314
144000000	156000000	6772.265
145000000	156000000	5688.3066
146000000	156000000	6487.4023
147000000	156000000	8279.16
148000000	156000000	11825.941
149000000	156000000	10894.284
150000000	156000000	12006.345
151000000	156000000	17266.893
152000000	156000000	21626.229
153000000	156000000	17608.275
154000000	156000000	39233.492
155000000	156000000	143801.66
156000000	156000000	467915.72
0	157000000	6144.4395
1000000	157000000	1982.1606
2000000	157000000	1395.8383
3000000	157000000	3041.4194
4000000	157000000	4477.8975
5000000	157000000	1272.8331
6000000	157000000	893.0828
7000000	157000000	690.39606
8000000	157000000	631.9114
9000000	157000000	810.96014
10000000	157000000	516.39105
11000000	157000000	540.23956
12000000	157000000	517.6043
13000000	157000000	586.2494
14000000	157000000	571.6418
15000000	157000000	559.4312
16000000	157000000	520.698
17000000	157000000	557.74603
18000000	157000000	429.52704
19000000	157000000	388.5368
20000000	157000000	486.11676
21000000	157000000	472.46713
22000000	157000000	545.6502
23000000	157000000	585.963
24000000	157000000	567.09875
25000000	157000000	596.1426
26000000	157000000	502.19055
27000000	157000000	542.17255
28000000	157000000	501.03494
29000000	157000000	592.25256
30000000	157000000	718.0703
31000000	157000000	695.7402
32000000	157000000	736.5018
33000000	157000000	706.32904
34000000	157000000	867.4102
35000000	157000000	587.43774
36000000	157000000	622.4597
37000000	157000000	507.13184
38000000	157000000	539.4415
39000000	157000000	566.3821
40000000	157000000	644.00494
41000000	157000000	801.254
42000000	157000000	784.52655
43000000	157000000	659.51776
44000000	157000000	660.08936
45000000	157000000	914.4785
46000000	157000000	1005.7398
47000000	157000000	800.59863
48000000	157000000	718.96924
49000000	157000000	607.1275
50000000	157000000	918.4543
51000000	157000000	1342.6918
52000000	157000000	1188.9456
53000000	157000000	1028.0221
54000000	157000000	1192.0662
55000000	157000000	1895.7941
56000000	157000000	3984.618
57000000	157000000	4474.4634
58000000	157000000	1267.804
61000000	157000000	3928.722
62000000	157000000	5099.9893
63000000	157000000	4065.394
64000000	157000000	3662.2527
65000000	157000000	2243.0027
66000000	157000000	2498.8047
67000000	157000000	4656.3994
68000000	157000000	3399.0225
69000000	157000000	1732.9948
70000000	157000000	4395.604
71000000	157000000	5776.007
72000000	157000000	2240.846
73000000	157000000	1134.3568
74000000	157000000	478.98676
75000000	157000000	1065.3425
76000000	157000000	900.9728
77000000	157000000	1280.7308
78000000	157000000	1138.3901
79000000	157000000	1117.6068
80000000	157000000	1108.2684
81000000	157000000	991.8933
82000000	157000000	989.8127
83000000	157000000	938.01953
84000000	157000000	888.2574
85000000	157000000	930.47504
86000000	157000000	1071.8231
87000000	157000000	1169.396
88000000	157000000	1041.0118
89000000	157000000	1072.2917
90000000	157000000	1139.6711
91000000	157000000	1340.071
92000000	157000000	1149.1952
93000000	157000000	964.67474
94000000	157000000	1170.2487
95000000	157000000	1422.9443
96000000	157000000	1842.6759
97000000	157000000	2292.8623
98000000	157000000	2349.1602
99000000	157000000	1349.1757
100000000	157000000	1293.4219
101000000	157000000	1169.5308
102000000	157000000	1433.8641
103000000	157000000	1838.2709
104000000	157000000	1635.8165
105000000	157000000	1496.5963
106000000	157000000	1547.6957
107000000	157000000	1924.4768
108000000	157000000	2090.5144
109000000	157000000	1826.6066
110000000	157000000	1784.2996
111000000	157000000	1892.6854
112000000	157000000	1919.9475
113000000	157000000	1585.8792
114000000	157000000	1555.2717
115000000	157000000	1425.8486
116000000	157000000	1902.7916
117000000	157000000	1970.8411
118000000	157000000	1474.659
119000000	157000000	1301.9987
120000000	157000000	1574.467
121000000	157000000	1905.3414
122000000	157000000	2401.6296
123000000	157000000	2481.7236
124000000	157000000	2279.6218
125000000	157000000	2383.6123
126000000	157000000	2641.771
127000000	157000000	2787.8752
128000000	157000000	1799.6768
129000000	157000000	1653.26
130000000	157000000	1818.5629
131000000	157000000	3358.7292
132000000	157000000	2948.1616
133000000	157000000	2435.7205
134000000	157000000	2775.8154
135000000	157000000	3503.868
136000000	157000000	3847.6907
137000000	157000000	3479.2493
138000000	157000000	4114.1245
139000000	157000000	2960.1475
140000000	157000000	3720.3406
141000000	157000000	4871.486
142000000	157000000	5236.194
143000000	157000000	4423.501
144000000	157000000	6537.095
145000000	157000000	9212.188
146000000	157000000	12958.821
147000000	157000000	10467.424
148000000	157000000	8809.076
149000000	157000000	7363.8477
150000000	157000000	7496.396
151000000	157000000	10704.827
152000000	157000000	23133.795
153000000	157000000	42693.184
154000000	157000000	41643.3
155000000	157000000	44805.258
156000000	157000000	105910.97
157000000	157000000	428767.7
0	158000000	7583.951
1000000	158000000	2444.8254
2000000	158000000	1720.156
3000000	158000000	3272.9526
4000000	158000000	4423.7036
5000000	158000000	1526.6594
6000000	158000000	952.9351
7000000	158000000	796.78284
8000000	158000000	720.9883
9000000	158000000	772.2422
10000000	158000000	706.35284
11000000	158000000	700.5149
12000000	158000000	721.43335
13000000	158000000	660.30365
14000000	158000000	653.989
15000000	158000000	640.7696
16000000	158000000	601.84436
17000000	158000000	633.39966
18000000	158000000	500.4395
19000000	158000000	468.96878
20000000	158000000	540.9666
21000000	158000000	593.74536
22000000	158000000	578.9208
23000000	158000000	655.4369
24000000	158000000	661.20764
25000000	158000000	674.1065
26000000	158000000	615.595
27000000	158000000	571.24554
28000000	158000000	586.1292
29000000	158000000	650.9145
30000000	158000000	813.68726
31000000	158000000	788.07556
32000000	158000000	828.8415
33000000	158000000	899.983
34000000	158000000	960.3149
35000000	158000000	785.43805
36000000	158000000	697.5515
37000000	158000000	607.81244
38000000	158000000	627.9118
39000000	158000000	674.8477
40000000	158000000	745.8727
41000000	158000000	891.08295
42000000	158000000	804.1315
43000000	158000000	836.081
44000000	158000000	804.76373
45000000	158000000	1104.492
46000000	158000000	1056.1089
47000000	158000000	921.4076
48000000	158000000	889.288
49000000	158000000	700.39703
50000000	158000000	1119.789
51000000	158000000	1326.3309
52000000	158000000	1207.1165
53000000	158000000	1039.7733
54000000	158000000	1282.0518
55000000	158000000	2367.3247
56000000	158000000	4178.5767
57000000	158000000	3846.9397
58000000	158000000	1185.4115
61000000	158000000	3159.705
62000000	158000000	4172.553
63000000	158000000	3712.8489
64000000	158000000	4224.8203
65000000	158000000	2621.4185
66000000	158000000	2791.8013
67000000	158000000	4070.3
68000000	158000000	3095.678
69000000	158000000	2031.4602
70000000	158000000	4003.7412
71000000	158000000	5291.371
72000000	158000000	2770.4658
73000000	158000000	1171.3086
74000000	158000000	543.1091
75000000	158000000	1157.7755
76000000	158000000	965.96356
77000000	158000000	1432.4142
78000000	158000000	1345.4199
79000000	158000000	1309.9902
80000000	158000000	1323.3359
81000000	158000000	1120.9424
82000000	158000000	1099.4197
83000000	158000000	1182.8054
84000000	158000000	1057.418
85000000	158000000	1181.6707
86000000	158000000	1339.9476
87000000	158000000	1431.3586
88000000	158000000	1302.7214
89000000	158000000	1381.6625
90000000	158000000	1467.8402
91000000	158000000	1521.2897
92000000	158000000	1308.4059
93000000	158000000	1234.1901
94000000	158000000	1385.6654
95000000	158000000	1674.7109
96000000	158000000	2053.427
97000000	158000000	2617.2397
98000000	158000000	2503.891
99000000	158000000	1518.659
100000000	158000000	1494.3391
101000000	158000000	1244.6376
102000000	158000000	1597.7778
103000000	158000000	2044.0736
104000000	158000000	1820.4396
105000000	158000000	1561.4833
106000000	158000000	1548.1571
107000000	158000000	2021.1434
108000000	158000000	2311.1047
109000000	158000000	1965.9087
110000000	158000000	2027.5973
111000000	158000000	2278.803
112000000	158000000	2289.1726
113000000	158000000	1764.9972
114000000	158000000	1935.1848
115000000	158000000	1730.5647
116000000	158000000	2172.2896
117000000	158000000	2230.5298
118000000	158000000	1742.1604
119000000	158000000	1621.1462
120000000	158000000	1848.5183
121000000	158000000	2252.6294
122000000	158000000	2698.6775
123000000	158000000	3015.7847
124000000	158000000	2734.9675
125000000	158000000	2515.4932
126000000	158000000	3074.231
127000000	158000000	3071.9478
128000000	158000000	1808.5994
129000000	158000000	1741.1774
130000000	158000000	2048.8984
131000000	158000000	3326.7244
132000000	158000000	2930.462
133000000	158000000	2702.8787
134000000	158000000	2941.77
135000000	158000000	4020.639
136000000	158000000	4037.748
137000000	158000000	3870.542
138000000	158000000	4371.875
139000000	158000000	3086.1548
140000000	158000000	4004.8472
141000000	158000000	5153.1284
142000000	158000000	5438.333
143000000	158000000	4778.867
144000000	158000000	7123.1987
145000000	158000000	8868.024
146000000	158000000	11507.286
147000000	158000000	10199.829
148000000	158000000	9675.422
149000000	158000000	7688.594
150000000	158000000	7647.98
151000000	158000000	10857.128
152000000	158000000	21393.143
153000000	158000000	33100.734
154000000	158000000	32377.152
155000000	158000000	27974.621
156000000	158000000	36460.062
157000000	158000000	146401.48
158000000	158000000	440352.0
0	159000000	5557.133
1000000	159000000	1468.7903
2000000	159000000	735.68317
3000000	159000000	2378.823
4000000	159000000	2944.8992
5000000	159000000	601.01855
6000000	159000000	384.8532
7000000	159000000	310.64127
8000000	159000000	347.7247
9000000	159000000	662.78754
10000000	159000000	604.31305
11000000	159000000	450.54184
12000000	159000000	398.39633
13000000	159000000	542.7863
14000000	159000000	545.4894
15000000	159000000	391.47168
16000000	159000000	471.28333
17000000	159000000	350.11237
18000000	159000000	317.77356
19000000	159000000	345.10245
20000000	159000000	241.03584
21000000	159000000	388.01138
22000000	159000000	219.17744
23000000	159000000	331.75046
24000000	159000000	286.07025
25000000	159000000	376.53992
26000000	159000000	234.72691
27000000	159000000	305.85602
28000000	159000000	300.37268
29000000	159000000	334.74234
30000000	159000000	303.4157
31000000	159000000	647.21765
32000000	159000000	524.6879
33000000	159000000	491.46286
34000000	159000000	767.61273
35000000	159000000	354.6969
36000000	159000000	338.9013
37000000	159000000	236.36392
38000000	159000000	342.2124
39000000	159000000	333.64648
40000000	159000000	482.62143
41000000	159000000	542.6329
42000000	159000000	634.1377
43000000	159000000	414.52417
44000000	159000000	267.7277
45000000	159000000	611.3377
46000000	159000000	780.83594
47000000	159000000	541.2128
48000000	159000000	467.10498
49000000	159000000	521.5749
50000000	159000000	551.01434
51000000	159000000	1148.2855
52000000	159000000	1164.3274
53000000	159000000	993.25287
54000000	159000000	979.3218
55000000	159000000	1205.2142
56000000	159000000	2735.4736
57000000	159000000	2752.7856
58000000	159000000	444.06866
61000000	159000000	2290.6042
62000000	159000000	2981.3616
63000000	159000000	2830.3142
64000000	159000000	2203.5942
65000000	159000000	998.79425
66000000	159000000	1133.9929
67000000	159000000	2990.023
68000000	159000000	2281.4736
69000000	159000000	937.1184
70000000	159000000	2666.8555
71000000	159000000	3682.0432
72000000	159000000	1064.8917
73000000	159000000	531.65234
74000000	159000000	220.75368
75000000	159000000	521.0125
76000000	159000000	358.47458
77000000	159000000	724.1715
78000000	159000000	965.6655
79000000	159000000	1189.2446
80000000	159000000	1069.9823
81000000	159000000	647.03595
82000000	159000000	917.7294
83000000	159000000	849.5071
84000000	159000000	806.3888
85000000	159000000	985.6264
86000000	159000000	889.69244
87000000	159000000	652.3806
88000000	159000000	950.70123
89000000	159000000	918.9478
90000000	159000000	708.33154
91000000	159000000	860.3732
92000000	159000000	615.12885
93000000	159000000	914.14966
94000000	159000000	903.7267
95000000	159000000	960.4919
96000000	159000000	1357.35
97000000	159000000	1495.3475
98000000	159000000	1177.0085
99000000	159000000	809.3584
100000000	159000000	745.9666
101000000	159000000	704.1232
102000000	159000000	810.35004
103000000	159000000	1295.0491
104000000	159000000	929.4993
105000000	159000000	688.6221
106000000	159000000	702.6232
107000000	159000000	980.45215
108000000	159000000	1556.1351
109000000	159000000	1762.1747
110000000	159000000	1381.5337
111000000	159000000	1435.7618
112000000	159000000	1445.387
113000000	159000000	1506.0394
114000000	159000000	1064.5288
115000000	159000000	1209.6895
116000000	159000000	953.5069
117000000	159000000	1189.2714
118000000	159000000	1669.5692
119000000	159000000	1191.4539
120000000	159000000	773.59906
121000000	159000000	1402.4083
122000000	159000000	1728.7336
123000000	159000000	2024.1921
124000000	159000000	1894.1904
125000000	159000000	1780.8877
126000000	159000000	1793.4353
127000000	159000000	1242.8157
128000000	159000000	668.4355
129000000	159000000	900.6722
130000000	159000000	969.25415
131000000	159000000	2124.4126
132000000	159000000	1650.3962
133000000	159000000	1495.724
134000000	159000000	1385.5104
135000000	159000000	1820.0784
136000000	159000000	3265.9993
137000000	159000000	2113.979
138000000	159000000	2306.5137
139000000	159000000	1473.53
140000000	159000000	2122.2803
141000000	159000000	3235.4836
142000000	159000000	3071.893
143000000	159000000	2829.5996
144000000	159000000	4737.743
145000000	159000000	7373.278
146000000	159000000	10061.124
147000000	159000000	7617.371
148000000	159000000	3850.7878
149000000	159000000	3602.9316
150000000	159000000	3640.5833
151000000	159000000	4813.8887
152000000	159000000	12325.51
153000000	159000000	24874.203
154000000	159000000	18908.379
155000000	159000000	12591.638
156000000	159000000	14136.246
157000000	159000000	58744.76
158000000	159000000	132812.52
159000000	159000000	728663.6
