0	0	558135.4
0	1000000	195698.34
1000000	1000000	495664.12
0	2000000	49177.77
1000000	2000000	94170.73
2000000	2000000	470730.2
0	3000000	27258.746
1000000	3000000	44043.74
2000000	3000000	124755.625
3000000	3000000	480367.8
0	4000000	22433.863
1000000	4000000	33712.13
2000000	4000000	66483.734
3000000	4000000	141269.19
4000000	4000000	464724.06
0	5000000	19678.145
1000000	5000000	26845.37
2000000	5000000	40920.69
3000000	5000000	58200.484
4000000	5000000	117343.586
5000000	5000000	501754.12
0	6000000	16101.633
1000000	6000000	15940.587
2000000	6000000	20485.678
3000000	6000000	17396.994
4000000	6000000	30954.57
5000000	6000000	76033.78
6000000	6000000	528558.0
0	7000000	10666.161
1000000	7000000	11352.74
2000000	7000000	12659.396
3000000	7000000	9969.117
4000000	7000000	15447.146
5000000	7000000	21852.906
6000000	7000000	77579.42
7000000	7000000	734400.06
0	8000000	6992.7417
1000000	8000000	5624.2085
2000000	8000000	5622.5225
3000000	8000000	3332.436
4000000	8000000	3354.159
5000000	8000000	3866.1724
6000000	8000000	15541.224
7000000	8000000	15237.732
8000000	8000000	686713.4
0	9000000	9792.504
1000000	9000000	8711.623
2000000	9000000	8776.275
3000000	9000000	7214.0674
4000000	9000000	8138.766
5000000	9000000	9990.611
6000000	9000000	18878.291
7000000	9000000	22393.865
8000000	9000000	131688.33
9000000	9000000	517889.62
0	10000000	9625.022
1000000	10000000	8752.599
2000000	10000000	8380.682
3000000	10000000	7103.675
4000000	10000000	8035.315
5000000	10000000	10312.611
6000000	10000000	23766.305
7000000	10000000	20747.414
8000000	10000000	33558.137
9000000	10000000	119450.84
10000000	10000000	511530.38
0	11000000	7864.696
1000000	11000000	6604.9224
2000000	11000000	6414.8467
3000000	11000000	4399.0376
4000000	11000000	5011.2915
5000000	11000000	6563.5327
6000000	11000000	26987.936
7000000	11000000	18661.236
8000000	11000000	28714.666
9000000	11000000	31952.354
10000000	11000000	138077.69
11000000	11000000	653261.44
0	12000000	10891.601
1000000	12000000	10197.687
2000000	12000000	11273.619
3000000	12000000	9808.299
4000000	12000000	10850.623
5000000	12000000	13156.136
6000000	12000000	20682.22
7000000	12000000	34669.0
8000000	12000000	23492.637
9000000	12000000	23251.02
10000000	12000000	19077.736
11000000	12000000	16564.25
12000000	12000000	528405.06
0	13000000	9721.983
1000000	13000000	10961.082
2000000	13000000	14982.855
3000000	13000000	17843.854
4000000	13000000	20455.176
5000000	13000000	22454.674
6000000	13000000	12394.093
7000000	13000000	15791.381
8000000	13000000	7832.8677
9000000	13000000	12982.284
10000000	13000000	10926.373
11000000	13000000	6224.334
12000000	13000000	127547.695
13000000	13000000	443018.2
0	14000000	9959.384
1000000	14000000	12477.719
2000000	14000000	16715.535
3000000	14000000	21894.998
4000000	14000000	23503.328
5000000	14000000	22135.39
6000000	14000000	8563.002
7000000	14000000	8749.693
8000000	14000000	4889.4023
9000000	14000000	9126.604
10000000	14000000	7334.4424
11000000	14000000	4277.5557
12000000	14000000	28362.143
13000000	14000000	107768.984
14000000	14000000	479296.56
0	15000000	11891.9375
1000000	15000000	15244.739
2000000	15000000	19144.324
3000000	15000000	23952.607
4000000	15000000	24793.572
5000000	15000000	22385.428
6000000	15000000	7869.162
7000000	15000000	7912.563
8000000	15000000	3750.0137
9000000	15000000	7462.838
10000000	15000000	6482.336
11000000	15000000	3454.5479
12000000	15000000	17625.686
13000000	15000000	47626.227
14000000	15000000	115657.52
15000000	15000000	463490.12
0	16000000	10049.526
1000000	16000000	11952.647
2000000	16000000	15057.77
3000000	16000000	18686.047
4000000	16000000	19738.197
5000000	16000000	19143.246
6000000	16000000	7776.3496
7000000	16000000	6814.9717
8000000	16000000	3734.5833
9000000	16000000	7035.153
10000000	16000000	6026.0015
11000000	16000000	3548.4167
12000000	16000000	16578.564
13000000	16000000	38318.945
14000000	16000000	59253.83
15000000	16000000	128113.266
16000000	16000000	469357.1
0	17000000	9090.731
1000000	17000000	7903.438
2000000	17000000	9249.946
3000000	17000000	7742.025
4000000	17000000	8120.8145
5000000	17000000	9217.984
6000000	17000000	12257.083
7000000	17000000	7942.5737
8000000	17000000	7859.9746
9000000	17000000	9336.767
10000000	17000000	8552.653
11000000	17000000	7784.3105
12000000	17000000	19745.602
13000000	17000000	20580.973
14000000	17000000	21771.945
15000000	17000000	30061.857
16000000	17000000	77859.0
17000000	17000000	479046.62
0	18000000	7992.888
1000000	18000000	7950.219
2000000	18000000	9540.149
3000000	18000000	9219.338
4000000	18000000	10044.438
5000000	18000000	11063.885
6000000	18000000	9839.386
7000000	18000000	7740.607
8000000	18000000	4868.565
9000000	18000000	8390.09
10000000	18000000	7879.7896
11000000	18000000	5389.451
12000000	18000000	12945.533
13000000	18000000	16318.411
14000000	18000000	16548.396
15000000	18000000	20999.426
16000000	18000000	32904.62
17000000	18000000	105355.61
18000000	18000000	468381.3
0	19000000	7065.864
1000000	19000000	6795.17
2000000	19000000	7479.255
3000000	19000000	7038.558
4000000	19000000	7020.0015
5000000	19000000	8022.4116
6000000	19000000	11110.952
7000000	19000000	8291.469
8000000	19000000	6671.612
9000000	19000000	9576.935
10000000	19000000	9827.745
11000000	19000000	7740.0938
12000000	19000000	12082.191
13000000	19000000	11110.421
14000000	19000000	10383.695
15000000	19000000	12331.484
16000000	19000000	15955.149
17000000	19000000	32718.783
18000000	19000000	110374.86
19000000	19000000	489892.94
0	20000000	7471.4634
1000000	20000000	7189.423
2000000	20000000	7455.329
3000000	20000000	6690.735
4000000	20000000	6810.9653
5000000	20000000	7586.7437
6000000	20000000	11012.167
7000000	20000000	9061.219
8000000	20000000	5342.3926
9000000	20000000	10266.494
10000000	20000000	11533.303
11000000	20000000	7819.036
12000000	20000000	10228.133
13000000	20000000	9258.257
14000000	20000000	8434.593
15000000	20000000	10078.381
16000000	20000000	11562.465
17000000	20000000	18200.715
18000000	20000000	36573.926
19000000	20000000	91117.64
20000000	20000000	450791.53
0	21000000	6120.0005
1000000	21000000	5472.757
2000000	21000000	5315.717
3000000	21000000	4204.2104
4000000	21000000	4084.4214
5000000	21000000	4877.0425
6000000	21000000	10153.226
7000000	21000000	7905.514
8000000	21000000	7936.9917
9000000	21000000	10315.95
10000000	21000000	12041.356
11000000	21000000	10324.736
12000000	21000000	8866.008
13000000	21000000	5887.278
14000000	21000000	5166.047
15000000	21000000	5945.7974
16000000	21000000	6844.8345
17000000	21000000	13658.369
18000000	21000000	19277.02
19000000	21000000	35630.613
20000000	21000000	156043.72
21000000	21000000	489160.44
0	22000000	3546.4277
1000000	22000000	2617.7969
2000000	22000000	2501.2678
3000000	22000000	1517.2637
4000000	22000000	1418.7329
5000000	22000000	1552.5101
6000000	22000000	6841.579
7000000	22000000	3296.7139
8000000	22000000	11097.044
9000000	22000000	7253.4478
10000000	22000000	8680.966
11000000	22000000	11891.208
12000000	22000000	5303.0864
13000000	22000000	2572.3452
14000000	22000000	2137.9983
15000000	22000000	2168.3162
16000000	22000000	2908.835
17000000	22000000	8553.165
18000000	22000000	7487.2974
19000000	22000000	14537.272
20000000	22000000	22743.203
21000000	22000000	82609.97
22000000	22000000	637714.75
0	23000000	4486.5596
1000000	23000000	3741.3882
2000000	23000000	4192.969
3000000	23000000	3385.1213
4000000	23000000	3425.4817
5000000	23000000	3971.5107
6000000	23000000	7802.0713
7000000	23000000	5166.5674
8000000	23000000	6875.6934
9000000	23000000	7638.2314
10000000	23000000	8328.393
11000000	23000000	8224.906
12000000	23000000	7005.566
13000000	23000000	5486.398
14000000	23000000	4757.709
15000000	23000000	4659.3677
16000000	23000000	6054.294
17000000	23000000	10693.471
18000000	23000000	11732.036
19000000	23000000	17059.045
20000000	23000000	23202.244
21000000	23000000	32443.244
22000000	23000000	109311.766
23000000	23000000	500436.53
0	24000000	4547.9844
1000000	24000000	4288.3477
2000000	24000000	5580.6553
3000000	24000000	5432.7495
4000000	24000000	5861.2188
5000000	24000000	6656.533
6000000	24000000	7195.2705
7000000	24000000	4448.484
8000000	24000000	3881.4624
9000000	24000000	6857.3647
10000000	24000000	7077.7256
11000000	24000000	5110.009
12000000	24000000	7664.4883
13000000	24000000	8610.284
14000000	24000000	7770.584
15000000	24000000	7690.5825
16000000	24000000	9109.474
17000000	24000000	11422.714
18000000	24000000	15448.87
19000000	24000000	17630.32
20000000	24000000	23291.553
21000000	24000000	20698.166
22000000	24000000	17396.951
23000000	24000000	110877.6
24000000	24000000	483391.6
0	25000000	4882.5703
1000000	25000000	4731.239
2000000	25000000	5175.3706
3000000	25000000	4887.7524
4000000	25000000	5028.7754
5000000	25000000	5475.968
6000000	25000000	7363.6606
7000000	25000000	5618.4307
8000000	25000000	4408.7085
9000000	25000000	6739.5166
10000000	25000000	7293.418
11000000	25000000	5584.9746
12000000	25000000	7581.8066
13000000	25000000	7294.498
14000000	25000000	6525.4717
15000000	25000000	6602.5
16000000	25000000	7419.5405
17000000	25000000	10913.871
18000000	25000000	12581.225
19000000	25000000	14527.722
20000000	25000000	18520.928
21000000	25000000	16878.559
22000000	25000000	13789.275
23000000	25000000	35611.383
24000000	25000000	100719.88
25000000	25000000	487208.0
0	26000000	4466.3955
1000000	26000000	3891.6592
2000000	26000000	4175.907
3000000	26000000	3364.7595
4000000	26000000	3609.2703
5000000	26000000	3986.3599
6000000	26000000	7158.8003
7000000	26000000	5012.544
8000000	26000000	5614.436
9000000	26000000	7185.4175
10000000	26000000	7646.3115
11000000	26000000	6835.3467
12000000	26000000	7184.8706
13000000	26000000	5475.438
14000000	26000000	5080.6143
15000000	26000000	4824.504
16000000	26000000	5772.0444
17000000	26000000	9686.608
18000000	26000000	9931.629
19000000	26000000	12378.123
20000000	26000000	14792.41
21000000	26000000	15665.345
22000000	26000000	15383.744
23000000	26000000	28184.723
24000000	26000000	44439.977
25000000	26000000	126511.45
26000000	26000000	484511.66
0	27000000	3545.1963
1000000	27000000	2848.8032
2000000	27000000	2736.4885
3000000	27000000	1852.3977
4000000	27000000	1907.6292
5000000	27000000	2152.0186
6000000	27000000	6362.759
7000000	27000000	4241.5415
8000000	27000000	7486.871
9000000	27000000	7426.303
10000000	27000000	8593.092
11000000	27000000	9078.152
12000000	27000000	5716.795
13000000	27000000	3247.5903
14000000	27000000	2796.815
15000000	27000000	2752.5874
16000000	27000000	3211.9504
17000000	27000000	7435.8506
18000000	27000000	6610.6343
19000000	27000000	9647.767
20000000	27000000	11329.127
21000000	27000000	15017.867
22000000	27000000	19728.11
23000000	27000000	21361.156
24000000	27000000	20169.18
25000000	27000000	32890.043
26000000	27000000	101417.78
27000000	27000000	510245.22
0	28000000	2329.335
1000000	28000000	1740.0511
2000000	28000000	1647.9889
3000000	28000000	1062.6791
4000000	28000000	966.87726
5000000	28000000	1072.0977
6000000	28000000	4056.0332
7000000	28000000	1917.9375
8000000	28000000	8050.9307
9000000	28000000	5460.7046
10000000	28000000	5758.7104
11000000	28000000	7713.617
12000000	28000000	3184.4402
13000000	28000000	1839.075
14000000	28000000	1498.9708
15000000	28000000	1518.3456
16000000	28000000	1868.0028
17000000	28000000	4252.9526
18000000	28000000	3095.8987
19000000	28000000	4748.734
20000000	28000000	4557.9165
21000000	28000000	7687.774
22000000	28000000	15861.686
23000000	28000000	10165.641
24000000	28000000	6888.711
25000000	28000000	10011.191
26000000	28000000	17659.236
27000000	28000000	123203.53
28000000	28000000	612387.3
0	29000000	2210.368
1000000	29000000	1674.6333
2000000	29000000	1683.4923
3000000	29000000	933.0958
4000000	29000000	945.7332
5000000	29000000	951.53906
6000000	29000000	3879.533
7000000	29000000	1392.073
8000000	29000000	7989.6553
9000000	29000000	4581.8516
10000000	29000000	4842.3022
11000000	29000000	7179.025
12000000	29000000	2900.8887
13000000	29000000	1551.9025
14000000	29000000	1415.6649
15000000	29000000	1397.9911
16000000	29000000	1632.1117
17000000	29000000	3610.2505
18000000	29000000	2605.8447
19000000	29000000	3890.161
20000000	29000000	3501.5925
21000000	29000000	5941.3267
22000000	29000000	12228.133
23000000	29000000	7671.2856
24000000	29000000	4681.846
25000000	29000000	6443.9995
26000000	29000000	10490.898
27000000	29000000	27294.678
28000000	29000000	144710.84
29000000	29000000	700732.7
0	30000000	3978.8196
1000000	30000000	3046.9573
2000000	30000000	3160.7783
3000000	30000000	2202.679
4000000	30000000	2213.159
5000000	30000000	2492.1975
6000000	30000000	6885.18
7000000	30000000	3141.8293
8000000	30000000	7258.0527
9000000	30000000	6961.0366
10000000	30000000	7155.4634
11000000	30000000	7810.947
12000000	30000000	6227.9937
13000000	30000000	4040.7256
14000000	30000000	3395.4138
15000000	30000000	3212.8467
16000000	30000000	4035.3801
17000000	30000000	8461.243
18000000	30000000	6249.413
19000000	30000000	8000.2646
20000000	30000000	7714.9233
21000000	30000000	9238.071
22000000	30000000	11630.691
23000000	30000000	11514.096
24000000	30000000	10373.092
25000000	30000000	13412.441
26000000	30000000	18150.893
27000000	30000000	29601.752
28000000	30000000	40123.465
29000000	30000000	80984.84
30000000	30000000	514160.78
0	31000000	4481.9688
1000000	31000000	4083.0862
2000000	31000000	5391.6914
3000000	31000000	5645.761
4000000	31000000	6095.2056
5000000	31000000	7006.5864
6000000	31000000	5997.8647
7000000	31000000	4579.685
8000000	31000000	2777.1362
9000000	31000000	4843.079
10000000	31000000	4988.5405
11000000	31000000	3221.8672
12000000	31000000	6955.924
13000000	31000000	9018.131
14000000	31000000	8340.9375
15000000	31000000	8267.192
16000000	31000000	9321.345
17000000	31000000	9290.75
18000000	31000000	10592.106
19000000	31000000	9291.119
20000000	31000000	9499.861
21000000	31000000	7212.816
22000000	31000000	3905.5676
23000000	31000000	8937.721
24000000	31000000	15168.227
25000000	31000000	14854.264
26000000	31000000	14361.928
27000000	31000000	11503.566
28000000	31000000	7282.1
29000000	31000000	8352.931
30000000	31000000	84878.57
31000000	31000000	465039.78
0	32000000	4539.3926
1000000	32000000	4254.265
2000000	32000000	5994.6865
3000000	32000000	5799.503
4000000	32000000	6046.0747
5000000	32000000	6863.3027
6000000	32000000	6128.5723
7000000	32000000	3889.0798
8000000	32000000	3087.673
9000000	32000000	4883.5444
10000000	32000000	4774.946
11000000	32000000	3348.0269
12000000	32000000	6755.3154
13000000	32000000	8829.738
14000000	32000000	8076.926
15000000	32000000	7955.929
16000000	32000000	8759.354
17000000	32000000	9204.413
18000000	32000000	9854.597
19000000	32000000	8434.286
20000000	32000000	8395.26
21000000	32000000	6576.2363
22000000	32000000	3864.1401
23000000	32000000	8195.529
24000000	32000000	12655.812
25000000	32000000	12206.264
26000000	32000000	11637.009
27000000	32000000	9276.493
28000000	32000000	5821.8936
29000000	32000000	6709.781
30000000	32000000	33020.508
31000000	32000000	133212.95
32000000	32000000	470380.16
0	33000000	5905.6377
1000000	33000000	5397.489
2000000	33000000	6190.712
3000000	33000000	5643.3765
4000000	33000000	5622.8813
5000000	33000000	6600.037
6000000	33000000	8143.217
7000000	33000000	4999.8804
8000000	33000000	4548.8276
9000000	33000000	5696.2715
10000000	33000000	5635.9062
11000000	33000000	4734.775
12000000	33000000	8552.276
13000000	33000000	8276.982
14000000	33000000	7209.168
15000000	33000000	7459.6304
16000000	33000000	8409.192
17000000	33000000	10968.972
18000000	33000000	9789.517
19000000	33000000	9578.042
20000000	33000000	8883.771
21000000	33000000	7820.88
22000000	33000000	5443.2827
23000000	33000000	8682.8545
24000000	33000000	11067.874
25000000	33000000	11655.576
26000000	33000000	11729.108
27000000	33000000	10261.899
28000000	33000000	6844.7803
29000000	33000000	7031.61
30000000	33000000	25931.074
31000000	33000000	47302.086
32000000	33000000	103053.56
33000000	33000000	407956.84
0	34000000	5708.0615
1000000	34000000	6793.083
2000000	34000000	9235.473
3000000	34000000	10403.999
4000000	34000000	10870.431
5000000	34000000	11200.237
6000000	34000000	5132.12
7000000	34000000	4293.3755
8000000	34000000	1813.8959
9000000	34000000	4132.769
10000000	34000000	3864.8801
11000000	34000000	2167.2366
12000000	34000000	6222.6587
13000000	34000000	11534.228
14000000	34000000	12975.426
15000000	34000000	13118.357
16000000	34000000	13088.657
17000000	34000000	8055.129
18000000	34000000	10037.701
19000000	34000000	7976.559
20000000	34000000	7932.148
21000000	34000000	5355.1865
22000000	34000000	2312.8738
23000000	34000000	5717.7344
24000000	34000000	10276.63
25000000	34000000	9183.155
26000000	34000000	7497.5527
27000000	34000000	4834.092
28000000	34000000	2643.0137
29000000	34000000	2778.543
30000000	34000000	8434.184
31000000	34000000	26331.963
32000000	34000000	32042.81
33000000	34000000	95826.92
34000000	34000000	468106.78
0	35000000	6373.2554
1000000	35000000	7264.308
2000000	35000000	9373.055
3000000	35000000	10066.576
4000000	35000000	10488.725
5000000	35000000	10455.322
6000000	35000000	5721.7515
7000000	35000000	4417.4277
8000000	35000000	2178.8418
9000000	35000000	4573.565
10000000	35000000	4299.4443
11000000	35000000	2525.8232
12000000	35000000	6774.6226
13000000	35000000	10930.155
14000000	35000000	11604.52
15000000	35000000	12269.096
16000000	35000000	12020.711
17000000	35000000	8107.259
18000000	35000000	9745.016
19000000	35000000	7812.8647
20000000	35000000	8052.557
21000000	35000000	5435.2983
22000000	35000000	2435.0837
23000000	35000000	5647.1685
24000000	35000000	9098.918
25000000	35000000	8576.843
26000000	35000000	7066.5664
27000000	35000000	4665.7637
28000000	35000000	2643.5679
29000000	35000000	2674.806
30000000	35000000	7504.342
31000000	35000000	18877.59
32000000	35000000	21618.146
33000000	35000000	46004.52
34000000	35000000	109043.78
35000000	35000000	469196.53
0	36000000	6675.0312
1000000	36000000	7286.2812
2000000	36000000	8571.144
3000000	36000000	9077.084
4000000	36000000	9424.557
5000000	36000000	10149.013
6000000	36000000	6392.386
7000000	36000000	4881.209
8000000	36000000	2374.5784
9000000	36000000	4648.602
10000000	36000000	4622.7393
11000000	36000000	2925.3293
12000000	36000000	7113.636
13000000	36000000	10252.331
14000000	36000000	10410.102
15000000	36000000	11122.419
16000000	36000000	11370.314
17000000	36000000	8308.345
18000000	36000000	9641.255
19000000	36000000	7914.272
20000000	36000000	8134.666
21000000	36000000	5765.1914
22000000	36000000	2604.9092
23000000	36000000	5607.707
24000000	36000000	8673.33
25000000	36000000	8029.263
26000000	36000000	6785.8867
27000000	36000000	4719.4688
28000000	36000000	2758.5923
29000000	36000000	2773.8945
30000000	36000000	7434.3696
31000000	36000000	16746.266
32000000	36000000	18514.95
33000000	36000000	33760.785
34000000	36000000	57031.105
35000000	36000000	106989.555
36000000	36000000	426855.66
0	37000000	5691.994
1000000	37000000	4580.0835
2000000	37000000	4499.2344
3000000	37000000	3157.2183
4000000	37000000	2996.8545
5000000	37000000	3524.413
6000000	37000000	8597.301
7000000	37000000	4465.9023
8000000	37000000	7145.1006
9000000	37000000	6465.1245
10000000	37000000	6764.986
11000000	37000000	7635.02
12000000	37000000	7420.2144
13000000	37000000	4675.3125
14000000	37000000	3767.828
15000000	37000000	3830.6724
16000000	37000000	4355.0537
17000000	37000000	8009.151
18000000	37000000	6361.675
19000000	37000000	7714.497
20000000	37000000	7171.7705
21000000	37000000	8448.894
22000000	37000000	8161.505
23000000	37000000	7721.6416
24000000	37000000	6217.549
25000000	37000000	7176.7114
26000000	37000000	8262.196
27000000	37000000	9354.85
28000000	37000000	7298.576
29000000	37000000	7150.2344
30000000	37000000	12416.3
31000000	37000000	9211.853
32000000	37000000	11014.676
33000000	37000000	21849.973
34000000	37000000	15956.254
35000000	37000000	25384.34
36000000	37000000	110265.41
37000000	37000000	482915.66
0	38000000	3875.84
1000000	38000000	2762.4353
2000000	38000000	3122.8218
3000000	38000000	1682.3322
4000000	38000000	1573.5339
5000000	38000000	1770.8951
6000000	38000000	6795.0444
7000000	38000000	2982.1338
8000000	38000000	8597.647
9000000	38000000	5491.1255
10000000	38000000	5904.466
11000000	38000000	8251.621
12000000	38000000	5443.657
13000000	38000000	2967.7832
14000000	38000000	2358.1885
15000000	38000000	2106.3005
16000000	38000000	2665.8618
17000000	38000000	7092.576
18000000	38000000	4219.27
19000000	38000000	5220.3003
20000000	38000000	4351.9453
21000000	38000000	6586.64
22000000	38000000	10300.56
23000000	38000000	6784.511
24000000	38000000	4244.58
25000000	38000000	5185.0986
26000000	38000000	6691.4297
27000000	38000000	9272.239
28000000	38000000	10021.825
29000000	38000000	9651.735
30000000	38000000	12274.141
31000000	38000000	5669.2812
32000000	38000000	6828.05
33000000	38000000	12005.146
34000000	38000000	6784.7886
35000000	38000000	9133.866
36000000	38000000	17929.27
37000000	38000000	113674.12
38000000	38000000	575550.0
0	39000000	4174.4746
1000000	39000000	3575.8733
2000000	39000000	5144.2964
3000000	39000000	4077.3315
4000000	39000000	4285.796
5000000	39000000	4846.0376
6000000	39000000	6135.206
7000000	39000000	3950.1833
8000000	39000000	4129.963
9000000	39000000	5192.5366
10000000	39000000	4763.1997
11000000	39000000	4191.376
12000000	39000000	6461.437
13000000	39000000	6507.0796
14000000	39000000	6325.9663
15000000	39000000	5543.3276
16000000	39000000	6361.3633
17000000	39000000	8294.538
18000000	39000000	7445.035
19000000	39000000	6520.249
20000000	39000000	5490.5728
21000000	39000000	5181.985
22000000	39000000	3621.629
23000000	39000000	5836.5664
24000000	39000000	6849.769
25000000	39000000	6443.452
26000000	39000000	6579.0854
27000000	39000000	5401.402
28000000	39000000	3715.3213
29000000	39000000	3785.5042
30000000	39000000	7768.263
31000000	39000000	9661.089
32000000	39000000	10958.309
33000000	39000000	13151.394
34000000	39000000	12489.545
35000000	39000000	14832.65
36000000	39000000	23729.172
37000000	39000000	27460.832
38000000	39000000	84845.35
39000000	39000000	513221.72
0	40000000	5714.4927
1000000	40000000	5549.936
2000000	40000000	6359.828
3000000	40000000	6143.7485
4000000	40000000	6234.568
5000000	40000000	7561.3184
6000000	40000000	8009.1543
7000000	40000000	5323.4814
8000000	40000000	2952.181
9000000	40000000	6266.57
10000000	40000000	6774.263
11000000	40000000	4201.984
12000000	40000000	7947.58
13000000	40000000	8581.072
14000000	40000000	7183.5635
15000000	40000000	7221.9424
16000000	40000000	7773.7065
17000000	40000000	8224.072
18000000	40000000	9437.018
19000000	40000000	9136.41
20000000	40000000	10403.111
21000000	40000000	7634.9824
22000000	40000000	3291.147
23000000	40000000	6596.556
24000000	40000000	9343.262
25000000	40000000	8472.898
26000000	40000000	7553.4956
27000000	40000000	5752.5396
28000000	40000000	2850.6218
29000000	40000000	2559.343
30000000	40000000	6738.0913
31000000	40000000	11789.665
32000000	40000000	11436.28
33000000	40000000	13547.059
34000000	40000000	15329.862
35000000	40000000	18244.441
36000000	40000000	24278.033
37000000	40000000	20659.92
38000000	40000000	21066.295
39000000	40000000	111023.48
40000000	40000000	457262.06
0	41000000	6548.4937
1000000	41000000	5265.353
2000000	41000000	4604.984
3000000	41000000	2970.4849
4000000	41000000	2858.5764
5000000	41000000	3196.8667
6000000	41000000	8786.791
7000000	41000000	4838.5806
8000000	41000000	7656.252
9000000	41000000	7071.783
10000000	41000000	7867.6157
11000000	41000000	8659.3125
12000000	41000000	7188.566
13000000	41000000	4186.6753
14000000	41000000	3412.5085
15000000	41000000	3285.3367
16000000	41000000	3706.2793
17000000	41000000	7352.731
18000000	41000000	5712.9575
19000000	41000000	7239.3013
20000000	41000000	7232.146
21000000	41000000	8538.769
22000000	41000000	8443.852
23000000	41000000	7373.3335
24000000	41000000	5548.654
25000000	41000000	6368.334
26000000	41000000	7352.0425
27000000	41000000	8694.675
28000000	41000000	6883.7666
29000000	41000000	6306.994
30000000	41000000	9832.941
31000000	41000000	6173.695
32000000	41000000	6769.0957
33000000	41000000	10283.001
34000000	41000000	6726.7544
35000000	41000000	8318.849
36000000	41000000	10945.741
37000000	41000000	20772.783
38000000	41000000	26314.158
39000000	41000000	32989.684
40000000	41000000	95738.484
41000000	41000000	493825.78
0	42000000	8046.2715
1000000	42000000	5942.746
2000000	42000000	4607.7256
3000000	42000000	2377.9324
4000000	42000000	2169.8628
5000000	42000000	2333.8384
6000000	42000000	7969.8584
7000000	42000000	3297.2634
8000000	42000000	9753.188
9000000	42000000	6080.2666
10000000	42000000	6145.7812
11000000	42000000	8588.833
12000000	42000000	6412.6216
13000000	42000000	3097.9907
14000000	42000000	2731.3035
15000000	42000000	2626.9214
16000000	42000000	3137.0696
17000000	42000000	7342.666
18000000	42000000	4271.1426
19000000	42000000	5320.076
20000000	42000000	4405.3345
21000000	42000000	6397.2246
22000000	42000000	9056.791
23000000	42000000	5967.1724
24000000	42000000	3637.4353
25000000	42000000	4652.7085
26000000	42000000	5623.6743
27000000	42000000	7382.8696
28000000	42000000	7953.326
29000000	42000000	7514.357
30000000	42000000	9329.72
31000000	42000000	4446.9927
32000000	42000000	5359.34
33000000	42000000	8537.023
34000000	42000000	4380.418
35000000	42000000	5504.4683
36000000	42000000	6529.005
37000000	42000000	15187.8
38000000	42000000	21033.28
39000000	42000000	14864.095
40000000	42000000	18258.934
41000000	42000000	120428.625
42000000	42000000	546053.25
0	43000000	12958.915
1000000	43000000	14190.828
2000000	43000000	11423.676
3000000	43000000	9701.057
4000000	43000000	9081.876
5000000	43000000	9492.886
6000000	43000000	5723.0483
7000000	43000000	5067.1416
8000000	43000000	2926.8691
9000000	43000000	4522.0728
10000000	43000000	3863.3677
11000000	43000000	2792.6602
12000000	43000000	6416.1357
13000000	43000000	7836.0454
14000000	43000000	9011.808
15000000	43000000	10228.162
16000000	43000000	9292.247
17000000	43000000	6715.677
18000000	43000000	6575.1733
19000000	43000000	5242.8853
20000000	43000000	4884.3994
21000000	43000000	3794.4456
22000000	43000000	1887.472
23000000	43000000	3501.4263
24000000	43000000	4417.144
25000000	43000000	4533.558
26000000	43000000	3925.7026
27000000	43000000	2837.066
28000000	43000000	1843.4644
29000000	43000000	1825.6814
30000000	43000000	3925.4717
31000000	43000000	6669.298
32000000	43000000	7565.397
33000000	43000000	8875.239
34000000	43000000	11440.194
35000000	43000000	12666.584
36000000	43000000	13455.798
37000000	43000000	8298.544
38000000	43000000	6509.2485
39000000	43000000	13626.287
40000000	43000000	19789.764
41000000	43000000	21097.953
42000000	43000000	91834.7
43000000	43000000	605563.7
0	46000000	7350.1953
1000000	46000000	10100.554
2000000	46000000	7099.5283
3000000	46000000	7852.795
4000000	46000000	6805.7305
5000000	46000000	5955.1055
6000000	46000000	1654.8175
7000000	46000000	1153.3833
8000000	46000000	577.03033
9000000	46000000	1335.7688
10000000	46000000	1262.9207
11000000	46000000	547.2792
12000000	46000000	1796.7854
13000000	46000000	3492.499
14000000	46000000	5406.4
15000000	46000000	6370.5767
16000000	46000000	5146.7485
17000000	46000000	1862.5428
18000000	46000000	2529.3174
19000000	46000000	1844.3352
20000000	46000000	1860.7638
21000000	46000000	1241.7334
22000000	46000000	385.0516
23000000	46000000	926.93225
24000000	46000000	1700.7499
25000000	46000000	1635.658
26000000	46000000	1051.6841
27000000	46000000	631.69666
28000000	46000000	440.67633
29000000	46000000	480.40814
30000000	46000000	1032.2405
31000000	46000000	2420.8315
32000000	46000000	2597.3599
33000000	46000000	2876.75
34000000	46000000	5724.201
35000000	46000000	6215.0234
36000000	46000000	5179.5635
37000000	46000000	2147.114
38000000	46000000	1222.3384
39000000	46000000	3058.7864
40000000	46000000	4826.206
41000000	46000000	3332.765
42000000	46000000	4749.687
43000000	46000000	23567.963
46000000	46000000	868744.3
0	47000000	11894.363
1000000	47000000	15412.525
2000000	47000000	12175.113
3000000	47000000	11487.179
4000000	47000000	10435.289
5000000	47000000	10166.057
6000000	47000000	4478.528
7000000	47000000	3696.5203
8000000	47000000	1601.5193
9000000	47000000	3278.9233
10000000	47000000	3007.73
11000000	47000000	1615.0822
12000000	47000000	4957.769
13000000	47000000	7657.606
14000000	47000000	8928.905
15000000	47000000	10936.138
16000000	47000000	9120.057
17000000	47000000	4998.956
18000000	47000000	5673.1396
19000000	47000000	4435.5225
20000000	47000000	4600.7803
21000000	47000000	3101.8123
22000000	47000000	1161.7798
23000000	47000000	2551.2637
24000000	47000000	4006.7405
25000000	47000000	3719.599
26000000	47000000	2808.6184
27000000	47000000	1787.9166
28000000	47000000	1238.4957
29000000	47000000	1160.6746
30000000	47000000	2663.9844
31000000	47000000	5924.758
32000000	47000000	6141.647
33000000	47000000	7182.042
34000000	47000000	10843.445
35000000	47000000	11306.922
36000000	47000000	10828.731
37000000	47000000	5122.5347
38000000	47000000	3083.1184
39000000	47000000	7000.005
40000000	47000000	10862.092
41000000	47000000	7670.6074
42000000	47000000	10177.359
43000000	47000000	36340.363
46000000	47000000	118103.84
47000000	47000000	477733.75
0	48000000	5889.691
1000000	48000000	4570.736
2000000	48000000	4181.3345
3000000	48000000	2674.3232
4000000	48000000	2544.3188
5000000	48000000	2782.2737
6000000	48000000	6181.5615
7000000	48000000	2856.396
8000000	48000000	5150.6895
9000000	48000000	4592.015
10000000	48000000	4328.9907
11000000	48000000	4731.9033
12000000	48000000	5454.2446
13000000	48000000	3495.3718
14000000	48000000	3046.2083
15000000	48000000	3098.5977
16000000	48000000	3503.9631
17000000	48000000	7406.1333
18000000	48000000	4344.9287
19000000	48000000	4801.1465
20000000	48000000	3916.8508
21000000	48000000	4763.089
22000000	48000000	4734.816
23000000	48000000	4343.228
24000000	48000000	3535.9019
25000000	48000000	4244.5254
26000000	48000000	4595.5557
27000000	48000000	4990.542
28000000	48000000	4353.5933
29000000	48000000	3914.3914
30000000	48000000	7084.667
31000000	48000000	4795.184
32000000	48000000	5208.1724
33000000	48000000	7592.114
34000000	48000000	4521.756
35000000	48000000	5317.7114
36000000	48000000	5752.541
37000000	48000000	8629.05
38000000	48000000	9283.762
39000000	48000000	7464.686
40000000	48000000	7840.693
41000000	48000000	12473.583
42000000	48000000	19568.965
43000000	48000000	13819.413
46000000	48000000	13609.031
47000000	48000000	82544.36
48000000	48000000	504618.38
0	49000000	3810.6804
1000000	49000000	3443.2195
2000000	49000000	3693.117
3000000	49000000	3026.5735
4000000	49000000	3137.8354
5000000	49000000	3778.2751
6000000	49000000	4407.6284
7000000	49000000	3102.7476
8000000	49000000	2084.997
9000000	49000000	3350.226
10000000	49000000	3403.7708
11000000	49000000	2442.3076
12000000	49000000	4311.5674
13000000	49000000	4099.4624
14000000	49000000	3667.6218
15000000	49000000	3688.0771
16000000	49000000	3905.308
17000000	49000000	4622.9634
18000000	49000000	4611.1353
19000000	49000000	4513.9873
20000000	49000000	4643.437
21000000	49000000	3837.9805
22000000	49000000	2108.0208
23000000	49000000	3597.2883
24000000	49000000	4400.883
25000000	49000000	4363.4834
26000000	49000000	4011.8818
27000000	49000000	3368.072
28000000	49000000	1846.6837
29000000	49000000	1803.5234
30000000	49000000	4377.876
31000000	49000000	5843.7495
32000000	49000000	5681.6226
33000000	49000000	6469.087
34000000	49000000	5989.3335
35000000	49000000	6170.9395
36000000	49000000	6527.8735
37000000	49000000	5938.257
38000000	49000000	4222.6963
39000000	49000000	6657.1333
40000000	49000000	9333.78
41000000	49000000	7538.0283
42000000	49000000	6644.859
43000000	49000000	9354.573
46000000	49000000	8215.707
47000000	49000000	31035.506
48000000	49000000	66006.31
49000000	49000000	441985.4
0	50000000	2451.6575
1000000	50000000	2160.4534
2000000	50000000	3106.7793
3000000	50000000	3011.7876
4000000	50000000	3066.4797
5000000	50000000	3442.578
6000000	50000000	2401.6191
7000000	50000000	1387.179
8000000	50000000	1484.038
9000000	50000000	1891.5651
10000000	50000000	1738.6622
11000000	50000000	1435.1586
12000000	50000000	2757.3816
13000000	50000000	3853.229
14000000	50000000	4047.5176
15000000	50000000	3856.927
16000000	50000000	3882.388
17000000	50000000	3496.0713
18000000	50000000	3434.3064
19000000	50000000	2622.772
20000000	50000000	2399.418
21000000	50000000	1945.3994
22000000	50000000	1302.9371
23000000	50000000	2307.4058
24000000	50000000	3194.2214
25000000	50000000	2854.8845
26000000	50000000	2665.7026
27000000	50000000	1906.528
28000000	50000000	1406.3156
29000000	50000000	1452.0747
30000000	50000000	2835.4663
31000000	50000000	4950.9487
32000000	50000000	4835.227
33000000	50000000	4653.495
34000000	50000000	6055.51
35000000	50000000	5774.4424
36000000	50000000	5689.6113
37000000	50000000	3699.4238
38000000	50000000	3157.6611
39000000	50000000	5924.913
40000000	50000000	5991.4033
41000000	50000000	4193.799
42000000	50000000	4483.227
43000000	50000000	7176.856
46000000	50000000	6229.6484
47000000	50000000	18809.457
48000000	50000000	24045.31
49000000	50000000	120289.23
50000000	50000000	447140.1
0	51000000	2165.2563
1000000	51000000	2088.0198
2000000	51000000	2994.5024
3000000	51000000	3367.7512
4000000	51000000	3247.9688
5000000	51000000	3317.3862
6000000	51000000	1789.2555
7000000	51000000	1498.2157
8000000	51000000	928.78754
9000000	51000000	1539.228
10000000	51000000	1291.4744
11000000	51000000	998.862
12000000	51000000	2190.329
13000000	51000000	3870.1655
14000000	51000000	4208.1143
15000000	51000000	4227.9873
16000000	51000000	4143.381
17000000	51000000	2891.2285
18000000	51000000	3176.1223
19000000	51000000	2143.6462
20000000	51000000	1964.6543
21000000	51000000	1482.6868
22000000	51000000	960.9935
23000000	51000000	1828.8534
24000000	51000000	2750.8792
25000000	51000000	2266.7654
26000000	51000000	2120.4417
27000000	51000000	1491.3422
28000000	51000000	1045.3021
29000000	51000000	1036.7313
30000000	51000000	2289.8376
31000000	51000000	4593.8486
32000000	51000000	4493.1064
33000000	51000000	3923.4255
34000000	51000000	6176.3906
35000000	51000000	5816.2583
36000000	51000000	5619.0957
37000000	51000000	2719.2183
38000000	51000000	2219.5762
39000000	51000000	4953.3765
40000000	51000000	4814.6836
41000000	51000000	2996.0027
42000000	51000000	3054.6213
43000000	51000000	7061.0664
46000000	51000000	6326.9155
47000000	51000000	16530.42
48000000	51000000	13888.944
49000000	51000000	42089.406
50000000	51000000	127621.734
51000000	51000000	476843.75
0	52000000	2280.573
1000000	52000000	1834.665
2000000	52000000	2464.4495
3000000	52000000	1934.3252
4000000	52000000	1975.1914
5000000	52000000	2158.1365
6000000	52000000	2528.3687
7000000	52000000	1248.7065
8000000	52000000	2057.9011
9000000	52000000	2003.2274
10000000	52000000	1688.6055
11000000	52000000	1768.265
12000000	52000000	2691.2979
13000000	52000000	2672.629
14000000	52000000	2693.2466
15000000	52000000	2526.1482
16000000	52000000	2878.7417
17000000	52000000	3348.8164
18000000	52000000	2738.357
19000000	52000000	2367.4146
20000000	52000000	1906.5029
21000000	52000000	1911.2366
22000000	52000000	1903.378
23000000	52000000	2356.1377
24000000	52000000	2467.41
25000000	52000000	2476.653
26000000	52000000	2587.9758
27000000	52000000	2501.8296
28000000	52000000	1956.862
29000000	52000000	2112.654
30000000	52000000	3534.1973
31000000	52000000	3664.2214
32000000	52000000	4036.2842
33000000	52000000	4163.8574
34000000	52000000	3927.3787
35000000	52000000	3846.8816
36000000	52000000	4098.24
37000000	52000000	3804.114
38000000	52000000	4131.0693
39000000	52000000	5315.8765
40000000	52000000	4168.258
41000000	52000000	4187.099
42000000	52000000	5235.3047
43000000	52000000	5684.6997
46000000	52000000	4111.8647
47000000	52000000	11318.409
48000000	52000000	18278.346
49000000	52000000	35010.926
50000000	52000000	64509.926
51000000	52000000	151244.4
52000000	52000000	464089.38
0	53000000	2143.0945
1000000	53000000	1797.0168
2000000	53000000	2190.5598
3000000	53000000	1904.0835
4000000	53000000	1967.8193
5000000	53000000	2225.8604
6000000	53000000	2760.6199
7000000	53000000	1885.7922
8000000	53000000	1689.8502
9000000	53000000	2358.7852
10000000	53000000	2299.8618
11000000	53000000	1936.4294
12000000	53000000	2929.5505
13000000	53000000	3035.8386
14000000	53000000	2861.7375
15000000	53000000	2578.9116
16000000	53000000	2911.6514
17000000	53000000	3546.076
18000000	53000000	3284.9749
19000000	53000000	3169.8225
20000000	53000000	2946.0886
21000000	53000000	2695.993
22000000	53000000	1766.8746
23000000	53000000	2954.3494
24000000	53000000	3556.3274
25000000	53000000	3452.914
26000000	53000000	3338.032
27000000	53000000	2898.6826
28000000	53000000	1784.2776
29000000	53000000	1635.0476
30000000	53000000	3738.4846
31000000	53000000	4769.3745
32000000	53000000	4529.423
33000000	53000000	4919.8545
34000000	53000000	4456.8374
35000000	53000000	4420.428
36000000	53000000	4792.9526
37000000	53000000	4096.7246
38000000	53000000	3497.4685
39000000	53000000	5188.1333
40000000	53000000	5856.919
41000000	53000000	4572.992
42000000	53000000	4224.859
43000000	53000000	5006.8667
46000000	53000000	2961.7322
47000000	53000000	9088.702
48000000	53000000	13196.712
49000000	53000000	23915.016
50000000	53000000	26640.324
51000000	53000000	33414.76
52000000	53000000	79820.75
53000000	53000000	430407.72
0	54000000	2136.1797
1000000	54000000	1818.3333
2000000	54000000	1992.7402
3000000	54000000	1689.683
4000000	54000000	1582.8203
5000000	54000000	1781.4475
6000000	54000000	2777.6619
7000000	54000000	1364.5411
8000000	54000000	2389.3496
9000000	54000000	2327.4082
10000000	54000000	2256.498
11000000	54000000	2362.1047
12000000	54000000	2613.1409
13000000	54000000	2383.0784
14000000	54000000	2261.7239
15000000	54000000	2157.4807
16000000	54000000	2313.7292
17000000	54000000	3284.0154
18000000	54000000	2630.2483
19000000	54000000	2686.7202
20000000	54000000	2516.7932
21000000	54000000	2691.5103
22000000	54000000	2558.2368
23000000	54000000	2787.616
24000000	54000000	2828.811
25000000	54000000	2963.2576
26000000	54000000	3181.7788
27000000	54000000	3161.0244
28000000	54000000	2689.304
29000000	54000000	2582.3752
30000000	54000000	4102.0605
31000000	54000000	3718.0315
32000000	54000000	3582.0793
33000000	54000000	4260.6616
34000000	54000000	3519.193
35000000	54000000	3674.807
36000000	54000000	3858.284
37000000	54000000	4183.0645
38000000	54000000	4570.983
39000000	54000000	4427.361
40000000	54000000	4390.776
41000000	54000000	4800.7593
42000000	54000000	5429.0757
43000000	54000000	4299.827
46000000	54000000	2285.0945
47000000	54000000	7122.4614
48000000	54000000	12116.255
49000000	54000000	13861.38
50000000	54000000	13524.261
51000000	54000000	14644.902
52000000	54000000	23750.857
53000000	54000000	123775.36
54000000	54000000	484858.7
0	55000000	1928.7814
1000000	55000000	1619.2113
2000000	55000000	2052.3325
3000000	55000000	1845.2686
4000000	55000000	1886.9308
5000000	55000000	2054.2056
6000000	55000000	2631.812
7000000	55000000	2165.3464
8000000	55000000	1627.572
9000000	55000000	2342.3284
10000000	55000000	2362.7415
11000000	55000000	1849.1554
12000000	55000000	2817.532
13000000	55000000	2879.133
14000000	55000000	2658.2588
15000000	55000000	2409.882
16000000	55000000	2693.5593
17000000	55000000	3181.9128
18000000	55000000	3035.1
19000000	55000000	3099.9736
20000000	55000000	3239.971
21000000	55000000	2883.4812
22000000	55000000	1785.3739
23000000	55000000	3128.468
24000000	55000000	3827.3584
25000000	55000000	3507.2327
26000000	55000000	3427.0566
27000000	55000000	2877.4797
28000000	55000000	1806.7517
29000000	55000000	1728.8867
30000000	55000000	3577.622
31000000	55000000	4701.7476
32000000	55000000	4267.479
33000000	55000000	4411.522
34000000	55000000	4226.167
35000000	55000000	4340.285
36000000	55000000	4271.2573
37000000	55000000	3799.9246
38000000	55000000	3017.977
39000000	55000000	4652.3516
40000000	55000000	5696.8516
41000000	55000000	4249.977
42000000	55000000	3678.631
43000000	55000000	4126.1562
46000000	55000000	2751.8733
47000000	55000000	6890.83
48000000	55000000	8708.353
49000000	55000000	13881.284
50000000	55000000	12866.304
51000000	55000000	13294.05
52000000	55000000	16611.684
53000000	55000000	54575.164
54000000	55000000	117355.54
55000000	55000000	423634.94
0	56000000	1861.9873
1000000	56000000	1403.7737
2000000	56000000	1747.2151
3000000	56000000	1288.7799
4000000	56000000	1411.6917
5000000	56000000	1504.9323
6000000	56000000	2770.3977
7000000	56000000	1694.1199
8000000	56000000	2795.0527
9000000	56000000	2491.3533
10000000	56000000	2422.802
11000000	56000000	2726.748
12000000	56000000	2782.9424
13000000	56000000	2174.878
14000000	56000000	1953.8579
15000000	56000000	1714.114
16000000	56000000	1977.0023
17000000	56000000	3142.7908
18000000	56000000	2531.2097
19000000	56000000	2854.2537
20000000	56000000	2676.2422
21000000	56000000	2842.4272
22000000	56000000	3030.3853
23000000	56000000	3282.6743
24000000	56000000	3093.6323
25000000	56000000	3223.6648
26000000	56000000	3440.1592
27000000	56000000	3475.185
28000000	56000000	3136.2751
29000000	56000000	3109.5261
30000000	56000000	4548.1553
31000000	56000000	3748.054
32000000	56000000	3506.7825
33000000	56000000	4247.723
34000000	56000000	3071.598
35000000	56000000	3160.1406
36000000	56000000	3457.3213
37000000	56000000	4535.2524
38000000	56000000	4896.5537
39000000	56000000	4314.4087
40000000	56000000	4415.4937
41000000	56000000	4899.8193
42000000	56000000	5335.9907
43000000	56000000	3436.818
46000000	56000000	1730.2584
47000000	56000000	5104.093
48000000	56000000	9458.649
49000000	56000000	10257.359
50000000	56000000	8938.512
51000000	56000000	8491.136
52000000	56000000	12431.026
53000000	56000000	22573.129
54000000	56000000	31562.604
55000000	56000000	110137.57
56000000	56000000	481303.22
0	57000000	1802.5302
1000000	57000000	1523.0679
2000000	57000000	1728.3217
3000000	57000000	1689.8174
4000000	57000000	1623.4375
5000000	57000000	1870.8406
6000000	57000000	2349.0645
7000000	57000000	1750.0629
8000000	57000000	1645.9528
9000000	57000000	2192.6223
10000000	57000000	2200.8948
11000000	57000000	1830.8169
12000000	57000000	2547.7432
13000000	57000000	2721.4824
14000000	57000000	2367.6782
15000000	57000000	2316.5254
16000000	57000000	2471.765
17000000	57000000	2991.7927
18000000	57000000	2934.857
19000000	57000000	2981.6833
20000000	57000000	2937.1223
21000000	57000000	2600.688
22000000	57000000	1815.2483
23000000	57000000	2992.8306
24000000	57000000	3618.8584
25000000	57000000	3309.7554
26000000	57000000	3202.604
27000000	57000000	2888.0571
28000000	57000000	1968.9535
29000000	57000000	1710.5847
30000000	57000000	3568.144
31000000	57000000	4334.666
32000000	57000000	3970.6677
33000000	57000000	4300.1523
34000000	57000000	3824.138
35000000	57000000	3751.1594
36000000	57000000	3881.8933
37000000	57000000	3531.6245
38000000	57000000	3050.7612
39000000	57000000	4378.743
40000000	57000000	4882.3037
41000000	57000000	3854.73
42000000	57000000	3487.4763
43000000	57000000	3987.2192
46000000	57000000	2161.5103
47000000	57000000	5683.816
48000000	57000000	7524.4595
49000000	57000000	10418.499
50000000	57000000	8967.385
51000000	57000000	9182.625
52000000	57000000	10382.905
53000000	57000000	18530.285
54000000	57000000	19213.287
55000000	57000000	43593.562
56000000	57000000	97639.49
57000000	57000000	450814.2
0	58000000	1682.5292
1000000	58000000	1389.8441
2000000	58000000	1713.3677
3000000	58000000	1511.8214
4000000	58000000	1474.5514
5000000	58000000	1727.1965
6000000	58000000	2133.1228
7000000	58000000	1299.8813
8000000	58000000	1551.8275
9000000	58000000	1990.1569
10000000	58000000	2006.9539
11000000	58000000	1656.9246
12000000	58000000	2242.7012
13000000	58000000	2139.697
14000000	58000000	2132.2427
15000000	58000000	1967.0175
16000000	58000000	2068.4424
17000000	58000000	2415.5796
18000000	58000000	2322.3613
19000000	58000000	2450.6394
20000000	58000000	2336.1194
21000000	58000000	2068.8994
22000000	58000000	1726.6528
23000000	58000000	2493.912
24000000	58000000	3024.2407
25000000	58000000	2572.6948
26000000	58000000	2702.4033
27000000	58000000	2565.6423
28000000	58000000	1865.361
29000000	58000000	1762.0144
30000000	58000000	3139.08
31000000	58000000	3539.645
32000000	58000000	3327.8074
33000000	58000000	3475.763
34000000	58000000	3253.1104
35000000	58000000	3323.9304
36000000	58000000	3257.8413
37000000	58000000	2974.9426
38000000	58000000	2638.9878
39000000	58000000	3706.3467
40000000	58000000	4036.1362
41000000	58000000	3311.0679
42000000	58000000	2995.961
43000000	58000000	3314.6138
46000000	58000000	2096.711
47000000	58000000	5254.53
48000000	58000000	6202.9917
49000000	58000000	8279.855
50000000	58000000	7514.1455
51000000	58000000	7501.1177
52000000	58000000	8077.078
53000000	58000000	12085.44
54000000	58000000	11955.476
55000000	58000000	19436.998
56000000	58000000	24980.05
57000000	58000000	96477.984
58000000	58000000	451204.94
0	59000000	1385.3458
1000000	59000000	1002.9231
2000000	59000000	1337.9727
3000000	59000000	901.7181
4000000	59000000	856.9732
5000000	59000000	946.0955
6000000	59000000	2097.0522
7000000	59000000	1064.3434
8000000	59000000	2325.5435
9000000	59000000	1791.7635
10000000	59000000	1727.6729
11000000	59000000	2068.913
12000000	59000000	1891.8673
13000000	59000000	1447.0082
14000000	59000000	1305.7256
15000000	59000000	1187.1211
16000000	59000000	1345.2184
17000000	59000000	2393.655
18000000	59000000	1775.4147
19000000	59000000	1970.4993
20000000	59000000	1624.096
21000000	59000000	1849.8894
22000000	59000000	2386.7966
23000000	59000000	2385.4844
24000000	59000000	2129.895
25000000	59000000	2119.2473
26000000	59000000	2429.803
27000000	59000000	2766.282
28000000	59000000	2559.8997
29000000	59000000	2739.9248
30000000	59000000	3657.5242
31000000	59000000	2433.0532
32000000	59000000	2651.387
33000000	59000000	2986.703
34000000	59000000	1890.8474
35000000	59000000	2069.9624
36000000	59000000	2264.6997
37000000	59000000	3243.9587
38000000	59000000	3809.4927
39000000	59000000	3384.3848
40000000	59000000	2541.731
41000000	59000000	3401.787
42000000	59000000	4068.639
43000000	59000000	2482.1455
46000000	59000000	1020.8473
47000000	59000000	3140.8806
48000000	59000000	7150.295
49000000	59000000	5815.3555
50000000	59000000	5770.5537
51000000	59000000	5208.5127
52000000	59000000	7954.094
53000000	59000000	8402.941
54000000	59000000	9741.888
55000000	59000000	10978.89
56000000	59000000	18099.305
57000000	59000000	30269.861
58000000	59000000	155664.16
59000000	59000000	434271.53
0	60000000	1258.5719
1000000	60000000	1091.997
2000000	60000000	1396.1178
3000000	60000000	1411.2477
4000000	60000000	1471.6617
5000000	60000000	1648.6206
6000000	60000000	1497.8811
7000000	60000000	1006.4787
8000000	60000000	1197.8937
9000000	60000000	1448.6868
10000000	60000000	1376.1821
11000000	60000000	1133.4805
12000000	60000000	1615.4448
13000000	60000000	2206.5532
14000000	60000000	2165.1028
15000000	60000000	2067.3242
16000000	60000000	2228.0295
17000000	60000000	2150.2249
18000000	60000000	2239.7576
19000000	60000000	1976.8167
20000000	60000000	1763.0546
21000000	60000000	1524.6101
22000000	60000000	1200.0293
23000000	60000000	1940.1167
24000000	60000000	2693.1497
25000000	60000000	2288.2034
26000000	60000000	2148.5144
27000000	60000000	1830.5278
28000000	60000000	1445.9397
29000000	60000000	1343.1567
30000000	60000000	2376.1921
31000000	60000000	3451.6873
32000000	60000000	3156.1313
33000000	60000000	3131.715
34000000	60000000	3407.781
35000000	60000000	3223.2844
36000000	60000000	3023.065
37000000	60000000	2328.0146
38000000	60000000	2038.3647
39000000	60000000	3391.779
40000000	60000000	3373.6921
41000000	60000000	2341.439
42000000	60000000	2223.5308
43000000	60000000	2916.1257
46000000	60000000	1734.4075
47000000	60000000	4530.1113
48000000	60000000	4707.501
49000000	60000000	6421.9536
50000000	60000000	7165.2856
51000000	60000000	7290.1826
52000000	60000000	6572.684
53000000	60000000	9066.422
54000000	60000000	7952.5977
55000000	60000000	11310.616
56000000	60000000	11467.455
57000000	60000000	22308.502
58000000	60000000	38467.758
59000000	60000000	127098.76
60000000	60000000	490916.3
0	61000000	1256.0067
1000000	61000000	887.9751
2000000	61000000	1039.5408
3000000	61000000	731.8374
4000000	61000000	664.68945
5000000	61000000	774.3555
6000000	61000000	1884.304
7000000	61000000	697.2558
8000000	61000000	2608.6946
9000000	61000000	1742.1136
10000000	61000000	1665.058
11000000	61000000	2231.7905
12000000	61000000	1800.5219
13000000	61000000	1202.1954
14000000	61000000	1093.647
15000000	61000000	998.39984
16000000	61000000	1069.4119
17000000	61000000	2075.2407
18000000	61000000	1410.2806
19000000	61000000	1851.2949
20000000	61000000	1508.3741
21000000	61000000	1946.7036
22000000	61000000	2872.5784
23000000	61000000	2422.317
24000000	61000000	1808.2776
25000000	61000000	1917.9526
26000000	61000000	2348.1309
27000000	61000000	2839.5376
28000000	61000000	3126.376
29000000	61000000	3355.8281
30000000	61000000	3529.2327
31000000	61000000	2067.7222
32000000	61000000	2155.2585
33000000	61000000	2716.6343
34000000	61000000	1581.3236
35000000	61000000	1696.663
36000000	61000000	1809.162
37000000	61000000	3206.5422
38000000	61000000	4101.6343
39000000	61000000	2676.0413
40000000	61000000	2329.8286
41000000	61000000	3532.322
42000000	61000000	4334.348
43000000	61000000	1972.1838
46000000	61000000	973.1491
47000000	61000000	2550.5315
48000000	61000000	6202.709
49000000	61000000	4863.813
50000000	61000000	4453.7305
51000000	61000000	4044.6587
52000000	61000000	6136.799
53000000	61000000	6517.335
54000000	61000000	7615.176
55000000	61000000	7747.791
56000000	61000000	11534.3545
57000000	61000000	13616.404
58000000	61000000	20938.643
59000000	61000000	48386.273
60000000	61000000	92636.05
61000000	61000000	517156.38
0	62000000	1241.9581
1000000	62000000	976.8798
2000000	62000000	1286.1144
3000000	62000000	977.4619
4000000	62000000	953.2364
5000000	62000000	1096.9567
6000000	62000000	1763.2035
7000000	62000000	1011.2035
8000000	62000000	1613.784
9000000	62000000	1634.7404
10000000	62000000	1571.1846
11000000	62000000	1503.2179
12000000	62000000	1814.7478
13000000	62000000	1620.7798
14000000	62000000	1569.5347
15000000	62000000	1316.752
16000000	62000000	1463.0251
17000000	62000000	2205.4902
18000000	62000000	1889.9347
19000000	62000000	1980.1862
20000000	62000000	1689.7255
21000000	62000000	1801.7625
22000000	62000000	1796.072
23000000	62000000	2208.3357
24000000	62000000	2287.2275
25000000	62000000	2214.1777
26000000	62000000	2265.706
27000000	62000000	2379.6477
28000000	62000000	2004.4073
29000000	62000000	1942.1974
30000000	62000000	3159.5793
31000000	62000000	2856.309
32000000	62000000	2813.887
33000000	62000000	3052.7732
34000000	62000000	2376.976
35000000	62000000	2449.3635
36000000	62000000	2439.57
37000000	62000000	2802.0208
38000000	62000000	2860.7312
39000000	62000000	3181.2883
40000000	62000000	2903.4207
41000000	62000000	2990.1704
42000000	62000000	3157.781
43000000	62000000	2282.583
46000000	62000000	1267.3086
47000000	62000000	3241.0642
48000000	62000000	5686.8984
49000000	62000000	5920.4053
50000000	62000000	5534.9585
51000000	62000000	5204.568
52000000	62000000	6679.5596
53000000	62000000	7471.581
54000000	62000000	7128.5435
55000000	62000000	8707.939
56000000	62000000	10230.044
57000000	62000000	13643.838
58000000	62000000	16935.541
59000000	62000000	25422.223
60000000	62000000	36682.992
61000000	62000000	130202.84
62000000	62000000	445162.6
0	63000000	1227.5776
1000000	63000000	1097.6074
2000000	63000000	1345.213
3000000	63000000	1436.4962
4000000	63000000	1528.2242
5000000	63000000	1629.3713
6000000	63000000	1613.8118
7000000	63000000	934.563
8000000	63000000	923.32477
9000000	63000000	1361.6614
10000000	63000000	1329.184
11000000	63000000	1031.1926
12000000	63000000	1896.8947
13000000	63000000	2357.3555
14000000	63000000	2273.9011
15000000	63000000	2039.7904
16000000	63000000	2292.7798
17000000	63000000	2430.0864
18000000	63000000	2475.5972
19000000	63000000	2114.9104
20000000	63000000	1962.278
21000000	63000000	1656.8788
22000000	63000000	1118.6536
23000000	63000000	1967.9684
24000000	63000000	2826.9485
25000000	63000000	2400.7153
26000000	63000000	2375.015
27000000	63000000	1838.0618
28000000	63000000	1130.4067
29000000	63000000	1013.2337
30000000	63000000	2374.317
31000000	63000000	3899.6042
32000000	63000000	3501.9148
33000000	63000000	3117.692
34000000	63000000	3500.4795
35000000	63000000	3195.5002
36000000	63000000	3119.5803
37000000	63000000	2286.2412
38000000	63000000	1813.7147
39000000	63000000	3323.3103
40000000	63000000	3673.5493
41000000	63000000	2247.6138
42000000	63000000	2042.8851
43000000	63000000	2775.06
46000000	63000000	1541.5817
47000000	63000000	4222.299
48000000	63000000	4434.276
49000000	63000000	6274.1406
50000000	63000000	6754.655
51000000	63000000	6661.137
52000000	63000000	5992.5615
53000000	63000000	8071.0903
54000000	63000000	6450.615
55000000	63000000	9301.013
56000000	63000000	8564.742
57000000	63000000	12915.264
58000000	63000000	14171.944
59000000	63000000	13857.56
60000000	63000000	25505.564
61000000	63000000	25657.758
62000000	63000000	116997.78
63000000	63000000	493936.62
0	64000000	1246.2672
1000000	64000000	1027.4822
2000000	64000000	1390.6501
3000000	64000000	1320.7827
4000000	64000000	1296.5339
5000000	64000000	1567.5487
6000000	64000000	1662.7522
7000000	64000000	1458.2357
8000000	64000000	1130.3228
9000000	64000000	1437.237
10000000	64000000	1423.5685
11000000	64000000	1205.8237
12000000	64000000	1797.51
13000000	64000000	2091.2622
14000000	64000000	1996.0044
15000000	64000000	1764.329
16000000	64000000	2082.3623
17000000	64000000	2416.481
18000000	64000000	2228.9236
19000000	64000000	1974.6597
20000000	64000000	1833.3179
21000000	64000000	1678.4061
22000000	64000000	1260.266
23000000	64000000	2019.6124
24000000	64000000	2749.6853
25000000	64000000	2336.9114
26000000	64000000	2350.8323
27000000	64000000	2026.9285
28000000	64000000	1377.6853
29000000	64000000	1249.3542
30000000	64000000	2614.5469
31000000	64000000	3580.5461
32000000	64000000	3185.4663
33000000	64000000	3126.0796
34000000	64000000	3000.1372
35000000	64000000	2870.7295
36000000	64000000	2841.2473
37000000	64000000	2310.0618
38000000	64000000	2170.4973
39000000	64000000	3206.7969
40000000	64000000	3213.2446
41000000	64000000	2424.4907
42000000	64000000	2315.44
43000000	64000000	2542.7236
46000000	64000000	1370.6698
47000000	64000000	3914.39
48000000	64000000	4904.1665
49000000	64000000	6123.4487
50000000	64000000	6437.932
51000000	64000000	6049.3594
52000000	64000000	6127.3154
53000000	64000000	8054.3975
54000000	64000000	6655.2
55000000	64000000	8785.416
56000000	64000000	8536.1
57000000	64000000	11546.904
58000000	64000000	11913.947
59000000	64000000	12216.768
60000000	64000000	17367.465
61000000	64000000	18350.906
62000000	64000000	41386.31
63000000	64000000	87729.93
64000000	64000000	458588.2
0	65000000	1248.3325
1000000	65000000	1026.0546
2000000	65000000	1550.8931
3000000	65000000	1023.20355
4000000	65000000	1081.0603
5000000	65000000	1105.2919
6000000	65000000	1675.7723
7000000	65000000	855.8159
8000000	65000000	1665.9135
9000000	65000000	1535.5671
10000000	65000000	1369.9636
11000000	65000000	1563.5082
12000000	65000000	1730.0161
13000000	65000000	1688.1584
14000000	65000000	1510.0809
15000000	65000000	1495.2493
16000000	65000000	1583.1172
17000000	65000000	2016.6343
18000000	65000000	1700.5713
19000000	65000000	1772.3123
20000000	65000000	1444.1467
21000000	65000000	1531.5791
22000000	65000000	1691.5854
23000000	65000000	2009.3715
24000000	65000000	2049.9229
25000000	65000000	1950.2108
26000000	65000000	2074.009
27000000	65000000	2025.9696
28000000	65000000	1886.7634
29000000	65000000	2241.978
30000000	65000000	2680.7458
31000000	65000000	2499.535
32000000	65000000	2642.0425
33000000	65000000	2663.8
34000000	65000000	2154.368
35000000	65000000	2192.407
36000000	65000000	2218.391
37000000	65000000	2515.8044
38000000	65000000	2739.1458
39000000	65000000	3325.7356
40000000	65000000	2480.009
41000000	65000000	2590.5776
42000000	65000000	2869.913
43000000	65000000	2359.4302
46000000	65000000	1266.2242
47000000	65000000	3357.6536
48000000	65000000	4972.5635
49000000	65000000	5231.9385
50000000	65000000	5783.635
51000000	65000000	4900.3057
52000000	65000000	6165.61
53000000	65000000	5937.0874
54000000	65000000	5867.883
55000000	65000000	6562.183
56000000	65000000	7364.719
57000000	65000000	8294.425
58000000	65000000	9039.88
59000000	65000000	10845.338
60000000	65000000	10503.499
61000000	65000000	12808.347
62000000	65000000	18981.516
63000000	65000000	25321.502
64000000	65000000	101341.71
65000000	65000000	478618.7
0	66000000	1213.7141
1000000	66000000	938.7148
2000000	66000000	1169.6945
3000000	66000000	832.112
4000000	66000000	841.36523
5000000	66000000	837.64136
6000000	66000000	1624.2775
7000000	66000000	880.14355
8000000	66000000	2226.9663
9000000	66000000	1676.9481
10000000	66000000	1599.338
11000000	66000000	1876.8081
12000000	66000000	1626.0629
13000000	66000000	1262.3131
14000000	66000000	1175.7832
15000000	66000000	1111.9481
16000000	66000000	1243.9829
17000000	66000000	1905.6167
18000000	66000000	1486.4685
19000000	66000000	1719.0214
20000000	66000000	1485.8987
21000000	66000000	1731.158
22000000	66000000	2336.321
23000000	66000000	2181.2756
24000000	66000000	1869.6272
25000000	66000000	1841.3281
26000000	66000000	2168.0247
27000000	66000000	2456.3713
28000000	66000000	2668.6077
29000000	66000000	2827.135
30000000	66000000	3229.9382
31000000	66000000	2085.066
32000000	66000000	2146.7603
33000000	66000000	2440.4219
34000000	66000000	1668.4094
35000000	66000000	1754.3191
36000000	66000000	1853.1963
37000000	66000000	2699.4795
38000000	66000000	3279.6191
39000000	66000000	2656.648
40000000	66000000	2249.817
41000000	66000000	2875.9915
42000000	66000000	3632.68
43000000	66000000	1985.3876
46000000	66000000	928.1808
47000000	66000000	2475.724
48000000	66000000	5336.6035
49000000	66000000	4664.0815
50000000	66000000	4320.711
51000000	66000000	3773.1736
52000000	66000000	5398.8306
53000000	66000000	5357.899
54000000	66000000	5918.5947
55000000	66000000	5866.117
56000000	66000000	7200.049
57000000	66000000	7243.2295
58000000	66000000	7466.5464
59000000	66000000	9297.908
60000000	66000000	7924.499
61000000	66000000	11778.957
62000000	66000000	13877.379
63000000	66000000	15502.396
64000000	66000000	36451.156
65000000	66000000	135433.06
66000000	66000000	464785.38
0	67000000	1214.0847
1000000	67000000	902.95996
2000000	67000000	919.9375
3000000	67000000	621.7337
4000000	67000000	615.2435
5000000	67000000	727.3733
6000000	67000000	1676.1616
7000000	67000000	1019.02106
8000000	67000000	2306.0186
9000000	67000000	1968.864
10000000	67000000	2066.3564
11000000	67000000	2236.134
12000000	67000000	1534.1367
13000000	67000000	1061.3662
14000000	67000000	983.0077
15000000	67000000	847.72046
16000000	67000000	1038.8145
17000000	67000000	1905.9255
18000000	67000000	1383.5995
19000000	67000000	1798.7422
20000000	67000000	1597.2198
21000000	67000000	2060.6003
22000000	67000000	2897.6477
23000000	67000000	2422.7922
24000000	67000000	1741.9589
25000000	67000000	1993.9694
26000000	67000000	2394.8325
27000000	67000000	3227.7769
28000000	67000000	3374.0251
29000000	67000000	2993.2007
30000000	67000000	3897.9526
31000000	67000000	1843.2732
32000000	67000000	1839.337
33000000	67000000	2246.7625
34000000	67000000	1406.1676
35000000	67000000	1461.8989
36000000	67000000	1539.4567
37000000	67000000	2853.1274
38000000	67000000	3556.9543
39000000	67000000	2291.213
40000000	67000000	2109.8923
41000000	67000000	3513.1924
42000000	67000000	3838.008
43000000	67000000	1638.7299
46000000	67000000	707.961
47000000	67000000	1996.1267
48000000	67000000	5433.4023
49000000	67000000	4199.8506
50000000	67000000	3314.046
51000000	67000000	2891.757
52000000	67000000	4359.252
53000000	67000000	4986.915
54000000	67000000	5386.4565
55000000	67000000	5341.942
56000000	67000000	6889.052
57000000	67000000	6494.714
58000000	67000000	6364.8145
59000000	67000000	7390.2925
60000000	67000000	5994.17
61000000	67000000	9590.357
62000000	67000000	10402.354
63000000	67000000	10084.465
64000000	67000000	17051.574
65000000	67000000	27086.105
66000000	67000000	118061.32
67000000	67000000	492027.72
0	68000000	1290.8843
1000000	68000000	1029.9272
2000000	68000000	1157.054
3000000	68000000	897.72003
4000000	68000000	890.7761
5000000	68000000	914.45294
6000000	68000000	1783.8601
7000000	68000000	1069.5524
8000000	68000000	1798.0364
9000000	68000000	1822.4082
10000000	68000000	1656.2769
11000000	68000000	1662.4375
12000000	68000000	1745.6896
13000000	68000000	1367.2302
14000000	68000000	1253.6925
15000000	68000000	1193.3071
16000000	68000000	1329.103
17000000	68000000	2193.0022
18000000	68000000	1784.2816
19000000	68000000	1978.2122
20000000	68000000	1764.9607
21000000	68000000	1924.844
22000000	68000000	2109.8628
23000000	68000000	2402.382
24000000	68000000	2126.3726
25000000	68000000	2146.0771
26000000	68000000	2407.583
27000000	68000000	2656.2078
28000000	68000000	2320.2417
29000000	68000000	2062.8162
30000000	68000000	3248.6865
31000000	68000000	2422.34
32000000	68000000	2285.433
33000000	68000000	2578.6619
34000000	68000000	1808.2333
35000000	68000000	1819.0913
36000000	68000000	1875.3856
37000000	68000000	2688.947
38000000	68000000	2899.664
39000000	68000000	2653.9739
40000000	68000000	2547.0227
41000000	68000000	2924.2375
42000000	68000000	3283.1594
43000000	68000000	1984.8602
46000000	68000000	852.3421
47000000	68000000	2670.3367
48000000	68000000	5671.0474
49000000	68000000	5064.998
50000000	68000000	4120.1753
51000000	68000000	3747.3472
52000000	68000000	4951.214
53000000	68000000	5736.278
54000000	68000000	5579.559
55000000	68000000	5912.951
56000000	68000000	6549.4565
57000000	68000000	6840.8047
58000000	68000000	6711.45
59000000	68000000	7406.9146
60000000	68000000	6567.9434
61000000	68000000	8036.8857
62000000	68000000	10128.238
63000000	68000000	10531.409
64000000	68000000	15370.11
65000000	68000000	19507.5
66000000	68000000	33260.496
67000000	68000000	128480.96
68000000	68000000	461053.88
0	69000000	1150.9304
1000000	69000000	1028.2134
2000000	69000000	1360.4806
3000000	69000000	1434.796
4000000	69000000	1517.9432
5000000	69000000	1682.0055
6000000	69000000	1356.7848
7000000	69000000	695.51685
8000000	69000000	774.6312
9000000	69000000	1275.3743
10000000	69000000	1234.1693
11000000	69000000	817.74445
12000000	69000000	1704.4069
13000000	69000000	2304.2083
14000000	69000000	2326.5862
15000000	69000000	2069.3813
16000000	69000000	2355.0376
17000000	69000000	2045.9158
18000000	69000000	2378.356
19000000	69000000	2057.7437
20000000	69000000	2077.0925
21000000	69000000	1592.1725
22000000	69000000	816.3683
23000000	69000000	1823.7136
24000000	69000000	2827.8813
25000000	69000000	2328.7346
26000000	69000000	2088.5986
27000000	69000000	1545.2728
28000000	69000000	898.879
29000000	69000000	812.8676
30000000	69000000	1956.0239
31000000	69000000	3596.4595
32000000	69000000	3142.2048
33000000	69000000	2713.7627
34000000	69000000	3325.259
35000000	69000000	3024.8228
36000000	69000000	2889.0146
37000000	69000000	1793.9329
38000000	69000000	1322.725
39000000	69000000	2854.7397
40000000	69000000	3531.957
41000000	69000000	1880.1936
42000000	69000000	1500.4612
43000000	69000000	2634.8374
46000000	69000000	1588.9795
47000000	69000000	4100.8457
48000000	69000000	3638.5564
49000000	69000000	6001.0923
50000000	69000000	6279.238
51000000	69000000	6064.444
52000000	69000000	4730.1113
53000000	69000000	6885.7705
54000000	69000000	5208.4854
55000000	69000000	7447.959
56000000	69000000	5684.583
57000000	69000000	8140.5146
58000000	69000000	7392.899
59000000	69000000	5425.44
60000000	69000000	8804.21
61000000	69000000	5289.4673
62000000	69000000	8971.944
63000000	69000000	14412.841
64000000	69000000	17601.664
65000000	69000000	15518.286
66000000	69000000	15701.412
67000000	69000000	25094.97
68000000	69000000	93348.14
69000000	69000000	442729.62
0	70000000	1034.8214
1000000	70000000	825.63025
2000000	70000000	1116.0277
3000000	70000000	936.7138
4000000	70000000	947.4972
5000000	70000000	1030.8639
6000000	70000000	1550.1145
7000000	70000000	781.5709
8000000	70000000	1548.4521
9000000	70000000	1391.2347
10000000	70000000	1422.8362
11000000	70000000	1305.5848
12000000	70000000	1727.2819
13000000	70000000	1516.7561
14000000	70000000	1377.9152
15000000	70000000	1251.4557
16000000	70000000	1399.5398
17000000	70000000	1893.6437
18000000	70000000	1787.9697
19000000	70000000	1947.1898
20000000	70000000	1704.0356
21000000	70000000	1680.2747
22000000	70000000	1527.537
23000000	70000000	2049.0212
24000000	70000000	2249.0815
25000000	70000000	1973.5004
26000000	70000000	1935.9094
27000000	70000000	1842.8853
28000000	70000000	1698.284
29000000	70000000	1616.8682
30000000	70000000	2518.6204
31000000	70000000	2447.4954
32000000	70000000	2370.7092
33000000	70000000	2397.8416
34000000	70000000	1977.1028
35000000	70000000	2006.132
36000000	70000000	2184.517
37000000	70000000	2307.9272
38000000	70000000	2230.0505
39000000	70000000	2566.781
40000000	70000000	2688.9595
41000000	70000000	2441.8823
42000000	70000000	2451.9507
43000000	70000000	1885.4215
46000000	70000000	849.8755
47000000	70000000	2698.8755
48000000	70000000	4242.621
49000000	70000000	5052.9927
50000000	70000000	4498.9707
51000000	70000000	4125.842
52000000	70000000	4834.502
53000000	70000000	5561.198
54000000	70000000	4834.004
55000000	70000000	5566.936
56000000	70000000	5488.4297
57000000	70000000	6343.1753
58000000	70000000	6134.7583
59000000	70000000	6062.26
60000000	70000000	6198.043
61000000	70000000	6192.2275
62000000	70000000	7804.7085
63000000	70000000	8956.741
64000000	70000000	11262.956
65000000	70000000	10999.187
66000000	70000000	12174.759
67000000	70000000	16358.399
68000000	70000000	30116.68
69000000	70000000	99338.18
70000000	70000000	442022.06
0	71000000	935.4491
1000000	71000000	735.4098
2000000	71000000	861.25354
3000000	71000000	623.83514
4000000	71000000	657.8287
5000000	71000000	660.0989
6000000	71000000	1417.6333
7000000	71000000	782.2216
8000000	71000000	2053.3398
9000000	71000000	1481.192
10000000	71000000	1382.5891
11000000	71000000	1653.5227
12000000	71000000	1452.795
13000000	71000000	1011.84143
14000000	71000000	947.28613
15000000	71000000	850.51715
16000000	71000000	970.74677
17000000	71000000	1677.5402
18000000	71000000	1234.885
19000000	71000000	1518.5094
20000000	71000000	1321.8822
21000000	71000000	1615.39
22000000	71000000	2136.7375
23000000	71000000	2041.3331
24000000	71000000	1609.8385
25000000	71000000	1575.9012
26000000	71000000	1872.3818
27000000	71000000	2167.9421
28000000	71000000	2488.735
29000000	71000000	2450.2012
30000000	71000000	2766.6062
31000000	71000000	1721.4612
32000000	71000000	1687.8932
33000000	71000000	2063.8704
34000000	71000000	1287.7609
35000000	71000000	1362.1283
36000000	71000000	1459.7916
37000000	71000000	2376.3809
38000000	71000000	3045.364
39000000	71000000	2243.7073
40000000	71000000	1756.0387
41000000	71000000	2602.4358
42000000	71000000	3130.1672
43000000	71000000	1436.8652
46000000	71000000	574.19507
47000000	71000000	1812.4543
48000000	71000000	4498.0933
49000000	71000000	3431.5027
50000000	71000000	3273.9712
51000000	71000000	2855.7212
52000000	71000000	4069.714
53000000	71000000	4013.8005
54000000	71000000	4257.5864
55000000	71000000	3938.5347
56000000	71000000	5149.319
57000000	71000000	4738.714
58000000	71000000	4573.7324
59000000	71000000	5931.144
60000000	71000000	4438.258
61000000	71000000	6470.569
62000000	71000000	6409.306
63000000	71000000	5724.2827
64000000	71000000	7332.3716
65000000	71000000	8515.049
66000000	71000000	10505.053
67000000	71000000	13648.006
68000000	71000000	18369.06
69000000	71000000	24937.602
70000000	71000000	126168.52
71000000	71000000	489368.56
0	72000000	904.1116
1000000	72000000	753.01544
2000000	72000000	1053.369
3000000	72000000	903.30475
4000000	72000000	877.0658
5000000	72000000	995.64087
6000000	72000000	1417.8717
7000000	72000000	742.911
8000000	72000000	1459.2902
9000000	72000000	1376.9791
10000000	72000000	1298.7211
11000000	72000000	1338.6475
12000000	72000000	1506.9121
13000000	72000000	1443.1421
14000000	72000000	1304.4312
15000000	72000000	1134.9374
16000000	72000000	1329.7216
17000000	72000000	1807.4852
18000000	72000000	1593.5798
19000000	72000000	1716.858
20000000	72000000	1588.8683
21000000	72000000	1480.4113
22000000	72000000	1399.717
23000000	72000000	1873.2148
24000000	72000000	2079.9426
25000000	72000000	1773.0383
26000000	72000000	1897.6082
27000000	72000000	1870.7301
28000000	72000000	1551.5807
29000000	72000000	1554.0192
30000000	72000000	2318.0645
31000000	72000000	2202.5813
32000000	72000000	2101.7405
33000000	72000000	2166.9119
34000000	72000000	1785.2416
35000000	72000000	1768.3262
36000000	72000000	1899.2455
37000000	72000000	2053.428
38000000	72000000	2179.6736
39000000	72000000	2537.0618
40000000	72000000	2439.4119
41000000	72000000	2245.772
42000000	72000000	2311.9805
43000000	72000000	1830.8018
46000000	72000000	848.47174
47000000	72000000	2431.588
48000000	72000000	3847.4604
49000000	72000000	4337.488
50000000	72000000	4035.56
51000000	72000000	3396.7556
52000000	72000000	4230.989
53000000	72000000	4817.722
54000000	72000000	4310.827
55000000	72000000	4960.717
56000000	72000000	5159.7734
57000000	72000000	5454.781
58000000	72000000	5284.243
59000000	72000000	5360.457
60000000	72000000	5154.4297
61000000	72000000	5235.738
62000000	72000000	6203.879
63000000	72000000	6720.029
64000000	72000000	8311.908
65000000	72000000	8388.696
66000000	72000000	8779.996
67000000	72000000	9602.127
68000000	72000000	14044.381
69000000	72000000	25051.514
70000000	72000000	45578.992
71000000	72000000	122653.75
72000000	72000000	456653.97
0	73000000	1024.2131
1000000	73000000	860.78107
2000000	73000000	1064.2529
3000000	73000000	923.94965
4000000	73000000	992.2747
5000000	73000000	1175.0385
6000000	73000000	1483.9039
7000000	73000000	1316.563
8000000	73000000	1120.4329
9000000	73000000	1451.8848
10000000	73000000	1370.0463
11000000	73000000	1146.6155
12000000	73000000	1593.737
13000000	73000000	1652.7543
14000000	73000000	1436.5052
15000000	73000000	1304.1189
16000000	73000000	1443.4973
17000000	73000000	1814.3503
18000000	73000000	1944.0637
19000000	73000000	1961.4602
20000000	73000000	1885.4176
21000000	73000000	1635.4125
22000000	73000000	1235.6406
23000000	73000000	1894.6509
24000000	73000000	2253.884
25000000	73000000	2094.9878
26000000	73000000	2025.6912
27000000	73000000	1801.9156
28000000	73000000	1216.062
29000000	73000000	1193.7598
30000000	73000000	2259.4558
31000000	73000000	2507.6511
32000000	73000000	2286.6626
33000000	73000000	2352.6318
34000000	73000000	2121.1482
35000000	73000000	2058.415
36000000	73000000	2089.7424
37000000	73000000	1971.2649
38000000	73000000	1788.9375
39000000	73000000	2586.7004
40000000	73000000	2881.3367
41000000	73000000	2191.335
42000000	73000000	1882.3242
43000000	73000000	1949.3695
46000000	73000000	993.0591
47000000	73000000	2740.2776
48000000	73000000	3746.6758
49000000	73000000	5025.5493
50000000	73000000	4184.841
51000000	73000000	3713.2688
52000000	73000000	3912.3132
53000000	73000000	5221.9585
54000000	73000000	4296.828
55000000	73000000	5503.1533
56000000	73000000	4903.1
57000000	73000000	6068.516
58000000	73000000	5415.1743
59000000	73000000	4670.5986
60000000	73000000	5486.085
61000000	73000000	4588.5737
62000000	73000000	6052.185
63000000	73000000	7159.9775
64000000	73000000	8313.931
65000000	73000000	7110.647
66000000	73000000	7231.38
67000000	73000000	8215.915
68000000	73000000	12525.213
69000000	73000000	21232.25
70000000	73000000	26168.447
71000000	73000000	39772.63
72000000	73000000	112121.79
73000000	73000000	434567.7
0	74000000	1194.1942
1000000	74000000	909.47284
2000000	74000000	988.276
3000000	74000000	698.4685
4000000	74000000	613.401
5000000	74000000	714.3445
6000000	74000000	1793.9946
7000000	74000000	791.91223
8000000	74000000	2023.3922
9000000	74000000	1677.7864
10000000	74000000	1633.9303
11000000	74000000	1846.013
12000000	74000000	1697.458
13000000	74000000	1127.7274
14000000	74000000	996.97925
15000000	74000000	852.5566
16000000	74000000	1099.5438
17000000	74000000	2040.9744
18000000	74000000	1494.2402
19000000	74000000	1724.0408
20000000	74000000	1520.3628
21000000	74000000	1832.206
22000000	74000000	2283.309
23000000	74000000	2107.359
24000000	74000000	1684.5946
25000000	74000000	1717.562
26000000	74000000	2053.7634
27000000	74000000	2514.4707
28000000	74000000	2534.9126
29000000	74000000	2355.9912
30000000	74000000	3334.1948
31000000	74000000	1840.9209
32000000	74000000	1912.8381
33000000	74000000	2297.3372
34000000	74000000	1229.7491
35000000	74000000	1423.0475
36000000	74000000	1490.3604
37000000	74000000	2667.6958
38000000	74000000	3228.907
39000000	74000000	2354.7742
40000000	74000000	1998.2476
41000000	74000000	3200.5232
42000000	74000000	3692.505
43000000	74000000	1719.6632
46000000	74000000	568.06305
47000000	74000000	2150.0596
48000000	74000000	5895.283
49000000	74000000	4163.32
50000000	74000000	3313.97
51000000	74000000	2621.9219
52000000	74000000	4434.404
53000000	74000000	4512.184
54000000	74000000	4773.9595
55000000	74000000	4222.9233
56000000	74000000	5419.586
57000000	74000000	4973.487
58000000	74000000	4622.9653
59000000	74000000	5717.2373
60000000	74000000	4241.0728
61000000	74000000	6314.181
62000000	74000000	6166.9136
63000000	74000000	5114.5396
64000000	74000000	6513.8594
65000000	74000000	7080.808
66000000	74000000	8418.914
67000000	74000000	10639.706
68000000	74000000	12096.865
69000000	74000000	9772.666
70000000	74000000	16173.66
71000000	74000000	21977.6
72000000	74000000	31476.969
73000000	74000000	110211.11
74000000	74000000	477752.75
0	75000000	1130.5442
1000000	75000000	945.256
2000000	75000000	1216.5732
3000000	75000000	1234.6083
4000000	75000000	1275.1661
5000000	75000000	1449.4479
6000000	75000000	1345.5747
7000000	75000000	1139.9861
8000000	75000000	872.95074
9000000	75000000	1155.9819
10000000	75000000	1144.1548
11000000	75000000	917.5136
12000000	75000000	1640.8265
13000000	75000000	2025.5574
14000000	75000000	1841.345
15000000	75000000	1644.0826
16000000	75000000	1929.8331
17000000	75000000	1966.4
18000000	75000000	1965.367
19000000	75000000	1766.1678
20000000	75000000	1639.2003
21000000	75000000	1354.6548
22000000	75000000	935.4822
23000000	75000000	1585.7439
24000000	75000000	1994.9366
25000000	75000000	1826.897
26000000	75000000	1713.6375
27000000	75000000	1398.4972
28000000	75000000	856.97375
29000000	75000000	837.1966
30000000	75000000	1855.1763
31000000	75000000	2877.4695
32000000	75000000	2482.2961
33000000	75000000	2357.7158
34000000	75000000	2384.321
35000000	75000000	2250.5046
36000000	75000000	2338.3882
37000000	75000000	1796.0132
38000000	75000000	1478.3228
39000000	75000000	2657.5203
40000000	75000000	2908.9717
41000000	75000000	1841.5845
42000000	75000000	1661.4924
43000000	75000000	2309.323
46000000	75000000	1216.1024
47000000	75000000	3486.2869
48000000	75000000	3700.7175
49000000	75000000	5101.4907
50000000	75000000	4887.7305
51000000	75000000	4626.67
52000000	75000000	4234.163
53000000	75000000	5462.8706
54000000	75000000	4219.4326
55000000	75000000	5589.4287
56000000	75000000	4645.758
57000000	75000000	6196.0176
58000000	75000000	5388.5527
59000000	75000000	4398.2334
60000000	75000000	6096.388
61000000	75000000	4239.9717
62000000	75000000	5807.454
63000000	75000000	7800.7793
64000000	75000000	8371.291
65000000	75000000	6741.361
66000000	75000000	6184.374
67000000	75000000	6369.18
68000000	75000000	9117.708
69000000	75000000	16096.254
70000000	75000000	14332.944
71000000	75000000	12921.586
72000000	75000000	20454.39
73000000	75000000	44781.23
74000000	75000000	103936.42
75000000	75000000	470925.06
0	76000000	906.24274
1000000	76000000	725.1365
2000000	76000000	1205.466
3000000	76000000	1008.82776
4000000	76000000	1029.6578
5000000	76000000	1077.6971
6000000	76000000	1139.7574
7000000	76000000	579.96106
8000000	76000000	1011.383
9000000	76000000	945.75586
10000000	76000000	860.6891
11000000	76000000	889.3195
12000000	76000000	1186.2654
13000000	76000000	1475.732
14000000	76000000	1497.6603
15000000	76000000	1239.9557
16000000	76000000	1476.8104
17000000	76000000	1695.1187
18000000	76000000	1405.4508
19000000	76000000	1238.452
20000000	76000000	938.06445
21000000	76000000	922.7776
22000000	76000000	941.3488
23000000	76000000	1293.9165
24000000	76000000	1434.2262
25000000	76000000	1306.7244
26000000	76000000	1373.8826
27000000	76000000	1189.3481
28000000	76000000	1001.1718
29000000	76000000	1147.12
30000000	76000000	1837.6301
31000000	76000000	2043.699
32000000	76000000	2130.7842
33000000	76000000	1843.2511
34000000	76000000	1816.2241
35000000	76000000	1719.486
36000000	76000000	1713.083
37000000	76000000	1594.9
38000000	76000000	1745.4321
39000000	76000000	2644.4917
40000000	76000000	1821.835
41000000	76000000	1607.3151
42000000	76000000	1883.4052
43000000	76000000	1893.2357
46000000	76000000	890.3869
47000000	76000000	2595.9458
48000000	76000000	3584.0518
49000000	76000000	3734.5674
50000000	76000000	4922.7334
51000000	76000000	4413.412
52000000	76000000	4565.281
53000000	76000000	4285.0117
54000000	76000000	3682.8096
55000000	76000000	4008.6218
56000000	76000000	4215.678
57000000	76000000	4687.1797
58000000	76000000	4612.368
59000000	76000000	4916.5537
60000000	76000000	5391.288
61000000	76000000	4333.094
62000000	76000000	5411.528
63000000	76000000	6178.7666
64000000	76000000	7149.0938
65000000	76000000	8132.55
66000000	76000000	6477.282
67000000	76000000	5483.252
68000000	76000000	7306.8613
69000000	76000000	10517.957
70000000	76000000	10145.504
71000000	76000000	9502.58
72000000	76000000	13175.277
73000000	76000000	16011.674
74000000	76000000	21847.656
75000000	76000000	62561.418
76000000	76000000	500128.2
0	77000000	884.3433
1000000	77000000	668.89954
2000000	77000000	960.2422
3000000	77000000	906.7293
4000000	77000000	888.66956
5000000	77000000	1009.92163
6000000	77000000	1104.801
7000000	77000000	682.4755
8000000	77000000	923.7123
9000000	77000000	957.1865
10000000	77000000	863.9362
11000000	77000000	854.67566
12000000	77000000	1156.3884
13000000	77000000	1384.6561
14000000	77000000	1434.7274
15000000	77000000	1130.2708
16000000	77000000	1431.8215
17000000	77000000	1646.2855
18000000	77000000	1368.7606
19000000	77000000	1176.2509
20000000	77000000	929.0059
21000000	77000000	859.4685
22000000	77000000	785.69073
23000000	77000000	1276.8077
24000000	77000000	1509.5419
25000000	77000000	1343.2651
26000000	77000000	1310.9755
27000000	77000000	1132.8158
28000000	77000000	916.5944
29000000	77000000	913.5762
30000000	77000000	1641.2544
31000000	77000000	2004.121
32000000	77000000	1766.9604
33000000	77000000	1722.2333
34000000	77000000	1742.9464
35000000	77000000	1684.8824
36000000	77000000	1703.6564
37000000	77000000	1473.0098
38000000	77000000	1599.9199
39000000	77000000	2268.9556
40000000	77000000	1883.6488
41000000	77000000	1583.4515
42000000	77000000	1692.2439
43000000	77000000	1747.2424
46000000	77000000	792.9571
47000000	77000000	2303.0835
48000000	77000000	3137.4365
49000000	77000000	3534.6548
50000000	77000000	3952.7354
51000000	77000000	3828.2742
52000000	77000000	3590.5747
53000000	77000000	4107.9863
54000000	77000000	3526.4355
55000000	77000000	3919.7146
56000000	77000000	3901.5366
57000000	77000000	4443.5864
58000000	77000000	4152.6333
59000000	77000000	4177.0186
60000000	77000000	5157.301
61000000	77000000	4006.314
62000000	77000000	4808.2246
63000000	77000000	5746.981
64000000	77000000	6553.5093
65000000	77000000	5808.855
66000000	77000000	5573.7827
67000000	77000000	5054.666
68000000	77000000	6040.281
69000000	77000000	9035.562
70000000	77000000	8300.8
71000000	77000000	7481.9824
72000000	77000000	9189.151
73000000	77000000	11606.41
74000000	77000000	13423.068
75000000	77000000	25238.396
76000000	77000000	114795.55
77000000	77000000	474897.97
0	78000000	700.1776
1000000	78000000	631.6016
2000000	78000000	889.36163
3000000	78000000	969.7956
4000000	78000000	983.1431
5000000	78000000	1088.7118
6000000	78000000	966.08984
7000000	78000000	906.637
8000000	78000000	622.77905
9000000	78000000	809.1431
10000000	78000000	767.09247
11000000	78000000	635.31396
12000000	78000000	1051.6531
13000000	78000000	1639.9878
14000000	78000000	1678.9313
15000000	78000000	1297.4059
16000000	78000000	1593.9971
17000000	78000000	1541.7097
18000000	78000000	1428.9414
19000000	78000000	1118.1984
20000000	78000000	997.8289
21000000	78000000	786.577
22000000	78000000	591.4737
23000000	78000000	1122.8666
24000000	78000000	1592.6912
25000000	78000000	1309.4407
26000000	78000000	1310.464
27000000	78000000	946.2674
28000000	78000000	691.6363
29000000	78000000	636.0138
30000000	78000000	1426.984
31000000	78000000	2315.8164
32000000	78000000	2087.9114
33000000	78000000	1757.5602
34000000	78000000	2099.817
35000000	78000000	1810.9574
36000000	78000000	1871.5404
37000000	78000000	1272.6803
38000000	78000000	1143.618
39000000	78000000	2308.6682
40000000	78000000	2058.39
41000000	78000000	1230.8185
42000000	78000000	1217.0154
43000000	78000000	1730.9111
46000000	78000000	946.8824
47000000	78000000	2780.4636
48000000	78000000	2660.1355
49000000	78000000	3463.9827
50000000	78000000	4257.9194
51000000	78000000	4255.005
52000000	78000000	3391.6692
53000000	78000000	4278.674
54000000	78000000	3374.868
55000000	78000000	4258.4053
56000000	78000000	3523.375
57000000	78000000	4650.295
58000000	78000000	4291.003
59000000	78000000	3472.5488
60000000	78000000	5461.095
61000000	78000000	3345.4749
62000000	78000000	4630.0195
63000000	78000000	6465.873
64000000	78000000	6792.5806
65000000	78000000	5616.8267
66000000	78000000	4727.7964
67000000	78000000	4319.8857
68000000	78000000	5778.6562
69000000	78000000	10450.74
70000000	78000000	7971.4214
71000000	78000000	6279.843
72000000	78000000	8453.355
73000000	78000000	11150.066
74000000	78000000	9910.473
75000000	78000000	22477.55
76000000	78000000	56598.598
77000000	78000000	156707.22
78000000	78000000	466875.62
0	79000000	856.3224
1000000	79000000	702.00287
2000000	79000000	973.4596
3000000	79000000	803.2592
4000000	79000000	800.87915
5000000	79000000	948.5739
6000000	79000000	1169.9592
7000000	79000000	605.52106
8000000	79000000	1061.225
9000000	79000000	1037.6475
10000000	79000000	938.56976
11000000	79000000	900.38245
12000000	79000000	1299.1073
13000000	79000000	1348.8008
14000000	79000000	1289.4047
15000000	79000000	1129.9161
16000000	79000000	1326.9854
17000000	79000000	1718.9144
18000000	79000000	1461.2529
19000000	79000000	1276.7177
20000000	79000000	1018.4293
21000000	79000000	979.1992
22000000	79000000	981.03613
23000000	79000000	1315.4791
24000000	79000000	1586.1747
25000000	79000000	1351.1044
26000000	79000000	1506.5931
27000000	79000000	1259.3535
28000000	79000000	1111.9579
29000000	79000000	1160.926
30000000	79000000	1981.0645
31000000	79000000	2170.1182
32000000	79000000	2137.6277
33000000	79000000	1880.2119
34000000	79000000	1661.9951
35000000	79000000	1657.6895
36000000	79000000	1592.3192
37000000	79000000	1712.314
38000000	79000000	1866.0048
39000000	79000000	2709.6433
40000000	79000000	1934.2765
41000000	79000000	1692.1062
42000000	79000000	2004.1115
43000000	79000000	1893.1686
46000000	79000000	940.35126
47000000	79000000	2441.0522
48000000	79000000	3894.0032
49000000	79000000	3862.0676
50000000	79000000	4423.41
51000000	79000000	4078.1636
52000000	79000000	4783.554
53000000	79000000	4553.039
54000000	79000000	4002.8071
55000000	79000000	4115.446
56000000	79000000	4216.3335
57000000	79000000	4710.3657
58000000	79000000	4565.5703
59000000	79000000	5007.08
60000000	79000000	5030.2524
61000000	79000000	4503.3447
62000000	79000000	5468.274
63000000	79000000	6084.964
64000000	79000000	6670.337
65000000	79000000	6651.0205
66000000	79000000	5933.1562
67000000	79000000	5328.9453
68000000	79000000	6749.551
69000000	79000000	8466.011
70000000	79000000	8104.248
71000000	79000000	7211.78
72000000	79000000	8631.91
73000000	79000000	9736.895
74000000	79000000	11474.945
75000000	79000000	16947.512
76000000	79000000	31251.068
77000000	79000000	37474.223
78000000	79000000	86612.234
79000000	79000000	457158.0
0	80000000	800.24896
1000000	80000000	626.0978
2000000	80000000	823.6119
3000000	80000000	722.16046
4000000	80000000	703.4499
5000000	80000000	785.4862
6000000	80000000	1258.1423
7000000	80000000	675.1293
8000000	80000000	1314.8627
9000000	80000000	1144.9075
10000000	80000000	1072.6849
11000000	80000000	1168.7203
12000000	80000000	1280.5309
13000000	80000000	1224.7097
14000000	80000000	1097.3419
15000000	80000000	967.29614
16000000	80000000	1083.9415
17000000	80000000	1410.4534
18000000	80000000	1291.1113
19000000	80000000	1313.3138
20000000	80000000	1102.6355
21000000	80000000	1175.521
22000000	80000000	1355.3989
23000000	80000000	1465.9686
24000000	80000000	1578.6239
25000000	80000000	1348.7396
26000000	80000000	1462.4895
27000000	80000000	1541.338
28000000	80000000	1473.1539
29000000	80000000	1530.2437
30000000	80000000	2069.0347
31000000	80000000	1822.9949
32000000	80000000	1704.3678
33000000	80000000	1742.5471
34000000	80000000	1433.5966
35000000	80000000	1400.9956
36000000	80000000	1445.618
37000000	80000000	1777.7859
38000000	80000000	2022.0541
39000000	80000000	2103.5212
40000000	80000000	1875.1572
41000000	80000000	2033.1984
42000000	80000000	2106.4944
43000000	80000000	1496.9658
46000000	80000000	800.7899
47000000	80000000	1923.2537
48000000	80000000	3366.7827
49000000	80000000	3703.0452
50000000	80000000	3391.3406
51000000	80000000	3004.1384
52000000	80000000	3539.0955
53000000	80000000	4084.5623
54000000	80000000	3633.637
55000000	80000000	3865.7297
56000000	80000000	4113.1724
57000000	80000000	4339.936
58000000	80000000	4044.235
59000000	80000000	4322.8457
60000000	80000000	4183.978
61000000	80000000	4234.0264
62000000	80000000	4654.107
63000000	80000000	4992.866
64000000	80000000	5391.155
65000000	80000000	5009.5073
66000000	80000000	5277.846
67000000	80000000	5212.246
68000000	80000000	5885.561
69000000	80000000	6412.024
70000000	80000000	6201.837
71000000	80000000	5924.26
72000000	80000000	6934.581
73000000	80000000	7941.2334
74000000	80000000	9009.816
75000000	80000000	11183.239
76000000	80000000	14048.067
77000000	80000000	15875.887
78000000	80000000	22372.092
79000000	80000000	92292.484
80000000	80000000	469882.03
0	81000000	784.9098
1000000	81000000	641.4374
2000000	81000000	747.13354
3000000	81000000	529.9876
4000000	81000000	510.49802
5000000	81000000	618.0859
6000000	81000000	1414.913
7000000	81000000	655.5938
8000000	81000000	1851.5532
9000000	81000000	1421.3474
10000000	81000000	1385.8721
11000000	81000000	1695.7529
12000000	81000000	1393.9785
13000000	81000000	932.6782
14000000	81000000	807.4637
15000000	81000000	646.0852
16000000	81000000	734.64294
17000000	81000000	1386.7365
18000000	81000000	1039.9606
19000000	81000000	1429.0126
20000000	81000000	1235.0419
21000000	81000000	1460.2776
22000000	81000000	1866.5885
23000000	81000000	1775.7157
24000000	81000000	1380.9447
25000000	81000000	1342.7393
26000000	81000000	1730.8827
27000000	81000000	2001.6138
28000000	81000000	2050.888
29000000	81000000	2068.1807
30000000	81000000	2505.8765
31000000	81000000	1415.8915
32000000	81000000	1422.5654
33000000	81000000	1611.409
34000000	81000000	1019.1394
35000000	81000000	1087.2014
36000000	81000000	1173.121
37000000	81000000	2100.7131
38000000	81000000	2566.2937
39000000	81000000	1820.6633
40000000	81000000	1763.6156
41000000	81000000	2423.422
42000000	81000000	2605.747
43000000	81000000	1165.415
46000000	81000000	536.7129
47000000	81000000	1373.3983
48000000	81000000	3524.1875
49000000	81000000	3225.3887
50000000	81000000	2640.8003
51000000	81000000	2065.708
52000000	81000000	3218.0413
53000000	81000000	3603.9226
54000000	81000000	3495.9985
55000000	81000000	3647.2153
56000000	81000000	4347.0454
57000000	81000000	3941.1506
58000000	81000000	3788.6147
59000000	81000000	4367.292
60000000	81000000	3528.0637
61000000	81000000	4671.343
62000000	81000000	4485.288
63000000	81000000	3679.9631
64000000	81000000	4554.8877
65000000	81000000	4783.0195
66000000	81000000	5403.138
67000000	81000000	6107.9517
68000000	81000000	6112.693
69000000	81000000	4686.936
70000000	81000000	5794.549
71000000	81000000	6219.925
72000000	81000000	6479.586
73000000	81000000	6853.406
74000000	81000000	9234.218
75000000	81000000	8075.0635
76000000	81000000	9864.534
77000000	81000000	11209.457
78000000	81000000	11994.71
79000000	81000000	30106.482
80000000	81000000	138343.17
81000000	81000000	463433.34
0	82000000	897.8815
1000000	82000000	702.7802
2000000	82000000	815.1025
3000000	82000000	670.33203
4000000	82000000	684.4354
5000000	82000000	802.48663
6000000	82000000	1425.4429
7000000	82000000	802.74786
8000000	82000000	1399.549
9000000	82000000	1297.7451
10000000	82000000	1297.1827
11000000	82000000	1332.5032
12000000	82000000	1377.5265
13000000	82000000	1198.7465
14000000	82000000	1076.6716
15000000	82000000	947.5923
16000000	82000000	1085.9116
17000000	82000000	1801.4479
18000000	82000000	1381.5717
19000000	82000000	1412.1471
20000000	82000000	1195.5255
21000000	82000000	1247.1506
22000000	82000000	1375.1592
23000000	82000000	1575.8739
24000000	82000000	1554.8357
25000000	82000000	1453.524
26000000	82000000	1623.6333
27000000	82000000	1696.0358
28000000	82000000	1608.7389
29000000	82000000	1527.0228
30000000	82000000	2262.1348
31000000	82000000	1822.46
32000000	82000000	1662.6809
33000000	82000000	1852.6216
34000000	82000000	1344.9052
35000000	82000000	1313.0248
36000000	82000000	1452.0289
37000000	82000000	1933.9913
38000000	82000000	2229.4983
39000000	82000000	2274.3289
40000000	82000000	1935.7672
41000000	82000000	2230.6536
42000000	82000000	2404.9817
43000000	82000000	1501.5881
46000000	82000000	693.57025
47000000	82000000	1994.7921
48000000	82000000	3851.4597
49000000	82000000	3741.4504
50000000	82000000	3328.6187
51000000	82000000	2998.5093
52000000	82000000	3722.9075
53000000	82000000	4435.968
54000000	82000000	4009.1445
55000000	82000000	4304.212
56000000	82000000	4672.192
57000000	82000000	4788.733
58000000	82000000	4217.5537
59000000	82000000	4641.957
60000000	82000000	4122.446
61000000	82000000	4576.5273
62000000	82000000	4965.1157
63000000	82000000	4929.2734
64000000	82000000	5740.687
65000000	82000000	5238.6943
66000000	82000000	5505.9653
67000000	82000000	5791.632
68000000	82000000	6269.6553
69000000	82000000	6308.054
70000000	82000000	6661.5317
71000000	82000000	6387.979
72000000	82000000	7005.6104
73000000	82000000	7860.894
74000000	82000000	9419.4375
75000000	82000000	10034.117
76000000	82000000	11256.998
77000000	82000000	11742.533
78000000	82000000	13820.875
79000000	82000000	24965.184
80000000	82000000	42611.56
81000000	82000000	142031.61
82000000	82000000	442287.97
0	83000000	781.7576
1000000	83000000	663.23413
2000000	83000000	997.78723
3000000	83000000	1104.6172
4000000	83000000	1148.8241
5000000	83000000	1318.5148
6000000	83000000	1041.873
7000000	83000000	580.57654
8000000	83000000	590.68085
9000000	83000000	889.28156
10000000	83000000	781.30774
11000000	83000000	530.4534
12000000	83000000	1245.7708
13000000	83000000	1813.0553
14000000	83000000	1674.5647
15000000	83000000	1480.1755
16000000	83000000	1796.5277
17000000	83000000	1567.9907
18000000	83000000	1582.7035
19000000	83000000	1287.7047
20000000	83000000	1016.054
21000000	83000000	815.0796
22000000	83000000	558.1227
23000000	83000000	1115.7546
24000000	83000000	1712.6984
25000000	83000000	1451.6469
26000000	83000000	1353.9784
27000000	83000000	907.34344
28000000	83000000	623.9499
29000000	83000000	506.47903
30000000	83000000	1367.51
31000000	83000000	2436.6182
32000000	83000000	2113.5337
33000000	83000000	1669.8708
34000000	83000000	2189.8496
35000000	83000000	1982.7845
36000000	83000000	1972.4965
37000000	83000000	1259.0156
38000000	83000000	1078.9777
39000000	83000000	2475.2407
40000000	83000000	2271.8223
41000000	83000000	1317.225
42000000	83000000	1153.8264
43000000	83000000	2076.5144
46000000	83000000	1230.5302
47000000	83000000	2966.2498
48000000	83000000	2814.0042
49000000	83000000	4026.879
50000000	83000000	4814.708
51000000	83000000	4856.923
52000000	83000000	3615.759
53000000	83000000	4825.9697
54000000	83000000	3482.162
55000000	83000000	4596.4365
56000000	83000000	3719.3772
57000000	83000000	4994.9873
58000000	83000000	4401.6685
59000000	83000000	3397.5356
60000000	83000000	5622.663
61000000	83000000	3210.797
62000000	83000000	4680.8022
63000000	83000000	6748.989
64000000	83000000	6657.48
65000000	83000000	4945.076
66000000	83000000	4212.1206
67000000	83000000	3731.3523
68000000	83000000	5051.435
69000000	83000000	9223.857
70000000	83000000	6598.7036
71000000	83000000	4754.715
72000000	83000000	6536.4688
73000000	83000000	7887.6113
74000000	83000000	5607.5366
75000000	83000000	11459.821
76000000	83000000	11173.068
77000000	83000000	11251.107
78000000	83000000	16392.352
79000000	83000000	18746.14
80000000	83000000	20324.17
81000000	83000000	18686.654
82000000	83000000	65046.234
83000000	83000000	466422.25
0	84000000	905.49866
1000000	84000000	832.70026
2000000	84000000	1287.5831
3000000	84000000	1333.7725
4000000	84000000	1454.158
5000000	84000000	1496.2122
6000000	84000000	977.16425
7000000	84000000	575.12494
8000000	84000000	593.5971
9000000	84000000	877.1396
10000000	84000000	798.79254
11000000	84000000	581.5554
12000000	84000000	1229.9663
13000000	84000000	1952.9976
14000000	84000000	1729.9612
15000000	84000000	1689.7944
16000000	84000000	2020.7277
17000000	84000000	1547.8269
18000000	84000000	1572.068
19000000	84000000	1204.8861
20000000	84000000	1004.10535
21000000	84000000	764.8694
22000000	84000000	465.75464
23000000	84000000	1008.34424
24000000	84000000	1597.3306
25000000	84000000	1333.4564
26000000	84000000	1228.9784
27000000	84000000	847.4322
28000000	84000000	578.13837
29000000	84000000	591.8331
30000000	84000000	1288.4996
31000000	84000000	2209.2368
32000000	84000000	2000.5723
33000000	84000000	1620.355
34000000	84000000	2233.0896
35000000	84000000	2130.174
36000000	84000000	2084.8345
37000000	84000000	1214.2888
38000000	84000000	1120.6554
39000000	84000000	2409.9907
40000000	84000000	2054.7952
41000000	84000000	1289.7338
42000000	84000000	1195.0974
43000000	84000000	2290.6584
46000000	84000000	1579.3683
47000000	84000000	3831.2798
48000000	84000000	2933.835
49000000	84000000	3814.119
50000000	84000000	4578.272
51000000	84000000	4730.4995
52000000	84000000	3712.7664
53000000	84000000	4279.159
54000000	84000000	3352.1687
55000000	84000000	4282.2793
56000000	84000000	3506.1138
57000000	84000000	4408.2427
58000000	84000000	4088.2307
59000000	84000000	3363.2373
60000000	84000000	5360.2065
61000000	84000000	3014.0425
62000000	84000000	4203.4517
63000000	84000000	5936.8755
64000000	84000000	5877.137
65000000	84000000	4755.7593
66000000	84000000	3933.46
67000000	84000000	3590.043
68000000	84000000	4745.02
69000000	84000000	8301.502
70000000	84000000	5753.3975
71000000	84000000	4411.838
72000000	84000000	5748.2954
73000000	84000000	6707.1206
74000000	84000000	5300.925
75000000	84000000	9601.114
76000000	84000000	8981.482
77000000	84000000	9020.798
78000000	84000000	11424.3
79000000	84000000	13309.163
80000000	84000000	13173.149
81000000	84000000	11832.746
82000000	84000000	22837.713
83000000	84000000	112670.84
84000000	84000000	477830.53
0	85000000	974.6295
1000000	85000000	847.37366
2000000	85000000	1149.5144
3000000	85000000	1172.1747
4000000	85000000	1207.0725
5000000	85000000	1360.7306
6000000	85000000	1199.2297
7000000	85000000	689.17816
8000000	85000000	761.32526
9000000	85000000	1039.9568
10000000	85000000	912.3508
11000000	85000000	698.66235
12000000	85000000	1325.8191
13000000	85000000	1649.2957
14000000	85000000	1654.819
15000000	85000000	1393.7186
16000000	85000000	1623.3563
17000000	85000000	1614.2667
18000000	85000000	1456.0233
19000000	85000000	1246.1582
20000000	85000000	961.85614
21000000	85000000	813.9595
22000000	85000000	621.1654
23000000	85000000	1154.8502
24000000	85000000	1476.8417
25000000	85000000	1341.1177
26000000	85000000	1226.2192
27000000	85000000	1002.31775
28000000	85000000	672.34094
29000000	85000000	615.82605
30000000	85000000	1396.9727
31000000	85000000	2080.2346
32000000	85000000	2020.591
33000000	85000000	1780.3541
34000000	85000000	1994.2227
35000000	85000000	1857.854
36000000	85000000	1890.0176
37000000	85000000	1393.2676
38000000	85000000	1372.6436
39000000	85000000	2422.5525
40000000	85000000	2167.8079
41000000	85000000	1512.5787
42000000	85000000	1607.3986
43000000	85000000	2312.5942
46000000	85000000	1276.8104
47000000	85000000	3335.8784
48000000	85000000	3519.6826
49000000	85000000	4068.6445
50000000	85000000	4444.5625
51000000	85000000	4302.7773
52000000	85000000	3750.0007
53000000	85000000	4495.406
54000000	85000000	3503.3308
55000000	85000000	4335.871
56000000	85000000	3715.7246
57000000	85000000	4459.356
58000000	85000000	3884.3206
59000000	85000000	3369.2346
60000000	85000000	4705.2476
61000000	85000000	3157.6553
62000000	85000000	4333.6196
63000000	85000000	5561.727
64000000	85000000	5571.8765
65000000	85000000	4769.506
66000000	85000000	4127.6245
67000000	85000000	3703.3718
68000000	85000000	4731.87
69000000	85000000	7362.611
70000000	85000000	5870.4746
71000000	85000000	4417.3325
72000000	85000000	5746.7417
73000000	85000000	6709.759
74000000	85000000	5460.4478
75000000	85000000	9023.419
76000000	85000000	8318.938
77000000	85000000	8121.7256
78000000	85000000	9902.113
79000000	85000000	11700.594
80000000	85000000	11379.049
81000000	85000000	10058.949
82000000	85000000	18011.844
83000000	85000000	46913.633
84000000	85000000	110375.92
85000000	85000000	447797.5
0	86000000	2000.839
1000000	86000000	1695.9963
2000000	86000000	1669.3458
3000000	86000000	1529.8379
4000000	86000000	1444.5732
5000000	86000000	1632.2255
6000000	86000000	2004.718
7000000	86000000	863.60693
8000000	86000000	1360.1797
9000000	86000000	1543.8704
10000000	86000000	1342.9677
11000000	86000000	1205.7117
12000000	86000000	1848.172
13000000	86000000	1760.5453
14000000	86000000	1757.3546
15000000	86000000	1754.844
16000000	86000000	1761.3462
17000000	86000000	2072.928
18000000	86000000	1548.9089
19000000	86000000	1532.0161
20000000	86000000	1245.2875
21000000	86000000	1200.5321
22000000	86000000	1029.1741
23000000	86000000	1190.2782
24000000	86000000	1343.165
25000000	86000000	1477.9568
26000000	86000000	1451.2571
27000000	86000000	1436.8157
28000000	86000000	1094.3141
29000000	86000000	1037.0594
30000000	86000000	1826.7513
31000000	86000000	1784.0586
32000000	86000000	1823.4153
33000000	86000000	2170.582
34000000	86000000	1874.7505
35000000	86000000	1955.3015
36000000	86000000	2134.1965
37000000	86000000	1929.809
38000000	86000000	2066.872
39000000	86000000	2234.3992
40000000	86000000	2378.2756
41000000	86000000	2414.2502
42000000	86000000	3159.1252
43000000	86000000	3709.71
46000000	86000000	2094.5103
47000000	86000000	5327.6963
48000000	86000000	5592.5054
49000000	86000000	4603.355
50000000	86000000	3858.4656
51000000	86000000	3487.6326
52000000	86000000	4031.031
53000000	86000000	4330.717
54000000	86000000	4005.794
55000000	86000000	3919.3105
56000000	86000000	4248.525
57000000	86000000	4268.27
58000000	86000000	3766.0815
59000000	86000000	3815.0522
60000000	86000000	3607.3733
61000000	86000000	3731.9465
62000000	86000000	4099.9604
63000000	86000000	4072.5603
64000000	86000000	4630.4546
65000000	86000000	4377.361
66000000	86000000	4484.384
67000000	86000000	4422.0586
68000000	86000000	4905.59
69000000	86000000	5352.804
70000000	86000000	5372.4453
71000000	86000000	4949.486
72000000	86000000	5301.0503
73000000	86000000	5571.0
74000000	86000000	6311.152
75000000	86000000	6630.806
76000000	86000000	6121.1133
77000000	86000000	6007.02
78000000	86000000	6034.2705
79000000	86000000	8524.653
80000000	86000000	8657.106
81000000	86000000	9012.008
82000000	86000000	12691.891
83000000	86000000	17247.004
84000000	86000000	25277.486
85000000	86000000	99756.125
86000000	86000000	495643.06
0	87000000	1567.1912
1000000	87000000	1225.8319
2000000	87000000	1433.3551
3000000	87000000	1221.8024
4000000	87000000	1249.1019
5000000	87000000	1471.0692
6000000	87000000	1647.0022
7000000	87000000	1000.4948
8000000	87000000	1102.0846
9000000	87000000	1235.3279
10000000	87000000	1131.9368
11000000	87000000	1074.4607
12000000	87000000	1618.3229
13000000	87000000	1760.3125
14000000	87000000	1587.4082
15000000	87000000	1493.902
16000000	87000000	1691.8846
17000000	87000000	2064.4797
18000000	87000000	1591.3732
19000000	87000000	1390.3812
20000000	87000000	1189.2174
21000000	87000000	1087.6215
22000000	87000000	911.3715
23000000	87000000	1222.6976
24000000	87000000	1462.7104
25000000	87000000	1438.2466
26000000	87000000	1414.0286
27000000	87000000	1246.0947
28000000	87000000	952.17944
29000000	87000000	928.5882
30000000	87000000	1720.2551
31000000	87000000	1946.0667
32000000	87000000	1953.6976
33000000	87000000	2171.7551
34000000	87000000	1956.3759
35000000	87000000	1939.6783
36000000	87000000	2019.6416
37000000	87000000	1713.1338
38000000	87000000	1705.3774
39000000	87000000	2277.5647
40000000	87000000	2317.9597
41000000	87000000	2109.9402
42000000	87000000	2622.0464
43000000	87000000	3011.376
46000000	87000000	1614.3806
47000000	87000000	4211.5605
48000000	87000000	5312.28
49000000	87000000	4624.088
50000000	87000000	4312.098
51000000	87000000	3889.1274
52000000	87000000	4233.2583
53000000	87000000	4653.638
54000000	87000000	4105.0522
55000000	87000000	4230.3154
56000000	87000000	4385.2036
57000000	87000000	4722.2812
58000000	87000000	4032.3887
59000000	87000000	3789.1716
60000000	87000000	4059.8718
61000000	87000000	3570.4177
62000000	87000000	4354.801
63000000	87000000	4875.678
64000000	87000000	5178.542
65000000	87000000	4669.3984
66000000	87000000	4465.051
67000000	87000000	4539.041
68000000	87000000	5364.1416
69000000	87000000	6370.34
70000000	87000000	5816.845
71000000	87000000	4802.541
72000000	87000000	5448.689
73000000	87000000	6219.14
74000000	87000000	6308.211
75000000	87000000	7482.4136
76000000	87000000	6768.0044
77000000	87000000	6393.4854
78000000	87000000	6877.5796
79000000	87000000	8609.944
80000000	87000000	8295.378
81000000	87000000	7659.457
82000000	87000000	11516.645
83000000	87000000	15361.035
84000000	87000000	18732.395
85000000	87000000	36539.734
86000000	87000000	101297.85
87000000	87000000	404846.25
0	88000000	1250.2203
1000000	88000000	1305.7118
2000000	88000000	1735.1699
3000000	88000000	1885.835
4000000	88000000	1978.6959
5000000	88000000	2005.2256
6000000	88000000	910.4256
7000000	88000000	614.77954
8000000	88000000	471.11963
9000000	88000000	773.24207
10000000	88000000	641.2727
11000000	88000000	491.1105
12000000	88000000	1082.1078
13000000	88000000	1981.6835
14000000	88000000	2322.8525
15000000	88000000	2276.4116
16000000	88000000	2226.1628
17000000	88000000	1351.1664
18000000	88000000	1477.598
19000000	88000000	1044.2756
20000000	88000000	920.11633
21000000	88000000	649.0992
22000000	88000000	392.0217
23000000	88000000	822.2666
24000000	88000000	1263.2577
25000000	88000000	1144.2124
26000000	88000000	913.10876
27000000	88000000	643.7701
28000000	88000000	437.75052
29000000	88000000	409.93417
30000000	88000000	957.0942
31000000	88000000	1947.268
32000000	88000000	1830.2683
33000000	88000000	1519.4565
34000000	88000000	2539.2178
35000000	88000000	2324.4065
36000000	88000000	2218.869
37000000	88000000	991.2229
38000000	88000000	850.51935
39000000	88000000	1892.7123
40000000	88000000	1960.571
41000000	88000000	1127.5865
42000000	88000000	1038.6426
43000000	88000000	2687.0498
46000000	88000000	2418.4617
47000000	88000000	4834.9004
48000000	88000000	2576.9854
49000000	88000000	3612.936
50000000	88000000	4409.696
51000000	88000000	4761.2344
52000000	88000000	3271.2205
53000000	88000000	3667.619
54000000	88000000	3042.3992
55000000	88000000	3656.8699
56000000	88000000	2830.4907
57000000	88000000	3823.5042
58000000	88000000	3402.3657
59000000	88000000	2422.0046
60000000	88000000	4169.492
61000000	88000000	2232.4553
62000000	88000000	3247.0266
63000000	88000000	4795.534
64000000	88000000	4619.742
65000000	88000000	3733.269
66000000	88000000	3190.724
67000000	88000000	2593.4207
68000000	88000000	3692.7878
69000000	88000000	6541.7754
70000000	88000000	4247.223
71000000	88000000	3331.8137
72000000	88000000	4455.8433
73000000	88000000	5016.3545
74000000	88000000	3534.8765
75000000	88000000	6675.508
76000000	88000000	5800.086
77000000	88000000	5301.5073
78000000	88000000	6428.5083
79000000	88000000	6514.5063
80000000	88000000	5944.878
81000000	88000000	4437.186
82000000	88000000	6762.731
83000000	88000000	11384.152
84000000	88000000	13580.543
85000000	88000000	16293.623
86000000	88000000	20679.62
87000000	88000000	85540.55
88000000	88000000	478242.88
0	89000000	936.368
1000000	89000000	914.8663
2000000	89000000	1372.6848
3000000	89000000	1283.9375
4000000	89000000	1306.8882
5000000	89000000	1403.7649
6000000	89000000	856.0699
7000000	89000000	506.66782
8000000	89000000	568.0728
9000000	89000000	729.9354
10000000	89000000	669.5454
11000000	89000000	539.7888
12000000	89000000	1007.1351
13000000	89000000	1625.4626
14000000	89000000	1617.4974
15000000	89000000	1511.4016
16000000	89000000	1637.6086
17000000	89000000	1338.0516
18000000	89000000	1313.2775
19000000	89000000	1014.3199
20000000	89000000	870.0026
21000000	89000000	668.5706
22000000	89000000	484.28876
23000000	89000000	833.19147
24000000	89000000	1212.2471
25000000	89000000	1076.58
26000000	89000000	979.42413
27000000	89000000	731.3747
28000000	89000000	522.4567
29000000	89000000	539.3957
30000000	89000000	1023.64355
31000000	89000000	1756.1311
32000000	89000000	1691.676
33000000	89000000	1425.2072
34000000	89000000	2032.0907
35000000	89000000	1877.7299
36000000	89000000	1840.1155
37000000	89000000	1076.999
38000000	89000000	1020.50323
39000000	89000000	1849.5144
40000000	89000000	1784.6968
41000000	89000000	1095.0004
42000000	89000000	1077.1394
43000000	89000000	2168.927
46000000	89000000	1557.7108
47000000	89000000	3562.5574
48000000	89000000	2564.798
49000000	89000000	3230.5781
50000000	89000000	3878.1926
51000000	89000000	3987.4565
52000000	89000000	3211.143
53000000	89000000	3665.3757
54000000	89000000	2859.6594
55000000	89000000	3454.56
56000000	89000000	2813.9702
57000000	89000000	3584.2869
58000000	89000000	3385.6433
59000000	89000000	2673.861
60000000	89000000	3722.9446
61000000	89000000	2351.2117
62000000	89000000	3475.5078
63000000	89000000	4620.747
64000000	89000000	4339.364
65000000	89000000	3765.6462
66000000	89000000	3306.2314
67000000	89000000	2821.8586
68000000	89000000	3761.0403
69000000	89000000	5986.0215
70000000	89000000	4480.0845
71000000	89000000	3482.4883
72000000	89000000	4346.5195
73000000	89000000	4749.1353
74000000	89000000	3735.6226
75000000	89000000	6483.483
76000000	89000000	5563.219
77000000	89000000	5220.649
78000000	89000000	6119.7285
79000000	89000000	6652.8477
80000000	89000000	5963.627
81000000	89000000	4639.0264
82000000	89000000	6660.6313
83000000	89000000	10234.164
84000000	89000000	10965.734
85000000	89000000	13206.126
86000000	89000000	14468.366
87000000	89000000	46612.137
88000000	89000000	144349.75
89000000	89000000	461576.38
0	90000000	827.71844
1000000	90000000	671.5424
2000000	90000000	866.35803
3000000	90000000	693.5115
4000000	90000000	660.1209
5000000	90000000	893.81305
6000000	90000000	1051.4109
7000000	90000000	744.9863
8000000	90000000	1067.6454
9000000	90000000	844.55695
10000000	90000000	787.3236
11000000	90000000	964.6671
12000000	90000000	1061.8191
13000000	90000000	989.91583
14000000	90000000	906.4054
15000000	90000000	871.71423
16000000	90000000	961.0327
17000000	90000000	1390.1517
18000000	90000000	1042.9147
19000000	90000000	971.50287
20000000	90000000	731.37524
21000000	90000000	759.8396
22000000	90000000	931.9486
23000000	90000000	1068.1785
24000000	90000000	984.5267
25000000	90000000	998.82574
26000000	90000000	1159.9589
27000000	90000000	1064.7853
28000000	90000000	1059.1426
29000000	90000000	1118.44
30000000	90000000	1521.0591
31000000	90000000	1382.2852
32000000	90000000	1338.0658
33000000	90000000	1404.5431
34000000	90000000	1186.974
35000000	90000000	1113.303
36000000	90000000	1214.9905
37000000	90000000	1430.6433
38000000	90000000	1919.1498
39000000	90000000	1747.3068
40000000	90000000	1402.4042
41000000	90000000	1551.8649
42000000	90000000	2034.6898
43000000	90000000	1501.6198
46000000	90000000	893.42303
47000000	90000000	2018.9421
48000000	90000000	3388.659
49000000	90000000	2679.3682
50000000	90000000	2833.935
51000000	90000000	2582.9038
52000000	90000000	3182.172
53000000	90000000	3083.4272
54000000	90000000	2952.2773
55000000	90000000	2770.8823
56000000	90000000	3466.5654
57000000	90000000	3178.5059
58000000	90000000	2881.6143
59000000	90000000	3469.7004
60000000	90000000	3100.9575
61000000	90000000	3386.5842
62000000	90000000	3483.423
63000000	90000000	3461.9377
64000000	90000000	3792.23
65000000	90000000	4200.5103
66000000	90000000	4138.25
67000000	90000000	3766.7783
68000000	90000000	4244.656
69000000	90000000	4346.441
70000000	90000000	4336.0674
71000000	90000000	4344.824
72000000	90000000	4297.6885
73000000	90000000	4327.3604
74000000	90000000	4840.2007
75000000	90000000	5133.483
76000000	90000000	5394.5713
77000000	90000000	4569.7515
78000000	90000000	4807.0713
79000000	90000000	6432.118
80000000	90000000	6010.029
81000000	90000000	5561.779
82000000	90000000	6957.6294
83000000	90000000	7269.8906
84000000	90000000	7402.7734
85000000	90000000	9604.1875
86000000	90000000	11320.744
87000000	90000000	28667.447
88000000	90000000	38330.29
89000000	90000000	87246.414
90000000	90000000	471005.66
0	91000000	730.6284
1000000	91000000	591.2941
2000000	91000000	759.0318
3000000	91000000	706.8434
4000000	91000000	681.0897
5000000	91000000	805.0378
6000000	91000000	977.402
7000000	91000000	504.61832
8000000	91000000	745.6508
9000000	91000000	823.83527
10000000	91000000	748.0355
11000000	91000000	774.69727
12000000	91000000	928.02295
13000000	91000000	1051.1216
14000000	91000000	914.60645
15000000	91000000	846.8286
16000000	91000000	991.4799
17000000	91000000	1284.2026
18000000	91000000	1106.2549
19000000	91000000	906.134
20000000	91000000	761.4279
21000000	91000000	769.4454
22000000	91000000	713.96844
23000000	91000000	952.1454
24000000	91000000	1014.87634
25000000	91000000	1022.40454
26000000	91000000	1026.0759
27000000	91000000	1006.681
28000000	91000000	757.18176
29000000	91000000	736.7503
30000000	91000000	1378.1794
31000000	91000000	1493.967
32000000	91000000	1347.8665
33000000	91000000	1432.7603
34000000	91000000	1238.4274
35000000	91000000	1155.9252
36000000	91000000	1216.606
37000000	91000000	1204.051
38000000	91000000	1369.1666
39000000	91000000	1768.3517
40000000	91000000	1425.0227
41000000	91000000	1382.3969
42000000	91000000	1454.3539
43000000	91000000	1519.7421
46000000	91000000	584.9902
47000000	91000000	1825.5298
48000000	91000000	2631.802
49000000	91000000	2759.168
50000000	91000000	2728.7112
51000000	91000000	2578.3489
52000000	91000000	2853.5435
53000000	91000000	3017.6238
54000000	91000000	2683.8582
55000000	91000000	2882.5383
56000000	91000000	3079.001
57000000	91000000	3267.8296
58000000	91000000	2730.2263
59000000	91000000	2712.8447
60000000	91000000	2976.6558
61000000	91000000	2756.169
62000000	91000000	3284.242
63000000	91000000	3568.6067
64000000	91000000	3969.9055
65000000	91000000	3601.5706
66000000	91000000	3447.3481
67000000	91000000	3304.2075
68000000	91000000	3758.735
69000000	91000000	4638.352
70000000	91000000	4168.9097
71000000	91000000	3478.7412
72000000	91000000	3920.4355
73000000	91000000	4168.951
74000000	91000000	4255.931
75000000	91000000	5270.729
76000000	91000000	5097.995
77000000	91000000	4734.979
78000000	91000000	5033.4023
79000000	91000000	6117.082
80000000	91000000	5399.098
81000000	91000000	4753.76
82000000	91000000	6715.4688
83000000	91000000	7786.248
84000000	91000000	7718.7007
85000000	91000000	9357.691
86000000	91000000	9278.596
87000000	91000000	19491.066
88000000	91000000	23123.328
89000000	91000000	37587.137
90000000	91000000	136490.97
91000000	91000000	482483.28
0	92000000	872.6436
1000000	92000000	701.2119
2000000	92000000	934.6489
3000000	92000000	944.98895
4000000	92000000	915.79614
5000000	92000000	1001.8328
6000000	92000000	909.99097
7000000	92000000	524.546
8000000	92000000	730.06024
9000000	92000000	808.6154
10000000	92000000	755.8935
11000000	92000000	720.32416
12000000	92000000	1030.5242
13000000	92000000	1309.2427
14000000	92000000	1121.5448
15000000	92000000	1091.4916
16000000	92000000	1189.0262
17000000	92000000	1310.831
18000000	92000000	1221.9603
19000000	92000000	988.40045
20000000	92000000	924.5269
21000000	92000000	762.14636
22000000	92000000	640.77985
23000000	92000000	957.9123
24000000	92000000	1187.9259
25000000	92000000	1119.7692
26000000	92000000	1068.3585
27000000	92000000	914.9303
28000000	92000000	672.20447
29000000	92000000	629.1259
30000000	92000000	1262.5614
31000000	92000000	1771.2407
32000000	92000000	1546.218
33000000	92000000	1523.7532
34000000	92000000	1553.7612
35000000	92000000	1496.5068
36000000	92000000	1560.5627
37000000	92000000	1223.925
38000000	92000000	1266.5283
39000000	92000000	1734.3285
40000000	92000000	1783.2798
41000000	92000000	1299.3015
42000000	92000000	1333.5176
43000000	92000000	1598.0378
46000000	92000000	856.3455
47000000	92000000	2458.2302
48000000	92000000	2673.661
49000000	92000000	3216.4365
50000000	92000000	3240.6394
51000000	92000000	3131.9329
52000000	92000000	3051.8376
53000000	92000000	3322.2944
54000000	92000000	2935.6206
55000000	92000000	3330.336
56000000	92000000	3063.1282
57000000	92000000	3636.1497
58000000	92000000	3198.636
59000000	92000000	2755.3208
60000000	92000000	3477.215
61000000	92000000	2668.7756
62000000	92000000	3402.3047
63000000	92000000	4235.0137
64000000	92000000	4370.12
65000000	92000000	3730.1067
66000000	92000000	3492.927
67000000	92000000	3048.2756
68000000	92000000	3861.7104
69000000	92000000	5436.5044
70000000	92000000	4522.3174
71000000	92000000	3623.41
72000000	92000000	4377.091
73000000	92000000	4834.843
74000000	92000000	4246.1104
75000000	92000000	5877.157
76000000	92000000	5195.909
77000000	92000000	4950.6934
78000000	92000000	5790.1074
79000000	92000000	6232.4834
80000000	92000000	5487.811
81000000	92000000	4603.948
82000000	92000000	6540.2534
83000000	92000000	8390.632
84000000	92000000	8153.523
85000000	92000000	9211.767
86000000	92000000	8746.475
87000000	92000000	15280.941
88000000	92000000	17574.158
89000000	92000000	23397.418
90000000	92000000	39599.625
91000000	92000000	99608.71
92000000	92000000	430070.56
0	93000000	838.8434
1000000	93000000	724.3169
2000000	93000000	1011.4529
3000000	93000000	949.062
4000000	93000000	901.767
5000000	93000000	1109.6508
6000000	93000000	1132.0831
7000000	93000000	343.98145
8000000	93000000	675.05035
9000000	93000000	903.84125
10000000	93000000	824.04034
11000000	93000000	704.52686
12000000	93000000	1082.1743
13000000	93000000	1290.79
14000000	93000000	1193.8185
15000000	93000000	1084.8147
16000000	93000000	1227.0591
17000000	93000000	1297.6542
18000000	93000000	1284.2804
19000000	93000000	1102.2378
20000000	93000000	1001.7635
21000000	93000000	830.3204
22000000	93000000	597.8794
23000000	93000000	985.58795
24000000	93000000	1344.7684
25000000	93000000	1253.4402
26000000	93000000	1131.2345
27000000	93000000	961.5267
28000000	93000000	625.26886
29000000	93000000	579.69995
30000000	93000000	1219.1763
31000000	93000000	1760.3215
32000000	93000000	1539.6937
33000000	93000000	1416.4719
34000000	93000000	1591.9341
35000000	93000000	1524.9058
36000000	93000000	1509.4574
37000000	93000000	1133.2012
38000000	93000000	1075.5073
39000000	93000000	1664.9752
40000000	93000000	1742.1924
41000000	93000000	1203.544
42000000	93000000	1211.7548
43000000	93000000	1595.9785
46000000	93000000	790.3515
47000000	93000000	2243.654
48000000	93000000	2501.7446
49000000	93000000	3067.1436
50000000	93000000	3120.372
51000000	93000000	3072.331
52000000	93000000	2639.0828
53000000	93000000	3285.6
54000000	93000000	2794.148
55000000	93000000	3283.9773
56000000	93000000	2827.8684
57000000	93000000	3378.4458
58000000	93000000	3144.5776
59000000	93000000	2642.6636
60000000	93000000	3401.4045
61000000	93000000	2460.036
62000000	93000000	3270.6267
63000000	93000000	3963.1523
64000000	93000000	4256.3115
65000000	93000000	3453.1367
66000000	93000000	3170.3657
67000000	93000000	2900.071
68000000	93000000	3764.1133
69000000	93000000	5361.753
70000000	93000000	4438.846
71000000	93000000	3356.007
72000000	93000000	4184.209
73000000	93000000	4669.184
74000000	93000000	3897.5728
75000000	93000000	5436.494
76000000	93000000	4591.5107
77000000	93000000	4650.066
78000000	93000000	5425.1265
79000000	93000000	5623.709
80000000	93000000	5247.393
81000000	93000000	4571.8066
82000000	93000000	5867.898
83000000	93000000	7454.6733
84000000	93000000	7316.707
85000000	93000000	7662.038
86000000	93000000	7322.572
87000000	93000000	10695.13
88000000	93000000	12858.473
89000000	93000000	14568.756
90000000	93000000	14664.445
91000000	93000000	22806.668
92000000	93000000	97041.914
93000000	93000000	488621.53
0	94000000	889.2531
1000000	94000000	726.8426
2000000	94000000	803.2906
3000000	94000000	769.29034
4000000	94000000	762.38165
5000000	94000000	878.791
6000000	94000000	1252.4231
7000000	94000000	602.2663
8000000	94000000	906.4134
9000000	94000000	1039.3317
10000000	94000000	1066.8328
11000000	94000000	986.7158
12000000	94000000	1213.3304
13000000	94000000	1087.2002
14000000	94000000	842.3174
15000000	94000000	843.57404
16000000	94000000	972.1591
17000000	94000000	1320.5604
18000000	94000000	1168.9923
19000000	94000000	1282.4507
20000000	94000000	1147.5044
21000000	94000000	1138.7695
22000000	94000000	969.96704
23000000	94000000	1276.4194
24000000	94000000	1359.6224
25000000	94000000	1273.6333
26000000	94000000	1417.6819
27000000	94000000	1277.531
28000000	94000000	992.8502
29000000	94000000	904.1496
30000000	94000000	1554.4209
31000000	94000000	1544.4934
32000000	94000000	1484.7516
33000000	94000000	1412.3535
34000000	94000000	1246.1941
35000000	94000000	1230.1414
36000000	94000000	1322.6187
37000000	94000000	1403.3958
38000000	94000000	1390.422
39000000	94000000	1589.4054
40000000	94000000	1842.3995
41000000	94000000	1648.5713
42000000	94000000	1590.2686
43000000	94000000	1273.207
46000000	94000000	653.19305
47000000	94000000	1910.652
48000000	94000000	2821.0562
49000000	94000000	3356.6836
50000000	94000000	2483.3628
51000000	94000000	2197.4434
52000000	94000000	2550.4602
53000000	94000000	3406.7102
54000000	94000000	3014.721
55000000	94000000	3502.5217
56000000	94000000	3375.0242
57000000	94000000	3764.3
58000000	94000000	3206.3813
59000000	94000000	2932.6472
60000000	94000000	3093.8167
61000000	94000000	2934.8413
62000000	94000000	3444.713
63000000	94000000	3789.9812
64000000	94000000	3923.9888
65000000	94000000	3472.588
66000000	94000000	3508.6
67000000	94000000	3633.2207
68000000	94000000	4316.394
69000000	94000000	4714.651
70000000	94000000	4396.745
71000000	94000000	3905.9404
72000000	94000000	4319.507
73000000	94000000	4987.2773
74000000	94000000	4738.1724
75000000	94000000	5286.7944
76000000	94000000	4134.067
77000000	94000000	4200.02
78000000	94000000	4339.6353
79000000	94000000	5242.2554
80000000	94000000	5292.74
81000000	94000000	5433.478
82000000	94000000	6283.8374
83000000	94000000	6194.271
84000000	94000000	6058.1924
85000000	94000000	6738.062
86000000	94000000	7364.045
87000000	94000000	10328.32
88000000	94000000	9739.643
89000000	94000000	11439.345
90000000	94000000	13952.981
91000000	94000000	20599.932
92000000	94000000	59498.473
93000000	94000000	119723.6
94000000	94000000	424289.72
0	95000000	771.7943
1000000	95000000	595.3364
2000000	95000000	595.9049
3000000	95000000	382.33087
4000000	95000000	373.2366
5000000	95000000	381.47107
6000000	95000000	1302.381
7000000	95000000	780.12396
8000000	95000000	1778.9136
9000000	95000000	1376.1024
10000000	95000000	1459.744
11000000	95000000	1879.8406
12000000	95000000	1123.5942
13000000	95000000	515.90594
14000000	95000000	449.23517
15000000	95000000	384.47647
16000000	95000000	497.12323
17000000	95000000	1153.684
18000000	95000000	765.5476
19000000	95000000	1124.021
20000000	95000000	986.70557
21000000	95000000	1341.8998
22000000	95000000	2276.594
23000000	95000000	1565.5514
24000000	95000000	1014.61426
25000000	95000000	1185.8359
26000000	95000000	1565.7098
27000000	95000000	2182.522
28000000	95000000	2505.3496
29000000	95000000	2197.8372
30000000	95000000	2358.11
31000000	95000000	878.6436
32000000	95000000	913.5707
33000000	95000000	1174.6489
34000000	95000000	547.274
35000000	95000000	634.3033
36000000	95000000	727.51483
37000000	95000000	1811.2484
38000000	95000000	2669.4631
39000000	95000000	1301.263
40000000	95000000	1130.6979
41000000	95000000	2279.4565
42000000	95000000	2862.517
43000000	95000000	1002.77814
46000000	95000000	323.69934
47000000	95000000	971.29626
48000000	95000000	3796.362
49000000	95000000	2105.2944
50000000	95000000	1581.0939
51000000	95000000	1263.6703
52000000	95000000	2269.3135
53000000	95000000	2376.5042
54000000	95000000	3022.995
55000000	95000000	2387.0793
56000000	95000000	3841.7222
57000000	95000000	2896.398
58000000	95000000	2542.946
59000000	95000000	3385.2153
60000000	95000000	1980.1743
61000000	95000000	3928.247
62000000	95000000	3084.1128
63000000	95000000	2141.433
64000000	95000000	2681.5051
65000000	95000000	3089.7456
66000000	95000000	4164.443
67000000	95000000	5226.2383
68000000	95000000	4470.619
69000000	95000000	2324.4521
70000000	95000000	3817.9443
71000000	95000000	4632.063
72000000	95000000	3753.814
73000000	95000000	3489.685
74000000	95000000	5878.332
75000000	95000000	3024.0334
76000000	95000000	3176.951
77000000	95000000	2984.4768
78000000	95000000	2499.4905
79000000	95000000	4048.7202
80000000	95000000	4748.7866
81000000	95000000	6169.5435
82000000	95000000	5754.789
83000000	95000000	3196.988
84000000	95000000	3253.002
85000000	95000000	4091.1514
86000000	95000000	5823.548
87000000	95000000	7087.9644
88000000	95000000	4306.4355
89000000	95000000	5397.695
90000000	95000000	11219.798
91000000	95000000	10974.561
92000000	95000000	16848.91
93000000	95000000	21734.1
94000000	95000000	90128.41
95000000	95000000	508485.03
0	96000000	853.29065
1000000	96000000	686.9624
2000000	96000000	750.8614
3000000	96000000	560.26495
4000000	96000000	566.50116
5000000	96000000	697.54926
6000000	96000000	1326.0076
7000000	96000000	779.4797
8000000	96000000	1403.578
9000000	96000000	1357.3448
10000000	96000000	1430.4551
11000000	96000000	1568.4033
12000000	96000000	1036.8893
13000000	96000000	768.78986
14000000	96000000	676.6211
15000000	96000000	621.4281
16000000	96000000	676.14246
17000000	96000000	1092.4784
18000000	96000000	1053.0256
19000000	96000000	1273.1136
20000000	96000000	1288.3638
21000000	96000000	1404.5364
22000000	96000000	1588.2025
23000000	96000000	1586.5261
24000000	96000000	1432.5461
25000000	96000000	1504.449
26000000	96000000	1646.5691
27000000	96000000	1931.85
28000000	96000000	1672.5936
29000000	96000000	1457.4528
30000000	96000000	1790.2216
31000000	96000000	1130.3595
32000000	96000000	1124.1813
33000000	96000000	1287.288
34000000	96000000	943.4916
35000000	96000000	993.95703
36000000	96000000	1013.58966
37000000	96000000	1520.3551
38000000	96000000	1900.1302
39000000	96000000	1526.494
40000000	96000000	1681.2704
41000000	96000000	1926.0425
42000000	96000000	2110.8652
43000000	96000000	1111.4862
46000000	96000000	556.2884
47000000	96000000	1467.3169
48000000	96000000	2908.9448
49000000	96000000	2635.3857
50000000	96000000	1998.992
51000000	96000000	1666.6647
52000000	96000000	2231.9185
53000000	96000000	2897.937
54000000	96000000	2990.6533
55000000	96000000	3098.7605
56000000	96000000	3800.7546
57000000	96000000	3483.703
58000000	96000000	2958.029
59000000	96000000	2893.019
60000000	96000000	2580.1057
61000000	96000000	3225.7332
62000000	96000000	3041.4514
63000000	96000000	2627.8608
64000000	96000000	3109.2747
65000000	96000000	3220.7698
66000000	96000000	3702.335
67000000	96000000	4057.4802
68000000	96000000	3918.973
69000000	96000000	3453.7524
70000000	96000000	3807.9941
71000000	96000000	3871.85
72000000	96000000	3942.0117
73000000	96000000	4204.023
74000000	96000000	4682.6533
75000000	96000000	3926.376
76000000	96000000	3411.9148
77000000	96000000	3351.8613
78000000	96000000	3178.2803
79000000	96000000	4131.733
80000000	96000000	4674.9966
81000000	96000000	5568.445
82000000	96000000	5568.0854
83000000	96000000	4260.531
84000000	96000000	4240.8213
85000000	96000000	4888.6763
86000000	96000000	5862.9746
87000000	96000000	7142.898
88000000	96000000	5785.646
89000000	96000000	6287.3374
90000000	96000000	8972.586
91000000	96000000	9664.659
92000000	96000000	13565.211
93000000	96000000	15586.032
94000000	96000000	28689.578
95000000	96000000	124299.53
96000000	96000000	459041.38
0	97000000	919.2084
1000000	97000000	863.5181
2000000	97000000	981.4536
3000000	97000000	770.5015
4000000	97000000	781.46124
5000000	97000000	870.268
6000000	97000000	1221.4922
7000000	97000000	878.3282
8000000	97000000	947.72174
9000000	97000000	1368.1414
10000000	97000000	1384.8455
11000000	97000000	1119.2887
12000000	97000000	1212.8059
13000000	97000000	1050.9785
14000000	97000000	878.869
15000000	97000000	927.19696
16000000	97000000	1032.893
17000000	97000000	1327.1467
18000000	97000000	1338.9475
19000000	97000000	1537.4857
20000000	97000000	1700.9388
21000000	97000000	1461.5463
22000000	97000000	996.0367
23000000	97000000	1616.364
24000000	97000000	1866.9266
25000000	97000000	1817.1859
26000000	97000000	1716.5568
27000000	97000000	1579.3018
28000000	97000000	1052.5175
29000000	97000000	827.1558
30000000	97000000	1488.8575
31000000	97000000	1592.1305
32000000	97000000	1466.1655
33000000	97000000	1523.7379
34000000	97000000	1365.8551
35000000	97000000	1358.3268
36000000	97000000	1386.6381
37000000	97000000	1388.5908
38000000	97000000	1241.931
39000000	97000000	1685.291
40000000	97000000	2199.2805
41000000	97000000	1735.6093
42000000	97000000	1491.0919
43000000	97000000	1436.5685
46000000	97000000	871.4511
47000000	97000000	1992.9167
48000000	97000000	2617.0417
49000000	97000000	3354.5864
50000000	97000000	2432.9202
51000000	97000000	2069.7078
52000000	97000000	2294.9094
53000000	97000000	3431.554
54000000	97000000	2991.0044
55000000	97000000	3861.312
56000000	97000000	3358.8242
57000000	97000000	4023.3179
58000000	97000000	3422.1714
59000000	97000000	2518.7725
60000000	97000000	3054.0527
61000000	97000000	2541.6711
62000000	97000000	3089.0032
63000000	97000000	3560.108
64000000	97000000	3717.6038
65000000	97000000	3192.4543
66000000	97000000	3169.643
67000000	97000000	3291.152
68000000	97000000	3890.7715
69000000	97000000	4670.773
70000000	97000000	4139.155
71000000	97000000	3389.6763
72000000	97000000	4187.4624
73000000	97000000	4935.9043
74000000	97000000	4053.2825
75000000	97000000	4842.0054
76000000	97000000	3536.7014
77000000	97000000	3632.1782
78000000	97000000	3888.4526
79000000	97000000	4382.444
80000000	97000000	4669.5347
81000000	97000000	4876.0386
82000000	97000000	5503.2207
83000000	97000000	5498.8784
84000000	97000000	5449.9346
85000000	97000000	5855.373
86000000	97000000	6427.135
87000000	97000000	7835.859
88000000	97000000	7112.876
89000000	97000000	7609.7725
90000000	97000000	7610.6606
91000000	97000000	8943.786
92000000	97000000	13650.753
93000000	97000000	16116.009
94000000	97000000	22570.97
95000000	97000000	27569.943
96000000	97000000	105614.74
97000000	97000000	437602.06
0	98000000	841.8506
1000000	98000000	712.81384
2000000	98000000	688.5984
3000000	98000000	623.12103
4000000	98000000	579.2281
5000000	98000000	673.3075
6000000	98000000	1289.2291
7000000	98000000	918.62054
8000000	98000000	1281.0593
9000000	98000000	1448.923
10000000	98000000	1507.8596
11000000	98000000	1384.7643
12000000	98000000	1083.8363
13000000	98000000	797.7205
14000000	98000000	673.42395
15000000	98000000	671.4662
16000000	98000000	630.4
17000000	98000000	1135.8846
18000000	98000000	1097.1183
19000000	98000000	1418.6082
20000000	98000000	1589.1304
21000000	98000000	1601.1697
22000000	98000000	1416.9126
23000000	98000000	1681.6403
24000000	98000000	1625.4896
25000000	98000000	1586.7025
26000000	98000000	1775.7574
27000000	98000000	1917.0864
28000000	98000000	1511.3147
29000000	98000000	1300.3833
30000000	98000000	1858.868
31000000	98000000	1352.3129
32000000	98000000	1222.1508
33000000	98000000	1293.0583
34000000	98000000	980.75854
35000000	98000000	1117.9244
36000000	98000000	1148.3153
37000000	98000000	1550.0424
38000000	98000000	1627.5814
39000000	98000000	1486.8573
40000000	98000000	1897.2578
41000000	98000000	1900.0403
42000000	98000000	1872.2495
43000000	98000000	1094.3164
46000000	98000000	540.5388
47000000	98000000	1545.8333
48000000	98000000	2771.7053
49000000	98000000	2905.1123
50000000	98000000	1981.986
51000000	98000000	1661.6006
52000000	98000000	2189.741
53000000	98000000	3046.6858
54000000	98000000	2921.1328
55000000	98000000	3344.2656
56000000	98000000	3586.6694
57000000	98000000	3493.735
58000000	98000000	3194.542
59000000	98000000	2787.412
60000000	98000000	2666.7913
61000000	98000000	2928.2202
62000000	98000000	2999.5366
63000000	98000000	2928.0588
64000000	98000000	3119.6387
65000000	98000000	3079.3057
66000000	98000000	3426.6062
67000000	98000000	4156.5513
68000000	98000000	4090.1064
69000000	98000000	3744.277
70000000	98000000	3894.2837
71000000	98000000	3627.0168
72000000	98000000	4007.37
73000000	98000000	4434.8423
74000000	98000000	4595.1562
75000000	98000000	4082.778
76000000	98000000	3222.4377
77000000	98000000	3265.9553
78000000	98000000	3314.5874
79000000	98000000	4051.4424
80000000	98000000	4628.93
81000000	98000000	5470.2114
82000000	98000000	5358.464
83000000	98000000	4477.326
84000000	98000000	4373.5117
85000000	98000000	4991.978
86000000	98000000	5762.0522
87000000	98000000	6533.6646
88000000	98000000	5197.376
89000000	98000000	5528.863
90000000	98000000	6638.2236
91000000	98000000	7355.511
92000000	98000000	9875.252
93000000	98000000	11262.619
94000000	98000000	16113.071
95000000	98000000	20824.695
96000000	98000000	38766.03
97000000	98000000	115118.2
98000000	98000000	449224.78
0	99000000	616.2989
1000000	99000000	518.23987
2000000	99000000	506.42432
3000000	99000000	290.4681
4000000	99000000	303.79333
5000000	99000000	323.6679
6000000	99000000	878.98016
7000000	99000000	491.23303
8000000	99000000	1660.0302
9000000	99000000	1328.5255
10000000	99000000	1305.5985
11000000	99000000	1470.119
12000000	99000000	768.7188
13000000	99000000	447.49475
14000000	99000000	355.55594
15000000	99000000	327.37576
16000000	99000000	389.4293
17000000	99000000	778.81415
18000000	99000000	588.72375
19000000	99000000	880.26434
20000000	99000000	815.5665
21000000	99000000	1140.7441
22000000	99000000	1790.0333
23000000	99000000	1261.9724
24000000	99000000	932.83417
25000000	99000000	1048.8262
26000000	99000000	1246.3824
27000000	99000000	1775.1573
28000000	99000000	2286.366
29000000	99000000	2037.4259
30000000	99000000	1887.4161
31000000	99000000	659.218
32000000	99000000	757.08276
33000000	99000000	918.5236
34000000	99000000	450.4949
35000000	99000000	532.8315
36000000	99000000	583.92944
37000000	99000000	1342.2189
38000000	99000000	1866.486
39000000	99000000	1111.8772
40000000	99000000	920.5828
41000000	99000000	1807.8064
42000000	99000000	2171.7646
43000000	99000000	740.5514
46000000	99000000	234.21333
47000000	99000000	832.4404
48000000	99000000	2581.366
49000000	99000000	1599.8608
50000000	99000000	1259.5538
51000000	99000000	1073.7115
52000000	99000000	1772.8611
53000000	99000000	1863.8768
54000000	99000000	2300.5493
55000000	99000000	1810.7823
56000000	99000000	2516.762
57000000	99000000	2194.0781
58000000	99000000	2160.2998
59000000	99000000	2792.4548
60000000	99000000	1681.7716
61000000	99000000	2828.1062
62000000	99000000	2390.494
63000000	99000000	1597.9651
64000000	99000000	1929.0012
65000000	99000000	2629.983
66000000	99000000	3354.5974
67000000	99000000	4289.2114
68000000	99000000	3466.6777
69000000	99000000	1810.8481
70000000	99000000	2636.7324
71000000	99000000	3623.952
72000000	99000000	2823.9365
73000000	99000000	2690.471
74000000	99000000	4426.043
75000000	99000000	2300.7551
76000000	99000000	2558.9863
77000000	99000000	2357.9727
78000000	99000000	1948.6168
79000000	99000000	3090.3674
80000000	99000000	3609.263
81000000	99000000	4649.087
82000000	99000000	4139.2114
83000000	99000000	2443.113
84000000	99000000	2436.6602
85000000	99000000	2809.061
86000000	99000000	4040.736
87000000	99000000	4283.047
88000000	99000000	2734.6133
89000000	99000000	3173.7021
90000000	99000000	5016.887
91000000	99000000	4576.9404
92000000	99000000	4955.233
93000000	99000000	5443.393
94000000	99000000	7921.0093
95000000	99000000	15501.616
96000000	99000000	15886.646
97000000	99000000	20111.24
98000000	99000000	91822.59
99000000	99000000	488340.38
0	100000000	536.5516
1000000	100000000	419.68295
2000000	100000000	424.30618
3000000	100000000	262.41324
4000000	100000000	239.4224
5000000	100000000	271.87546
6000000	100000000	737.30115
7000000	100000000	515.17914
8000000	100000000	1581.512
9000000	100000000	1233.616
10000000	100000000	1156.8468
11000000	100000000	1247.4564
12000000	100000000	638.7771
13000000	100000000	355.8495
14000000	100000000	294.10474
15000000	100000000	316.38623
16000000	100000000	318.7721
17000000	100000000	675.6105
18000000	100000000	497.4641
19000000	100000000	729.01483
20000000	100000000	628.5957
21000000	100000000	944.14294
22000000	100000000	1712.1014
23000000	100000000	1097.2244
24000000	100000000	739.0241
25000000	100000000	786.2913
26000000	100000000	990.50854
27000000	100000000	1546.168
28000000	100000000	2361.179
29000000	100000000	2276.5142
30000000	100000000	1634.8959
31000000	100000000	561.71814
32000000	100000000	597.4706
33000000	100000000	649.74567
34000000	100000000	406.65552
35000000	100000000	435.39273
36000000	100000000	484.16745
37000000	100000000	1097.5927
38000000	100000000	1881.7292
39000000	100000000	1109.0297
40000000	100000000	680.9582
41000000	100000000	1540.7273
42000000	100000000	2072.4934
43000000	100000000	635.78
46000000	100000000	138.35515
47000000	100000000	626.54254
48000000	100000000	2422.9656
49000000	100000000	1317.1338
50000000	100000000	1190.2245
51000000	100000000	1045.761
52000000	100000000	1830.7634
53000000	100000000	1444.1294
54000000	100000000	1929.4108
55000000	100000000	1464.112
56000000	100000000	2060.3486
57000000	100000000	1634.8202
58000000	100000000	1823.9779
59000000	100000000	2656.841
60000000	100000000	1569.53
61000000	100000000	2695.9102
62000000	100000000	2131.9365
63000000	100000000	1301.313
64000000	100000000	1723.7965
65000000	100000000	2501.8667
66000000	100000000	3290.0984
67000000	100000000	3776.0789
68000000	100000000	3067.093
69000000	100000000	1465.8427
70000000	100000000	2239.9866
71000000	100000000	3165.27
72000000	100000000	2409.9802
73000000	100000000	2172.0183
74000000	100000000	4078.0996
75000000	100000000	1799.4309
76000000	100000000	2512.628
77000000	100000000	2194.4897
78000000	100000000	1760.2437
79000000	100000000	2993.8594
80000000	100000000	3187.3677
81000000	100000000	3785.826
82000000	100000000	3387.8105
83000000	100000000	1981.4285
84000000	100000000	2135.9734
85000000	100000000	2486.1204
86000000	100000000	3384.0955
87000000	100000000	3464.441
88000000	100000000	2391.2966
89000000	100000000	2605.8481
90000000	100000000	4596.675
91000000	100000000	3613.7576
92000000	100000000	3966.3188
93000000	100000000	4040.297
94000000	100000000	5230.382
95000000	100000000	10818.241
96000000	100000000	9236.038
97000000	100000000	9181.011
98000000	100000000	19961.234
99000000	100000000	184301.84
100000000	100000000	573456.44
0	101000000	455.01083
1000000	101000000	347.70062
2000000	101000000	369.2123
3000000	101000000	229.37822
4000000	101000000	202.03831
5000000	101000000	210.06563
6000000	101000000	754.7346
7000000	101000000	448.28592
8000000	101000000	1794.925
9000000	101000000	1200.4941
10000000	101000000	1230.6606
11000000	101000000	1670.6029
12000000	101000000	644.35205
13000000	101000000	295.5696
14000000	101000000	306.80246
15000000	101000000	249.86716
16000000	101000000	301.07254
17000000	101000000	694.6965
18000000	101000000	509.91843
19000000	101000000	790.37335
20000000	101000000	696.87634
21000000	101000000	1135.4387
22000000	101000000	2028.4834
23000000	101000000	1315.7727
24000000	101000000	763.33704
25000000	101000000	850.5796
26000000	101000000	1153.442
27000000	101000000	1771.926
28000000	101000000	2574.8296
29000000	101000000	2544.1772
30000000	101000000	1720.9869
31000000	101000000	515.0874
32000000	101000000	583.78625
33000000	101000000	708.7554
34000000	101000000	373.1642
35000000	101000000	401.82053
36000000	101000000	437.97726
37000000	101000000	1320.186
38000000	101000000	2081.9246
39000000	101000000	904.29553
40000000	101000000	735.04205
41000000	101000000	1710.4305
42000000	101000000	2224.223
43000000	101000000	501.96683
46000000	101000000	146.8399
47000000	101000000	536.7048
48000000	101000000	2093.8362
49000000	101000000	1193.1893
50000000	101000000	896.4622
51000000	101000000	711.76434
52000000	101000000	1399.4742
53000000	101000000	1397.6967
54000000	101000000	1942.4668
55000000	101000000	1489.2122
56000000	101000000	2272.5198
57000000	101000000	1592.0629
58000000	101000000	1719.6664
59000000	101000000	2395.788
60000000	101000000	1324.0839
61000000	101000000	2804.828
62000000	101000000	1910.4716
63000000	101000000	1209.5933
64000000	101000000	1520.7269
65000000	101000000	2126.2192
66000000	101000000	2819.033
67000000	101000000	3735.3074
68000000	101000000	2824.7615
69000000	101000000	1281.0566
70000000	101000000	2090.339
71000000	101000000	3005.4077
72000000	101000000	2331.247
73000000	101000000	1969.2703
74000000	101000000	3728.501
75000000	101000000	1586.561
76000000	101000000	1933.8662
77000000	101000000	1871.86
78000000	101000000	1356.1168
79000000	101000000	2331.9448
80000000	101000000	2888.4768
81000000	101000000	4063.2202
82000000	101000000	3542.6536
83000000	101000000	1619.6927
84000000	101000000	1760.6626
85000000	101000000	2063.9836
86000000	101000000	3106.1582
87000000	101000000	3110.173
88000000	101000000	1792.247
89000000	101000000	2098.1672
90000000	101000000	3934.898
91000000	101000000	3187.626
92000000	101000000	3222.9175
93000000	101000000	3204.5107
94000000	101000000	4802.1177
95000000	101000000	10571.038
96000000	101000000	9379.369
97000000	101000000	8261.863
98000000	101000000	17148.371
99000000	101000000	58598.46
100000000	101000000	105576.55
101000000	101000000	572410.8
0	102000000	458.87653
1000000	102000000	331.37506
2000000	102000000	342.03876
3000000	102000000	235.29254
4000000	102000000	235.68297
5000000	102000000	236.06377
6000000	102000000	688.66095
7000000	102000000	376.68503
8000000	102000000	1438.9034
9000000	102000000	1199.1335
10000000	102000000	1260.8485
11000000	102000000	1285.332
12000000	102000000	601.65546
13000000	102000000	332.11603
14000000	102000000	277.1025
15000000	102000000	253.58813
16000000	102000000	269.03833
17000000	102000000	644.8224
18000000	102000000	557.2144
19000000	102000000	762.3358
20000000	102000000	765.5163
21000000	102000000	1062.9401
22000000	102000000	1696.268
23000000	102000000	1253.1696
24000000	102000000	910.3965
25000000	102000000	912.2992
26000000	102000000	1081.7527
27000000	102000000	1633.0393
28000000	102000000	2147.7983
29000000	102000000	2030.1014
30000000	102000000	1578.5575
31000000	102000000	574.6957
32000000	102000000	625.87177
33000000	102000000	665.3518
34000000	102000000	380.78247
35000000	102000000	410.95517
36000000	102000000	531.5754
37000000	102000000	1292.5668
38000000	102000000	1674.4836
39000000	102000000	919.955
40000000	102000000	805.1547
41000000	102000000	1493.259
42000000	102000000	1735.931
43000000	102000000	515.20984
46000000	102000000	167.71518
47000000	102000000	581.3846
48000000	102000000	1867.2562
49000000	102000000	1326.0101
50000000	102000000	1010.42645
51000000	102000000	780.9201
52000000	102000000	1488.2134
53000000	102000000	1511.0798
54000000	102000000	1997.8837
55000000	102000000	1587.3033
56000000	102000000	2012.702
57000000	102000000	1795.6973
58000000	102000000	1880.0647
59000000	102000000	2480.4954
60000000	102000000	1506.8997
61000000	102000000	2492.7358
62000000	102000000	1898.9031
63000000	102000000	1320.7688
64000000	102000000	1605.5388
65000000	102000000	2154.7502
66000000	102000000	2677.5842
67000000	102000000	3530.4868
68000000	102000000	2767.1465
69000000	102000000	1495.5038
70000000	102000000	2030.09
71000000	102000000	2686.5251
72000000	102000000	2310.0137
73000000	102000000	2153.935
74000000	102000000	3476.8164
75000000	102000000	1688.3683
76000000	102000000	2077.403
77000000	102000000	1934.2568
78000000	102000000	1518.0063
79000000	102000000	2236.5479
80000000	102000000	2843.0793
81000000	102000000	3829.6357
82000000	102000000	3452.3416
83000000	102000000	1689.5536
84000000	102000000	1800.4999
85000000	102000000	2148.5583
86000000	102000000	3042.8208
87000000	102000000	2892.6958
88000000	102000000	1783.5056
89000000	102000000	2186.7244
90000000	102000000	3333.7285
91000000	102000000	3092.4456
92000000	102000000	3164.298
93000000	102000000	3477.2366
94000000	102000000	4571.1904
95000000	102000000	8526.66
96000000	102000000	7558.452
97000000	102000000	7440.815
98000000	102000000	12147.994
99000000	102000000	23661.234
100000000	102000000	29548.209
101000000	102000000	128902.85
102000000	102000000	528053.4
0	103000000	450.2104
1000000	103000000	312.38382
2000000	103000000	360.87408
3000000	103000000	208.06125
4000000	103000000	187.81287
5000000	103000000	172.45091
6000000	103000000	781.4099
7000000	103000000	213.96223
8000000	103000000	1896.9022
9000000	103000000	941.7712
10000000	103000000	927.61536
11000000	103000000	1602.4337
12000000	103000000	603.2793
13000000	103000000	265.99496
14000000	103000000	226.55772
15000000	103000000	197.39423
16000000	103000000	251.72772
17000000	103000000	683.4751
18000000	103000000	433.30334
19000000	103000000	647.72943
20000000	103000000	533.0097
21000000	103000000	942.34875
22000000	103000000	2140.4348
23000000	103000000	1067.0643
24000000	103000000	599.38635
25000000	103000000	693.93896
26000000	103000000	967.67706
27000000	103000000	1521.998
28000000	103000000	2425.4497
29000000	103000000	2516.2463
30000000	103000000	1527.3025
31000000	103000000	417.7599
32000000	103000000	472.90915
33000000	103000000	665.03503
34000000	103000000	286.70953
35000000	103000000	329.15622
36000000	103000000	390.72476
37000000	103000000	1331.0145
38000000	103000000	2331.8643
39000000	103000000	866.7999
40000000	103000000	522.7259
41000000	103000000	1606.0365
42000000	103000000	2291.4722
43000000	103000000	488.8613
46000000	103000000	127.98161
47000000	103000000	401.3576
48000000	103000000	2272.5613
49000000	103000000	997.72906
50000000	103000000	920.79553
51000000	103000000	709.3803
52000000	103000000	1562.5714
53000000	103000000	1132.1506
54000000	103000000	2045.182
55000000	103000000	1264.9901
56000000	103000000	2518.76
57000000	103000000	1230.274
58000000	103000000	1442.3732
59000000	103000000	2624.4028
60000000	103000000	1185.0574
61000000	103000000	3162.4094
62000000	103000000	1825.8824
63000000	103000000	1019.5802
64000000	103000000	1266.7303
65000000	103000000	2242.9348
66000000	103000000	3127.9194
67000000	103000000	3372.5107
68000000	103000000	2598.4192
69000000	103000000	925.1918
70000000	103000000	2102.525
71000000	103000000	3379.7615
72000000	103000000	2284.6223
73000000	103000000	1689.6779
74000000	103000000	3832.6768
75000000	103000000	1275.2765
76000000	103000000	2066.6694
77000000	103000000	1767.0051
78000000	103000000	1182.741
79000000	103000000	2360.4058
80000000	103000000	2988.9011
81000000	103000000	4303.073
82000000	103000000	3349.353
83000000	103000000	1310.092
84000000	103000000	1446.8754
85000000	103000000	1815.3912
86000000	103000000	2807.8972
87000000	103000000	2784.9363
88000000	103000000	1541.9233
89000000	103000000	1845.2479
90000000	103000000	4279.039
91000000	103000000	2928.4553
92000000	103000000	2733.4294
93000000	103000000	2591.8457
94000000	103000000	3696.871
95000000	103000000	9064.158
96000000	103000000	6658.5537
97000000	103000000	4566.7427
98000000	103000000	8356.284
99000000	103000000	15124.151
100000000	103000000	18317.771
101000000	103000000	48291.727
102000000	103000000	192155.61
103000000	103000000	593262.75
0	104000000	586.76556
1000000	104000000	547.1643
2000000	104000000	529.6873
3000000	104000000	465.25156
4000000	104000000	455.09546
5000000	104000000	518.78326
6000000	104000000	947.6942
7000000	104000000	489.75797
8000000	104000000	1022.09515
9000000	104000000	977.9692
10000000	104000000	966.9203
11000000	104000000	1033.3986
12000000	104000000	869.48175
13000000	104000000	662.5707
14000000	104000000	602.4486
15000000	104000000	568.2047
16000000	104000000	612.0115
17000000	104000000	989.42847
18000000	104000000	847.3179
19000000	104000000	917.84546
20000000	104000000	857.52454
21000000	104000000	973.23645
22000000	104000000	1149.974
23000000	104000000	1139.7307
24000000	104000000	1018.80896
25000000	104000000	1054.8986
26000000	104000000	1163.7711
27000000	104000000	1363.4467
28000000	104000000	1196.7378
29000000	104000000	1086.2701
30000000	104000000	1550.0763
31000000	104000000	1035.0532
32000000	104000000	959.94
33000000	104000000	1093.0422
34000000	104000000	738.91815
35000000	104000000	818.67267
36000000	104000000	863.24915
37000000	104000000	1232.3628
38000000	104000000	1531.842
39000000	104000000	1291.7117
40000000	104000000	1183.3701
41000000	104000000	1523.0807
42000000	104000000	1541.5234
43000000	104000000	995.5295
46000000	104000000	398.9686
47000000	104000000	1077.1633
48000000	104000000	2436.6726
49000000	104000000	2257.046
50000000	104000000	1806.3253
51000000	104000000	1743.2443
52000000	104000000	2234.9578
53000000	104000000	2628.6418
54000000	104000000	2612.3342
55000000	104000000	2642.2803
56000000	104000000	3031.3577
57000000	104000000	2993.4282
58000000	104000000	2736.2947
59000000	104000000	2773.4023
60000000	104000000	2449.3428
61000000	104000000	2851.2568
62000000	104000000	2947.1997
63000000	104000000	2713.1057
64000000	104000000	3077.318
65000000	104000000	2854.0964
66000000	104000000	3195.8872
67000000	104000000	3954.9153
68000000	104000000	3757.5518
69000000	104000000	3303.4487
70000000	104000000	3593.8174
71000000	104000000	3535.0764
72000000	104000000	3738.9849
73000000	104000000	3973.1982
74000000	104000000	4731.142
75000000	104000000	4169.7607
76000000	104000000	3767.3225
77000000	104000000	3885.042
78000000	104000000	3775.4565
79000000	104000000	4725.3857
80000000	104000000	4726.197
81000000	104000000	5493.304
82000000	104000000	5770.108
83000000	104000000	4969.8145
84000000	104000000	4590.9775
85000000	104000000	4891.476
86000000	104000000	5020.989
87000000	104000000	6152.6187
88000000	104000000	4765.7505
89000000	104000000	5126.4204
90000000	104000000	6232.9756
91000000	104000000	6407.7847
92000000	104000000	6900.11
93000000	104000000	6870.364
94000000	104000000	8287.623
95000000	104000000	8962.403
96000000	104000000	9687.704
97000000	104000000	11357.364
98000000	104000000	14038.141
99000000	104000000	13213.09
100000000	104000000	12238.472
101000000	104000000	18848.807
102000000	104000000	30366.688
103000000	104000000	82234.84
104000000	104000000	471944.7
0	105000000	562.7097
1000000	105000000	403.12912
2000000	105000000	593.44244
3000000	105000000	463.27832
4000000	105000000	443.8727
5000000	105000000	521.3192
6000000	105000000	848.6768
7000000	105000000	307.91202
8000000	105000000	926.8178
9000000	105000000	722.9384
10000000	105000000	730.65515
11000000	105000000	814.31244
12000000	105000000	787.80176
13000000	105000000	687.13275
14000000	105000000	629.81024
15000000	105000000	503.26663
16000000	105000000	606.8506
17000000	105000000	900.8267
18000000	105000000	733.7533
19000000	105000000	786.0848
20000000	105000000	638.0858
21000000	105000000	756.1383
22000000	105000000	839.68066
23000000	105000000	970.79565
24000000	105000000	904.6712
25000000	105000000	819.70166
26000000	105000000	974.45996
27000000	105000000	956.77106
28000000	105000000	842.4354
29000000	105000000	1007.06195
30000000	105000000	1153.1034
31000000	105000000	978.3613
32000000	105000000	986.76447
33000000	105000000	991.42554
34000000	105000000	773.48236
35000000	105000000	746.22754
36000000	105000000	791.23804
37000000	105000000	1035.1829
38000000	105000000	1229.3204
39000000	105000000	1371.3859
40000000	105000000	1034.2279
41000000	105000000	1137.4009
42000000	105000000	1285.3307
43000000	105000000	834.74725
46000000	105000000	341.3697
47000000	105000000	1048.1838
48000000	105000000	1959.5065
49000000	105000000	1828.25
50000000	105000000	1888.8303
51000000	105000000	1766.5973
52000000	105000000	2313.9094
53000000	105000000	2214.4468
54000000	105000000	2156.1753
55000000	105000000	2173.4292
56000000	105000000	2604.1758
57000000	105000000	2506.6243
58000000	105000000	2362.2737
59000000	105000000	2775.6096
60000000	105000000	2288.1404
61000000	105000000	2568.5947
62000000	105000000	2757.475
63000000	105000000	2579.6414
64000000	105000000	3022.548
65000000	105000000	3317.6523
66000000	105000000	3260.2336
67000000	105000000	2854.673
68000000	105000000	3138.9514
69000000	105000000	3338.412
70000000	105000000	3463.64
71000000	105000000	3269.9846
72000000	105000000	3679.3865
73000000	105000000	3520.1748
74000000	105000000	3823.8953
75000000	105000000	3886.4387
76000000	105000000	4404.0063
77000000	105000000	3775.3113
78000000	105000000	3729.5315
79000000	105000000	5096.012
80000000	105000000	4649.531
81000000	105000000	4800.5967
82000000	105000000	5359.4204
83000000	105000000	4981.0083
84000000	105000000	4478.4272
85000000	105000000	4934.7964
86000000	105000000	4463.8066
87000000	105000000	5263.5137
88000000	105000000	4517.301
89000000	105000000	5064.808
90000000	105000000	6022.7983
91000000	105000000	6002.0474
92000000	105000000	6725.1826
93000000	105000000	6750.382
94000000	105000000	7180.8438
95000000	105000000	6755.1094
96000000	105000000	7989.3975
97000000	105000000	9329.3955
98000000	105000000	10222.121
99000000	105000000	8248.56
100000000	105000000	8140.097
101000000	105000000	8651.489
102000000	105000000	11708.578
103000000	105000000	15412.473
104000000	105000000	95003.74
105000000	105000000	496008.75
0	106000000	483.40784
1000000	106000000	429.56805
2000000	106000000	651.11237
3000000	106000000	662.3677
4000000	106000000	725.0599
5000000	106000000	809.9366
6000000	106000000	700.1023
7000000	106000000	481.62375
8000000	106000000	393.70053
9000000	106000000	554.40967
10000000	106000000	543.09106
11000000	106000000	456.69833
12000000	106000000	663.2048
13000000	106000000	901.19617
14000000	106000000	915.0025
15000000	106000000	873.47217
16000000	106000000	875.32745
17000000	106000000	913.696
18000000	106000000	922.48553
19000000	106000000	772.02075
20000000	106000000	752.0123
21000000	106000000	571.0504
22000000	106000000	401.9696
23000000	106000000	764.6608
24000000	106000000	1078.2767
25000000	106000000	898.1728
26000000	106000000	799.26526
27000000	106000000	632.70013
28000000	106000000	406.71567
29000000	106000000	379.10635
30000000	106000000	800.7023
31000000	106000000	1331.6022
32000000	106000000	1161.1661
33000000	106000000	954.4651
34000000	106000000	1223.5255
35000000	106000000	1043.6166
36000000	106000000	1131.2649
37000000	106000000	748.93445
38000000	106000000	680.44556
39000000	106000000	1291.5768
40000000	106000000	1356.7012
41000000	106000000	746.7778
42000000	106000000	672.73425
43000000	106000000	942.99005
46000000	106000000	660.1913
47000000	106000000	1487.7972
48000000	106000000	1369.1635
49000000	106000000	2099.1501
50000000	106000000	2237.4204
51000000	106000000	2195.597
52000000	106000000	1818.7184
53000000	106000000	2448.895
54000000	106000000	1948.4104
55000000	106000000	2417.1956
56000000	106000000	2048.7974
57000000	106000000	2645.5574
58000000	106000000	2457.714
59000000	106000000	1792.5077
60000000	106000000	2720.033
61000000	106000000	1603.6807
62000000	106000000	2312.602
63000000	106000000	3337.7532
64000000	106000000	3301.4597
65000000	106000000	2511.1418
66000000	106000000	2149.6216
67000000	106000000	1942.2236
68000000	106000000	2612.3362
69000000	106000000	4447.465
70000000	106000000	3309.0166
71000000	106000000	2349.813
72000000	106000000	3310.9841
73000000	106000000	3873.2373
74000000	106000000	2620.5437
75000000	106000000	4929.8765
76000000	106000000	4131.5674
77000000	106000000	3948.3137
78000000	106000000	5059.398
79000000	106000000	4885.087
80000000	106000000	4418.439
81000000	106000000	3405.3447
82000000	106000000	4790.6226
83000000	106000000	6911.684
84000000	106000000	6204.4307
85000000	106000000	5993.6826
86000000	106000000	4227.653
87000000	106000000	5740.6943
88000000	106000000	6223.55
89000000	106000000	6550.1807
90000000	106000000	5235.5967
91000000	106000000	6146.1284
92000000	106000000	8117.525
93000000	106000000	8230.145
94000000	106000000	7641.74
95000000	106000000	3937.1326
96000000	106000000	6769.0454
97000000	106000000	10021.504
98000000	106000000	8681.98
99000000	106000000	4751.061
100000000	106000000	4062.2075
101000000	106000000	4138.873
102000000	106000000	5624.0894
103000000	106000000	4888.0244
104000000	106000000	35011.066
105000000	106000000	117536.51
106000000	106000000	473935.44
0	107000000	527.6359
1000000	107000000	426.11996
2000000	107000000	546.6576
3000000	107000000	529.8754
4000000	107000000	538.64435
5000000	107000000	645.9264
6000000	107000000	779.51434
7000000	107000000	212.84308
8000000	107000000	636.052
9000000	107000000	656.0084
10000000	107000000	638.8361
11000000	107000000	636.64453
12000000	107000000	731.5109
13000000	107000000	761.4442
14000000	107000000	742.2182
15000000	107000000	597.65045
16000000	107000000	754.14777
17000000	107000000	969.091
18000000	107000000	758.8465
19000000	107000000	776.7131
20000000	107000000	707.2779
21000000	107000000	653.9735
22000000	107000000	559.9942
23000000	107000000	765.0959
24000000	107000000	879.55396
25000000	107000000	867.96234
26000000	107000000	907.3039
27000000	107000000	803.3574
28000000	107000000	624.69727
29000000	107000000	567.79114
30000000	107000000	994.38324
31000000	107000000	1114.808
32000000	107000000	1061.8085
33000000	107000000	1028.8887
34000000	107000000	818.6579
35000000	107000000	862.62134
36000000	107000000	947.2505
37000000	107000000	905.69495
38000000	107000000	972.5402
39000000	107000000	1292.0642
40000000	107000000	1063.3986
41000000	107000000	983.6952
42000000	107000000	981.70087
43000000	107000000	945.228
46000000	107000000	450.13953
47000000	107000000	1163.2136
48000000	107000000	1737.0623
49000000	107000000	1882.6611
50000000	107000000	1907.3784
51000000	107000000	1773.9326
52000000	107000000	1918.5774
53000000	107000000	2183.1035
54000000	107000000	2030.218
55000000	107000000	2230.3518
56000000	107000000	2285.0195
57000000	107000000	2407.583
58000000	107000000	2188.9675
59000000	107000000	2222.9446
60000000	107000000	2447.7632
61000000	107000000	2135.7551
62000000	107000000	2536.3235
63000000	107000000	2705.7427
64000000	107000000	3014.593
65000000	107000000	2745.238
66000000	107000000	2644.6724
67000000	107000000	2427.513
68000000	107000000	2913.8892
69000000	107000000	3630.571
70000000	107000000	3407.1597
71000000	107000000	2933.629
72000000	107000000	3286.0027
73000000	107000000	3511.1367
74000000	107000000	3379.839
75000000	107000000	4099.536
76000000	107000000	3832.7878
77000000	107000000	3682.109
78000000	107000000	4151.4316
79000000	107000000	4910.23
80000000	107000000	4530.5254
81000000	107000000	4228.6255
82000000	107000000	5096.045
83000000	107000000	5504.7056
84000000	107000000	5109.7275
85000000	107000000	5067.564
86000000	107000000	4310.8643
87000000	107000000	5642.3003
88000000	107000000	5029.74
89000000	107000000	5355.4863
90000000	107000000	5402.8516
91000000	107000000	5841.4937
92000000	107000000	6887.4004
93000000	107000000	7106.4536
94000000	107000000	7307.6743
95000000	107000000	5571.7974
96000000	107000000	6675.793
97000000	107000000	8667.129
98000000	107000000	8466.439
99000000	107000000	5803.381
100000000	107000000	5070.187
101000000	107000000	5217.75
102000000	107000000	6765.1167
103000000	107000000	6534.4487
104000000	107000000	21808.184
105000000	107000000	36833.99
106000000	107000000	103078.96
107000000	107000000	477536.34
0	108000000	496.8684
1000000	108000000	443.6483
2000000	108000000	584.95544
3000000	108000000	633.89655
4000000	108000000	599.3376
5000000	108000000	771.3224
6000000	108000000	643.1081
7000000	108000000	419.82745
8000000	108000000	366.49316
9000000	108000000	576.9604
10000000	108000000	560.039
11000000	108000000	438.76123
12000000	108000000	576.97253
13000000	108000000	969.5534
14000000	108000000	887.6895
15000000	108000000	809.93933
16000000	108000000	908.15564
17000000	108000000	871.6616
18000000	108000000	925.2409
19000000	108000000	803.8066
20000000	108000000	748.1019
21000000	108000000	544.4229
22000000	108000000	401.40326
23000000	108000000	677.94366
24000000	108000000	1057.375
25000000	108000000	835.2777
26000000	108000000	761.24365
27000000	108000000	631.2377
28000000	108000000	389.5541
29000000	108000000	375.7008
30000000	108000000	756.0849
31000000	108000000	1244.1721
32000000	108000000	1106.7532
33000000	108000000	956.41046
34000000	108000000	1189.134
35000000	108000000	990.16266
36000000	108000000	1042.6284
37000000	108000000	705.6458
38000000	108000000	617.9725
39000000	108000000	1179.1243
40000000	108000000	1338.321
41000000	108000000	734.37964
42000000	108000000	648.5717
43000000	108000000	999.2063
46000000	108000000	544.94745
47000000	108000000	1482.172
48000000	108000000	1313.0173
49000000	108000000	1989.7316
50000000	108000000	2032.6205
51000000	108000000	2080.637
52000000	108000000	1577.2838
53000000	108000000	2346.2976
54000000	108000000	1749.0092
55000000	108000000	2217.7903
56000000	108000000	1882.9718
57000000	108000000	2444.6445
58000000	108000000	2255.466
59000000	108000000	1624.3566
60000000	108000000	2481.5452
61000000	108000000	1586.2574
62000000	108000000	2149.9683
63000000	108000000	3225.7153
64000000	108000000	3068.6755
65000000	108000000	2240.2122
66000000	108000000	2002.9948
67000000	108000000	1824.4396
68000000	108000000	2560.411
69000000	108000000	4422.151
70000000	108000000	3168.4204
71000000	108000000	2181.444
72000000	108000000	3017.3464
73000000	108000000	3686.9941
74000000	108000000	2486.3684
75000000	108000000	4611.4155
76000000	108000000	3635.4692
77000000	108000000	3780.4978
78000000	108000000	4702.1724
79000000	108000000	4573.2305
80000000	108000000	4239.099
81000000	108000000	3345.955
82000000	108000000	4585.8423
83000000	108000000	6693.5913
84000000	108000000	5949.4756
85000000	108000000	5620.9907
86000000	108000000	4152.261
87000000	108000000	5640.748
88000000	108000000	6271.8022
89000000	108000000	6333.4917
90000000	108000000	4958.402
91000000	108000000	5685.101
92000000	108000000	7874.981
93000000	108000000	7623.19
94000000	108000000	7484.91
95000000	108000000	3755.2988
96000000	108000000	6156.099
97000000	108000000	8775.611
98000000	108000000	7552.9526
99000000	108000000	3769.567
100000000	108000000	3200.308
101000000	108000000	3123.293
102000000	108000000	4033.9956
103000000	108000000	3442.526
104000000	108000000	15151.483
105000000	108000000	19739.557
106000000	108000000	44068.93
107000000	108000000	107617.71
108000000	108000000	468343.1
0	109000000	504.33173
1000000	109000000	387.61526
2000000	109000000	517.5734
3000000	109000000	539.0992
4000000	109000000	479.0221
5000000	109000000	614.0853
6000000	109000000	699.8158
7000000	109000000	239.33192
8000000	109000000	568.27203
9000000	109000000	695.4279
10000000	109000000	578.2201
11000000	109000000	574.0429
12000000	109000000	740.8391
13000000	109000000	676.6542
14000000	109000000	654.2242
15000000	109000000	615.6318
16000000	109000000	731.4878
17000000	109000000	993.20905
18000000	109000000	786.1588
19000000	109000000	702.8711
20000000	109000000	597.15546
21000000	109000000	582.23236
22000000	109000000	583.3957
23000000	109000000	763.7944
24000000	109000000	821.7417
25000000	109000000	798.5426
26000000	109000000	858.367
27000000	109000000	831.8205
28000000	109000000	605.9201
29000000	109000000	578.88257
30000000	109000000	1045.9111
31000000	109000000	1057.03
32000000	109000000	963.70166
33000000	109000000	926.9282
34000000	109000000	845.9747
35000000	109000000	808.54254
36000000	109000000	891.8523
37000000	109000000	906.0885
38000000	109000000	957.902
39000000	109000000	1241.2944
40000000	109000000	1022.2885
41000000	109000000	883.8759
42000000	109000000	1004.7515
43000000	109000000	965.59454
46000000	109000000	399.9293
47000000	109000000	1090.3364
48000000	109000000	1730.3214
49000000	109000000	1808.9423
50000000	109000000	1793.7166
51000000	109000000	1638.9597
52000000	109000000	1739.3569
53000000	109000000	2133.4133
54000000	109000000	1942.5543
55000000	109000000	2063.7058
56000000	109000000	2187.5923
57000000	109000000	2321.7637
58000000	109000000	2007.403
59000000	109000000	2002.501
60000000	109000000	2210.276
61000000	109000000	1962.5464
62000000	109000000	2290.047
63000000	109000000	2693.7034
64000000	109000000	2849.9436
65000000	109000000	2553.2817
66000000	109000000	2482.4187
67000000	109000000	2359.12
68000000	109000000	2789.5225
69000000	109000000	3361.2598
70000000	109000000	3036.8545
71000000	109000000	2640.628
72000000	109000000	3024.7258
73000000	109000000	3186.066
74000000	109000000	3338.4507
75000000	109000000	3823.4302
76000000	109000000	3856.0598
77000000	109000000	3497.9033
78000000	109000000	4012.6013
79000000	109000000	4607.733
80000000	109000000	4270.186
81000000	109000000	3709.59
82000000	109000000	4999.7275
83000000	109000000	5562.7163
84000000	109000000	5039.789
85000000	109000000	5026.1353
86000000	109000000	4340.6523
87000000	109000000	5649.311
88000000	109000000	5098.3496
89000000	109000000	5402.291
90000000	109000000	5409.13
91000000	109000000	5861.6157
92000000	109000000	6496.3496
93000000	109000000	6407.232
94000000	109000000	6738.8643
95000000	109000000	5310.4624
96000000	109000000	6176.092
97000000	109000000	7496.5054
98000000	109000000	6951.2603
99000000	109000000	4953.5234
100000000	109000000	4201.1245
101000000	109000000	4409.7456
102000000	109000000	5063.849
103000000	109000000	5028.9165
104000000	109000000	12824.66
105000000	109000000	14892.94
106000000	109000000	19991.771
107000000	109000000	33914.4
108000000	109000000	106110.914
109000000	109000000	463651.94
0	110000000	492.10715
1000000	110000000	386.32846
2000000	110000000	517.06244
3000000	110000000	398.68414
4000000	110000000	428.3897
5000000	110000000	501.41733
6000000	110000000	727.01056
7000000	110000000	175.04721
8000000	110000000	713.1108
9000000	110000000	661.4337
10000000	110000000	562.0882
11000000	110000000	665.97974
12000000	110000000	666.30756
13000000	110000000	611.87933
14000000	110000000	598.1633
15000000	110000000	470.53934
16000000	110000000	593.53314
17000000	110000000	941.0221
18000000	110000000	669.5175
19000000	110000000	641.35455
20000000	110000000	504.59174
21000000	110000000	588.3227
22000000	110000000	683.7724
23000000	110000000	732.2303
24000000	110000000	753.31525
25000000	110000000	673.6388
26000000	110000000	880.14874
27000000	110000000	875.24854
28000000	110000000	760.0087
29000000	110000000	766.38574
30000000	110000000	1087.5898
31000000	110000000	971.0966
32000000	110000000	930.2222
33000000	110000000	868.8771
34000000	110000000	618.05585
35000000	110000000	670.8791
36000000	110000000	757.3326
37000000	110000000	887.3653
38000000	110000000	1153.8678
39000000	110000000	1229.3782
40000000	110000000	873.9364
41000000	110000000	947.74243
42000000	110000000	1165.2738
43000000	110000000	927.6013
46000000	110000000	321.23645
47000000	110000000	1022.6537
48000000	110000000	1831.3447
49000000	110000000	1509.9546
50000000	110000000	1633.7526
51000000	110000000	1488.1294
52000000	110000000	1924.0476
53000000	110000000	1846.6371
54000000	110000000	1889.0499
55000000	110000000	1828.5923
56000000	110000000	2318.102
57000000	110000000	2137.8325
58000000	110000000	2005.4387
59000000	110000000	2200.0403
60000000	110000000	2018.084
61000000	110000000	2235.638
62000000	110000000	2544.1003
63000000	110000000	2322.456
64000000	110000000	2645.4224
65000000	110000000	2768.2588
66000000	110000000	2694.002
67000000	110000000	2592.2512
68000000	110000000	2916.0188
69000000	110000000	2929.319
70000000	110000000	3180.884
71000000	110000000	3173.6462
72000000	110000000	3075.8584
73000000	110000000	3027.8818
74000000	110000000	3589.5625
75000000	110000000	3542.3394
76000000	110000000	3938.1516
77000000	110000000	3484.0422
78000000	110000000	3550.2441
79000000	110000000	4894.181
80000000	110000000	4387.0405
81000000	110000000	4121.9365
82000000	110000000	5053.572
83000000	110000000	4917.822
84000000	110000000	4433.1543
85000000	110000000	4670.25
86000000	110000000	4141.7905
87000000	110000000	5356.2827
88000000	110000000	4382.281
89000000	110000000	4762.6455
90000000	110000000	5698.0654
91000000	110000000	5826.774
92000000	110000000	6282.264
93000000	110000000	5664.153
94000000	110000000	6005.638
95000000	110000000	5658.955
96000000	110000000	5809.5796
97000000	110000000	6123.681
98000000	110000000	6147.733
99000000	110000000	5255.3237
100000000	110000000	5170.4946
101000000	110000000	4738.1265
102000000	110000000	5229.761
103000000	110000000	5821.522
104000000	110000000	10888.174
105000000	110000000	12419.716
106000000	110000000	13297.061
107000000	110000000	19496.365
108000000	110000000	30170.111
109000000	110000000	126835.41
110000000	110000000	482118.03
0	111000000	418.99875
1000000	111000000	349.95636
2000000	111000000	579.8212
3000000	111000000	601.6673
4000000	111000000	602.82874
5000000	111000000	653.4587
6000000	111000000	486.18817
7000000	111000000	399.2839
8000000	111000000	356.7129
9000000	111000000	458.69382
10000000	111000000	412.7917
11000000	111000000	390.9107
12000000	111000000	541.2382
13000000	111000000	812.53394
14000000	111000000	794.0181
15000000	111000000	714.02826
16000000	111000000	814.15497
17000000	111000000	825.3774
18000000	111000000	831.27673
19000000	111000000	684.4417
20000000	111000000	538.7805
21000000	111000000	452.49408
22000000	111000000	329.01593
23000000	111000000	585.973
24000000	111000000	867.3646
25000000	111000000	705.89575
26000000	111000000	645.6302
27000000	111000000	509.57468
28000000	111000000	395.25745
29000000	111000000	355.59717
30000000	111000000	757.28973
31000000	111000000	1159.5638
32000000	111000000	917.2057
33000000	111000000	867.704
34000000	111000000	1048.6136
35000000	111000000	962.8556
36000000	111000000	922.8693
37000000	111000000	639.9466
38000000	111000000	612.578
39000000	111000000	1141.5371
40000000	111000000	1077.3059
41000000	111000000	640.61975
42000000	111000000	561.53784
43000000	111000000	890.7481
46000000	111000000	469.134
47000000	111000000	1323.4741
48000000	111000000	1213.4644
49000000	111000000	1623.2427
50000000	111000000	2126.8315
51000000	111000000	2123.1611
52000000	111000000	1650.5297
53000000	111000000	2070.0327
54000000	111000000	1640.8225
55000000	111000000	1955.454
56000000	111000000	1835.1508
57000000	111000000	2254.4753
58000000	111000000	2040.4733
59000000	111000000	1598.5548
60000000	111000000	2547.2605
61000000	111000000	1556.1089
62000000	111000000	2123.8188
63000000	111000000	3175.2012
64000000	111000000	2990.8206
65000000	111000000	2330.9785
66000000	111000000	2033.8763
67000000	111000000	1892.2036
68000000	111000000	2344.1511
69000000	111000000	4117.7476
70000000	111000000	2817.4739
71000000	111000000	2357.4548
72000000	111000000	3004.8647
73000000	111000000	3325.4307
74000000	111000000	2498.873
75000000	111000000	4396.909
76000000	111000000	4195.8184
77000000	111000000	4035.911
78000000	111000000	4685.6675
79000000	111000000	4971.554
80000000	111000000	4245.9336
81000000	111000000	3224.007
82000000	111000000	4678.062
83000000	111000000	6782.517
84000000	111000000	5847.3267
85000000	111000000	5957.4185
86000000	111000000	4229.101
87000000	111000000	5505.996
88000000	111000000	5853.2354
89000000	111000000	6137.901
90000000	111000000	5259.3164
91000000	111000000	6109.652
92000000	111000000	7300.552
93000000	111000000	6838.6396
94000000	111000000	6199.61
95000000	111000000	3325.204
96000000	111000000	4756.9272
97000000	111000000	6324.762
98000000	111000000	5285.713
99000000	111000000	3151.7393
100000000	111000000	2728.768
101000000	111000000	2436.7053
102000000	111000000	2665.4055
103000000	111000000	2582.3665
104000000	111000000	8757.144
105000000	111000000	10029.634
106000000	111000000	15436.804
107000000	111000000	16184.834
108000000	111000000	27257.049
109000000	111000000	40777.7
110000000	111000000	112627.15
111000000	111000000	499762.8
0	112000000	473.53284
1000000	112000000	409.90543
2000000	112000000	609.21765
3000000	112000000	598.9186
4000000	112000000	682.6269
5000000	112000000	760.29486
6000000	112000000	489.92014
7000000	112000000	452.2379
8000000	112000000	305.81284
9000000	112000000	462.6681
10000000	112000000	413.01047
11000000	112000000	328.4614
12000000	112000000	580.64325
13000000	112000000	897.0744
14000000	112000000	804.44916
15000000	112000000	816.3857
16000000	112000000	911.34595
17000000	112000000	744.0499
18000000	112000000	779.2911
19000000	112000000	597.40076
20000000	112000000	517.4875
21000000	112000000	398.57117
22000000	112000000	315.22775
23000000	112000000	529.9765
24000000	112000000	864.78925
25000000	112000000	722.08405
26000000	112000000	683.8865
27000000	112000000	470.20844
28000000	112000000	351.6171
29000000	112000000	299.70865
30000000	112000000	612.365
31000000	112000000	1167.7156
32000000	112000000	998.10626
33000000	112000000	833.7316
34000000	112000000	1054.8872
35000000	112000000	1013.0446
36000000	112000000	935.80493
37000000	112000000	597.02655
38000000	112000000	548.9561
39000000	112000000	1115.0826
40000000	112000000	1039.6807
41000000	112000000	549.8083
42000000	112000000	551.7473
43000000	112000000	1015.4861
46000000	112000000	632.1723
47000000	112000000	1456.0267
48000000	112000000	1116.9988
49000000	112000000	1658.7365
50000000	112000000	2338.3003
51000000	112000000	2291.7822
52000000	112000000	1725.6249
53000000	112000000	2080.2986
54000000	112000000	1784.8422
55000000	112000000	2254.107
56000000	112000000	1800.1339
57000000	112000000	2359.9248
58000000	112000000	2152.4185
59000000	112000000	1730.4022
60000000	112000000	2823.2612
61000000	112000000	1618.522
62000000	112000000	2219.1445
63000000	112000000	3261.9998
64000000	112000000	3302.784
65000000	112000000	2493.645
66000000	112000000	2076.5085
67000000	112000000	1890.3702
68000000	112000000	2398.0708
69000000	112000000	4643.5874
70000000	112000000	3294.971
71000000	112000000	2272.0984
72000000	112000000	3119.838
73000000	112000000	3612.2048
74000000	112000000	2578.2988
75000000	112000000	4789.3315
76000000	112000000	4352.19
77000000	112000000	4096.996
78000000	112000000	5034.0347
79000000	112000000	5024.5894
80000000	112000000	4459.6206
81000000	112000000	3244.7854
82000000	112000000	4872.972
83000000	112000000	7244.0815
84000000	112000000	6470.155
85000000	112000000	6320.212
86000000	112000000	4439.651
87000000	112000000	5999.0195
88000000	112000000	6791.5317
89000000	112000000	6682.897
90000000	112000000	5438.883
91000000	112000000	6474.893
92000000	112000000	7856.5566
93000000	112000000	7387.078
94000000	112000000	6475.1104
95000000	112000000	3288.8005
96000000	112000000	4745.007
97000000	112000000	6472.803
98000000	112000000	5328.019
99000000	112000000	2910.0374
100000000	112000000	2702.6936
101000000	112000000	2231.001
102000000	112000000	2585.459
103000000	112000000	2069.0088
104000000	112000000	8414.13
105000000	112000000	9324.284
106000000	112000000	14638.898
107000000	112000000	13780.441
108000000	112000000	20879.795
109000000	112000000	23015.03
110000000	112000000	32091.078
111000000	112000000	97051.77
112000000	112000000	489788.0
0	113000000	451.82425
1000000	113000000	437.21606
2000000	113000000	573.97516
3000000	113000000	635.2011
4000000	113000000	700.1039
5000000	113000000	684.33
6000000	113000000	437.77872
7000000	113000000	315.26538
8000000	113000000	314.1988
9000000	113000000	393.9093
10000000	113000000	405.36917
11000000	113000000	309.2853
12000000	113000000	469.87155
13000000	113000000	855.4108
14000000	113000000	865.77216
15000000	113000000	722.0831
16000000	113000000	836.92834
17000000	113000000	712.6087
18000000	113000000	748.247
19000000	113000000	602.8636
20000000	113000000	478.7017
21000000	113000000	381.0975
22000000	113000000	282.89386
23000000	113000000	500.61472
24000000	113000000	810.3316
25000000	113000000	696.3647
26000000	113000000	634.98254
27000000	113000000	436.5562
28000000	113000000	326.07837
29000000	113000000	324.83084
30000000	113000000	607.90424
31000000	113000000	1185.4622
32000000	113000000	943.69366
33000000	113000000	777.2469
34000000	113000000	1069.1783
35000000	113000000	995.994
36000000	113000000	882.2643
37000000	113000000	520.94855
38000000	113000000	476.9719
39000000	113000000	1122.8383
40000000	113000000	1024.3977
41000000	113000000	541.3294
42000000	113000000	524.5915
43000000	113000000	912.8121
46000000	113000000	559.7419
47000000	113000000	1369.0327
48000000	113000000	1061.346
49000000	113000000	1575.7045
50000000	113000000	2278.6633
51000000	113000000	2250.0757
52000000	113000000	1599.2319
53000000	113000000	1970.7444
54000000	113000000	1656.216
55000000	113000000	2003.0781
56000000	113000000	1631.7657
57000000	113000000	2273.5234
58000000	113000000	1974.9766
59000000	113000000	1575.0148
60000000	113000000	2609.8472
61000000	113000000	1336.6361
62000000	113000000	2111.2378
63000000	113000000	3377.2805
64000000	113000000	3198.5989
65000000	113000000	2395.6194
66000000	113000000	1899.7506
67000000	113000000	1713.7988
68000000	113000000	2272.7058
69000000	113000000	4321.802
70000000	113000000	2972.7124
71000000	113000000	2107.9827
72000000	113000000	2981.4502
73000000	113000000	3383.9822
74000000	113000000	2291.6323
75000000	113000000	4669.223
76000000	113000000	4291.401
77000000	113000000	4209.9175
78000000	113000000	5092.0537
79000000	113000000	5029.474
80000000	113000000	4329.5703
81000000	113000000	3058.4653
82000000	113000000	4545.76
83000000	113000000	7093.6294
84000000	113000000	6414.7153
85000000	113000000	6196.5127
86000000	113000000	4370.089
87000000	113000000	5853.667
88000000	113000000	6840.7188
89000000	113000000	6709.49
90000000	113000000	5391.642
91000000	113000000	6249.1045
92000000	113000000	7660.577
93000000	113000000	7291.161
94000000	113000000	5943.517
95000000	113000000	3020.3535
96000000	113000000	4387.3623
97000000	113000000	5818.54
98000000	113000000	4704.996
99000000	113000000	2646.1514
100000000	113000000	2329.3054
101000000	113000000	1909.1332
102000000	113000000	2164.2522
103000000	113000000	1776.8864
104000000	113000000	7145.829
105000000	113000000	7984.0796
106000000	113000000	12444.622
107000000	113000000	10768.364
108000000	113000000	15440.034
109000000	113000000	14335.648
110000000	113000000	15589.609
111000000	113000000	28895.154
112000000	113000000	91356.38
113000000	113000000	476650.94
0	114000000	459.88284
1000000	114000000	335.29514
2000000	114000000	555.51874
3000000	114000000	408.77203
4000000	114000000	474.73285
5000000	114000000	493.82983
6000000	114000000	443.93427
7000000	114000000	248.84218
8000000	114000000	461.29535
9000000	114000000	416.01883
10000000	114000000	370.33066
11000000	114000000	419.24222
12000000	114000000	507.85458
13000000	114000000	593.9935
14000000	114000000	597.35333
15000000	114000000	575.4278
16000000	114000000	568.78625
17000000	114000000	671.545
18000000	114000000	590.59894
19000000	114000000	535.32715
20000000	114000000	391.86566
21000000	114000000	347.92227
22000000	114000000	410.42905
23000000	114000000	511.9192
24000000	114000000	639.0063
25000000	114000000	532.89984
26000000	114000000	562.71344
27000000	114000000	482.15237
28000000	114000000	442.96686
29000000	114000000	515.51215
30000000	114000000	660.37384
31000000	114000000	821.9006
32000000	114000000	773.1166
33000000	114000000	618.7378
34000000	114000000	615.9538
35000000	114000000	600.5475
36000000	114000000	608.42114
37000000	114000000	604.0979
38000000	114000000	628.57684
39000000	114000000	1102.9073
40000000	114000000	699.72186
41000000	114000000	638.59784
42000000	114000000	698.2257
43000000	114000000	832.6996
46000000	114000000	448.30716
47000000	114000000	1021.6233
48000000	114000000	1243.5709
49000000	114000000	1290.3722
50000000	114000000	1873.9467
51000000	114000000	1784.9976
52000000	114000000	1735.3729
53000000	114000000	1569.6477
54000000	114000000	1400.3035
55000000	114000000	1445.641
56000000	114000000	1598.4353
57000000	114000000	1683.2152
58000000	114000000	1753.7277
59000000	114000000	2002.0504
60000000	114000000	1951.7827
61000000	114000000	1603.5978
62000000	114000000	1903.8528
63000000	114000000	2192.067
64000000	114000000	2399.3782
65000000	114000000	3005.867
66000000	114000000	2206.0676
67000000	114000000	1727.337
68000000	114000000	2343.452
69000000	114000000	3011.9358
70000000	114000000	2587.2468
71000000	114000000	2296.7354
72000000	114000000	2817.5476
73000000	114000000	2469.6694
74000000	114000000	2527.2607
75000000	114000000	3361.779
76000000	114000000	4445.7607
77000000	114000000	3284.1653
78000000	114000000	3675.5112
79000000	114000000	4858.4556
80000000	114000000	3669.7378
81000000	114000000	3007.471
82000000	114000000	3914.4216
83000000	114000000	4989.9937
84000000	114000000	4488.616
85000000	114000000	4625.795
86000000	114000000	3507.5537
87000000	114000000	4549.909
88000000	114000000	4708.1636
89000000	114000000	4809.95
90000000	114000000	4885.318
91000000	114000000	4991.323
92000000	114000000	5678.4585
93000000	114000000	5090.839
94000000	114000000	4587.1494
95000000	114000000	3310.5376
96000000	114000000	3804.7515
97000000	114000000	4242.7153
98000000	114000000	3808.7397
99000000	114000000	3156.4124
100000000	114000000	3434.0042
101000000	114000000	2476.258
102000000	114000000	2975.171
103000000	114000000	2950.5398
104000000	114000000	5723.3184
105000000	114000000	7367.0444
106000000	114000000	7601.5107
107000000	114000000	7862.4707
108000000	114000000	8401.351
109000000	114000000	9378.0625
110000000	114000000	11341.786
111000000	114000000	13836.166
112000000	114000000	24707.352
113000000	114000000	95748.234
114000000	114000000	505793.3
0	115000000	368.20572
1000000	115000000	323.74658
2000000	115000000	460.39847
3000000	115000000	446.11343
4000000	115000000	475.01688
5000000	115000000	518.8315
6000000	115000000	451.60315
7000000	115000000	261.44058
8000000	115000000	326.99268
9000000	115000000	416.32584
10000000	115000000	323.68826
11000000	115000000	321.51785
12000000	115000000	497.863
13000000	115000000	691.10156
14000000	115000000	662.8753
15000000	115000000	525.1041
16000000	115000000	690.0455
17000000	115000000	621.4569
18000000	115000000	596.0065
19000000	115000000	486.78845
20000000	115000000	383.79288
21000000	115000000	345.53796
22000000	115000000	320.0293
23000000	115000000	505.86343
24000000	115000000	605.0685
25000000	115000000	516.2364
26000000	115000000	511.34256
27000000	115000000	432.6047
28000000	115000000	348.47754
29000000	115000000	358.92514
30000000	115000000	581.0782
31000000	115000000	872.4912
32000000	115000000	813.6209
33000000	115000000	575.0095
34000000	115000000	726.6115
35000000	115000000	716.37787
36000000	115000000	719.6661
37000000	115000000	511.6421
38000000	115000000	575.5385
39000000	115000000	994.92804
40000000	115000000	771.9049
41000000	115000000	512.3267
42000000	115000000	503.32922
43000000	115000000	672.4305
46000000	115000000	419.808
47000000	115000000	977.5117
48000000	115000000	1028.8024
49000000	115000000	1171.7932
50000000	115000000	1627.0868
51000000	115000000	1674.1266
52000000	115000000	1421.5469
53000000	115000000	1455.8503
54000000	115000000	1312.0482
55000000	115000000	1434.5956
56000000	115000000	1378.1777
57000000	115000000	1642.7921
58000000	115000000	1541.1996
59000000	115000000	1425.4135
60000000	115000000	2068.468
61000000	115000000	1276.2499
62000000	115000000	1718.6897
63000000	115000000	2355.7551
64000000	115000000	2259.589
65000000	115000000	2039.9423
66000000	115000000	1659.1343
67000000	115000000	1401.8005
68000000	115000000	1876.2959
69000000	115000000	3048.6528
70000000	115000000	2301.9282
71000000	115000000	1845.1766
72000000	115000000	2302.7993
73000000	115000000	2460.943
74000000	115000000	1979.1981
75000000	115000000	3328.1282
76000000	115000000	3560.2808
77000000	115000000	3306.5422
78000000	115000000	3800.7832
79000000	115000000	4316.3286
80000000	115000000	3376.4783
81000000	115000000	2597.628
82000000	115000000	3643.5525
83000000	115000000	5168.045
84000000	115000000	4798.759
85000000	115000000	4599.8335
86000000	115000000	3230.2427
87000000	115000000	4344.6035
88000000	115000000	5075.696
89000000	115000000	5146.2397
90000000	115000000	4094.0806
91000000	115000000	4572.0586
92000000	115000000	5282.151
93000000	115000000	5360.7935
94000000	115000000	4399.882
95000000	115000000	2572.9507
96000000	115000000	3308.8518
97000000	115000000	4187.206
98000000	115000000	3480.0405
99000000	115000000	2340.122
100000000	115000000	2374.3152
101000000	115000000	1854.8934
102000000	115000000	2114.138
103000000	115000000	1873.2137
104000000	115000000	5128.726
105000000	115000000	6179.4033
106000000	115000000	7556.659
107000000	115000000	7305.378
108000000	115000000	8262.848
109000000	115000000	7984.553
110000000	115000000	8532.74
111000000	115000000	12198.96
112000000	115000000	19228.256
113000000	115000000	48639.15
114000000	115000000	140467.88
115000000	115000000	469604.7
0	116000000	376.8841
1000000	116000000	321.38687
2000000	116000000	490.45953
3000000	116000000	339.18045
4000000	116000000	417.44968
5000000	116000000	530.8561
6000000	116000000	578.4742
7000000	116000000	338.58878
8000000	116000000	471.88278
9000000	116000000	460.6475
10000000	116000000	416.85257
11000000	116000000	490.11475
12000000	116000000	560.0053
13000000	116000000	595.31384
14000000	116000000	617.20953
15000000	116000000	526.4472
16000000	116000000	542.5591
17000000	116000000	701.04614
18000000	116000000	633.2481
19000000	116000000	556.17255
20000000	116000000	459.8929
21000000	116000000	447.0227
22000000	116000000	422.54037
23000000	116000000	565.9131
24000000	116000000	651.4923
25000000	116000000	625.50775
26000000	116000000	635.99164
27000000	116000000	589.56476
28000000	116000000	464.53992
29000000	116000000	539.99365
30000000	116000000	668.2625
31000000	116000000	830.8292
32000000	116000000	738.95105
33000000	116000000	649.0547
34000000	116000000	667.9607
35000000	116000000	614.6334
36000000	116000000	654.84045
37000000	116000000	651.5561
38000000	116000000	750.5399
39000000	116000000	975.7977
40000000	116000000	737.863
41000000	116000000	646.842
42000000	116000000	676.82074
43000000	116000000	705.1231
46000000	116000000	335.9377
47000000	116000000	800.34827
48000000	116000000	1193.73
49000000	116000000	1277.7896
50000000	116000000	1487.2162
51000000	116000000	1387.0121
52000000	116000000	1432.2871
53000000	116000000	1485.3107
54000000	116000000	1344.8768
55000000	116000000	1452.3285
56000000	116000000	1553.1542
57000000	116000000	1635.3297
58000000	116000000	1507.7864
59000000	116000000	1691.2017
60000000	116000000	1906.7599
61000000	116000000	1521.6779
62000000	116000000	1821.0586
63000000	116000000	1921.4363
64000000	116000000	2199.6538
65000000	116000000	2283.8577
66000000	116000000	1996.1978
67000000	116000000	1708.4849
68000000	116000000	2043.4202
69000000	116000000	2612.1929
70000000	116000000	2516.0496
71000000	116000000	2159.4373
72000000	116000000	2442.292
73000000	116000000	2406.1924
74000000	116000000	2413.2478
75000000	116000000	3098.1667
76000000	116000000	3447.3245
77000000	116000000	2924.155
78000000	116000000	3056.1047
79000000	116000000	3939.7776
80000000	116000000	3382.0615
81000000	116000000	3018.8923
82000000	116000000	3743.2078
83000000	116000000	4231.1743
84000000	116000000	4004.7424
85000000	116000000	3917.719
86000000	116000000	3230.2598
87000000	116000000	4116.8906
88000000	116000000	4027.3345
89000000	116000000	4367.496
90000000	116000000	3980.1926
91000000	116000000	4367.525
92000000	116000000	4784.0273
93000000	116000000	4790.6167
94000000	116000000	4279.271
95000000	116000000	3276.4446
96000000	116000000	3626.561
97000000	116000000	4234.5664
98000000	116000000	3916.5432
99000000	116000000	2836.6755
100000000	116000000	2811.5107
101000000	116000000	2439.2668
102000000	116000000	2814.5835
103000000	116000000	2607.5686
104000000	116000000	5303.138
105000000	116000000	6097.74
106000000	116000000	6338.8623
107000000	116000000	6936.314
108000000	116000000	6885.8433
109000000	116000000	7025.883
110000000	116000000	7687.9634
111000000	116000000	9068.072
112000000	116000000	12616.333
113000000	116000000	21193.877
114000000	116000000	35666.566
115000000	116000000	120045.71
116000000	116000000	500853.97
0	117000000	420.27838
1000000	117000000	357.6727
2000000	117000000	460.1873
3000000	117000000	415.02072
4000000	117000000	380.6736
5000000	117000000	457.04367
6000000	117000000	692.1778
7000000	117000000	407.3918
8000000	117000000	598.60114
9000000	117000000	633.8589
10000000	117000000	577.01624
11000000	117000000	597.6252
12000000	117000000	638.52954
13000000	117000000	545.40643
14000000	117000000	511.95502
15000000	117000000	433.18985
16000000	117000000	533.63214
17000000	117000000	764.0177
18000000	117000000	682.5168
19000000	117000000	684.3987
20000000	117000000	560.3104
21000000	117000000	598.0146
22000000	117000000	664.40955
23000000	117000000	760.31885
24000000	117000000	750.8691
25000000	117000000	706.81885
26000000	117000000	788.3908
27000000	117000000	723.6068
28000000	117000000	625.1104
29000000	117000000	620.9605
30000000	117000000	974.92444
31000000	117000000	837.3314
32000000	117000000	757.52563
33000000	117000000	749.2111
34000000	117000000	622.0228
35000000	117000000	659.3954
36000000	117000000	706.79944
37000000	117000000	799.9958
38000000	117000000	947.7974
39000000	117000000	953.3012
40000000	117000000	872.1577
41000000	117000000	853.90594
42000000	117000000	915.6578
43000000	117000000	614.23193
46000000	117000000	247.7771
47000000	117000000	787.08234
48000000	117000000	1452.167
49000000	117000000	1398.711
50000000	117000000	1347.7843
51000000	117000000	1109.3225
52000000	117000000	1444.0824
53000000	117000000	1647.5104
54000000	117000000	1544.725
55000000	117000000	1662.0804
56000000	117000000	1942.1675
57000000	117000000	1901.0973
58000000	117000000	1680.1936
59000000	117000000	1914.8822
60000000	117000000	1653.3043
61000000	117000000	1819.7496
62000000	117000000	2010.753
63000000	117000000	1901.3981
64000000	117000000	2231.7068
65000000	117000000	2220.1497
66000000	117000000	2195.1497
67000000	117000000	2273.9216
68000000	117000000	2461.1516
69000000	117000000	2492.5195
70000000	117000000	2612.8066
71000000	117000000	2422.421
72000000	117000000	2603.1602
73000000	117000000	2856.893
74000000	117000000	3126.5298
75000000	117000000	3059.6477
76000000	117000000	3019.6306
77000000	117000000	2780.1072
78000000	117000000	2919.5752
79000000	117000000	3761.577
80000000	117000000	3583.508
81000000	117000000	3513.949
82000000	117000000	4265.2026
83000000	117000000	4032.4922
84000000	117000000	3705.2383
85000000	117000000	3991.0105
86000000	117000000	3744.2422
87000000	117000000	4537.0327
88000000	117000000	3659.2961
89000000	117000000	3936.9944
90000000	117000000	4491.2295
91000000	117000000	4350.0093
92000000	117000000	5091.911
93000000	117000000	4713.6865
94000000	117000000	5212.402
95000000	117000000	4600.316
96000000	117000000	4652.311
97000000	117000000	4914.4653
98000000	117000000	4970.7905
99000000	117000000	3562.1519
100000000	117000000	3137.202
101000000	117000000	3045.9004
102000000	117000000	3222.9358
103000000	117000000	3479.6436
104000000	117000000	6235.3
105000000	117000000	6278.9346
106000000	117000000	6217.334
107000000	117000000	6670.5513
108000000	117000000	6732.6245
109000000	117000000	7191.84
110000000	117000000	7930.2065
111000000	117000000	8584.168
112000000	117000000	11693.642
113000000	117000000	18090.717
114000000	117000000	25034.068
115000000	117000000	53268.03
116000000	117000000	135085.1
117000000	117000000	462645.22
0	118000000	433.56793
1000000	118000000	379.95377
2000000	118000000	456.18716
3000000	118000000	403.4641
4000000	118000000	411.1927
5000000	118000000	425.6407
6000000	118000000	621.01135
7000000	118000000	359.02335
8000000	118000000	669.5549
9000000	118000000	676.50684
10000000	118000000	691.45215
11000000	118000000	615.3848
12000000	118000000	659.17566
13000000	118000000	578.63885
14000000	118000000	521.4427
15000000	118000000	450.68707
16000000	118000000	490.2622
17000000	118000000	690.1301
18000000	118000000	748.3919
19000000	118000000	858.6396
20000000	118000000	771.40027
21000000	118000000	706.425
22000000	118000000	635.6769
23000000	118000000	855.40936
24000000	118000000	863.8369
25000000	118000000	767.99854
26000000	118000000	836.42163
27000000	118000000	793.02686
28000000	118000000	693.6591
29000000	118000000	700.97205
30000000	118000000	946.3874
31000000	118000000	835.4159
32000000	118000000	811.30945
33000000	118000000	792.95667
34000000	118000000	630.319
35000000	118000000	683.2853
36000000	118000000	699.2931
37000000	118000000	853.2731
38000000	118000000	830.69806
39000000	118000000	903.97723
40000000	118000000	1010.4429
41000000	118000000	924.219
42000000	118000000	800.02374
43000000	118000000	642.23694
46000000	118000000	400.73883
47000000	118000000	818.3421
48000000	118000000	1339.8414
49000000	118000000	1592.9542
50000000	118000000	1231.3495
51000000	118000000	1061.3494
52000000	118000000	1302.9188
53000000	118000000	1684.0817
54000000	118000000	1442.1047
55000000	118000000	1692.4353
56000000	118000000	1713.9462
57000000	118000000	1905.3253
58000000	118000000	1870.8245
59000000	118000000	1713.5626
60000000	118000000	1701.4515
61000000	118000000	1582.6042
62000000	118000000	1897.9028
63000000	118000000	1969.3743
64000000	118000000	2094.5125
65000000	118000000	2000.5925
66000000	118000000	2001.2606
67000000	118000000	2165.651
68000000	118000000	2456.7214
69000000	118000000	2572.3518
70000000	118000000	2472.5703
71000000	118000000	2099.8586
72000000	118000000	2358.5928
73000000	118000000	2714.293
74000000	118000000	2732.4158
75000000	118000000	2906.6016
76000000	118000000	2682.1426
77000000	118000000	2677.0012
78000000	118000000	2726.3828
79000000	118000000	3267.0022
80000000	118000000	3211.6855
81000000	118000000	3247.7544
82000000	118000000	3985.7258
83000000	118000000	3747.1062
84000000	118000000	3630.2585
85000000	118000000	3953.979
86000000	118000000	3629.9304
87000000	118000000	4149.465
88000000	118000000	3388.9165
89000000	118000000	3894.8826
90000000	118000000	3612.5247
91000000	118000000	3894.1226
92000000	118000000	4551.7466
93000000	118000000	4983.9893
94000000	118000000	5410.9844
95000000	118000000	4300.5767
96000000	118000000	4850.3438
97000000	118000000	5450.2637
98000000	118000000	5296.8516
99000000	118000000	3662.7234
100000000	118000000	2947.3962
101000000	118000000	2756.6455
102000000	118000000	3222.2778
103000000	118000000	2818.5327
104000000	118000000	5737.235
105000000	118000000	5667.0625
106000000	118000000	5988.954
107000000	118000000	6512.6016
108000000	118000000	6559.6514
109000000	118000000	6672.8247
110000000	118000000	6988.2993
111000000	118000000	8031.7217
112000000	118000000	10719.084
113000000	118000000	15344.262
114000000	118000000	17140.559
115000000	118000000	24596.395
116000000	118000000	36417.25
117000000	118000000	94904.73
118000000	118000000	422787.03
0	119000000	421.0203
1000000	119000000	386.52838
2000000	119000000	431.36246
3000000	119000000	310.22537
4000000	119000000	247.57556
5000000	119000000	264.98407
6000000	119000000	733.5172
7000000	119000000	330.32983
8000000	119000000	1097.8114
9000000	119000000	801.38153
10000000	119000000	771.14014
11000000	119000000	849.67596
12000000	119000000	667.8949
13000000	119000000	421.47812
14000000	119000000	375.36896
15000000	119000000	270.62524
16000000	119000000	359.1332
17000000	119000000	699.7167
18000000	119000000	608.63214
19000000	119000000	795.41144
20000000	119000000	671.5432
21000000	119000000	817.7228
22000000	119000000	1046.3383
23000000	119000000	968.8362
24000000	119000000	733.31714
25000000	119000000	782.2441
26000000	119000000	885.5371
27000000	119000000	1075.2698
28000000	119000000	1098.601
29000000	119000000	1150.726
30000000	119000000	1270.8855
31000000	119000000	664.6494
32000000	119000000	718.05646
33000000	119000000	864.9456
34000000	119000000	488.75073
35000000	119000000	492.3369
36000000	119000000	521.80225
37000000	119000000	1048.0669
38000000	119000000	1266.744
39000000	119000000	984.5941
40000000	119000000	772.94244
41000000	119000000	1115.3486
42000000	119000000	1194.785
43000000	119000000	520.3524
46000000	119000000	129.3724
47000000	119000000	592.22424
48000000	119000000	1732.4243
49000000	119000000	1332.9742
50000000	119000000	1111.5442
51000000	119000000	860.3505
52000000	119000000	1560.4844
53000000	119000000	1460.3263
54000000	119000000	1561.9783
55000000	119000000	1399.983
56000000	119000000	1904.2047
57000000	119000000	1745.3684
58000000	119000000	1604.6624
59000000	119000000	2254.1836
60000000	119000000	1556.0619
61000000	119000000	2263.8127
62000000	119000000	2051.693
63000000	119000000	1600.1659
64000000	119000000	1821.8392
65000000	119000000	2408.673
66000000	119000000	2443.7732
67000000	119000000	2478.5989
68000000	119000000	2816.6702
69000000	119000000	1832.367
70000000	119000000	2415.743
71000000	119000000	2647.2424
72000000	119000000	2498.3066
73000000	119000000	2354.6104
74000000	119000000	3382.2053
75000000	119000000	2293.4338
76000000	119000000	2774.1821
77000000	119000000	2333.8713
78000000	119000000	1882.4955
79000000	119000000	3284.9622
80000000	119000000	3208.1511
81000000	119000000	3744.6675
82000000	119000000	3910.2969
83000000	119000000	2571.9346
84000000	119000000	2592.1826
85000000	119000000	3097.52
86000000	119000000	3760.6638
87000000	119000000	3700.8423
88000000	119000000	2336.5417
89000000	119000000	2699.1548
90000000	119000000	4089.7102
91000000	119000000	3467.4324
92000000	119000000	3804.286
93000000	119000000	3922.99
94000000	119000000	4801.5913
95000000	119000000	5910.118
96000000	119000000	4982.194
97000000	119000000	4457.2134
98000000	119000000	5090.6587
99000000	119000000	4980.6064
100000000	119000000	4585.7705
101000000	119000000	3944.7188
102000000	119000000	4017.4897
103000000	119000000	4804.296
104000000	119000000	5553.1094
105000000	119000000	6235.1353
106000000	119000000	4120.5776
107000000	119000000	5926.7524
108000000	119000000	4601.473
109000000	119000000	5838.858
110000000	119000000	7369.726
111000000	119000000	5747.263
112000000	119000000	6976.846
113000000	119000000	8558.931
114000000	119000000	13879.275
115000000	119000000	12370.471
116000000	119000000	18671.299
117000000	119000000	31010.264
118000000	119000000	164229.53
119000000	119000000	474426.7
0	120000000	507.7361
1000000	120000000	427.3335
2000000	120000000	492.78925
3000000	120000000	413.61203
4000000	120000000	370.70285
5000000	120000000	462.87872
6000000	120000000	702.4527
7000000	120000000	501.54056
8000000	120000000	745.0716
9000000	120000000	765.54376
10000000	120000000	771.78796
11000000	120000000	747.07794
12000000	120000000	665.35364
13000000	120000000	564.55084
14000000	120000000	519.71606
15000000	120000000	480.95068
16000000	120000000	511.79935
17000000	120000000	795.99097
18000000	120000000	748.8168
19000000	120000000	837.2144
20000000	120000000	794.69104
21000000	120000000	819.2761
22000000	120000000	807.1905
23000000	120000000	929.6479
24000000	120000000	918.39325
25000000	120000000	873.91785
26000000	120000000	914.63477
27000000	120000000	1007.686
28000000	120000000	848.62494
29000000	120000000	865.4515
30000000	120000000	1152.5192
31000000	120000000	831.2082
32000000	120000000	819.6932
33000000	120000000	865.2149
34000000	120000000	586.7231
35000000	120000000	679.06244
36000000	120000000	648.7622
37000000	120000000	937.40393
38000000	120000000	998.6472
39000000	120000000	1040.1295
40000000	120000000	960.3384
41000000	120000000	997.4175
42000000	120000000	1079.2506
43000000	120000000	685.26465
46000000	120000000	359.17975
47000000	120000000	863.3612
48000000	120000000	1548.7211
49000000	120000000	1553.7925
50000000	120000000	1258.8372
51000000	120000000	1091.611
52000000	120000000	1372.4639
53000000	120000000	1605.679
54000000	120000000	1554.1349
55000000	120000000	1643.1798
56000000	120000000	1939.0011
57000000	120000000	1904.5176
58000000	120000000	1788.8094
59000000	120000000	1856.8047
60000000	120000000	1543.2153
61000000	120000000	1797.9457
62000000	120000000	1952.9352
63000000	120000000	1910.994
64000000	120000000	2086.8652
65000000	120000000	2018.2815
66000000	120000000	2159.287
67000000	120000000	2348.987
68000000	120000000	2694.457
69000000	120000000	2403.9646
70000000	120000000	2371.284
71000000	120000000	2234.1123
72000000	120000000	2340.5825
73000000	120000000	2712.4287
74000000	120000000	2921.2234
75000000	120000000	2752.366
76000000	120000000	2612.0437
77000000	120000000	2505.0051
78000000	120000000	2575.0408
79000000	120000000	3182.0808
80000000	120000000	3211.8638
81000000	120000000	3434.5168
82000000	120000000	3798.0974
83000000	120000000	3681.135
84000000	120000000	3639.9846
85000000	120000000	3754.6792
86000000	120000000	3608.2693
87000000	120000000	4256.8
88000000	120000000	3491.3215
89000000	120000000	3684.4907
90000000	120000000	3982.9866
91000000	120000000	3815.6826
92000000	120000000	4598.5454
93000000	120000000	4449.97
94000000	120000000	4981.0063
95000000	120000000	4800.558
96000000	120000000	4845.547
97000000	120000000	5388.7974
98000000	120000000	5271.3877
99000000	120000000	4100.4453
100000000	120000000	3520.9539
101000000	120000000	3409.1572
102000000	120000000	3488.2805
103000000	120000000	3355.7717
104000000	120000000	5813.777
105000000	120000000	5590.0933
106000000	120000000	5414.6714
107000000	120000000	5999.586
108000000	120000000	5827.276
109000000	120000000	6350.69
110000000	120000000	6907.469
111000000	120000000	6924.3296
112000000	120000000	8833.224
113000000	120000000	10740.954
114000000	120000000	12033.202
115000000	120000000	12295.13
116000000	120000000	15253.842
117000000	120000000	22175.7
118000000	120000000	52136.03
119000000	120000000	110308.09
120000000	120000000	448021.78
0	121000000	475.30502
1000000	121000000	378.26004
2000000	121000000	488.3278
3000000	121000000	396.97073
4000000	121000000	413.39743
5000000	121000000	501.8373
6000000	121000000	783.7633
7000000	121000000	315.6235
8000000	121000000	674.9981
9000000	121000000	740.13696
10000000	121000000	743.28625
11000000	121000000	668.4651
12000000	121000000	763.32385
13000000	121000000	633.196
14000000	121000000	543.504
15000000	121000000	482.5059
16000000	121000000	533.003
17000000	121000000	795.51874
18000000	121000000	738.9876
19000000	121000000	881.00134
20000000	121000000	792.3102
21000000	121000000	809.7432
22000000	121000000	798.95496
23000000	121000000	955.23645
24000000	121000000	965.05
25000000	121000000	830.96674
26000000	121000000	908.5419
27000000	121000000	952.1312
28000000	121000000	742.0993
29000000	121000000	720.9217
30000000	121000000	1066.2878
31000000	121000000	950.6082
32000000	121000000	803.917
33000000	121000000	903.8376
34000000	121000000	686.8186
35000000	121000000	712.5858
36000000	121000000	735.2846
37000000	121000000	879.0518
38000000	121000000	961.85284
39000000	121000000	1023.8727
40000000	121000000	1011.36554
41000000	121000000	986.0423
42000000	121000000	924.49243
43000000	121000000	611.9216
46000000	121000000	212.99423
47000000	121000000	833.65796
48000000	121000000	1577.9786
49000000	121000000	1624.7811
50000000	121000000	1311.7228
51000000	121000000	1145.7917
52000000	121000000	1387.4606
53000000	121000000	1741.8674
54000000	121000000	1589.2037
55000000	121000000	1802.3148
56000000	121000000	1899.7462
57000000	121000000	2018.3851
58000000	121000000	1841.3197
59000000	121000000	1861.7936
60000000	121000000	1673.8959
61000000	121000000	1782.5956
62000000	121000000	1997.1267
63000000	121000000	2026.4221
64000000	121000000	2163.4214
65000000	121000000	2103.4736
66000000	121000000	2089.7395
67000000	121000000	2271.3296
68000000	121000000	2706.913
69000000	121000000	2659.4055
70000000	121000000	2634.3618
71000000	121000000	2348.0845
72000000	121000000	2587.0623
73000000	121000000	2815.2734
74000000	121000000	2932.531
75000000	121000000	3021.3943
76000000	121000000	2759.7603
77000000	121000000	2582.5334
78000000	121000000	2765.2168
79000000	121000000	3595.2888
80000000	121000000	3303.2646
81000000	121000000	3456.2935
82000000	121000000	4053.572
83000000	121000000	4063.7915
84000000	121000000	3891.757
85000000	121000000	3914.142
86000000	121000000	3752.8782
87000000	121000000	4411.486
88000000	121000000	3301.8535
89000000	121000000	3764.356
90000000	121000000	3974.7927
91000000	121000000	3889.9084
92000000	121000000	4643.082
93000000	121000000	4646.2344
94000000	121000000	5220.3105
95000000	121000000	4485.476
96000000	121000000	4818.757
97000000	121000000	5691.4844
98000000	121000000	5389.79
99000000	121000000	3744.1296
100000000	121000000	3091.9739
101000000	121000000	2915.7363
102000000	121000000	3233.852
103000000	121000000	2967.2644
104000000	121000000	5570.9756
105000000	121000000	5817.715
106000000	121000000	5916.563
107000000	121000000	6456.987
108000000	121000000	6464.982
109000000	121000000	6828.4683
110000000	121000000	6990.2905
111000000	121000000	7411.7236
112000000	121000000	9069.109
113000000	121000000	10763.727
114000000	121000000	10858.966
115000000	121000000	10652.205
116000000	121000000	12584.651
117000000	121000000	15700.237
118000000	121000000	22561.117
119000000	121000000	27003.877
120000000	121000000	116767.086
121000000	121000000	474646.44
0	122000000	470.7049
1000000	122000000	473.59793
2000000	122000000	551.6907
3000000	122000000	577.3651
4000000	122000000	600.22284
5000000	122000000	670.66895
6000000	122000000	683.2544
7000000	122000000	568.1724
8000000	122000000	405.0606
9000000	122000000	637.85297
10000000	122000000	645.18567
11000000	122000000	450.46622
12000000	122000000	667.28937
13000000	122000000	799.1781
14000000	122000000	769.9262
15000000	122000000	719.241
16000000	122000000	805.2617
17000000	122000000	719.54425
18000000	122000000	945.12823
19000000	122000000	894.0505
20000000	122000000	894.7328
21000000	122000000	740.7947
22000000	122000000	426.33218
23000000	122000000	787.17236
24000000	122000000	1140.2427
25000000	122000000	946.3017
26000000	122000000	828.91833
27000000	122000000	651.7217
28000000	122000000	415.4183
29000000	122000000	409.16513
30000000	122000000	697.077
31000000	122000000	1042.0586
32000000	122000000	945.4047
33000000	122000000	876.584
34000000	122000000	981.2973
35000000	122000000	927.6014
36000000	122000000	926.54034
37000000	122000000	675.61926
38000000	122000000	565.57086
39000000	122000000	986.38794
40000000	122000000	1160.5785
41000000	122000000	718.38586
42000000	122000000	593.93933
43000000	122000000	730.1698
46000000	122000000	471.74777
47000000	122000000	1125.421
48000000	122000000	1003.49994
49000000	122000000	1771.537
50000000	122000000	1595.0676
51000000	122000000	1542.779
52000000	122000000	1341.1783
53000000	122000000	1789.4731
54000000	122000000	1429.2363
55000000	122000000	2093.1228
56000000	122000000	1698.246
57000000	122000000	2075.1653
58000000	122000000	1826.8398
59000000	122000000	1423.1599
60000000	122000000	2068.6665
61000000	122000000	1242.4917
62000000	122000000	1727.094
63000000	122000000	2397.8506
64000000	122000000	2382.88
65000000	122000000	1914.2075
66000000	122000000	1621.1948
67000000	122000000	1486.2959
68000000	122000000	2054.1597
69000000	122000000	3511.654
70000000	122000000	2615.2078
71000000	122000000	1767.5073
72000000	122000000	2553.3086
73000000	122000000	2991.6125
74000000	122000000	2064.9941
75000000	122000000	3684.901
76000000	122000000	2920.3823
77000000	122000000	2845.3926
78000000	122000000	3515.4573
79000000	122000000	3469.3481
80000000	122000000	3111.5547
81000000	122000000	2693.8618
82000000	122000000	3545.778
83000000	122000000	5335.403
84000000	122000000	4773.065
85000000	122000000	4682.621
86000000	122000000	3530.7761
87000000	122000000	4535.3325
88000000	122000000	4893.0405
89000000	122000000	4841.6343
90000000	122000000	3702.8918
91000000	122000000	3990.823
92000000	122000000	5374.082
93000000	122000000	5595.8486
94000000	122000000	5011.06
95000000	122000000	2607.6384
96000000	122000000	4203.768
97000000	122000000	5961.465
98000000	122000000	4800.2446
99000000	122000000	2396.2092
100000000	122000000	1931.0765
101000000	122000000	1765.297
102000000	122000000	2102.1895
103000000	122000000	1557.2238
104000000	122000000	5015.105
105000000	122000000	5291.663
106000000	122000000	7566.924
107000000	122000000	6835.9023
108000000	122000000	8289.508
109000000	122000000	6775.9346
110000000	122000000	6045.3633
111000000	122000000	8974.455
112000000	122000000	11190.0625
113000000	122000000	13243.463
114000000	122000000	10187.069
115000000	122000000	11998.115
116000000	122000000	11715.21
117000000	122000000	12709.608
118000000	122000000	16457.713
119000000	122000000	13055.536
120000000	122000000	32277.709
121000000	122000000	87478.41
122000000	122000000	478661.25
0	123000000	547.8675
1000000	123000000	416.76587
2000000	123000000	466.79083
3000000	123000000	408.55884
4000000	123000000	399.1315
5000000	123000000	492.25308
6000000	123000000	786.39233
7000000	123000000	487.46255
8000000	123000000	738.7495
9000000	123000000	826.12366
10000000	123000000	753.7133
11000000	123000000	765.7669
12000000	123000000	687.2149
13000000	123000000	613.5819
14000000	123000000	522.453
15000000	123000000	453.22968
16000000	123000000	531.7086
17000000	123000000	761.6431
18000000	123000000	701.1743
19000000	123000000	837.1117
20000000	123000000	824.0144
21000000	123000000	884.3802
22000000	123000000	823.5483
23000000	123000000	984.80945
24000000	123000000	867.3414
25000000	123000000	843.7511
26000000	123000000	960.07825
27000000	123000000	968.54095
28000000	123000000	811.9409
29000000	123000000	778.15155
30000000	123000000	1041.6733
31000000	123000000	833.05023
32000000	123000000	753.07965
33000000	123000000	816.6576
34000000	123000000	631.20685
35000000	123000000	662.5176
36000000	123000000	665.19586
37000000	123000000	900.26636
38000000	123000000	944.9382
39000000	123000000	913.01355
40000000	123000000	966.6112
41000000	123000000	979.83014
42000000	123000000	974.4114
43000000	123000000	632.6004
46000000	123000000	236.03767
47000000	123000000	780.90125
48000000	123000000	1523.6116
49000000	123000000	1530.8397
50000000	123000000	1300.4369
51000000	123000000	1079.7897
52000000	123000000	1385.6042
53000000	123000000	1605.1901
54000000	123000000	1577.7949
55000000	123000000	1727.4319
56000000	123000000	1791.7606
57000000	123000000	1785.2391
58000000	123000000	1729.9878
59000000	123000000	1739.1273
60000000	123000000	1517.5433
61000000	123000000	1683.3085
62000000	123000000	1797.7295
63000000	123000000	1810.6499
64000000	123000000	1958.1157
65000000	123000000	1876.757
66000000	123000000	1999.406
67000000	123000000	2264.08
68000000	123000000	2348.6414
69000000	123000000	2302.497
70000000	123000000	2341.0925
71000000	123000000	2211.5276
72000000	123000000	2419.8713
73000000	123000000	2540.234
74000000	123000000	2916.387
75000000	123000000	2797.591
76000000	123000000	2389.8162
77000000	123000000	2349.697
78000000	123000000	2396.275
79000000	123000000	3160.4026
80000000	123000000	3059.0535
81000000	123000000	3158.1204
82000000	123000000	3611.5425
83000000	123000000	3312.8105
84000000	123000000	3231.61
85000000	123000000	3489.9033
86000000	123000000	3442.2993
87000000	123000000	3834.5337
88000000	123000000	3158.9045
89000000	123000000	3422.8672
90000000	123000000	3697.0784
91000000	123000000	3622.0142
92000000	123000000	4206.487
93000000	123000000	4218.532
94000000	123000000	4770.0444
95000000	123000000	4236.713
96000000	123000000	4457.149
97000000	123000000	5101.6763
98000000	123000000	5009.4854
99000000	123000000	3565.8545
100000000	123000000	2820.0422
101000000	123000000	2813.3044
102000000	123000000	3019.3147
103000000	123000000	2918.038
104000000	123000000	5350.408
105000000	123000000	5284.589
106000000	123000000	5275.6772
107000000	123000000	5832.2783
108000000	123000000	5625.029
109000000	123000000	5924.516
110000000	123000000	6071.5596
111000000	123000000	6146.476
112000000	123000000	7148.516
113000000	123000000	7815.589
114000000	123000000	7678.078
115000000	123000000	7599.438
116000000	123000000	8608.455
117000000	123000000	10895.186
118000000	123000000	12535.596
119000000	123000000	13411.912
120000000	123000000	22021.74
121000000	123000000	40465.703
122000000	123000000	118222.32
123000000	123000000	452974.84
0	124000000	549.56885
1000000	124000000	411.2928
2000000	124000000	391.35577
3000000	124000000	288.87686
4000000	124000000	277.0922
5000000	124000000	278.3612
6000000	124000000	806.9248
7000000	124000000	417.0099
8000000	124000000	1130.3135
9000000	124000000	1088.2
10000000	124000000	1103.5214
11000000	124000000	1227.0492
12000000	124000000	604.9192
13000000	124000000	345.2129
14000000	124000000	299.7212
15000000	124000000	262.29022
16000000	124000000	338.66296
17000000	124000000	791.32556
18000000	124000000	543.4812
19000000	124000000	753.4875
20000000	124000000	819.9334
21000000	124000000	1149.7927
22000000	124000000	1585.0826
23000000	124000000	1099.3909
24000000	124000000	756.79205
25000000	124000000	969.01135
26000000	124000000	1090.5288
27000000	124000000	1522.2556
28000000	124000000	1574.4515
29000000	124000000	1354.8077
30000000	124000000	1513.3553
31000000	124000000	547.1173
32000000	124000000	566.929
33000000	124000000	712.88
34000000	124000000	376.6682
35000000	124000000	417.8583
36000000	124000000	468.32523
37000000	124000000	1070.8971
38000000	124000000	1511.8542
39000000	124000000	746.9722
40000000	124000000	727.8461
41000000	124000000	1346.1082
42000000	124000000	1501.1278
43000000	124000000	497.31055
46000000	124000000	202.5172
47000000	124000000	506.94083
48000000	124000000	1818.9537
49000000	124000000	1144.034
50000000	124000000	783.73987
51000000	124000000	623.1645
52000000	124000000	1122.4835
53000000	124000000	1284.1787
54000000	124000000	1656.6326
55000000	124000000	1403.1272
56000000	124000000	1976.9363
57000000	124000000	1548.9252
58000000	124000000	1473.3348
59000000	124000000	1778.2805
60000000	124000000	1090.7413
61000000	124000000	1902.1202
62000000	124000000	1636.2427
63000000	124000000	1171.3994
64000000	124000000	1384.8945
65000000	124000000	1498.6477
66000000	124000000	2176.939
67000000	124000000	2908.9766
68000000	124000000	2392.643
69000000	124000000	1370.9242
70000000	124000000	1947.5542
71000000	124000000	2438.8208
72000000	124000000	1995.3495
73000000	124000000	2110.3506
74000000	124000000	3242.254
75000000	124000000	1801.4835
76000000	124000000	1621.1102
77000000	124000000	1641.9012
78000000	124000000	1402.4886
79000000	124000000	2159.8145
80000000	124000000	2686.879
81000000	124000000	3465.5977
82000000	124000000	3219.9602
83000000	124000000	1742.0839
84000000	124000000	1792.4093
85000000	124000000	2067.1763
86000000	124000000	2903.381
87000000	124000000	3019.2954
88000000	124000000	1688.8369
89000000	124000000	1871.4607
90000000	124000000	3059.9626
91000000	124000000	2630.6687
92000000	124000000	2771.5217
93000000	124000000	2638.033
94000000	124000000	3957.3264
95000000	124000000	6121.3906
96000000	124000000	4994.8438
97000000	124000000	4391.9976
98000000	124000000	5358.184
99000000	124000000	5241.25
100000000	124000000	4426.184
101000000	124000000	5150.7017
102000000	124000000	4799.837
103000000	124000000	5130.2666
104000000	124000000	5411.8164
105000000	124000000	4079.413
106000000	124000000	2892.978
107000000	124000000	4146.497
108000000	124000000	3290.7026
109000000	124000000	4612.6084
110000000	124000000	4934.9956
111000000	124000000	3459.0579
112000000	124000000	3700.375
113000000	124000000	3972.5356
114000000	124000000	4447.176
115000000	124000000	4032.618
116000000	124000000	5224.0366
117000000	124000000	8263.782
118000000	124000000	8867.181
119000000	124000000	11499.648
120000000	124000000	15620.864
121000000	124000000	21214.008
122000000	124000000	25565.973
123000000	124000000	132112.02
124000000	124000000	506594.78
0	125000000	530.83765
1000000	125000000	419.45047
2000000	125000000	397.93628
3000000	125000000	294.99533
4000000	125000000	287.85266
5000000	125000000	286.8801
6000000	125000000	775.41
7000000	125000000	287.519
8000000	125000000	1216.0685
9000000	125000000	1165.4463
10000000	125000000	1141.7252
11000000	125000000	1280.3953
12000000	125000000	597.07263
13000000	125000000	388.16864
14000000	125000000	330.22165
15000000	125000000	288.74133
16000000	125000000	338.95242
17000000	125000000	648.14923
18000000	125000000	578.9233
19000000	125000000	783.5627
20000000	125000000	855.8455
21000000	125000000	1159.7396
22000000	125000000	1537.7489
23000000	125000000	1166.8246
24000000	125000000	819.869
25000000	125000000	943.4747
26000000	125000000	1134.8091
27000000	125000000	1549.6708
28000000	125000000	1624.2578
29000000	125000000	1401.2996
30000000	125000000	1343.81
31000000	125000000	521.96454
32000000	125000000	521.5795
33000000	125000000	657.28033
34000000	125000000	386.2949
35000000	125000000	423.82083
36000000	125000000	476.6315
37000000	125000000	969.74536
38000000	125000000	1343.4973
39000000	125000000	786.74536
40000000	125000000	748.2544
41000000	125000000	1314.0707
42000000	125000000	1327.1399
43000000	125000000	542.47406
46000000	125000000	193.03836
47000000	125000000	594.5857
48000000	125000000	1479.73
49000000	125000000	1139.3314
50000000	125000000	767.12195
51000000	125000000	626.8799
52000000	125000000	1028.5702
53000000	125000000	1230.5166
54000000	125000000	1571.0917
55000000	125000000	1360.8612
56000000	125000000	1807.2904
57000000	125000000	1583.3734
58000000	125000000	1477.7782
59000000	125000000	1586.5012
60000000	125000000	1177.288
61000000	125000000	1894.0383
62000000	125000000	1498.5624
63000000	125000000	1076.5037
64000000	125000000	1419.1016
65000000	125000000	1565.2445
66000000	125000000	2068.7656
67000000	125000000	2805.1858
68000000	125000000	2161.325
69000000	125000000	1329.9456
70000000	125000000	1877.4971
71000000	125000000	2347.5493
72000000	125000000	1894.7633
73000000	125000000	2020.6844
74000000	125000000	2767.2961
75000000	125000000	1716.2565
76000000	125000000	1586.0647
77000000	125000000	1577.2421
78000000	125000000	1367.9186
79000000	125000000	2039.223
80000000	125000000	2481.0342
81000000	125000000	3281.1257
82000000	125000000	2956.5925
83000000	125000000	1672.4567
84000000	125000000	1819.823
85000000	125000000	1935.802
86000000	125000000	2612.415
87000000	125000000	2641.5217
88000000	125000000	1684.0293
89000000	125000000	1748.9897
90000000	125000000	2612.3904
91000000	125000000	2348.7349
92000000	125000000	2399.9485
93000000	125000000	2571.512
94000000	125000000	3469.055
95000000	125000000	5385.7144
96000000	125000000	4787.853
97000000	125000000	4212.4585
98000000	125000000	5348.139
99000000	125000000	5083.8228
100000000	125000000	4172.4214
101000000	125000000	5091.0107
102000000	125000000	5144.445
103000000	125000000	4810.9414
104000000	125000000	5096.0347
105000000	125000000	4089.4473
106000000	125000000	2965.365
107000000	125000000	3976.4084
108000000	125000000	3229.192
109000000	125000000	4046.5745
110000000	125000000	4474.0913
111000000	125000000	3375.876
112000000	125000000	3636.6003
113000000	125000000	3996.0725
114000000	125000000	4271.0005
115000000	125000000	4000.442
116000000	125000000	5092.6187
117000000	125000000	6649.943
118000000	125000000	7692.8535
119000000	125000000	9514.087
120000000	125000000	11188.186
121000000	125000000	13427.296
122000000	125000000	14715.695
123000000	125000000	30035.951
124000000	125000000	124763.25
125000000	125000000	516535.16
0	126000000	444.43726
1000000	126000000	343.88022
2000000	126000000	356.26938
3000000	126000000	246.91504
4000000	126000000	210.22182
5000000	126000000	272.49106
6000000	126000000	744.9085
7000000	126000000	279.28128
8000000	126000000	1211.8802
9000000	126000000	892.0802
10000000	126000000	934.0462
11000000	126000000	1134.4365
12000000	126000000	548.4854
13000000	126000000	314.6931
14000000	126000000	251.62126
15000000	126000000	270.97903
16000000	126000000	275.93536
17000000	126000000	611.1328
18000000	126000000	480.93478
19000000	126000000	714.1949
20000000	126000000	681.52997
21000000	126000000	933.89935
22000000	126000000	1394.7456
23000000	126000000	1030.9283
24000000	126000000	785.1865
25000000	126000000	787.80615
26000000	126000000	950.9573
27000000	126000000	1243.673
28000000	126000000	1419.0482
29000000	126000000	1395.9176
30000000	126000000	1127.2473
31000000	126000000	528.0209
32000000	126000000	499.1485
33000000	126000000	600.7623
34000000	126000000	334.63528
35000000	126000000	364.10623
36000000	126000000	418.25626
37000000	126000000	895.01953
38000000	126000000	1309.6534
39000000	126000000	710.07697
40000000	126000000	655.49677
41000000	126000000	1118.4608
42000000	126000000	1338.1442
43000000	126000000	443.13382
46000000	126000000	168.75685
47000000	126000000	485.0145
48000000	126000000	1403.4277
49000000	126000000	950.4321
50000000	126000000	705.67773
51000000	126000000	622.686
52000000	126000000	1035.721
53000000	126000000	1081.1678
54000000	126000000	1467.1769
55000000	126000000	1200.838
56000000	126000000	1737.6255
57000000	126000000	1372.2496
58000000	126000000	1313.3398
59000000	126000000	1712.6659
60000000	126000000	1089.9248
61000000	126000000	1977.858
62000000	126000000	1481.0331
63000000	126000000	1057.279
64000000	126000000	1292.2362
65000000	126000000	1614.6989
66000000	126000000	2042.2985
67000000	126000000	2236.4653
68000000	126000000	1930.8136
69000000	126000000	1145.7905
70000000	126000000	1816.2306
71000000	126000000	2166.2021
72000000	126000000	1933.2013
73000000	126000000	1755.0955
74000000	126000000	2576.2073
75000000	126000000	1526.7628
76000000	126000000	1633.9646
77000000	126000000	1619.8888
78000000	126000000	1257.7589
79000000	126000000	2092.9338
80000000	126000000	2392.7024
81000000	126000000	3180.9292
82000000	126000000	2790.4165
83000000	126000000	1641.1952
84000000	126000000	1578.4849
85000000	126000000	1828.703
86000000	126000000	2504.2869
87000000	126000000	2366.5903
88000000	126000000	1442.5514
89000000	126000000	1661.8127
90000000	126000000	2781.4407
91000000	126000000	2297.8484
92000000	126000000	2371.5815
93000000	126000000	2398.1082
94000000	126000000	3112.08
95000000	126000000	4709.7065
96000000	126000000	4378.225
97000000	126000000	3741.1348
98000000	126000000	4564.76
99000000	126000000	4129.837
100000000	126000000	3544.7715
101000000	126000000	4166.6714
102000000	126000000	3898.628
103000000	126000000	4619.978
104000000	126000000	4485.8384
105000000	126000000	4468.2373
106000000	126000000	2770.7864
107000000	126000000	4301.9287
108000000	126000000	3145.4473
109000000	126000000	4148.524
110000000	126000000	4842.6943
111000000	126000000	3378.6855
112000000	126000000	3686.2366
113000000	126000000	3646.9546
114000000	126000000	4344.8374
115000000	126000000	3753.0034
116000000	126000000	5090.744
117000000	126000000	6103.3286
118000000	126000000	6262.7876
119000000	126000000	8524.572
120000000	126000000	8512.3955
121000000	126000000	10487.277
122000000	126000000	9731.979
123000000	126000000	15708.329
124000000	126000000	27511.504
125000000	126000000	111944.25
126000000	126000000	571060.2
0	127000000	524.81256
1000000	127000000	452.50253
2000000	127000000	501.19775
3000000	127000000	445.81924
4000000	127000000	503.4093
5000000	127000000	520.3641
6000000	127000000	607.4154
7000000	127000000	571.89526
8000000	127000000	525.13763
9000000	127000000	873.1975
10000000	127000000	801.8675
11000000	127000000	595.895
12000000	127000000	570.471
13000000	127000000	571.97955
14000000	127000000	559.45404
15000000	127000000	500.72864
16000000	127000000	525.0291
17000000	127000000	541.8197
18000000	127000000	796.17554
19000000	127000000	853.0775
20000000	127000000	1040.629
21000000	127000000	920.59564
22000000	127000000	604.0015
23000000	127000000	988.72943
24000000	127000000	1233.0278
25000000	127000000	995.2436
26000000	127000000	974.01263
27000000	127000000	786.2654
28000000	127000000	582.10583
29000000	127000000	511.84372
30000000	127000000	717.1187
31000000	127000000	789.09875
32000000	127000000	688.5278
33000000	127000000	705.5305
34000000	127000000	721.9145
35000000	127000000	653.39307
36000000	127000000	675.44104
37000000	127000000	685.7412
38000000	127000000	537.2409
39000000	127000000	850.7702
40000000	127000000	1143.6617
41000000	127000000	765.329
42000000	127000000	565.4828
43000000	127000000	543.4925
46000000	127000000	303.83453
47000000	127000000	857.7664
48000000	127000000	851.6825
49000000	127000000	1367.1407
50000000	127000000	1061.1323
51000000	127000000	946.4241
52000000	127000000	925.8102
53000000	127000000	1425.983
54000000	127000000	1262.3993
55000000	127000000	1804.4241
56000000	127000000	1440.045
57000000	127000000	1757.7244
58000000	127000000	1643.8416
59000000	127000000	1127.6775
60000000	127000000	1472.9756
61000000	127000000	1032.7035
62000000	127000000	1371.9514
63000000	127000000	1681.005
64000000	127000000	1705.2657
65000000	127000000	1478.8916
66000000	127000000	1447.6818
67000000	127000000	1504.6984
68000000	127000000	1715.0063
69000000	127000000	2163.3967
70000000	127000000	1713.2522
71000000	127000000	1432.9082
72000000	127000000	1904.5957
73000000	127000000	2357.5908
74000000	127000000	1691.7045
75000000	127000000	2312.241
76000000	127000000	1741.6752
77000000	127000000	1964.9448
78000000	127000000	2068.5374
79000000	127000000	2124.334
80000000	127000000	2113.6619
81000000	127000000	2212.9902
82000000	127000000	2558.3074
83000000	127000000	3050.5088
84000000	127000000	2764.101
85000000	127000000	2751.7798
86000000	127000000	2577.0264
87000000	127000000	2791.7012
88000000	127000000	2941.4126
89000000	127000000	2879.8926
90000000	127000000	2433.0955
91000000	127000000	2683.1624
92000000	127000000	3355.4949
93000000	127000000	3684.9963
94000000	127000000	3799.2556
95000000	127000000	2568.6267
96000000	127000000	4158.523
97000000	127000000	5442.3047
98000000	127000000	4711.7915
99000000	127000000	2514.5251
100000000	127000000	1771.7269
101000000	127000000	1949.7482
102000000	127000000	2262.5986
103000000	127000000	1526.1594
104000000	127000000	4222.8066
105000000	127000000	4035.4885
106000000	127000000	5179.86
107000000	127000000	4915.7437
108000000	127000000	5719.3257
109000000	127000000	4845.4546
110000000	127000000	4447.069
111000000	127000000	5594.923
112000000	127000000	6393.6816
113000000	127000000	6770.3516
114000000	127000000	5560.5938
115000000	127000000	5562.659
116000000	127000000	5573.4863
117000000	127000000	6046.7583
118000000	127000000	7049.635
119000000	127000000	5404.3467
120000000	127000000	8746.073
121000000	127000000	10754.649
122000000	127000000	16139.36
123000000	127000000	14252.805
124000000	127000000	14326.452
125000000	127000000	29357.479
126000000	127000000	82979.74
127000000	127000000	435517.34
0	128000000	397.7973
1000000	128000000	320.98914
2000000	128000000	355.10092
3000000	128000000	237.8707
4000000	128000000	182.83055
5000000	128000000	226.6748
6000000	128000000	628.88153
7000000	128000000	272.41452
8000000	128000000	1226.5853
9000000	128000000	872.3272
10000000	128000000	887.0706
11000000	128000000	1049.0428
12000000	128000000	564.525
13000000	128000000	301.25372
14000000	128000000	278.60144
15000000	128000000	227.29155
16000000	128000000	263.0338
17000000	128000000	598.4536
18000000	128000000	423.7383
19000000	128000000	647.9648
20000000	128000000	601.7581
21000000	128000000	867.93744
22000000	128000000	1291.1617
23000000	128000000	1015.77924
24000000	128000000	718.01337
25000000	128000000	735.7684
26000000	128000000	794.86224
27000000	128000000	1180.52
28000000	128000000	1315.896
29000000	128000000	1446.0558
30000000	128000000	1076.6967
31000000	128000000	449.9902
32000000	128000000	473.89246
33000000	128000000	566.5303
34000000	128000000	300.33356
35000000	128000000	305.18246
36000000	128000000	395.99847
37000000	128000000	877.287
38000000	128000000	1237.2894
39000000	128000000	696.1975
40000000	128000000	570.59576
41000000	128000000	1029.4546
42000000	128000000	1207.0468
43000000	128000000	367.12555
46000000	128000000	121.93154
47000000	128000000	388.01624
48000000	128000000	1321.4692
49000000	128000000	853.0761
50000000	128000000	728.65515
51000000	128000000	562.95886
52000000	128000000	1018.02057
53000000	128000000	947.8394
54000000	128000000	1246.0594
55000000	128000000	966.06287
56000000	128000000	1432.5376
57000000	128000000	1134.9983
58000000	128000000	1183.3285
59000000	128000000	1617.5117
60000000	128000000	982.43884
61000000	128000000	1790.5165
62000000	128000000	1332.3727
63000000	128000000	909.2381
64000000	128000000	1101.5393
65000000	128000000	1627.7742
66000000	128000000	1817.1128
67000000	128000000	2091.5479
68000000	128000000	1800.7506
69000000	128000000	989.86456
70000000	128000000	1542.6549
71000000	128000000	1999.5328
72000000	128000000	1665.2565
73000000	128000000	1421.206
74000000	128000000	2320.534
75000000	128000000	1218.0647
76000000	128000000	1572.6375
77000000	128000000	1428.5475
78000000	128000000	1105.4286
79000000	128000000	1856.9485
80000000	128000000	2068.5205
81000000	128000000	2583.587
82000000	128000000	2351.494
83000000	128000000	1275.9084
84000000	128000000	1357.2738
85000000	128000000	1623.1371
86000000	128000000	2159.6914
87000000	128000000	2019.6538
88000000	128000000	1174.194
89000000	128000000	1351.7988
90000000	128000000	2463.745
91000000	128000000	1902.8674
92000000	128000000	1979.6765
93000000	128000000	2004.5922
94000000	128000000	2718.9294
95000000	128000000	4382.6016
96000000	128000000	3666.282
97000000	128000000	2937.2722
98000000	128000000	3542.9763
99000000	128000000	3854.2126
100000000	128000000	3560.317
101000000	128000000	3757.2588
102000000	128000000	3618.5432
103000000	128000000	4440.378
104000000	128000000	3872.2864
105000000	128000000	4039.122
106000000	128000000	2357.071
107000000	128000000	3618.1616
108000000	128000000	2528.86
109000000	128000000	3692.3047
110000000	128000000	4393.7017
111000000	128000000	2905.1626
112000000	128000000	2976.66
113000000	128000000	2942.9265
114000000	128000000	4007.1682
115000000	128000000	3142.5044
116000000	128000000	4013.446
117000000	128000000	4722.7866
118000000	128000000	4405.8247
119000000	128000000	6263.569
120000000	128000000	5903.517
121000000	128000000	6620.4434
122000000	128000000	5345.498
123000000	128000000	8223.931
124000000	128000000	11391.068
125000000	128000000	18215.143
126000000	128000000	31457.002
127000000	128000000	95498.484
128000000	128000000	534534.9
0	129000000	406.22037
1000000	129000000	302.58316
2000000	129000000	338.71448
3000000	129000000	292.62128
4000000	129000000	326.7924
5000000	129000000	336.96667
6000000	129000000	548.49756
7000000	129000000	264.13086
8000000	129000000	737.0119
9000000	129000000	821.48444
10000000	129000000	833.88025
11000000	129000000	679.7953
12000000	129000000	527.70123
13000000	129000000	385.92535
14000000	129000000	396.44025
15000000	129000000	308.29935
16000000	129000000	322.91306
17000000	129000000	530.9529
18000000	129000000	571.895
19000000	129000000	792.95685
20000000	129000000	865.5659
21000000	129000000	867.3087
22000000	129000000	739.02277
23000000	129000000	922.15436
24000000	129000000	991.7509
25000000	129000000	862.52875
26000000	129000000	877.4648
27000000	129000000	823.6174
28000000	129000000	783.63745
29000000	129000000	775.1786
30000000	129000000	855.53864
31000000	129000000	638.0447
32000000	129000000	559.01044
33000000	129000000	618.83954
34000000	129000000	476.2836
35000000	129000000	503.6974
36000000	129000000	529.2191
37000000	129000000	743.0754
38000000	129000000	779.6779
39000000	129000000	722.7478
40000000	129000000	824.057
41000000	129000000	850.3657
42000000	129000000	750.86163
43000000	129000000	427.8259
46000000	129000000	179.30612
47000000	129000000	524.5918
48000000	129000000	1014.9901
49000000	129000000	1101.4126
50000000	129000000	835.65234
51000000	129000000	659.01447
52000000	129000000	914.40857
53000000	129000000	1127.8514
54000000	129000000	1093.8632
55000000	129000000	1275.2255
56000000	129000000	1260.5431
57000000	129000000	1388.5402
58000000	129000000	1365.3411
59000000	129000000	1269.4222
60000000	129000000	1174.5144
61000000	129000000	1193.115
62000000	129000000	1273.0121
63000000	129000000	1297.7317
64000000	129000000	1355.4368
65000000	129000000	1290.3756
66000000	129000000	1289.9825
67000000	129000000	1670.542
68000000	129000000	1630.7611
69000000	129000000	1494.0067
70000000	129000000	1508.3514
71000000	129000000	1379.0804
72000000	129000000	1572.491
73000000	129000000	1752.8508
74000000	129000000	1813.7758
75000000	129000000	1638.8293
76000000	129000000	1472.0571
77000000	129000000	1509.8608
78000000	129000000	1560.051
79000000	129000000	1871.9938
80000000	129000000	1874.5074
81000000	129000000	2147.8916
82000000	129000000	2191.3477
83000000	129000000	2086.5298
84000000	129000000	1988.0465
85000000	129000000	2074.7239
86000000	129000000	2210.08
87000000	129000000	2304.3542
88000000	129000000	1929.8645
89000000	129000000	1958.5739
90000000	129000000	2092.9883
91000000	129000000	2110.8672
92000000	129000000	2540.4856
93000000	129000000	2845.5242
94000000	129000000	3218.5632
95000000	129000000	3147.451
96000000	129000000	3577.8784
97000000	129000000	4030.7263
98000000	129000000	3826.12
99000000	129000000	2663.415
100000000	129000000	1990.8151
101000000	129000000	2003.7374
102000000	129000000	2422.5278
103000000	129000000	2206.5088
104000000	129000000	3781.1433
105000000	129000000	3782.163
106000000	129000000	3728.9268
107000000	129000000	4309.4976
108000000	129000000	4109.6567
109000000	129000000	4059.355
110000000	129000000	4166.282
111000000	129000000	4226.9375
112000000	129000000	4692.571
113000000	129000000	4823.2314
114000000	129000000	4153.457
115000000	129000000	4020.2205
116000000	129000000	4403.317
117000000	129000000	4773.2285
118000000	129000000	5027.297
119000000	129000000	4901.7812
120000000	129000000	6283.0107
121000000	129000000	7184.9976
122000000	129000000	8634.466
123000000	129000000	8589.002
124000000	129000000	9389.949
125000000	129000000	15046.523
126000000	129000000	24694.213
127000000	129000000	87374.28
128000000	129000000	165139.92
129000000	129000000	458802.06
0	130000000	421.97122
1000000	130000000	328.63718
2000000	130000000	408.27338
3000000	130000000	318.71216
4000000	130000000	323.67755
5000000	130000000	358.73862
6000000	130000000	596.0024
7000000	130000000	307.36493
8000000	130000000	801.81494
9000000	130000000	841.52997
10000000	130000000	772.4425
11000000	130000000	723.947
12000000	130000000	571.6585
13000000	130000000	384.93878
14000000	130000000	412.89044
15000000	130000000	377.13638
16000000	130000000	392.25662
17000000	130000000	575.49384
18000000	130000000	607.91345
19000000	130000000	745.8508
20000000	130000000	859.4466
21000000	130000000	844.19196
22000000	130000000	777.62006
23000000	130000000	917.49554
24000000	130000000	922.8889
25000000	130000000	818.43854
26000000	130000000	843.9924
27000000	130000000	909.31226
28000000	130000000	870.0922
29000000	130000000	804.2403
30000000	130000000	898.6346
31000000	130000000	652.4999
32000000	130000000	596.95087
33000000	130000000	635.96234
34000000	130000000	501.21646
35000000	130000000	512.4781
36000000	130000000	543.3066
37000000	130000000	719.8222
38000000	130000000	836.88824
39000000	130000000	802.683
40000000	130000000	806.0758
41000000	130000000	862.91254
42000000	130000000	834.556
43000000	130000000	483.0046
46000000	130000000	233.87782
47000000	130000000	589.974
48000000	130000000	1131.6439
49000000	130000000	1077.7269
50000000	130000000	927.6228
51000000	130000000	773.8776
52000000	130000000	1050.5026
53000000	130000000	1190.7408
54000000	130000000	1199.6683
55000000	130000000	1353.8031
56000000	130000000	1374.6285
57000000	130000000	1476.6576
58000000	130000000	1429.9003
59000000	130000000	1392.8726
60000000	130000000	1237.5408
61000000	130000000	1310.2811
62000000	130000000	1385.7136
63000000	130000000	1345.5612
64000000	130000000	1467.7195
65000000	130000000	1466.5701
66000000	130000000	1550.9353
67000000	130000000	1797.0682
68000000	130000000	1786.3395
69000000	130000000	1562.7783
70000000	130000000	1636.9305
71000000	130000000	1638.6698
72000000	130000000	1716.8284
73000000	130000000	1785.8848
74000000	130000000	2011.2317
75000000	130000000	1760.9043
76000000	130000000	1620.8304
77000000	130000000	1683.058
78000000	130000000	1612.5378
79000000	130000000	2125.3389
80000000	130000000	2000.863
81000000	130000000	2264.24
82000000	130000000	2541.7673
83000000	130000000	2199.737
84000000	130000000	2303.7737
85000000	130000000	2280.6511
86000000	130000000	2448.2224
87000000	130000000	2526.6987
88000000	130000000	2036.1493
89000000	130000000	2174.533
90000000	130000000	2339.515
91000000	130000000	2338.4092
92000000	130000000	2732.561
93000000	130000000	3090.5845
94000000	130000000	3301.5146
95000000	130000000	3311.427
96000000	130000000	3832.1643
97000000	130000000	4188.922
98000000	130000000	4194.766
99000000	130000000	3146.5042
100000000	130000000	2517.7107
101000000	130000000	2479.1284
102000000	130000000	2658.9614
103000000	130000000	2505.7322
104000000	130000000	4179.8203
105000000	130000000	4171.696
106000000	130000000	4014.533
107000000	130000000	4499.3623
108000000	130000000	4312.693
109000000	130000000	4418.1914
110000000	130000000	4631.686
111000000	130000000	4479.268
112000000	130000000	5237.015
113000000	130000000	5290.989
114000000	130000000	4816.2456
115000000	130000000	4522.1494
116000000	130000000	4842.3726
117000000	130000000	5309.8477
118000000	130000000	5688.9263
119000000	130000000	5862.2246
120000000	130000000	6817.326
121000000	130000000	7942.4575
122000000	130000000	8992.59
123000000	130000000	9080.037
124000000	130000000	10005.363
125000000	130000000	14542.135
126000000	130000000	23931.521
127000000	130000000	63726.906
128000000	130000000	68786.45
129000000	130000000	124125.16
130000000	130000000	456618.8
0	131000000	479.0579
1000000	131000000	388.96042
2000000	131000000	430.0505
3000000	131000000	332.78165
4000000	131000000	342.2966
5000000	131000000	367.94485
6000000	131000000	789.51154
7000000	131000000	423.45392
8000000	131000000	965.5808
9000000	131000000	955.9704
10000000	131000000	1018.79535
11000000	131000000	900.3629
12000000	131000000	707.4045
13000000	131000000	469.76016
14000000	131000000	389.53488
15000000	131000000	366.63516
16000000	131000000	397.25043
17000000	131000000	643.6862
18000000	131000000	657.4193
19000000	131000000	873.9838
20000000	131000000	918.53723
21000000	131000000	1098.2513
22000000	131000000	1047.5986
23000000	131000000	1085.7655
24000000	131000000	971.2147
25000000	131000000	954.8252
26000000	131000000	1020.81714
27000000	131000000	1143.3545
28000000	131000000	991.05255
29000000	131000000	932.9435
30000000	131000000	1057.695
31000000	131000000	653.7769
32000000	131000000	632.3673
33000000	131000000	702.86975
34000000	131000000	492.37183
35000000	131000000	515.07837
36000000	131000000	560.1628
37000000	131000000	878.13043
38000000	131000000	1023.74646
39000000	131000000	810.49243
40000000	131000000	857.8004
41000000	131000000	1071.3285
42000000	131000000	1046.0177
43000000	131000000	490.9977
46000000	131000000	233.7612
47000000	131000000	573.0469
48000000	131000000	1329.9471
49000000	131000000	1229.8368
50000000	131000000	888.0781
51000000	131000000	694.71954
52000000	131000000	1041.2926
53000000	131000000	1338.4252
54000000	131000000	1353.1471
55000000	131000000	1501.6935
56000000	131000000	1718.0989
57000000	131000000	1659.6791
58000000	131000000	1465.9989
59000000	131000000	1534.159
60000000	131000000	1201.8718
61000000	131000000	1663.1523
62000000	131000000	1558.992
63000000	131000000	1355.9967
64000000	131000000	1589.4182
65000000	131000000	1589.9761
66000000	131000000	1707.3923
67000000	131000000	2029.8615
68000000	131000000	2014.3639
69000000	131000000	1682.989
70000000	131000000	2061.0198
71000000	131000000	2064.7664
72000000	131000000	2086.4373
73000000	131000000	2110.6294
74000000	131000000	2545.1738
75000000	131000000	1905.4598
76000000	131000000	1617.3313
77000000	131000000	1772.9296
78000000	131000000	1611.2793
79000000	131000000	2090.483
80000000	131000000	2439.9834
81000000	131000000	2990.8374
82000000	131000000	2901.3525
83000000	131000000	2159.5535
84000000	131000000	2167.0725
85000000	131000000	2221.7288
86000000	131000000	2656.476
87000000	131000000	2710.3296
88000000	131000000	1920.6367
89000000	131000000	2071.1174
90000000	131000000	2730.4778
91000000	131000000	2427.1914
92000000	131000000	2944.3743
93000000	131000000	3213.5405
94000000	131000000	3951.9783
95000000	131000000	4262.417
96000000	131000000	4627.691
97000000	131000000	4793.564
98000000	131000000	5041.241
99000000	131000000	3613.654
100000000	131000000	2839.7273
101000000	131000000	3162.996
102000000	131000000	3308.7637
103000000	131000000	3397.786
104000000	131000000	4786.2764
105000000	131000000	4702.626
106000000	131000000	4072.036
107000000	131000000	5106.5864
108000000	131000000	4693.3237
109000000	131000000	4825.2983
110000000	131000000	5101.3745
111000000	131000000	4656.4453
112000000	131000000	5022.6523
113000000	131000000	4964.3325
114000000	131000000	4599.3696
115000000	131000000	4221.083
116000000	131000000	5182.9106
117000000	131000000	6341.843
118000000	131000000	6891.0254
119000000	131000000	7214.2485
120000000	131000000	7823.472
121000000	131000000	8970.524
122000000	131000000	8648.686
123000000	131000000	10088.131
124000000	131000000	11525.634
125000000	131000000	14856.846
126000000	131000000	19907.7
127000000	131000000	26959.963
128000000	131000000	26174.057
129000000	131000000	32893.582
130000000	131000000	109844.336
131000000	131000000	479982.56
0	132000000	542.5132
1000000	132000000	484.4876
2000000	132000000	585.6937
3000000	132000000	540.64984
4000000	132000000	574.902
5000000	132000000	686.6892
6000000	132000000	739.15186
7000000	132000000	622.7738
8000000	132000000	589.2733
9000000	132000000	856.80475
10000000	132000000	805.4801
11000000	132000000	627.44104
12000000	132000000	698.46484
13000000	132000000	711.46857
14000000	132000000	663.0715
15000000	132000000	639.7331
16000000	132000000	627.0677
17000000	132000000	732.6295
18000000	132000000	952.6932
19000000	132000000	1011.86115
20000000	132000000	1127.4268
21000000	132000000	908.5985
22000000	132000000	606.08167
23000000	132000000	917.7423
24000000	132000000	1186.1312
25000000	132000000	1103.4153
26000000	132000000	1016.2242
27000000	132000000	854.5365
28000000	132000000	537.9624
29000000	132000000	508.40872
30000000	132000000	780.91705
31000000	132000000	905.17975
32000000	132000000	861.5724
33000000	132000000	739.21094
34000000	132000000	822.42285
35000000	132000000	836.9387
36000000	132000000	789.0896
37000000	132000000	667.74054
38000000	132000000	606.6711
39000000	132000000	865.442
40000000	132000000	1143.1643
41000000	132000000	846.3844
42000000	132000000	693.87384
43000000	132000000	707.5141
46000000	132000000	347.83255
47000000	132000000	991.8256
48000000	132000000	1073.5234
49000000	132000000	1468.1765
50000000	132000000	1192.5232
51000000	132000000	1126.929
52000000	132000000	1080.5731
53000000	132000000	1521.2406
54000000	132000000	1416.2404
55000000	132000000	1764.1638
56000000	132000000	1540.9705
57000000	132000000	1831.2676
58000000	132000000	1577.6125
59000000	132000000	1289.3533
60000000	132000000	1601.5509
61000000	132000000	1144.1599
62000000	132000000	1423.0085
63000000	132000000	1780.8185
64000000	132000000	1916.6504
65000000	132000000	1462.5293
66000000	132000000	1401.2053
67000000	132000000	1443.0309
68000000	132000000	1846.0325
69000000	132000000	2440.275
70000000	132000000	2071.6155
71000000	132000000	1585.045
72000000	132000000	2087.787
73000000	132000000	2387.6416
74000000	132000000	1821.9728
75000000	132000000	2460.4507
76000000	132000000	1933.7365
77000000	132000000	2084.5361
78000000	132000000	2338.5176
79000000	132000000	2399.3047
80000000	132000000	2417.693
81000000	132000000	2249.335
82000000	132000000	2659.2256
83000000	132000000	3260.1008
84000000	132000000	3072.7173
85000000	132000000	2997.9138
86000000	132000000	2833.1116
87000000	132000000	3239.865
88000000	132000000	3023.7217
89000000	132000000	3157.065
90000000	132000000	2724.3823
91000000	132000000	2786.0203
92000000	132000000	3763.6729
93000000	132000000	4149.46
94000000	132000000	4154.635
95000000	132000000	2642.6777
96000000	132000000	3933.16
97000000	132000000	5553.92
98000000	132000000	4785.878
99000000	132000000	2352.7092
100000000	132000000	1925.0175
101000000	132000000	1901.9835
102000000	132000000	2278.3984
103000000	132000000	1682.5364
104000000	132000000	4240.7676
105000000	132000000	4445.725
106000000	132000000	5935.6055
107000000	132000000	5578.5137
108000000	132000000	6625.1787
109000000	132000000	5395.0635
110000000	132000000	4901.194
111000000	132000000	6289.4487
112000000	132000000	7556.648
113000000	132000000	7545.822
114000000	132000000	5707.98
115000000	132000000	6198.8823
116000000	132000000	5963.485
117000000	132000000	6643.9336
118000000	132000000	7519.346
119000000	132000000	6004.505
120000000	132000000	7907.292
121000000	132000000	9011.269
122000000	132000000	12304.392
123000000	132000000	10028.089
124000000	132000000	7864.9146
125000000	132000000	9540.384
126000000	132000000	11126.437
127000000	132000000	23057.914
128000000	132000000	10857.162
129000000	132000000	19176.574
130000000	132000000	28498.027
131000000	132000000	87892.03
132000000	132000000	505557.4
0	133000000	669.3807
1000000	133000000	573.9625
2000000	133000000	549.0607
3000000	133000000	432.74216
4000000	133000000	446.75928
5000000	133000000	528.91583
6000000	133000000	888.15967
7000000	133000000	794.4078
8000000	133000000	714.4407
9000000	133000000	1037.0928
10000000	133000000	1061.1914
11000000	133000000	825.4633
12000000	133000000	720.5703
13000000	133000000	577.6659
14000000	133000000	486.46692
15000000	133000000	491.03436
16000000	133000000	490.2262
17000000	133000000	730.1426
18000000	133000000	807.65094
19000000	133000000	1081.6582
20000000	133000000	1438.6873
21000000	133000000	1278.3888
22000000	133000000	751.42645
23000000	133000000	1077.9403
24000000	133000000	1216.175
25000000	133000000	1174.5741
26000000	133000000	1105.858
27000000	133000000	1076.0936
28000000	133000000	725.07935
29000000	133000000	605.1756
30000000	133000000	883.61066
31000000	133000000	817.5211
32000000	133000000	721.4758
33000000	133000000	704.6065
34000000	133000000	650.532
35000000	133000000	689.1589
36000000	133000000	745.8949
37000000	133000000	833.5856
38000000	133000000	773.5797
39000000	133000000	807.80164
40000000	133000000	1150.586
41000000	133000000	1051.2168
42000000	133000000	796.15857
43000000	133000000	628.4453
46000000	133000000	304.21283
47000000	133000000	957.72644
48000000	133000000	1256.4724
49000000	133000000	1542.2073
50000000	133000000	1004.08575
51000000	133000000	781.3485
52000000	133000000	944.03357
53000000	133000000	1499.0408
54000000	133000000	1325.1128
55000000	133000000	1730.0016
56000000	133000000	1653.8729
57000000	133000000	1793.4551
58000000	133000000	1679.6318
59000000	133000000	1280.4631
60000000	133000000	1349.4508
61000000	133000000	1278.223
62000000	133000000	1422.5554
63000000	133000000	1507.6549
64000000	133000000	1712.6705
65000000	133000000	1441.5771
66000000	133000000	1463.8967
67000000	133000000	1733.7507
68000000	133000000	1922.5854
69000000	133000000	2123.195
70000000	133000000	2013.2183
71000000	133000000	1684.8278
72000000	133000000	1912.6471
73000000	133000000	2458.829
74000000	133000000	2044.7501
75000000	133000000	2158.4473
76000000	133000000	1397.5781
77000000	133000000	1586.3174
78000000	133000000	1701.7004
79000000	133000000	2032.993
80000000	133000000	2156.7864
81000000	133000000	2619.6226
82000000	133000000	2646.629
83000000	133000000	2253.9749
84000000	133000000	2288.7825
85000000	133000000	2390.3838
86000000	133000000	2666.6636
87000000	133000000	2796.0073
88000000	133000000	2211.1687
89000000	133000000	2315.4912
90000000	133000000	2232.2852
91000000	133000000	2404.813
92000000	133000000	3045.413
93000000	133000000	3456.9233
94000000	133000000	4084.049
95000000	133000000	3332.9072
96000000	133000000	4495.793
97000000	133000000	5896.9307
98000000	133000000	5505.5737
99000000	133000000	3055.8142
100000000	133000000	2137.9365
101000000	133000000	2398.7273
102000000	133000000	2947.7976
103000000	133000000	2086.193
104000000	133000000	4622.19
105000000	133000000	4112.946
106000000	133000000	4644.593
107000000	133000000	4787.4307
108000000	133000000	5269.8555
109000000	133000000	4742.0605
110000000	133000000	4343.2695
111000000	133000000	4600.3022
112000000	133000000	5390.161
113000000	133000000	5398.6733
114000000	133000000	4277.0146
115000000	133000000	4364.2583
116000000	133000000	5050.8145
117000000	133000000	6232.5273
118000000	133000000	7651.724
119000000	133000000	6617.6753
120000000	133000000	8101.1553
121000000	133000000	8991.645
122000000	133000000	10158.424
123000000	133000000	10106.686
124000000	133000000	9252.596
125000000	133000000	10648.435
126000000	133000000	11413.841
127000000	133000000	18786.008
128000000	133000000	9955.359
129000000	133000000	15804.761
130000000	133000000	20322.945
131000000	133000000	45848.293
132000000	133000000	105695.08
133000000	133000000	423897.78
0	134000000	570.95074
1000000	134000000	495.33554
2000000	134000000	459.26047
3000000	134000000	308.78857
4000000	134000000	295.09592
5000000	134000000	378.67874
6000000	134000000	947.6469
7000000	134000000	472.13776
8000000	134000000	1120.9735
9000000	134000000	1103.4723
10000000	134000000	1190.359
11000000	134000000	1224.3887
12000000	134000000	678.58386
13000000	134000000	444.5767
14000000	134000000	325.12616
15000000	134000000	319.42395
16000000	134000000	318.62088
17000000	134000000	669.6751
18000000	134000000	654.25323
19000000	134000000	942.63696
20000000	134000000	1130.4586
21000000	134000000	1245.612
22000000	134000000	1095.2406
23000000	134000000	1091.4673
24000000	134000000	876.1962
25000000	134000000	925.24976
26000000	134000000	1042.8605
27000000	134000000	1247.6492
28000000	134000000	1005.59766
29000000	134000000	995.4893
30000000	134000000	1104.7809
31000000	134000000	570.7976
32000000	134000000	619.03613
33000000	134000000	661.787
34000000	134000000	435.8358
35000000	134000000	478.0783
36000000	134000000	532.1046
37000000	134000000	1010.85864
38000000	134000000	1026.0879
39000000	134000000	802.51166
40000000	134000000	928.5677
41000000	134000000	1259.6492
42000000	134000000	1113.3485
43000000	134000000	504.22748
46000000	134000000	159.76305
47000000	134000000	640.41565
48000000	134000000	1350.9628
49000000	134000000	1271.7552
50000000	134000000	770.3699
51000000	134000000	588.4977
52000000	134000000	970.72504
53000000	134000000	1217.5293
54000000	134000000	1371.6041
55000000	134000000	1345.036
56000000	134000000	1554.2693
57000000	134000000	1463.0673
58000000	134000000	1396.7268
59000000	134000000	1395.3986
60000000	134000000	1071.4246
61000000	134000000	1542.7056
62000000	134000000	1423.3248
63000000	134000000	1077.0806
64000000	134000000	1220.9188
65000000	134000000	1387.4149
66000000	134000000	1621.5651
67000000	134000000	1993.1698
68000000	134000000	1961.7489
69000000	134000000	1432.6237
70000000	134000000	1861.6605
71000000	134000000	1787.2738
72000000	134000000	1705.5054
73000000	134000000	1865.6887
74000000	134000000	2212.467
75000000	134000000	1590.7699
76000000	134000000	1283.5651
77000000	134000000	1249.0792
78000000	134000000	1104.9371
79000000	134000000	1687.2223
80000000	134000000	2067.018
81000000	134000000	2683.3127
82000000	134000000	2438.783
83000000	134000000	1454.9124
84000000	134000000	1443.3335
85000000	134000000	1718.3304
86000000	134000000	2276.3044
87000000	134000000	2295.8984
88000000	134000000	1403.5192
89000000	134000000	1554.7272
90000000	134000000	2021.163
91000000	134000000	1984.3308
92000000	134000000	2263.0352
93000000	134000000	2526.1858
94000000	134000000	3520.9224
95000000	134000000	4049.1797
96000000	134000000	4256.1934
97000000	134000000	4499.288
98000000	134000000	5001.5
99000000	134000000	3697.3894
100000000	134000000	2747.2097
101000000	134000000	3297.943
102000000	134000000	3722.5862
103000000	134000000	3316.3928
104000000	134000000	4397.523
105000000	134000000	4009.1948
106000000	134000000	3061.3862
107000000	134000000	4002.23
108000000	134000000	3511.3447
109000000	134000000	3819.3813
110000000	134000000	3951.105
111000000	134000000	3243.6858
112000000	134000000	3300.2468
113000000	134000000	3431.0269
114000000	134000000	3643.1648
115000000	134000000	3162.6836
116000000	134000000	4069.0317
117000000	134000000	5221.863
118000000	134000000	6185.958
119000000	134000000	6641.6475
120000000	134000000	6828.8237
121000000	134000000	7096.7065
122000000	134000000	6186.8096
123000000	134000000	8121.0293
124000000	134000000	8873.666
125000000	134000000	10429.416
126000000	134000000	10504.559
127000000	134000000	10851.601
128000000	134000000	9461.652
129000000	134000000	10596.559
130000000	134000000	12447.51
131000000	134000000	22051.99
132000000	134000000	23815.72
133000000	134000000	116986.96
134000000	134000000	476691.03
0	135000000	638.776
1000000	135000000	500.85934
2000000	135000000	525.2309
3000000	135000000	396.38162
4000000	135000000	395.40213
5000000	135000000	447.9395
6000000	135000000	958.6116
7000000	135000000	660.5332
8000000	135000000	930.8957
9000000	135000000	925.3838
10000000	135000000	1040.1515
11000000	135000000	944.7303
12000000	135000000	808.0858
13000000	135000000	509.10458
14000000	135000000	440.97412
15000000	135000000	397.132
16000000	135000000	468.2979
17000000	135000000	785.05963
18000000	135000000	780.4128
19000000	135000000	960.93823
20000000	135000000	993.1648
21000000	135000000	1101.0828
22000000	135000000	950.3186
23000000	135000000	1003.99243
24000000	135000000	958.5641
25000000	135000000	895.5099
26000000	135000000	960.654
27000000	135000000	995.714
28000000	135000000	824.50995
29000000	135000000	831.4864
30000000	135000000	993.17096
31000000	135000000	673.0296
32000000	135000000	667.9918
33000000	135000000	744.7354
34000000	135000000	495.82825
35000000	135000000	554.71967
36000000	135000000	610.6186
37000000	135000000	952.6647
38000000	135000000	1008.80316
39000000	135000000	804.99133
40000000	135000000	916.24243
41000000	135000000	1136.8843
42000000	135000000	1028.8336
43000000	135000000	623.1277
46000000	135000000	310.43436
47000000	135000000	795.7178
48000000	135000000	1450.6562
49000000	135000000	1430.0437
50000000	135000000	899.37146
51000000	135000000	763.7574
52000000	135000000	1170.5511
53000000	135000000	1326.7312
54000000	135000000	1345.5929
55000000	135000000	1384.9812
56000000	135000000	1538.1727
57000000	135000000	1463.4396
58000000	135000000	1463.4376
59000000	135000000	1460.1157
60000000	135000000	1143.7782
61000000	135000000	1475.0354
62000000	135000000	1411.8638
63000000	135000000	1227.1755
64000000	135000000	1414.7325
65000000	135000000	1474.0402
66000000	135000000	1585.2958
67000000	135000000	1866.2327
68000000	135000000	1934.5256
69000000	135000000	1490.768
70000000	135000000	1789.6123
71000000	135000000	1686.5421
72000000	135000000	1814.1105
73000000	135000000	1907.1155
74000000	135000000	2266.0576
75000000	135000000	1837.3181
76000000	135000000	1481.9473
77000000	135000000	1508.7374
78000000	135000000	1360.1985
79000000	135000000	1949.5194
80000000	135000000	2132.6797
81000000	135000000	2365.7612
82000000	135000000	2472.4192
83000000	135000000	1797.0222
84000000	135000000	1816.5707
85000000	135000000	2085.7886
86000000	135000000	2788.2126
87000000	135000000	2655.816
88000000	135000000	1820.1543
89000000	135000000	1903.8556
90000000	135000000	2482.2236
91000000	135000000	2403.1396
92000000	135000000	2663.8838
93000000	135000000	3020.5195
94000000	135000000	3584.1382
95000000	135000000	3787.2847
96000000	135000000	4088.8713
97000000	135000000	4325.0254
98000000	135000000	4539.4077
99000000	135000000	3219.1697
100000000	135000000	2429.044
101000000	135000000	2732.5986
102000000	135000000	2922.8281
103000000	135000000	2767.504
104000000	135000000	4396.1597
105000000	135000000	4294.3516
106000000	135000000	3637.7292
107000000	135000000	4423.626
108000000	135000000	4059.8213
109000000	135000000	4339.163
110000000	135000000	4500.242
111000000	135000000	3949.4377
112000000	135000000	4291.8115
113000000	135000000	4537.333
114000000	135000000	4289.6123
115000000	135000000	3866.8875
116000000	135000000	4654.353
117000000	135000000	5801.7725
118000000	135000000	6037.2056
119000000	135000000	6255.5557
120000000	135000000	6670.7646
121000000	135000000	7012.492
122000000	135000000	6613.972
123000000	135000000	7439.697
124000000	135000000	7729.7363
125000000	135000000	8347.329
126000000	135000000	8337.031
127000000	135000000	8806.421
128000000	135000000	7169.7134
129000000	135000000	7592.678
130000000	135000000	9665.095
131000000	135000000	15539.008
132000000	135000000	18259.676
133000000	135000000	41702.23
134000000	135000000	144063.95
135000000	135000000	478824.4
0	136000000	783.8159
1000000	136000000	741.2584
2000000	136000000	846.15295
3000000	136000000	760.1901
4000000	136000000	702.19586
5000000	136000000	818.1286
6000000	136000000	880.1205
7000000	136000000	592.23517
8000000	136000000	435.12524
9000000	136000000	702.7011
10000000	136000000	711.81384
11000000	136000000	491.7406
12000000	136000000	730.4172
13000000	136000000	846.9079
14000000	136000000	726.82275
15000000	136000000	703.6866
16000000	136000000	686.38684
17000000	136000000	653.3488
18000000	136000000	1010.0618
19000000	136000000	999.34845
20000000	136000000	1082.4781
21000000	136000000	831.96844
22000000	136000000	423.29825
23000000	136000000	748.2886
24000000	136000000	1003.9911
25000000	136000000	862.31866
26000000	136000000	756.885
27000000	136000000	638.93066
28000000	136000000	378.49957
29000000	136000000	377.02826
30000000	136000000	609.922
31000000	136000000	894.9888
32000000	136000000	785.3912
33000000	136000000	800.29
34000000	136000000	793.59546
35000000	136000000	847.38354
36000000	136000000	914.23737
37000000	136000000	725.4152
38000000	136000000	500.79916
39000000	136000000	832.3351
40000000	136000000	1143.8315
41000000	136000000	756.3741
42000000	136000000	576.0091
43000000	136000000	878.73596
46000000	136000000	526.9827
47000000	136000000	1324.9691
48000000	136000000	1076.6353
49000000	136000000	1633.9836
50000000	136000000	1260.9136
51000000	136000000	1096.601
52000000	136000000	1040.8619
53000000	136000000	1433.2197
54000000	136000000	1198.1716
55000000	136000000	1536.8671
56000000	136000000	1255.5774
57000000	136000000	1458.1925
58000000	136000000	1431.3514
59000000	136000000	1025.7175
60000000	136000000	1258.6827
61000000	136000000	934.9286
62000000	136000000	1240.5339
63000000	136000000	1503.8867
64000000	136000000	1505.8903
65000000	136000000	1342.8818
66000000	136000000	1208.4893
67000000	136000000	1143.5952
68000000	136000000	1567.4875
69000000	136000000	2104.7515
70000000	136000000	1736.0968
71000000	136000000	1274.553
72000000	136000000	1612.8281
73000000	136000000	1951.4742
74000000	136000000	1540.1074
75000000	136000000	2133.7505
76000000	136000000	1655.9707
77000000	136000000	1645.8608
78000000	136000000	1841.0842
79000000	136000000	1969.0042
80000000	136000000	1932.733
81000000	136000000	1750.7073
82000000	136000000	2052.2595
83000000	136000000	2576.6223
84000000	136000000	2599.4531
85000000	136000000	2613.5781
86000000	136000000	2713.3013
87000000	136000000	2832.5823
88000000	136000000	3060.819
89000000	136000000	3009.058
90000000	136000000	2226.8054
91000000	136000000	2373.154
92000000	136000000	3212.8381
93000000	136000000	3512.985
94000000	136000000	3561.493
95000000	136000000	2056.4155
96000000	136000000	3111.6753
97000000	136000000	4319.2593
98000000	136000000	3770.9849
99000000	136000000	1796.1112
100000000	136000000	1407.581
101000000	136000000	1358.7526
102000000	136000000	1650.3997
103000000	136000000	1128.8053
104000000	136000000	3464.3567
105000000	136000000	3747.7522
106000000	136000000	4765.2686
107000000	136000000	4724.421
108000000	136000000	5494.0757
109000000	136000000	4407.929
110000000	136000000	4028.2559
111000000	136000000	5207.0625
112000000	136000000	6055.1255
113000000	136000000	6424.5547
114000000	136000000	5206.414
115000000	136000000	5210.07
116000000	136000000	5095.3535
117000000	136000000	5541.576
118000000	136000000	6330.783
119000000	136000000	4875.407
120000000	136000000	6504.8584
121000000	136000000	7041.081
122000000	136000000	9070.239
123000000	136000000	7008.485
124000000	136000000	4681.464
125000000	136000000	5075.7705
126000000	136000000	4964.235
127000000	136000000	9851.31
128000000	136000000	4297.48
129000000	136000000	7291.0522
130000000	136000000	8405.787
131000000	136000000	11984.661
132000000	136000000	18947.34
133000000	136000000	28301.14
134000000	136000000	34424.617
135000000	136000000	88126.29
136000000	136000000	428046.16
0	137000000	823.9923
1000000	137000000	768.8642
2000000	137000000	1044.8254
3000000	137000000	851.8694
4000000	137000000	771.4276
5000000	137000000	837.05493
6000000	137000000	837.7547
7000000	137000000	459.59653
8000000	137000000	751.8452
9000000	137000000	664.8642
10000000	137000000	669.28986
11000000	137000000	623.8689
12000000	137000000	629.19226
13000000	137000000	804.3312
14000000	137000000	748.5736
15000000	137000000	792.19324
16000000	137000000	761.21295
17000000	137000000	739.10065
18000000	137000000	747.4005
19000000	137000000	718.7203
20000000	137000000	607.8974
21000000	137000000	593.7624
22000000	137000000	635.65576
23000000	137000000	647.7201
24000000	137000000	704.1567
25000000	137000000	688.7933
26000000	137000000	649.0956
27000000	137000000	612.66846
28000000	137000000	581.78357
29000000	137000000	747.25464
30000000	137000000	674.64386
31000000	137000000	715.59143
32000000	137000000	778.3704
33000000	137000000	743.4044
34000000	137000000	807.207
35000000	137000000	838.39465
36000000	137000000	758.6845
37000000	137000000	668.1177
38000000	137000000	773.5374
39000000	137000000	948.7816
40000000	137000000	749.76483
41000000	137000000	745.94666
42000000	137000000	865.1592
43000000	137000000	941.6738
46000000	137000000	599.9974
47000000	137000000	1274.2545
48000000	137000000	1299.1146
49000000	137000000	1133.0038
50000000	137000000	1419.1847
51000000	137000000	1484.2133
52000000	137000000	1616.0659
53000000	137000000	1151.3726
54000000	137000000	1263.031
55000000	137000000	1173.5093
56000000	137000000	1317.5887
57000000	137000000	1274.0237
58000000	137000000	1335.3828
59000000	137000000	1515.9484
60000000	137000000	1281.0176
61000000	137000000	1255.66
62000000	137000000	1323.6941
63000000	137000000	1265.1746
64000000	137000000	1385.8632
65000000	137000000	2237.8767
66000000	137000000	1721.5397
67000000	137000000	1228.9131
68000000	137000000	1659.4877
69000000	137000000	1727.0508
70000000	137000000	1837.7334
71000000	137000000	1602.5542
72000000	137000000	1822.1298
73000000	137000000	1547.3317
74000000	137000000	1752.7721
75000000	137000000	1871.7095
76000000	137000000	2486.0037
77000000	137000000	1816.5607
78000000	137000000	1672.7441
79000000	137000000	2479.4287
80000000	137000000	1998.8671
81000000	137000000	1849.119
82000000	137000000	2078.3557
83000000	137000000	2275.4514
84000000	137000000	2601.842
85000000	137000000	2543.897
86000000	137000000	2668.9006
87000000	137000000	2819.873
88000000	137000000	3381.4817
89000000	137000000	2969.1367
90000000	137000000	2866.2417
91000000	137000000	2402.452
92000000	137000000	2940.1262
93000000	137000000	3230.4878
94000000	137000000	2683.7998
95000000	137000000	2406.874
96000000	137000000	2677.1372
97000000	137000000	3100.9092
98000000	137000000	2691.0037
99000000	137000000	2378.546
100000000	137000000	2538.0828
101000000	137000000	1940.234
102000000	137000000	2205.4104
103000000	137000000	2380.7026
104000000	137000000	3183.6714
105000000	137000000	5001.49
106000000	137000000	4187.839
107000000	137000000	4252.8447
108000000	137000000	4073.4148
109000000	137000000	4417.8843
110000000	137000000	4741.3994
111000000	137000000	4802.2563
112000000	137000000	5508.6343
113000000	137000000	6122.7817
114000000	137000000	8521.646
115000000	137000000	5959.655
116000000	137000000	5898.209
117000000	137000000	5357.5356
118000000	137000000	5247.1978
119000000	137000000	5937.0615
120000000	137000000	5944.6494
121000000	137000000	5968.4097
122000000	137000000	6930.453
123000000	137000000	6251.9277
124000000	137000000	4366.3916
125000000	137000000	4732.3706
126000000	137000000	5111.503
127000000	137000000	6550.253
128000000	137000000	5619.8843
129000000	137000000	5530.9116
130000000	137000000	7329.5044
131000000	137000000	8515.108
132000000	137000000	11971.712
133000000	137000000	13573.165
134000000	137000000	18692.227
135000000	137000000	37279.5
136000000	137000000	158384.03
137000000	137000000	547525.0
0	138000000	756.6722
1000000	138000000	790.9171
2000000	138000000	1189.7007
3000000	138000000	1176.1688
4000000	138000000	1260.783
5000000	138000000	1351.4684
6000000	138000000	785.0001
7000000	138000000	674.63654
8000000	138000000	373.67886
9000000	138000000	659.881
10000000	138000000	647.3488
11000000	138000000	382.36902
12000000	138000000	727.74133
13000000	138000000	1220.6067
14000000	138000000	1146.4462
15000000	138000000	1288.5554
16000000	138000000	1248.4117
17000000	138000000	827.2496
18000000	138000000	1068.7262
19000000	138000000	969.64984
20000000	138000000	918.8809
21000000	138000000	666.1935
22000000	138000000	357.82382
23000000	138000000	655.7603
24000000	138000000	1016.4186
25000000	138000000	800.3289
26000000	138000000	711.3379
27000000	138000000	465.82587
28000000	138000000	329.12363
29000000	138000000	274.27768
30000000	138000000	513.6291
31000000	138000000	1113.6016
32000000	138000000	992.37
33000000	138000000	865.5667
34000000	138000000	1351.4543
35000000	138000000	1264.265
36000000	138000000	1153.8019
37000000	138000000	586.89404
38000000	138000000	417.5478
39000000	138000000	801.0252
40000000	138000000	1139.4424
41000000	138000000	573.75604
42000000	138000000	479.33243
43000000	138000000	1139.6833
46000000	138000000	989.6195
47000000	138000000	1860.6536
48000000	138000000	1005.03253
49000000	138000000	1544.9674
50000000	138000000	1717.4407
51000000	138000000	1740.2147
52000000	138000000	1254.3615
53000000	138000000	1443.6461
54000000	138000000	1124.1523
55000000	138000000	1466.5381
56000000	138000000	1163.45
57000000	138000000	1533.9053
58000000	138000000	1386.0249
59000000	138000000	931.4973
60000000	138000000	1604.1782
61000000	138000000	832.17194
62000000	138000000	1134.8839
63000000	138000000	1759.8976
64000000	138000000	1747.9076
65000000	138000000	1446.0292
66000000	138000000	1123.3755
67000000	138000000	900.1699
68000000	138000000	1375.956
69000000	138000000	2662.2605
70000000	138000000	1667.1147
71000000	138000000	1106.991
72000000	138000000	1690.0935
73000000	138000000	1900.9956
74000000	138000000	1223.883
75000000	138000000	2398.5078
76000000	138000000	1962.439
77000000	138000000	2012.5549
78000000	138000000	2478.899
79000000	138000000	2300.125
80000000	138000000	1936.6602
81000000	138000000	1425.9153
82000000	138000000	1914.9366
83000000	138000000	3548.736
84000000	138000000	3916.1604
85000000	138000000	3166.0464
86000000	138000000	3165.3823
87000000	138000000	3275.4033
88000000	138000000	4943.7227
89000000	138000000	4298.7456
90000000	138000000	2583.3718
91000000	138000000	2600.341
92000000	138000000	3971.27
93000000	138000000	4325.3926
94000000	138000000	3388.805
95000000	138000000	1421.6166
96000000	138000000	2727.1653
97000000	138000000	4069.295
98000000	138000000	3137.8274
99000000	138000000	1487.0292
100000000	138000000	1135.4254
101000000	138000000	1058.1727
102000000	138000000	1263.4078
103000000	138000000	934.27875
104000000	138000000	3161.4373
105000000	138000000	3816.6907
106000000	138000000	6138.422
107000000	138000000	4938.784
108000000	138000000	7066.9683
109000000	138000000	4905.811
110000000	138000000	4193.3228
111000000	138000000	6903.3823
112000000	138000000	8707.562
113000000	138000000	9365.156
114000000	138000000	6638.5083
115000000	138000000	6551.554
116000000	138000000	5722.845
117000000	138000000	5599.5566
118000000	138000000	5996.827
119000000	138000000	4084.2493
120000000	138000000	6334.9688
121000000	138000000	6620.777
122000000	138000000	10815.403
123000000	138000000	6665.7886
124000000	138000000	3634.9753
125000000	138000000	4208.5356
126000000	138000000	4074.9949
127000000	138000000	9701.209
128000000	138000000	3752.0886
129000000	138000000	6486.4043
130000000	138000000	7940.237
131000000	138000000	9644.107
132000000	138000000	18327.11
133000000	138000000	19337.746
134000000	138000000	17698.588
135000000	138000000	36902.867
136000000	138000000	91634.47
137000000	138000000	101191.086
138000000	138000000	488459.25
0	139000000	1175.8406
1000000	139000000	1311.5475
2000000	139000000	1228.0742
3000000	139000000	1094.6919
4000000	139000000	1172.6753
5000000	139000000	1388.2743
6000000	139000000	1260.9858
7000000	139000000	973.47736
8000000	139000000	511.10822
9000000	139000000	1119.0215
10000000	139000000	1181.2208
11000000	139000000	626.9797
12000000	139000000	1048.3842
13000000	139000000	1194.6984
14000000	139000000	953.0399
15000000	139000000	1106.9092
16000000	139000000	956.0229
17000000	139000000	927.25684
18000000	139000000	1436.3594
19000000	139000000	1433.1838
20000000	139000000	1886.7559
21000000	139000000	1347.6096
22000000	139000000	529.3502
23000000	139000000	941.95795
24000000	139000000	1415.5356
25000000	139000000	1197.1864
26000000	139000000	991.42706
27000000	139000000	745.19147
28000000	139000000	437.8305
29000000	139000000	363.61295
30000000	139000000	743.8525
31000000	139000000	1111.0586
32000000	139000000	1022.20374
33000000	139000000	939.406
34000000	139000000	1186.7739
35000000	139000000	1314.118
36000000	139000000	1289.1676
37000000	139000000	883.3911
38000000	139000000	545.96185
39000000	139000000	833.39044
40000000	139000000	1667.4658
41000000	139000000	936.4435
42000000	139000000	665.00214
43000000	139000000	1140.94
46000000	139000000	868.0966
47000000	139000000	2020.2686
48000000	139000000	1226.6543
49000000	139000000	2130.7566
50000000	139000000	1464.981
51000000	139000000	1293.2694
52000000	139000000	1080.7933
53000000	139000000	1615.0342
54000000	139000000	1384.0431
55000000	139000000	1912.3492
56000000	139000000	1495.7278
57000000	139000000	1834.6744
58000000	139000000	1736.3663
59000000	139000000	1062.216
60000000	139000000	1439.9867
61000000	139000000	981.67334
62000000	139000000	1383.7903
63000000	139000000	1933.514
64000000	139000000	1678.4071
65000000	139000000	1358.8667
66000000	139000000	1268.9893
67000000	139000000	1201.3738
68000000	139000000	1742.4348
69000000	139000000	2563.1772
70000000	139000000	1918.129
71000000	139000000	1309.3235
72000000	139000000	1731.5728
73000000	139000000	2369.6638
74000000	139000000	1571.9034
75000000	139000000	2470.2388
76000000	139000000	1534.8602
77000000	139000000	1513.2347
78000000	139000000	1863.4028
79000000	139000000	1841.1958
80000000	139000000	1943.2831
81000000	139000000	1905.766
82000000	139000000	2073.3467
83000000	139000000	2791.343
84000000	139000000	2788.5308
85000000	139000000	2733.1404
86000000	139000000	3168.6482
87000000	139000000	3198.32
88000000	139000000	3705.8909
89000000	139000000	3098.4258
90000000	139000000	2090.273
91000000	139000000	2237.7532
92000000	139000000	3529.0586
93000000	139000000	4003.5962
94000000	139000000	4213.4956
95000000	139000000	2122.1902
96000000	139000000	3645.1504
97000000	139000000	5507.972
98000000	139000000	4612.3843
99000000	139000000	2045.4501
100000000	139000000	1377.3387
101000000	139000000	1379.4578
102000000	139000000	1752.6984
103000000	139000000	1095.2247
104000000	139000000	3509.8362
105000000	139000000	3512.3962
106000000	139000000	4959.817
107000000	139000000	4527.7256
108000000	139000000	6013.4585
109000000	139000000	4274.525
110000000	139000000	3612.6885
111000000	139000000	4904.4644
112000000	139000000	6139.5405
113000000	139000000	6480.096
114000000	139000000	4443.1147
115000000	139000000	4854.1987
116000000	139000000	4664.0244
117000000	139000000	5676.2075
118000000	139000000	7071.3594
119000000	139000000	4902.7554
120000000	139000000	7155.224
121000000	139000000	7643.2383
122000000	139000000	10251.714
123000000	139000000	7701.982
124000000	139000000	5436.6245
125000000	139000000	5704.9883
126000000	139000000	5390.578
127000000	139000000	12161.526
128000000	139000000	4406.2397
129000000	139000000	8317.309
130000000	139000000	9240.159
131000000	139000000	12782.179
132000000	139000000	19738.527
133000000	139000000	26594.555
134000000	139000000	22583.713
135000000	139000000	29241.264
136000000	139000000	49378.188
137000000	139000000	32020.64
138000000	139000000	105334.79
139000000	139000000	471551.78
0	140000000	964.732
1000000	140000000	871.43964
2000000	140000000	721.1615
3000000	140000000	596.7349
4000000	140000000	609.29614
5000000	140000000	712.7513
6000000	140000000	1311.37
7000000	140000000	1154.111
8000000	140000000	827.9618
9000000	140000000	1631.1053
10000000	140000000	1916.4546
11000000	140000000	1221.8551
12000000	140000000	1026.9418
13000000	140000000	704.04535
14000000	140000000	532.0111
15000000	140000000	597.3486
16000000	140000000	612.68274
17000000	140000000	792.29535
18000000	140000000	1104.3655
19000000	140000000	1596.6051
20000000	140000000	2544.9238
21000000	140000000	2279.4692
22000000	140000000	994.9115
23000000	140000000	1453.2876
24000000	140000000	1625.8557
25000000	140000000	1529.6453
26000000	140000000	1459.7848
27000000	140000000	1475.0388
28000000	140000000	749.54675
29000000	140000000	650.1774
30000000	140000000	1050.0571
31000000	140000000	962.29553
32000000	140000000	870.8734
33000000	140000000	852.5995
34000000	140000000	756.50354
35000000	140000000	820.8707
36000000	140000000	904.51086
37000000	140000000	1016.6169
38000000	140000000	741.62274
39000000	140000000	814.1659
40000000	140000000	1805.4473
41000000	140000000	1387.0658
42000000	140000000	860.578
43000000	140000000	730.22906
46000000	140000000	463.9428
47000000	140000000	1161.0416
48000000	140000000	1436.2142
49000000	140000000	1985.5331
50000000	140000000	933.3956
51000000	140000000	840.3961
52000000	140000000	904.6364
53000000	140000000	1663.9542
54000000	140000000	1462.9379
55000000	140000000	1924.7778
56000000	140000000	1643.761
57000000	140000000	1915.6198
58000000	140000000	1715.5635
59000000	140000000	1127.1097
60000000	140000000	1346.5271
61000000	140000000	1175.1149
62000000	140000000	1392.3632
63000000	140000000	1526.7823
64000000	140000000	1490.5734
65000000	140000000	1241.1483
66000000	140000000	1337.9113
67000000	140000000	1635.3917
68000000	140000000	1911.243
69000000	140000000	2063.291
70000000	140000000	1862.6382
71000000	140000000	1437.3188
72000000	140000000	1862.7404
73000000	140000000	2439.361
74000000	140000000	1906.0795
75000000	140000000	2088.5393
76000000	140000000	1120.8044
77000000	140000000	1201.0358
78000000	140000000	1362.2256
79000000	140000000	1524.0123
80000000	140000000	1798.8491
81000000	140000000	2163.9685
82000000	140000000	2046.1936
83000000	140000000	1698.1726
84000000	140000000	1703.8401
85000000	140000000	1807.947
86000000	140000000	2327.2302
87000000	140000000	2348.0842
88000000	140000000	1807.4142
89000000	140000000	1717.354
90000000	140000000	1631.1497
91000000	140000000	1784.7338
92000000	140000000	2541.7515
93000000	140000000	2822.236
94000000	140000000	3911.7651
95000000	140000000	2948.4329
96000000	140000000	4552.5054
97000000	140000000	6074.5645
98000000	140000000	5902.0977
99000000	140000000	2910.8787
100000000	140000000	1949.5133
101000000	140000000	2194.2249
102000000	140000000	2814.608
103000000	140000000	1626.4955
104000000	140000000	3900.6548
105000000	140000000	3027.189
106000000	140000000	3545.9148
107000000	140000000	3547.6753
108000000	140000000	4187.071
109000000	140000000	3423.2515
110000000	140000000	3030.9653
111000000	140000000	3135.438
112000000	140000000	3836.1714
113000000	140000000	3732.309
114000000	140000000	2772.1316
115000000	140000000	2880.0027
116000000	140000000	3389.8706
117000000	140000000	4736.677
118000000	140000000	6666.7354
119000000	140000000	5169.6123
120000000	140000000	6722.7637
121000000	140000000	7016.0103
122000000	140000000	7672.04
123000000	140000000	7708.4385
124000000	140000000	7541.6484
125000000	140000000	8226.436
126000000	140000000	6931.538
127000000	140000000	11692.434
128000000	140000000	5405.4355
129000000	140000000	8653.528
130000000	140000000	9192.444
131000000	140000000	13841.287
132000000	140000000	15104.464
133000000	140000000	25297.445
134000000	140000000	23549.25
135000000	140000000	21941.19
136000000	140000000	24102.074
137000000	140000000	11569.811
138000000	140000000	23059.494
139000000	140000000	97553.055
140000000	140000000	477356.75
0	141000000	714.86523
1000000	141000000	561.7015
2000000	141000000	474.46405
3000000	141000000	326.1993
4000000	141000000	318.32425
5000000	141000000	303.13287
6000000	141000000	1109.4152
7000000	141000000	941.7739
8000000	141000000	1569.0493
9000000	141000000	1607.5082
10000000	141000000	1948.6642
11000000	141000000	1900.6147
12000000	141000000	792.6324
13000000	141000000	372.0544
14000000	141000000	272.3016
15000000	141000000	255.5259
16000000	141000000	314.70648
17000000	141000000	683.21436
18000000	141000000	688.4225
19000000	141000000	1092.259
20000000	141000000	1406.1643
21000000	141000000	1891.2174
22000000	141000000	2146.6167
23000000	141000000	1542.99
24000000	141000000	1097.4244
25000000	141000000	1186.6378
26000000	141000000	1394.5828
27000000	141000000	1978.8564
28000000	141000000	1901.6267
29000000	141000000	1504.3838
30000000	141000000	1405.8779
31000000	141000000	571.2022
32000000	141000000	555.0805
33000000	141000000	658.1732
34000000	141000000	380.15128
35000000	141000000	403.10175
36000000	141000000	478.35217
37000000	141000000	1216.7245
38000000	141000000	1465.9379
39000000	141000000	809.4328
40000000	141000000	935.6916
41000000	141000000	1650.4924
42000000	141000000	1632.2338
43000000	141000000	478.30585
46000000	141000000	183.60141
47000000	141000000	555.6989
48000000	141000000	1651.7515
49000000	141000000	1165.0149
50000000	141000000	641.75287
51000000	141000000	502.1697
52000000	141000000	897.83026
53000000	141000000	1171.7181
54000000	141000000	1418.0475
55000000	141000000	1321.2228
56000000	141000000	1627.8281
57000000	141000000	1417.1442
58000000	141000000	1278.4806
59000000	141000000	1328.5
60000000	141000000	967.97406
61000000	141000000	1655.5214
62000000	141000000	1327.2063
63000000	141000000	939.4917
64000000	141000000	1044.5822
65000000	141000000	1145.8179
66000000	141000000	1616.8297
67000000	141000000	2282.0642
68000000	141000000	1900.3195
69000000	141000000	1070.5833
70000000	141000000	1503.1667
71000000	141000000	1807.5442
72000000	141000000	1513.9504
73000000	141000000	1644.183
74000000	141000000	2321.6953
75000000	141000000	1186.0281
76000000	141000000	926.8384
77000000	141000000	926.34937
78000000	141000000	832.7213
79000000	141000000	1269.8324
80000000	141000000	1773.2633
81000000	141000000	2327.918
82000000	141000000	1921.761
83000000	141000000	941.27716
84000000	141000000	888.58624
85000000	141000000	1098.7723
86000000	141000000	1707.5061
87000000	141000000	1653.5
88000000	141000000	808.54083
89000000	141000000	914.91833
90000000	141000000	1610.6138
91000000	141000000	1519.0543
92000000	141000000	1621.6559
93000000	141000000	1553.7217
94000000	141000000	2718.9138
95000000	141000000	4438.982
96000000	141000000	4053.33
97000000	141000000	3781.71
98000000	141000000	4719.379
99000000	141000000	4473.2554
100000000	141000000	3563.2
101000000	141000000	4543.667
102000000	141000000	4283.496
103000000	141000000	3898.0542
104000000	141000000	3785.6199
105000000	141000000	2549.8572
106000000	141000000	1908.8108
107000000	141000000	2350.525
108000000	141000000	2045.8245
109000000	141000000	2567.9915
110000000	141000000	2751.8013
111000000	141000000	1820.5411
112000000	141000000	1884.3853
113000000	141000000	1849.6958
114000000	141000000	2057.3462
115000000	141000000	1820.3915
116000000	141000000	2318.5886
117000000	141000000	3638.4512
118000000	141000000	4528.9746
119000000	141000000	5495.9233
120000000	141000000	5158.498
121000000	141000000	4994.717
122000000	141000000	3787.0435
123000000	141000000	5585.4556
124000000	141000000	8728.963
125000000	141000000	9130.863
126000000	141000000	7736.2705
127000000	141000000	6405.4
128000000	141000000	7157.1055
129000000	141000000	6315.113
130000000	141000000	7283.768
131000000	141000000	10416.529
132000000	141000000	7635.6504
133000000	141000000	12575.03
134000000	141000000	15807.51
135000000	141000000	14125.143
136000000	141000000	9109.39
137000000	141000000	6985.125
138000000	141000000	8460.264
139000000	141000000	23980.11
140000000	141000000	135246.84
141000000	141000000	526804.6
0	142000000	631.7515
1000000	142000000	532.4828
2000000	142000000	367.57446
3000000	142000000	219.7309
4000000	142000000	212.96251
5000000	142000000	247.42975
6000000	142000000	823.1614
7000000	142000000	401.77884
8000000	142000000	1342.8202
9000000	142000000	1378.5574
10000000	142000000	1820.1573
11000000	142000000	1777.1392
12000000	142000000	603.23206
13000000	142000000	269.55347
14000000	142000000	227.07841
15000000	142000000	202.3023
16000000	142000000	237.1029
17000000	142000000	521.14764
18000000	142000000	528.2975
19000000	142000000	827.33057
20000000	142000000	1283.0919
21000000	142000000	1795.1649
22000000	142000000	2043.2437
23000000	142000000	1431.9695
24000000	142000000	896.2087
25000000	142000000	1036.0094
26000000	142000000	1256.3949
27000000	142000000	1891.952
28000000	142000000	1751.7626
29000000	142000000	1419.919
30000000	142000000	1098.6648
31000000	142000000	459.97745
32000000	142000000	415.35468
33000000	142000000	484.08353
34000000	142000000	286.5084
35000000	142000000	314.20258
36000000	142000000	386.66696
37000000	142000000	954.0586
38000000	142000000	1309.4294
39000000	142000000	636.00696
40000000	142000000	788.2879
41000000	142000000	1388.8336
42000000	142000000	1268.1067
43000000	142000000	424.5698
46000000	142000000	132.50958
47000000	142000000	444.22784
48000000	142000000	1100.9149
49000000	142000000	817.7314
50000000	142000000	453.20798
51000000	142000000	374.93665
52000000	142000000	580.59534
53000000	142000000	745.4008
54000000	142000000	1041.9735
55000000	142000000	985.30383
56000000	142000000	1254.2491
57000000	142000000	988.6944
58000000	142000000	903.5095
59000000	142000000	945.54877
60000000	142000000	641.75793
61000000	142000000	1242.3734
62000000	142000000	779.4278
63000000	142000000	642.32416
64000000	142000000	646.9835
65000000	142000000	834.924
66000000	142000000	1199.3545
67000000	142000000	1639.2767
68000000	142000000	1197.2634
69000000	142000000	719.15717
70000000	142000000	1016.50854
71000000	142000000	1208.5918
72000000	142000000	1014.3045
73000000	142000000	1058.7986
74000000	142000000	1414.9939
75000000	142000000	723.1438
76000000	142000000	564.69275
77000000	142000000	544.93604
78000000	142000000	458.31046
79000000	142000000	723.19366
80000000	142000000	1105.288
81000000	142000000	1559.1174
82000000	142000000	1244.211
83000000	142000000	541.4562
84000000	142000000	486.2328
85000000	142000000	618.622
86000000	142000000	951.38885
87000000	142000000	926.74066
88000000	142000000	487.35135
89000000	142000000	617.75275
90000000	142000000	965.98413
91000000	142000000	900.0534
92000000	142000000	922.0377
93000000	142000000	916.84656
94000000	142000000	1549.6572
95000000	142000000	2823.2402
96000000	142000000	2908.2222
97000000	142000000	2695.1147
98000000	142000000	3383.1438
99000000	142000000	3118.9836
100000000	142000000	2585.6597
101000000	142000000	3928.0059
102000000	142000000	3568.9436
103000000	142000000	3343.326
104000000	142000000	2470.4106
105000000	142000000	1651.4829
106000000	142000000	1172.3607
107000000	142000000	1398.4092
108000000	142000000	1179.2975
109000000	142000000	1428.8911
110000000	142000000	1538.4744
111000000	142000000	981.6784
112000000	142000000	984.3775
113000000	142000000	1014.1635
114000000	142000000	1119.256
115000000	142000000	1030.6211
116000000	142000000	1421.7839
117000000	142000000	1964.1296
118000000	142000000	2436.1733
119000000	142000000	2949.4922
120000000	142000000	2844.824
121000000	142000000	2668.5503
122000000	142000000	2219.7117
123000000	142000000	3312.8596
124000000	142000000	5800.8604
125000000	142000000	6612.616
126000000	142000000	5398.01
127000000	142000000	4392.153
128000000	142000000	4901.124
129000000	142000000	4205.872
130000000	142000000	4341.919
131000000	142000000	6001.978
132000000	142000000	4414.2666
133000000	142000000	7114.318
134000000	142000000	9039.894
135000000	142000000	7118.6904
136000000	142000000	5065.483
137000000	142000000	4047.2734
138000000	142000000	4696.952
139000000	142000000	11434.411
140000000	142000000	33005.945
141000000	142000000	154654.28
142000000	142000000	575059.2
0	143000000	997.88727
1000000	143000000	757.92847
2000000	143000000	521.8973
3000000	143000000	352.65472
4000000	143000000	333.8249
5000000	143000000	381.06876
6000000	143000000	833.8399
7000000	143000000	1032.6493
8000000	143000000	1037.4493
9000000	143000000	1563.3186
10000000	143000000	2009.938
11000000	143000000	1570.6215
12000000	143000000	575.48584
13000000	143000000	351.8921
14000000	143000000	268.02594
15000000	143000000	312.6004
16000000	143000000	292.66232
17000000	143000000	553.8665
18000000	143000000	645.9449
19000000	143000000	891.05695
20000000	143000000	1633.6875
21000000	143000000	1916.5739
22000000	143000000	1758.7972
23000000	143000000	1499.8934
24000000	143000000	1074.6815
25000000	143000000	1214.2976
26000000	143000000	1329.362
27000000	143000000	1832.7731
28000000	143000000	1367.8722
29000000	143000000	1044.9445
30000000	143000000	1019.0545
31000000	143000000	522.3312
32000000	143000000	479.57993
33000000	143000000	532.047
34000000	143000000	411.16498
35000000	143000000	429.44183
36000000	143000000	521.9886
37000000	143000000	900.5531
38000000	143000000	933.6923
39000000	143000000	627.0858
40000000	143000000	989.9037
41000000	143000000	1288.8759
42000000	143000000	988.26764
43000000	143000000	589.8498
46000000	143000000	301.4865
47000000	143000000	742.04626
48000000	143000000	955.63293
49000000	143000000	1029.8221
50000000	143000000	532.8438
51000000	143000000	448.5188
52000000	143000000	560.0838
53000000	143000000	822.72217
54000000	143000000	945.85156
55000000	143000000	1052.5958
56000000	143000000	1073.9047
57000000	143000000	1061.4108
58000000	143000000	885.8224
59000000	143000000	821.7574
60000000	143000000	668.41125
61000000	143000000	854.3087
62000000	143000000	771.8662
63000000	143000000	763.35736
64000000	143000000	760.6554
65000000	143000000	798.4248
66000000	143000000	996.07513
67000000	143000000	1344.8192
68000000	143000000	1103.7676
69000000	143000000	853.5889
70000000	143000000	914.5015
71000000	143000000	909.63055
72000000	143000000	938.7213
73000000	143000000	1053.8723
74000000	143000000	1136.7753
75000000	143000000	803.6239
76000000	143000000	529.1135
77000000	143000000	548.2366
78000000	143000000	495.8138
79000000	143000000	674.7421
80000000	143000000	924.1836
81000000	143000000	1227.2142
82000000	143000000	1002.1727
83000000	143000000	557.8277
84000000	143000000	597.884
85000000	143000000	669.38837
86000000	143000000	1024.0931
87000000	143000000	976.8823
88000000	143000000	632.3447
89000000	143000000	677.1374
90000000	143000000	809.728
91000000	143000000	851.26196
92000000	143000000	986.36694
93000000	143000000	1054.8495
94000000	143000000	1516.0966
95000000	143000000	2169.5808
96000000	143000000	2580.8418
97000000	143000000	2924.9265
98000000	143000000	3229.422
99000000	143000000	2599.69
100000000	143000000	2074.8625
101000000	143000000	3103.0317
102000000	143000000	3036.5503
103000000	143000000	2066.2456
104000000	143000000	2155.4094
105000000	143000000	1410.6963
106000000	143000000	1329.9385
107000000	143000000	1382.0729
108000000	143000000	1379.9713
109000000	143000000	1437.348
110000000	143000000	1369.8146
111000000	143000000	1136.6157
112000000	143000000	1226.9198
113000000	143000000	1118.8759
114000000	143000000	1114.8982
115000000	143000000	1015.081
116000000	143000000	1282.2402
117000000	143000000	1878.3087
118000000	143000000	2315.8281
119000000	143000000	2242.0994
120000000	143000000	2644.8252
121000000	143000000	2638.5105
122000000	143000000	2532.0234
123000000	143000000	3285.2163
124000000	143000000	5232.9673
125000000	143000000	5916.336
126000000	143000000	4230.568
127000000	143000000	4933.63
128000000	143000000	3598.0774
129000000	143000000	3937.9204
130000000	143000000	4038.7102
131000000	143000000	5250.5435
132000000	143000000	4736.5854
133000000	143000000	7516.862
134000000	143000000	8023.2075
135000000	143000000	6319.947
136000000	143000000	5869.346
137000000	143000000	4026.001
138000000	143000000	5628.1943
139000000	143000000	13147.913
140000000	143000000	29503.234
141000000	143000000	38562.344
142000000	143000000	191825.9
143000000	143000000	591291.1
0	144000000	851.33484
1000000	144000000	638.9962
2000000	144000000	377.84903
3000000	144000000	285.60367
4000000	144000000	269.46643
5000000	144000000	229.70201
6000000	144000000	687.807
7000000	144000000	465.21576
8000000	144000000	1143.598
9000000	144000000	1081.2205
10000000	144000000	1388.1526
11000000	144000000	1543.299
12000000	144000000	497.85025
13000000	144000000	290.58823
14000000	144000000	211.45842
15000000	144000000	222.59636
16000000	144000000	242.4668
17000000	144000000	512.86774
18000000	144000000	425.13876
19000000	144000000	630.71655
20000000	144000000	778.1301
21000000	144000000	1327.7426
22000000	144000000	2266.204
23000000	144000000	1182.3754
24000000	144000000	671.0251
25000000	144000000	842.6992
26000000	144000000	1031.4648
27000000	144000000	1679.8192
28000000	144000000	1803.827
29000000	144000000	1495.158
30000000	144000000	978.69794
31000000	144000000	408.14236
32000000	144000000	363.5093
33000000	144000000	428.09604
34000000	144000000	275.84677
35000000	144000000	300.93097
36000000	144000000	332.55966
37000000	144000000	875.76654
38000000	144000000	1218.6464
39000000	144000000	554.00867
40000000	144000000	521.2909
41000000	144000000	1199.247
42000000	144000000	1286.9938
43000000	144000000	488.11862
46000000	144000000	199.46101
47000000	144000000	462.14703
48000000	144000000	1004.2298
49000000	144000000	633.09076
50000000	144000000	405.97208
51000000	144000000	327.55127
52000000	144000000	481.72522
53000000	144000000	606.832
54000000	144000000	867.54675
55000000	144000000	738.8977
56000000	144000000	936.87164
57000000	144000000	792.55347
58000000	144000000	667.66254
59000000	144000000	773.2373
60000000	144000000	523.2837
61000000	144000000	957.897
62000000	144000000	644.768
63000000	144000000	488.14847
64000000	144000000	612.64075
65000000	144000000	681.1842
66000000	144000000	1011.77
67000000	144000000	1305.7742
68000000	144000000	965.02783
69000000	144000000	525.0668
70000000	144000000	710.9735
71000000	144000000	967.72906
72000000	144000000	754.59576
73000000	144000000	713.2046
74000000	144000000	1125.2616
75000000	144000000	543.77124
76000000	144000000	446.70255
77000000	144000000	421.02902
78000000	144000000	402.02512
79000000	144000000	558.953
80000000	144000000	798.67346
81000000	144000000	1071.8627
82000000	144000000	862.0659
83000000	144000000	445.67737
84000000	144000000	400.9886
85000000	144000000	578.77704
86000000	144000000	750.5713
87000000	144000000	751.64386
88000000	144000000	436.17337
89000000	144000000	480.2299
90000000	144000000	713.5458
91000000	144000000	684.7061
92000000	144000000	661.064
93000000	144000000	672.6565
94000000	144000000	1090.836
95000000	144000000	2095.1904
96000000	144000000	1954.5967
97000000	144000000	1672.7836
98000000	144000000	2122.7324
99000000	144000000	2377.226
100000000	144000000	2305.6436
101000000	144000000	3483.7273
102000000	144000000	2846.7424
103000000	144000000	2734.7607
104000000	144000000	1787.4236
105000000	144000000	1181.5594
106000000	144000000	819.2842
107000000	144000000	1046.9084
108000000	144000000	835.33466
109000000	144000000	1162.0759
110000000	144000000	1126.7131
111000000	144000000	811.34216
112000000	144000000	759.40454
113000000	144000000	791.24774
114000000	144000000	870.19037
115000000	144000000	813.8229
116000000	144000000	1046.0906
117000000	144000000	1443.1614
118000000	144000000	1487.4235
119000000	144000000	1750.0264
120000000	144000000	1892.9027
121000000	144000000	1700.4558
122000000	144000000	1516.9404
123000000	144000000	2199.159
124000000	144000000	4292.8345
125000000	144000000	4444.679
126000000	144000000	3607.1992
127000000	144000000	2530.4114
128000000	144000000	3005.991
129000000	144000000	2395.4402
130000000	144000000	2689.8428
131000000	144000000	3179.4805
132000000	144000000	2756.6094
133000000	144000000	3559.5867
134000000	144000000	4519.107
135000000	144000000	3868.4326
136000000	144000000	3011.105
137000000	144000000	2779.783
138000000	144000000	3135.3684
139000000	144000000	5375.2104
140000000	144000000	9660.988
141000000	144000000	17167.77
142000000	144000000	44668.957
143000000	144000000	140875.77
144000000	144000000	689733.06
0	145000000	1404.0114
1000000	145000000	1059.5128
2000000	145000000	510.21326
3000000	145000000	313.48978
4000000	145000000	335.69043
5000000	145000000	293.8494
6000000	145000000	561.1259
7000000	145000000	453.7913
8000000	145000000	1009.46783
9000000	145000000	717.33295
10000000	145000000	806.81256
11000000	145000000	1106.94
12000000	145000000	416.58597
13000000	145000000	242.407
14000000	145000000	296.50674
15000000	145000000	263.83817
16000000	145000000	245.19395
17000000	145000000	448.12125
18000000	145000000	327.122
19000000	145000000	437.29102
20000000	145000000	474.3883
21000000	145000000	810.9321
22000000	145000000	1661.0465
23000000	145000000	767.0499
24000000	145000000	429.64273
25000000	145000000	535.68146
26000000	145000000	641.35645
27000000	145000000	983.0108
28000000	145000000	1316.1216
29000000	145000000	1217.0853
30000000	145000000	717.1125
31000000	145000000	266.25604
32000000	145000000	340.6382
33000000	145000000	412.8831
34000000	145000000	226.62262
35000000	145000000	265.33685
36000000	145000000	289.22406
37000000	145000000	734.1297
38000000	145000000	1065.0769
39000000	145000000	477.38406
40000000	145000000	366.85587
41000000	145000000	911.90186
42000000	145000000	1325.3389
43000000	145000000	605.79254
46000000	145000000	204.38445
47000000	145000000	530.7859
48000000	145000000	882.3839
49000000	145000000	406.56854
50000000	145000000	362.04132
51000000	145000000	346.2916
52000000	145000000	456.13443
53000000	145000000	434.77103
54000000	145000000	655.8032
55000000	145000000	470.12277
56000000	145000000	715.0005
57000000	145000000	485.40305
58000000	145000000	452.89963
59000000	145000000	579.37415
60000000	145000000	382.55283
61000000	145000000	669.062
62000000	145000000	454.70242
63000000	145000000	317.66345
64000000	145000000	372.59433
65000000	145000000	579.1434
66000000	145000000	790.9073
67000000	145000000	931.8893
68000000	145000000	687.8945
69000000	145000000	300.08344
70000000	145000000	534.50903
71000000	145000000	765.5571
72000000	145000000	487.44473
73000000	145000000	422.646
74000000	145000000	827.5309
75000000	145000000	355.0866
76000000	145000000	392.76617
77000000	145000000	354.9255
78000000	145000000	226.63144
79000000	145000000	417.4391
80000000	145000000	558.4242
81000000	145000000	706.8204
82000000	145000000	622.97784
83000000	145000000	298.3802
84000000	145000000	290.8867
85000000	145000000	373.99432
86000000	145000000	632.8397
87000000	145000000	555.0009
88000000	145000000	367.87515
89000000	145000000	392.31573
90000000	145000000	678.08484
91000000	145000000	524.85956
92000000	145000000	546.22473
93000000	145000000	510.1667
94000000	145000000	722.7974
95000000	145000000	1460.062
96000000	145000000	1120.0309
97000000	145000000	840.2494
98000000	145000000	1084.4177
99000000	145000000	1467.1555
100000000	145000000	1567.2728
101000000	145000000	2196.6384
102000000	145000000	1726.6459
103000000	145000000	2040.2179
104000000	145000000	1070.8787
105000000	145000000	802.5736
106000000	145000000	521.8153
107000000	145000000	710.87787
108000000	145000000	558.6573
109000000	145000000	789.20667
110000000	145000000	891.26965
111000000	145000000	587.5726
112000000	145000000	572.4944
113000000	145000000	561.9024
114000000	145000000	759.2163
115000000	145000000	679.8188
116000000	145000000	808.68726
117000000	145000000	1006.9894
118000000	145000000	1016.5445
119000000	145000000	1273.1549
120000000	145000000	1208.9226
121000000	145000000	1072.955
122000000	145000000	948.16724
123000000	145000000	1418.6196
124000000	145000000	2400.9753
125000000	145000000	2469.315
126000000	145000000	2099.7832
127000000	145000000	1255.1884
128000000	145000000	1945.6125
129000000	145000000	1358.366
130000000	145000000	1616.738
131000000	145000000	1917.4266
132000000	145000000	1477.0055
133000000	145000000	1793.3187
134000000	145000000	2179.0686
135000000	145000000	2218.5298
136000000	145000000	1845.235
137000000	145000000	2294.553
138000000	145000000	2055.4778
139000000	145000000	2678.1445
140000000	145000000	3356.1
141000000	145000000	6196.563
142000000	145000000	10588.629
143000000	145000000	18845.064
144000000	145000000	139595.27
145000000	145000000	708022.1
0	146000000	2019.6971
1000000	146000000	1351.7172
2000000	146000000	660.48834
3000000	146000000	310.44534
4000000	146000000	337.13913
5000000	146000000	278.10846
6000000	146000000	565.86383
7000000	146000000	699.4004
8000000	146000000	842.6298
9000000	146000000	625.2283
10000000	146000000	723.0611
11000000	146000000	1049.6049
12000000	146000000	485.1443
13000000	146000000	251.30782
14000000	146000000	266.81256
15000000	146000000	248.20726
16000000	146000000	243.42795
17000000	146000000	484.0405
18000000	146000000	351.54294
19000000	146000000	445.7384
20000000	146000000	408.908
21000000	146000000	706.55096
22000000	146000000	999.08966
23000000	146000000	584.7755
24000000	146000000	366.5312
25000000	146000000	417.4526
26000000	146000000	563.0253
27000000	146000000	721.7122
28000000	146000000	890.1611
29000000	146000000	841.0894
30000000	146000000	545.40326
31000000	146000000	267.666
32000000	146000000	337.50296
33000000	146000000	433.0241
34000000	146000000	257.85312
35000000	146000000	256.59436
36000000	146000000	316.20636
37000000	146000000	641.0676
38000000	146000000	778.358
39000000	146000000	420.4357
40000000	146000000	317.07233
41000000	146000000	810.2966
42000000	146000000	1083.7449
43000000	146000000	643.7881
46000000	146000000	203.48155
47000000	146000000	532.726
48000000	146000000	948.79034
49000000	146000000	446.3977
50000000	146000000	362.38586
51000000	146000000	286.41748
52000000	146000000	538.2862
53000000	146000000	439.27298
54000000	146000000	567.03467
55000000	146000000	473.4723
56000000	146000000	632.3935
57000000	146000000	474.99786
58000000	146000000	439.05328
59000000	146000000	619.03186
60000000	146000000	386.9994
61000000	146000000	596.98987
62000000	146000000	475.3121
63000000	146000000	418.53378
64000000	146000000	416.65982
65000000	146000000	632.9726
66000000	146000000	753.36633
67000000	146000000	721.51373
68000000	146000000	533.891
69000000	146000000	309.1199
70000000	146000000	529.70636
71000000	146000000	647.8449
72000000	146000000	552.231
73000000	146000000	426.82086
74000000	146000000	843.3524
75000000	146000000	404.44608
76000000	146000000	453.34555
77000000	146000000	409.83438
78000000	146000000	303.49527
79000000	146000000	480.18512
80000000	146000000	583.1021
81000000	146000000	656.08093
82000000	146000000	669.48553
83000000	146000000	344.81927
84000000	146000000	366.37363
85000000	146000000	439.1728
86000000	146000000	757.88727
87000000	146000000	700.60394
88000000	146000000	442.1843
89000000	146000000	440.9189
90000000	146000000	732.1122
91000000	146000000	597.8404
92000000	146000000	584.4705
93000000	146000000	539.1691
94000000	146000000	718.62024
95000000	146000000	1119.3574
96000000	146000000	994.35315
97000000	146000000	784.7127
98000000	146000000	915.8309
99000000	146000000	1212.1372
100000000	146000000	1334.3652
101000000	146000000	1559.6227
102000000	146000000	1422.1976
103000000	146000000	1509.3732
104000000	146000000	951.10657
105000000	146000000	898.72845
106000000	146000000	571.08813
107000000	146000000	760.38916
108000000	146000000	617.764
109000000	146000000	848.79626
110000000	146000000	975.33075
111000000	146000000	590.6311
112000000	146000000	651.49445
113000000	146000000	598.98004
114000000	146000000	830.74384
115000000	146000000	681.212
116000000	146000000	804.11584
117000000	146000000	1034.1857
118000000	146000000	869.699
119000000	146000000	1262.4873
120000000	146000000	1176.5258
121000000	146000000	1047.7583
122000000	146000000	953.03015
123000000	146000000	1288.1785
124000000	146000000	1933.7457
125000000	146000000	2085.2795
126000000	146000000	1893.9636
127000000	146000000	1194.538
128000000	146000000	1731.736
129000000	146000000	1317.2996
130000000	146000000	1462.308
131000000	146000000	1656.6749
132000000	146000000	1435.3003
133000000	146000000	1635.0901
134000000	146000000	2195.9185
135000000	146000000	2087.4956
136000000	146000000	1726.3804
137000000	146000000	2422.0854
138000000	146000000	1900.1642
139000000	146000000	2406.4243
140000000	146000000	2890.138
141000000	146000000	4630.022
142000000	146000000	7257.5547
143000000	146000000	12966.099
144000000	146000000	45360.69
145000000	146000000	254715.4
146000000	146000000	819962.1
