0	0	617105.75
0	1000000	125015.47
1000000	1000000	547961.1
0	2000000	42418.754
1000000	2000000	133711.88
2000000	2000000	502162.2
0	3000000	19569.756
1000000	3000000	27167.172
2000000	3000000	93695.51
3000000	3000000	519144.9
0	4000000	14067.358
1000000	4000000	18028.334
2000000	4000000	42316.023
3000000	4000000	139754.11
4000000	4000000	491248.0
0	5000000	8866.175
1000000	5000000	12079.687
2000000	5000000	15675.535
3000000	5000000	27848.016
4000000	5000000	159160.31
5000000	5000000	579611.25
0	6000000	9906.306
1000000	6000000	10445.606
2000000	6000000	13462.834
3000000	6000000	16831.797
4000000	6000000	33486.27
5000000	6000000	116497.92
6000000	6000000	581393.44
0	7000000	10762.139
1000000	7000000	10735.198
2000000	7000000	14682.424
3000000	7000000	17118.152
4000000	7000000	15361.939
5000000	7000000	15254.641
6000000	7000000	93078.42
7000000	7000000	468703.2
0	8000000	8456.165
1000000	8000000	8787.088
2000000	8000000	11360.737
3000000	8000000	13391.143
4000000	8000000	9645.5205
5000000	8000000	7143.3936
6000000	8000000	17842.19
7000000	8000000	141692.89
8000000	8000000	492524.16
0	9000000	8024.372
1000000	9000000	8422.427
2000000	9000000	11276.148
3000000	9000000	12823.599
4000000	9000000	8963.338
5000000	9000000	6670.072
6000000	9000000	13083.473
7000000	9000000	52263.938
8000000	9000000	112046.01
9000000	9000000	504933.44
0	10000000	6984.088
1000000	10000000	7321.3643
2000000	10000000	9038.054
3000000	10000000	9726.557
4000000	10000000	6538.0474
5000000	10000000	4713.98
6000000	10000000	6967.039
7000000	10000000	18839.871
8000000	10000000	28326.043
9000000	10000000	68247.02
10000000	10000000	464675.56
0	11000000	6149.0015
1000000	11000000	6475.5103
2000000	11000000	7489.6177
3000000	11000000	8089.27
4000000	11000000	5276.8926
5000000	11000000	3678.865
6000000	11000000	4920.644
7000000	11000000	12790.377
8000000	11000000	18919.977
9000000	11000000	28906.994
10000000	11000000	132488.45
11000000	11000000	490900.9
0	12000000	6362.35
1000000	12000000	6536.092
2000000	12000000	7960.8765
3000000	12000000	8443.988
4000000	12000000	5801.3423
5000000	12000000	4093.7007
6000000	12000000	5460.3296
7000000	12000000	13167.049
8000000	12000000	18109.256
9000000	12000000	28183.26
10000000	12000000	73817.34
11000000	12000000	107435.54
12000000	12000000	442919.84
0	13000000	5901.142
1000000	13000000	5409.012
2000000	13000000	6485.6455
3000000	13000000	6971.6113
4000000	13000000	4812.807
5000000	13000000	3217.9236
6000000	13000000	4321.0024
7000000	13000000	10660.847
8000000	13000000	14504.343
9000000	13000000	18284.123
10000000	13000000	25309.71
11000000	13000000	27284.982
12000000	13000000	84945.586
13000000	13000000	454367.1
0	14000000	6776.7637
1000000	14000000	6177.9316
2000000	14000000	7376.572
3000000	14000000	7624.3677
4000000	14000000	5872.62
5000000	14000000	4521.8887
6000000	14000000	6045.579
7000000	14000000	11182.799
8000000	14000000	11358.952
9000000	14000000	14016.811
10000000	14000000	17036.613
11000000	14000000	17187.926
12000000	14000000	37492.316
13000000	14000000	158194.86
14000000	14000000	452050.06
0	15000000	7070.8696
1000000	15000000	6183.0166
2000000	15000000	7660.6157
3000000	15000000	7133.416
4000000	15000000	6263.4717
5000000	15000000	5657.1885
6000000	15000000	7615.7466
7000000	15000000	10231.84
8000000	15000000	8836.337
9000000	15000000	11210.136
10000000	15000000	13226.0205
11000000	15000000	12594.402
12000000	15000000	20644.686
13000000	15000000	32337.848
14000000	15000000	79015.18
15000000	15000000	480404.62
0	16000000	5492.087
1000000	16000000	5706.079
2000000	16000000	5987.7954
3000000	16000000	5818.3896
4000000	16000000	4799.0264
5000000	16000000	4353.9097
6000000	16000000	5554.6797
7000000	16000000	8161.744
8000000	16000000	8162.0825
9000000	16000000	8629.198
10000000	16000000	11094.755
11000000	16000000	11781.774
12000000	16000000	14944.821
13000000	16000000	19381.639
14000000	16000000	25038.725
15000000	16000000	88737.82
16000000	16000000	503672.22
0	17000000	4828.576
1000000	17000000	4839.9165
2000000	17000000	5108.2466
3000000	17000000	5170.645
4000000	17000000	3631.9062
5000000	17000000	2640.1394
6000000	17000000	3364.7036
7000000	17000000	7555.8496
8000000	17000000	9137.479
9000000	17000000	10434.695
10000000	17000000	13336.581
11000000	17000000	14329.962
12000000	17000000	15926.435
13000000	17000000	20197.781
14000000	17000000	20751.3
15000000	17000000	42669.824
16000000	17000000	106579.83
17000000	17000000	439951.6
0	18000000	5626.4053
1000000	18000000	4797.6562
2000000	18000000	5719.304
3000000	18000000	5553.9307
4000000	18000000	4035.768
5000000	18000000	2889.437
6000000	18000000	4038.9817
7000000	18000000	7911.6733
8000000	18000000	8390.55
9000000	18000000	9306.842
10000000	18000000	10318.29
11000000	18000000	10274.054
12000000	18000000	12787.865
13000000	18000000	14220.034
14000000	18000000	16542.072
15000000	18000000	23599.148
16000000	18000000	30447.34
17000000	18000000	114900.98
18000000	18000000	457746.66
0	19000000	6057.834
1000000	19000000	4933.936
2000000	19000000	6182.569
3000000	19000000	5642.7705
4000000	19000000	5262.1943
5000000	19000000	5070.2065
6000000	19000000	7066.4688
7000000	19000000	7409.631
8000000	19000000	6029.304
9000000	19000000	7120.286
10000000	19000000	7437.194
11000000	19000000	6749.89
12000000	19000000	8820.666
13000000	19000000	9324.786
14000000	19000000	12736.04
15000000	19000000	19247.605
16000000	19000000	19175.86
17000000	19000000	34467.73
18000000	19000000	113515.07
19000000	19000000	452139.72
0	20000000	5111.9634
1000000	20000000	4955.084
2000000	20000000	5352.4653
3000000	20000000	5278.984
4000000	20000000	5877.521
5000000	20000000	6838.364
6000000	20000000	8666.734
7000000	20000000	6226.616
8000000	20000000	4473.041
9000000	20000000	5657.022
10000000	20000000	5497.346
11000000	20000000	5031.591
12000000	20000000	6540.074
13000000	20000000	6382.2925
14000000	20000000	8801.838
15000000	20000000	12626.559
16000000	20000000	12312.748
17000000	20000000	13167.39
18000000	20000000	22965.055
19000000	20000000	109022.5
20000000	20000000	536603.0
0	21000000	5605.7993
1000000	21000000	5119.983
2000000	21000000	5710.3413
3000000	21000000	5691.348
4000000	21000000	5074.6
5000000	21000000	4645.743
6000000	21000000	6181.084
7000000	21000000	7511.9375
8000000	21000000	6253.3013
9000000	21000000	7363.069
10000000	21000000	7178.323
11000000	21000000	6450.2583
12000000	21000000	8451.745
13000000	21000000	8128.957
14000000	21000000	10581.279
15000000	21000000	13077.419
16000000	21000000	12202.725
17000000	21000000	14692.841
18000000	21000000	22356.408
19000000	21000000	52529.66
20000000	21000000	114573.15
21000000	21000000	446351.22
0	22000000	4491.75
1000000	22000000	4440.368
2000000	22000000	4936.227
3000000	22000000	5081.193
4000000	22000000	3575.3794
5000000	22000000	2460.4243
6000000	22000000	3172.4343
7000000	22000000	6786.359
8000000	22000000	8252.245
9000000	22000000	9030.179
10000000	22000000	9865.732
11000000	22000000	9513.052
12000000	22000000	10759.028
13000000	22000000	10950.501
14000000	22000000	10608.724
15000000	22000000	11292.035
16000000	22000000	12494.042
17000000	22000000	17802.932
18000000	22000000	20418.424
19000000	22000000	21247.613
20000000	22000000	20466.234
21000000	22000000	115558.31
22000000	22000000	428886.0
0	23000000	3944.2332
1000000	23000000	4319.86
2000000	23000000	4370.058
3000000	23000000	4553.654
4000000	23000000	3310.9084
5000000	23000000	2758.5115
6000000	23000000	2941.9216
7000000	23000000	5804.1157
8000000	23000000	7410.652
9000000	23000000	7440.0405
10000000	23000000	9474.543
11000000	23000000	10567.347
12000000	23000000	9485.835
13000000	23000000	9664.161
14000000	23000000	8399.618
15000000	23000000	9043.719
16000000	23000000	11924.152
17000000	23000000	15956.841
18000000	23000000	13943.768
19000000	23000000	12255.028
20000000	23000000	11562.275
21000000	23000000	24136.8
22000000	23000000	98952.07
23000000	23000000	460683.06
0	24000000	3401.91
1000000	24000000	3934.9773
2000000	24000000	4014.9148
3000000	24000000	4255.469
4000000	24000000	2738.8823
5000000	24000000	1952.4897
6000000	24000000	2287.7756
7000000	24000000	5386.86
8000000	24000000	7594.7324
9000000	24000000	7582.5986
10000000	24000000	9915.19
11000000	24000000	11798.339
12000000	24000000	10048.145
13000000	24000000	9629.28
14000000	24000000	7781.369
15000000	24000000	7917.309
16000000	24000000	11073.852
17000000	24000000	15090.199
18000000	24000000	12015.365
19000000	24000000	9578.175
20000000	24000000	8024.967
21000000	24000000	16309.987
22000000	24000000	49799.02
23000000	24000000	133739.56
24000000	24000000	458226.22
0	25000000	3767.45
1000000	25000000	3956.769
2000000	25000000	4352.684
3000000	25000000	4454.642
4000000	25000000	2941.7805
5000000	25000000	2018.6141
6000000	25000000	2379.0466
7000000	25000000	5808.7324
8000000	25000000	8262.757
9000000	25000000	8679.084
10000000	25000000	10304.92
11000000	25000000	12214.956
12000000	25000000	10886.07
13000000	25000000	10672.717
14000000	25000000	8353.012
15000000	25000000	8502.44
16000000	25000000	9994.371
17000000	25000000	13978.474
18000000	25000000	11531.347
19000000	25000000	8908.631
20000000	25000000	7440.6377
21000000	25000000	13556.178
22000000	25000000	33106.707
23000000	25000000	48643.945
24000000	25000000	106182.84
25000000	25000000	469227.1
0	26000000	5270.939
1000000	26000000	4918.132
2000000	26000000	5931.2207
3000000	26000000	5897.853
4000000	26000000	4349.949
5000000	26000000	3494.5789
6000000	26000000	4351.962
7000000	26000000	7682.491
8000000	26000000	7868.3027
9000000	26000000	8612.572
10000000	26000000	8955.113
11000000	26000000	8869.15
12000000	26000000	9729.621
13000000	26000000	9669.557
14000000	26000000	9457.731
15000000	26000000	10298.936
16000000	26000000	9963.719
17000000	26000000	11286.818
18000000	26000000	11613.023
19000000	26000000	11139.926
20000000	26000000	10177.132
21000000	26000000	16355.669
22000000	26000000	27028.525
23000000	26000000	27671.254
24000000	26000000	38048.465
25000000	26000000	93578.734
26000000	26000000	434520.38
0	27000000	5964.602
1000000	27000000	5318.88
2000000	27000000	6627.299
3000000	27000000	6466.954
4000000	27000000	5024.8384
5000000	27000000	3980.7356
6000000	27000000	5270.9688
7000000	27000000	8313.745
8000000	27000000	7371.074
9000000	27000000	7876.811
10000000	27000000	7420.5376
11000000	27000000	6622.999
12000000	27000000	8260.332
13000000	27000000	7837.2993
14000000	27000000	9455.658
15000000	27000000	9677.46
16000000	27000000	8305.623
17000000	27000000	8435.611
18000000	27000000	9825.591
19000000	27000000	9970.116
20000000	27000000	9548.073
21000000	27000000	13204.162
22000000	27000000	13902.099
23000000	27000000	12372.898
24000000	27000000	13298.632
25000000	27000000	22755.133
26000000	27000000	86521.59
27000000	27000000	449230.3
0	28000000	4462.1377
1000000	28000000	4330.9224
2000000	28000000	5243.426
3000000	28000000	5248.9585
4000000	28000000	3450.475
5000000	28000000	2192.7266
6000000	28000000	2706.9558
7000000	28000000	6731.5146
8000000	28000000	8599.01
9000000	28000000	9489.8545
10000000	28000000	9242.055
11000000	28000000	8650.112
12000000	28000000	9504.123
13000000	28000000	9685.991
14000000	28000000	7873.0225
15000000	28000000	7427.018
16000000	28000000	7157.741
17000000	28000000	9253.441
18000000	28000000	8869.933
19000000	28000000	6814.8887
20000000	28000000	5432.875
21000000	28000000	8049.977
22000000	28000000	12303.394
23000000	28000000	11354.853
24000000	28000000	13429.471
25000000	28000000	20113.785
26000000	28000000	30435.898
27000000	28000000	101426.65
28000000	28000000	456848.47
0	29000000	4076.665
1000000	29000000	4053.1738
2000000	29000000	4640.9585
3000000	29000000	4952.544
4000000	29000000	3374.854
5000000	29000000	2339.371
6000000	29000000	2740.8232
7000000	29000000	5967.4565
8000000	29000000	7843.865
9000000	29000000	8621.97
10000000	29000000	8273.499
11000000	29000000	7878.831
12000000	29000000	8459.627
13000000	29000000	7979.7476
14000000	29000000	6818.0615
15000000	29000000	6567.785
16000000	29000000	6557.708
17000000	29000000	8075.516
18000000	29000000	7093.411
19000000	29000000	5837.3726
20000000	29000000	5054.9736
21000000	29000000	6747.0713
22000000	29000000	9679.475
23000000	29000000	9357.112
24000000	29000000	11056.595
25000000	29000000	14766.594
26000000	29000000	18697.318
27000000	29000000	35406.285
28000000	29000000	103711.22
29000000	29000000	462778.38
0	30000000	3685.557
1000000	30000000	3923.7173
2000000	30000000	4475.489
3000000	30000000	4674.314
4000000	30000000	3144.318
5000000	30000000	2223.3748
6000000	30000000	2782.4968
7000000	30000000	5671.316
8000000	30000000	7502.4946
9000000	30000000	8339.3545
10000000	30000000	7989.039
11000000	30000000	7411.6685
12000000	30000000	8060.506
13000000	30000000	7820.6343
14000000	30000000	6468.1655
15000000	30000000	6283.495
16000000	30000000	6103.7183
17000000	30000000	7711.3896
18000000	30000000	6794.0405
19000000	30000000	5332.402
20000000	30000000	4652.09
21000000	30000000	6196.9546
22000000	30000000	8864.809
23000000	30000000	8773.0625
24000000	30000000	9982.87
25000000	30000000	12695.396
26000000	30000000	14779.027
27000000	30000000	23183.268
28000000	30000000	46224.246
29000000	30000000	128284.516
30000000	30000000	476721.56
0	31000000	4104.0347
1000000	31000000	4094.4163
2000000	31000000	4727.597
3000000	31000000	5016.062
4000000	31000000	3396.1426
5000000	31000000	2707.3904
6000000	31000000	3206.658
7000000	31000000	6037.3745
8000000	31000000	6993.591
9000000	31000000	7954.136
10000000	31000000	6918.6626
11000000	31000000	6544.7993
12000000	31000000	7239.6304
13000000	31000000	7090.9814
14000000	31000000	6697.5723
15000000	31000000	6657.0396
16000000	31000000	5612.997
17000000	31000000	6743.086
18000000	31000000	6766.7427
19000000	31000000	6078.2754
20000000	31000000	5372.562
21000000	31000000	6802.0293
22000000	31000000	8301.166
23000000	31000000	7240.36
24000000	31000000	7787.973
25000000	31000000	10352.475
26000000	31000000	13345.417
27000000	31000000	21688.61
28000000	31000000	33132.87
29000000	31000000	49886.777
30000000	31000000	106951.81
31000000	31000000	502005.47
0	32000000	5957.8354
1000000	32000000	4835.811
2000000	32000000	6061.102
3000000	32000000	5704.2407
4000000	32000000	4558.7637
5000000	32000000	3506.164
6000000	32000000	4783.99
7000000	32000000	6990.4214
8000000	32000000	5876.7686
9000000	32000000	6392.8374
10000000	32000000	5830.882
11000000	32000000	5427.5146
12000000	32000000	6285.5264
13000000	32000000	6205.741
14000000	32000000	7395.925
15000000	32000000	8051.079
16000000	32000000	6350.223
17000000	32000000	6348.372
18000000	32000000	7448.725
19000000	32000000	7718.083
20000000	32000000	6525.2554
21000000	32000000	7865.7886
22000000	32000000	7454.163
23000000	32000000	6464.7456
24000000	32000000	6558.6704
25000000	32000000	7840.656
26000000	32000000	13460.944
27000000	32000000	21147.645
28000000	32000000	21833.01
29000000	32000000	27302.545
30000000	32000000	38741.41
31000000	32000000	96926.21
32000000	32000000	491552.4
0	33000000	6147.012
1000000	33000000	4351.822
2000000	33000000	5190.128
3000000	33000000	4422.837
4000000	33000000	5522.74
5000000	33000000	6606.885
6000000	33000000	8930.71
7000000	33000000	4010.752
8000000	33000000	2085.6992
9000000	33000000	2358.513
10000000	33000000	2076.667
11000000	33000000	1783.3829
12000000	33000000	2460.2046
13000000	33000000	2397.38
14000000	33000000	3821.4458
15000000	33000000	5470.851
16000000	33000000	3671.561
17000000	33000000	2608.4387
18000000	33000000	3482.5898
19000000	33000000	6735.807
20000000	33000000	7912.7134
21000000	33000000	5944.502
22000000	33000000	3034.6887
23000000	33000000	2773.882
24000000	33000000	2291.8037
25000000	33000000	2772.5542
26000000	33000000	6378.553
27000000	33000000	9238.856
28000000	33000000	5490.871
29000000	33000000	6723.991
30000000	33000000	7721.111
31000000	33000000	12858.015
32000000	33000000	68026.29
33000000	33000000	565307.25
0	34000000	5141.2993
1000000	34000000	3384.1423
2000000	34000000	3793.6616
3000000	34000000	3471.291
4000000	34000000	3867.2532
5000000	34000000	4447.259
6000000	34000000	5450.7803
7000000	34000000	2763.2815
8000000	34000000	1728.1178
9000000	34000000	1781.554
10000000	34000000	1614.1046
11000000	34000000	1587.4269
12000000	34000000	1994.3376
13000000	34000000	2087.7368
14000000	34000000	2847.3167
15000000	34000000	3549.4119
16000000	34000000	2714.2554
17000000	34000000	2224.9033
18000000	34000000	2812.292
19000000	34000000	4424.729
20000000	34000000	4820.7974
21000000	34000000	3788.6965
22000000	34000000	2483.5657
23000000	34000000	2246.64
24000000	34000000	2030.4854
25000000	34000000	2335.3164
26000000	34000000	3934.8552
27000000	34000000	5223.649
28000000	34000000	3749.8586
29000000	34000000	4143.575
30000000	34000000	4523.276
31000000	34000000	6316.9336
32000000	34000000	14543.855
33000000	34000000	115057.93
34000000	34000000	554413.44
0	35000000	4539.8413
1000000	35000000	3369.8003
2000000	35000000	3619.8582
3000000	35000000	3232.264
4000000	35000000	3516.7356
5000000	35000000	3885.298
6000000	35000000	4652.4805
7000000	35000000	2358.089
8000000	35000000	1568.8771
9000000	35000000	1726.814
10000000	35000000	1720.7688
11000000	35000000	1590.085
12000000	35000000	1818.1053
13000000	35000000	1883.9764
14000000	35000000	2643.5596
15000000	35000000	3336.9019
16000000	35000000	2594.9287
17000000	35000000	2046.4985
18000000	35000000	2797.5098
19000000	35000000	3884.3755
20000000	35000000	4144.571
21000000	35000000	3337.316
22000000	35000000	2422.213
23000000	35000000	2260.5881
24000000	35000000	2018.5713
25000000	35000000	2203.162
26000000	35000000	3562.9204
27000000	35000000	4556.2554
28000000	35000000	3540.5544
29000000	35000000	3735.5486
30000000	35000000	4187.9033
31000000	35000000	5456.816
32000000	35000000	10558.536
33000000	35000000	30911.652
34000000	35000000	135984.02
35000000	35000000	584587.5
0	36000000	4860.233
1000000	36000000	3620.0217
2000000	36000000	3803.9727
3000000	36000000	3357.5916
4000000	36000000	3869.2222
5000000	36000000	4625.6777
6000000	36000000	5973.1294
7000000	36000000	2840.7957
8000000	36000000	1713.3636
9000000	36000000	1907.5721
10000000	36000000	1583.6199
11000000	36000000	1487.0111
12000000	36000000	2109.821
13000000	36000000	2136.5886
14000000	36000000	2993.3477
15000000	36000000	4021.0356
16000000	36000000	2912.6978
17000000	36000000	2186.2256
18000000	36000000	2998.5566
19000000	36000000	4900.6
20000000	36000000	5328.4897
21000000	36000000	4438.995
22000000	36000000	2488.589
23000000	36000000	2268.4302
24000000	36000000	1863.4414
25000000	36000000	2156.4045
26000000	36000000	4299.9272
27000000	36000000	5643.0107
28000000	36000000	3619.649
29000000	36000000	3812.539
30000000	36000000	3992.6294
31000000	36000000	5319.191
32000000	36000000	9574.754
33000000	36000000	25927.904
34000000	36000000	37639.39
35000000	36000000	94157.18
36000000	36000000	536985.44
0	37000000	4288.077
1000000	37000000	3564.0835
2000000	37000000	3831.2463
3000000	37000000	3422.8813
4000000	37000000	4348.669
5000000	37000000	5437.409
6000000	37000000	6561.1206
7000000	37000000	3032.1907
8000000	37000000	1608.2268
9000000	37000000	1971.4672
10000000	37000000	1607.6943
11000000	37000000	1407.3167
12000000	37000000	2085.8948
13000000	37000000	1971.6229
14000000	37000000	3148.8643
15000000	37000000	4441.2783
16000000	37000000	3312.6252
17000000	37000000	2062.7373
18000000	37000000	2753.7092
19000000	37000000	5320.2554
20000000	37000000	6227.488
21000000	37000000	4855.349
22000000	37000000	2487.3933
23000000	37000000	2370.8955
24000000	37000000	1852.6399
25000000	37000000	2043.1183
26000000	37000000	4519.8633
27000000	37000000	5937.734
28000000	37000000	3243.2002
29000000	37000000	3577.4272
30000000	37000000	3491.7085
31000000	37000000	4796.117
32000000	37000000	8554.3955
33000000	37000000	19224.209
34000000	37000000	18170.512
35000000	37000000	22955.395
36000000	37000000	133129.67
37000000	37000000	520430.6
0	38000000	4990.6665
1000000	38000000	4026.2341
2000000	38000000	4520.5703
3000000	38000000	4143.565
4000000	38000000	3807.0537
5000000	38000000	3393.0762
6000000	38000000	4471.7163
7000000	38000000	4505.4844
8000000	38000000	3299.219
9000000	38000000	3478.6448
10000000	38000000	3284.4536
11000000	38000000	2883.6367
12000000	38000000	3466.9695
13000000	38000000	3772.6946
14000000	38000000	4808.717
15000000	38000000	5115.5664
16000000	38000000	4448.134
17000000	38000000	3760.7114
18000000	38000000	4506.902
19000000	38000000	5254.503
20000000	38000000	5526.5913
21000000	38000000	5486.071
22000000	38000000	4402.3936
23000000	38000000	3783.3967
24000000	38000000	3499.1448
25000000	38000000	3859.845
26000000	38000000	6017.347
27000000	38000000	7861.638
28000000	38000000	5911.386
29000000	38000000	5696.3325
30000000	38000000	6023.163
31000000	38000000	7400.543
32000000	38000000	11548.184
33000000	38000000	12688.846
34000000	38000000	12421.537
35000000	38000000	14076.986
36000000	38000000	33056.246
37000000	38000000	147511.73
38000000	38000000	541517.25
0	39000000	3122.3542
1000000	39000000	2810.2468
2000000	39000000	3226.4426
3000000	39000000	2962.144
4000000	39000000	2077.611
5000000	39000000	1457.1034
6000000	39000000	1613.3264
7000000	39000000	3583.0312
8000000	39000000	4852.3433
9000000	39000000	5075.2705
10000000	39000000	4246.4785
11000000	39000000	5741.2305
12000000	39000000	4395.679
13000000	39000000	4592.1133
14000000	39000000	4506.873
15000000	39000000	3820.7207
16000000	39000000	4032.4863
17000000	39000000	4568.929
18000000	39000000	4887.9536
19000000	39000000	3305.9463
20000000	39000000	2690.3828
21000000	39000000	3457.0276
22000000	39000000	4260.874
23000000	39000000	5040.215
24000000	39000000	5427.569
25000000	39000000	5736.889
26000000	39000000	6667.5557
27000000	39000000	6631.2656
28000000	39000000	7927.0557
29000000	39000000	8339.192
30000000	39000000	7621.5723
31000000	39000000	8232.02
32000000	39000000	9502.787
33000000	39000000	4247.2495
34000000	39000000	4992.8555
35000000	39000000	5227.405
36000000	39000000	7127.4805
37000000	39000000	12388.47
38000000	39000000	55412.223
39000000	39000000	727450.7
0	40000000	1212.4297
1000000	40000000	1576.0402
2000000	40000000	1284.607
3000000	40000000	1567.5023
4000000	40000000	897.834
5000000	40000000	940.7316
6000000	40000000	812.79785
7000000	40000000	1579.6072
8000000	40000000	1938.9169
9000000	40000000	1862.0223
10000000	40000000	2173.708
11000000	40000000	1699.0593
12000000	40000000	2025.0735
13000000	40000000	2620.9087
14000000	40000000	2279.9563
15000000	40000000	2422.9368
16000000	40000000	2385.9316
17000000	40000000	2690.4597
18000000	40000000	1679.0204
19000000	40000000	1340.378
20000000	40000000	1395.4069
21000000	40000000	2137.4907
22000000	40000000	3139.8271
23000000	40000000	3328.173
24000000	40000000	2671.349
25000000	40000000	2477.3647
26000000	40000000	2748.38
27000000	40000000	3350.154
28000000	40000000	3310.2615
29000000	40000000	2602.4722
30000000	40000000	2866.4485
31000000	40000000	2578.4614
32000000	40000000	2791.863
33000000	40000000	1509.2455
34000000	40000000	764.8215
35000000	40000000	954.6347
36000000	40000000	1274.4584
37000000	40000000	1320.66
38000000	40000000	2763.376
39000000	40000000	5068.0
40000000	40000000	710273.56
0	41000000	652.6277
1000000	41000000	661.7147
2000000	41000000	581.6562
3000000	41000000	519.57635
4000000	41000000	821.5876
5000000	41000000	557.0156
6000000	41000000	361.943
7000000	41000000	1436.9602
8000000	41000000	856.91766
9000000	41000000	1532.9155
10000000	41000000	960.68524
11000000	41000000	1698.4891
12000000	41000000	1342.4928
13000000	41000000	1630.2404
14000000	41000000	1299.9832
15000000	41000000	1453.2742
16000000	41000000	1836.5508
17000000	41000000	1344.7784
18000000	41000000	1762.3798
19000000	41000000	937.9498
20000000	41000000	668.1022
21000000	41000000	1606.537
22000000	41000000	1922.4988
23000000	41000000	1482.0524
24000000	41000000	1635.6522
25000000	41000000	1575.9758
26000000	41000000	1613.0236
27000000	41000000	1811.5206
28000000	41000000	1643.9006
29000000	41000000	1821.1191
30000000	41000000	1524.4388
31000000	41000000	2020.8353
32000000	41000000	2072.051
33000000	41000000	1214.5349
34000000	41000000	486.54126
35000000	41000000	858.8829
36000000	41000000	1220.3873
37000000	41000000	1320.2169
38000000	41000000	2960.9998
39000000	41000000	4728.546
40000000	41000000	43855.113
41000000	41000000	869501.25
0	42000000	NaN
1000000	42000000	NaN
2000000	42000000	NaN
3000000	42000000	NaN
4000000	42000000	NaN
5000000	42000000	NaN
6000000	42000000	NaN
7000000	42000000	NaN
8000000	42000000	NaN
9000000	42000000	NaN
10000000	42000000	NaN
11000000	42000000	NaN
12000000	42000000	NaN
13000000	42000000	NaN
14000000	42000000	NaN
15000000	42000000	NaN
16000000	42000000	NaN
17000000	42000000	NaN
18000000	42000000	NaN
19000000	42000000	NaN
20000000	42000000	NaN
21000000	42000000	NaN
22000000	42000000	NaN
23000000	42000000	NaN
24000000	42000000	NaN
25000000	42000000	NaN
26000000	42000000	NaN
27000000	42000000	NaN
28000000	42000000	NaN
29000000	42000000	NaN
30000000	42000000	NaN
31000000	42000000	NaN
32000000	42000000	NaN
33000000	42000000	NaN
34000000	42000000	NaN
35000000	42000000	NaN
36000000	42000000	NaN
37000000	42000000	NaN
38000000	42000000	NaN
39000000	42000000	NaN
42000000	42000000	NaN
0	43000000	2931.6755
1000000	43000000	2505.5515
2000000	43000000	2184.212
3000000	43000000	2533.71
4000000	43000000	1671.9023
5000000	43000000	1124.2794
6000000	43000000	1708.6506
7000000	43000000	3567.0774
8000000	43000000	4572.047
9000000	43000000	4511.5337
10000000	43000000	5167.031
11000000	43000000	6752.8115
12000000	43000000	4621.169
13000000	43000000	5997.464
14000000	43000000	5003.686
15000000	43000000	4189.597
16000000	43000000	4597.695
17000000	43000000	5311.82
18000000	43000000	4610.5522
19000000	43000000	3174.8281
20000000	43000000	2520.892
21000000	43000000	4090.3447
22000000	43000000	4715.099
23000000	43000000	6048.9985
24000000	43000000	6233.5366
25000000	43000000	6957.3975
26000000	43000000	6919.142
27000000	43000000	6052.2686
28000000	43000000	8680.936
29000000	43000000	6856.403
30000000	43000000	7664.0664
31000000	43000000	8496.477
32000000	43000000	7733.6426
33000000	43000000	2644.7524
34000000	43000000	3039.738
35000000	43000000	3202.845
36000000	43000000	3562.647
37000000	43000000	4135.486
38000000	43000000	9734.822
39000000	43000000	15259.446
40000000	43000000	37739.848
41000000	43000000	8803.009
42000000	43000000	NaN
43000000	43000000	739065.3
0	44000000	1535.0134
1000000	44000000	1954.7474
2000000	44000000	1350.3175
3000000	44000000	1396.6512
4000000	44000000	1014.9242
5000000	44000000	714.6158
6000000	44000000	721.00604
7000000	44000000	1606.3351
8000000	44000000	2471.4038
9000000	44000000	2266.3113
10000000	44000000	4008.0654
11000000	44000000	4465.764
12000000	44000000	3533.5173
13000000	44000000	3400.7546
14000000	44000000	2501.6943
15000000	44000000	2136.3591
16000000	44000000	4992.8545
17000000	44000000	5038.1865
18000000	44000000	3256.948
19000000	44000000	1899.702
20000000	44000000	1312.3865
21000000	44000000	1833.4861
22000000	44000000	4244.9688
23000000	44000000	6331.4644
24000000	44000000	7615.761
25000000	44000000	6963.442
26000000	44000000	4711.123
27000000	44000000	2936.0054
28000000	44000000	3966.9673
29000000	44000000	3926.4177
30000000	44000000	3774.271
31000000	44000000	2982.8174
32000000	44000000	2894.3035
33000000	44000000	1348.4797
34000000	44000000	1430.4622
35000000	44000000	1611.2991
36000000	44000000	1214.4054
37000000	44000000	1279.0537
38000000	44000000	2720.7944
39000000	44000000	5163.6836
40000000	44000000	5730.5254
41000000	44000000	4010.0215
42000000	44000000	NaN
43000000	44000000	4732.5996
44000000	44000000	785147.06
0	45000000	2505.6304
1000000	45000000	2681.6582
2000000	45000000	2909.862
3000000	45000000	4063.4956
4000000	45000000	2226.5771
5000000	45000000	2721.7876
6000000	45000000	3440.9294
7000000	45000000	3748.6726
8000000	45000000	3564.1233
9000000	45000000	3629.278
10000000	45000000	4303.08
11000000	45000000	2608.4006
12000000	45000000	5058.778
13000000	45000000	3303.3474
14000000	45000000	4612.9116
15000000	45000000	5114.5864
16000000	45000000	4273.3706
17000000	45000000	3872.2512
18000000	45000000	3759.0535
19000000	45000000	4267.9307
20000000	45000000	4669.691
21000000	45000000	5033.631
22000000	45000000	5887.259
23000000	45000000	4425.584
24000000	45000000	4585.216
25000000	45000000	4235.446
26000000	45000000	7225.019
27000000	45000000	7500.45
28000000	45000000	4494.496
29000000	45000000	4855.427
30000000	45000000	6674.2124
31000000	45000000	6742.5786
32000000	45000000	7197.5767
33000000	45000000	5068.433
34000000	45000000	4047.2803
35000000	45000000	4213.4785
36000000	45000000	4625.358
37000000	45000000	6645.6323
38000000	45000000	8197.443
39000000	45000000	16641.428
40000000	45000000	6236.0273
42000000	45000000	NaN
43000000	45000000	18025.254
44000000	45000000	15395.657
45000000	45000000	541704.3
0	46000000	NaN
1000000	46000000	NaN
2000000	46000000	NaN
3000000	46000000	NaN
4000000	46000000	NaN
5000000	46000000	NaN
6000000	46000000	NaN
7000000	46000000	NaN
8000000	46000000	NaN
9000000	46000000	NaN
10000000	46000000	NaN
11000000	46000000	NaN
12000000	46000000	NaN
13000000	46000000	NaN
14000000	46000000	NaN
15000000	46000000	NaN
16000000	46000000	NaN
17000000	46000000	NaN
18000000	46000000	NaN
19000000	46000000	NaN
20000000	46000000	NaN
21000000	46000000	NaN
22000000	46000000	NaN
23000000	46000000	NaN
24000000	46000000	NaN
25000000	46000000	NaN
26000000	46000000	NaN
27000000	46000000	NaN
28000000	46000000	NaN
29000000	46000000	NaN
30000000	46000000	NaN
31000000	46000000	NaN
32000000	46000000	NaN
33000000	46000000	NaN
34000000	46000000	NaN
35000000	46000000	NaN
36000000	46000000	NaN
37000000	46000000	NaN
38000000	46000000	NaN
39000000	46000000	NaN
41000000	46000000	NaN
43000000	46000000	NaN
44000000	46000000	NaN
45000000	46000000	NaN
46000000	46000000	NaN
0	47000000	1069.622
1000000	47000000	1004.18054
2000000	47000000	866.63947
3000000	47000000	1156.4365
4000000	47000000	528.0542
5000000	47000000	414.96307
6000000	47000000	564.95734
7000000	47000000	1811.6161
8000000	47000000	2080.6553
9000000	47000000	2303.0027
10000000	47000000	2186.822
11000000	47000000	1855.8219
12000000	47000000	3259.665
13000000	47000000	2473.96
14000000	47000000	1883.1086
15000000	47000000	2370.8115
16000000	47000000	2077.6155
17000000	47000000	2632.5793
18000000	47000000	2353.5486
19000000	47000000	2040.1769
20000000	47000000	1357.0311
21000000	47000000	2219.411
22000000	47000000	2438.1753
23000000	47000000	2506.1157
24000000	47000000	3120.4458
25000000	47000000	3730.9136
26000000	47000000	3106.8645
27000000	47000000	4463.1807
28000000	47000000	3061.665
29000000	47000000	3730.8962
30000000	47000000	2922.1914
31000000	47000000	3417.1853
32000000	47000000	3665.5034
33000000	47000000	1009.70325
34000000	47000000	1417.6268
35000000	47000000	1520.6238
36000000	47000000	1752.2677
37000000	47000000	2203.8345
38000000	47000000	5006.981
39000000	47000000	16145.487
40000000	47000000	13310.405
41000000	47000000	3104.719
43000000	47000000	19236.88
44000000	47000000	27123.41
45000000	47000000	39733.11
46000000	47000000	NaN
47000000	47000000	859385.75
0	65000000	NaN
1000000	65000000	NaN
2000000	65000000	NaN
3000000	65000000	NaN
4000000	65000000	NaN
5000000	65000000	NaN
6000000	65000000	NaN
7000000	65000000	NaN
8000000	65000000	NaN
9000000	65000000	NaN
10000000	65000000	NaN
11000000	65000000	NaN
12000000	65000000	NaN
13000000	65000000	NaN
14000000	65000000	NaN
15000000	65000000	NaN
16000000	65000000	NaN
17000000	65000000	NaN
18000000	65000000	NaN
19000000	65000000	NaN
20000000	65000000	NaN
21000000	65000000	NaN
22000000	65000000	NaN
23000000	65000000	NaN
24000000	65000000	NaN
25000000	65000000	NaN
26000000	65000000	NaN
27000000	65000000	NaN
28000000	65000000	NaN
29000000	65000000	NaN
30000000	65000000	NaN
31000000	65000000	NaN
32000000	65000000	NaN
33000000	65000000	NaN
34000000	65000000	NaN
35000000	65000000	NaN
36000000	65000000	NaN
37000000	65000000	NaN
38000000	65000000	NaN
39000000	65000000	NaN
41000000	65000000	NaN
42000000	65000000	NaN
43000000	65000000	NaN
44000000	65000000	NaN
45000000	65000000	NaN
46000000	65000000	NaN
47000000	65000000	NaN
65000000	65000000	NaN
0	66000000	2719.8186
1000000	66000000	2504.2134
2000000	66000000	2657.5916
3000000	66000000	2573.7754
4000000	66000000	2442.338
5000000	66000000	2860.5054
6000000	66000000	3235.851
7000000	66000000	2701.183
8000000	66000000	2214.6943
9000000	66000000	2854.621
10000000	66000000	2693.4822
11000000	66000000	2974.8237
12000000	66000000	2973.9927
13000000	66000000	2642.7412
14000000	66000000	3076.1736
15000000	66000000	3739.2036
16000000	66000000	3313.3354
17000000	66000000	3100.08
18000000	66000000	2911.8513
19000000	66000000	3737.1868
20000000	66000000	4013.161
21000000	66000000	3896.4077
22000000	66000000	3374.7712
23000000	66000000	3791.263
24000000	66000000	3806.7498
25000000	66000000	3993.0852
26000000	66000000	5067.8916
27000000	66000000	4898.2437
28000000	66000000	3765.843
29000000	66000000	4107.8237
30000000	66000000	4176.882
31000000	66000000	4176.929
32000000	66000000	5524.593
33000000	66000000	5395.6836
34000000	66000000	3940.7915
35000000	66000000	4347.056
36000000	66000000	5666.942
37000000	66000000	9157.796
38000000	66000000	13386.598
39000000	66000000	14075.83
40000000	66000000	10119.917
41000000	66000000	13218.92
42000000	66000000	NaN
43000000	66000000	8044.203
44000000	66000000	11500.709
45000000	66000000	63439.176
46000000	66000000	NaN
47000000	66000000	4298.632
65000000	66000000	NaN
66000000	66000000	464680.47
0	67000000	1562.1593
1000000	67000000	1539.9128
2000000	67000000	1336.025
3000000	67000000	998.016
4000000	67000000	1349.6201
5000000	67000000	1548.7803
6000000	67000000	1168.9027
7000000	67000000	1469.903
8000000	67000000	1519.3756
9000000	67000000	1223.0854
10000000	67000000	1809.823
11000000	67000000	1581.0592
12000000	67000000	1686.0703
13000000	67000000	1716.2529
14000000	67000000	1650.1433
15000000	67000000	3220.9473
16000000	67000000	3256.3345
17000000	67000000	1698.876
18000000	67000000	2499.8591
19000000	67000000	2148.108
20000000	67000000	1708.5466
21000000	67000000	1620.7003
22000000	67000000	2373.9343
23000000	67000000	2346.2354
24000000	67000000	1967.9432
25000000	67000000	2724.4587
26000000	67000000	3547.5059
27000000	67000000	2834.0771
28000000	67000000	2484.1636
29000000	67000000	1715.3918
30000000	67000000	2667.3728
31000000	67000000	1919.5092
32000000	67000000	2755.42
33000000	67000000	1755.5349
34000000	67000000	1099.9069
35000000	67000000	1649.765
36000000	67000000	1373.2017
37000000	67000000	1170.419
38000000	67000000	1928.5941
39000000	67000000	4716.026
40000000	67000000	12959.703
41000000	67000000	27206.242
42000000	67000000	NaN
43000000	67000000	9365.015
44000000	67000000	9903.286
45000000	67000000	46423.47
47000000	67000000	12385.994
66000000	67000000	19461.977
67000000	67000000	735638.5
0	68000000	2104.9253
1000000	68000000	1868.7434
2000000	68000000	1637.5013
3000000	68000000	2030.6519
4000000	68000000	1846.7786
5000000	68000000	2106.6228
6000000	68000000	2314.2114
7000000	68000000	1885.89
8000000	68000000	1727.3896
9000000	68000000	1836.1334
10000000	68000000	2554.0222
11000000	68000000	2927.635
12000000	68000000	2518.8333
13000000	68000000	1960.6472
14000000	68000000	2016.3226
15000000	68000000	2823.393
16000000	68000000	2822.545
17000000	68000000	2915.1223
18000000	68000000	2279.179
19000000	68000000	2575.785
20000000	68000000	2732.581
21000000	68000000	2900.233
22000000	68000000	2752.1003
23000000	68000000	3694.7441
24000000	68000000	3859.221
25000000	68000000	3803.0474
26000000	68000000	3711.927
27000000	68000000	3380.8533
28000000	68000000	2890.3005
29000000	68000000	2731.1147
30000000	68000000	2475.2693
31000000	68000000	2808.5312
32000000	68000000	3666.6582
33000000	68000000	3603.7705
34000000	68000000	2535.8096
35000000	68000000	2838.1892
36000000	68000000	3861.5273
37000000	68000000	5595.1924
38000000	68000000	6969.82
39000000	68000000	9117.456
40000000	68000000	1708.2881
41000000	68000000	9164.736
42000000	68000000	NaN
43000000	68000000	6378.007
44000000	68000000	35814.97
45000000	68000000	48954.617
46000000	68000000	NaN
47000000	68000000	4353.772
65000000	68000000	NaN
66000000	68000000	133400.17
67000000	68000000	16426.352
68000000	68000000	580937.8
0	69000000	2104.1804
1000000	69000000	2536.469
2000000	69000000	2318.6226
3000000	69000000	2208.7832
4000000	69000000	2202.2522
5000000	69000000	2786.3833
6000000	69000000	2700.6895
7000000	69000000	2459.0535
8000000	69000000	2287.022
9000000	69000000	2421.764
10000000	69000000	2908.1233
11000000	69000000	2829.3762
12000000	69000000	2789.4265
13000000	69000000	2467.4783
14000000	69000000	3289.5845
15000000	69000000	3631.3386
16000000	69000000	3804.0164
17000000	69000000	3121.7688
18000000	69000000	2929.493
19000000	69000000	3203.3127
20000000	69000000	3479.656
21000000	69000000	3607.959
22000000	69000000	3438.6675
23000000	69000000	3610.3345
24000000	69000000	3766.8682
25000000	69000000	4251.278
26000000	69000000	4840.6113
27000000	69000000	4683.968
28000000	69000000	3421.0444
29000000	69000000	3506.645
30000000	69000000	4001.019
31000000	69000000	4498.8047
32000000	69000000	4555.559
33000000	69000000	3291.595
34000000	69000000	2802.7263
35000000	69000000	2379.4448
36000000	69000000	3026.717
37000000	69000000	4180.9263
38000000	69000000	5429.312
39000000	69000000	6098.248
40000000	69000000	8379.034
41000000	69000000	8795.033
42000000	69000000	NaN
43000000	69000000	17029.422
44000000	69000000	7511.1206
45000000	69000000	28138.941
46000000	69000000	NaN
47000000	69000000	14681.526
65000000	69000000	NaN
66000000	69000000	49418.906
67000000	69000000	14619.577
68000000	69000000	20298.629
69000000	69000000	741526.5
0	70000000	1479.6661
1000000	70000000	1111.31
2000000	70000000	1332.0773
3000000	70000000	872.5972
4000000	70000000	1176.8943
5000000	70000000	1105.5604
6000000	70000000	1563.0725
7000000	70000000	1577.9193
8000000	70000000	719.57086
9000000	70000000	901.0539
10000000	70000000	1008.38324
11000000	70000000	1212.317
12000000	70000000	876.8029
13000000	70000000	798.55145
14000000	70000000	595.4301
15000000	70000000	1576.2769
16000000	70000000	1121.5916
17000000	70000000	1242.1611
18000000	70000000	1578.5658
19000000	70000000	1531.474
20000000	70000000	1467.2798
21000000	70000000	1442.0786
22000000	70000000	980.1475
23000000	70000000	888.93494
24000000	70000000	784.8513
25000000	70000000	992.5338
26000000	70000000	1510.7751
27000000	70000000	2013.3134
28000000	70000000	1694.1472
29000000	70000000	1529.2301
30000000	70000000	1347.4755
31000000	70000000	1090.8873
32000000	70000000	1889.0807
33000000	70000000	2261.4492
34000000	70000000	1593.3778
35000000	70000000	1762.985
36000000	70000000	2483.1294
37000000	70000000	2845.4387
38000000	70000000	3653.5012
39000000	70000000	1985.3273
40000000	70000000	8183.559
41000000	70000000	5726.569
42000000	70000000	NaN
43000000	70000000	1478.4125
44000000	70000000	1924.1687
45000000	70000000	18321.658
47000000	70000000	5214.189
66000000	70000000	30921.96
67000000	70000000	7615.2085
68000000	70000000	30448.648
69000000	70000000	2461.7883
70000000	70000000	721307.1
0	71000000	2470.9888
1000000	71000000	1948.3816
2000000	71000000	2171.4458
3000000	71000000	2051.9834
4000000	71000000	2140.1177
5000000	71000000	2199.6858
6000000	71000000	2755.3164
7000000	71000000	1974.5322
8000000	71000000	1314.2429
9000000	71000000	1455.8325
10000000	71000000	1336.1735
11000000	71000000	1141.8031
12000000	71000000	1482.6628
13000000	71000000	1408.5532
14000000	71000000	1911.8573
15000000	71000000	2325.848
16000000	71000000	1930.4413
17000000	71000000	1337.613
18000000	71000000	1780.225
19000000	71000000	2480.2588
20000000	71000000	3036.0718
21000000	71000000	2558.2263
22000000	71000000	1718.946
23000000	71000000	1484.2688
24000000	71000000	1266.052
25000000	71000000	1327.3494
26000000	71000000	2294.905
27000000	71000000	2893.0796
28000000	71000000	1752.0873
29000000	71000000	1726.9854
30000000	71000000	1646.8464
31000000	71000000	2022.8435
32000000	71000000	2963.4304
33000000	71000000	3931.9187
34000000	71000000	2805.2625
35000000	71000000	2635.8545
36000000	71000000	3895.272
37000000	71000000	4087.311
38000000	71000000	3525.7437
39000000	71000000	1860.0822
40000000	71000000	11295.571
41000000	71000000	6227.588
42000000	71000000	NaN
43000000	71000000	2151.9238
44000000	71000000	1472.8085
45000000	71000000	6008.0405
46000000	71000000	NaN
47000000	71000000	1046.8394
65000000	71000000	NaN
66000000	71000000	23074.85
67000000	71000000	13951.083
68000000	71000000	14913.27
69000000	71000000	3727.4456
70000000	71000000	115489.95
71000000	71000000	482505.4
0	72000000	2411.6658
1000000	72000000	1848.9427
2000000	72000000	2196.8188
3000000	72000000	2131.404
4000000	72000000	1561.5509
5000000	72000000	1176.1752
6000000	72000000	1502.3171
7000000	72000000	2254.577
8000000	72000000	1977.027
9000000	72000000	2043.9176
10000000	72000000	2050.6685
11000000	72000000	1915.836
12000000	72000000	2120.9202
13000000	72000000	2016.705
14000000	72000000	2304.932
15000000	72000000	2309.4185
16000000	72000000	2093.7288
17000000	72000000	1937.9017
18000000	72000000	2330.7456
19000000	72000000	2259.6921
20000000	72000000	1986.6472
21000000	72000000	2330.189
22000000	72000000	2250.6013
23000000	72000000	2112.9768
24000000	72000000	2023.725
25000000	72000000	2361.8604
26000000	72000000	2793.9492
27000000	72000000	2945.7356
28000000	72000000	2658.928
29000000	72000000	2444.1597
30000000	72000000	2374.0525
31000000	72000000	2544.0835
32000000	72000000	3381.8608
33000000	72000000	2296.9954
34000000	72000000	1959.5989
35000000	72000000	1910.6487
36000000	72000000	2613.1248
37000000	72000000	2387.5032
38000000	72000000	3061.4565
39000000	72000000	2743.8013
40000000	72000000	14320.581
41000000	72000000	6035.4004
42000000	72000000	NaN
43000000	72000000	3410.2747
44000000	72000000	2487.0942
45000000	72000000	5173.5522
46000000	72000000	NaN
47000000	72000000	725.80597
65000000	72000000	NaN
66000000	72000000	8001.552
67000000	72000000	9540.213
68000000	72000000	5562.4824
69000000	72000000	2961.7053
70000000	72000000	22662.773
71000000	72000000	82004.63
72000000	72000000	440941.12
0	73000000	1898.461
1000000	73000000	1597.2406
2000000	73000000	1840.7689
3000000	73000000	1868.566
4000000	73000000	1332.2251
5000000	73000000	985.90576
6000000	73000000	1232.9636
7000000	73000000	2100.205
8000000	73000000	2167.0967
9000000	73000000	2323.2786
10000000	73000000	2245.142
11000000	73000000	2035.6056
12000000	73000000	2149.7605
13000000	73000000	2176.9177
14000000	73000000	2242.3198
15000000	73000000	2155.159
16000000	73000000	1889.0679
17000000	73000000	1969.0496
18000000	73000000	2252.1562
19000000	73000000	1873.9854
20000000	73000000	1746.2692
21000000	73000000	2220.958
22000000	73000000	2295.3186
23000000	73000000	2157.9834
24000000	73000000	2264.3486
25000000	73000000	2504.4077
26000000	73000000	2820.2463
27000000	73000000	2927.9875
28000000	73000000	2922.907
29000000	73000000	2620.0044
30000000	73000000	2638.1375
31000000	73000000	2801.4207
32000000	73000000	2968.123
33000000	73000000	1699.8091
34000000	73000000	1508.4147
35000000	73000000	1502.1453
36000000	73000000	2035.6298
37000000	73000000	1903.0704
38000000	73000000	2628.1904
39000000	73000000	2094.2603
40000000	73000000	9064.213
41000000	73000000	3926.5073
42000000	73000000	NaN
43000000	73000000	2775.9663
44000000	73000000	2445.844
45000000	73000000	5566.162
46000000	73000000	NaN
47000000	73000000	1540.0803
65000000	73000000	NaN
66000000	73000000	5862.9883
67000000	73000000	6667.43
68000000	73000000	4193.162
69000000	73000000	3181.159
70000000	73000000	8065.377
71000000	73000000	25223.363
72000000	73000000	122204.36
73000000	73000000	448139.28
0	74000000	1824.3447
1000000	74000000	1652.5974
2000000	74000000	1801.9679
3000000	74000000	1841.14
4000000	74000000	1586.9988
5000000	74000000	1684.8066
6000000	74000000	1851.0228
7000000	74000000	1978.5225
8000000	74000000	1496.8567
9000000	74000000	1737.3259
10000000	74000000	1500.6239
11000000	74000000	1549.726
12000000	74000000	1685.9421
13000000	74000000	1534.4248
14000000	74000000	1939.4634
15000000	74000000	2090.7505
16000000	74000000	1711.892
17000000	74000000	1489.6995
18000000	74000000	1720.5048
19000000	74000000	1951.0568
20000000	74000000	2185.6016
21000000	74000000	2234.8364
22000000	74000000	1875.6838
23000000	74000000	1784.6123
24000000	74000000	1631.446
25000000	74000000	1737.2601
26000000	74000000	2254.606
27000000	74000000	2440.1726
28000000	74000000	2067.9346
29000000	74000000	1956.4333
30000000	74000000	1966.6812
31000000	74000000	2147.3042
32000000	74000000	2542.482
33000000	74000000	2126.9976
34000000	74000000	1557.7057
35000000	74000000	1425.5709
36000000	74000000	2244.3179
37000000	74000000	2448.7427
38000000	74000000	2437.7842
39000000	74000000	1539.5457
40000000	74000000	6270.4907
41000000	74000000	3383.4182
42000000	74000000	NaN
43000000	74000000	1965.3474
44000000	74000000	1643.1079
45000000	74000000	3179.8293
46000000	74000000	NaN
47000000	74000000	914.5797
65000000	74000000	NaN
66000000	74000000	4647.9062
67000000	74000000	4428.9785
68000000	74000000	3762.3147
69000000	74000000	3261.248
70000000	74000000	6126.1733
71000000	74000000	15766.3545
72000000	74000000	27552.912
73000000	74000000	87731.95
74000000	74000000	459746.5
0	75000000	1647.2902
1000000	75000000	1505.2523
2000000	75000000	1721.4084
3000000	75000000	1684.0797
4000000	75000000	1433.0535
5000000	75000000	1368.8385
6000000	75000000	1602.66
7000000	75000000	1948.6084
8000000	75000000	1680.4678
9000000	75000000	1940.9629
10000000	75000000	1724.6421
11000000	75000000	1602.7471
12000000	75000000	1836.7745
13000000	75000000	1614.2714
14000000	75000000	1895.228
15000000	75000000	1949.1793
16000000	75000000	1698.2311
17000000	75000000	1619.1135
18000000	75000000	1699.0833
19000000	75000000	1716.2332
20000000	75000000	2058.2903
21000000	75000000	2148.8838
22000000	75000000	2051.8838
23000000	75000000	1770.8147
24000000	75000000	1666.2928
25000000	75000000	1962.8153
26000000	75000000	2305.6807
27000000	75000000	2265.5432
28000000	75000000	2259.069
29000000	75000000	2114.104
30000000	75000000	2136.9377
31000000	75000000	2252.5916
32000000	75000000	2325.8806
33000000	75000000	1753.2191
34000000	75000000	1289.3962
35000000	75000000	1263.7358
36000000	75000000	1970.9607
37000000	75000000	1990.2109
38000000	75000000	2122.5513
39000000	75000000	1980.0626
40000000	75000000	5575.9233
41000000	75000000	3110.1594
42000000	75000000	NaN
43000000	75000000	1956.257
44000000	75000000	1776.5614
45000000	75000000	4269.748
46000000	75000000	NaN
47000000	75000000	1029.7748
65000000	75000000	NaN
66000000	75000000	4110.4297
67000000	75000000	5038.2773
68000000	75000000	3119.0625
69000000	75000000	2479.5698
70000000	75000000	3988.7217
71000000	75000000	11899.27
72000000	75000000	18658.518
73000000	75000000	37702.914
74000000	75000000	167384.33
75000000	75000000	444587.2
0	76000000	1309.3356
1000000	76000000	1267.5674
2000000	76000000	1438.3615
3000000	76000000	1396.5715
4000000	76000000	886.4573
5000000	76000000	609.7707
6000000	76000000	806.0908
7000000	76000000	1650.7354
8000000	76000000	2182.0051
9000000	76000000	2491.976
10000000	76000000	2453.1187
11000000	76000000	2295.4714
12000000	76000000	2360.756
13000000	76000000	2411.5225
14000000	76000000	1969.4755
15000000	76000000	1730.4741
16000000	76000000	1772.3435
17000000	76000000	2126.8518
18000000	76000000	2002.2179
19000000	76000000	1416.309
20000000	76000000	1281.9213
21000000	76000000	1666.5344
22000000	76000000	2430.1982
23000000	76000000	2321.8787
24000000	76000000	2518.972
25000000	76000000	2799.1968
26000000	76000000	2553.3662
27000000	76000000	2275.346
28000000	76000000	3052.884
29000000	76000000	2884.7834
30000000	76000000	2870.87
31000000	76000000	2715.9062
32000000	76000000	2111.945
33000000	76000000	898.17816
34000000	76000000	773.1574
35000000	76000000	776.71405
36000000	76000000	1087.0358
37000000	76000000	1025.7869
38000000	76000000	1596.9746
39000000	76000000	2948.6921
40000000	76000000	6810.75
41000000	76000000	4032.7058
42000000	76000000	NaN
43000000	76000000	2839.3977
44000000	76000000	2636.1267
45000000	76000000	2908.8801
46000000	76000000	NaN
47000000	76000000	1468.7532
65000000	76000000	NaN
66000000	76000000	3431.2983
67000000	76000000	3315.1262
68000000	76000000	2673.3176
69000000	76000000	2379.7812
70000000	76000000	3386.3435
71000000	76000000	7762.8506
72000000	76000000	15556.536
73000000	76000000	26209.184
74000000	76000000	30837.65
75000000	76000000	90204.49
76000000	76000000	500327.38
0	77000000	1730.546
1000000	77000000	1399.8455
2000000	77000000	1707.179
3000000	77000000	1580.9657
4000000	77000000	1207.0605
5000000	77000000	1043.9855
6000000	77000000	1274.4685
7000000	77000000	1884.8752
8000000	77000000	1713.3184
9000000	77000000	2071.324
10000000	77000000	1769.9092
11000000	77000000	1677.1
12000000	77000000	1888.4569
13000000	77000000	1818.9954
14000000	77000000	1903.8718
15000000	77000000	2004.5958
16000000	77000000	1786.7451
17000000	77000000	1727.8496
18000000	77000000	1838.8688
19000000	77000000	1906.0769
20000000	77000000	1748.5015
21000000	77000000	1970.1152
22000000	77000000	2132.3396
23000000	77000000	1871.3796
24000000	77000000	1863.6471
25000000	77000000	2001.6604
26000000	77000000	2400.5042
27000000	77000000	2409.9753
28000000	77000000	2321.8296
29000000	77000000	2163.792
30000000	77000000	2141.9858
31000000	77000000	2210.6567
32000000	77000000	2415.8552
33000000	77000000	1646.8729
34000000	77000000	1229.5415
35000000	77000000	1154.9976
36000000	77000000	1767.7201
37000000	77000000	1746.7764
38000000	77000000	2058.903
39000000	77000000	1530.5018
40000000	77000000	5110.894
41000000	77000000	2961.727
42000000	77000000	NaN
43000000	77000000	2567.9722
44000000	77000000	2347.0796
45000000	77000000	3933.3457
46000000	77000000	NaN
47000000	77000000	915.87024
65000000	77000000	NaN
66000000	77000000	4232.1826
67000000	77000000	5647.6797
68000000	77000000	3075.758
69000000	77000000	2618.4958
70000000	77000000	4035.544
71000000	77000000	10231.988
72000000	77000000	15959.221
73000000	77000000	20540.379
74000000	77000000	25144.451
75000000	77000000	45122.168
76000000	77000000	111376.05
77000000	77000000	431223.03
0	78000000	1660.1787
1000000	78000000	1452.3754
2000000	78000000	1535.4911
3000000	78000000	1539.1609
4000000	78000000	1025.0497
5000000	78000000	666.429
6000000	78000000	832.3922
7000000	78000000	1920.2357
8000000	78000000	2074.8438
9000000	78000000	2016.1238
10000000	78000000	2111.2947
11000000	78000000	1969.9763
12000000	78000000	2151.842
13000000	78000000	2172.0422
14000000	78000000	2059.0645
15000000	78000000	1871.4802
16000000	78000000	2104.6833
17000000	78000000	2166.0356
18000000	78000000	2166.784
19000000	78000000	1632.6045
20000000	78000000	1339.6317
21000000	78000000	1773.2976
22000000	78000000	2366.9092
23000000	78000000	2395.7117
24000000	78000000	2260.4312
25000000	78000000	2551.807
26000000	78000000	2456.8206
27000000	78000000	2514.3772
28000000	78000000	2729.4229
29000000	78000000	2381.259
30000000	78000000	2303.9739
31000000	78000000	2327.4233
32000000	78000000	2560.5833
33000000	78000000	1107.4564
34000000	78000000	1051.7817
35000000	78000000	1059.0454
36000000	78000000	1349.4563
37000000	78000000	1282.3862
38000000	78000000	2188.8232
39000000	78000000	2147.9736
40000000	78000000	7778.272
41000000	78000000	2721.4817
42000000	78000000	NaN
43000000	78000000	2870.1853
44000000	78000000	3365.9084
45000000	78000000	3038.2373
46000000	78000000	NaN
47000000	78000000	1845.3038
65000000	78000000	NaN
66000000	78000000	3447.3386
67000000	78000000	3773.036
68000000	78000000	2605.136
69000000	78000000	2713.253
70000000	78000000	4278.8267
71000000	78000000	7762.3545
72000000	78000000	14214.272
73000000	78000000	17388.652
74000000	78000000	14016.5
75000000	78000000	18799.385
76000000	78000000	33711.637
77000000	78000000	97252.945
78000000	78000000	435881.2
0	79000000	2310.7637
1000000	79000000	1775.9512
2000000	79000000	2039.8773
3000000	79000000	1960.0842
4000000	79000000	1621.6217
5000000	79000000	1493.5961
6000000	79000000	1777.7091
7000000	79000000	2035.5823
8000000	79000000	1486.2076
9000000	79000000	1453.1521
10000000	79000000	1402.5815
11000000	79000000	1320.0823
12000000	79000000	1501.9913
13000000	79000000	1525.0236
14000000	79000000	1943.7998
15000000	79000000	2126.3882
16000000	79000000	1851.1902
17000000	79000000	1582.6935
18000000	79000000	1862.3048
19000000	79000000	2107.549
20000000	79000000	2221.839
21000000	79000000	2287.2563
22000000	79000000	1864.3136
23000000	79000000	1625.5273
24000000	79000000	1524.4203
25000000	79000000	1694.2944
26000000	79000000	2257.4387
27000000	79000000	2539.2542
28000000	79000000	1757.7063
29000000	79000000	1712.8795
30000000	79000000	1710.4005
31000000	79000000	1863.514
32000000	79000000	2777.0366
33000000	79000000	2241.7004
34000000	79000000	1831.4866
35000000	79000000	1666.8208
36000000	79000000	2492.1855
37000000	79000000	2571.1106
38000000	79000000	2668.0203
39000000	79000000	1629.3423
40000000	79000000	5149.0728
41000000	79000000	2558.7527
42000000	79000000	NaN
43000000	79000000	2130.0532
44000000	79000000	2202.0369
45000000	79000000	4410.689
46000000	79000000	NaN
47000000	79000000	1236.226
65000000	79000000	NaN
66000000	79000000	4432.009
67000000	79000000	4652.585
68000000	79000000	3453.908
69000000	79000000	2772.397
70000000	79000000	4253.4214
71000000	79000000	10884.909
72000000	79000000	12609.584
73000000	79000000	12452.035
74000000	79000000	12762.752
75000000	79000000	13798.113
76000000	79000000	15692.346
77000000	79000000	36192.562
78000000	79000000	96374.77
79000000	79000000	439490.53
0	80000000	2107.0315
1000000	80000000	1697.4618
2000000	80000000	1824.6538
3000000	80000000	1633.1809
4000000	80000000	1317.7655
5000000	80000000	1122.549
6000000	80000000	1313.1677
7000000	80000000	1852.354
8000000	80000000	1530.5264
9000000	80000000	1481.0465
10000000	80000000	1553.3622
11000000	80000000	1479.4948
12000000	80000000	1592.5757
13000000	80000000	1628.4927
14000000	80000000	1913.4127
15000000	80000000	1979.1732
16000000	80000000	2003.1412
17000000	80000000	1807.5941
18000000	80000000	2001.795
19000000	80000000	1888.0469
20000000	80000000	1690.4373
21000000	80000000	1988.6423
22000000	80000000	1997.2554
23000000	80000000	1885.9696
24000000	80000000	1704.2343
25000000	80000000	1840.026
26000000	80000000	2325.2217
27000000	80000000	2322.2217
28000000	80000000	1981.3146
29000000	80000000	1811.8903
30000000	80000000	1815.8243
31000000	80000000	2008.2872
32000000	80000000	2370.251
33000000	80000000	1704.8561
34000000	80000000	1423.0657
35000000	80000000	1354.4363
36000000	80000000	1877.7568
37000000	80000000	1880.0836
38000000	80000000	2361.4314
39000000	80000000	1757.1334
40000000	80000000	5685.3184
41000000	80000000	2670.4243
42000000	80000000	NaN
43000000	80000000	1829.0631
44000000	80000000	3113.0188
45000000	80000000	3905.7324
46000000	80000000	NaN
47000000	80000000	1091.6896
65000000	80000000	NaN
66000000	80000000	4180.2466
67000000	80000000	5217.999
68000000	80000000	3165.2112
69000000	80000000	3197.9602
70000000	80000000	4072.9463
71000000	80000000	8403.017
72000000	80000000	10777.453
73000000	80000000	10901.334
74000000	80000000	9925.602
75000000	80000000	10942.352
76000000	80000000	12852.152
77000000	80000000	19644.785
78000000	80000000	31017.082
79000000	80000000	81086.23
80000000	80000000	439894.62
0	81000000	1288.2273
1000000	81000000	1083.6152
2000000	81000000	1170.3893
3000000	81000000	1086.6907
4000000	81000000	709.7287
5000000	81000000	505.56744
6000000	81000000	640.9678
7000000	81000000	1429.6001
8000000	81000000	1764.1556
9000000	81000000	1525.064
10000000	81000000	1857.9613
11000000	81000000	1927.5563
12000000	81000000	1790.0151
13000000	81000000	1910.1465
14000000	81000000	1635.6447
15000000	81000000	1538.594
16000000	81000000	1944.2498
17000000	81000000	2177.3281
18000000	81000000	1865.0708
19000000	81000000	1310.2576
20000000	81000000	1026.2046
21000000	81000000	1470.0339
22000000	81000000	2201.6047
23000000	81000000	2173.479
24000000	81000000	2378.1658
25000000	81000000	2489.2205
26000000	81000000	2212.1458
27000000	81000000	1896.0599
28000000	81000000	2282.8308
29000000	81000000	2083.0256
30000000	81000000	1968.0172
31000000	81000000	1960.9215
32000000	81000000	1910.8046
33000000	81000000	829.4083
34000000	81000000	771.0518
35000000	81000000	762.90186
36000000	81000000	924.0331
37000000	81000000	829.1425
38000000	81000000	1524.7894
39000000	81000000	1956.6666
40000000	81000000	7893.815
41000000	81000000	3302.2815
42000000	81000000	NaN
43000000	81000000	2232.1072
44000000	81000000	4448.449
45000000	81000000	2382.0088
46000000	81000000	NaN
47000000	81000000	1421.4023
65000000	81000000	NaN
66000000	81000000	2959.4385
67000000	81000000	2794.5168
68000000	81000000	2890.7512
69000000	81000000	2490.7776
70000000	81000000	3478.844
71000000	81000000	4905.097
72000000	81000000	8306.425
73000000	81000000	9350.885
74000000	81000000	7075.674
75000000	81000000	7955.878
76000000	81000000	12628.113
77000000	81000000	13201.205
78000000	81000000	21602.22
79000000	81000000	21539.379
80000000	81000000	70475.51
81000000	81000000	418863.97
0	82000000	1321.9034
1000000	82000000	1185.6736
2000000	82000000	1240.158
3000000	82000000	1177.6858
4000000	82000000	824.3385
5000000	82000000	748.43933
6000000	82000000	867.9336
7000000	82000000	1313.1846
8000000	82000000	1370.2853
9000000	82000000	1355.8123
10000000	82000000	1607.0988
11000000	82000000	1704.808
12000000	82000000	1640.0559
13000000	82000000	1586.9657
14000000	82000000	1565.2281
15000000	82000000	1555.8386
16000000	82000000	1936.7516
17000000	82000000	1905.0021
18000000	82000000	1621.923
19000000	82000000	1291.7838
20000000	82000000	1288.8953
21000000	82000000	1465.4211
22000000	82000000	1906.8237
23000000	82000000	2107.8792
24000000	82000000	2139.163
25000000	82000000	2188.3765
26000000	82000000	2173.5708
27000000	82000000	1942.7377
28000000	82000000	1879.4066
29000000	82000000	1849.5569
30000000	82000000	1852.746
31000000	82000000	1873.9513
32000000	82000000	1906.2013
33000000	82000000	1033.3306
34000000	82000000	857.1423
35000000	82000000	862.16437
36000000	82000000	1018.5819
37000000	82000000	1132.303
38000000	82000000	1515.5155
39000000	82000000	1367.0243
40000000	82000000	4490.3125
41000000	82000000	3819.8855
42000000	82000000	NaN
43000000	82000000	2417.7053
44000000	82000000	4098.9487
45000000	82000000	3075.0596
46000000	82000000	NaN
47000000	82000000	1065.8707
65000000	82000000	NaN
66000000	82000000	3719.2302
67000000	82000000	3523.0144
68000000	82000000	3196.7136
69000000	82000000	2926.6929
70000000	82000000	2638.5376
71000000	82000000	5202.9766
72000000	82000000	7183.047
73000000	82000000	7676.4834
74000000	82000000	6719.0317
75000000	82000000	7189.098
76000000	82000000	9393.095
77000000	82000000	11032.12
78000000	82000000	14381.776
79000000	82000000	16401.576
80000000	82000000	33793.625
81000000	82000000	123809.28
82000000	82000000	425809.47
0	83000000	727.5292
1000000	83000000	789.9964
2000000	83000000	720.8527
3000000	83000000	727.56335
4000000	83000000	447.87918
5000000	83000000	316.25287
6000000	83000000	366.90784
7000000	83000000	1030.5569
8000000	83000000	1489.8047
9000000	83000000	1290.2137
10000000	83000000	2123.6055
11000000	83000000	2682.3496
12000000	83000000	1804.7654
13000000	83000000	1733.4081
14000000	83000000	1129.61
15000000	83000000	1092.5138
16000000	83000000	2058.044
17000000	83000000	2566.2605
18000000	83000000	1280.8337
19000000	83000000	802.5112
20000000	83000000	612.0216
21000000	83000000	868.0533
22000000	83000000	1789.0258
23000000	83000000	2935.253
24000000	83000000	3781.6978
25000000	83000000	3407.864
26000000	83000000	1947.0223
27000000	83000000	1271.3853
28000000	83000000	1838.2567
29000000	83000000	1914.2852
30000000	83000000	2009.7501
31000000	83000000	1523.492
32000000	83000000	1243.0564
33000000	83000000	430.2681
34000000	83000000	457.4299
35000000	83000000	531.92004
36000000	83000000	504.33737
37000000	83000000	392.06915
38000000	83000000	900.8907
39000000	83000000	1508.3358
40000000	83000000	5453.852
41000000	83000000	2518.834
42000000	83000000	NaN
43000000	83000000	2128.1904
44000000	83000000	9143.106
45000000	83000000	2051.3284
46000000	83000000	NaN
47000000	83000000	1250.9801
65000000	83000000	NaN
66000000	83000000	3276.0854
67000000	83000000	2639.0417
68000000	83000000	5342.869
69000000	83000000	2789.0786
70000000	83000000	1922.832
71000000	83000000	2781.6475
72000000	83000000	5198.877
73000000	83000000	5957.899
74000000	83000000	4339.525
75000000	83000000	4877.2446
76000000	83000000	9032.1045
77000000	83000000	7853.189
78000000	83000000	12506.778
79000000	83000000	8948.145
80000000	83000000	17302.46
81000000	83000000	51290.637
82000000	83000000	87677.25
83000000	83000000	465162.06
0	84000000	996.2269
1000000	84000000	958.6282
2000000	84000000	882.2346
3000000	84000000	863.2892
4000000	84000000	574.20807
5000000	84000000	497.26648
6000000	84000000	531.8889
7000000	84000000	1102.6606
8000000	84000000	1341.3994
9000000	84000000	1216.1903
10000000	84000000	1902.3666
11000000	84000000	2345.0076
12000000	84000000	1641.7574
13000000	84000000	1668.272
14000000	84000000	1282.3375
15000000	84000000	1232.8383
16000000	84000000	2215.2869
17000000	84000000	2482.9548
18000000	84000000	1462.2153
19000000	84000000	979.84344
20000000	84000000	825.47266
21000000	84000000	1001.841
22000000	84000000	1717.0072
23000000	84000000	2639.0442
24000000	84000000	2992.828
25000000	84000000	2928.2178
26000000	84000000	1964.0153
27000000	84000000	1464.9976
28000000	84000000	1695.6915
29000000	84000000	1708.6724
30000000	84000000	1809.8289
31000000	84000000	1463.7952
32000000	84000000	1437.8646
33000000	84000000	621.2418
34000000	84000000	585.6436
35000000	84000000	651.3609
36000000	84000000	585.97955
37000000	84000000	597.31384
38000000	84000000	1140.9973
39000000	84000000	1861.9832
40000000	84000000	6632.8306
41000000	84000000	2453.3237
42000000	84000000	NaN
43000000	84000000	2225.3464
44000000	84000000	8532.977
45000000	84000000	2206.2603
46000000	84000000	NaN
47000000	84000000	1267.8408
65000000	84000000	NaN
66000000	84000000	3571.1711
67000000	84000000	2821.5674
68000000	84000000	4897.0254
69000000	84000000	2964.4402
70000000	84000000	1781.7124
71000000	84000000	3311.6104
72000000	84000000	5557.002
73000000	84000000	5799.35
74000000	84000000	4595.22
75000000	84000000	4975.7856
76000000	84000000	7585.227
77000000	84000000	7560.956
78000000	84000000	11385.909
79000000	84000000	9494.388
80000000	84000000	17128.893
81000000	84000000	35830.863
82000000	84000000	47963.49
83000000	84000000	136327.4
84000000	84000000	446074.25
0	85000000	1131.685
1000000	85000000	1066.9937
2000000	85000000	1056.665
3000000	85000000	957.18726
4000000	85000000	635.96606
5000000	85000000	456.45566
6000000	85000000	562.48535
7000000	85000000	1190.4548
8000000	85000000	1465.7689
9000000	85000000	1399.8258
10000000	85000000	1743.2517
11000000	85000000	1889.2057
12000000	85000000	1597.051
13000000	85000000	1771.7358
14000000	85000000	1509.1648
15000000	85000000	1471.997
16000000	85000000	2205.1055
17000000	85000000	2167.6006
18000000	85000000	1576.9357
19000000	85000000	1085.6179
20000000	85000000	938.6102
21000000	85000000	1243.3947
22000000	85000000	1808.2798
23000000	85000000	2318.5447
24000000	85000000	2520.7732
25000000	85000000	2525.9963
26000000	85000000	2130.2437
27000000	85000000	1752.3219
28000000	85000000	2019.33
29000000	85000000	1873.4241
30000000	85000000	1803.7344
31000000	85000000	1668.2394
32000000	85000000	1686.6763
33000000	85000000	755.09894
34000000	85000000	718.6285
35000000	85000000	752.27075
36000000	85000000	765.4974
37000000	85000000	762.3081
38000000	85000000	1332.2452
39000000	85000000	1989.9637
40000000	85000000	5997.652
41000000	85000000	2592.2322
42000000	85000000	NaN
43000000	85000000	2517.5774
44000000	85000000	5734.141
45000000	85000000	2685.5535
46000000	85000000	NaN
47000000	85000000	1461.1346
65000000	85000000	NaN
66000000	85000000	3161.799
67000000	85000000	3036.7822
68000000	85000000	3425.9446
69000000	85000000	2785.9294
70000000	85000000	2073.0945
71000000	85000000	3930.5815
72000000	85000000	6555.7173
73000000	85000000	6681.8994
74000000	85000000	5169.2183
75000000	85000000	5672.586
76000000	85000000	8326.7
77000000	85000000	8464.19
78000000	85000000	12859.121
79000000	85000000	11458.741
80000000	85000000	22093.709
81000000	85000000	43260.797
82000000	85000000	47758.492
83000000	85000000	70913.03
84000000	85000000	118204.89
85000000	85000000	388064.56
0	86000000	2052.5322
1000000	86000000	1557.3966
2000000	86000000	1739.3817
3000000	86000000	1537.4639
4000000	86000000	1420.0406
5000000	86000000	1480.1915
6000000	86000000	1795.1561
7000000	86000000	1516.3958
8000000	86000000	1022.52216
9000000	86000000	1045.0682
10000000	86000000	1001.52936
11000000	86000000	999.16614
12000000	86000000	1070.2258
13000000	86000000	1102.7463
14000000	86000000	1500.0146
15000000	86000000	2005.6609
16000000	86000000	1647.942
17000000	86000000	1208.0981
18000000	86000000	1469.8467
19000000	86000000	1909.7137
20000000	86000000	1917.8516
21000000	86000000	1812.1702
22000000	86000000	1421.5073
23000000	86000000	1250.8544
24000000	86000000	1135.4141
25000000	86000000	1203.7869
26000000	86000000	1879.4839
27000000	86000000	2009.3478
28000000	86000000	1247.1515
29000000	86000000	1313.7563
30000000	86000000	1214.7299
31000000	86000000	1473.3735
32000000	86000000	2247.0615
33000000	86000000	2621.5752
34000000	86000000	1963.578
35000000	86000000	2021.4471
36000000	86000000	2452.981
37000000	86000000	2497.8267
38000000	86000000	2294.5562
39000000	86000000	1293.7909
40000000	86000000	3555.3547
41000000	86000000	1865.9349
42000000	86000000	NaN
43000000	86000000	1257.833
44000000	86000000	1854.7793
45000000	86000000	3051.2803
46000000	86000000	NaN
47000000	86000000	1274.2365
65000000	86000000	NaN
66000000	86000000	3523.5742
67000000	86000000	4480.1714
68000000	86000000	3101.1736
69000000	86000000	2707.2383
70000000	86000000	2611.438
71000000	86000000	6819.433
72000000	86000000	6406.3887
73000000	86000000	5836.3447
74000000	86000000	6116.196
75000000	86000000	5697.265
76000000	86000000	4732.3604
77000000	86000000	7546.432
78000000	86000000	7551.0645
79000000	86000000	12940.083
80000000	86000000	17907.855
81000000	86000000	15889.643
82000000	86000000	19814.207
83000000	86000000	13283.641
84000000	86000000	20894.758
85000000	86000000	84525.8
86000000	86000000	465326.75
0	87000000	2121.0942
1000000	87000000	1785.8373
2000000	87000000	1768.0673
3000000	87000000	1606.1158
4000000	87000000	1447.542
5000000	87000000	1406.5974
6000000	87000000	1507.0079
7000000	87000000	1392.7473
8000000	87000000	1066.3494
9000000	87000000	1047.4115
10000000	87000000	1060.5975
11000000	87000000	1089.6157
12000000	87000000	1056.8113
13000000	87000000	1093.5663
14000000	87000000	1325.7004
15000000	87000000	1575.6414
16000000	87000000	1531.4845
17000000	87000000	1191.9052
18000000	87000000	1429.6438
19000000	87000000	1620.7788
20000000	87000000	1653.2769
21000000	87000000	1609.8181
22000000	87000000	1279.3966
23000000	87000000	1220.5348
24000000	87000000	1110.3752
25000000	87000000	1206.19
26000000	87000000	1522.2986
27000000	87000000	1769.2393
28000000	87000000	1353.6189
29000000	87000000	1257.666
30000000	87000000	1210.8228
31000000	87000000	1363.5454
32000000	87000000	1936.8842
33000000	87000000	2230.2683
34000000	87000000	2032.4988
35000000	87000000	2059.2595
36000000	87000000	2594.8086
37000000	87000000	2321.894
38000000	87000000	2479.1204
39000000	87000000	1668.2325
40000000	87000000	3789.0854
41000000	87000000	1374.8362
42000000	87000000	NaN
43000000	87000000	1242.2819
44000000	87000000	2045.8003
45000000	87000000	2639.201
46000000	87000000	NaN
47000000	87000000	625.9119
65000000	87000000	NaN
66000000	87000000	2964.0625
67000000	87000000	3199.457
68000000	87000000	2134.509
69000000	87000000	2068.5938
70000000	87000000	2432.6487
71000000	87000000	5684.854
72000000	87000000	5913.1494
73000000	87000000	5061.7925
74000000	87000000	4629.2817
75000000	87000000	4400.4614
76000000	87000000	4245.519
77000000	87000000	5454.232
78000000	87000000	6582.9805
79000000	87000000	8997.209
80000000	87000000	11122.665
81000000	87000000	9727.594
82000000	87000000	10314.587
83000000	87000000	8259.951
84000000	87000000	11216.129
85000000	87000000	20632.705
86000000	87000000	81719.81
87000000	87000000	493261.5
0	88000000	2451.8516
1000000	88000000	1778.9818
2000000	88000000	1933.3062
3000000	88000000	1763.7147
4000000	88000000	1652.6334
5000000	88000000	1700.023
6000000	88000000	1996.2737
7000000	88000000	1335.0472
8000000	88000000	809.40314
9000000	88000000	921.43964
10000000	88000000	858.78253
11000000	88000000	839.0388
12000000	88000000	971.75745
13000000	88000000	902.4065
14000000	88000000	1285.6832
15000000	88000000	1658.2671
16000000	88000000	1345.2457
17000000	88000000	1016.887
18000000	88000000	1249.0812
19000000	88000000	1821.0339
20000000	88000000	2017.0276
21000000	88000000	1548.9713
22000000	88000000	1100.9556
23000000	88000000	1028.9633
24000000	88000000	880.34296
25000000	88000000	1050.6218
26000000	88000000	1600.7802
27000000	88000000	1725.6973
28000000	88000000	1161.1277
29000000	88000000	1117.2428
30000000	88000000	1040.2507
31000000	88000000	1279.5735
32000000	88000000	2047.1504
33000000	88000000	3134.4976
34000000	88000000	2621.2617
35000000	88000000	2542.48
36000000	88000000	3258.179
37000000	88000000	2966.801
38000000	88000000	2611.2542
39000000	88000000	1530.7823
40000000	88000000	2025.4052
41000000	88000000	1471.8196
42000000	88000000	NaN
43000000	88000000	1097.7073
44000000	88000000	1712.5808
45000000	88000000	2720.7317
46000000	88000000	NaN
47000000	88000000	992.6887
65000000	88000000	NaN
66000000	88000000	2943.4954
67000000	88000000	3044.58
68000000	88000000	2407.9348
69000000	88000000	1921.5907
70000000	88000000	1922.5365
71000000	88000000	6246.9463
72000000	88000000	5655.3877
73000000	88000000	4528.2886
74000000	88000000	4698.2183
75000000	88000000	4287.794
76000000	88000000	3645.4827
77000000	88000000	5408.4443
78000000	88000000	5089.476
79000000	88000000	8947.6045
80000000	88000000	9650.885
81000000	88000000	6901.462
82000000	88000000	8145.6353
83000000	88000000	5342.2246
84000000	88000000	7195.4136
85000000	88000000	12474.856
86000000	88000000	44516.72
87000000	88000000	114423.68
88000000	88000000	451821.5
0	89000000	2097.304
1000000	89000000	1583.4962
2000000	89000000	1595.0266
3000000	89000000	1447.9142
4000000	89000000	1075.8566
5000000	89000000	790.2522
6000000	89000000	850.7363
7000000	89000000	1254.168
8000000	89000000	1136.4224
9000000	89000000	1022.55743
10000000	89000000	1163.036
11000000	89000000	1201.0388
12000000	89000000	1201.8568
13000000	89000000	1214.9382
14000000	89000000	1366.3983
15000000	89000000	1366.6444
16000000	89000000	1650.446
17000000	89000000	1492.6787
18000000	89000000	1535.8247
19000000	89000000	1334.999
20000000	89000000	1087.0553
21000000	89000000	1314.3016
22000000	89000000	1410.0022
23000000	89000000	1394.9302
24000000	89000000	1361.9122
25000000	89000000	1495.5876
26000000	89000000	1590.385
27000000	89000000	1688.4191
28000000	89000000	1461.9691
29000000	89000000	1331.4733
30000000	89000000	1306.5107
31000000	89000000	1335.3573
32000000	89000000	1953.5902
33000000	89000000	1540.791
34000000	89000000	1634.771
35000000	89000000	1770.1069
36000000	89000000	1805.612
37000000	89000000	1468.4666
38000000	89000000	2285.4692
39000000	89000000	1985.0695
40000000	89000000	3678.37
41000000	89000000	1208.2017
42000000	89000000	NaN
43000000	89000000	1410.4122
44000000	89000000	3027.0833
45000000	89000000	1747.8945
46000000	89000000	NaN
47000000	89000000	1100.0989
65000000	89000000	NaN
66000000	89000000	2189.2031
67000000	89000000	2933.9194
68000000	89000000	1958.2332
69000000	89000000	1659.7977
70000000	89000000	1852.6586
71000000	89000000	4061.9683
72000000	89000000	5813.857
73000000	89000000	5165.8984
74000000	89000000	3769.2126
75000000	89000000	3772.1543
76000000	89000000	4644.8164
77000000	89000000	4887.307
78000000	89000000	7192.598
79000000	89000000	7277.302
80000000	89000000	8721.631
81000000	89000000	8722.574
82000000	89000000	7709.092
83000000	89000000	8033.6895
84000000	89000000	9451.86
85000000	89000000	13157.686
86000000	89000000	15693.742
87000000	89000000	26780.246
88000000	89000000	71351.36
89000000	89000000	448067.47
0	90000000	2014.273
1000000	90000000	1708.6299
2000000	90000000	1630.4183
3000000	90000000	1474.1725
4000000	90000000	1224.5507
5000000	90000000	1146.9882
6000000	90000000	1230.8458
7000000	90000000	1217.4587
8000000	90000000	920.4093
9000000	90000000	925.06195
10000000	90000000	975.95746
11000000	90000000	1081.7084
12000000	90000000	965.8372
13000000	90000000	1033.2932
14000000	90000000	1278.337
15000000	90000000	1450.6371
16000000	90000000	1717.6783
17000000	90000000	1257.6127
18000000	90000000	1300.3229
19000000	90000000	1405.7561
20000000	90000000	1383.3234
21000000	90000000	1333.8635
22000000	90000000	1211.2384
23000000	90000000	1347.8462
24000000	90000000	1348.0065
25000000	90000000	1319.5034
26000000	90000000	1562.533
27000000	90000000	1561.9319
28000000	90000000	1252.3837
29000000	90000000	1161.1896
30000000	90000000	1062.156
31000000	90000000	1196.4952
32000000	90000000	1841.5768
33000000	90000000	1937.6453
34000000	90000000	1947.0653
35000000	90000000	1956.5974
36000000	90000000	2020.1929
37000000	90000000	1958.1921
38000000	90000000	2303.5862
39000000	90000000	1417.7843
40000000	90000000	3107.0088
41000000	90000000	1501.2169
42000000	90000000	NaN
43000000	90000000	1523.5316
44000000	90000000	3104.7908
45000000	90000000	1788.7083
46000000	90000000	NaN
47000000	90000000	989.82184
65000000	90000000	NaN
66000000	90000000	2537.2114
67000000	90000000	2065.1616
68000000	90000000	2449.9805
69000000	90000000	2158.6062
70000000	90000000	1651.8231
71000000	90000000	4474.127
72000000	90000000	5051.5645
73000000	90000000	4416.6704
74000000	90000000	3812.2798
75000000	90000000	3795.3857
76000000	90000000	3590.9856
77000000	90000000	4597.3096
78000000	90000000	5774.6045
79000000	90000000	6874.9087
80000000	90000000	7524.9277
81000000	90000000	6939.412
82000000	90000000	7105.853
83000000	90000000	7154.3086
84000000	90000000	8897.576
85000000	90000000	10588.111
86000000	90000000	13610.692
87000000	90000000	18272.043
88000000	90000000	38619.52
89000000	90000000	137641.77
90000000	90000000	424394.72
0	91000000	2206.5588
1000000	91000000	1700.3542
2000000	91000000	1718.6035
3000000	91000000	1508.7914
4000000	91000000	1206.9971
5000000	91000000	1013.08887
6000000	91000000	1025.2338
7000000	91000000	1213.4121
8000000	91000000	971.9178
9000000	91000000	956.5348
10000000	91000000	1019.3521
11000000	91000000	1136.9094
12000000	91000000	1040.6217
13000000	91000000	1185.1927
14000000	91000000	1328.9768
15000000	91000000	1477.1709
16000000	91000000	1549.6921
17000000	91000000	1403.2305
18000000	91000000	1475.9052
19000000	91000000	1426.9589
20000000	91000000	1239.9408
21000000	91000000	1334.1055
22000000	91000000	1333.834
23000000	91000000	1264.9747
24000000	91000000	1252.4141
25000000	91000000	1360.8253
26000000	91000000	1574.3342
27000000	91000000	1601.7003
28000000	91000000	1371.572
29000000	91000000	1267.5277
30000000	91000000	1163.6211
31000000	91000000	1227.071
32000000	91000000	1952.3097
33000000	91000000	1935.4121
34000000	91000000	2105.2998
35000000	91000000	2176.1267
36000000	91000000	2018.4733
37000000	91000000	1754.9769
38000000	91000000	2379.2869
39000000	91000000	1899.0743
40000000	91000000	2246.9324
41000000	91000000	1572.3248
42000000	91000000	NaN
43000000	91000000	1492.7483
44000000	91000000	3263.6082
45000000	91000000	2661.3054
46000000	91000000	NaN
47000000	91000000	1062.1863
65000000	91000000	NaN
66000000	91000000	2549.1487
67000000	91000000	2023.4346
68000000	91000000	2305.6443
69000000	91000000	2136.7952
70000000	91000000	2299.8994
71000000	91000000	4462.8213
72000000	91000000	5605.872
73000000	91000000	4872.8525
74000000	91000000	3776.143
75000000	91000000	3785.1497
76000000	91000000	3981.954
77000000	91000000	4772.9062
78000000	91000000	6178.157
79000000	91000000	6864.941
80000000	91000000	7873.8687
81000000	91000000	7335.955
82000000	91000000	6798.233
83000000	91000000	6534.0356
84000000	91000000	7615.129
85000000	91000000	9834.352
86000000	91000000	11555.487
87000000	91000000	15404.984
88000000	91000000	22971.428
89000000	91000000	52460.277
90000000	91000000	115320.46
91000000	91000000	411348.7
0	92000000	2012.4363
1000000	92000000	1529.113
2000000	92000000	1536.2072
3000000	92000000	1380.1898
4000000	92000000	1357.8595
5000000	92000000	1534.0392
6000000	92000000	1567.2281
7000000	92000000	946.305
8000000	92000000	528.88605
9000000	92000000	601.8475
10000000	92000000	541.92615
11000000	92000000	489.65775
12000000	92000000	636.73035
13000000	92000000	606.9523
14000000	92000000	863.04944
15000000	92000000	1116.8534
16000000	92000000	1015.83905
17000000	92000000	653.28375
18000000	92000000	882.35065
19000000	92000000	1285.6116
20000000	92000000	1581.459
21000000	92000000	1237.0636
22000000	92000000	746.93024
23000000	92000000	695.8028
24000000	92000000	517.3197
25000000	92000000	622.51886
26000000	92000000	933.7926
27000000	92000000	1202.5011
28000000	92000000	717.66455
29000000	92000000	640.5518
30000000	92000000	632.57623
31000000	92000000	771.3415
32000000	92000000	1404.9795
33000000	92000000	2927.7734
34000000	92000000	2718.5076
35000000	92000000	2786.9143
36000000	92000000	3000.1624
37000000	92000000	2859.098
38000000	92000000	2347.4988
39000000	92000000	960.2605
40000000	92000000	1552.2406
41000000	92000000	923.2732
42000000	92000000	NaN
43000000	92000000	616.9289
44000000	92000000	857.685
45000000	92000000	1459.59
46000000	92000000	NaN
47000000	92000000	395.60663
65000000	92000000	NaN
66000000	92000000	1879.8762
67000000	92000000	1155.5496
68000000	92000000	1389.9127
69000000	92000000	1412.5144
70000000	92000000	1048.923
71000000	92000000	4524.624
72000000	92000000	3564.9592
73000000	92000000	3021.1619
74000000	92000000	3075.0894
75000000	92000000	2755.1848
76000000	92000000	2146.4988
77000000	92000000	3034.2227
78000000	92000000	3121.8894
79000000	92000000	4865.6333
80000000	92000000	4499.875
81000000	92000000	2903.3838
82000000	92000000	3357.09
83000000	92000000	2058.2297
84000000	92000000	2543.0852
85000000	92000000	3262.745
86000000	92000000	7377.147
87000000	92000000	8715.359
88000000	92000000	12851.757
89000000	92000000	14536.596
90000000	92000000	21695.373
91000000	92000000	89060.85
92000000	92000000	538335.0
0	93000000	2235.993
1000000	93000000	1692.1582
2000000	93000000	1653.1375
3000000	93000000	1580.1837
4000000	93000000	1413.3925
5000000	93000000	1280.9364
6000000	93000000	1322.8672
7000000	93000000	1021.25726
8000000	93000000	767.843
9000000	93000000	746.811
10000000	93000000	753.50964
11000000	93000000	642.64014
12000000	93000000	785.8372
13000000	93000000	772.4905
14000000	93000000	995.64685
15000000	93000000	1124.1595
16000000	93000000	1002.7087
17000000	93000000	845.1095
18000000	93000000	1051.6605
19000000	93000000	1211.4827
20000000	93000000	1347.4354
21000000	93000000	1265.6038
22000000	93000000	962.93427
23000000	93000000	797.5099
24000000	93000000	755.54877
25000000	93000000	845.02246
26000000	93000000	1071.2725
27000000	93000000	1345.4707
28000000	93000000	966.0978
29000000	93000000	889.1877
30000000	93000000	870.81744
31000000	93000000	966.41656
32000000	93000000	1536.816
33000000	93000000	2286.4297
34000000	93000000	2629.1228
35000000	93000000	2741.413
36000000	93000000	2867.8967
37000000	93000000	2284.7751
38000000	93000000	2290.7295
39000000	93000000	1226.8059
40000000	93000000	1896.3446
41000000	93000000	1130.4038
42000000	93000000	NaN
43000000	93000000	786.6809
44000000	93000000	1395.4398
45000000	93000000	1383.7534
46000000	93000000	NaN
47000000	93000000	671.25775
65000000	93000000	NaN
66000000	93000000	1898.532
67000000	93000000	2026.0715
68000000	93000000	1499.0233
69000000	93000000	1447.28
70000000	93000000	1980.9865
71000000	93000000	4195.3677
72000000	93000000	4000.8347
73000000	93000000	3519.3716
74000000	93000000	3097.505
75000000	93000000	2829.9282
76000000	93000000	2678.0347
77000000	93000000	3236.3452
78000000	93000000	3977.7488
79000000	93000000	5012.0684
80000000	93000000	4964.517
81000000	93000000	3671.979
82000000	93000000	3524.646
83000000	93000000	2868.1536
84000000	93000000	3345.0063
85000000	93000000	4202.5244
86000000	93000000	6434.639
87000000	93000000	8637.866
88000000	93000000	10554.547
89000000	93000000	14722.209
90000000	93000000	17245.57
91000000	93000000	34917.887
92000000	93000000	110200.25
93000000	93000000	449639.44
0	94000000	2482.6223
1000000	94000000	1657.9851
2000000	94000000	1674.6752
3000000	94000000	1557.4991
4000000	94000000	1371.2975
5000000	94000000	1271.4062
6000000	94000000	1387.2871
7000000	94000000	935.49677
8000000	94000000	635.1126
9000000	94000000	621.36523
10000000	94000000	570.5677
11000000	94000000	572.4726
12000000	94000000	716.48944
13000000	94000000	724.15393
14000000	94000000	897.546
15000000	94000000	1086.9978
16000000	94000000	941.19324
17000000	94000000	763.74475
18000000	94000000	949.88745
19000000	94000000	1283.57
20000000	94000000	1361.3207
21000000	94000000	1137.5774
22000000	94000000	834.94525
23000000	94000000	745.0405
24000000	94000000	663.8189
25000000	94000000	676.2596
26000000	94000000	1021.5625
27000000	94000000	1200.0961
28000000	94000000	827.6711
29000000	94000000	775.14264
30000000	94000000	739.7995
31000000	94000000	870.1517
32000000	94000000	1524.2197
33000000	94000000	2721.4656
34000000	94000000	3139.6082
35000000	94000000	3228.5425
36000000	94000000	3203.7961
37000000	94000000	2404.5725
38000000	94000000	2403.7043
39000000	94000000	1316.4214
40000000	94000000	1591.7192
41000000	94000000	860.68646
42000000	94000000	NaN
43000000	94000000	1071.7933
44000000	94000000	1326.9034
45000000	94000000	1490.233
46000000	94000000	NaN
47000000	94000000	783.6773
65000000	94000000	NaN
66000000	94000000	1836.5608
67000000	94000000	1211.8695
68000000	94000000	1319.3593
69000000	94000000	1164.4104
70000000	94000000	1955.6376
71000000	94000000	4077.7866
72000000	94000000	4021.6052
73000000	94000000	3236.1277
74000000	94000000	2832.098
75000000	94000000	2684.2852
76000000	94000000	2360.2563
77000000	94000000	2989.5063
78000000	94000000	3434.7124
79000000	94000000	4788.567
80000000	94000000	4679.543
81000000	94000000	3279.799
82000000	94000000	3184.4082
83000000	94000000	2478.5657
84000000	94000000	2877.7166
85000000	94000000	3621.6592
86000000	94000000	6197.517
87000000	94000000	7975.1084
88000000	94000000	10540.662
89000000	94000000	12628.487
90000000	94000000	14144.14
91000000	94000000	22642.393
92000000	94000000	42724.37
93000000	94000000	159473.62
94000000	94000000	427960.12
0	95000000	2149.0376
1000000	95000000	1528.5721
2000000	95000000	1544.8972
3000000	95000000	1394.7701
4000000	95000000	1568.6519
5000000	95000000	2037.8402
6000000	95000000	2211.2004
7000000	95000000	801.61786
8000000	95000000	419.44308
9000000	95000000	482.05148
10000000	95000000	378.1844
11000000	95000000	402.35388
12000000	95000000	439.11444
13000000	95000000	545.7801
14000000	95000000	724.4487
15000000	95000000	1092.186
16000000	95000000	763.2618
17000000	95000000	544.91144
18000000	95000000	754.4097
19000000	95000000	1343.3921
20000000	95000000	1720.0686
21000000	95000000	1070.573
22000000	95000000	536.4589
23000000	95000000	566.0726
24000000	95000000	457.4955
25000000	95000000	471.57703
26000000	95000000	880.0688
27000000	95000000	1007.503
28000000	95000000	607.63153
29000000	95000000	573.9434
30000000	95000000	474.6064
31000000	95000000	692.8759
32000000	95000000	1295.8026
33000000	95000000	4020.483
34000000	95000000	4151.253
35000000	95000000	4178.2705
36000000	95000000	4233.062
37000000	95000000	3292.0552
38000000	95000000	2205.831
39000000	95000000	687.80646
40000000	95000000	1215.0652
41000000	95000000	472.36676
42000000	95000000	NaN
43000000	95000000	414.62872
44000000	95000000	563.45123
45000000	95000000	1209.037
46000000	95000000	NaN
47000000	95000000	258.06128
66000000	95000000	2158.2473
67000000	95000000	1381.9404
68000000	95000000	1656.009
69000000	95000000	1228.5447
70000000	95000000	1467.6265
71000000	95000000	4123.1313
72000000	95000000	2881.3713
73000000	95000000	2256.9573
74000000	95000000	2638.6956
75000000	95000000	2328.9717
76000000	95000000	1661.7529
77000000	95000000	2410.6663
78000000	95000000	2143.351
79000000	95000000	3813.068
80000000	95000000	3308.3076
81000000	95000000	1887.2751
82000000	95000000	2378.7288
83000000	95000000	1445.4512
84000000	95000000	1774.6372
85000000	95000000	2238.4302
86000000	95000000	5629.3647
87000000	95000000	5655.256
88000000	95000000	9144.257
89000000	95000000	6077.1426
90000000	95000000	7847.4976
91000000	95000000	10332.251
92000000	95000000	17199.896
93000000	95000000	22498.197
94000000	95000000	98754.59
95000000	95000000	516685.06
0	96000000	2274.5178
1000000	96000000	1585.2139
2000000	96000000	1571.7764
3000000	96000000	1445.2118
4000000	96000000	1371.8839
5000000	96000000	1346.8304
6000000	96000000	1406.3427
7000000	96000000	909.9047
8000000	96000000	657.0822
9000000	96000000	632.66095
10000000	96000000	634.33826
11000000	96000000	678.0125
12000000	96000000	625.7258
13000000	96000000	707.75684
14000000	96000000	887.5462
15000000	96000000	1085.233
16000000	96000000	948.8826
17000000	96000000	762.2589
18000000	96000000	924.77344
19000000	96000000	1146.2039
20000000	96000000	1218.5452
21000000	96000000	1036.1522
22000000	96000000	791.79694
23000000	96000000	772.47784
24000000	96000000	687.4169
25000000	96000000	730.9963
26000000	96000000	1044.7101
27000000	96000000	1127.9178
28000000	96000000	830.24786
29000000	96000000	762.1036
30000000	96000000	658.6572
31000000	96000000	870.27734
32000000	96000000	1534.5468
33000000	96000000	2889.1804
34000000	96000000	3738.1006
35000000	96000000	3871.1838
36000000	96000000	3288.6729
37000000	96000000	2367.4172
38000000	96000000	2126.9346
39000000	96000000	1137.5173
40000000	96000000	1392.0082
41000000	96000000	1127.8806
42000000	96000000	NaN
43000000	96000000	873.5455
44000000	96000000	1360.8685
45000000	96000000	1509.0323
46000000	96000000	NaN
47000000	96000000	513.48224
65000000	96000000	NaN
66000000	96000000	1930.711
67000000	96000000	1431.6836
68000000	96000000	1467.806
69000000	96000000	1157.0603
70000000	96000000	1635.9066
71000000	96000000	3534.2966
72000000	96000000	3713.6436
73000000	96000000	2894.58
74000000	96000000	2588.832
75000000	96000000	2330.448
76000000	96000000	2106.711
77000000	96000000	2802.8872
78000000	96000000	3196.8381
79000000	96000000	4084.2563
80000000	96000000	3992.9238
81000000	96000000	3063.8936
82000000	96000000	2995.7742
83000000	96000000	2499.5044
84000000	96000000	2899.0652
85000000	96000000	3372.2515
86000000	96000000	5323.395
87000000	96000000	6398.411
88000000	96000000	8193.528
89000000	96000000	8734.497
90000000	96000000	9507.129
91000000	96000000	12575.106
92000000	96000000	12895.224
93000000	96000000	17946.188
94000000	96000000	31725.096
95000000	96000000	123150.55
96000000	96000000	481006.3
0	97000000	2055.0298
1000000	97000000	1514.9117
2000000	97000000	1486.5275
3000000	97000000	1350.46
4000000	97000000	1414.3151
5000000	97000000	1693.3568
6000000	97000000	1887.1001
7000000	97000000	875.4555
8000000	97000000	518.7298
9000000	97000000	532.2375
10000000	97000000	470.10345
11000000	97000000	456.5618
12000000	97000000	559.68005
13000000	97000000	568.4203
14000000	97000000	775.2761
15000000	97000000	1050.251
16000000	97000000	786.27997
17000000	97000000	571.2718
18000000	97000000	741.62225
19000000	97000000	1218.939
20000000	97000000	1582.0934
21000000	97000000	1107.9758
22000000	97000000	585.54834
23000000	97000000	578.15155
24000000	97000000	468.58353
25000000	97000000	492.9738
26000000	97000000	934.0809
27000000	97000000	1058.7988
28000000	97000000	648.00696
29000000	97000000	608.26434
30000000	97000000	528.9092
31000000	97000000	685.94116
32000000	97000000	1246.5676
33000000	97000000	3111.798
34000000	97000000	3316.3225
35000000	97000000	3143.9475
36000000	97000000	3564.3435
37000000	97000000	2946.071
38000000	97000000	2032.3688
39000000	97000000	832.2385
40000000	97000000	1169.49
41000000	97000000	491.02097
42000000	97000000	NaN
43000000	97000000	901.4438
44000000	97000000	586.619
45000000	97000000	1256.783
46000000	97000000	NaN
47000000	97000000	99.35273
66000000	97000000	1737.3739
67000000	97000000	1451.0248
68000000	97000000	1351.6228
69000000	97000000	973.33386
70000000	97000000	1557.6537
71000000	97000000	3890.6812
72000000	97000000	2812.3176
73000000	97000000	2310.0344
74000000	97000000	2524.0737
75000000	97000000	2368.7385
76000000	97000000	1689.3663
77000000	97000000	2380.152
78000000	97000000	2234.6646
79000000	97000000	3713.911
80000000	97000000	3246.4202
81000000	97000000	1934.8102
82000000	97000000	2258.4539
83000000	97000000	1348.2865
84000000	97000000	1677.3069
85000000	97000000	2031.3577
86000000	97000000	4703.067
87000000	97000000	4950.2817
88000000	97000000	6825.8726
89000000	97000000	4993.427
90000000	97000000	5961.902
91000000	97000000	6976.78
92000000	97000000	8902.68
93000000	97000000	10550.094
94000000	97000000	15374.3545
95000000	97000000	28065.875
96000000	97000000	75995.86
97000000	97000000	540789.75
0	98000000	1897.9447
1000000	98000000	1519.5775
2000000	98000000	1397.2759
3000000	98000000	1330.212
4000000	98000000	1401.9662
5000000	98000000	1510.1226
6000000	98000000	1570.5107
7000000	98000000	842.5541
8000000	98000000	529.80475
9000000	98000000	545.28235
10000000	98000000	514.92114
11000000	98000000	504.3049
12000000	98000000	527.358
13000000	98000000	523.68726
14000000	98000000	785.0065
15000000	98000000	1004.0134
16000000	98000000	921.9593
17000000	98000000	676.53625
18000000	98000000	795.78723
19000000	98000000	1156.7823
20000000	98000000	1374.4414
21000000	98000000	1097.8993
22000000	98000000	718.7542
23000000	98000000	658.85876
24000000	98000000	560.90643
25000000	98000000	602.93054
26000000	98000000	901.6511
27000000	98000000	976.2495
28000000	98000000	615.1387
29000000	98000000	612.54645
30000000	98000000	587.11615
31000000	98000000	711.50793
32000000	98000000	1262.6742
33000000	98000000	2477.1724
34000000	98000000	3070.7637
35000000	98000000	3013.6152
36000000	98000000	3038.096
37000000	98000000	2322.5525
38000000	98000000	1979.3312
39000000	98000000	858.1727
40000000	98000000	1202.7179
41000000	98000000	594.08466
42000000	98000000	NaN
43000000	98000000	945.80145
44000000	98000000	1006.4012
45000000	98000000	1393.8629
47000000	98000000	450.77457
65000000	98000000	NaN
66000000	98000000	1473.715
67000000	98000000	1514.1965
68000000	98000000	1446.3362
69000000	98000000	1170.5394
70000000	98000000	1662.8826
71000000	98000000	3391.3867
72000000	98000000	2946.2869
73000000	98000000	2360.173
74000000	98000000	2374.8333
75000000	98000000	2055.8499
76000000	98000000	1774.6248
77000000	98000000	2386.9807
78000000	98000000	2369.953
79000000	98000000	3487.6038
80000000	98000000	3404.808
81000000	98000000	2200.2795
82000000	98000000	2411.6575
83000000	98000000	1824.1163
84000000	98000000	2142.004
85000000	98000000	2562.8767
86000000	98000000	4327.8726
87000000	98000000	4941.8384
88000000	98000000	6184.4536
89000000	98000000	5551.629
90000000	98000000	6099.9263
91000000	98000000	7294.844
92000000	98000000	7650.3213
93000000	98000000	9706.119
94000000	98000000	12864.592
95000000	98000000	17114.887
96000000	98000000	33476.42
97000000	98000000	121750.66
98000000	98000000	513248.1
0	99000000	1944.5842
1000000	99000000	1639.1613
2000000	99000000	1492.5867
3000000	99000000	1369.0007
4000000	99000000	1386.3314
5000000	99000000	1590.9515
6000000	99000000	1589.8759
7000000	99000000	864.31006
8000000	99000000	620.69653
9000000	99000000	616.20844
10000000	99000000	694.4477
11000000	99000000	676.7773
12000000	99000000	652.2224
13000000	99000000	667.06805
14000000	99000000	846.99365
15000000	99000000	1035.5775
16000000	99000000	1006.7252
17000000	99000000	756.33813
18000000	99000000	871.06146
19000000	99000000	1161.258
20000000	99000000	1312.0266
21000000	99000000	1035.3167
22000000	99000000	831.64764
23000000	99000000	829.9361
24000000	99000000	730.56335
25000000	99000000	747.4401
26000000	99000000	1033.6505
27000000	99000000	1113.1592
28000000	99000000	768.0615
29000000	99000000	763.9023
30000000	99000000	732.75824
31000000	99000000	832.1952
32000000	99000000	1301.5878
33000000	99000000	2512.8098
34000000	99000000	3044.3896
35000000	99000000	3021.005
36000000	99000000	2843.4922
37000000	99000000	2184.8984
38000000	99000000	1909.2151
39000000	99000000	1042.1067
40000000	99000000	1890.0574
41000000	99000000	1142.2422
42000000	99000000	NaN
43000000	99000000	869.148
44000000	99000000	1525.1066
45000000	99000000	1384.8647
46000000	99000000	NaN
47000000	99000000	547.39
65000000	99000000	NaN
66000000	99000000	2122.5244
67000000	99000000	1838.7374
68000000	99000000	1763.3578
69000000	99000000	1537.7218
70000000	99000000	1514.4688
71000000	99000000	3514.3806
72000000	99000000	3216.3796
73000000	99000000	2577.407
74000000	99000000	2734.7043
75000000	99000000	2381.8296
76000000	99000000	2032.1743
77000000	99000000	2707.45
78000000	99000000	2655.3542
79000000	99000000	3818.9636
80000000	99000000	3696.4167
81000000	99000000	2633.7607
82000000	99000000	2827.531
83000000	99000000	2348.311
84000000	99000000	2654.8796
85000000	99000000	2923.9292
86000000	99000000	4827.799
87000000	99000000	5111.0938
88000000	99000000	6398.957
89000000	99000000	5820.9175
90000000	99000000	6171.5635
91000000	99000000	7451.72
92000000	99000000	6961.299
93000000	99000000	8809.944
94000000	99000000	11444.387
95000000	99000000	14671.051
96000000	99000000	26688.22
97000000	99000000	46588.9
98000000	99000000	122124.516
99000000	99000000	505524.25
0	100000000	2230.4368
1000000	100000000	1583.0746
2000000	100000000	1768.8065
3000000	100000000	1452.6198
4000000	100000000	1756.2225
5000000	100000000	2033.3301
6000000	100000000	2297.8145
7000000	100000000	957.7858
8000000	100000000	482.5398
9000000	100000000	595.1458
10000000	100000000	501.1793
11000000	100000000	463.19742
12000000	100000000	539.05
13000000	100000000	565.7693
14000000	100000000	855.7386
15000000	100000000	1339.7915
16000000	100000000	947.2681
17000000	100000000	657.59644
18000000	100000000	806.5596
19000000	100000000	1448.3546
20000000	100000000	1804.7307
21000000	100000000	1248.7975
22000000	100000000	659.51
23000000	100000000	638.0675
24000000	100000000	466.67426
25000000	100000000	520.8252
26000000	100000000	982.62646
27000000	100000000	1159.5426
28000000	100000000	662.52783
29000000	100000000	655.4588
30000000	100000000	614.3821
31000000	100000000	721.3618
32000000	100000000	1487.241
33000000	100000000	3837.1296
34000000	100000000	3586.4265
35000000	100000000	3456.3574
36000000	100000000	3937.264
37000000	100000000	3476.8225
38000000	100000000	2214.5933
39000000	100000000	682.8784
40000000	100000000	1112.8431
41000000	100000000	1007.7667
42000000	100000000	NaN
43000000	100000000	685.90894
44000000	100000000	869.6298
45000000	100000000	1817.3112
46000000	100000000	NaN
47000000	100000000	458.79883
65000000	100000000	NaN
66000000	100000000	2391.0388
67000000	100000000	1888.3667
68000000	100000000	1654.0854
69000000	100000000	1299.6831
70000000	100000000	1730.9492
71000000	100000000	4745.554
72000000	100000000	3385.47
73000000	100000000	2716.976
74000000	100000000	3092.2275
75000000	100000000	2722.6716
76000000	100000000	1787.7953
77000000	100000000	2946.5657
78000000	100000000	2390.4377
79000000	100000000	4477.095
80000000	100000000	3752.1946
81000000	100000000	2161.6904
82000000	100000000	2725.5723
83000000	100000000	1457.092
84000000	100000000	1892.8639
85000000	100000000	2201.3872
86000000	100000000	5730.614
87000000	100000000	5329.808
88000000	100000000	7684.1846
89000000	100000000	4877.079
90000000	100000000	5902.1055
91000000	100000000	6452.6465
92000000	100000000	8434.249
93000000	100000000	8154.8354
94000000	100000000	10283.156
95000000	100000000	15232.468
96000000	100000000	17477.162
97000000	100000000	22844.084
98000000	100000000	30756.662
99000000	100000000	94677.54
100000000	100000000	502366.3
0	101000000	2209.1475
1000000	101000000	1578.8818
2000000	101000000	1596.7943
3000000	101000000	1463.436
4000000	101000000	1365.9384
5000000	101000000	1364.8289
6000000	101000000	1487.0588
7000000	101000000	1061.3
8000000	101000000	676.096
9000000	101000000	664.2215
10000000	101000000	618.39526
11000000	101000000	610.60284
12000000	101000000	648.24286
13000000	101000000	663.86414
14000000	101000000	931.6739
15000000	101000000	1136.5955
16000000	101000000	1010.6262
17000000	101000000	749.55316
18000000	101000000	970.3547
19000000	101000000	1294.3881
20000000	101000000	1373.398
21000000	101000000	1200.5631
22000000	101000000	794.2359
23000000	101000000	720.2714
24000000	101000000	632.36804
25000000	101000000	648.78595
26000000	101000000	953.7002
27000000	101000000	1278.7441
28000000	101000000	799.69885
29000000	101000000	687.519
30000000	101000000	691.2301
31000000	101000000	828.43225
32000000	101000000	1535.374
33000000	101000000	2634.8542
34000000	101000000	2724.2686
35000000	101000000	2518.7078
36000000	101000000	2993.7324
37000000	101000000	2586.721
38000000	101000000	2345.415
39000000	101000000	1158.3396
40000000	101000000	1116.1636
41000000	101000000	1214.9702
42000000	101000000	NaN
43000000	101000000	1008.2106
44000000	101000000	1129.9467
45000000	101000000	1554.8765
47000000	101000000	355.58414
65000000	101000000	NaN
66000000	101000000	1874.434
67000000	101000000	1615.671
68000000	101000000	1419.8019
69000000	101000000	1109.8922
70000000	101000000	1931.1587
71000000	101000000	4819.599
72000000	101000000	4561.1416
73000000	101000000	3461.566
74000000	101000000	3379.8926
75000000	101000000	2973.431
76000000	101000000	2371.8486
77000000	101000000	3439.7178
78000000	101000000	3747.6711
79000000	101000000	5335.4526
80000000	101000000	4939.2812
81000000	101000000	3166.2756
82000000	101000000	3241.9905
83000000	101000000	2026.1775
84000000	101000000	2648.6345
85000000	101000000	3264.9927
86000000	101000000	5786.55
87000000	101000000	6629.5776
88000000	101000000	6943.1904
89000000	101000000	7095.9277
90000000	101000000	6731.8037
91000000	101000000	7974.4536
92000000	101000000	8010.1807
93000000	101000000	8977.519
94000000	101000000	10317.477
95000000	101000000	9734.441
96000000	101000000	13915.17
97000000	101000000	13080.249
98000000	101000000	16315.266
99000000	101000000	22266.389
100000000	101000000	101586.86
101000000	101000000	449585.75
0	102000000	1834.2588
1000000	102000000	1492.0498
2000000	102000000	1526.3993
3000000	102000000	1443.5686
4000000	102000000	1558.1064
5000000	102000000	1977.8148
6000000	102000000	2181.344
7000000	102000000	1174.9215
8000000	102000000	635.524
9000000	102000000	693.12445
10000000	102000000	643.5323
11000000	102000000	558.3168
12000000	102000000	738.7049
13000000	102000000	677.6534
14000000	102000000	983.06195
15000000	102000000	1329.0038
16000000	102000000	1023.34143
17000000	102000000	723.8764
18000000	102000000	874.4589
19000000	102000000	1526.6255
20000000	102000000	2105.4062
21000000	102000000	1473.5015
22000000	102000000	854.49506
23000000	102000000	843.8624
24000000	102000000	598.1469
25000000	102000000	658.3017
26000000	102000000	1171.9408
27000000	102000000	1348.339
28000000	102000000	770.1224
29000000	102000000	902.95074
30000000	102000000	822.31274
31000000	102000000	926.1745
32000000	102000000	1452.3019
33000000	102000000	2605.2183
34000000	102000000	2014.874
35000000	102000000	1851.3558
36000000	102000000	2642.4958
37000000	102000000	2919.6875
38000000	102000000	1886.6179
39000000	102000000	729.65656
40000000	102000000	1119.129
41000000	102000000	978.90924
42000000	102000000	NaN
43000000	102000000	606.5335
44000000	102000000	855.19354
45000000	102000000	2004.4382
46000000	102000000	NaN
47000000	102000000	356.52887
65000000	102000000	NaN
66000000	102000000	2378.6333
67000000	102000000	1627.1956
68000000	102000000	1996.1813
69000000	102000000	1462.3572
70000000	102000000	1274.115
71000000	102000000	5259.732
72000000	102000000	3547.9087
73000000	102000000	3049.635
74000000	102000000	4068.974
75000000	102000000	3598.3228
76000000	102000000	2397.5627
77000000	102000000	3891.1936
78000000	102000000	2889.1477
79000000	102000000	5408.1777
80000000	102000000	4527.8823
81000000	102000000	2569.1875
82000000	102000000	3280.1816
83000000	102000000	1594.1567
84000000	102000000	2175.764
85000000	102000000	2571.9
86000000	102000000	5668.581
87000000	102000000	4859.7017
88000000	102000000	6309.136
89000000	102000000	3807.8987
90000000	102000000	4821.7607
91000000	102000000	4800.0537
92000000	102000000	5624.709
93000000	102000000	5219.888
94000000	102000000	5981.062
95000000	102000000	7335.8237
96000000	102000000	6523.8145
97000000	102000000	8670.937
98000000	102000000	8248.396
99000000	102000000	10465.891
100000000	102000000	23658.814
101000000	102000000	118532.01
102000000	102000000	538331.8
0	103000000	1646.355
1000000	103000000	1370.4431
2000000	103000000	1535.2731
3000000	103000000	1369.0054
4000000	103000000	1092.649
5000000	103000000	955.48035
6000000	103000000	1129.4562
7000000	103000000	1549.2308
8000000	103000000	1405.6931
9000000	103000000	1503.5509
10000000	103000000	1449.3511
11000000	103000000	1400.3242
12000000	103000000	1461.8165
13000000	103000000	1578.4579
14000000	103000000	1664.4152
15000000	103000000	1651.0673
16000000	103000000	1535.4357
17000000	103000000	1404.7426
18000000	103000000	1581.8217
19000000	103000000	1515.5881
20000000	103000000	1501.7565
21000000	103000000	1628.2153
22000000	103000000	1650.3708
23000000	103000000	1619.5789
24000000	103000000	1422.0015
25000000	103000000	1591.3295
26000000	103000000	1819.2004
27000000	103000000	2016.1072
28000000	103000000	1792.2723
29000000	103000000	1651.0537
30000000	103000000	1564.386
31000000	103000000	1796.1312
32000000	103000000	2065.0657
33000000	103000000	1369.8115
34000000	103000000	1088.4279
35000000	103000000	1107.1799
36000000	103000000	1439.4115
37000000	103000000	1383.2002
38000000	103000000	1740.1223
39000000	103000000	1929.1365
40000000	103000000	3975.9697
41000000	103000000	1912.7933
42000000	103000000	NaN
43000000	103000000	1765.7827
44000000	103000000	2142.3748
45000000	103000000	3041.3628
46000000	103000000	NaN
47000000	103000000	527.77203
65000000	103000000	NaN
66000000	103000000	2511.9233
67000000	103000000	2235.3186
68000000	103000000	1984.6497
69000000	103000000	1756.7075
70000000	103000000	2336.3066
71000000	103000000	4784.191
72000000	103000000	6351.2695
73000000	103000000	6213.6147
74000000	103000000	5448.6304
75000000	103000000	5375.4053
76000000	103000000	6194.615
77000000	103000000	6858.5205
78000000	103000000	7456.144
79000000	103000000	7422.778
80000000	103000000	7829.182
81000000	103000000	6960.8115
82000000	103000000	6267.211
83000000	103000000	5048.5996
84000000	103000000	5526.3594
85000000	103000000	6436.7
86000000	103000000	6696.25
87000000	103000000	6050.5537
88000000	103000000	6282.6753
89000000	103000000	6734.7617
90000000	103000000	6254.851
91000000	103000000	7058.7773
92000000	103000000	4635.4897
93000000	103000000	5381.25
94000000	103000000	5625.986
95000000	103000000	4601.0615
96000000	103000000	6498.733
97000000	103000000	5902.171
98000000	103000000	6631.5864
99000000	103000000	8579.251
100000000	103000000	12545.383
101000000	103000000	42767.11
102000000	103000000	105865.234
103000000	103000000	428327.38
0	104000000	1229.3196
1000000	104000000	1090.3832
2000000	104000000	1169.5027
3000000	104000000	1091.6045
4000000	104000000	713.4636
5000000	104000000	626.1549
6000000	104000000	711.1311
7000000	104000000	1341.9056
8000000	104000000	1494.4214
9000000	104000000	1496.2346
10000000	104000000	1642.1965
11000000	104000000	1611.9225
12000000	104000000	1540.6609
13000000	104000000	1586.8226
14000000	104000000	1554.0083
15000000	104000000	1478.9674
16000000	104000000	1592.0215
17000000	104000000	1687.1084
18000000	104000000	1493.0706
19000000	104000000	1211.6572
20000000	104000000	1068.0997
21000000	104000000	1329.0881
22000000	104000000	1750.0096
23000000	104000000	1770.7876
24000000	104000000	1813.916
25000000	104000000	1948.7524
26000000	104000000	1882.0643
27000000	104000000	1638.4243
28000000	104000000	1850.6428
29000000	104000000	1775.3534
30000000	104000000	1713.7905
31000000	104000000	1635.2764
32000000	104000000	1702.0648
33000000	104000000	839.5252
34000000	104000000	697.2199
35000000	104000000	682.9123
36000000	104000000	820.6898
37000000	104000000	823.3877
38000000	104000000	1315.807
39000000	104000000	1406.3536
40000000	104000000	4479.514
41000000	104000000	2089.7383
42000000	104000000	NaN
43000000	104000000	2158.008
44000000	104000000	2953.233
45000000	104000000	1730.4775
46000000	104000000	NaN
47000000	104000000	951.38043
65000000	104000000	NaN
66000000	104000000	2586.9888
67000000	104000000	2942.4075
68000000	104000000	2413.3171
69000000	104000000	1915.6106
70000000	104000000	1858.0183
71000000	104000000	3787.2864
72000000	104000000	6270.8213
73000000	104000000	6670.418
74000000	104000000	5463.1187
75000000	104000000	5900.74
76000000	104000000	7562.488
77000000	104000000	7684.573
78000000	104000000	8384.329
79000000	104000000	7197.908
80000000	104000000	8351.958
81000000	104000000	8792.337
82000000	104000000	8061.548
83000000	104000000	7861.5615
84000000	104000000	7640.835
85000000	104000000	8375.046
86000000	104000000	6272.755
87000000	104000000	5339.606
88000000	104000000	5215.6055
89000000	104000000	6290.1187
90000000	104000000	5975.576
91000000	104000000	6532.2954
92000000	104000000	3337.2695
93000000	104000000	4181.4873
94000000	104000000	4155.054
95000000	104000000	3175.0803
96000000	104000000	4906.097
97000000	104000000	3706.5225
98000000	104000000	4560.0645
99000000	104000000	6424.9395
100000000	104000000	6773.1865
101000000	104000000	13208.966
102000000	104000000	16653.494
103000000	104000000	96003.36
104000000	104000000	410937.94
0	105000000	782.2896
1000000	105000000	823.23883
2000000	105000000	742.2365
3000000	105000000	781.1157
4000000	105000000	525.6869
5000000	105000000	410.3549
6000000	105000000	448.94208
7000000	105000000	1047.7064
8000000	105000000	1493.216
9000000	105000000	1406.7554
10000000	105000000	1843.9491
11000000	105000000	2285.8232
12000000	105000000	1620.7272
13000000	105000000	1689.0586
14000000	105000000	1187.1504
15000000	105000000	1051.5126
16000000	105000000	1496.6132
17000000	105000000	1863.3158
18000000	105000000	1276.5819
19000000	105000000	816.8948
20000000	105000000	660.6515
21000000	105000000	921.90784
22000000	105000000	1576.4879
23000000	105000000	2061.266
24000000	105000000	2684.4146
25000000	105000000	2624.5745
26000000	105000000	1828.4548
27000000	105000000	1306.8658
28000000	105000000	1749.9183
29000000	105000000	1678.1938
30000000	105000000	1865.4307
31000000	105000000	1502.2056
32000000	105000000	1177.9641
33000000	105000000	455.94333
34000000	105000000	395.45334
35000000	105000000	445.36703
36000000	105000000	427.91922
37000000	105000000	434.1032
38000000	105000000	792.8424
39000000	105000000	1225.9753
40000000	105000000	5523.588
41000000	105000000	1891.4877
42000000	105000000	NaN
43000000	105000000	1188.9535
44000000	105000000	3979.1182
45000000	105000000	2841.6443
47000000	105000000	1422.7269
65000000	105000000	NaN
66000000	105000000	2356.9695
67000000	105000000	2515.306
68000000	105000000	2921.537
69000000	105000000	1484.8452
70000000	105000000	2140.779
71000000	105000000	2496.761
72000000	105000000	4708.834
73000000	105000000	5706.7954
74000000	105000000	4271.36
75000000	105000000	5054.4165
76000000	105000000	7687.2173
77000000	105000000	6229.3794
78000000	105000000	7868.1035
79000000	105000000	5210.308
80000000	105000000	6205.3154
81000000	105000000	8634.99
82000000	105000000	7737.3438
83000000	105000000	11783.63
84000000	105000000	10127.641
85000000	105000000	9157.704
86000000	105000000	4179.035
87000000	105000000	3904.429
88000000	105000000	3253.956
89000000	105000000	5009.495
90000000	105000000	4857.9424
91000000	105000000	4753.6704
92000000	105000000	2104.955
93000000	105000000	2879.2473
94000000	105000000	2690.0244
95000000	105000000	1839.9141
96000000	105000000	3314.9954
97000000	105000000	2156.6624
98000000	105000000	3018.4907
99000000	105000000	4185.979
100000000	105000000	3297.823
101000000	105000000	5135.3413
102000000	105000000	5955.514
103000000	105000000	21411.404
104000000	105000000	98014.766
105000000	105000000	491516.88
0	106000000	828.60284
1000000	106000000	863.3564
2000000	106000000	977.4704
3000000	106000000	906.40485
4000000	106000000	615.7203
5000000	106000000	449.7095
6000000	106000000	571.4458
7000000	106000000	1016.80035
8000000	106000000	1545.5298
9000000	106000000	1411.7893
10000000	106000000	1562.4
11000000	106000000	1709.5343
12000000	106000000	1659.9991
13000000	106000000	1377.7947
14000000	106000000	1201.1498
15000000	106000000	1184.414
16000000	106000000	1360.712
17000000	106000000	1531.9291
18000000	106000000	1254.699
19000000	106000000	967.81616
20000000	106000000	850.84186
21000000	106000000	1081.148
22000000	106000000	1547.7596
23000000	106000000	1759.5721
24000000	106000000	1986.3407
25000000	106000000	2014.7468
26000000	106000000	1635.2124
27000000	106000000	1340.0782
28000000	106000000	1631.9791
29000000	106000000	1532.4598
30000000	106000000	1620.3856
31000000	106000000	1547.7974
32000000	106000000	1298.1797
33000000	106000000	592.8632
34000000	106000000	476.90244
35000000	106000000	473.98218
36000000	106000000	567.1243
37000000	106000000	558.7338
38000000	106000000	832.15515
39000000	106000000	1529.4032
40000000	106000000	4274.0547
41000000	106000000	1794.5006
42000000	106000000	NaN
43000000	106000000	1428.4507
44000000	106000000	2738.467
45000000	106000000	2679.296
46000000	106000000	NaN
47000000	106000000	612.72723
65000000	106000000	NaN
66000000	106000000	2577.7434
67000000	106000000	2286.9019
68000000	106000000	2350.427
69000000	106000000	1703.5876
70000000	106000000	1695.2378
71000000	106000000	2972.7974
72000000	106000000	4845.5854
73000000	106000000	5505.173
74000000	106000000	4452.689
75000000	106000000	5177.008
76000000	106000000	7130.6616
77000000	106000000	6452.862
78000000	106000000	7107.9243
79000000	106000000	5618.8916
80000000	106000000	6377.989
81000000	106000000	7521.7344
82000000	106000000	7121.214
83000000	106000000	8187.9355
84000000	106000000	7463.229
85000000	106000000	7405.8184
86000000	106000000	4526.96
87000000	106000000	3815.8298
88000000	106000000	3608.7458
89000000	106000000	4607.5913
90000000	106000000	4362.327
91000000	106000000	4568.9185
92000000	106000000	2237.7441
93000000	106000000	2903.3923
94000000	106000000	2632.2673
95000000	106000000	2145.1704
96000000	106000000	3152.2512
97000000	106000000	2286.2334
98000000	106000000	2697.7139
99000000	106000000	3765.0015
100000000	106000000	3284.6375
101000000	106000000	4856.469
102000000	106000000	5789.296
103000000	106000000	17879.607
104000000	106000000	55235.605
105000000	106000000	112761.16
106000000	106000000	471047.1
0	107000000	1125.1237
1000000	107000000	992.06757
2000000	107000000	1103.393
3000000	107000000	1085.667
4000000	107000000	797.66144
5000000	107000000	744.34766
6000000	107000000	922.80225
7000000	107000000	1168.2736
8000000	107000000	1143.2439
9000000	107000000	1148.6942
10000000	107000000	1038.65
11000000	107000000	1031.2399
12000000	107000000	1202.3861
13000000	107000000	1131.9781
14000000	107000000	1267.0125
15000000	107000000	1268.3887
16000000	107000000	1118.6211
17000000	107000000	1037.7942
18000000	107000000	1189.2363
19000000	107000000	1101.4893
20000000	107000000	1069.9347
21000000	107000000	1232.9833
22000000	107000000	1278.0483
23000000	107000000	1162.5623
24000000	107000000	1134.9581
25000000	107000000	1269.0929
26000000	107000000	1389.7245
27000000	107000000	1414.8445
28000000	107000000	1352.6833
29000000	107000000	1266.942
30000000	107000000	1288.3557
31000000	107000000	1305.3671
32000000	107000000	1392.3665
33000000	107000000	1051.2682
34000000	107000000	782.04364
35000000	107000000	770.0096
36000000	107000000	1052.9427
37000000	107000000	1077.9026
38000000	107000000	1231.022
39000000	107000000	1171.0425
40000000	107000000	4515.6377
41000000	107000000	1525.4619
42000000	107000000	NaN
43000000	107000000	1462.776
44000000	107000000	1464.4751
45000000	107000000	1743.0652
46000000	107000000	NaN
47000000	107000000	396.8493
65000000	107000000	NaN
66000000	107000000	2345.9119
67000000	107000000	2535.7048
68000000	107000000	1820.8389
69000000	107000000	1744.841
70000000	107000000	1463.9553
71000000	107000000	4212.01
72000000	107000000	5160.9106
73000000	107000000	5276.6157
74000000	107000000	4852.651
75000000	107000000	4928.651
76000000	107000000	5466.2803
77000000	107000000	6123.2217
78000000	107000000	6198.6294
79000000	107000000	6392.7495
80000000	107000000	6828.485
81000000	107000000	6057.1636
82000000	107000000	5825.684
83000000	107000000	4255.0034
84000000	107000000	4673.0835
85000000	107000000	5616.059
86000000	107000000	5566.8027
87000000	107000000	4479.6323
88000000	107000000	4553.4414
89000000	107000000	4570.07
90000000	107000000	4320.7783
91000000	107000000	4741.5903
92000000	107000000	3165.552
93000000	107000000	3507.0166
94000000	107000000	3498.6099
95000000	107000000	2765.3374
96000000	107000000	3626.2964
97000000	107000000	3228.8052
98000000	107000000	3306.4102
99000000	107000000	3941.118
100000000	107000000	4763.1934
101000000	107000000	6804.7354
102000000	107000000	8234.82
103000000	107000000	17635.184
104000000	107000000	42788.184
105000000	107000000	46596.387
106000000	107000000	110034.51
107000000	107000000	416500.88
0	108000000	1293.1499
1000000	108000000	1174.8796
2000000	108000000	1179.7548
3000000	108000000	1161.1277
4000000	108000000	1069.912
5000000	108000000	1225.979
6000000	108000000	1338.7109
7000000	108000000	1145.432
8000000	108000000	880.13947
9000000	108000000	984.3862
10000000	108000000	884.9048
11000000	108000000	878.7032
12000000	108000000	913.3938
13000000	108000000	907.5989
14000000	108000000	1130.9482
15000000	108000000	1304.4109
16000000	108000000	1269.6343
17000000	108000000	1034.5961
18000000	108000000	1028.4355
19000000	108000000	1166.6769
20000000	108000000	1455.6604
21000000	108000000	1289.9055
22000000	108000000	1047.848
23000000	108000000	1090.3435
24000000	108000000	995.4514
25000000	108000000	1030.5963
26000000	108000000	1356.8832
27000000	108000000	1370.2577
28000000	108000000	1025.3882
29000000	108000000	1053.1819
30000000	108000000	1045.5829
31000000	108000000	1122.9762
32000000	108000000	1396.1316
33000000	108000000	1342.3105
34000000	108000000	991.55853
35000000	108000000	926.7341
36000000	108000000	1347.9136
37000000	108000000	1541.5144
38000000	108000000	1429.814
39000000	108000000	686.7416
40000000	108000000	3060.284
41000000	108000000	1284.888
42000000	108000000	NaN
43000000	108000000	1299.221
44000000	108000000	1708.9379
45000000	108000000	1644.3547
46000000	108000000	NaN
47000000	108000000	536.215
65000000	108000000	NaN
66000000	108000000	2446.1094
67000000	108000000	2278.197
68000000	108000000	2120.8787
69000000	108000000	2071.3464
70000000	108000000	1483.5509
71000000	108000000	4632.4497
72000000	108000000	4471.6514
73000000	108000000	4185.535
74000000	108000000	4753.6465
75000000	108000000	4544.9497
76000000	108000000	4113.3047
77000000	108000000	5349.4526
78000000	108000000	4940.2754
79000000	108000000	6141.8047
80000000	108000000	6373.0576
81000000	108000000	4915.2593
82000000	108000000	5290.425
83000000	108000000	3910.4495
84000000	108000000	4449.5044
85000000	108000000	4770.6597
86000000	108000000	5956.206
87000000	108000000	4637.165
88000000	108000000	5023.182
89000000	108000000	4219.55
90000000	108000000	4524.7095
91000000	108000000	4567.0737
92000000	108000000	3444.127
93000000	108000000	3464.012
94000000	108000000	3576.3174
95000000	108000000	3478.3733
96000000	108000000	3567.5017
97000000	108000000	3644.862
98000000	108000000	3696.0823
99000000	108000000	4296.6587
100000000	108000000	5447.3667
101000000	108000000	6909.6367
102000000	108000000	9593.789
103000000	108000000	13190.655
104000000	108000000	20181.496
105000000	108000000	19716.904
106000000	108000000	29197.766
107000000	108000000	128258.12
108000000	108000000	418360.72
0	109000000	1330.1132
1000000	109000000	1290.2642
2000000	109000000	1179.9843
3000000	109000000	1122.1057
4000000	109000000	967.7797
5000000	109000000	919.9836
6000000	109000000	983.4025
7000000	109000000	1165.7476
8000000	109000000	1043.199
9000000	109000000	970.23926
10000000	109000000	966.34406
11000000	109000000	1110.521
12000000	109000000	977.5977
13000000	109000000	1043.8231
14000000	109000000	1087.262
15000000	109000000	1140.4183
16000000	109000000	1301.34
17000000	109000000	1107.1327
18000000	109000000	1050.929
19000000	109000000	1091.0438
20000000	109000000	1173.0833
21000000	109000000	1172.7789
22000000	109000000	1163.4814
23000000	109000000	1223.2059
24000000	109000000	1195.6957
25000000	109000000	1175.5305
26000000	109000000	1338.3429
27000000	109000000	1379.4235
28000000	109000000	1115.88
29000000	109000000	1121.4187
30000000	109000000	1153.4783
31000000	109000000	1185.0197
32000000	109000000	1289.9485
33000000	109000000	1136.7019
34000000	109000000	902.76794
35000000	109000000	883.87915
36000000	109000000	1143.3162
37000000	109000000	1250.3569
38000000	109000000	1333.5187
39000000	109000000	1097.6305
40000000	109000000	3167.1187
41000000	109000000	949.8167
42000000	109000000	NaN
43000000	109000000	1416.778
44000000	109000000	2180.8262
45000000	109000000	1890.8436
47000000	109000000	768.7402
65000000	109000000	NaN
66000000	109000000	2023.7415
67000000	109000000	2175.2856
68000000	109000000	1745.0822
69000000	109000000	1610.5785
70000000	109000000	1417.9202
71000000	109000000	3640.6904
72000000	109000000	4369.499
73000000	109000000	4183.3423
74000000	109000000	4144.5576
75000000	109000000	3905.5674
76000000	109000000	4285.664
77000000	109000000	4785.7017
78000000	109000000	5294.913
79000000	109000000	5193.7114
80000000	109000000	5751.8276
81000000	109000000	5299.9062
82000000	109000000	5225.8354
83000000	109000000	4639.748
84000000	109000000	5047.3945
85000000	109000000	5352.5415
86000000	109000000	4857.5483
87000000	109000000	4485.419
88000000	109000000	4225.5103
89000000	109000000	4642.5977
90000000	109000000	4732.0547
91000000	109000000	4843.6577
92000000	109000000	3143.3315
93000000	109000000	3538.2031
94000000	109000000	3428.5515
95000000	109000000	2840.6611
96000000	109000000	3542.413
97000000	109000000	3118.83
98000000	109000000	3305.8657
99000000	109000000	3931.6187
100000000	109000000	4361.758
101000000	109000000	5978.349
102000000	109000000	6458.713
103000000	109000000	10284.978
104000000	109000000	14154.105
105000000	109000000	15179.036
106000000	109000000	17954.67
107000000	109000000	28313.928
108000000	109000000	115789.18
109000000	109000000	474367.53
0	110000000	1548.704
1000000	110000000	1223.2871
2000000	110000000	1306.6965
3000000	110000000	1158.8058
4000000	110000000	924.0936
5000000	110000000	771.73566
6000000	110000000	854.13446
7000000	110000000	1191.5422
8000000	110000000	1096.802
9000000	110000000	939.043
10000000	110000000	972.5053
11000000	110000000	1085.9286
12000000	110000000	965.88995
13000000	110000000	1054.4135
14000000	110000000	1155.3428
15000000	110000000	1162.3384
16000000	110000000	1346.3147
17000000	110000000	1188.701
18000000	110000000	1145.1199
19000000	110000000	1066.8689
20000000	110000000	981.9123
21000000	110000000	1058.4392
22000000	110000000	1158.7079
23000000	110000000	1153.2195
24000000	110000000	1174.3016
25000000	110000000	1200.9183
26000000	110000000	1247.1367
27000000	110000000	1296.8301
28000000	110000000	1213.2368
29000000	110000000	1112.4336
30000000	110000000	1009.2454
31000000	110000000	1107.4462
32000000	110000000	1458.5623
33000000	110000000	1177.7239
34000000	110000000	1054.021
35000000	110000000	1027.3065
36000000	110000000	1215.0471
37000000	110000000	1137.8726
38000000	110000000	1667.5939
39000000	110000000	1599.4808
40000000	110000000	2101.0955
41000000	110000000	1267.4769
42000000	110000000	NaN
43000000	110000000	1204.1733
44000000	110000000	2444.5593
45000000	110000000	1492.307
46000000	110000000	NaN
47000000	110000000	1107.9077
65000000	110000000	NaN
66000000	110000000	2091.8198
67000000	110000000	1955.1737
68000000	110000000	1729.9957
69000000	110000000	1275.0057
70000000	110000000	1575.202
71000000	110000000	3636.8665
72000000	110000000	5054.9556
73000000	110000000	4615.744
74000000	110000000	3655.881
75000000	110000000	3649.0493
76000000	110000000	4257.2085
77000000	110000000	4851.518
78000000	110000000	6374.4688
79000000	110000000	5988.604
80000000	110000000	6652.6914
81000000	110000000	5842.0425
82000000	110000000	5294.885
83000000	110000000	4774.503
84000000	110000000	5201.492
85000000	110000000	5831.902
86000000	110000000	5240.5024
87000000	110000000	5225.0923
88000000	110000000	4785.2783
89000000	110000000	6092.2295
90000000	110000000	5676.4595
91000000	110000000	6147.7305
92000000	110000000	3680.6597
93000000	110000000	4221.611
94000000	110000000	4231.3574
95000000	110000000	2970.9116
96000000	110000000	4244.3354
97000000	110000000	3194.5027
98000000	110000000	3676.8223
99000000	110000000	4049.2336
100000000	110000000	4527.916
101000000	110000000	7238.865
102000000	110000000	5565.1074
103000000	110000000	10398.901
104000000	110000000	12865.421
105000000	110000000	12473.504
106000000	110000000	13686.605
107000000	110000000	19350.545
108000000	110000000	40980.707
109000000	110000000	97190.66
110000000	110000000	415137.78
0	111000000	1768.6646
1000000	111000000	1292.2244
2000000	111000000	1387.8115
3000000	111000000	1286.7719
4000000	111000000	1004.36707
5000000	111000000	932.00183
6000000	111000000	1107.5286
7000000	111000000	1193.4274
8000000	111000000	929.3356
9000000	111000000	897.50726
10000000	111000000	882.92316
11000000	111000000	911.98846
12000000	111000000	866.86646
13000000	111000000	1000.1669
14000000	111000000	1091.8516
15000000	111000000	1144.3326
16000000	111000000	1168.6804
17000000	111000000	994.9124
18000000	111000000	1052.2891
19000000	111000000	1169.0051
20000000	111000000	1143.2633
21000000	111000000	1078.2194
22000000	111000000	994.05835
23000000	111000000	1002.32526
24000000	111000000	914.31335
25000000	111000000	1017.5028
26000000	111000000	1207.485
27000000	111000000	1297.2152
28000000	111000000	1091.5704
29000000	111000000	1005.1056
30000000	111000000	940.683
31000000	111000000	1044.9049
32000000	111000000	1487.7155
33000000	111000000	1532.0912
34000000	111000000	1391.1857
35000000	111000000	1324.9373
36000000	111000000	1651.6248
37000000	111000000	1555.5149
38000000	111000000	1716.4719
39000000	111000000	1130.7065
40000000	111000000	2047.9253
41000000	111000000	1334.2344
42000000	111000000	NaN
43000000	111000000	1071.6398
44000000	111000000	1652.1144
45000000	111000000	2086.9526
46000000	111000000	NaN
47000000	111000000	359.95703
65000000	111000000	NaN
66000000	111000000	1922.5721
67000000	111000000	1839.9825
68000000	111000000	1455.228
69000000	111000000	1455.1748
70000000	111000000	2033.2882
71000000	111000000	4229.3613
72000000	111000000	4934.462
73000000	111000000	4385.13
74000000	111000000	3705.1035
75000000	111000000	3606.6973
76000000	111000000	3650.051
77000000	111000000	4555.437
78000000	111000000	5486.4424
79000000	111000000	6067.875
80000000	111000000	6031.778
81000000	111000000	4913.6875
82000000	111000000	4565.3364
83000000	111000000	3662.5464
84000000	111000000	4209.832
85000000	111000000	4792.539
86000000	111000000	5415.8623
87000000	111000000	4968.338
88000000	111000000	5307.2456
89000000	111000000	5571.8794
90000000	111000000	5295.744
91000000	111000000	5922.326
92000000	111000000	3993.6511
93000000	111000000	4280.738
94000000	111000000	4648.8936
95000000	111000000	3742.5427
96000000	111000000	4573.0596
97000000	111000000	3965.2158
98000000	111000000	4049.4167
99000000	111000000	4255.1865
100000000	111000000	5492.1035
101000000	111000000	7383.938
102000000	111000000	5986.07
103000000	111000000	9519.169
104000000	111000000	10679.982
105000000	111000000	9662.16
106000000	111000000	11218.556
107000000	111000000	15067.055
108000000	111000000	25612.445
109000000	111000000	39007.89
110000000	111000000	129209.11
111000000	111000000	399884.22
0	112000000	1750.5028
1000000	112000000	1415.2498
2000000	112000000	1427.1483
3000000	112000000	1310.1908
4000000	112000000	1249.062
5000000	112000000	1291.8121
6000000	112000000	1453.3671
7000000	112000000	1113.585
8000000	112000000	738.23883
9000000	112000000	753.93286
10000000	112000000	794.69446
11000000	112000000	637.71796
12000000	112000000	825.70636
13000000	112000000	805.2937
14000000	112000000	1053.0798
15000000	112000000	1195.1646
16000000	112000000	1067.6793
17000000	112000000	759.09875
18000000	112000000	932.8852
19000000	112000000	1252.9441
20000000	112000000	1352.6965
21000000	112000000	1233.0276
22000000	112000000	893.4527
23000000	112000000	831.2329
24000000	112000000	677.0198
25000000	112000000	711.2785
26000000	112000000	1051.3947
27000000	112000000	1309.8914
28000000	112000000	814.76385
29000000	112000000	839.0901
30000000	112000000	810.89
31000000	112000000	913.16864
32000000	112000000	1444.0518
33000000	112000000	1961.6102
34000000	112000000	1762.9648
35000000	112000000	1675.5837
36000000	112000000	2048.4207
37000000	112000000	2050.6672
38000000	112000000	1745.1592
39000000	112000000	836.01355
40000000	112000000	2004.9832
41000000	112000000	1052.263
42000000	112000000	NaN
43000000	112000000	882.8944
44000000	112000000	928.1159
45000000	112000000	1571.091
46000000	112000000	NaN
47000000	112000000	638.7417
65000000	112000000	NaN
66000000	112000000	1881.8398
67000000	112000000	1807.4323
68000000	112000000	1506.3381
69000000	112000000	1178.0107
70000000	112000000	1509.4939
71000000	112000000	4630.862
72000000	112000000	4159.915
73000000	112000000	3520.189
74000000	112000000	3712.1958
75000000	112000000	3509.056
76000000	112000000	2828.3823
77000000	112000000	3949.8254
78000000	112000000	3908.113
79000000	112000000	5534.7817
80000000	112000000	4856.944
81000000	112000000	3308.1501
82000000	112000000	3554.6572
83000000	112000000	2070.8616
84000000	112000000	2620.837
85000000	112000000	3018.8958
86000000	112000000	4944.4995
87000000	112000000	5102.638
88000000	112000000	5048.789
89000000	112000000	4437.0454
90000000	112000000	4486.9663
91000000	112000000	4884.7847
92000000	112000000	4562.2275
93000000	112000000	4680.287
94000000	112000000	4879.2236
95000000	112000000	4303.3057
96000000	112000000	4698.845
97000000	112000000	4373.982
98000000	112000000	4352.9053
99000000	112000000	4632.6753
100000000	112000000	6109.1787
101000000	112000000	7602.545
102000000	112000000	6423.8228
103000000	112000000	6857.6
104000000	112000000	6878.835
105000000	112000000	5483.921
106000000	112000000	6454.0454
107000000	112000000	10126.853
108000000	112000000	13844.979
109000000	112000000	17530.424
110000000	112000000	32382.635
111000000	112000000	108859.68
112000000	112000000	456098.9
0	113000000	1454.3079
1000000	113000000	1685.1576
2000000	113000000	1295.8153
3000000	113000000	1255.7898
4000000	113000000	1381.9829
5000000	113000000	1868.7192
6000000	113000000	1671.7087
7000000	113000000	938.81195
8000000	113000000	727.8072
9000000	113000000	752.78827
10000000	113000000	772.1141
11000000	113000000	810.8532
12000000	113000000	803.3788
13000000	113000000	736.05493
14000000	113000000	939.0462
15000000	113000000	1199.2126
16000000	113000000	1213.2839
17000000	113000000	790.31165
18000000	113000000	816.2887
19000000	113000000	1120.9037
20000000	113000000	1494.4178
21000000	113000000	1113.1715
22000000	113000000	844.6099
23000000	113000000	951.09625
24000000	113000000	810.13794
25000000	113000000	832.2967
26000000	113000000	1021.87494
27000000	113000000	1037.1592
28000000	113000000	863.8376
29000000	113000000	899.2071
30000000	113000000	861.6621
31000000	113000000	923.8358
32000000	113000000	1197.2279
33000000	113000000	1725.969
34000000	113000000	1508.0133
35000000	113000000	1707.8734
36000000	113000000	1744.2748
37000000	113000000	1769.2831
38000000	113000000	1413.7177
39000000	113000000	856.51483
40000000	113000000	1490.6858
41000000	113000000	439.2126
42000000	113000000	NaN
43000000	113000000	538.60394
44000000	113000000	950.0373
45000000	113000000	1334.9612
47000000	113000000	649.8609
65000000	113000000	NaN
66000000	113000000	2082.7795
67000000	113000000	1898.2152
68000000	113000000	1533.3624
69000000	113000000	1958.9308
70000000	113000000	645.42725
71000000	113000000	3377.5845
72000000	113000000	2901.541
73000000	113000000	2692.241
74000000	113000000	3295.8376
75000000	113000000	3050.1384
76000000	113000000	2505.1514
77000000	113000000	3153.6387
78000000	113000000	2907.8882
79000000	113000000	3855.0173
80000000	113000000	3918.8413
81000000	113000000	2693.3157
82000000	113000000	3028.5881
83000000	113000000	2229.347
84000000	113000000	2457.6116
85000000	113000000	2652.3323
86000000	113000000	3879.7908
87000000	113000000	3902.3196
88000000	113000000	4108.509
89000000	113000000	3219.1052
90000000	113000000	3550.666
91000000	113000000	3575.2888
92000000	113000000	3188.2527
93000000	113000000	3550.7214
94000000	113000000	3569.6511
95000000	113000000	3610.3835
96000000	113000000	3734.374
97000000	113000000	3495.3142
98000000	113000000	3783.1157
99000000	113000000	4860.149
100000000	113000000	5095.74
101000000	113000000	4861.9355
102000000	113000000	5143.761
103000000	113000000	5191.8
104000000	113000000	5463.683
105000000	113000000	5472.627
106000000	113000000	5912.3086
107000000	113000000	6843.9062
108000000	113000000	9811.318
109000000	113000000	11546.266
110000000	113000000	13831.547
111000000	113000000	22889.316
112000000	113000000	99987.93
113000000	113000000	538377.4
0	114000000	1529.0787
1000000	114000000	1350.6658
2000000	114000000	1211.1302
3000000	114000000	1127.5704
4000000	114000000	1416.9034
5000000	114000000	1936.072
6000000	114000000	1997.6464
7000000	114000000	787.63446
8000000	114000000	477.7469
9000000	114000000	590.11694
10000000	114000000	534.49255
11000000	114000000	491.85992
12000000	114000000	539.1825
13000000	114000000	535.1923
14000000	114000000	717.14044
15000000	114000000	1112.3871
16000000	114000000	858.51495
17000000	114000000	560.44464
18000000	114000000	637.44476
19000000	114000000	1162.533
20000000	114000000	1500.3345
21000000	114000000	1005.43066
22000000	114000000	621.6472
23000000	114000000	593.1199
24000000	114000000	486.6366
25000000	114000000	533.71606
26000000	114000000	835.2586
27000000	114000000	969.9398
28000000	114000000	540.19336
29000000	114000000	612.5402
30000000	114000000	596.66876
31000000	114000000	673.3972
32000000	114000000	1056.4607
33000000	114000000	2440.1313
34000000	114000000	2028.3629
35000000	114000000	1989.2411
36000000	114000000	2339.6167
37000000	114000000	2380.2827
38000000	114000000	1318.9219
39000000	114000000	686.29614
40000000	114000000	1279.7526
41000000	114000000	471.32956
42000000	114000000	NaN
43000000	114000000	535.40015
44000000	114000000	696.8286
45000000	114000000	1025.4249
46000000	114000000	NaN
47000000	114000000	257.49463
65000000	114000000	NaN
66000000	114000000	2094.7761
67000000	114000000	1065.5183
68000000	114000000	1503.6593
69000000	114000000	1175.1921
70000000	114000000	1029.0405
71000000	114000000	3570.4343
72000000	114000000	2399.6743
73000000	114000000	2041.5808
74000000	114000000	2805.3591
75000000	114000000	2380.1367
76000000	114000000	1613.5096
77000000	114000000	2573.7644
78000000	114000000	1772.0657
79000000	114000000	3617.023
80000000	114000000	3050.9414
81000000	114000000	1692.2451
82000000	114000000	2321.556
83000000	114000000	1252.3651
84000000	114000000	1582.8513
85000000	114000000	1652.5282
86000000	114000000	3951.9631
87000000	114000000	3225.2546
88000000	114000000	4295.7256
89000000	114000000	2387.4707
90000000	114000000	3171.3186
91000000	114000000	2943.1858
92000000	114000000	3374.4705
93000000	114000000	3035.3835
94000000	114000000	3506.1335
95000000	114000000	4678.3228
96000000	114000000	3774.2986
97000000	114000000	4139.4766
98000000	114000000	3836.3203
99000000	114000000	4528.1006
100000000	114000000	5974.119
101000000	114000000	4553.0376
102000000	114000000	5889.4653
103000000	114000000	4024.5
104000000	114000000	3555.52
105000000	114000000	2993.0999
106000000	114000000	3539.8723
107000000	114000000	4919.0835
108000000	114000000	7531.274
109000000	114000000	7152.434
110000000	114000000	8133.496
111000000	114000000	14144.26
112000000	114000000	36545.355
113000000	114000000	122412.92
114000000	114000000	492930.47
0	115000000	1663.2935
1000000	115000000	1297.8353
2000000	115000000	1335.931
3000000	115000000	1198.388
4000000	115000000	1308.1113
5000000	115000000	1544.9307
6000000	115000000	1753.9948
7000000	115000000	903.1102
8000000	115000000	628.8085
9000000	115000000	602.4405
10000000	115000000	638.7162
11000000	115000000	562.11487
12000000	115000000	640.22095
13000000	115000000	678.42426
14000000	115000000	839.85516
15000000	115000000	1184.5095
16000000	115000000	1008.0771
17000000	115000000	706.3251
18000000	115000000	854.0585
19000000	115000000	1193.3093
20000000	115000000	1441.1527
21000000	115000000	1141.7769
22000000	115000000	745.60645
23000000	115000000	718.4189
24000000	115000000	616.809
25000000	115000000	612.378
26000000	115000000	980.766
27000000	115000000	1113.0842
28000000	115000000	726.4288
29000000	115000000	730.9522
30000000	115000000	742.0702
31000000	115000000	772.01495
32000000	115000000	1332.13
33000000	115000000	2235.224
34000000	115000000	2243.5083
35000000	115000000	2087.4404
36000000	115000000	2320.409
37000000	115000000	2195.0312
38000000	115000000	1490.0913
39000000	115000000	820.8801
40000000	115000000	1511.859
41000000	115000000	755.67584
42000000	115000000	NaN
43000000	115000000	806.3751
44000000	115000000	1244.1715
45000000	115000000	1418.3951
46000000	115000000	NaN
47000000	115000000	412.83743
66000000	115000000	2218.0908
67000000	115000000	1674.8334
68000000	115000000	1866.2322
69000000	115000000	1451.0264
70000000	115000000	1819.0608
71000000	115000000	4000.3035
72000000	115000000	2988.047
73000000	115000000	2470.4348
74000000	115000000	2955.5688
75000000	115000000	2619.2188
76000000	115000000	1998.6855
77000000	115000000	3006.9304
78000000	115000000	2658.905
79000000	115000000	4411.544
80000000	115000000	3816.6013
81000000	115000000	2442.1475
82000000	115000000	3108.5913
83000000	115000000	1971.2482
84000000	115000000	2435.3901
85000000	115000000	2538.681
86000000	115000000	4602.383
87000000	115000000	4030.5974
88000000	115000000	5131.126
89000000	115000000	3400.9343
90000000	115000000	3995.4243
91000000	115000000	4042.8376
92000000	115000000	3833.1057
93000000	115000000	3876.8586
94000000	115000000	4352.6997
95000000	115000000	5157.486
96000000	115000000	4882.5312
97000000	115000000	4697.7656
98000000	115000000	4644.6724
99000000	115000000	5632.181
100000000	115000000	6352.317
101000000	115000000	5623.0376
102000000	115000000	5644.1636
103000000	115000000	4894.233
104000000	115000000	4406.9443
105000000	115000000	3735.0276
106000000	115000000	4396.729
107000000	115000000	5554.8154
108000000	115000000	7738.9976
109000000	115000000	7412.603
110000000	115000000	9578.18
111000000	115000000	14185.122
112000000	115000000	22906.783
113000000	115000000	31215.332
114000000	115000000	172063.53
115000000	115000000	477543.28
0	116000000	2016.945
1000000	116000000	1313.4839
2000000	116000000	1435.9608
3000000	116000000	1152.0109
4000000	116000000	1183.5466
5000000	116000000	1120.0652
6000000	116000000	1374.8336
7000000	116000000	995.35236
8000000	116000000	696.3892
9000000	116000000	659.57324
10000000	116000000	620.86145
11000000	116000000	610.4713
12000000	116000000	678.3323
13000000	116000000	745.5526
14000000	116000000	957.62177
15000000	116000000	1096.781
16000000	116000000	1048.8942
17000000	116000000	757.06036
18000000	116000000	960.3691
19000000	116000000	1202.9385
20000000	116000000	1210.909
21000000	116000000	1044.7975
22000000	116000000	727.07324
23000000	116000000	705.5118
24000000	116000000	631.1326
25000000	116000000	665.91943
26000000	116000000	985.4367
27000000	116000000	1223.81
28000000	116000000	778.753
29000000	116000000	731.1846
30000000	116000000	711.1204
31000000	116000000	813.54065
32000000	116000000	1465.0691
33000000	116000000	2218.3562
34000000	116000000	2307.819
35000000	116000000	2139.139
36000000	116000000	2278.4187
37000000	116000000	2103.276
38000000	116000000	1977.308
39000000	116000000	761.4404
40000000	116000000	2134.2976
41000000	116000000	878.5335
42000000	116000000	NaN
43000000	116000000	657.7449
44000000	116000000	1121.7357
45000000	116000000	1461.6115
46000000	116000000	NaN
47000000	116000000	559.9492
65000000	116000000	NaN
66000000	116000000	2104.3228
67000000	116000000	1986.07
68000000	116000000	1416.7706
69000000	116000000	1048.0392
70000000	116000000	1881.1914
71000000	116000000	4297.058
72000000	116000000	4267.4873
73000000	116000000	3362.6033
74000000	116000000	3172.2944
75000000	116000000	2841.8047
76000000	116000000	2378.4163
77000000	116000000	3517.3933
78000000	116000000	3743.8896
79000000	116000000	5179.2256
80000000	116000000	4717.933
81000000	116000000	3204.5322
82000000	116000000	3301.0027
83000000	116000000	2097.3687
84000000	116000000	2558.2812
85000000	116000000	3200.2861
86000000	116000000	5140.7515
87000000	116000000	5203.9453
88000000	116000000	5661.5054
89000000	116000000	5306.849
90000000	116000000	5118.258
91000000	116000000	5991.0215
92000000	116000000	5248.0596
93000000	116000000	5141.7812
94000000	116000000	5768.2373
95000000	116000000	5036.144
96000000	116000000	6046.4033
97000000	116000000	4760.328
98000000	116000000	4856.6333
99000000	116000000	5078.954
100000000	116000000	6632.2866
101000000	116000000	8178.0586
102000000	116000000	5580.8853
103000000	116000000	5842.265
104000000	116000000	5355.6836
105000000	116000000	4002.5425
106000000	116000000	4477.1
107000000	116000000	6290.643
108000000	116000000	7283.789
109000000	116000000	7797.027
110000000	116000000	12039.11
111000000	116000000	15271.399
112000000	116000000	18751.514
113000000	116000000	15489.137
114000000	116000000	24912.305
115000000	116000000	78317.05
116000000	116000000	474782.03
0	117000000	1825.4056
1000000	117000000	1335.5397
2000000	117000000	1321.8806
3000000	117000000	1095.5483
4000000	117000000	1076.6833
5000000	117000000	1144.8441
6000000	117000000	1274.1534
7000000	117000000	968.5237
8000000	117000000	656.3493
9000000	117000000	644.75635
10000000	117000000	595.2182
11000000	117000000	613.4625
12000000	117000000	670.7405
13000000	117000000	694.3034
14000000	117000000	946.5505
15000000	117000000	1130.7163
16000000	117000000	1037.7474
17000000	117000000	774.2927
18000000	117000000	835.52966
19000000	117000000	1132.6738
20000000	117000000	1222.9882
21000000	117000000	1109.0724
22000000	117000000	783.41113
23000000	117000000	774.48535
24000000	117000000	605.83575
25000000	117000000	631.64954
26000000	117000000	982.32336
27000000	117000000	1218.6533
28000000	117000000	769.6893
29000000	117000000	732.5081
30000000	117000000	690.8312
31000000	117000000	862.5602
32000000	117000000	1323.6017
33000000	117000000	1894.6969
34000000	117000000	1790.7072
35000000	117000000	1788.3058
36000000	117000000	1826.1019
37000000	117000000	1881.7798
38000000	117000000	1762.8118
39000000	117000000	1014.7263
40000000	117000000	1930.4873
41000000	117000000	900.59174
42000000	117000000	NaN
43000000	117000000	976.5138
44000000	117000000	922.9463
45000000	117000000	1094.9186
46000000	117000000	NaN
47000000	117000000	615.00903
65000000	117000000	NaN
66000000	117000000	1820.492
67000000	117000000	1197.6096
68000000	117000000	1604.9441
69000000	117000000	1335.6826
70000000	117000000	1966.2366
71000000	117000000	4224.6514
72000000	117000000	3815.2117
73000000	117000000	3427.886
74000000	117000000	3437.6501
75000000	117000000	3061.7644
76000000	117000000	2429.4192
77000000	117000000	3623.4192
78000000	117000000	3569.4915
79000000	117000000	5183.0684
80000000	117000000	4696.0493
81000000	117000000	3029.6772
82000000	117000000	3396.9023
83000000	117000000	1992.7839
84000000	117000000	2581.3599
85000000	117000000	2999.4412
86000000	117000000	5088.438
87000000	117000000	4564.9233
88000000	117000000	4884.3706
89000000	117000000	4221.2407
90000000	117000000	4588.4434
91000000	117000000	4925.0776
92000000	117000000	4641.097
93000000	117000000	4402.461
94000000	117000000	4421.4277
95000000	117000000	3834.5154
96000000	117000000	4209.777
97000000	117000000	3819.2957
98000000	117000000	3729.8442
99000000	117000000	3825.8633
100000000	117000000	5281.0405
101000000	117000000	6240.2705
102000000	117000000	5307.334
103000000	117000000	5536.5664
104000000	117000000	5204.4453
105000000	117000000	3727.2705
106000000	117000000	4393.0156
107000000	117000000	6253.6133
108000000	117000000	7287.799
109000000	117000000	7735.6597
110000000	117000000	9848.74
111000000	117000000	11326.897
112000000	117000000	13198.378
113000000	117000000	9906.011
114000000	117000000	12171.677
115000000	117000000	20165.662
116000000	117000000	92114.42
117000000	117000000	488182.34
0	118000000	1395.6332
1000000	118000000	1225.558
2000000	118000000	1148.0127
3000000	118000000	1162.2894
4000000	118000000	785.69257
5000000	118000000	546.2163
6000000	118000000	649.07153
7000000	118000000	1093.7461
8000000	118000000	1184.1962
9000000	118000000	1142.2136
10000000	118000000	1231.4922
11000000	118000000	1179.6608
12000000	118000000	1235.5375
13000000	118000000	1214.9657
14000000	118000000	1125.8186
15000000	118000000	1049.8489
16000000	118000000	1347.6063
17000000	118000000	1314.5132
18000000	118000000	1199.8566
19000000	118000000	914.15967
20000000	118000000	806.41754
21000000	118000000	997.5195
22000000	118000000	1225.7393
23000000	118000000	1399.0763
24000000	118000000	1409.1703
25000000	118000000	1449.9686
26000000	118000000	1275.6333
27000000	118000000	1315.7283
28000000	118000000	1376.2474
29000000	118000000	1335.1001
30000000	118000000	1260.3501
31000000	118000000	1252.5433
32000000	118000000	1302.562
33000000	118000000	861.19604
34000000	118000000	879.42664
35000000	118000000	923.0174
36000000	118000000	1034.3483
37000000	118000000	827.13025
38000000	118000000	1332.6699
39000000	118000000	1196.0765
40000000	118000000	2757.5984
41000000	118000000	1227.9725
42000000	118000000	NaN
43000000	118000000	1419.0521
44000000	118000000	2406.8782
45000000	118000000	1646.3505
47000000	118000000	1011.6149
65000000	118000000	NaN
66000000	118000000	1594.9369
67000000	118000000	2177.282
68000000	118000000	1578.4958
69000000	118000000	1545.9686
70000000	118000000	1423.9733
71000000	118000000	2943.4907
72000000	118000000	4522.8076
73000000	118000000	4690.7124
74000000	118000000	3390.6787
75000000	118000000	3671.4692
76000000	118000000	4918.946
77000000	118000000	4415.9175
78000000	118000000	6218.1323
79000000	118000000	4923.5264
80000000	118000000	5436.54
81000000	118000000	5699.1274
82000000	118000000	4680.602
83000000	118000000	4806.4854
84000000	118000000	4808.7275
85000000	118000000	5584.3
86000000	118000000	4013.2026
87000000	118000000	4259.0337
88000000	118000000	3719.6672
89000000	118000000	5616.78
90000000	118000000	4632.217
91000000	118000000	5378.8496
92000000	118000000	2887.2363
93000000	118000000	3713.5527
94000000	118000000	3627.47
95000000	118000000	2117.5042
96000000	118000000	3507.065
97000000	118000000	2425.1123
98000000	118000000	2798.296
99000000	118000000	3115.5762
100000000	118000000	2899.484
101000000	118000000	4589.03
102000000	118000000	3182.0393
103000000	118000000	7113.1797
104000000	118000000	8269.907
105000000	118000000	8506.998
106000000	118000000	7928.134
107000000	118000000	7322.0474
108000000	118000000	7393.5166
109000000	118000000	9037.362
110000000	118000000	11904.366
111000000	118000000	11031.095
112000000	118000000	9260.235
113000000	118000000	8491.463
114000000	118000000	6587.515
115000000	118000000	11025.604
116000000	118000000	27826.129
117000000	118000000	109794.836
118000000	118000000	430463.38
0	119000000	1583.5955
1000000	119000000	1267.0331
2000000	119000000	1365.538
3000000	119000000	1142.3046
4000000	119000000	910.6335
5000000	119000000	724.48193
6000000	119000000	836.67664
7000000	119000000	1193.9915
8000000	119000000	1018.6052
9000000	119000000	1028.594
10000000	119000000	949.527
11000000	119000000	985.3863
12000000	119000000	1033.9895
13000000	119000000	1081.6542
14000000	119000000	1206.4016
15000000	119000000	1203.3485
16000000	119000000	1252.4795
17000000	119000000	1083.2084
18000000	119000000	1190.9705
19000000	119000000	1031.8013
20000000	119000000	977.18634
21000000	119000000	1135.7737
22000000	119000000	1201.3993
23000000	119000000	1127.8473
24000000	119000000	1019.63715
25000000	119000000	1137.532
26000000	119000000	1293.242
27000000	119000000	1404.8909
28000000	119000000	1162.0781
29000000	119000000	1022.6592
30000000	119000000	1006.7204
31000000	119000000	1053.2366
32000000	119000000	1423.8132
33000000	119000000	984.41785
34000000	119000000	939.737
35000000	119000000	961.88983
36000000	119000000	1152.3768
37000000	119000000	1089.2385
38000000	119000000	1536.3232
39000000	119000000	1234.6486
40000000	119000000	3206.9226
41000000	119000000	1609.8923
42000000	119000000	NaN
43000000	119000000	1486.1616
44000000	119000000	2073.5862
45000000	119000000	1311.0898
46000000	119000000	NaN
47000000	119000000	1021.6521
65000000	119000000	NaN
66000000	119000000	1816.9506
67000000	119000000	2075.9658
68000000	119000000	1453.7349
69000000	119000000	1489.0095
70000000	119000000	1515.7205
71000000	119000000	3833.9978
72000000	119000000	4939.8335
73000000	119000000	4784.5605
74000000	119000000	3853.6545
75000000	119000000	3777.4326
76000000	119000000	4141.559
77000000	119000000	4828.22
78000000	119000000	6249.742
79000000	119000000	5999.301
80000000	119000000	6362.4917
81000000	119000000	5393.7993
82000000	119000000	4894.848
83000000	119000000	3801.3906
84000000	119000000	4380.8657
85000000	119000000	5294.673
86000000	119000000	4923.965
87000000	119000000	4828.277
88000000	119000000	4469.6562
89000000	119000000	5596.878
90000000	119000000	4975.5186
91000000	119000000	5487.445
92000000	119000000	3458.532
93000000	119000000	3982.7395
94000000	119000000	3909.3213
95000000	119000000	2610.024
96000000	119000000	3616.832
97000000	119000000	2889.6606
98000000	119000000	2981.2537
99000000	119000000	3370.798
100000000	119000000	3449.8967
101000000	119000000	5376.8574
102000000	119000000	4379.4863
103000000	119000000	7728.1636
104000000	119000000	8267.728
105000000	119000000	6739.5605
106000000	119000000	6903.144
107000000	119000000	7859.339
108000000	119000000	8154.4253
109000000	119000000	8894.107
110000000	119000000	12029.352
111000000	119000000	11611.11
112000000	119000000	10120.013
113000000	119000000	7597.207
114000000	119000000	6459.4824
115000000	119000000	10840.393
116000000	119000000	22839.682
117000000	119000000	41850.133
118000000	119000000	123599.695
119000000	119000000	409147.0
0	120000000	1261.0087
1000000	120000000	1069.1055
2000000	120000000	1100.0985
3000000	120000000	1047.9559
4000000	120000000	705.3314
5000000	120000000	482.12213
6000000	120000000	555.3213
7000000	120000000	1043.3032
8000000	120000000	1203.3391
9000000	120000000	1105.9791
10000000	120000000	1102.4546
11000000	120000000	1134.5096
12000000	120000000	1147.4689
13000000	120000000	1253.1786
14000000	120000000	1073.6064
15000000	120000000	1026.3755
16000000	120000000	1157.8357
17000000	120000000	1152.9913
18000000	120000000	1216.3766
19000000	120000000	956.1958
20000000	120000000	748.3527
21000000	120000000	970.93225
22000000	120000000	1195.467
23000000	120000000	1204.3662
24000000	120000000	1167.5288
25000000	120000000	1310.9783
26000000	120000000	1166.0242
27000000	120000000	1247.1337
28000000	120000000	1307.1697
29000000	120000000	1241.1691
30000000	120000000	1163.0372
31000000	120000000	1123.4642
32000000	120000000	1289.1945
33000000	120000000	691.5186
34000000	120000000	693.25073
35000000	120000000	703.4594
36000000	120000000	807.9699
37000000	120000000	707.5032
38000000	120000000	1182.5331
39000000	120000000	1402.0215
40000000	120000000	3130.379
41000000	120000000	1685.023
42000000	120000000	NaN
43000000	120000000	1131.0461
44000000	120000000	1887.2665
45000000	120000000	1653.2659
46000000	120000000	NaN
47000000	120000000	664.8447
65000000	120000000	NaN
66000000	120000000	1555.3298
67000000	120000000	1717.9072
68000000	120000000	1562.1533
69000000	120000000	1110.7047
70000000	120000000	1414.9475
71000000	120000000	2894.4124
72000000	120000000	4770.14
73000000	120000000	4932.4937
74000000	120000000	3490.2615
75000000	120000000	3697.0525
76000000	120000000	5111.3315
77000000	120000000	4847.352
78000000	120000000	6654.736
79000000	120000000	5225.5625
80000000	120000000	5593.6655
81000000	120000000	5859.9556
82000000	120000000	4841.976
83000000	120000000	4630.6494
84000000	120000000	4751.1304
85000000	120000000	5612.0073
86000000	120000000	3842.0327
87000000	120000000	4091.7788
88000000	120000000	3481.2979
89000000	120000000	5451.3833
90000000	120000000	4492.915
91000000	120000000	5022.8955
92000000	120000000	2591.6978
93000000	120000000	3452.8633
94000000	120000000	3148.2383
95000000	120000000	1990.3728
96000000	120000000	3087.459
97000000	120000000	2200.0042
98000000	120000000	2551.686
99000000	120000000	2788.6357
100000000	120000000	2637.9302
101000000	120000000	4334.3237
102000000	120000000	3108.8804
103000000	120000000	7266.9204
104000000	120000000	8398.156
105000000	120000000	8023.65
106000000	120000000	7832.0557
107000000	120000000	7436.059
108000000	120000000	6979.1836
109000000	120000000	8207.027
110000000	120000000	10947.732
111000000	120000000	9801.341
112000000	120000000	7630.22
113000000	120000000	5743.564
114000000	120000000	4306.6284
115000000	120000000	7092.716
116000000	120000000	13975.106
117000000	120000000	17366.39
118000000	120000000	40868.312
119000000	120000000	97135.41
120000000	120000000	409494.06
0	121000000	1200.0258
1000000	121000000	1063.1974
2000000	121000000	1051.3534
3000000	121000000	1055.9244
4000000	121000000	655.92957
5000000	121000000	485.70963
6000000	121000000	436.72345
7000000	121000000	1013.02106
8000000	121000000	1331.0801
9000000	121000000	1236.7
10000000	121000000	1313.5049
11000000	121000000	1370.2787
12000000	121000000	1319.2677
13000000	121000000	1353.2026
14000000	121000000	1091.1154
15000000	121000000	940.5922
16000000	121000000	1250.2517
17000000	121000000	1417.835
18000000	121000000	1193.1224
19000000	121000000	835.7228
20000000	121000000	641.63135
21000000	121000000	892.783
22000000	121000000	1259.8387
23000000	121000000	1474.4553
24000000	121000000	1538.0403
25000000	121000000	1684.5425
26000000	121000000	1353.9691
27000000	121000000	1176.2509
28000000	121000000	1549.5273
29000000	121000000	1423.2439
30000000	121000000	1279.0121
31000000	121000000	1266.8245
32000000	121000000	1196.6255
33000000	121000000	597.7586
34000000	121000000	660.34656
35000000	121000000	718.9493
36000000	121000000	696.2942
37000000	121000000	593.8598
38000000	121000000	1071.2434
39000000	121000000	1491.9562
40000000	121000000	3311.4705
41000000	121000000	1324.1437
42000000	121000000	NaN
43000000	121000000	1196.4768
44000000	121000000	2491.5625
45000000	121000000	1355.6743
46000000	121000000	NaN
47000000	121000000	964.5336
65000000	121000000	NaN
66000000	121000000	1457.5054
67000000	121000000	968.4676
68000000	121000000	1640.2238
69000000	121000000	1124.2384
70000000	121000000	1334.2919
71000000	121000000	2385.8271
72000000	121000000	4268.4985
73000000	121000000	4793.7217
74000000	121000000	3222.123
75000000	121000000	3556.3623
76000000	121000000	5381.468
77000000	121000000	4499.6455
78000000	121000000	6523.1953
79000000	121000000	4387.2686
80000000	121000000	5120.53
81000000	121000000	6096.0024
82000000	121000000	4960.9834
83000000	121000000	6070.447
84000000	121000000	5686.6387
85000000	121000000	5982.384
86000000	121000000	3258.7117
87000000	121000000	3708.665
88000000	121000000	3002.792
89000000	121000000	4730.6133
90000000	121000000	4201.4272
91000000	121000000	4682.8066
92000000	121000000	2304.1345
93000000	121000000	3194.0122
94000000	121000000	3082.8132
95000000	121000000	1722.4635
96000000	121000000	2886.779
97000000	121000000	2010.6146
98000000	121000000	2414.6926
99000000	121000000	2613.5679
100000000	121000000	2294.733
101000000	121000000	3744.1802
102000000	121000000	2725.6287
103000000	121000000	6777.507
104000000	121000000	8621.163
105000000	121000000	9818.7295
106000000	121000000	8835.669
107000000	121000000	6844.2007
108000000	121000000	6569.71
109000000	121000000	8101.2896
110000000	121000000	9720.045
111000000	121000000	8312.12
112000000	121000000	6333.752
113000000	121000000	5424.907
114000000	121000000	3613.9895
115000000	121000000	5884.739
116000000	121000000	10205.073
117000000	121000000	11585.685
118000000	121000000	27369.672
119000000	121000000	33941.344
120000000	121000000	132795.12
121000000	121000000	472602.34
0	122000000	1619.3733
1000000	122000000	1141.3865
2000000	122000000	1194.9158
3000000	122000000	1085.3223
4000000	122000000	773.96423
5000000	122000000	421.49832
6000000	122000000	551.4898
7000000	122000000	1115.1082
8000000	122000000	1115.3481
9000000	122000000	970.317
10000000	122000000	1012.23676
11000000	122000000	1057.6523
12000000	122000000	998.4935
13000000	122000000	1209.284
14000000	122000000	1090.3076
15000000	122000000	1077.0554
16000000	122000000	1211.8333
17000000	122000000	1241.7296
18000000	122000000	1241.0662
19000000	122000000	937.5685
20000000	122000000	702.6656
21000000	122000000	903.8302
22000000	122000000	1111.5247
23000000	122000000	1068.7881
24000000	122000000	1156.1387
25000000	122000000	1203.3232
26000000	122000000	1226.211
27000000	122000000	1277.3574
28000000	122000000	1285.3395
29000000	122000000	1102.3137
30000000	122000000	1063.9858
31000000	122000000	1103.2793
32000000	122000000	1402.4573
33000000	122000000	813.91034
34000000	122000000	863.86914
35000000	122000000	829.8404
36000000	122000000	956.69965
37000000	122000000	798.0757
38000000	122000000	1338.7693
39000000	122000000	1627.5049
40000000	122000000	3238.6384
41000000	122000000	1510.8574
42000000	122000000	NaN
43000000	122000000	1170.1616
44000000	122000000	2075.963
45000000	122000000	1588.2671
46000000	122000000	NaN
47000000	122000000	687.83734
65000000	122000000	NaN
66000000	122000000	1210.2871
67000000	122000000	1578.612
68000000	122000000	1204.3728
69000000	122000000	1171.4211
70000000	122000000	1449.9396
71000000	122000000	3181.6392
72000000	122000000	5153.849
73000000	122000000	5113.298
74000000	122000000	3367.2627
75000000	122000000	3470.2695
76000000	122000000	4631.9067
77000000	122000000	4647.05
78000000	122000000	7149.976
79000000	122000000	5635.754
80000000	122000000	5969.682
81000000	122000000	6038.129
82000000	122000000	4689.636
83000000	122000000	4587.499
84000000	122000000	4755.306
85000000	122000000	5993.015
86000000	122000000	4104.372
87000000	122000000	4738.226
88000000	122000000	3828.367
89000000	122000000	6501.4365
90000000	122000000	5430.364
91000000	122000000	6213.168
92000000	122000000	3069.928
93000000	122000000	4132.197
94000000	122000000	4105.2593
95000000	122000000	2223.8308
96000000	122000000	4059.6929
97000000	122000000	2506.34
98000000	122000000	2939.4453
99000000	122000000	3185.1174
100000000	122000000	2967.704
101000000	122000000	5515.2695
102000000	122000000	3267.0398
103000000	122000000	7771.8916
104000000	122000000	8139.955
105000000	122000000	7250.1045
106000000	122000000	7113.5566
107000000	122000000	6970.4175
108000000	122000000	6592.116
109000000	122000000	7898.561
110000000	122000000	11642.942
111000000	122000000	10675.792
112000000	122000000	7792.322
113000000	122000000	5051.208
114000000	122000000	3646.533
115000000	122000000	6543.605
116000000	122000000	14125.662
117000000	122000000	14360.616
118000000	122000000	26932.234
119000000	122000000	35752.95
120000000	122000000	79285.65
121000000	122000000	111393.44
122000000	122000000	425581.16
0	123000000	2028.514
1000000	123000000	1434.6239
2000000	123000000	1470.673
3000000	123000000	1270.2573
4000000	123000000	1369.2416
5000000	123000000	1578.9105
6000000	123000000	1879.2334
7000000	123000000	1033.0334
8000000	123000000	597.23175
9000000	123000000	570.0368
10000000	123000000	529.1266
11000000	123000000	477.8768
12000000	123000000	614.3507
13000000	123000000	569.0541
14000000	123000000	879.77014
15000000	123000000	1198.1031
16000000	123000000	892.63525
17000000	123000000	675.5734
18000000	123000000	837.55
19000000	123000000	1394.4296
20000000	123000000	1600.2787
21000000	123000000	1195.6055
22000000	123000000	738.0327
23000000	123000000	609.0573
24000000	123000000	490.74606
25000000	123000000	571.6746
26000000	123000000	995.06714
27000000	123000000	1218.6831
28000000	123000000	685.75574
29000000	123000000	701.69977
30000000	123000000	644.00793
31000000	123000000	837.56244
32000000	123000000	1396.4935
33000000	123000000	2885.4724
34000000	123000000	2306.3123
35000000	123000000	2273.882
36000000	123000000	2622.1365
37000000	123000000	2545.4866
38000000	123000000	1868.0804
39000000	123000000	1128.0162
40000000	123000000	1230.8044
41000000	123000000	909.1225
42000000	123000000	NaN
43000000	123000000	667.05817
44000000	123000000	731.5245
45000000	123000000	1653.3425
46000000	123000000	NaN
47000000	123000000	609.9428
65000000	123000000	NaN
66000000	123000000	2033.8323
67000000	123000000	1717.987
68000000	123000000	1599.1786
69000000	123000000	1110.7563
70000000	123000000	1767.893
71000000	123000000	5106.229
72000000	123000000	3883.8696
73000000	123000000	3227.9648
74000000	123000000	3681.7878
75000000	123000000	3283.5925
76000000	123000000	2191.5544
77000000	123000000	3565.6023
78000000	123000000	3096.6013
79000000	123000000	5332.408
80000000	123000000	4332.3438
81000000	123000000	2322.0383
82000000	123000000	2667.1816
83000000	123000000	1266.0238
84000000	123000000	1658.9882
85000000	123000000	2214.594
86000000	123000000	5396.8047
87000000	123000000	4605.408
88000000	123000000	6087.424
89000000	123000000	3621.5723
90000000	123000000	4217.56
91000000	123000000	4491.7705
92000000	123000000	5093.9717
93000000	123000000	4473.233
94000000	123000000	5029.291
95000000	123000000	6360.7505
96000000	123000000	4995.6147
97000000	123000000	5382.0986
98000000	123000000	4580.9424
99000000	123000000	4674.461
100000000	123000000	7343.3516
101000000	123000000	6607.789
102000000	123000000	6897.865
103000000	123000000	5400.0225
104000000	123000000	4168.3926
105000000	123000000	2729.2644
106000000	123000000	3217.992
107000000	123000000	5121.4404
108000000	123000000	6363.2095
109000000	123000000	5360.2456
110000000	123000000	6457.038
111000000	123000000	8263.691
112000000	123000000	8329.258
113000000	123000000	5982.257
114000000	123000000	8096.845
115000000	123000000	9799.614
116000000	123000000	13988.727
117000000	123000000	14588.285
118000000	123000000	10800.977
119000000	123000000	16696.81
120000000	123000000	21055.342
121000000	123000000	20945.664
122000000	123000000	70165.664
123000000	123000000	505394.03
0	124000000	2007.2614
1000000	124000000	1303.0486
2000000	124000000	1341.9779
3000000	124000000	1234.9677
4000000	124000000	1061.3673
5000000	124000000	1060.4318
6000000	124000000	1201.2903
7000000	124000000	792.82263
8000000	124000000	556.1749
9000000	124000000	544.16327
10000000	124000000	428.4079
11000000	124000000	455.5793
12000000	124000000	535.4451
13000000	124000000	557.83826
14000000	124000000	779.5619
15000000	124000000	892.7044
16000000	124000000	731.26855
17000000	124000000	580.6903
18000000	124000000	747.78687
19000000	124000000	979.4126
20000000	124000000	997.27136
21000000	124000000	876.1395
22000000	124000000	559.3187
23000000	124000000	522.5553
24000000	124000000	428.15002
25000000	124000000	512.4804
26000000	124000000	714.10706
27000000	124000000	971.0889
28000000	124000000	647.3018
29000000	124000000	568.87885
30000000	124000000	564.3222
31000000	124000000	678.7463
32000000	124000000	1165.2723
33000000	124000000	2217.2651
34000000	124000000	2534.016
35000000	124000000	2324.6062
36000000	124000000	2477.5867
37000000	124000000	1805.8499
38000000	124000000	1788.1406
39000000	124000000	767.2553
40000000	124000000	1226.3306
41000000	124000000	541.9852
42000000	124000000	NaN
43000000	124000000	699.6142
44000000	124000000	728.4439
45000000	124000000	693.61383
46000000	124000000	NaN
47000000	124000000	370.11868
65000000	124000000	NaN
66000000	124000000	1363.2347
67000000	124000000	900.917
68000000	124000000	1023.92957
69000000	124000000	650.44
70000000	124000000	1517.0529
71000000	124000000	3547.6619
72000000	124000000	3442.0889
73000000	124000000	2705.294
74000000	124000000	2366.8384
75000000	124000000	2267.2979
76000000	124000000	1814.2074
77000000	124000000	2547.0063
78000000	124000000	2820.1836
79000000	124000000	3854.0693
80000000	124000000	3226.0474
81000000	124000000	2072.5356
82000000	124000000	2018.9918
83000000	124000000	1229.4061
84000000	124000000	1482.5242
85000000	124000000	1883.5765
86000000	124000000	3521.2988
87000000	124000000	4183.913
88000000	124000000	4550.3564
89000000	124000000	4144.913
90000000	124000000	4029.7432
91000000	124000000	4680.612
92000000	124000000	4971.6255
93000000	124000000	5351.8833
94000000	124000000	6091.182
95000000	124000000	5602.381
96000000	124000000	6639.3
97000000	124000000	5591.9395
98000000	124000000	5321.4727
99000000	124000000	5105.1274
100000000	124000000	6376.3906
101000000	124000000	7921.867
102000000	124000000	4626.4033
103000000	124000000	4252.67
104000000	124000000	3145.7654
105000000	124000000	2300.6248
106000000	124000000	2553.2393
107000000	124000000	3796.5388
108000000	124000000	3988.1873
109000000	124000000	3899.4187
110000000	124000000	5448.259
111000000	124000000	6315.7783
112000000	124000000	6685.013
113000000	124000000	4475.9893
114000000	124000000	4971.387
115000000	124000000	6627.614
116000000	124000000	11645.553
117000000	124000000	9806.834
118000000	124000000	8128.829
119000000	124000000	10718.972
120000000	124000000	11102.401
121000000	124000000	11002.379
122000000	124000000	21623.424
123000000	124000000	89079.11
124000000	124000000	489912.0
0	125000000	1613.1771
1000000	125000000	1158.4935
2000000	125000000	1245.9521
3000000	125000000	1143.5293
4000000	125000000	1093.2108
5000000	125000000	1225.5012
6000000	125000000	1297.7327
7000000	125000000	767.9158
8000000	125000000	557.9779
9000000	125000000	582.57825
10000000	125000000	525.7504
11000000	125000000	509.948
12000000	125000000	624.7224
13000000	125000000	600.9791
14000000	125000000	747.3678
15000000	125000000	939.84894
16000000	125000000	778.34625
17000000	125000000	593.8721
18000000	125000000	733.19147
19000000	125000000	1025.0319
20000000	125000000	1107.8265
21000000	125000000	866.571
22000000	125000000	631.47974
23000000	125000000	547.1551
24000000	125000000	506.77066
25000000	125000000	541.4446
26000000	125000000	811.0765
27000000	125000000	926.5874
28000000	125000000	670.1946
29000000	125000000	618.2839
30000000	125000000	601.3112
31000000	125000000	697.79205
32000000	125000000	1079.965
33000000	125000000	2111.2222
34000000	125000000	2283.9836
35000000	125000000	2205.114
36000000	125000000	2093.5361
37000000	125000000	1685.1874
38000000	125000000	1280.5634
39000000	125000000	646.9432
40000000	125000000	1555.5825
41000000	125000000	570.18884
42000000	125000000	NaN
43000000	125000000	454.99445
44000000	125000000	505.09454
45000000	125000000	995.0561
46000000	125000000	NaN
47000000	125000000	424.77682
65000000	125000000	NaN
66000000	125000000	1413.8397
67000000	125000000	1171.8236
68000000	125000000	1163.0259
69000000	125000000	679.64496
70000000	125000000	914.07074
71000000	125000000	2993.7808
72000000	125000000	2722.1804
73000000	125000000	2284.7542
74000000	125000000	2425.4424
75000000	125000000	2161.1318
76000000	125000000	1746.6217
77000000	125000000	2353.1248
78000000	125000000	2211.1753
79000000	125000000	3191.202
80000000	125000000	2674.3223
81000000	125000000	1813.6157
82000000	125000000	1802.0205
83000000	125000000	1239.2327
84000000	125000000	1360.7643
85000000	125000000	1626.9331
86000000	125000000	3102.0972
87000000	125000000	3191.7334
88000000	125000000	3931.2578
89000000	125000000	3005.7803
90000000	125000000	3223.3052
91000000	125000000	3620.8013
92000000	125000000	3580.6902
93000000	125000000	3992.7144
94000000	125000000	4575.5566
95000000	125000000	5157.9985
96000000	125000000	5294.1724
97000000	125000000	4625.452
98000000	125000000	4395.926
99000000	125000000	4394.051
100000000	125000000	5532.574
101000000	125000000	5176.155
102000000	125000000	4116.1445
103000000	125000000	3636.5083
104000000	125000000	2968.426
105000000	125000000	2355.3345
106000000	125000000	2510.8694
107000000	125000000	3120.6873
108000000	125000000	3662.3728
109000000	125000000	3399.5723
110000000	125000000	4079.4158
111000000	125000000	4840.831
112000000	125000000	4915.538
113000000	125000000	4169.6846
114000000	125000000	4648.7
115000000	125000000	5869.428
116000000	125000000	7398.18
117000000	125000000	6394.2163
118000000	125000000	5692.6787
119000000	125000000	6977.8623
120000000	125000000	7484.832
121000000	125000000	7761.902
122000000	125000000	12082.706
123000000	125000000	25428.68
124000000	125000000	125369.27
125000000	125000000	507887.9
0	126000000	1343.2325
1000000	126000000	1258.0737
2000000	126000000	1085.5488
3000000	126000000	1045.6536
4000000	126000000	1225.121
5000000	126000000	1512.4529
6000000	126000000	1644.8755
7000000	126000000	671.475
8000000	126000000	379.8653
9000000	126000000	435.906
10000000	126000000	373.2888
11000000	126000000	330.17273
12000000	126000000	427.11288
13000000	126000000	427.3588
14000000	126000000	707.8262
15000000	126000000	913.8461
16000000	126000000	683.4667
17000000	126000000	455.70856
18000000	126000000	574.84564
19000000	126000000	973.9322
20000000	126000000	1260.2612
21000000	126000000	969.2006
22000000	126000000	471.6572
23000000	126000000	413.42413
24000000	126000000	301.79388
25000000	126000000	343.6168
26000000	126000000	676.33545
27000000	126000000	849.5712
28000000	126000000	462.26447
29000000	126000000	466.43347
30000000	126000000	458.41876
31000000	126000000	615.22546
32000000	126000000	854.5684
33000000	126000000	2177.853
34000000	126000000	2108.8726
35000000	126000000	2034.3547
36000000	126000000	2168.8867
37000000	126000000	1916.705
38000000	126000000	1387.396
39000000	126000000	574.49475
40000000	126000000	896.0299
41000000	126000000	268.71875
42000000	126000000	NaN
43000000	126000000	323.74713
44000000	126000000	240.7772
45000000	126000000	1146.323
47000000	126000000	203.89615
65000000	126000000	NaN
66000000	126000000	1432.4077
67000000	126000000	1250.7006
68000000	126000000	957.7672
69000000	126000000	587.22266
70000000	126000000	827.37787
71000000	126000000	3156.7292
72000000	126000000	2004.2494
73000000	126000000	1859.0115
74000000	126000000	2467.7993
75000000	126000000	2170.2856
76000000	126000000	1191.2976
77000000	126000000	2050.748
78000000	126000000	1402.4429
79000000	126000000	2891.6755
80000000	126000000	2265.5552
81000000	126000000	998.3937
82000000	126000000	1231.6577
83000000	126000000	573.4537
84000000	126000000	727.20416
85000000	126000000	841.4701
86000000	126000000	2664.597
87000000	126000000	2867.9844
88000000	126000000	3476.1362
89000000	126000000	1967.7859
90000000	126000000	2304.9521
91000000	126000000	2402.9429
92000000	126000000	3582.4055
93000000	126000000	3576.2861
94000000	126000000	3858.9163
95000000	126000000	4623.4795
96000000	126000000	3699.524
97000000	126000000	4639.241
98000000	126000000	3928.1917
99000000	126000000	3630.6992
100000000	126000000	5178.5225
101000000	126000000	4507.0356
102000000	126000000	4639.014
103000000	126000000	2511.6155
104000000	126000000	1772.8094
105000000	126000000	1125.538
106000000	126000000	1484.9126
107000000	126000000	2433.6982
108000000	126000000	3220.5957
109000000	126000000	2812.523
110000000	126000000	2744.889
111000000	126000000	3539.3264
112000000	126000000	4244.2134
113000000	126000000	4119.701
114000000	126000000	4794.096
115000000	126000000	4767.5474
116000000	126000000	5139.552
117000000	126000000	5110.0884
118000000	126000000	3539.9146
119000000	126000000	4519.324
120000000	126000000	4046.485
121000000	126000000	4089.7505
122000000	126000000	5264.463
123000000	126000000	15009.783
124000000	126000000	29980.055
125000000	126000000	126973.945
126000000	126000000	555531.1
0	127000000	1411.3154
1000000	127000000	1098.368
2000000	127000000	1063.1212
3000000	127000000	906.6922
4000000	127000000	1118.5681
5000000	127000000	1394.1274
6000000	127000000	1482.1371
7000000	127000000	561.47974
8000000	127000000	349.40704
9000000	127000000	371.96097
10000000	127000000	272.17474
11000000	127000000	251.35846
12000000	127000000	336.09644
13000000	127000000	372.21164
14000000	127000000	568.0127
15000000	127000000	804.89496
16000000	127000000	549.8129
17000000	127000000	364.85718
18000000	127000000	521.6272
19000000	127000000	946.91437
20000000	127000000	1118.9056
21000000	127000000	755.57245
22000000	127000000	376.23364
23000000	127000000	325.5578
24000000	127000000	237.80167
25000000	127000000	264.74506
26000000	127000000	565.75867
27000000	127000000	705.37714
28000000	127000000	446.3121
29000000	127000000	372.29114
30000000	127000000	364.7695
31000000	127000000	475.34354
32000000	127000000	767.9855
33000000	127000000	2309.9158
34000000	127000000	2501.941
35000000	127000000	2500.125
36000000	127000000	2524.457
37000000	127000000	1977.8372
38000000	127000000	1240.7113
39000000	127000000	504.34225
40000000	127000000	649.65906
41000000	127000000	272.76523
42000000	127000000	NaN
43000000	127000000	234.73016
44000000	127000000	183.30219
45000000	127000000	639.9716
46000000	127000000	NaN
47000000	127000000	206.96649
65000000	127000000	NaN
66000000	127000000	1132.9695
67000000	127000000	846.3561
68000000	127000000	807.5018
69000000	127000000	439.7203
70000000	127000000	648.96484
71000000	127000000	2672.8816
72000000	127000000	1838.5782
73000000	127000000	1626.0621
74000000	127000000	1896.6935
75000000	127000000	1715.1776
76000000	127000000	966.8028
77000000	127000000	1618.2169
78000000	127000000	1194.2784
79000000	127000000	2332.302
80000000	127000000	1742.3729
81000000	127000000	790.08954
82000000	127000000	1024.3134
83000000	127000000	467.0959
84000000	127000000	608.2041
85000000	127000000	819.5806
86000000	127000000	2431.7617
87000000	127000000	2515.7708
88000000	127000000	3205.0674
89000000	127000000	1790.8124
90000000	127000000	2102.244
91000000	127000000	2175.4014
92000000	127000000	3425.642
93000000	127000000	3257.2964
94000000	127000000	3766.5002
95000000	127000000	5161.656
96000000	127000000	4019.753
97000000	127000000	4853.8506
98000000	127000000	3779.4292
99000000	127000000	3544.305
100000000	127000000	5281.542
101000000	127000000	4071.5955
102000000	127000000	3921.883
103000000	127000000	2099.672
104000000	127000000	1395.5178
105000000	127000000	947.32104
106000000	127000000	1188.2734
107000000	127000000	1909.5968
108000000	127000000	2496.7874
109000000	127000000	2054.2717
110000000	127000000	2293.4626
111000000	127000000	3084.6616
112000000	127000000	3649.3381
113000000	127000000	3230.91
114000000	127000000	4192.6484
115000000	127000000	4304.0225
116000000	127000000	4751.9414
117000000	127000000	4192.2554
118000000	127000000	2791.7815
119000000	127000000	3600.6982
120000000	127000000	3262.7207
121000000	127000000	3186.5452
122000000	127000000	4123.627
123000000	127000000	12494.599
124000000	127000000	18858.537
125000000	127000000	33049.242
126000000	127000000	138509.86
127000000	127000000	541650.06
0	128000000	1405.1309
1000000	128000000	1042.775
2000000	128000000	1010.00323
3000000	128000000	877.0872
4000000	128000000	1029.2161
5000000	128000000	1141.3898
6000000	128000000	1180.6069
7000000	128000000	492.63727
8000000	128000000	320.8742
9000000	128000000	311.8686
10000000	128000000	255.44356
11000000	128000000	233.68413
12000000	128000000	330.76587
13000000	128000000	310.19412
14000000	128000000	465.30307
15000000	128000000	662.9435
16000000	128000000	506.6616
17000000	128000000	382.8326
18000000	128000000	495.2669
19000000	128000000	780.9903
20000000	128000000	843.22546
21000000	128000000	677.0454
22000000	128000000	362.78876
23000000	128000000	270.6351
24000000	128000000	254.22316
25000000	128000000	251.42857
26000000	128000000	506.68744
27000000	128000000	582.53705
28000000	128000000	354.3533
29000000	128000000	337.62866
30000000	128000000	349.95422
31000000	128000000	451.06525
32000000	128000000	693.2039
33000000	128000000	2031.1693
34000000	128000000	2501.7068
35000000	128000000	2354.982
36000000	128000000	2216.2935
37000000	128000000	1690.7987
38000000	128000000	1192.2594
39000000	128000000	449.86224
40000000	128000000	927.17065
41000000	128000000	49.90782
42000000	128000000	NaN
43000000	128000000	463.84433
44000000	128000000	226.38675
45000000	128000000	574.8326
46000000	128000000	NaN
47000000	128000000	227.2118
66000000	128000000	967.39667
67000000	128000000	730.0433
68000000	128000000	699.86127
69000000	128000000	418.36893
70000000	128000000	963.89764
71000000	128000000	2253.5176
72000000	128000000	1695.0784
73000000	128000000	1525.1787
74000000	128000000	1540.5846
75000000	128000000	1443.4609
76000000	128000000	947.6176
77000000	128000000	1364.2809
78000000	128000000	1220.4181
79000000	128000000	2097.2727
80000000	128000000	1539.5013
81000000	128000000	780.37427
82000000	128000000	875.6216
83000000	128000000	449.10742
84000000	128000000	584.23584
85000000	128000000	772.37695
86000000	128000000	1970.1737
87000000	128000000	2393.182
88000000	128000000	2874.7075
89000000	128000000	1993.6674
90000000	128000000	2165.4407
91000000	128000000	2351.079
92000000	128000000	3185.2185
93000000	128000000	3481.687
94000000	128000000	3754.048
95000000	128000000	4346.026
96000000	128000000	4109.06
97000000	128000000	4341.6562
98000000	128000000	3740.4487
99000000	128000000	3371.8533
100000000	128000000	4467.9766
101000000	128000000	4088.177
102000000	128000000	3122.0383
103000000	128000000	1877.4747
104000000	128000000	1239.6549
105000000	128000000	852.2118
106000000	128000000	1032.0071
107000000	128000000	1644.2604
108000000	128000000	1979.3652
109000000	128000000	1846.6538
110000000	128000000	2268.4753
111000000	128000000	2822.965
112000000	128000000	3268.967
113000000	128000000	2761.0642
114000000	128000000	3361.7056
115000000	128000000	3517.234
116000000	128000000	4295.4473
117000000	128000000	3760.6968
118000000	128000000	2854.3274
119000000	128000000	3335.2727
120000000	128000000	3084.5085
121000000	128000000	3083.4995
122000000	128000000	4113.1543
123000000	128000000	8474.084
124000000	128000000	13208.099
125000000	128000000	15258.023
126000000	128000000	20146.723
127000000	128000000	114397.86
128000000	128000000	584375.9
0	129000000	1320.6525
1000000	129000000	964.65173
2000000	129000000	952.88556
3000000	129000000	835.23285
4000000	129000000	837.61194
5000000	129000000	931.672
6000000	129000000	975.77527
7000000	129000000	405.3988
8000000	129000000	283.60666
9000000	129000000	282.65857
10000000	129000000	218.45526
11000000	129000000	213.3816
12000000	129000000	274.04358
13000000	129000000	295.466
14000000	129000000	411.0868
15000000	129000000	505.5173
16000000	129000000	413.48804
17000000	129000000	288.8412
18000000	129000000	386.47235
19000000	129000000	596.91736
20000000	129000000	687.2994
21000000	129000000	506.63205
22000000	129000000	281.9635
23000000	129000000	272.66006
24000000	129000000	211.48471
25000000	129000000	215.02165
26000000	129000000	367.9113
27000000	129000000	469.27045
28000000	129000000	306.8582
29000000	129000000	295.20987
30000000	129000000	287.21924
31000000	129000000	328.5595
32000000	129000000	566.2092
33000000	129000000	1674.1968
34000000	129000000	2510.0396
35000000	129000000	2619.548
36000000	129000000	2245.2334
37000000	129000000	1514.7281
38000000	129000000	1069.3622
39000000	129000000	447.13318
40000000	129000000	526.5977
41000000	129000000	368.4947
42000000	129000000	NaN
43000000	129000000	428.09967
44000000	129000000	286.32657
45000000	129000000	530.53503
46000000	129000000	NaN
47000000	129000000	167.76198
65000000	129000000	NaN
66000000	129000000	758.9203
67000000	129000000	612.5317
68000000	129000000	586.7186
69000000	129000000	326.7243
70000000	129000000	734.90186
71000000	129000000	1725.8807
72000000	129000000	1467.5397
73000000	129000000	1198.743
74000000	129000000	1184.7681
75000000	129000000	1070.9747
76000000	129000000	792.3829
77000000	129000000	1037.211
78000000	129000000	1030.9419
79000000	129000000	1568.8385
80000000	129000000	1327.3674
81000000	129000000	703.20465
82000000	129000000	689.9608
83000000	129000000	459.86642
84000000	129000000	543.69214
85000000	129000000	716.1913
86000000	129000000	1521.4755
87000000	129000000	2030.334
88000000	129000000	2320.3337
89000000	129000000	1984.0839
90000000	129000000	1972.6943
91000000	129000000	2374.7637
92000000	129000000	3115.8376
93000000	129000000	3377.3708
94000000	129000000	3812.8716
95000000	129000000	4272.736
96000000	129000000	4608.9263
97000000	129000000	3979.8118
98000000	129000000	3737.769
99000000	129000000	3525.3774
100000000	129000000	4150.275
101000000	129000000	3964.8105
102000000	129000000	2412.0066
103000000	129000000	1653.7097
104000000	129000000	1236.286
105000000	129000000	856.5275
106000000	129000000	948.4386
107000000	129000000	1348.2799
108000000	129000000	1543.3331
109000000	129000000	1645.8964
110000000	129000000	2039.5577
111000000	129000000	2469.2437
112000000	129000000	3076.8748
113000000	129000000	2589.0825
114000000	129000000	2914.183
115000000	129000000	3373.4514
116000000	129000000	4437.957
117000000	129000000	3630.2625
118000000	129000000	2819.998
119000000	129000000	3092.0903
120000000	129000000	3088.092
121000000	129000000	3057.845
122000000	129000000	4242.283
123000000	129000000	7004.0474
124000000	129000000	13026.738
125000000	129000000	12442.988
126000000	129000000	15602.439
127000000	129000000	40205.43
128000000	129000000	143655.6
129000000	129000000	540580.44
0	130000000	915.4202
1000000	130000000	632.2481
2000000	130000000	632.6679
3000000	130000000	536.05585
4000000	130000000	726.7653
5000000	130000000	978.9629
6000000	130000000	1093.3313
7000000	130000000	293.97482
8000000	130000000	213.83385
9000000	130000000	208.37343
10000000	130000000	174.5387
11000000	130000000	134.95901
12000000	130000000	169.46083
13000000	130000000	193.59042
14000000	130000000	249.89334
15000000	130000000	420.70312
16000000	130000000	287.9844
17000000	130000000	188.98106
18000000	130000000	296.27377
19000000	130000000	518.06793
20000000	130000000	633.7951
21000000	130000000	378.3379
22000000	130000000	202.8964
23000000	130000000	182.59724
24000000	130000000	161.62648
25000000	130000000	159.3764
26000000	130000000	271.32846
27000000	130000000	305.09467
28000000	130000000	220.81021
29000000	130000000	203.30171
30000000	130000000	203.37495
31000000	130000000	218.96194
32000000	130000000	393.4293
33000000	130000000	1788.6167
34000000	130000000	2561.766
35000000	130000000	2939.125
36000000	130000000	2154.5435
37000000	130000000	1586.5367
38000000	130000000	752.37506
39000000	130000000	341.56555
40000000	130000000	255.9891
41000000	130000000	134.34918
42000000	130000000	NaN
43000000	130000000	208.10735
44000000	130000000	233.23521
45000000	130000000	515.8062
47000000	130000000	163.10454
66000000	130000000	669.6463
67000000	130000000	535.9738
68000000	130000000	497.1638
69000000	130000000	288.7761
70000000	130000000	413.65753
71000000	130000000	1140.6649
72000000	130000000	702.9296
73000000	130000000	618.03674
74000000	130000000	719.3151
75000000	130000000	651.3333
76000000	130000000	379.4144
77000000	130000000	637.0487
78000000	130000000	442.60294
79000000	130000000	816.8226
80000000	130000000	646.33203
81000000	130000000	395.85748
82000000	130000000	454.7563
83000000	130000000	240.59167
84000000	130000000	292.60126
85000000	130000000	416.6501
86000000	130000000	1127.977
87000000	130000000	1100.1595
88000000	130000000	1524.2291
89000000	130000000	944.49316
90000000	130000000	1287.0038
91000000	130000000	1539.4454
92000000	130000000	5790.4736
93000000	130000000	2262.4424
94000000	130000000	2319.9617
95000000	130000000	3727.909
96000000	130000000	2768.709
97000000	130000000	2910.591
98000000	130000000	2309.5312
99000000	130000000	2187.887
100000000	130000000	3186.171
101000000	130000000	1960.423
102000000	130000000	1823.066
103000000	130000000	959.1983
104000000	130000000	689.3736
105000000	130000000	449.31693
106000000	130000000	594.11633
107000000	130000000	931.61847
108000000	130000000	1106.732
109000000	130000000	983.4074
110000000	130000000	986.8065
111000000	130000000	1336.9629
112000000	130000000	1822.5123
113000000	130000000	1830.0382
114000000	130000000	2660.5708
115000000	130000000	2506.3286
116000000	130000000	2682.6562
117000000	130000000	2343.129
118000000	130000000	1306.3436
119000000	130000000	1501.2014
120000000	130000000	1430.3625
121000000	130000000	1399.0876
122000000	130000000	1670.355
123000000	130000000	5383.706
124000000	130000000	5500.602
125000000	130000000	6630.162
126000000	130000000	8319.605
127000000	130000000	16169.114
128000000	130000000	21252.938
129000000	130000000	125623.1
130000000	130000000	650329.25
0	131000000	747.8609
1000000	131000000	539.8714
2000000	131000000	504.45905
3000000	131000000	439.15952
4000000	131000000	639.1659
5000000	131000000	872.5174
6000000	131000000	933.3509
7000000	131000000	253.63748
8000000	131000000	186.69978
9000000	131000000	175.87346
10000000	131000000	162.54771
11000000	131000000	112.19784
12000000	131000000	158.69345
13000000	131000000	153.03244
14000000	131000000	202.97386
15000000	131000000	327.57748
16000000	131000000	260.8237
17000000	131000000	183.27573
18000000	131000000	207.5105
19000000	131000000	434.07227
20000000	131000000	521.02094
21000000	131000000	318.94897
22000000	131000000	159.46031
23000000	131000000	172.73686
24000000	131000000	144.06265
25000000	131000000	154.51363
26000000	131000000	248.478
27000000	131000000	261.5575
28000000	131000000	150.6777
29000000	131000000	179.39246
30000000	131000000	170.71667
31000000	131000000	200.73865
32000000	131000000	326.02863
33000000	131000000	1620.0029
34000000	131000000	2114.452
35000000	131000000	2510.965
36000000	131000000	1883.8606
37000000	131000000	1324.9822
38000000	131000000	552.96326
39000000	131000000	312.35562
40000000	131000000	406.5904
41000000	131000000	142.25888
43000000	131000000	122.42194
44000000	131000000	111.53337
45000000	131000000	364.1159
46000000	131000000	NaN
47000000	131000000	43.176796
65000000	131000000	NaN
66000000	131000000	426.7558
67000000	131000000	315.2938
68000000	131000000	432.22995
69000000	131000000	234.42946
70000000	131000000	238.91525
71000000	131000000	816.7612
72000000	131000000	553.48456
73000000	131000000	436.84213
74000000	131000000	616.0952
75000000	131000000	500.15567
76000000	131000000	330.37485
77000000	131000000	461.61905
78000000	131000000	326.9352
79000000	131000000	619.4544
80000000	131000000	513.09875
81000000	131000000	281.39047
82000000	131000000	330.73035
83000000	131000000	208.051
84000000	131000000	279.39838
85000000	131000000	282.38956
86000000	131000000	921.19794
87000000	131000000	756.59033
88000000	131000000	1198.5353
89000000	131000000	559.58813
90000000	131000000	809.1702
91000000	131000000	833.0261
92000000	131000000	1449.3871
93000000	131000000	1111.3591
94000000	131000000	1486.3203
95000000	131000000	3100.6265
96000000	131000000	2000.5814
97000000	131000000	2184.3755
98000000	131000000	1701.9379
99000000	131000000	1556.7267
100000000	131000000	2599.1157
101000000	131000000	1268.4355
102000000	131000000	1402.1929
103000000	131000000	787.54755
104000000	131000000	474.38846
105000000	131000000	376.27008
106000000	131000000	467.9215
107000000	131000000	691.73895
108000000	131000000	848.76404
109000000	131000000	796.93933
110000000	131000000	766.40393
111000000	131000000	1009.52783
112000000	131000000	1358.4896
113000000	131000000	1397.981
114000000	131000000	2144.0422
115000000	131000000	2117.9248
116000000	131000000	2012.852
117000000	131000000	1766.5631
118000000	131000000	1026.2587
119000000	131000000	1109.2483
120000000	131000000	1066.9974
121000000	131000000	1121.4515
122000000	131000000	1265.1765
123000000	131000000	4177.517
124000000	131000000	3548.8103
125000000	131000000	4616.4214
126000000	131000000	5103.5317
127000000	131000000	9459.225
128000000	131000000	9547.482
129000000	131000000	16891.94
130000000	131000000	101333.6
131000000	131000000	655908.75
0	132000000	943.66766
1000000	132000000	663.8207
2000000	132000000	604.0025
3000000	132000000	537.8145
4000000	132000000	645.25793
5000000	132000000	838.8753
6000000	132000000	891.23303
7000000	132000000	291.0789
8000000	132000000	183.65141
9000000	132000000	176.14734
10000000	132000000	164.27434
11000000	132000000	164.968
12000000	132000000	172.42679
13000000	132000000	197.92406
14000000	132000000	247.35179
15000000	132000000	415.83267
16000000	132000000	306.8122
17000000	132000000	195.92007
18000000	132000000	257.96564
19000000	132000000	471.1803
20000000	132000000	559.6174
21000000	132000000	344.05444
22000000	132000000	201.94127
23000000	132000000	175.70908
24000000	132000000	128.92455
25000000	132000000	181.0954
26000000	132000000	261.39462
27000000	132000000	311.95123
28000000	132000000	202.39354
29000000	132000000	193.07172
30000000	132000000	183.29535
31000000	132000000	218.19447
32000000	132000000	394.40277
33000000	132000000	1522.7596
34000000	132000000	2163.125
35000000	132000000	2285.8943
36000000	132000000	1776.6917
37000000	132000000	1296.7262
38000000	132000000	720.83746
39000000	132000000	242.5702
40000000	132000000	399.95172
43000000	132000000	216.76155
44000000	132000000	125.385475
45000000	132000000	298.47562
46000000	132000000	NaN
47000000	132000000	127.41546
66000000	132000000	555.4116
67000000	132000000	310.1458
68000000	132000000	387.01614
69000000	132000000	370.96808
70000000	132000000	430.8596
71000000	132000000	1060.3119
72000000	132000000	652.71387
73000000	132000000	552.0115
74000000	132000000	689.9262
75000000	132000000	577.85535
76000000	132000000	396.1955
77000000	132000000	542.7578
78000000	132000000	443.58224
79000000	132000000	795.0711
80000000	132000000	629.2239
81000000	132000000	368.7876
82000000	132000000	417.19818
83000000	132000000	274.61227
84000000	132000000	311.1185
85000000	132000000	378.25195
86000000	132000000	1007.5501
87000000	132000000	1061.2766
88000000	132000000	1383.2903
89000000	132000000	804.8375
90000000	132000000	1119.582
91000000	132000000	1128.8773
92000000	132000000	1804.6267
93000000	132000000	1614.9436
94000000	132000000	1982.1854
95000000	132000000	3079.0789
96000000	132000000	2582.2769
97000000	132000000	2502.4744
98000000	132000000	2120.4536
99000000	132000000	1954.0227
100000000	132000000	2770.3613
101000000	132000000	1986.7439
102000000	132000000	1612.306
103000000	132000000	826.22894
104000000	132000000	591.9217
105000000	132000000	472.5019
106000000	132000000	542.10925
107000000	132000000	795.21826
108000000	132000000	955.7474
109000000	132000000	989.65393
110000000	132000000	1013.27856
111000000	132000000	1278.3168
112000000	132000000	1721.9669
113000000	132000000	1633.5131
114000000	132000000	2294.728
115000000	132000000	2188.7864
116000000	132000000	2522.0046
117000000	132000000	2094.9958
118000000	132000000	1349.4694
119000000	132000000	1504.234
120000000	132000000	1370.7493
121000000	132000000	1384.8131
122000000	132000000	1619.4989
123000000	132000000	3844.2126
124000000	132000000	4695.6787
125000000	132000000	4477.937
126000000	132000000	4899.5073
127000000	132000000	7343.946
128000000	132000000	8456.259
129000000	132000000	14441.606
130000000	132000000	24904.908
131000000	132000000	148362.38
132000000	132000000	607615.75
0	133000000	947.19965
1000000	133000000	635.8735
2000000	133000000	571.7457
3000000	133000000	488.24948
4000000	133000000	580.94806
5000000	133000000	645.8781
6000000	133000000	648.4341
7000000	133000000	263.71558
8000000	133000000	199.85672
9000000	133000000	148.86815
10000000	133000000	150.59648
11000000	133000000	140.27051
12000000	133000000	174.5182
13000000	133000000	236.85637
14000000	133000000	263.88077
15000000	133000000	331.53482
16000000	133000000	270.66116
17000000	133000000	204.63676
18000000	133000000	276.71887
19000000	133000000	445.48053
20000000	133000000	429.92892
21000000	133000000	313.476
22000000	133000000	205.81354
23000000	133000000	147.86815
24000000	133000000	139.36938
25000000	133000000	149.43457
26000000	133000000	214.43004
27000000	133000000	294.1585
28000000	133000000	198.84375
29000000	133000000	199.60223
30000000	133000000	190.19449
31000000	133000000	232.89769
32000000	133000000	387.5128
33000000	133000000	1325.2584
34000000	133000000	2190.6213
35000000	133000000	2251.994
36000000	133000000	1577.8359
37000000	133000000	1002.81335
38000000	133000000	627.5118
39000000	133000000	397.74078
40000000	133000000	521.6577
41000000	133000000	104.296524
42000000	133000000	NaN
43000000	133000000	161.55568
44000000	133000000	192.74414
45000000	133000000	266.9501
47000000	133000000	189.92937
65000000	133000000	NaN
66000000	133000000	404.32986
67000000	133000000	346.7346
68000000	133000000	371.73358
69000000	133000000	190.55264
70000000	133000000	569.26917
71000000	133000000	981.7279
72000000	133000000	781.0926
73000000	133000000	643.0017
74000000	133000000	661.3614
75000000	133000000	594.1369
76000000	133000000	409.29507
77000000	133000000	611.91626
78000000	133000000	580.04095
79000000	133000000	828.9711
80000000	133000000	725.1257
81000000	133000000	419.64053
82000000	133000000	456.05145
83000000	133000000	282.49503
84000000	133000000	343.7658
85000000	133000000	454.02472
86000000	133000000	1021.77844
87000000	133000000	1206.0027
88000000	133000000	1448.9401
89000000	133000000	1162.492
90000000	133000000	1213.6611
91000000	133000000	1404.0061
92000000	133000000	1812.3658
93000000	133000000	1913.7006
94000000	133000000	2307.396
95000000	133000000	3029.1028
96000000	133000000	3155.8486
97000000	133000000	2557.395
98000000	133000000	2342.5952
99000000	133000000	2149.6062
100000000	133000000	2669.1448
101000000	133000000	2488.5632
102000000	133000000	1424.4954
103000000	133000000	878.4916
104000000	133000000	697.4719
105000000	133000000	511.89386
106000000	133000000	608.35046
107000000	133000000	838.2067
108000000	133000000	942.40845
109000000	133000000	963.566
110000000	133000000	1193.2969
111000000	133000000	1553.8221
112000000	133000000	1760.8306
113000000	133000000	1567.6133
114000000	133000000	1894.3484
115000000	133000000	2074.0974
116000000	133000000	2746.3066
117000000	133000000	2225.7642
118000000	133000000	1742.9745
119000000	133000000	1845.8331
120000000	133000000	1723.1589
121000000	133000000	1687.9149
122000000	133000000	2322.1987
123000000	133000000	3518.3828
124000000	133000000	5833.319
125000000	133000000	4796.926
126000000	133000000	4432.973
127000000	133000000	6331.738
128000000	133000000	8203.63
129000000	133000000	13103.502
130000000	133000000	14332.784
131000000	133000000	28753.402
132000000	133000000	123579.53
133000000	133000000	590893.56
0	134000000	1103.4363
1000000	134000000	721.2249
2000000	134000000	690.8794
3000000	134000000	596.97833
4000000	134000000	655.1459
5000000	134000000	761.647
6000000	134000000	814.34784
7000000	134000000	310.97925
8000000	134000000	214.03781
9000000	134000000	206.75851
10000000	134000000	171.24168
11000000	134000000	173.55374
12000000	134000000	227.6132
13000000	134000000	211.00133
14000000	134000000	312.36096
15000000	134000000	419.91757
16000000	134000000	308.5982
17000000	134000000	225.35428
18000000	134000000	340.1552
19000000	134000000	509.0216
20000000	134000000	539.1383
21000000	134000000	390.9601
22000000	134000000	228.24844
23000000	134000000	187.49463
24000000	134000000	134.76756
25000000	134000000	186.80081
26000000	134000000	322.87964
27000000	134000000	375.28818
28000000	134000000	245.34651
29000000	134000000	235.70671
30000000	134000000	224.08884
31000000	134000000	276.30527
32000000	134000000	446.84012
33000000	134000000	1492.8296
34000000	134000000	2205.375
35000000	134000000	2275.954
36000000	134000000	1661.3971
37000000	134000000	1130.1741
38000000	134000000	784.5943
39000000	134000000	225.47874
40000000	134000000	265.55084
41000000	134000000	278.73483
43000000	134000000	287.8408
44000000	134000000	187.31384
45000000	134000000	356.71512
47000000	134000000	126.89763
66000000	134000000	559.5864
67000000	134000000	432.43945
68000000	134000000	472.3037
69000000	134000000	349.4896
70000000	134000000	390.09866
71000000	134000000	1290.3073
72000000	134000000	923.11786
73000000	134000000	794.20087
74000000	134000000	851.3402
75000000	134000000	770.4242
76000000	134000000	572.39844
77000000	134000000	770.4769
78000000	134000000	632.69135
79000000	134000000	1025.9056
80000000	134000000	761.80096
81000000	134000000	449.09033
82000000	134000000	489.36978
83000000	134000000	241.25902
84000000	134000000	331.53482
85000000	134000000	448.1896
86000000	134000000	1176.4648
87000000	134000000	1362.68
88000000	134000000	1727.47
89000000	134000000	1133.6442
90000000	134000000	1223.6436
91000000	134000000	1407.6075
92000000	134000000	2075.5066
93000000	134000000	2163.479
94000000	134000000	2473.5251
95000000	134000000	3231.9602
96000000	134000000	2767.355
97000000	134000000	2675.9006
98000000	134000000	2333.0693
99000000	134000000	2096.7878
100000000	134000000	2842.7305
101000000	134000000	2277.8052
102000000	134000000	1685.7744
103000000	134000000	987.1294
104000000	134000000	741.9193
105000000	134000000	536.68713
106000000	134000000	603.0649
107000000	134000000	930.0459
108000000	134000000	1018.9676
109000000	134000000	1005.04254
110000000	134000000	1168.7197
111000000	134000000	1596.283
112000000	134000000	1907.91
113000000	134000000	1599.9468
114000000	134000000	2184.585
115000000	134000000	2308.9272
116000000	134000000	2719.422
117000000	134000000	2464.3918
118000000	134000000	1650.7035
119000000	134000000	1731.4127
120000000	134000000	1720.2472
121000000	134000000	1645.2804
122000000	134000000	2053.2712
123000000	134000000	3968.0952
124000000	134000000	5075.3364
125000000	134000000	4481.6304
126000000	134000000	4057.075
127000000	134000000	5972.5513
128000000	134000000	6783.206
129000000	134000000	9924.77
130000000	134000000	11689.518
131000000	134000000	18272.314
132000000	134000000	27608.217
133000000	134000000	118175.0
134000000	134000000	595776.1
0	135000000	1134.7594
1000000	135000000	623.4521
2000000	135000000	608.98303
3000000	135000000	520.5465
4000000	135000000	554.55505
5000000	135000000	687.02014
6000000	135000000	657.94257
7000000	135000000	275.56076
8000000	135000000	204.60002
9000000	135000000	176.5427
10000000	135000000	168.65872
11000000	135000000	139.55208
12000000	135000000	171.79121
13000000	135000000	210.8387
14000000	135000000	246.48424
15000000	135000000	356.3428
16000000	135000000	265.75754
17000000	135000000	219.09193
18000000	135000000	231.02231
19000000	135000000	438.38086
20000000	135000000	422.2533
21000000	135000000	336.8979
22000000	135000000	166.8291
23000000	135000000	164.53943
24000000	135000000	155.33798
25000000	135000000	180.39514
26000000	135000000	275.34177
27000000	135000000	285.85474
28000000	135000000	229.8342
29000000	135000000	203.5533
30000000	135000000	158.88875
31000000	135000000	231.11354
32000000	135000000	396.61438
33000000	135000000	1469.9531
34000000	135000000	2329.5085
35000000	135000000	2430.0034
36000000	135000000	1725.884
37000000	135000000	1009.9357
38000000	135000000	661.99475
39000000	135000000	199.23541
40000000	135000000	410.6262
41000000	135000000	287.3419
42000000	135000000	NaN
43000000	135000000	346.18387
44000000	135000000	144.82343
45000000	135000000	183.86505
46000000	135000000	NaN
47000000	135000000	130.8161
66000000	135000000	358.0547
67000000	135000000	191.05405
68000000	135000000	346.97763
69000000	135000000	195.58138
70000000	135000000	321.7156
71000000	135000000	1019.3112
72000000	135000000	806.8802
73000000	135000000	668.5547
74000000	135000000	677.15515
75000000	135000000	623.4581
76000000	135000000	420.15704
77000000	135000000	594.13165
78000000	135000000	577.409
79000000	135000000	830.95935
80000000	135000000	695.77
81000000	135000000	426.697
82000000	135000000	472.46423
83000000	135000000	285.15756
84000000	135000000	352.94742
85000000	135000000	435.157
86000000	135000000	1042.4486
87000000	135000000	1191.6653
88000000	135000000	1507.4891
89000000	135000000	1083.8048
90000000	135000000	1127.6515
91000000	135000000	1344.2194
92000000	135000000	1884.0651
93000000	135000000	1920.3507
94000000	135000000	2491.5972
95000000	135000000	3198.41
96000000	135000000	3077.4614
97000000	135000000	2520.9897
98000000	135000000	2277.8687
99000000	135000000	2088.9207
100000000	135000000	2763.8804
101000000	135000000	2251.8513
102000000	135000000	1457.3569
103000000	135000000	939.45844
104000000	135000000	739.79517
105000000	135000000	489.73282
106000000	135000000	605.93475
107000000	135000000	880.7169
108000000	135000000	965.46533
109000000	135000000	948.6258
110000000	135000000	1209.081
111000000	135000000	1493.5793
112000000	135000000	1772.2356
113000000	135000000	1529.0623
114000000	135000000	1966.7311
115000000	135000000	2275.5059
116000000	135000000	2876.8115
117000000	135000000	2255.2617
118000000	135000000	1549.7402
119000000	135000000	1728.6927
120000000	135000000	1633.7377
121000000	135000000	1688.646
122000000	135000000	2134.8628
123000000	135000000	3991.8381
124000000	135000000	5218.102
125000000	135000000	4598.9062
126000000	135000000	3932.6326
127000000	135000000	5771.9673
128000000	135000000	6799.2026
129000000	135000000	9913.593
130000000	135000000	11159.854
131000000	135000000	15664.376
132000000	135000000	22090.266
133000000	135000000	51261.023
134000000	135000000	154727.0
135000000	135000000	553665.5
0	136000000	984.8062
1000000	136000000	579.4691
2000000	136000000	568.53644
3000000	136000000	442.18634
4000000	136000000	492.63995
5000000	136000000	636.52264
6000000	136000000	634.40656
7000000	136000000	255.57512
8000000	136000000	163.5771
9000000	136000000	153.62466
10000000	136000000	150.14673
11000000	136000000	108.210014
12000000	136000000	176.18466
13000000	136000000	162.4058
14000000	136000000	219.95462
15000000	136000000	336.3665
16000000	136000000	242.21848
17000000	136000000	185.79018
18000000	136000000	258.203
19000000	136000000	390.16962
20000000	136000000	409.09012
21000000	136000000	309.31573
22000000	136000000	190.70164
23000000	136000000	169.74547
24000000	136000000	144.96385
25000000	136000000	151.17119
26000000	136000000	229.15627
27000000	136000000	282.99774
28000000	136000000	179.72432
29000000	136000000	187.93944
30000000	136000000	159.66727
31000000	136000000	208.72235
32000000	136000000	368.69424
33000000	136000000	1267.0708
34000000	136000000	2122.4468
35000000	136000000	2459.2837
36000000	136000000	1436.7351
37000000	136000000	1003.025
38000000	136000000	626.3622
39000000	136000000	236.94107
40000000	136000000	279.05026
41000000	136000000	244.08702
42000000	136000000	NaN
43000000	136000000	151.23666
44000000	136000000	213.23903
45000000	136000000	312.37405
46000000	136000000	NaN
47000000	136000000	44.44951
65000000	136000000	NaN
66000000	136000000	385.26315
67000000	136000000	324.58765
68000000	136000000	387.9232
69000000	136000000	188.87454
70000000	136000000	450.92245
71000000	136000000	907.3629
72000000	136000000	700.22577
73000000	136000000	592.4181
74000000	136000000	578.24744
75000000	136000000	535.948
76000000	136000000	417.79343
77000000	136000000	540.8297
78000000	136000000	499.88434
79000000	136000000	782.7509
80000000	136000000	641.3583
81000000	136000000	394.5561
82000000	136000000	430.45044
83000000	136000000	269.91513
84000000	136000000	287.63416
85000000	136000000	406.46872
86000000	136000000	1072.2759
87000000	136000000	1042.5065
88000000	136000000	1338.4423
89000000	136000000	1043.8684
90000000	136000000	1085.0037
91000000	136000000	1358.6233
92000000	136000000	1798.4634
93000000	136000000	1650.7391
94000000	136000000	2002.7264
95000000	136000000	3007.3997
96000000	136000000	2880.1436
97000000	136000000	2180.8088
98000000	136000000	2102.2432
99000000	136000000	1902.1359
100000000	136000000	2582.6033
101000000	136000000	2072.4226
102000000	136000000	1319.494
103000000	136000000	881.2991
104000000	136000000	656.44226
105000000	136000000	467.42386
106000000	136000000	543.80194
107000000	136000000	758.9285
108000000	136000000	905.9749
109000000	136000000	897.48755
110000000	136000000	1096.0281
111000000	136000000	1383.1199
112000000	136000000	1633.9241
113000000	136000000	1438.403
114000000	136000000	1959.5934
115000000	136000000	2145.7341
116000000	136000000	2796.0342
117000000	136000000	2356.9417
118000000	136000000	1492.6754
119000000	136000000	1609.8986
120000000	136000000	1521.4244
121000000	136000000	1426.5477
122000000	136000000	1917.3964
123000000	136000000	3475.8735
124000000	136000000	4672.495
125000000	136000000	3869.383
126000000	136000000	3495.8057
127000000	136000000	5001.8
128000000	136000000	5618.2563
129000000	136000000	8516.877
130000000	136000000	11175.214
131000000	136000000	13672.272
132000000	136000000	16024.782
133000000	136000000	23705.854
134000000	136000000	27128.621
135000000	136000000	109750.805
136000000	136000000	599196.0
0	137000000	1202.1671
1000000	137000000	669.47473
2000000	137000000	613.51337
3000000	137000000	544.6592
4000000	137000000	510.15048
5000000	137000000	483.79813
6000000	137000000	492.45917
7000000	137000000	250.38173
8000000	137000000	186.84631
9000000	137000000	167.31302
10000000	137000000	168.77481
11000000	137000000	162.52919
12000000	137000000	189.57324
13000000	137000000	216.32596
14000000	137000000	289.7861
15000000	137000000	321.4055
16000000	137000000	298.72537
17000000	137000000	248.31694
18000000	137000000	339.04254
19000000	137000000	336.57315
20000000	137000000	376.5167
21000000	137000000	292.38568
22000000	137000000	188.89241
23000000	137000000	178.32802
24000000	137000000	178.17705
25000000	137000000	169.65657
26000000	137000000	233.75264
27000000	137000000	321.03918
28000000	137000000	222.32823
29000000	137000000	186.06282
30000000	137000000	237.5255
31000000	137000000	242.79741
32000000	137000000	411.59872
33000000	137000000	976.6535
34000000	137000000	1844.1077
35000000	137000000	1956.2192
36000000	137000000	1276.573
37000000	137000000	826.42285
38000000	137000000	718.2871
39000000	137000000	424.1969
40000000	137000000	291.4247
41000000	137000000	152.94662
42000000	137000000	NaN
43000000	137000000	263.23874
44000000	137000000	548.17255
45000000	137000000	260.98102
46000000	137000000	NaN
47000000	137000000	185.68248
65000000	137000000	NaN
66000000	137000000	472.93494
67000000	137000000	745.7592
68000000	137000000	464.7029
69000000	137000000	295.87524
70000000	137000000	385.29703
71000000	137000000	928.97736
72000000	137000000	983.2656
73000000	137000000	811.06946
74000000	137000000	617.32715
75000000	137000000	561.4055
76000000	137000000	503.19366
77000000	137000000	663.4043
78000000	137000000	908.17944
79000000	137000000	940.82294
80000000	137000000	876.7688
81000000	137000000	689.4476
82000000	137000000	659.5691
83000000	137000000	538.66187
84000000	137000000	575.99396
85000000	137000000	702.25995
86000000	137000000	1077.9777
87000000	137000000	1399.2794
88000000	137000000	1515.1613
89000000	137000000	1722.4193
90000000	137000000	1632.3402
91000000	137000000	2143.095
92000000	137000000	2079.5986
93000000	137000000	2227.3083
94000000	137000000	2560.8652
95000000	137000000	2647.083
96000000	137000000	3789.7236
97000000	137000000	2181.2607
98000000	137000000	2394.5837
99000000	137000000	2185.1345
100000000	137000000	2360.159
101000000	137000000	2687.2393
102000000	137000000	1186.2715
103000000	137000000	1194.241
104000000	137000000	907.943
105000000	137000000	662.7551
106000000	137000000	759.0857
107000000	137000000	973.4192
108000000	137000000	1034.2015
109000000	137000000	1152.6731
110000000	137000000	1700.2703
111000000	137000000	1782.8481
112000000	137000000	1954.1758
113000000	137000000	1513.6809
114000000	137000000	1579.2655
115000000	137000000	2234.1074
116000000	137000000	3746.2476
117000000	137000000	2929.38
118000000	137000000	2367.5908
119000000	137000000	2500.4165
120000000	137000000	2494.1907
121000000	137000000	2355.975
122000000	137000000	3534.4946
123000000	137000000	3438.9954
124000000	137000000	6246.498
125000000	137000000	4536.9854
126000000	137000000	3453.2856
127000000	137000000	4463.6836
128000000	137000000	6179.3105
129000000	137000000	9031.608
130000000	137000000	6616.7886
131000000	137000000	7017.6904
132000000	137000000	12352.086
133000000	137000000	20663.654
134000000	137000000	19143.6
135000000	137000000	35229.805
136000000	137000000	110814.87
137000000	137000000	554917.6
0	138000000	1286.9897
1000000	138000000	724.1126
2000000	138000000	627.7416
3000000	138000000	510.947
4000000	138000000	491.56415
5000000	138000000	460.47064
6000000	138000000	498.44394
7000000	138000000	261.77396
8000000	138000000	223.31892
9000000	138000000	182.67888
10000000	138000000	182.30206
11000000	138000000	155.99785
12000000	138000000	218.52304
13000000	138000000	226.86293
14000000	138000000	270.01132
15000000	138000000	322.65906
16000000	138000000	301.6183
17000000	138000000	282.74893
18000000	138000000	307.67896
19000000	138000000	389.19983
20000000	138000000	370.5899
21000000	138000000	288.46115
22000000	138000000	232.44133
23000000	138000000	205.7055
24000000	138000000	193.91704
25000000	138000000	189.00665
26000000	138000000	266.535
27000000	138000000	333.24377
28000000	138000000	224.60454
29000000	138000000	209.65198
30000000	138000000	219.24483
31000000	138000000	244.3308
32000000	138000000	436.78644
33000000	138000000	1059.776
34000000	138000000	2079.9495
35000000	138000000	2235.4133
36000000	138000000	1326.0844
37000000	138000000	784.98676
38000000	138000000	676.0989
39000000	138000000	394.81238
40000000	138000000	147.9477
41000000	138000000	414.1145
42000000	138000000	NaN
43000000	138000000	240.5493
44000000	138000000	339.1671
45000000	138000000	529.9693
46000000	138000000	NaN
47000000	138000000	141.39824
65000000	138000000	NaN
66000000	138000000	501.69116
67000000	138000000	206.50902
68000000	138000000	393.19315
69000000	138000000	322.6671
70000000	138000000	173.87012
71000000	138000000	866.14124
72000000	138000000	1052.805
73000000	138000000	754.73303
74000000	138000000	642.04596
75000000	138000000	615.5163
76000000	138000000	554.324
77000000	138000000	710.9084
78000000	138000000	827.1754
79000000	138000000	947.3284
80000000	138000000	929.93146
81000000	138000000	763.8285
82000000	138000000	643.4985
83000000	138000000	513.3219
84000000	138000000	621.06744
85000000	138000000	747.701
86000000	138000000	1118.9071
87000000	138000000	1392.4199
88000000	138000000	1491.2349
89000000	138000000	1760.8044
90000000	138000000	1790.1921
91000000	138000000	2186.7512
92000000	138000000	1976.286
93000000	138000000	2248.793
94000000	138000000	2725.4314
95000000	138000000	2671.198
96000000	138000000	3936.5857
97000000	138000000	2251.9937
98000000	138000000	2423.0513
99000000	138000000	2203.141
100000000	138000000	2350.4688
101000000	138000000	2668.519
102000000	138000000	1176.9772
103000000	138000000	1177.3638
104000000	138000000	970.39105
105000000	138000000	691.64923
106000000	138000000	812.7292
107000000	138000000	908.9531
108000000	138000000	1050.0669
109000000	138000000	1125.4963
110000000	138000000	1773.3031
111000000	138000000	1909.973
112000000	138000000	1986.1511
113000000	138000000	1466.0577
114000000	138000000	1582.0269
115000000	138000000	2246.2014
116000000	138000000	3772.3757
117000000	138000000	2836.2327
118000000	138000000	2512.2117
119000000	138000000	2595.0603
120000000	138000000	2534.159
121000000	138000000	2396.138
122000000	138000000	3556.7695
123000000	138000000	3342.8423
124000000	138000000	6172.281
125000000	138000000	4382.316
126000000	138000000	3231.5808
127000000	138000000	4249.202
128000000	138000000	5886.1885
129000000	138000000	8884.859
130000000	138000000	7113.9688
131000000	138000000	7833.7065
132000000	138000000	12169.104
133000000	138000000	20507.236
134000000	138000000	18146.676
135000000	138000000	32708.764
136000000	138000000	63000.668
137000000	138000000	185350.52
138000000	138000000	512968.2
0	139000000	830.21783
1000000	139000000	528.7952
2000000	139000000	453.87872
3000000	139000000	384.9986
4000000	139000000	515.99005
5000000	139000000	764.9531
6000000	139000000	800.3888
7000000	139000000	223.29614
8000000	139000000	140.20184
9000000	139000000	161.6747
10000000	139000000	101.32228
11000000	139000000	101.970604
12000000	139000000	121.01799
13000000	139000000	153.20244
14000000	139000000	178.33577
15000000	139000000	310.48016
16000000	139000000	246.52567
17000000	139000000	157.10635
18000000	139000000	173.48427
19000000	139000000	400.77066
20000000	139000000	444.46463
21000000	139000000	299.3281
22000000	139000000	150.40155
23000000	139000000	155.73766
24000000	139000000	128.90874
25000000	139000000	125.30146
26000000	139000000	182.20337
27000000	139000000	241.20097
28000000	139000000	123.66977
29000000	139000000	155.13441
30000000	139000000	164.03534
31000000	139000000	194.39786
32000000	139000000	306.43164
33000000	139000000	1298.0914
34000000	139000000	1850.4943
35000000	139000000	2312.6353
36000000	139000000	1446.3046
37000000	139000000	1109.6487
38000000	139000000	509.8661
39000000	139000000	268.53824
40000000	139000000	316.26288
41000000	139000000	276.63715
43000000	139000000	85.702385
44000000	139000000	120.837715
45000000	139000000	495.64282
46000000	139000000	NaN
65000000	139000000	NaN
66000000	139000000	428.97943
67000000	139000000	147.14917
68000000	139000000	374.99945
69000000	139000000	118.92324
70000000	139000000	185.8382
71000000	139000000	712.7814
72000000	139000000	475.79288
73000000	139000000	376.38715
74000000	139000000	507.81775
75000000	139000000	429.4141
76000000	139000000	264.11758
77000000	139000000	387.17517
78000000	139000000	315.68744
79000000	139000000	540.5842
80000000	139000000	432.41776
81000000	139000000	265.96503
82000000	139000000	362.89062
83000000	139000000	187.01353
84000000	139000000	242.07288
85000000	139000000	299.43756
86000000	139000000	831.76526
87000000	139000000	718.6376
88000000	139000000	1041.0648
89000000	139000000	567.6705
90000000	139000000	832.39526
91000000	139000000	870.71643
92000000	139000000	1384.4203
93000000	139000000	1020.76605
94000000	139000000	1302.0745
95000000	139000000	2509.3918
96000000	139000000	1826.7675
97000000	139000000	1620.9005
98000000	139000000	1359.9863
99000000	139000000	1361.7598
100000000	139000000	2110.1494
101000000	139000000	1123.7015
102000000	139000000	1152.3657
103000000	139000000	588.76086
104000000	139000000	437.81235
105000000	139000000	332.26572
106000000	139000000	379.74075
107000000	139000000	580.7901
108000000	139000000	735.7799
109000000	139000000	684.10785
110000000	139000000	727.21497
111000000	139000000	943.74646
112000000	139000000	1180.9502
113000000	139000000	1261.4165
114000000	139000000	1799.5216
115000000	139000000	1715.8021
116000000	139000000	1886.6561
117000000	139000000	1669.5316
118000000	139000000	937.42554
119000000	139000000	1054.3811
120000000	139000000	932.3322
121000000	139000000	901.317
122000000	139000000	1062.9054
123000000	139000000	2782.5776
124000000	139000000	2639.0027
125000000	139000000	2651.0793
126000000	139000000	2807.2554
127000000	139000000	3810.6814
128000000	139000000	3741.2874
129000000	139000000	5148.075
130000000	139000000	11286.302
131000000	139000000	14893.84
132000000	139000000	10269.16
133000000	139000000	9228.175
134000000	139000000	10250.039
135000000	139000000	16077.505
136000000	139000000	32457.477
137000000	139000000	29215.475
138000000	139000000	106618.51
139000000	139000000	681805.44
0	140000000	2058.3438
1000000	140000000	1124.8403
2000000	140000000	792.3163
3000000	140000000	674.5986
4000000	140000000	714.3766
5000000	140000000	957.30334
6000000	140000000	941.29694
7000000	140000000	325.05872
8000000	140000000	219.9995
9000000	140000000	230.1676
10000000	140000000	205.53343
11000000	140000000	179.7092
12000000	140000000	196.12132
13000000	140000000	203.98412
14000000	140000000	302.48898
15000000	140000000	491.81915
16000000	140000000	389.67285
17000000	140000000	278.2922
18000000	140000000	302.55536
19000000	140000000	531.875
20000000	140000000	576.5453
21000000	140000000	380.99005
22000000	140000000	278.83493
23000000	140000000	242.68065
24000000	140000000	222.99141
25000000	140000000	188.81606
26000000	140000000	298.2802
27000000	140000000	354.81894
28000000	140000000	245.32057
29000000	140000000	219.60323
30000000	140000000	233.45148
31000000	140000000	290.8515
32000000	140000000	462.41806
33000000	140000000	1360.6334
34000000	140000000	2014.481
35000000	140000000	2530.228
36000000	140000000	1509.6053
37000000	140000000	1153.7788
38000000	140000000	701.4226
39000000	140000000	331.08444
40000000	140000000	227.45613
41000000	140000000	212.22115
42000000	140000000	NaN
43000000	140000000	246.54846
44000000	140000000	267.40442
45000000	140000000	339.49152
46000000	140000000	NaN
47000000	140000000	96.61642
65000000	140000000	NaN
66000000	140000000	683.15546
67000000	140000000	423.31845
68000000	140000000	582.79877
69000000	140000000	433.34967
70000000	140000000	490.0674
71000000	140000000	1065.8871
72000000	140000000	779.61743
73000000	140000000	573.3523
74000000	140000000	729.6221
75000000	140000000	631.74677
76000000	140000000	416.41403
77000000	140000000	604.3
78000000	140000000	602.74316
79000000	140000000	940.89124
80000000	140000000	825.0792
81000000	140000000	515.6905
82000000	140000000	570.39307
83000000	140000000	422.7993
84000000	140000000	502.43597
85000000	140000000	556.0346
86000000	140000000	1218.5885
87000000	140000000	1167.3871
88000000	140000000	1505.5244
89000000	140000000	1011.067
90000000	140000000	1270.2108
91000000	140000000	1409.4857
92000000	140000000	1653.7534
93000000	140000000	1560.8005
94000000	140000000	1845.725
95000000	140000000	2774.5652
96000000	140000000	2494.405
97000000	140000000	1934.6415
98000000	140000000	2015.132
99000000	140000000	2170.1572
100000000	140000000	2475.3735
101000000	140000000	1672.3695
102000000	140000000	1466.0265
103000000	140000000	966.8242
104000000	140000000	743.075
105000000	140000000	564.3037
106000000	140000000	654.99713
107000000	140000000	957.9006
108000000	140000000	1122.0708
109000000	140000000	1061.6088
110000000	140000000	1179.3423
111000000	140000000	1367.8641
112000000	140000000	1727.3302
113000000	140000000	1987.8326
114000000	140000000	2276.3813
115000000	140000000	2450.3713
116000000	140000000	2555.5386
117000000	140000000	2201.4194
118000000	140000000	1357.4906
119000000	140000000	1620.6134
120000000	140000000	1298.6796
121000000	140000000	1333.0242
122000000	140000000	1668.2532
123000000	140000000	3152.9775
124000000	140000000	3094.9395
125000000	140000000	3135.8186
126000000	140000000	2845.975
127000000	140000000	3538.8887
128000000	140000000	3673.8396
129000000	140000000	4758.1987
130000000	140000000	7350.615
131000000	140000000	8431.93
132000000	140000000	6786.8037
133000000	140000000	6617.02
134000000	140000000	6940.653
135000000	140000000	10156.455
136000000	140000000	16281.59
137000000	140000000	16656.94
138000000	140000000	26875.668
139000000	140000000	127249.09
140000000	140000000	643577.44
0	141000000	1910.2985
1000000	141000000	744.21686
2000000	141000000	454.13922
3000000	141000000	485.69913
4000000	141000000	355.7734
5000000	141000000	319.5188
6000000	141000000	380.63672
7000000	141000000	280.92386
8000000	141000000	187.745
9000000	141000000	94.03847
10000000	141000000	196.4478
11000000	141000000	148.85109
12000000	141000000	183.01503
13000000	141000000	190.49327
14000000	141000000	176.06914
15000000	141000000	265.33563
16000000	141000000	273.12805
17000000	141000000	153.20868
18000000	141000000	298.6039
19000000	141000000	191.79869
20000000	141000000	243.21062
21000000	141000000	262.16562
22000000	141000000	192.55167
23000000	141000000	111.32841
24000000	141000000	163.82198
25000000	141000000	207.17152
26000000	141000000	173.98291
27000000	141000000	196.11143
28000000	141000000	183.35812
29000000	141000000	146.29823
30000000	141000000	98.44047
31000000	141000000	126.50047
32000000	141000000	228.28342
33000000	141000000	620.12067
34000000	141000000	801.6167
35000000	141000000	1078.8732
36000000	141000000	723.9795
37000000	141000000	431.94785
38000000	141000000	466.03036
39000000	141000000	207.19862
41000000	141000000	1195.3064
44000000	141000000	702.85535
45000000	141000000	764.8558
66000000	141000000	661.9835
68000000	141000000	279.3646
71000000	141000000	612.9409
72000000	141000000	698.5822
73000000	141000000	455.28232
74000000	141000000	305.77988
75000000	141000000	455.9288
76000000	141000000	411.2473
77000000	141000000	528.91046
78000000	141000000	405.96332
79000000	141000000	622.3868
80000000	141000000	668.65405
81000000	141000000	368.33136
82000000	141000000	421.15552
83000000	141000000	334.4605
84000000	141000000	418.38382
85000000	141000000	475.9886
86000000	141000000	690.4414
87000000	141000000	826.1966
88000000	141000000	1022.3365
89000000	141000000	902.31244
90000000	141000000	807.52264
91000000	141000000	1173.4749
92000000	141000000	847.209
93000000	141000000	904.51196
94000000	141000000	1073.7439
95000000	141000000	1366.1001
96000000	141000000	1734.2711
97000000	141000000	927.57385
98000000	141000000	1102.0215
99000000	141000000	1306.6086
100000000	141000000	1260.5388
101000000	141000000	1308.1432
102000000	141000000	686.31213
103000000	141000000	680.6881
104000000	141000000	786.421
105000000	141000000	504.5021
106000000	141000000	498.00674
107000000	141000000	544.2989
108000000	141000000	647.47406
109000000	141000000	1035.8684
110000000	141000000	1004.1481
111000000	141000000	926.7688
112000000	141000000	906.8058
113000000	141000000	1010.39996
114000000	141000000	933.5173
115000000	141000000	1271.5283
116000000	141000000	1786.2225
117000000	141000000	1507.4766
118000000	141000000	1168.4052
119000000	141000000	1333.9106
120000000	141000000	1151.8335
121000000	141000000	1322.9067
122000000	141000000	1503.7714
123000000	141000000	1576.6886
124000000	141000000	2169.0823
125000000	141000000	1798.9143
126000000	141000000	1295.2391
127000000	141000000	1609.5645
128000000	141000000	2046.9333
129000000	141000000	2309.014
130000000	141000000	2276.3079
131000000	141000000	2152.6685
132000000	141000000	2771.5808
133000000	141000000	4186.244
134000000	141000000	3452.4316
135000000	141000000	5044.7705
136000000	141000000	6964.9556
137000000	141000000	10928.596
138000000	141000000	15188.16
139000000	141000000	12461.286
140000000	141000000	155083.58
141000000	141000000	856883.56
